fixture_id,comparison,alpha,output_index,top1_agreement,vocabulary_js,target_logp_abs_difference,logit_cosine,max_abs_logit_difference
G12_1_FIXTURE_00,E0_vs_E1,NO_HOOK,0,1,0.00012443162907346632,0.0008889884093079559,0.9999684314950189,0.1875
G12_1_FIXTURE_00,E0_vs_E1,NO_HOOK,1,1,0.00011052242557263277,0.04346444281305217,0.9999792462829014,0.125
G12_1_FIXTURE_00,E1_vs_E2,NO_HOOK,0,1,5.0264864145403175e-08,7.362801714094758e-06,0.999999990236155,0.0625
G12_1_FIXTURE_00,E1_vs_E2,NO_HOOK,1,1,0.0001190271028387435,0.003160159718111899,0.9999775556361151,0.1328125
G12_1_FIXTURE_00,E0_vs_E1,0,0,1,0.00012443162907346632,0.0008889884093079559,0.9999684314950189,0.1875
G12_1_FIXTURE_00,E0_vs_E1,0,1,1,0.00011052242557263277,0.04346444281305217,0.9999792462829014,0.125
G12_1_FIXTURE_00,E1_vs_E2,0,0,1,5.0264864145403175e-08,7.362801714094758e-06,0.999999990236155,0.0625
G12_1_FIXTURE_00,E1_vs_E2,0,1,1,0.0001190271028387435,0.003160159718111899,0.9999775556361151,0.1328125
G12_1_FIXTURE_00,E0_NOHOOK_vs_ALPHA0,0,0,1,0.0,0.0,1.0,0.0
G12_1_FIXTURE_00,E0_NOHOOK_vs_ALPHA0,0,1,1,0.0,0.0,0.9999999999999998,0.0
G12_1_FIXTURE_00,E1_NOHOOK_vs_ALPHA0,0,0,1,0.0,0.0,1.0000000000000002,0.0
G12_1_FIXTURE_00,E1_NOHOOK_vs_ALPHA0,0,1,1,0.0,0.0,1.0,0.0
G12_1_FIXTURE_00,E2_NOHOOK_vs_ALPHA0,0,0,1,0.0,0.0,1.0,0.0
G12_1_FIXTURE_00,E2_NOHOOK_vs_ALPHA0,0,1,1,0.0,0.0,0.9999999999999998,0.0
G12_1_FIXTURE_00,E0_vs_E1,0.01,0,1,0.00012068229231239263,0.0059657623184392605,0.9999679255211594,0.15625
G12_1_FIXTURE_00,E0_vs_E1,0.01,1,1,0.0001237708238355996,0.02572683191369407,0.9999796467513394,0.125
G12_1_FIXTURE_00,E1_vs_E2,0.01,0,1,4.6450482436578243e-07,6.016283495924313e-05,0.9999999884402714,0.0625
G12_1_FIXTURE_00,E1_vs_E2,0.01,1,1,7.835061284619597e-05,0.009388274333948843,0.9999866428741038,0.125
G12_1_FIXTURE_00,E0_vs_E1,0.1,0,1,0.0004425506918170531,0.034110988624206584,0.9999470207350941,0.203125
G12_1_FIXTURE_00,E0_vs_E1,0.1,1,1,0.00016811361754330014,0.05157208278355441,0.9999613045148421,0.1484375
G12_1_FIXTURE_00,E1_vs_E2,0.1,0,1,3.216059657242818e-08,4.597642089265719e-06,0.9999999901612896,0.0625
G12_1_FIXTURE_00,E1_vs_E2,0.1,1,1,0.0001410656955343558,0.010722663147777922,0.9999781339937541,0.125
G12_1_FIXTURE_00,E0_vs_E1,97.8516893058,0,1,0.00017743680869654495,0.010288429699954804,0.9999706509577735,0.15625
G12_1_FIXTURE_00,E0_vs_E1,97.8516893058,1,1,0.00015142840452525455,0.017227429151178697,0.9999786274677157,0.125
G12_1_FIXTURE_00,E1_vs_E2,97.8516893058,0,1,3.891159970533574e-08,6.177263355056084e-06,0.9999999866361154,0.0625
G12_1_FIXTURE_00,E1_vs_E2,97.8516893058,1,1,0.00017612357079389642,0.005950076302381646,0.9999768606899244,0.125
G12_1_FIXTURE_01,E0_vs_E1,NO_HOOK,0,1,0.00012936390740106405,0.008607722898288372,0.999987228088313,0.171875
G12_1_FIXTURE_01,E0_vs_E1,NO_HOOK,1,1,5.740387352286711e-05,0.005316608962107949,0.999991738618082,0.09375
G12_1_FIXTURE_01,E0_vs_E1,NO_HOOK,2,1,6.975404755370674e-05,0.0013938812611939966,0.9999903378144083,0.09375
G12_1_FIXTURE_01,E1_vs_E2,NO_HOOK,0,1,0.00011297930945735598,0.01039766126463526,0.9999896392997081,0.1328125
G12_1_FIXTURE_01,E1_vs_E2,NO_HOOK,1,1,0.00011178812353730016,0.006304070906610448,0.9999771714531609,0.15625
G12_1_FIXTURE_01,E1_vs_E2,NO_HOOK,2,1,9.67533412086638e-05,0.02965062318097189,0.999988591760778,0.109375
G12_1_FIXTURE_01,E0_vs_E1,0,0,1,0.00012936390740106405,0.008607722898288372,0.999987228088313,0.171875
G12_1_FIXTURE_01,E0_vs_E1,0,1,1,5.740387352286711e-05,0.005316608962107949,0.999991738618082,0.09375
G12_1_FIXTURE_01,E0_vs_E1,0,2,1,6.975404755370674e-05,0.0013938812611939966,0.9999903378144083,0.09375
G12_1_FIXTURE_01,E1_vs_E2,0,0,1,0.00011297930945735598,0.01039766126463526,0.9999896392997081,0.1328125
G12_1_FIXTURE_01,E1_vs_E2,0,1,1,0.00011178812353730016,0.006304070906610448,0.9999771714531609,0.15625
G12_1_FIXTURE_01,E1_vs_E2,0,2,1,9.67533412086638e-05,0.02965062318097189,0.999988591760778,0.109375
G12_1_FIXTURE_01,E0_NOHOOK_vs_ALPHA0,0,0,1,0.0,0.0,1.0000000000000002,0.0
G12_1_FIXTURE_01,E0_NOHOOK_vs_ALPHA0,0,1,1,0.0,0.0,0.9999999999999999,0.0
G12_1_FIXTURE_01,E0_NOHOOK_vs_ALPHA0,0,2,1,0.0,0.0,1.0,0.0
G12_1_FIXTURE_01,E1_NOHOOK_vs_ALPHA0,0,0,1,0.0,0.0,0.9999999999999998,0.0
G12_1_FIXTURE_01,E1_NOHOOK_vs_ALPHA0,0,1,1,0.0,0.0,1.0000000000000002,0.0
G12_1_FIXTURE_01,E1_NOHOOK_vs_ALPHA0,0,2,1,0.0,0.0,0.9999999999999999,0.0
G12_1_FIXTURE_01,E2_NOHOOK_vs_ALPHA0,0,0,1,0.0,0.0,0.9999999999999998,0.0
G12_1_FIXTURE_01,E2_NOHOOK_vs_ALPHA0,0,1,1,0.0,0.0,1.0,0.0
G12_1_FIXTURE_01,E2_NOHOOK_vs_ALPHA0,0,2,1,0.0,0.0,0.9999999999999999,0.0
G12_1_FIXTURE_01,E0_vs_E1,0.01,0,1,0.0001122272547450063,0.02485126474949695,0.9999905039968174,0.125
G12_1_FIXTURE_01,E0_vs_E1,0.01,1,1,9.506694688386839e-05,0.0031676771785651425,0.9999902597489123,0.125
G12_1_FIXTURE_01,E0_vs_E1,0.01,2,1,9.100433842554979e-05,0.012007921364384444,0.9999854747132927,0.125
G12_1_FIXTURE_01,E1_vs_E2,0.01,0,1,0.00018484222237441928,0.005301989233124971,0.999991024136111,0.125
G12_1_FIXTURE_01,E1_vs_E2,0.01,1,1,0.00016049271327466867,0.004827362445702477,0.9999860418968847,0.15625
G12_1_FIXTURE_01,E1_vs_E2,0.01,2,1,0.0001043274165025456,0.012836358117192859,0.9999844856008053,0.125
G12_1_FIXTURE_01,E0_vs_E1,0.1,0,1,0.00010658559751238068,0.005670939009501552,0.9999882983060474,0.15625
G12_1_FIXTURE_01,E0_vs_E1,0.1,1,1,0.00011311002079122682,0.012524023248598581,0.9999881827169397,0.125
G12_1_FIXTURE_01,E0_vs_E1,0.1,2,1,0.00010719212748253829,0.006653217859478033,0.9999895588836835,0.09375
G12_1_FIXTURE_01,E1_vs_E2,0.1,0,1,0.00017121418307305226,0.019426898304713447,0.9999897426556847,0.125
G12_1_FIXTURE_01,E1_vs_E2,0.1,1,1,0.00012875510812356336,0.018146327288647512,0.9999789853964995,0.234375
G12_1_FIXTURE_01,E1_vs_E2,0.1,2,1,0.00014967656651441433,0.03772678235573146,0.9999874416056724,0.125
G12_1_FIXTURE_01,E0_vs_E1,97.8516893058,0,1,0.00012160485650717143,0.004249304425337996,0.9999881147887063,0.1484375
G12_1_FIXTURE_01,E0_vs_E1,97.8516893058,1,1,0.0001904178134949973,0.030846808567298822,0.9999887675387913,0.125
G12_1_FIXTURE_01,E0_vs_E1,97.8516893058,2,1,0.00011332917945576623,0.0013083679517027491,0.9999845984454812,0.1875
G12_1_FIXTURE_01,E1_vs_E2,97.8516893058,0,1,0.00012656390248042744,0.019537419009896695,0.9999876125683418,0.1875
G12_1_FIXTURE_01,E1_vs_E2,97.8516893058,1,1,0.000142821730120109,0.02421152432160234,0.9999773520173765,0.21875
G12_1_FIXTURE_01,E1_vs_E2,97.8516893058,2,1,0.00011442774092735902,0.015460393740671208,0.9999804140493302,0.140625
G12_1_FIXTURE_02,E0_vs_E1,NO_HOOK,0,1,0.00021828299044713173,0.05946410142695946,0.9999862025167402,0.1875
G12_1_FIXTURE_02,E0_vs_E1,NO_HOOK,1,1,0.00016307178018307934,0.05398643392134872,0.9999765761801462,0.1875
G12_1_FIXTURE_02,E0_vs_E1,NO_HOOK,2,1,0.00030101349909271896,0.0004539687388529501,0.9999885989144481,0.25
G12_1_FIXTURE_02,E0_vs_E1,NO_HOOK,3,1,0.00023938874487927,0.04979789851840799,0.9999498091251211,0.15625
G12_1_FIXTURE_02,E0_vs_E1,NO_HOOK,4,1,0.00016346975396882419,0.043860176878812496,0.9999785557175159,0.1875
G12_1_FIXTURE_02,E0_vs_E1,NO_HOOK,5,1,0.0001374505977306852,0.01871250351364573,0.9999797699694416,0.15625
G12_1_FIXTURE_02,E0_vs_E1,NO_HOOK,6,1,0.00018296183726263532,0.13883962123059135,0.9999722738975104,0.25
G12_1_FIXTURE_02,E0_vs_E1,NO_HOOK,7,1,0.00017780745522338534,0.0903557620296116,0.9999378642400532,0.1875
G12_1_FIXTURE_02,E0_vs_E1,NO_HOOK,8,1,0.00019156966343845087,0.00842802146871513,0.999972779017158,0.25
G12_1_FIXTURE_02,E1_vs_E2,NO_HOOK,0,1,0.00011928671693938126,0.007120182308366196,0.9999877073235556,0.140625
G12_1_FIXTURE_02,E1_vs_E2,NO_HOOK,1,1,0.00018317080466401838,0.0018760750532624826,0.99997689067373,0.1875
G12_1_FIXTURE_02,E1_vs_E2,NO_HOOK,2,1,0.0003167701450356591,0.041211853175790125,0.9999816408714098,0.25
G12_1_FIXTURE_02,E1_vs_E2,NO_HOOK,3,1,0.00047060245082355154,0.05142404244797305,0.9999324703118274,0.1875
G12_1_FIXTURE_02,E1_vs_E2,NO_HOOK,4,1,0.00019328873221694605,0.06023140551787698,0.9999846087948981,0.1875
G12_1_FIXTURE_02,E1_vs_E2,NO_HOOK,5,1,0.00010823974551972823,0.005911077651969521,0.9999812528348888,0.138671875
G12_1_FIXTURE_02,E1_vs_E2,NO_HOOK,6,1,0.0003281303575021657,0.10691388969123139,0.9999746845751362,0.125
G12_1_FIXTURE_02,E1_vs_E2,NO_HOOK,7,1,0.00013416717196594396,0.03024852069025208,0.9999503777461616,0.15625
G12_1_FIXTURE_02,E1_vs_E2,NO_HOOK,8,1,0.00012788443965337868,0.011407894106442384,0.9999812232793188,0.1875
G12_1_FIXTURE_02,E0_vs_E1,0,0,1,0.00021828299044713173,0.05946410142695946,0.9999862025167402,0.1875
G12_1_FIXTURE_02,E0_vs_E1,0,1,1,0.00016307178018307934,0.05398643392134872,0.9999765761801462,0.1875
G12_1_FIXTURE_02,E0_vs_E1,0,2,1,0.00030101349909271896,0.0004539687388529501,0.9999885989144481,0.25
G12_1_FIXTURE_02,E0_vs_E1,0,3,1,0.00023938874487927,0.04979789851840799,0.9999498091251211,0.15625
G12_1_FIXTURE_02,E0_vs_E1,0,4,1,0.00016346975396882419,0.043860176878812496,0.9999785557175159,0.1875
G12_1_FIXTURE_02,E0_vs_E1,0,5,1,0.0001374505977306852,0.01871250351364573,0.9999797699694416,0.15625
G12_1_FIXTURE_02,E0_vs_E1,0,6,1,0.00018296183726263532,0.13883962123059135,0.9999722738975104,0.25
G12_1_FIXTURE_02,E0_vs_E1,0,7,1,0.00017780745522338534,0.0903557620296116,0.9999378642400532,0.1875
G12_1_FIXTURE_02,E0_vs_E1,0,8,1,0.00019156966343845087,0.00842802146871513,0.999972779017158,0.25
G12_1_FIXTURE_02,E1_vs_E2,0,0,1,0.00011928671693938126,0.007120182308366196,0.9999877073235556,0.140625
G12_1_FIXTURE_02,E1_vs_E2,0,1,1,0.00018317080466401838,0.0018760750532624826,0.99997689067373,0.1875
G12_1_FIXTURE_02,E1_vs_E2,0,2,1,0.0003167701450356591,0.041211853175790125,0.9999816408714098,0.25
G12_1_FIXTURE_02,E1_vs_E2,0,3,1,0.00047060245082355154,0.05142404244797305,0.9999324703118274,0.1875
G12_1_FIXTURE_02,E1_vs_E2,0,4,1,0.00019328873221694605,0.06023140551787698,0.9999846087948981,0.1875
G12_1_FIXTURE_02,E1_vs_E2,0,5,1,0.00010823974551972823,0.005911077651969521,0.9999812528348888,0.138671875
G12_1_FIXTURE_02,E1_vs_E2,0,6,1,0.0003281303575021657,0.10691388969123139,0.9999746845751362,0.125
G12_1_FIXTURE_02,E1_vs_E2,0,7,1,0.00013416717196594396,0.03024852069025208,0.9999503777461616,0.15625
G12_1_FIXTURE_02,E1_vs_E2,0,8,1,0.00012788443965337868,0.011407894106442384,0.9999812232793188,0.1875
G12_1_FIXTURE_02,E0_NOHOOK_vs_ALPHA0,0,0,1,0.0,0.0,0.9999999999999998,0.0
G12_1_FIXTURE_02,E0_NOHOOK_vs_ALPHA0,0,1,1,0.0,0.0,1.0000000000000002,0.0
G12_1_FIXTURE_02,E0_NOHOOK_vs_ALPHA0,0,2,1,0.0,0.0,1.0,0.0
G12_1_FIXTURE_02,E0_NOHOOK_vs_ALPHA0,0,3,1,0.0,0.0,0.9999999999999999,0.0
G12_1_FIXTURE_02,E0_NOHOOK_vs_ALPHA0,0,4,1,0.0,0.0,1.0,0.0
G12_1_FIXTURE_02,E0_NOHOOK_vs_ALPHA0,0,5,1,0.0,0.0,0.9999999999999999,0.0
G12_1_FIXTURE_02,E0_NOHOOK_vs_ALPHA0,0,6,1,0.0,0.0,1.0000000000000002,0.0
G12_1_FIXTURE_02,E0_NOHOOK_vs_ALPHA0,0,7,1,0.0,0.0,0.9999999999999998,0.0
G12_1_FIXTURE_02,E0_NOHOOK_vs_ALPHA0,0,8,1,0.0,0.0,1.0,0.0
G12_1_FIXTURE_02,E1_NOHOOK_vs_ALPHA0,0,0,1,0.0,0.0,0.9999999999999998,0.0
G12_1_FIXTURE_02,E1_NOHOOK_vs_ALPHA0,0,1,1,0.0,0.0,1.0000000000000002,0.0
G12_1_FIXTURE_02,E1_NOHOOK_vs_ALPHA0,0,2,1,0.0,0.0,0.9999999999999999,0.0
G12_1_FIXTURE_02,E1_NOHOOK_vs_ALPHA0,0,3,1,0.0,0.0,0.9999999999999999,0.0
G12_1_FIXTURE_02,E1_NOHOOK_vs_ALPHA0,0,4,1,0.0,0.0,1.0,0.0
G12_1_FIXTURE_02,E1_NOHOOK_vs_ALPHA0,0,5,1,0.0,0.0,1.0,0.0
G12_1_FIXTURE_02,E1_NOHOOK_vs_ALPHA0,0,6,1,0.0,0.0,1.0,0.0
G12_1_FIXTURE_02,E1_NOHOOK_vs_ALPHA0,0,7,1,0.0,0.0,0.9999999999999998,0.0
G12_1_FIXTURE_02,E1_NOHOOK_vs_ALPHA0,0,8,1,0.0,0.0,1.0,0.0
G12_1_FIXTURE_02,E2_NOHOOK_vs_ALPHA0,0,0,1,0.0,0.0,1.0000000000000002,0.0
G12_1_FIXTURE_02,E2_NOHOOK_vs_ALPHA0,0,1,1,0.0,0.0,1.0,0.0
G12_1_FIXTURE_02,E2_NOHOOK_vs_ALPHA0,0,2,1,0.0,0.0,0.9999999999999999,0.0
G12_1_FIXTURE_02,E2_NOHOOK_vs_ALPHA0,0,3,1,0.0,0.0,1.0,0.0
G12_1_FIXTURE_02,E2_NOHOOK_vs_ALPHA0,0,4,1,0.0,0.0,1.0000000000000002,0.0
G12_1_FIXTURE_02,E2_NOHOOK_vs_ALPHA0,0,5,1,0.0,0.0,0.9999999999999999,0.0
G12_1_FIXTURE_02,E2_NOHOOK_vs_ALPHA0,0,6,1,0.0,0.0,1.0000000000000002,0.0
G12_1_FIXTURE_02,E2_NOHOOK_vs_ALPHA0,0,7,1,0.0,0.0,1.0,0.0
G12_1_FIXTURE_02,E2_NOHOOK_vs_ALPHA0,0,8,1,0.0,0.0,1.0000000000000002,0.0
G12_1_FIXTURE_02,E0_vs_E1,0.01,0,1,0.0001638780634651529,0.038350889856582526,0.9999872002144151,0.1875
G12_1_FIXTURE_02,E0_vs_E1,0.01,1,1,0.0001512448905351532,0.08154775787422253,0.9999765553742012,0.1875
G12_1_FIXTURE_02,E0_vs_E1,0.01,2,1,0.00013484482780931316,0.022924000382568366,0.9999878649780308,0.25
G12_1_FIXTURE_02,E0_vs_E1,0.01,3,1,0.00035809791878975124,0.07848719417924599,0.9999280265068454,0.1875
G12_1_FIXTURE_02,E0_vs_E1,0.01,4,1,0.00021909469807020188,0.0555597085808035,0.9999779993061492,0.125
G12_1_FIXTURE_02,E0_vs_E1,0.01,5,1,0.00020424338496234044,0.0042928829319848205,0.9999757482958691,0.1875
G12_1_FIXTURE_02,E0_vs_E1,0.01,6,1,0.0002840290377994981,0.10358355445162104,0.9999774357052784,0.125
G12_1_FIXTURE_02,E0_vs_E1,0.01,7,0,0.00019981976137996565,0.04047585052965985,0.9999325566183761,0.140625
G12_1_FIXTURE_02,E0_vs_E1,0.01,8,1,0.0001397679141699212,0.02281240955184849,0.9999829203145442,0.15625
G12_1_FIXTURE_02,E1_vs_E2,0.01,0,1,0.00018083786324124876,0.02627235718716392,0.9999875842354243,0.1328125
G12_1_FIXTURE_02,E1_vs_E2,0.01,1,1,0.0001647422122109952,0.008893398104532935,0.9999803545011582,0.125
G12_1_FIXTURE_02,E1_vs_E2,0.01,2,1,0.00025396401379058697,0.0002374809416458845,0.9999826246276722,0.3125
G12_1_FIXTURE_02,E1_vs_E2,0.01,3,1,0.00016534225018105422,0.022125138412100398,0.9999541046784609,0.1875
G12_1_FIXTURE_02,E1_vs_E2,0.01,4,1,0.00019597262431729978,0.08304103802937313,0.9999760486958414,0.15625
G12_1_FIXTURE_02,E1_vs_E2,0.01,5,1,0.00016531035183338328,0.01724902426464503,0.999983373754663,0.125
G12_1_FIXTURE_02,E1_vs_E2,0.01,6,1,0.00032745665884292266,0.08165594953373301,0.9999787405729207,0.125
G12_1_FIXTURE_02,E1_vs_E2,0.01,7,0,0.0001680559459648497,0.04161314605392441,0.9999430529445285,0.142578125
G12_1_FIXTURE_02,E1_vs_E2,0.01,8,1,9.216249615738047e-05,0.0021418592003907833,0.9999856482896889,0.140625
G12_1_FIXTURE_02,E0_vs_E1,0.1,0,1,0.000229808189912561,0.005122002627603095,0.999985259578902,0.15625
G12_1_FIXTURE_02,E0_vs_E1,0.1,1,1,0.00014487576835738015,0.03465325258554941,0.9999717631554514,0.15625
G12_1_FIXTURE_02,E0_vs_E1,0.1,2,1,0.00026115498641706396,0.0318283374887649,0.9999891523947152,0.15234375
G12_1_FIXTURE_02,E0_vs_E1,0.1,3,1,0.0002157296164393982,0.05409659776922204,0.9999405565041576,0.15625
G12_1_FIXTURE_02,E0_vs_E1,0.1,4,1,0.00023266371574940878,0.026163258793610922,0.9999760711337238,0.1875
G12_1_FIXTURE_02,E0_vs_E1,0.1,5,1,0.00014918057107370043,0.007304745128427825,0.9999822275468849,0.15625
G12_1_FIXTURE_02,E0_vs_E1,0.1,6,1,7.012460865622245e-05,0.028454829623232314,0.9999739180677866,0.171875
G12_1_FIXTURE_02,E0_vs_E1,0.1,7,0,0.00022534404595157982,0.09299988428943351,0.9999402177888236,0.1875
G12_1_FIXTURE_02,E0_vs_E1,0.1,8,1,0.00016444069929517436,0.0061938452530974075,0.9999845679892118,0.15625
G12_1_FIXTURE_02,E1_vs_E2,0.1,0,1,0.00015424089381427486,0.03569478338529919,0.9999877722948817,0.140625
G12_1_FIXTURE_02,E1_vs_E2,0.1,1,1,0.00010856571313596974,0.007169648861770739,0.9999825977851914,0.125
G12_1_FIXTURE_02,E1_vs_E2,0.1,2,1,0.0002459812922939056,0.05331620280030869,0.9999883310575052,0.20703125
G12_1_FIXTURE_02,E1_vs_E2,0.1,3,1,0.00024276936117712488,0.01695731174486781,0.9999578280424642,0.15625
G12_1_FIXTURE_02,E1_vs_E2,0.1,4,1,0.00015891876982746878,0.060711678838689664,0.9999829579385284,0.15625
G12_1_FIXTURE_02,E1_vs_E2,0.1,5,1,0.0001476621422811939,0.01965119228157164,0.9999823126785855,0.125
G12_1_FIXTURE_02,E1_vs_E2,0.1,6,1,0.00012068158920350787,0.028848929596669848,0.9999750740311769,0.125
G12_1_FIXTURE_02,E1_vs_E2,0.1,7,1,0.00015410136086790394,0.01774391573793821,0.9999528178167613,0.15625
G12_1_FIXTURE_02,E1_vs_E2,0.1,8,1,0.00010480434345582146,0.020750383711369835,0.9999889253979719,0.1875
G12_1_FIXTURE_02,E0_vs_E1,97.8516893058,0,1,0.00013308487529962917,0.04481996468829941,0.999986088970189,0.140625
G12_1_FIXTURE_02,E0_vs_E1,97.8516893058,1,1,0.00012616678642362803,0.05359184393366867,0.9999738748343581,0.1875
G12_1_FIXTURE_02,E0_vs_E1,97.8516893058,2,1,0.0002812093056209799,0.0035736463525406492,0.9999851151614637,0.1875
G12_1_FIXTURE_02,E0_vs_E1,97.8516893058,3,1,0.0003360658741295274,0.08874261977443965,0.9999508144260433,0.1875
G12_1_FIXTURE_02,E0_vs_E1,97.8516893058,4,1,0.00011155802648125343,0.0384098177922052,0.9999881121090087,0.125
G12_1_FIXTURE_02,E0_vs_E1,97.8516893058,5,1,0.00014183673740799442,0.0005799889324347163,0.9999816998448414,0.1875
G12_1_FIXTURE_02,E0_vs_E1,97.8516893058,6,1,0.00011978641857971904,0.007545117588456662,0.9999798135267041,0.125
G12_1_FIXTURE_02,E0_vs_E1,97.8516893058,7,1,0.00013005216150128288,0.08451199004092835,0.9999248600417437,0.15625
G12_1_FIXTURE_02,E0_vs_E1,97.8516893058,8,1,0.00014059160560372783,0.011431317009096276,0.999980915530217,0.15625
G12_1_FIXTURE_02,E1_vs_E2,97.8516893058,0,1,0.00019316459033276483,0.04904472817358041,0.9999816610101602,0.1875
G12_1_FIXTURE_02,E1_vs_E2,97.8516893058,1,1,0.0001703572470962869,0.0036379953728999936,0.9999695469235805,0.171875
G12_1_FIXTURE_02,E1_vs_E2,97.8516893058,2,1,0.0002482713078972736,0.003929932170921191,0.9999900998484758,0.138671875
G12_1_FIXTURE_02,E1_vs_E2,97.8516893058,3,1,0.0004695140582083422,0.01019893814206796,0.9999333229648881,0.203125
G12_1_FIXTURE_02,E1_vs_E2,97.8516893058,4,1,0.00011834605691449293,0.027569872639467974,0.9999887092488166,0.125
G12_1_FIXTURE_02,E1_vs_E2,97.8516893058,5,1,7.393513210276842e-05,0.035567876484925876,0.9999892946818727,0.125
G12_1_FIXTURE_02,E1_vs_E2,97.8516893058,6,1,0.000335942542974966,0.023963383194857357,0.9999819211219265,0.125
G12_1_FIXTURE_02,E1_vs_E2,97.8516893058,7,1,0.00014995532028365838,0.04356238339479468,0.9999542211100473,0.1875
G12_1_FIXTURE_02,E1_vs_E2,97.8516893058,8,1,0.00011348034539450283,0.029961315888119344,0.9999886817691535,0.125
G12_1_FIXTURE_03,E0_vs_E1,NO_HOOK,0,1,0.0001867051726370555,0.018016145323327848,0.9998885475587537,0.3125
G12_1_FIXTURE_03,E0_vs_E1,NO_HOOK,1,1,0.00040862162296408095,0.013169142869234207,0.9998780381042819,0.2109375
G12_1_FIXTURE_03,E0_vs_E1,NO_HOOK,2,1,0.00011728680531769645,0.005500274078499956,0.9999874300725693,0.125
G12_1_FIXTURE_03,E0_vs_E1,NO_HOOK,3,1,0.00011145559972533035,0.024801480975751744,0.9999920945275264,0.125
G12_1_FIXTURE_03,E0_vs_E1,NO_HOOK,4,1,8.420834507424859e-05,0.022538662251276875,0.999987821825644,0.125
G12_1_FIXTURE_03,E0_vs_E1,NO_HOOK,5,1,0.0001043001856550813,0.0264342332433678,0.9999897072640123,0.125
G12_1_FIXTURE_03,E0_vs_E1,NO_HOOK,6,1,9.293475594916305e-05,0.016326387968740974,0.9999828122515667,0.125
G12_1_FIXTURE_03,E0_vs_E1,NO_HOOK,7,1,8.397168119887618e-05,0.0025184109496301232,0.9999897902664873,0.09375
G12_1_FIXTURE_03,E0_vs_E1,NO_HOOK,8,1,7.480927967304133e-05,0.001883731828254298,0.9999866379127481,0.125
G12_1_FIXTURE_03,E0_vs_E1,NO_HOOK,9,1,8.32481919660895e-05,0.019281533486251945,0.9999880760009688,0.125
G12_1_FIXTURE_03,E0_vs_E1,NO_HOOK,10,1,8.255177455134525e-05,0.005081756136210203,0.9999874597258221,0.125
G12_1_FIXTURE_03,E0_vs_E1,NO_HOOK,11,1,9.48480794749339e-05,0.016082069367463703,0.9999700223199662,0.15625
G12_1_FIXTURE_03,E0_vs_E1,NO_HOOK,12,1,0.0004682224490620587,0.06243439158925668,0.9999442617089491,0.15625
G12_1_FIXTURE_03,E0_vs_E1,NO_HOOK,13,1,8.51014071451484e-05,0.007394884018053105,0.9999859212396435,0.15625
G12_1_FIXTURE_03,E0_vs_E1,NO_HOOK,14,1,6.413406025903304e-05,0.0071326094979600185,0.999986385738638,0.125
G12_1_FIXTURE_03,E0_vs_E1,NO_HOOK,15,1,7.677967276933275e-05,0.017673521910765544,0.9999836198209957,0.125
G12_1_FIXTURE_03,E0_vs_E1,NO_HOOK,16,1,0.00014212709585324621,0.01075474749196026,0.9999668946968316,0.1875
G12_1_FIXTURE_03,E0_vs_E1,NO_HOOK,17,1,9.856685365691427e-05,0.02272489086258389,0.9999892240733851,0.125
G12_1_FIXTURE_03,E0_vs_E1,NO_HOOK,18,1,8.20496492726749e-05,0.015916965945081074,0.9999843153659703,0.125
G12_1_FIXTURE_03,E0_vs_E1,NO_HOOK,19,1,8.909056323024077e-05,0.0014439935164638484,0.9999895331749026,0.125
G12_1_FIXTURE_03,E0_vs_E1,NO_HOOK,20,1,0.00010023003607399924,0.0233442342836625,0.9999854889068834,0.125
G12_1_FIXTURE_03,E0_vs_E1,NO_HOOK,21,1,0.00012950123205058878,0.016778667438032357,0.9999837695462526,0.125
G12_1_FIXTURE_03,E0_vs_E1,NO_HOOK,22,1,9.539636256755658e-05,0.001069501591169697,0.9999884204013422,0.125
G12_1_FIXTURE_03,E0_vs_E1,NO_HOOK,23,1,7.949507814236363e-05,0.03291863750149737,0.9999915751214212,0.125
G12_1_FIXTURE_03,E0_vs_E1,NO_HOOK,24,1,9.691505630415035e-05,0.002573378214668409,0.9999901945197742,0.125
G12_1_FIXTURE_03,E0_vs_E1,NO_HOOK,25,1,0.00022151316739232863,0.11297390553142961,0.9999779334187879,0.1875
G12_1_FIXTURE_03,E0_vs_E1,NO_HOOK,26,1,9.29445318286701e-05,0.04883923553002667,0.9999827280253337,0.125
G12_1_FIXTURE_03,E0_vs_E1,NO_HOOK,27,1,7.411664088538108e-05,0.001821955881968762,0.9999801391526972,0.125
G12_1_FIXTURE_03,E0_vs_E1,NO_HOOK,28,1,0.00011310649032111517,0.008490975105964083,0.999968654403846,0.1875
G12_1_FIXTURE_03,E0_vs_E1,NO_HOOK,29,1,0.00010019251598863597,0.049305970729783155,0.9999862072938375,0.125
G12_1_FIXTURE_03,E0_vs_E1,NO_HOOK,30,1,6.231795062081519e-05,0.003362950168561696,0.9999814467008643,0.125
G12_1_FIXTURE_03,E0_vs_E1,NO_HOOK,31,1,7.703791509857142e-05,0.009774651645921395,0.9999794963648314,0.125
G12_1_FIXTURE_03,E0_vs_E1,NO_HOOK,32,1,0.00010481090383451233,0.017761441813735956,0.9999841186852539,0.125
G12_1_FIXTURE_03,E1_vs_E2,NO_HOOK,0,1,0.00037218938224932376,0.051042039904974246,0.9998063799275738,0.25
G12_1_FIXTURE_03,E1_vs_E2,NO_HOOK,1,1,0.0004990267554604677,0.044166450305848315,0.9999156818863486,0.203125
G12_1_FIXTURE_03,E1_vs_E2,NO_HOOK,2,1,0.00030604209045040457,0.01926736661645556,0.9999861219496096,0.125
G12_1_FIXTURE_03,E1_vs_E2,NO_HOOK,3,1,0.00017685030576832395,0.005986375840839386,0.9999886820867886,0.140625
G12_1_FIXTURE_03,E1_vs_E2,NO_HOOK,4,1,0.00010120693015200328,0.0009166620418117333,0.9999878415593417,0.125
G12_1_FIXTURE_03,E1_vs_E2,NO_HOOK,5,1,0.00018056677589249877,0.025880349092911814,0.9999865113895098,0.125
G12_1_FIXTURE_03,E1_vs_E2,NO_HOOK,6,1,0.00012590363074896035,0.03943196784988423,0.9999818784027226,0.125
G12_1_FIXTURE_03,E1_vs_E2,NO_HOOK,7,1,0.00011098302329487213,0.002733212358851489,0.9999880435972548,0.109375
G12_1_FIXTURE_03,E1_vs_E2,NO_HOOK,8,1,0.00010705256017784677,0.011633064080825761,0.9999784200554666,0.15625
G12_1_FIXTURE_03,E1_vs_E2,NO_HOOK,9,1,8.459528382369423e-05,0.006283253743950112,0.9999843715457816,0.125
G12_1_FIXTURE_03,E1_vs_E2,NO_HOOK,10,1,9.539637379379082e-05,0.008270261862406869,0.9999846045283346,0.125
G12_1_FIXTURE_03,E1_vs_E2,NO_HOOK,11,1,6.987787330015003e-05,0.04473488989901675,0.9999814939847547,0.125
G12_1_FIXTURE_03,E1_vs_E2,NO_HOOK,12,1,0.0004802032624423928,0.016531307337764645,0.9999102237493452,0.25
G12_1_FIXTURE_03,E1_vs_E2,NO_HOOK,13,1,9.464076558110426e-05,0.00821423149977818,0.9999873057714351,0.1875
G12_1_FIXTURE_03,E1_vs_E2,NO_HOOK,14,1,7.547902186657072e-05,0.028312817337146967,0.9999870837475903,0.125
G12_1_FIXTURE_03,E1_vs_E2,NO_HOOK,15,1,9.43168516770132e-05,0.018451265520289084,0.9999812221208113,0.125
G12_1_FIXTURE_03,E1_vs_E2,NO_HOOK,16,1,0.00011680376729125263,0.022565948344984932,0.9999703335105748,0.125
G12_1_FIXTURE_03,E1_vs_E2,NO_HOOK,17,1,8.680991225604833e-05,0.017247667686522306,0.9999898123887627,0.125
G12_1_FIXTURE_03,E1_vs_E2,NO_HOOK,18,1,7.446875232274434e-05,0.03397009789230587,0.9999911847413216,0.09375
G12_1_FIXTURE_03,E1_vs_E2,NO_HOOK,19,1,8.443924387541689e-05,0.013616891901444106,0.9999920688404135,0.125
G12_1_FIXTURE_03,E1_vs_E2,NO_HOOK,20,1,0.00011093267380191327,0.016700607536112244,0.9999796373782239,0.140625
G12_1_FIXTURE_03,E1_vs_E2,NO_HOOK,21,1,0.00013137816582321684,0.03414007061200408,0.9999830130750992,0.125
G12_1_FIXTURE_03,E1_vs_E2,NO_HOOK,22,1,7.937459782460064e-05,0.005105720851835471,0.9999896398627033,0.125
G12_1_FIXTURE_03,E1_vs_E2,NO_HOOK,23,1,9.135892531617949e-05,0.03958833034801046,0.9999894465292104,0.125
G12_1_FIXTURE_03,E1_vs_E2,NO_HOOK,24,1,0.00010856156752957007,0.03209306112856858,0.9999882808550488,0.125
G12_1_FIXTURE_03,E1_vs_E2,NO_HOOK,25,1,0.00019761970712891885,0.08635924219057145,0.9999809142409126,0.1875
G12_1_FIXTURE_03,E1_vs_E2,NO_HOOK,26,1,0.00011510079445794101,0.02009470650089007,0.999982031669848,0.125
G12_1_FIXTURE_03,E1_vs_E2,NO_HOOK,27,1,0.00011652640788967236,0.006739244535760136,0.9999758652381693,0.1875
G12_1_FIXTURE_03,E1_vs_E2,NO_HOOK,28,1,0.00011452316734831679,0.047207586964281845,0.9999663084322432,0.1875
G12_1_FIXTURE_03,E1_vs_E2,NO_HOOK,29,1,9.952134586352997e-05,0.007149869488406679,0.9999876230162175,0.125
G12_1_FIXTURE_03,E1_vs_E2,NO_HOOK,30,1,8.252044799358615e-05,0.003579891973728877,0.9999772538877065,0.125
G12_1_FIXTURE_03,E1_vs_E2,NO_HOOK,31,1,0.000107521434008088,0.01547368577265118,0.999975444950311,0.125
G12_1_FIXTURE_03,E1_vs_E2,NO_HOOK,32,1,0.00019713248695940404,0.026489523275348148,0.9999831835908998,0.125
G12_1_FIXTURE_03,E0_vs_E1,0,0,1,0.0001867051726370555,0.018016145323327848,0.9998885475587537,0.3125
G12_1_FIXTURE_03,E0_vs_E1,0,1,1,0.00040862162296408095,0.013169142869234207,0.9998780381042819,0.2109375
G12_1_FIXTURE_03,E0_vs_E1,0,2,1,0.00011728680531769645,0.005500274078499956,0.9999874300725693,0.125
G12_1_FIXTURE_03,E0_vs_E1,0,3,1,0.00011145559972533035,0.024801480975751744,0.9999920945275264,0.125
G12_1_FIXTURE_03,E0_vs_E1,0,4,1,8.420834507424859e-05,0.022538662251276875,0.999987821825644,0.125
G12_1_FIXTURE_03,E0_vs_E1,0,5,1,0.0001043001856550813,0.0264342332433678,0.9999897072640123,0.125
G12_1_FIXTURE_03,E0_vs_E1,0,6,1,9.293475594916305e-05,0.016326387968740974,0.9999828122515667,0.125
G12_1_FIXTURE_03,E0_vs_E1,0,7,1,8.397168119887618e-05,0.0025184109496301232,0.9999897902664873,0.09375
G12_1_FIXTURE_03,E0_vs_E1,0,8,1,7.480927967304133e-05,0.001883731828254298,0.9999866379127481,0.125
G12_1_FIXTURE_03,E0_vs_E1,0,9,1,8.32481919660895e-05,0.019281533486251945,0.9999880760009688,0.125
G12_1_FIXTURE_03,E0_vs_E1,0,10,1,8.255177455134525e-05,0.005081756136210203,0.9999874597258221,0.125
G12_1_FIXTURE_03,E0_vs_E1,0,11,1,9.48480794749339e-05,0.016082069367463703,0.9999700223199662,0.15625
G12_1_FIXTURE_03,E0_vs_E1,0,12,1,0.0004682224490620587,0.06243439158925668,0.9999442617089491,0.15625
G12_1_FIXTURE_03,E0_vs_E1,0,13,1,8.51014071451484e-05,0.007394884018053105,0.9999859212396435,0.15625
G12_1_FIXTURE_03,E0_vs_E1,0,14,1,6.413406025903304e-05,0.0071326094979600185,0.999986385738638,0.125
G12_1_FIXTURE_03,E0_vs_E1,0,15,1,7.677967276933275e-05,0.017673521910765544,0.9999836198209957,0.125
G12_1_FIXTURE_03,E0_vs_E1,0,16,1,0.00014212709585324621,0.01075474749196026,0.9999668946968316,0.1875
G12_1_FIXTURE_03,E0_vs_E1,0,17,1,9.856685365691427e-05,0.02272489086258389,0.9999892240733851,0.125
G12_1_FIXTURE_03,E0_vs_E1,0,18,1,8.20496492726749e-05,0.015916965945081074,0.9999843153659703,0.125
G12_1_FIXTURE_03,E0_vs_E1,0,19,1,8.909056323024077e-05,0.0014439935164638484,0.9999895331749026,0.125
G12_1_FIXTURE_03,E0_vs_E1,0,20,1,0.00010023003607399924,0.0233442342836625,0.9999854889068834,0.125
G12_1_FIXTURE_03,E0_vs_E1,0,21,1,0.00012950123205058878,0.016778667438032357,0.9999837695462526,0.125
G12_1_FIXTURE_03,E0_vs_E1,0,22,1,9.539636256755658e-05,0.001069501591169697,0.9999884204013422,0.125
G12_1_FIXTURE_03,E0_vs_E1,0,23,1,7.949507814236363e-05,0.03291863750149737,0.9999915751214212,0.125
G12_1_FIXTURE_03,E0_vs_E1,0,24,1,9.691505630415035e-05,0.002573378214668409,0.9999901945197742,0.125
G12_1_FIXTURE_03,E0_vs_E1,0,25,1,0.00022151316739232863,0.11297390553142961,0.9999779334187879,0.1875
G12_1_FIXTURE_03,E0_vs_E1,0,26,1,9.29445318286701e-05,0.04883923553002667,0.9999827280253337,0.125
G12_1_FIXTURE_03,E0_vs_E1,0,27,1,7.411664088538108e-05,0.001821955881968762,0.9999801391526972,0.125
G12_1_FIXTURE_03,E0_vs_E1,0,28,1,0.00011310649032111517,0.008490975105964083,0.999968654403846,0.1875
G12_1_FIXTURE_03,E0_vs_E1,0,29,1,0.00010019251598863597,0.049305970729783155,0.9999862072938375,0.125
G12_1_FIXTURE_03,E0_vs_E1,0,30,1,6.231795062081519e-05,0.003362950168561696,0.9999814467008643,0.125
G12_1_FIXTURE_03,E0_vs_E1,0,31,1,7.703791509857142e-05,0.009774651645921395,0.9999794963648314,0.125
G12_1_FIXTURE_03,E0_vs_E1,0,32,1,0.00010481090383451233,0.017761441813735956,0.9999841186852539,0.125
G12_1_FIXTURE_03,E1_vs_E2,0,0,1,0.00037218938224932376,0.051042039904974246,0.9998063799275738,0.25
G12_1_FIXTURE_03,E1_vs_E2,0,1,1,0.0004990267554604677,0.044166450305848315,0.9999156818863486,0.203125
G12_1_FIXTURE_03,E1_vs_E2,0,2,1,0.00030604209045040457,0.01926736661645556,0.9999861219496096,0.125
G12_1_FIXTURE_03,E1_vs_E2,0,3,1,0.00017685030576832395,0.005986375840839386,0.9999886820867886,0.140625
G12_1_FIXTURE_03,E1_vs_E2,0,4,1,0.00010120693015200328,0.0009166620418117333,0.9999878415593417,0.125
G12_1_FIXTURE_03,E1_vs_E2,0,5,1,0.00018056677589249877,0.025880349092911814,0.9999865113895098,0.125
G12_1_FIXTURE_03,E1_vs_E2,0,6,1,0.00012590363074896035,0.03943196784988423,0.9999818784027226,0.125
G12_1_FIXTURE_03,E1_vs_E2,0,7,1,0.00011098302329487213,0.002733212358851489,0.9999880435972548,0.109375
G12_1_FIXTURE_03,E1_vs_E2,0,8,1,0.00010705256017784677,0.011633064080825761,0.9999784200554666,0.15625
G12_1_FIXTURE_03,E1_vs_E2,0,9,1,8.459528382369423e-05,0.006283253743950112,0.9999843715457816,0.125
G12_1_FIXTURE_03,E1_vs_E2,0,10,1,9.539637379379082e-05,0.008270261862406869,0.9999846045283346,0.125
G12_1_FIXTURE_03,E1_vs_E2,0,11,1,6.987787330015003e-05,0.04473488989901675,0.9999814939847547,0.125
G12_1_FIXTURE_03,E1_vs_E2,0,12,1,0.0004802032624423928,0.016531307337764645,0.9999102237493452,0.25
G12_1_FIXTURE_03,E1_vs_E2,0,13,1,9.464076558110426e-05,0.00821423149977818,0.9999873057714351,0.1875
G12_1_FIXTURE_03,E1_vs_E2,0,14,1,7.547902186657072e-05,0.028312817337146967,0.9999870837475903,0.125
G12_1_FIXTURE_03,E1_vs_E2,0,15,1,9.43168516770132e-05,0.018451265520289084,0.9999812221208113,0.125
G12_1_FIXTURE_03,E1_vs_E2,0,16,1,0.00011680376729125263,0.022565948344984932,0.9999703335105748,0.125
G12_1_FIXTURE_03,E1_vs_E2,0,17,1,8.680991225604833e-05,0.017247667686522306,0.9999898123887627,0.125
G12_1_FIXTURE_03,E1_vs_E2,0,18,1,7.446875232274434e-05,0.03397009789230587,0.9999911847413216,0.09375
G12_1_FIXTURE_03,E1_vs_E2,0,19,1,8.443924387541689e-05,0.013616891901444106,0.9999920688404135,0.125
G12_1_FIXTURE_03,E1_vs_E2,0,20,1,0.00011093267380191327,0.016700607536112244,0.9999796373782239,0.140625
G12_1_FIXTURE_03,E1_vs_E2,0,21,1,0.00013137816582321684,0.03414007061200408,0.9999830130750992,0.125
G12_1_FIXTURE_03,E1_vs_E2,0,22,1,7.937459782460064e-05,0.005105720851835471,0.9999896398627033,0.125
G12_1_FIXTURE_03,E1_vs_E2,0,23,1,9.135892531617949e-05,0.03958833034801046,0.9999894465292104,0.125
G12_1_FIXTURE_03,E1_vs_E2,0,24,1,0.00010856156752957007,0.03209306112856858,0.9999882808550488,0.125
G12_1_FIXTURE_03,E1_vs_E2,0,25,1,0.00019761970712891885,0.08635924219057145,0.9999809142409126,0.1875
G12_1_FIXTURE_03,E1_vs_E2,0,26,1,0.00011510079445794101,0.02009470650089007,0.999982031669848,0.125
G12_1_FIXTURE_03,E1_vs_E2,0,27,1,0.00011652640788967236,0.006739244535760136,0.9999758652381693,0.1875
G12_1_FIXTURE_03,E1_vs_E2,0,28,1,0.00011452316734831679,0.047207586964281845,0.9999663084322432,0.1875
G12_1_FIXTURE_03,E1_vs_E2,0,29,1,9.952134586352997e-05,0.007149869488406679,0.9999876230162175,0.125
G12_1_FIXTURE_03,E1_vs_E2,0,30,1,8.252044799358615e-05,0.003579891973728877,0.9999772538877065,0.125
G12_1_FIXTURE_03,E1_vs_E2,0,31,1,0.000107521434008088,0.01547368577265118,0.999975444950311,0.125
G12_1_FIXTURE_03,E1_vs_E2,0,32,1,0.00019713248695940404,0.026489523275348148,0.9999831835908998,0.125
G12_1_FIXTURE_03,E0_NOHOOK_vs_ALPHA0,0,0,1,0.0,0.0,1.0000000000000002,0.0
G12_1_FIXTURE_03,E0_NOHOOK_vs_ALPHA0,0,1,1,0.0,0.0,0.9999999999999999,0.0
G12_1_FIXTURE_03,E0_NOHOOK_vs_ALPHA0,0,2,1,0.0,0.0,1.0,0.0
G12_1_FIXTURE_03,E0_NOHOOK_vs_ALPHA0,0,3,1,0.0,0.0,1.0000000000000002,0.0
G12_1_FIXTURE_03,E0_NOHOOK_vs_ALPHA0,0,4,1,0.0,0.0,1.0,0.0
G12_1_FIXTURE_03,E0_NOHOOK_vs_ALPHA0,0,5,1,0.0,0.0,1.0,0.0
G12_1_FIXTURE_03,E0_NOHOOK_vs_ALPHA0,0,6,1,0.0,0.0,0.9999999999999998,0.0
G12_1_FIXTURE_03,E0_NOHOOK_vs_ALPHA0,0,7,1,0.0,0.0,1.0,0.0
G12_1_FIXTURE_03,E0_NOHOOK_vs_ALPHA0,0,8,1,0.0,0.0,1.0,0.0
G12_1_FIXTURE_03,E0_NOHOOK_vs_ALPHA0,0,9,1,0.0,0.0,1.0,0.0
G12_1_FIXTURE_03,E0_NOHOOK_vs_ALPHA0,0,10,1,0.0,0.0,1.0,0.0
G12_1_FIXTURE_03,E0_NOHOOK_vs_ALPHA0,0,11,1,0.0,0.0,1.0000000000000002,0.0
G12_1_FIXTURE_03,E0_NOHOOK_vs_ALPHA0,0,12,1,0.0,0.0,1.0,0.0
G12_1_FIXTURE_03,E0_NOHOOK_vs_ALPHA0,0,13,1,0.0,0.0,1.0,0.0
G12_1_FIXTURE_03,E0_NOHOOK_vs_ALPHA0,0,14,1,0.0,0.0,1.0,0.0
G12_1_FIXTURE_03,E0_NOHOOK_vs_ALPHA0,0,15,1,0.0,0.0,1.0,0.0
G12_1_FIXTURE_03,E0_NOHOOK_vs_ALPHA0,0,16,1,0.0,0.0,0.9999999999999999,0.0
G12_1_FIXTURE_03,E0_NOHOOK_vs_ALPHA0,0,17,1,0.0,0.0,1.0,0.0
G12_1_FIXTURE_03,E0_NOHOOK_vs_ALPHA0,0,18,1,0.0,0.0,1.0,0.0
G12_1_FIXTURE_03,E0_NOHOOK_vs_ALPHA0,0,19,1,0.0,0.0,1.0000000000000002,0.0
G12_1_FIXTURE_03,E0_NOHOOK_vs_ALPHA0,0,20,1,0.0,0.0,1.0,0.0
G12_1_FIXTURE_03,E0_NOHOOK_vs_ALPHA0,0,21,1,0.0,0.0,1.0,0.0
G12_1_FIXTURE_03,E0_NOHOOK_vs_ALPHA0,0,22,1,0.0,0.0,0.9999999999999998,0.0
G12_1_FIXTURE_03,E0_NOHOOK_vs_ALPHA0,0,23,1,0.0,0.0,1.0000000000000002,0.0
G12_1_FIXTURE_03,E0_NOHOOK_vs_ALPHA0,0,24,1,0.0,0.0,0.9999999999999999,0.0
G12_1_FIXTURE_03,E0_NOHOOK_vs_ALPHA0,0,25,1,0.0,0.0,1.0,0.0
G12_1_FIXTURE_03,E0_NOHOOK_vs_ALPHA0,0,26,1,0.0,0.0,0.9999999999999998,0.0
G12_1_FIXTURE_03,E0_NOHOOK_vs_ALPHA0,0,27,1,0.0,0.0,1.0000000000000002,0.0
G12_1_FIXTURE_03,E0_NOHOOK_vs_ALPHA0,0,28,1,0.0,0.0,1.0,0.0
G12_1_FIXTURE_03,E0_NOHOOK_vs_ALPHA0,0,29,1,0.0,0.0,1.0,0.0
G12_1_FIXTURE_03,E0_NOHOOK_vs_ALPHA0,0,30,1,0.0,0.0,1.0000000000000002,0.0
G12_1_FIXTURE_03,E0_NOHOOK_vs_ALPHA0,0,31,1,0.0,0.0,1.0000000000000002,0.0
G12_1_FIXTURE_03,E0_NOHOOK_vs_ALPHA0,0,32,1,0.0,0.0,1.0,0.0
G12_1_FIXTURE_03,E1_NOHOOK_vs_ALPHA0,0,0,1,0.0,0.0,0.9999999999999998,0.0
G12_1_FIXTURE_03,E1_NOHOOK_vs_ALPHA0,0,1,1,5.74729129365102e-17,0.0,1.0000000000000002,0.0
G12_1_FIXTURE_03,E1_NOHOOK_vs_ALPHA0,0,2,1,0.0,0.0,1.0000000000000002,0.0
G12_1_FIXTURE_03,E1_NOHOOK_vs_ALPHA0,0,3,1,0.0,0.0,1.0,0.0
G12_1_FIXTURE_03,E1_NOHOOK_vs_ALPHA0,0,4,1,0.0,0.0,1.0,0.0
G12_1_FIXTURE_03,E1_NOHOOK_vs_ALPHA0,0,5,1,0.0,0.0,1.0,0.0
G12_1_FIXTURE_03,E1_NOHOOK_vs_ALPHA0,0,6,1,0.0,0.0,0.9999999999999998,0.0
G12_1_FIXTURE_03,E1_NOHOOK_vs_ALPHA0,0,7,1,0.0,0.0,0.9999999999999998,0.0
G12_1_FIXTURE_03,E1_NOHOOK_vs_ALPHA0,0,8,1,0.0,0.0,1.0000000000000002,0.0
G12_1_FIXTURE_03,E1_NOHOOK_vs_ALPHA0,0,9,1,0.0,0.0,0.9999999999999998,0.0
G12_1_FIXTURE_03,E1_NOHOOK_vs_ALPHA0,0,10,1,0.0,0.0,1.0,0.0
G12_1_FIXTURE_03,E1_NOHOOK_vs_ALPHA0,0,11,1,0.0,0.0,0.9999999999999999,0.0
G12_1_FIXTURE_03,E1_NOHOOK_vs_ALPHA0,0,12,1,0.0,0.0,1.0000000000000002,0.0
G12_1_FIXTURE_03,E1_NOHOOK_vs_ALPHA0,0,13,1,0.0,0.0,1.0,0.0
G12_1_FIXTURE_03,E1_NOHOOK_vs_ALPHA0,0,14,1,0.0,0.0,1.0,0.0
G12_1_FIXTURE_03,E1_NOHOOK_vs_ALPHA0,0,15,1,0.0,0.0,0.9999999999999999,0.0
G12_1_FIXTURE_03,E1_NOHOOK_vs_ALPHA0,0,16,1,0.0,0.0,1.0000000000000002,0.0
G12_1_FIXTURE_03,E1_NOHOOK_vs_ALPHA0,0,17,1,0.0,0.0,0.9999999999999999,0.0
G12_1_FIXTURE_03,E1_NOHOOK_vs_ALPHA0,0,18,1,0.0,0.0,1.0,0.0
G12_1_FIXTURE_03,E1_NOHOOK_vs_ALPHA0,0,19,1,0.0,0.0,1.0,0.0
G12_1_FIXTURE_03,E1_NOHOOK_vs_ALPHA0,0,20,1,0.0,0.0,1.0,0.0
G12_1_FIXTURE_03,E1_NOHOOK_vs_ALPHA0,0,21,1,0.0,0.0,1.0000000000000002,0.0
G12_1_FIXTURE_03,E1_NOHOOK_vs_ALPHA0,0,22,1,0.0,0.0,1.0,0.0
G12_1_FIXTURE_03,E1_NOHOOK_vs_ALPHA0,0,23,1,0.0,0.0,0.9999999999999999,0.0
G12_1_FIXTURE_03,E1_NOHOOK_vs_ALPHA0,0,24,1,0.0,0.0,1.0000000000000002,0.0
G12_1_FIXTURE_03,E1_NOHOOK_vs_ALPHA0,0,25,1,0.0,0.0,1.0,0.0
G12_1_FIXTURE_03,E1_NOHOOK_vs_ALPHA0,0,26,1,0.0,0.0,1.0,0.0
G12_1_FIXTURE_03,E1_NOHOOK_vs_ALPHA0,0,27,1,0.0,0.0,1.0000000000000002,0.0
G12_1_FIXTURE_03,E1_NOHOOK_vs_ALPHA0,0,28,1,0.0,0.0,0.9999999999999998,0.0
G12_1_FIXTURE_03,E1_NOHOOK_vs_ALPHA0,0,29,1,0.0,0.0,1.0,0.0
G12_1_FIXTURE_03,E1_NOHOOK_vs_ALPHA0,0,30,1,0.0,0.0,1.0,0.0
G12_1_FIXTURE_03,E1_NOHOOK_vs_ALPHA0,0,31,1,0.0,0.0,0.9999999999999998,0.0
G12_1_FIXTURE_03,E1_NOHOOK_vs_ALPHA0,0,32,1,0.0,0.0,1.0,0.0
G12_1_FIXTURE_03,E2_NOHOOK_vs_ALPHA0,0,0,1,0.0,0.0,1.0,0.0
G12_1_FIXTURE_03,E2_NOHOOK_vs_ALPHA0,0,1,1,0.0,0.0,1.0,0.0
G12_1_FIXTURE_03,E2_NOHOOK_vs_ALPHA0,0,2,1,0.0,0.0,1.0000000000000002,0.0
G12_1_FIXTURE_03,E2_NOHOOK_vs_ALPHA0,0,3,1,0.0,0.0,1.0000000000000002,0.0
G12_1_FIXTURE_03,E2_NOHOOK_vs_ALPHA0,0,4,1,0.0,0.0,1.0,0.0
G12_1_FIXTURE_03,E2_NOHOOK_vs_ALPHA0,0,5,1,0.0,0.0,1.0000000000000002,0.0
G12_1_FIXTURE_03,E2_NOHOOK_vs_ALPHA0,0,6,1,0.0,0.0,0.9999999999999998,0.0
G12_1_FIXTURE_03,E2_NOHOOK_vs_ALPHA0,0,7,1,0.0,0.0,1.0000000000000002,0.0
G12_1_FIXTURE_03,E2_NOHOOK_vs_ALPHA0,0,8,1,0.0,0.0,1.0,0.0
G12_1_FIXTURE_03,E2_NOHOOK_vs_ALPHA0,0,9,1,0.0,0.0,1.0,0.0
G12_1_FIXTURE_03,E2_NOHOOK_vs_ALPHA0,0,10,1,0.0,0.0,1.0,0.0
G12_1_FIXTURE_03,E2_NOHOOK_vs_ALPHA0,0,11,1,0.0,0.0,0.9999999999999999,0.0
G12_1_FIXTURE_03,E2_NOHOOK_vs_ALPHA0,0,12,1,4.176239799457036e-17,0.0,1.0,0.0
G12_1_FIXTURE_03,E2_NOHOOK_vs_ALPHA0,0,13,1,0.0,0.0,1.0,0.0
G12_1_FIXTURE_03,E2_NOHOOK_vs_ALPHA0,0,14,1,0.0,0.0,0.9999999999999998,0.0
G12_1_FIXTURE_03,E2_NOHOOK_vs_ALPHA0,0,15,1,0.0,0.0,1.0,0.0
G12_1_FIXTURE_03,E2_NOHOOK_vs_ALPHA0,0,16,1,0.0,0.0,1.0000000000000002,0.0
G12_1_FIXTURE_03,E2_NOHOOK_vs_ALPHA0,0,17,1,0.0,0.0,1.0,0.0
G12_1_FIXTURE_03,E2_NOHOOK_vs_ALPHA0,0,18,1,0.0,0.0,1.0,0.0
G12_1_FIXTURE_03,E2_NOHOOK_vs_ALPHA0,0,19,1,0.0,0.0,1.0,0.0
G12_1_FIXTURE_03,E2_NOHOOK_vs_ALPHA0,0,20,1,0.0,0.0,1.0,0.0
G12_1_FIXTURE_03,E2_NOHOOK_vs_ALPHA0,0,21,1,0.0,0.0,1.0,0.0
G12_1_FIXTURE_03,E2_NOHOOK_vs_ALPHA0,0,22,1,0.0,0.0,1.0000000000000002,0.0
G12_1_FIXTURE_03,E2_NOHOOK_vs_ALPHA0,0,23,1,0.0,0.0,1.0000000000000002,0.0
G12_1_FIXTURE_03,E2_NOHOOK_vs_ALPHA0,0,24,1,0.0,0.0,1.0,0.0
G12_1_FIXTURE_03,E2_NOHOOK_vs_ALPHA0,0,25,1,0.0,0.0,1.0000000000000002,0.0
G12_1_FIXTURE_03,E2_NOHOOK_vs_ALPHA0,0,26,1,0.0,0.0,1.0000000000000002,0.0
G12_1_FIXTURE_03,E2_NOHOOK_vs_ALPHA0,0,27,1,0.0,0.0,0.9999999999999999,0.0
G12_1_FIXTURE_03,E2_NOHOOK_vs_ALPHA0,0,28,1,0.0,0.0,1.0,0.0
G12_1_FIXTURE_03,E2_NOHOOK_vs_ALPHA0,0,29,1,0.0,0.0,1.0,0.0
G12_1_FIXTURE_03,E2_NOHOOK_vs_ALPHA0,0,30,1,0.0,0.0,1.0,0.0
G12_1_FIXTURE_03,E2_NOHOOK_vs_ALPHA0,0,31,1,0.0,0.0,0.9999999999999998,0.0
G12_1_FIXTURE_03,E2_NOHOOK_vs_ALPHA0,0,32,1,0.0,0.0,1.0000000000000002,0.0
G12_1_FIXTURE_03,E0_vs_E1,0.01,0,1,0.000217401339390736,0.011774371580484555,0.9998243457103577,0.28125
G12_1_FIXTURE_03,E0_vs_E1,0.01,1,1,0.0002761226315996823,0.020439474255468326,0.9998175956169209,0.2421875
G12_1_FIXTURE_03,E0_vs_E1,0.01,2,1,0.00011892068372394113,0.021035926384584513,0.9999877800765462,0.1328125
G12_1_FIXTURE_03,E0_vs_E1,0.01,3,1,0.00011087309610352343,0.029235283613358476,0.9999924808371761,0.125
G12_1_FIXTURE_03,E0_vs_E1,0.01,4,1,8.377695032934482e-05,0.02773838373821036,0.9999888059936278,0.125
G12_1_FIXTURE_03,E0_vs_E1,0.01,5,1,0.00011910835554560027,0.05597239078725735,0.9999893373509328,0.125
G12_1_FIXTURE_03,E0_vs_E1,0.01,6,1,0.00012325290418216525,0.015668631573344527,0.9999839316583226,0.125
G12_1_FIXTURE_03,E0_vs_E1,0.01,7,1,9.240823044533949e-05,0.008822902505821517,0.9999856461591874,0.09375
G12_1_FIXTURE_03,E0_vs_E1,0.01,8,1,0.0001201424701646892,0.040484802189528324,0.9999838006233221,0.09375
G12_1_FIXTURE_03,E0_vs_E1,0.01,9,1,0.00010971479849477943,0.047647022409952555,0.9999853668145466,0.15625
G12_1_FIXTURE_03,E0_vs_E1,0.01,10,1,8.472887804537814e-05,0.009468212540486576,0.9999879110807681,0.125
G12_1_FIXTURE_03,E0_vs_E1,0.01,11,1,8.343178624831753e-05,0.003419294046620891,0.9999827995034818,0.125
G12_1_FIXTURE_03,E0_vs_E1,0.01,12,1,0.00045311604663454523,0.08147732865866786,0.9999364249266337,0.1875
G12_1_FIXTURE_03,E0_vs_E1,0.01,13,1,8.975643287328927e-05,0.020769862430185526,0.9999891143384103,0.125
G12_1_FIXTURE_03,E0_vs_E1,0.01,14,1,6.925949606264282e-05,0.006406405266641713,0.9999869776485875,0.09375
G12_1_FIXTURE_03,E0_vs_E1,0.01,15,1,8.584529696322921e-05,0.011554020675719201,0.9999829746263078,0.093994140625
G12_1_FIXTURE_03,E0_vs_E1,0.01,16,1,0.00014387955249656832,0.01208015404435514,0.9999514126558057,0.15625
G12_1_FIXTURE_03,E0_vs_E1,0.01,17,1,7.792448229476651e-05,0.02050475616247205,0.9999919320974621,0.15625
G12_1_FIXTURE_03,E0_vs_E1,0.01,18,1,8.217291709752268e-05,0.02586403907650059,0.9999880122052658,0.125
G12_1_FIXTURE_03,E0_vs_E1,0.01,19,1,8.584990344589192e-05,0.013203975555949654,0.9999906611277841,0.125
G12_1_FIXTURE_03,E0_vs_E1,0.01,20,1,0.00013180574930031779,0.030510473753377454,0.9999795671235513,0.125
G12_1_FIXTURE_03,E0_vs_E1,0.01,21,0,0.00012713565465152896,0.020509091053948936,0.9999834073613194,0.140625
G12_1_FIXTURE_03,E0_vs_E1,0.01,22,1,0.00011802114565799348,0.04119652623288239,0.9999871120961055,0.125
G12_1_FIXTURE_03,E0_vs_E1,0.01,23,1,9.021275941086047e-05,0.025431888908872935,0.9999907583899952,0.1875
G12_1_FIXTURE_03,E0_vs_E1,0.01,24,1,9.463074625086334e-05,0.009845308160802091,0.9999899032058553,0.125
G12_1_FIXTURE_03,E0_vs_E1,0.01,25,1,0.00034027009033924525,0.09212874805863436,0.9999758299832355,0.1875
G12_1_FIXTURE_03,E0_vs_E1,0.01,26,1,9.777939136940952e-05,0.037606546842537725,0.9999800256370156,0.109375
G12_1_FIXTURE_03,E0_vs_E1,0.01,27,1,9.441263014240992e-05,0.012877489878292181,0.9999789525159298,0.15625
G12_1_FIXTURE_03,E0_vs_E1,0.01,28,1,0.00010874498758857578,0.017521468271283425,0.9999702182805792,0.125
G12_1_FIXTURE_03,E0_vs_E1,0.01,29,1,7.948034637968117e-05,0.014779355461721266,0.9999889581815743,0.125
G12_1_FIXTURE_03,E0_vs_E1,0.01,30,1,0.00010042226024856156,0.019671929573597424,0.9999794788034305,0.125
G12_1_FIXTURE_03,E0_vs_E1,0.01,31,1,0.00011945064022602519,0.01273976322378978,0.9999470515892447,0.1328125
G12_1_FIXTURE_03,E0_vs_E1,0.01,32,1,0.00012756176145638123,0.03497086841746544,0.9999824174775396,0.11328125
G12_1_FIXTURE_03,E1_vs_E2,0.01,0,1,0.0004008949023433574,0.053178070096452146,0.9997679831304357,0.25
G12_1_FIXTURE_03,E1_vs_E2,0.01,1,1,0.00028473179801827774,0.0007940678204363394,0.9998380514403907,0.25
G12_1_FIXTURE_03,E1_vs_E2,0.01,2,1,0.0004119882700216854,0.0018609774944255975,0.9999837846545697,0.125
G12_1_FIXTURE_03,E1_vs_E2,0.01,3,1,9.829938015296503e-05,0.0166992389158942,0.999988335768935,0.125
G12_1_FIXTURE_03,E1_vs_E2,0.01,4,1,0.0001579060752028731,0.010341202559700946,0.9999860347923198,0.125
G12_1_FIXTURE_03,E1_vs_E2,0.01,5,1,0.00018389527715428726,0.029583668118327466,0.999985310481234,0.125
G12_1_FIXTURE_03,E1_vs_E2,0.01,6,1,0.00012836033592907785,0.01927984244855452,0.9999843605311766,0.125
G12_1_FIXTURE_03,E1_vs_E2,0.01,7,1,0.00011000071718039896,0.025460489883007753,0.9999818696519859,0.125
G12_1_FIXTURE_03,E1_vs_E2,0.01,8,1,8.815544320784599e-05,0.009151532727283751,0.9999783672532877,0.15625
G12_1_FIXTURE_03,E1_vs_E2,0.01,9,1,8.644908675105008e-05,0.028593008338363646,0.9999812353316906,0.171875
G12_1_FIXTURE_03,E1_vs_E2,0.01,10,1,0.00010623460233919054,0.05531377142734861,0.9999839531054752,0.140625
G12_1_FIXTURE_03,E1_vs_E2,0.01,11,1,9.108170950893792e-05,0.014368060934426552,0.9999775933986472,0.125
G12_1_FIXTURE_03,E1_vs_E2,0.01,12,1,0.0004717001992838402,0.0646231403795845,0.9999060043188975,0.25
G12_1_FIXTURE_03,E1_vs_E2,0.01,13,1,8.946763949796497e-05,0.013129010564037813,0.9999813703610041,0.15625
G12_1_FIXTURE_03,E1_vs_E2,0.01,14,1,7.696771794109188e-05,0.007862650919147285,0.9999797030190978,0.125
G12_1_FIXTURE_03,E1_vs_E2,0.01,15,1,0.00010705337034152542,0.015739969039886503,0.9999748152921624,0.125
G12_1_FIXTURE_03,E1_vs_E2,0.01,16,1,0.00015273355283928797,0.014501915078025007,0.9999656694778458,0.1875
G12_1_FIXTURE_03,E1_vs_E2,0.01,17,1,9.755491438643204e-05,0.0002633877962470166,0.9999874210763874,0.125
G12_1_FIXTURE_03,E1_vs_E2,0.01,18,1,7.779590013022033e-05,0.026369268635349385,0.9999886045733238,0.125
G12_1_FIXTURE_03,E1_vs_E2,0.01,19,1,6.365655240881665e-05,0.02371511525071135,0.999991865503216,0.125
G12_1_FIXTURE_03,E1_vs_E2,0.01,20,1,0.00011384813658300749,0.008896515019955586,0.9999860979250438,0.09375
G12_1_FIXTURE_03,E1_vs_E2,0.01,21,0,9.245238548419527e-05,0.010563413667924237,0.9999791448240002,0.1875
G12_1_FIXTURE_03,E1_vs_E2,0.01,22,1,9.214418645277477e-05,0.04828201247685904,0.9999862759897543,0.109375
G12_1_FIXTURE_03,E1_vs_E2,0.01,23,1,7.265079639198397e-05,0.010203756264075992,0.9999899416676857,0.125
G12_1_FIXTURE_03,E1_vs_E2,0.01,24,1,8.779088636324113e-05,0.04299399532025028,0.9999894561898115,0.09375
G12_1_FIXTURE_03,E1_vs_E2,0.01,25,1,0.0001881960783584383,0.06941564107491871,0.9999784044492495,0.125
G12_1_FIXTURE_03,E1_vs_E2,0.01,26,1,0.00011711009946056664,0.002403396058131335,0.9999782363835392,0.125
G12_1_FIXTURE_03,E1_vs_E2,0.01,27,1,0.0001408400642283398,0.018344534321215633,0.9999732129096764,0.15625
G12_1_FIXTURE_03,E1_vs_E2,0.01,28,1,0.00015190818974245175,0.009660769017454385,0.9999658668894332,0.125
G12_1_FIXTURE_03,E1_vs_E2,0.01,29,1,8.328211013219032e-05,0.00018007982359691255,0.9999880947783304,0.09375
G12_1_FIXTURE_03,E1_vs_E2,0.01,30,1,8.856214654340195e-05,0.023454323217880102,0.9999795351483712,0.09375
G12_1_FIXTURE_03,E1_vs_E2,0.01,31,1,9.220622646525015e-05,0.022781025813713995,0.9999391572421413,0.12939453125
G12_1_FIXTURE_03,E1_vs_E2,0.01,32,1,9.256279403048072e-05,0.034623791916104096,0.9999826998688973,0.09375
G12_1_FIXTURE_03,E0_vs_E1,0.1,0,1,0.0004169643099517395,0.08346556989392084,0.9998814861438071,0.2265625
G12_1_FIXTURE_03,E0_vs_E1,0.1,1,1,0.00042945621857700745,0.016899781117061252,0.9998591329027811,0.25
G12_1_FIXTURE_03,E0_vs_E1,0.1,2,1,0.00017703745105083208,0.0047124325725196314,0.999987897008628,0.125
G12_1_FIXTURE_03,E0_vs_E1,0.1,3,1,9.318389684721492e-05,0.040998754192406395,0.999991952487125,0.125
G12_1_FIXTURE_03,E0_vs_E1,0.1,4,1,8.254387785053551e-05,0.02553451009269736,0.9999883655094882,0.125
G12_1_FIXTURE_03,E0_vs_E1,0.1,5,1,0.0001451973050020546,0.07309832787015402,0.9999871187570994,0.125
G12_1_FIXTURE_03,E0_vs_E1,0.1,6,1,0.00010121426268837612,0.005655386357513947,0.9999837650693468,0.125
G12_1_FIXTURE_03,E0_vs_E1,0.1,7,1,9.445497335726079e-05,0.03864970370073806,0.9999891620441251,0.125
G12_1_FIXTURE_03,E0_vs_E1,0.1,8,1,0.0001052693959816012,0.023983455258345998,0.9999833078932329,0.125
G12_1_FIXTURE_03,E0_vs_E1,0.1,9,1,8.881310723750195e-05,0.005189677547692284,0.9999861487352589,0.140625
G12_1_FIXTURE_03,E0_vs_E1,0.1,10,1,0.00012056754024120998,0.016694184685201563,0.9999739296588471,0.15625
G12_1_FIXTURE_03,E0_vs_E1,0.1,11,1,7.780117356507308e-05,0.04523955462433804,0.9999842089024025,0.09375
G12_1_FIXTURE_03,E0_vs_E1,0.1,12,1,2.7440898002108866e-05,0.03051048045397664,0.9999135167618272,0.171875
G12_1_FIXTURE_03,E0_vs_E1,0.1,13,1,0.0001425920611331015,0.02994223303903709,0.9999876031229301,0.125
G12_1_FIXTURE_03,E0_vs_E1,0.1,14,1,7.965453568682657e-05,0.00043312755761704125,0.9999885627335392,0.125
G12_1_FIXTURE_03,E0_vs_E1,0.1,15,1,8.896721292985741e-05,0.0056781692412073426,0.9999797408111837,0.125
G12_1_FIXTURE_03,E0_vs_E1,0.1,16,1,0.0001471281884471977,0.028393941249522214,0.9999659413863681,0.125
G12_1_FIXTURE_03,E0_vs_E1,0.1,17,1,0.00010106573971942998,0.005228165772212634,0.9999893646557529,0.15625
G12_1_FIXTURE_03,E0_vs_E1,0.1,18,1,0.00010165386676320597,0.02180117356712863,0.9999818803283187,0.15625
G12_1_FIXTURE_03,E0_vs_E1,0.1,19,1,6.323095809061797e-05,0.00011597297847742993,0.9999908576704775,0.09375
G12_1_FIXTURE_03,E0_vs_E1,0.1,20,1,8.10408608071316e-05,0.009177080840244045,0.9999841640016087,0.125
G12_1_FIXTURE_03,E0_vs_E1,0.1,21,1,0.0001260699429774402,0.04364577396045277,0.9999792027841582,0.140625
G12_1_FIXTURE_03,E0_vs_E1,0.1,22,0,0.00011353772750618968,0.007734004103724601,0.9999894945098626,0.125
G12_1_FIXTURE_03,E0_vs_E1,0.1,23,1,6.407136099741958e-05,0.029093853769621703,0.9999921262840776,0.09375
G12_1_FIXTURE_03,E0_vs_E1,0.1,24,1,7.560615342968699e-05,0.0028662848022520393,0.9999908587417957,0.09375
G12_1_FIXTURE_03,E0_vs_E1,0.1,25,1,7.32696321261004e-05,0.031121769203283023,0.9999873359491315,0.125
G12_1_FIXTURE_03,E0_vs_E1,0.1,26,1,0.00010885853684874399,0.02387286417374135,0.9999782319004461,0.140625
G12_1_FIXTURE_03,E0_vs_E1,0.1,27,1,0.00013560115944069844,0.003460254008803787,0.9999765466263857,0.15625
G12_1_FIXTURE_03,E0_vs_E1,0.1,28,1,0.0001005978758232084,0.006018582735210387,0.9999420374756004,0.15625
G12_1_FIXTURE_03,E0_vs_E1,0.1,29,1,7.429106670091463e-05,0.0029634483353913055,0.9999887904160133,0.09375
G12_1_FIXTURE_03,E0_vs_E1,0.1,30,1,8.481952043863128e-05,0.022419241336150364,0.9999758904222351,0.109375
G12_1_FIXTURE_03,E0_vs_E1,0.1,31,1,7.204459774913193e-05,0.007760465760004109,0.9999811812240763,0.109375
G12_1_FIXTURE_03,E0_vs_E1,0.1,32,1,0.00023423747271485943,0.03484071831841895,0.9999840358211302,0.125
G12_1_FIXTURE_03,E1_vs_E2,0.1,0,1,0.0004590652806877249,0.050290917450990236,0.999890507521434,0.21875
G12_1_FIXTURE_03,E1_vs_E2,0.1,1,1,0.00038720275371301356,0.0117307761199541,0.9998551392865959,0.234375
G12_1_FIXTURE_03,E1_vs_E2,0.1,2,1,0.00016173115708952327,0.057812666251585654,0.9999788149938252,0.1875
G12_1_FIXTURE_03,E1_vs_E2,0.1,3,1,0.00020277651531366554,0.011956001653496529,0.9999890534119006,0.125
G12_1_FIXTURE_03,E1_vs_E2,0.1,4,1,0.00011714449731637557,0.00351374510596969,0.9999842597656994,0.125
G12_1_FIXTURE_03,E1_vs_E2,0.1,5,1,0.00014240567022468246,0.03244615942015017,0.9999843877510667,0.125
G12_1_FIXTURE_03,E1_vs_E2,0.1,6,1,9.849856481986452e-05,0.0061737587909629354,0.999985626067987,0.125
G12_1_FIXTURE_03,E1_vs_E2,0.1,7,1,9.927736555543742e-05,0.005558943753456447,0.9999868482358631,0.125
G12_1_FIXTURE_03,E1_vs_E2,0.1,8,1,9.724616846441597e-05,0.023857171657970966,0.9999760444588559,0.134765625
G12_1_FIXTURE_03,E1_vs_E2,0.1,9,1,9.007072864837182e-05,0.020643236208957916,0.999979774327242,0.15625
G12_1_FIXTURE_03,E1_vs_E2,0.1,10,1,0.0001121767475074262,0.032030801048440694,0.999972019666124,0.15625
G12_1_FIXTURE_03,E1_vs_E2,0.1,11,1,8.497228320592517e-05,0.004937233625433635,0.9999791242881421,0.125
G12_1_FIXTURE_03,E1_vs_E2,0.1,12,1,0.0004784039574032048,0.03575259349999982,0.999910792261144,0.25
G12_1_FIXTURE_03,E1_vs_E2,0.1,13,1,0.00013799951559401516,0.024330735503367507,0.9999847106156999,0.125
G12_1_FIXTURE_03,E1_vs_E2,0.1,14,1,0.00011121958042790612,0.016699071231800033,0.9999864480590548,0.125
G12_1_FIXTURE_03,E1_vs_E2,0.1,15,1,0.00010957070714069748,0.02388689281644929,0.999979877312924,0.125
G12_1_FIXTURE_03,E1_vs_E2,0.1,16,1,0.00011101922210203456,0.004603418960769545,0.9999729591064364,0.125
G12_1_FIXTURE_03,E1_vs_E2,0.1,17,1,7.694866501360524e-05,0.012999829863638013,0.9999898266701049,0.125
G12_1_FIXTURE_03,E1_vs_E2,0.1,18,1,8.981132873412984e-05,0.025787069853736355,0.9999869384591707,0.09375
G12_1_FIXTURE_03,E1_vs_E2,0.1,19,1,7.690533191971784e-05,0.0034116880485584034,0.999991899283142,0.125
G12_1_FIXTURE_03,E1_vs_E2,0.1,20,1,0.00012171447429535346,0.02311405080268436,0.9999852311636352,0.125
G12_1_FIXTURE_03,E1_vs_E2,0.1,21,1,0.00010034674265146075,0.03324727354164736,0.999982426553385,0.15625
G12_1_FIXTURE_03,E1_vs_E2,0.1,22,1,0.00010552486203478905,0.04311320736806579,0.9999825893707174,0.15625
G12_1_FIXTURE_03,E1_vs_E2,0.1,23,1,7.214706926526571e-05,0.002895851149176565,0.9999906301645374,0.125
G12_1_FIXTURE_03,E1_vs_E2,0.1,24,1,9.83561487509365e-05,0.019952514868005977,0.9999889081556517,0.125
G12_1_FIXTURE_03,E1_vs_E2,0.1,25,1,7.430215610395398e-05,0.03002291203801022,0.9999862053176242,0.125
G12_1_FIXTURE_03,E1_vs_E2,0.1,26,1,0.0001419927869457207,0.022427952923843364,0.9999815739092762,0.125
G12_1_FIXTURE_03,E1_vs_E2,0.1,27,1,0.00013101067507044278,0.007192132195086742,0.9999715123928948,0.1875
G12_1_FIXTURE_03,E1_vs_E2,0.1,28,1,0.00013928648401444736,0.024099133356383362,0.9999625620148161,0.3125
G12_1_FIXTURE_03,E1_vs_E2,0.1,29,1,0.00011582023098073358,0.005593286156265975,0.9999854703008396,0.125
G12_1_FIXTURE_03,E1_vs_E2,0.1,30,1,0.0001000724870488966,0.01710265764707941,0.9999707406314657,0.125
G12_1_FIXTURE_03,E1_vs_E2,0.1,31,1,9.541016429110582e-05,0.004366424665693813,0.9999737375793931,0.125
G12_1_FIXTURE_03,E1_vs_E2,0.1,32,1,0.0001085546688795707,0.012680303698543227,0.9999789959090408,0.125
G12_1_FIXTURE_03,E0_vs_E1,97.8516893058,0,1,0.0001809633253469547,0.03914565872747211,0.9997848063825288,0.25
G12_1_FIXTURE_03,E0_vs_E1,97.8516893058,1,1,6.835862770723574e-05,0.14244582456843702,0.9995241720867952,0.3125
G12_1_FIXTURE_03,E0_vs_E1,97.8516893058,2,1,8.083052371724107e-05,0.0009921843825306809,0.9999845658141697,0.125
G12_1_FIXTURE_03,E0_vs_E1,97.8516893058,3,1,0.00011128831984065626,0.005288775591468564,0.9999900122984702,0.125
G12_1_FIXTURE_03,E0_vs_E1,97.8516893058,4,1,0.00011442364734258839,0.036785793173445214,0.9999859943022315,0.125
G12_1_FIXTURE_03,E0_vs_E1,97.8516893058,5,1,0.00015551550378846733,0.002000549156871756,0.9999851928014685,0.1875
G12_1_FIXTURE_03,E0_vs_E1,97.8516893058,6,1,8.353311259338991e-05,0.0351810498435956,0.9999823355982349,0.125
G12_1_FIXTURE_03,E0_vs_E1,97.8516893058,7,1,8.526156643536362e-05,0.03377705483086402,0.999987809962226,0.125
G12_1_FIXTURE_03,E0_vs_E1,97.8516893058,8,1,8.279386327465511e-05,0.0338779528893447,0.9999868352053604,0.09375
G12_1_FIXTURE_03,E0_vs_E1,97.8516893058,9,1,7.975829719971474e-05,0.016178696810090543,0.9999841021125051,0.125
G12_1_FIXTURE_03,E0_vs_E1,97.8516893058,10,1,8.839900860460487e-05,0.010658433191292005,0.9999864918819437,0.125
G12_1_FIXTURE_03,E0_vs_E1,97.8516893058,11,1,7.880142684001668e-05,0.006019781135716329,0.9999826777555014,0.15625
G12_1_FIXTURE_03,E0_vs_E1,97.8516893058,12,1,3.212176073084251e-05,0.06064412752136761,0.9998948157773393,0.162109375
G12_1_FIXTURE_03,E0_vs_E1,97.8516893058,13,1,9.021416473861091e-05,0.01645216650976522,0.9999880552875214,0.125
G12_1_FIXTURE_03,E0_vs_E1,97.8516893058,14,1,7.352230085790596e-05,0.01338035461494158,0.9999831619345643,0.140625
G12_1_FIXTURE_03,E0_vs_E1,97.8516893058,15,1,0.00011637185884507339,0.018809370657240976,0.9999772424886522,0.15625
G12_1_FIXTURE_03,E0_vs_E1,97.8516893058,16,1,0.0001629765648272189,0.027380173414808695,0.9999343327286956,0.1875
G12_1_FIXTURE_03,E0_vs_E1,97.8516893058,17,1,8.965572694758764e-05,0.012964797641505044,0.9999867182730531,0.1875
G12_1_FIXTURE_03,E0_vs_E1,97.8516893058,18,1,6.981353615159063e-05,0.006385995226590779,0.9999898910146972,0.09375
G12_1_FIXTURE_03,E0_vs_E1,97.8516893058,19,1,6.694404790908465e-05,0.011682503982381576,0.9999913807668513,0.09375
G12_1_FIXTURE_03,E0_vs_E1,97.8516893058,20,1,0.00038308427181061883,0.023932545120194604,0.9999845116447282,0.125
G12_1_FIXTURE_03,E0_vs_E1,97.8516893058,21,1,8.429711737078201e-05,0.038344514101900984,0.9999884354495007,0.125
G12_1_FIXTURE_03,E0_vs_E1,97.8516893058,22,1,0.00010003269992707534,0.007860635938868654,0.9999865069985948,0.146484375
G12_1_FIXTURE_03,E0_vs_E1,97.8516893058,23,1,0.00010475838753781159,0.0020930691822407255,0.999986663475591,0.15625
G12_1_FIXTURE_03,E0_vs_E1,97.8516893058,24,1,0.0001370520358355235,0.035668326452285015,0.999985956092851,0.125
G12_1_FIXTURE_03,E0_vs_E1,97.8516893058,25,1,0.00013627834246613627,0.03990128517937741,0.9999842890619909,0.125
G12_1_FIXTURE_03,E0_vs_E1,97.8516893058,26,1,0.00012150379200755038,0.006733008184561129,0.9999812378055443,0.125
G12_1_FIXTURE_03,E0_vs_E1,97.8516893058,27,1,0.00011654219401394756,0.020993035790970893,0.9999780509016862,0.1875
G12_1_FIXTURE_03,E0_vs_E1,97.8516893058,28,1,9.161425034232942e-05,0.014196476442386086,0.9999481795035815,0.15625
G12_1_FIXTURE_03,E0_vs_E1,97.8516893058,29,1,8.07138093050328e-05,0.023055120746144908,0.9999881293564437,0.125
G12_1_FIXTURE_03,E0_vs_E1,97.8516893058,30,1,0.00012620327488506103,0.02071482610262798,0.9999752256577952,0.09375
G12_1_FIXTURE_03,E0_vs_E1,97.8516893058,31,1,9.452446082476709e-05,0.005897748528703062,0.9999813748965752,0.125
G12_1_FIXTURE_03,E0_vs_E1,97.8516893058,32,1,0.00015923152697925832,0.0012384025506388951,0.9999817221321596,0.125
G12_1_FIXTURE_03,E1_vs_E2,97.8516893058,0,1,0.0008310143974321519,0.041481814722059696,0.9998866871717645,0.21875
G12_1_FIXTURE_03,E1_vs_E2,97.8516893058,1,1,5.0409673478082484e-05,0.02620466065391369,0.999854500927498,0.234375
G12_1_FIXTURE_03,E1_vs_E2,97.8516893058,2,1,0.00012246195359057836,0.06431034265672331,0.9999812104330483,0.15625
G12_1_FIXTURE_03,E1_vs_E2,97.8516893058,3,1,0.0001064329897122107,0.02563836754983484,0.9999880776044892,0.125
G12_1_FIXTURE_03,E1_vs_E2,97.8516893058,4,1,0.00010723795319002416,0.029437334195669962,0.9999855691739723,0.125
G12_1_FIXTURE_03,E1_vs_E2,97.8516893058,5,1,0.00013379198252169407,0.005319905715676754,0.999984571315011,0.15625
G12_1_FIXTURE_03,E1_vs_E2,97.8516893058,6,1,0.00012282686740122477,0.028068024707630812,0.9999750488289152,0.1875
G12_1_FIXTURE_03,E1_vs_E2,97.8516893058,7,1,0.0001185435853346167,0.019134326022971493,0.9999827184137241,0.15625
G12_1_FIXTURE_03,E1_vs_E2,97.8516893058,8,1,8.8852084786563e-05,0.015105391558833503,0.9999819179005051,0.125
G12_1_FIXTURE_03,E1_vs_E2,97.8516893058,9,1,8.622958301384811e-05,0.01621382792593984,0.9999854836554959,0.125
G12_1_FIXTURE_03,E1_vs_E2,97.8516893058,10,1,0.00011615715661698829,0.007497141862186751,0.9999822377680797,0.140625
G12_1_FIXTURE_03,E1_vs_E2,97.8516893058,11,1,0.00011285526243406782,0.005587519103542604,0.9999752423685687,0.1875
G12_1_FIXTURE_03,E1_vs_E2,97.8516893058,12,1,5.577016497388978e-05,0.0005277929626714695,0.9999049219343079,0.1875
G12_1_FIXTURE_03,E1_vs_E2,97.8516893058,13,1,8.63420600398804e-05,0.019804551744206478,0.9999853745276249,0.125
G12_1_FIXTURE_03,E1_vs_E2,97.8516893058,14,1,0.00010085344085058453,0.02440950605368286,0.9999753113989635,0.1875
G12_1_FIXTURE_03,E1_vs_E2,97.8516893058,15,1,0.0001002756612327823,0.04016735887482703,0.9999702075668278,0.140625
G12_1_FIXTURE_03,E1_vs_E2,97.8516893058,16,1,0.0001377349719671112,0.0421103247889274,0.9999424599113195,0.1875
G12_1_FIXTURE_03,E1_vs_E2,97.8516893058,17,1,0.00011398471418687996,0.007512957449600677,0.9999861491157279,0.1875
G12_1_FIXTURE_03,E1_vs_E2,97.8516893058,18,1,8.024319643025251e-05,0.022887952740052953,0.9999865377266446,0.09375
G12_1_FIXTURE_03,E1_vs_E2,97.8516893058,19,1,6.939511619471267e-05,0.017540020099177767,0.9999919007089384,0.125
G12_1_FIXTURE_03,E1_vs_E2,97.8516893058,20,1,0.0003493096581777494,0.04568818107738437,0.9999784580474965,0.125
G12_1_FIXTURE_03,E1_vs_E2,97.8516893058,21,1,0.00011417984909274225,0.03656695067498106,0.9999884876300432,0.125
G12_1_FIXTURE_03,E1_vs_E2,97.8516893058,22,1,8.803178490827287e-05,0.02732176054271207,0.999986560688342,0.125
G12_1_FIXTURE_03,E1_vs_E2,97.8516893058,23,1,0.00011106574326052567,0.002941978646862964,0.9999851299817185,0.140625
G12_1_FIXTURE_03,E1_vs_E2,97.8516893058,24,1,0.00012724429336626053,0.05550729276063038,0.9999868012856101,0.125
G12_1_FIXTURE_03,E1_vs_E2,97.8516893058,25,1,0.00011131493642533706,0.01783758140302716,0.9999802035344167,0.15625
G12_1_FIXTURE_03,E1_vs_E2,97.8516893058,26,1,0.00012091348770156587,0.01034489511215142,0.9999827972889938,0.125
G12_1_FIXTURE_03,E1_vs_E2,97.8516893058,27,1,0.000139481319385263,0.004801153332996577,0.999971852084461,0.28125
G12_1_FIXTURE_03,E1_vs_E2,97.8516893058,28,1,0.00014000311231998034,0.02160865321601868,0.9999683257102225,0.125
G12_1_FIXTURE_03,E1_vs_E2,97.8516893058,29,1,7.92387693969272e-05,0.03998203962759561,0.9999880371432467,0.125
G12_1_FIXTURE_03,E1_vs_E2,97.8516893058,30,1,0.00011656879192947442,0.01786001028588835,0.999963560020777,0.12890625
G12_1_FIXTURE_03,E1_vs_E2,97.8516893058,31,1,9.259677683716663e-05,0.009968473143237233,0.9999739774384364,0.125
G12_1_FIXTURE_03,E1_vs_E2,97.8516893058,32,1,0.00015482723306753745,0.04125161388710552,0.9999775584228234,0.1875
G12_1_FIXTURE_04,E0_vs_E1,NO_HOOK,0,1,0.00011129701247590402,0.018481964822747443,0.9999910283051406,0.125
G12_1_FIXTURE_04,E0_vs_E1,NO_HOOK,1,1,0.00011017960777910893,0.013055150939420557,0.9999891771011986,0.125
G12_1_FIXTURE_04,E0_vs_E1,NO_HOOK,2,1,0.00020663839323118338,0.07436189683615702,0.9999770976917683,0.15625
G12_1_FIXTURE_04,E0_vs_E1,NO_HOOK,3,1,0.0001240985601387914,0.022072428326131543,0.9999770682748437,0.15625
G12_1_FIXTURE_04,E0_vs_E1,NO_HOOK,4,1,0.00017589549383869766,0.0015474197567595382,0.9999793963225155,0.15625
G12_1_FIXTURE_04,E0_vs_E1,NO_HOOK,5,1,0.0001442501642292072,0.010930231462747741,0.9999820077077634,0.15625
G12_1_FIXTURE_04,E0_vs_E1,NO_HOOK,6,1,0.00010749294617934824,0.028103224085850087,0.9999783185017503,0.125
G12_1_FIXTURE_04,E0_vs_E1,NO_HOOK,7,1,7.623922689841992e-05,0.00012466898272123217,0.9999784158994209,0.109375
G12_1_FIXTURE_04,E0_vs_E1,NO_HOOK,8,1,0.00012756642831187904,0.016275506267978912,0.9999859750381157,0.140625
G12_1_FIXTURE_04,E0_vs_E1,NO_HOOK,9,1,8.55612880086607e-05,0.0010959033107269534,0.9999746822036257,0.125
G12_1_FIXTURE_04,E0_vs_E1,NO_HOOK,10,1,0.00014089073874972932,0.013655362377321012,0.9999678267755067,0.1875
G12_1_FIXTURE_04,E0_vs_E1,NO_HOOK,11,1,8.679717949574146e-05,0.026285606632626468,0.9999786868297722,0.15625
G12_1_FIXTURE_04,E0_vs_E1,NO_HOOK,12,1,0.000174036386518024,0.016600155009742323,0.9999624289064836,0.1875
G12_1_FIXTURE_04,E0_vs_E1,NO_HOOK,13,1,8.906520108220128e-05,0.0011279537505437531,0.9999880937135787,0.125
G12_1_FIXTURE_04,E0_vs_E1,NO_HOOK,14,0,0.00010268760126344036,0.014869851087635055,0.9999764924772465,0.171875
G12_1_FIXTURE_04,E0_vs_E1,NO_HOOK,15,0,0.00011058367801191154,0.03492862851891765,0.9999873169293728,0.125
G12_1_FIXTURE_04,E0_vs_E1,NO_HOOK,16,1,0.00011578145903737698,0.015001847151539849,0.9999843519190886,0.140625
G12_1_FIXTURE_04,E0_vs_E1,NO_HOOK,17,1,0.00010194959789538847,0.026139720845508307,0.9999648705408857,0.15625
G12_1_FIXTURE_04,E0_vs_E1,NO_HOOK,18,1,7.69236884633655e-05,0.004966446411714287,0.9999737646249697,0.125
G12_1_FIXTURE_04,E0_vs_E1,NO_HOOK,19,1,0.00021734720927277587,0.05996829056426911,0.9999643805352392,0.1875
G12_1_FIXTURE_04,E0_vs_E1,NO_HOOK,20,1,0.00017671461760819214,0.03190633805638754,0.9999737973944245,0.125
G12_1_FIXTURE_04,E0_vs_E1,NO_HOOK,21,1,0.00011837795945858536,0.0017426633578860873,0.9999841764229916,0.125
G12_1_FIXTURE_04,E0_vs_E1,NO_HOOK,22,1,9.848366952861572e-05,0.002167360458026124,0.9999448939776729,0.203125
G12_1_FIXTURE_04,E0_vs_E1,NO_HOOK,23,1,0.00011116930236170733,0.025008407335150196,0.9999805509294525,0.125
G12_1_FIXTURE_04,E0_vs_E1,NO_HOOK,24,1,6.727241853045465e-05,0.019620540386011243,0.9999880163950111,0.09375
G12_1_FIXTURE_04,E0_vs_E1,NO_HOOK,25,1,8.551486361595378e-05,0.025177431816658213,0.9999809787912464,0.125
G12_1_FIXTURE_04,E0_vs_E1,NO_HOOK,26,1,6.470796703892003e-05,0.025148261305279362,0.9999858730492575,0.125
G12_1_FIXTURE_04,E0_vs_E1,NO_HOOK,27,1,0.00011015795544413227,0.0323754073922764,0.9999828894078,0.15625
G12_1_FIXTURE_04,E0_vs_E1,NO_HOOK,28,1,6.410805599761578e-05,0.015620466465291472,0.999987074522517,0.125
G12_1_FIXTURE_04,E0_vs_E1,NO_HOOK,29,1,7.281086485371683e-05,0.011373173265866399,0.9999855477145166,0.125
G12_1_FIXTURE_04,E0_vs_E1,NO_HOOK,30,1,0.00010378039696980348,0.06484261513926981,0.9999833163553926,0.125
G12_1_FIXTURE_04,E0_vs_E1,NO_HOOK,31,1,7.719233452297764e-05,0.005515066475348718,0.999981300360085,0.15625
G12_1_FIXTURE_04,E0_vs_E1,NO_HOOK,32,1,7.445247596465931e-05,0.012953008119151121,0.9999881087132958,0.125
G12_1_FIXTURE_04,E0_vs_E1,NO_HOOK,33,1,5.842484987753153e-05,0.011192528735080032,0.9999888008648586,0.125
G12_1_FIXTURE_04,E0_vs_E1,NO_HOOK,34,1,0.00013021064655091607,0.016490043606795624,0.9999600066756433,0.125
G12_1_FIXTURE_04,E0_vs_E1,NO_HOOK,35,1,9.390809362417419e-05,0.00798266573793427,0.9999854267565065,0.09375
G12_1_FIXTURE_04,E0_vs_E1,NO_HOOK,36,1,0.00016026861576257472,0.04790343363260874,0.9999758895725569,0.125
G12_1_FIXTURE_04,E0_vs_E1,NO_HOOK,37,1,0.00012721701362215082,0.016631124878870196,0.999979936050645,0.125
G12_1_FIXTURE_04,E0_vs_E1,NO_HOOK,38,1,8.190010922718685e-05,0.010897612692856384,0.9999861657028981,0.09375
G12_1_FIXTURE_04,E0_vs_E1,NO_HOOK,39,1,5.1656357283099564e-05,0.00577819360586318,0.9999923755528046,0.09375
G12_1_FIXTURE_04,E0_vs_E1,NO_HOOK,40,1,0.00011245958231147159,0.030224624866965755,0.9999893184414844,0.15625
G12_1_FIXTURE_04,E0_vs_E1,NO_HOOK,41,1,7.588794478094175e-05,0.04215534021090761,0.999981829559011,0.125
G12_1_FIXTURE_04,E0_vs_E1,NO_HOOK,42,1,0.00017516320505834865,0.01865589952006097,0.9999524209538914,0.125
G12_1_FIXTURE_04,E0_vs_E1,NO_HOOK,43,1,6.140258188675648e-05,0.008671496064184936,0.9999867754245397,0.125
G12_1_FIXTURE_04,E0_vs_E1,NO_HOOK,44,1,0.00011957934229253961,0.003014864832499242,0.9999681828885261,0.15625
G12_1_FIXTURE_04,E0_vs_E1,NO_HOOK,45,1,7.425495085969252e-05,0.01574125201299381,0.9999823140488372,0.125
G12_1_FIXTURE_04,E0_vs_E1,NO_HOOK,46,1,0.00010370612484487588,0.02376265004177469,0.9999810845006089,0.125
G12_1_FIXTURE_04,E0_vs_E1,NO_HOOK,47,1,7.312722337851206e-05,0.011633507889442285,0.9999875803852049,0.09375
G12_1_FIXTURE_04,E0_vs_E1,NO_HOOK,48,1,9.515961975925107e-05,0.01689518333403761,0.9999532575142347,0.125
G12_1_FIXTURE_04,E0_vs_E1,NO_HOOK,49,1,8.953831418644781e-05,0.006967330733470334,0.9999847208680288,0.125
G12_1_FIXTURE_04,E0_vs_E1,NO_HOOK,50,1,0.00010381079104079946,0.0227206806491278,0.9999902666310179,0.125
G12_1_FIXTURE_04,E0_vs_E1,NO_HOOK,51,1,6.364287124058937e-05,0.010123847673778386,0.9999767748340586,0.09375
G12_1_FIXTURE_04,E0_vs_E1,NO_HOOK,52,1,0.00010664993434864845,0.006859503183914484,0.9999833198997211,0.125
G12_1_FIXTURE_04,E0_vs_E1,NO_HOOK,53,1,5.96069292876886e-05,0.016620359080283365,0.9999861662629608,0.09375
G12_1_FIXTURE_04,E0_vs_E1,NO_HOOK,54,1,4.3556957615941636e-05,0.004159948027256277,0.999991548259352,0.09375
G12_1_FIXTURE_04,E0_vs_E1,NO_HOOK,55,1,8.276597907567231e-05,0.012561792875573019,0.9999903145066604,0.125
G12_1_FIXTURE_04,E0_vs_E1,NO_HOOK,56,1,8.200529517919723e-05,0.002705328378311833,0.999984338754608,0.140625
G12_1_FIXTURE_04,E0_vs_E1,NO_HOOK,57,1,0.00011948903446431888,0.051990396396664806,0.9999742111069493,0.10546875
G12_1_FIXTURE_04,E0_vs_E1,NO_HOOK,58,1,8.181244786872031e-05,0.006271288909127648,0.9999874433649855,0.09375
G12_1_FIXTURE_04,E0_vs_E1,NO_HOOK,59,1,9.518162002908261e-05,0.007335931449080846,0.999989009877422,0.125
G12_1_FIXTURE_04,E0_vs_E1,NO_HOOK,60,1,3.5670219705505364e-05,0.032684454169270793,0.9999438348704917,0.1875
G12_1_FIXTURE_04,E0_vs_E1,NO_HOOK,61,1,8.404674201823218e-05,0.030471535899007307,0.999987187421792,0.125
G12_1_FIXTURE_04,E0_vs_E1,NO_HOOK,62,1,0.0001053578879063237,0.021667705789981895,0.9999719912376425,0.125
G12_1_FIXTURE_04,E0_vs_E1,NO_HOOK,63,1,8.71154527051278e-05,0.007365725164298453,0.9999838923812943,0.09375
G12_1_FIXTURE_04,E0_vs_E1,NO_HOOK,64,1,8.254365369073167e-05,0.01888448811201293,0.9999521303712678,0.125
G12_1_FIXTURE_04,E1_vs_E2,NO_HOOK,0,1,0.00011908505497983172,0.00028509165113455026,0.9999876009270244,0.125
G12_1_FIXTURE_04,E1_vs_E2,NO_HOOK,1,1,0.0001352138713241397,0.03376796697520135,0.9999865776683429,0.125
G12_1_FIXTURE_04,E1_vs_E2,NO_HOOK,2,1,0.00016457029889895269,0.08995069610100082,0.9999764926460051,0.1875
G12_1_FIXTURE_04,E1_vs_E2,NO_HOOK,3,1,0.00016848287970643516,0.030334916051293348,0.9999672469886592,0.15625
G12_1_FIXTURE_04,E1_vs_E2,NO_HOOK,4,1,0.0002888376287896029,0.008505132645963087,0.9999675035569168,0.203125
G12_1_FIXTURE_04,E1_vs_E2,NO_HOOK,5,1,0.00023289334708537687,0.08559657136375165,0.9999661420168698,0.1875
G12_1_FIXTURE_04,E1_vs_E2,NO_HOOK,6,1,0.0001745604672439816,0.014705793010239887,0.9999713034305746,0.140625
G12_1_FIXTURE_04,E1_vs_E2,NO_HOOK,7,1,0.00022760728938834532,0.016698514773908713,0.9999657396664015,0.15625
G12_1_FIXTURE_04,E1_vs_E2,NO_HOOK,8,1,0.00019652157785927937,0.04050250745601325,0.9999817576146798,0.15625
G12_1_FIXTURE_04,E1_vs_E2,NO_HOOK,9,1,9.583567902763252e-05,0.01905947215234427,0.9999684302790465,0.125
G12_1_FIXTURE_04,E1_vs_E2,NO_HOOK,10,1,8.900534594853882e-05,0.021664037207850484,0.9999791347744963,0.125
G12_1_FIXTURE_04,E1_vs_E2,NO_HOOK,11,1,0.00011096950128192709,0.012614783300392673,0.9999768650294381,0.125
G12_1_FIXTURE_04,E1_vs_E2,NO_HOOK,12,1,0.00010312810154307234,0.03799381589177919,0.9999744020117942,0.125
G12_1_FIXTURE_04,E1_vs_E2,NO_HOOK,13,1,9.870559881525111e-05,0.0026970350341688487,0.9999828948334661,0.15625
G12_1_FIXTURE_04,E1_vs_E2,NO_HOOK,14,0,0.00011792356289662675,0.010488124508958308,0.9999825161724902,0.125
G12_1_FIXTURE_04,E1_vs_E2,NO_HOOK,15,0,0.00013602163105515112,0.03388188146893256,0.9999832178884527,0.12890625
G12_1_FIXTURE_04,E1_vs_E2,NO_HOOK,16,1,0.00011269090007206943,0.020401537779521917,0.9999863789306611,0.125
G12_1_FIXTURE_04,E1_vs_E2,NO_HOOK,17,1,7.34236056372772e-05,0.0008756513533860755,0.9999500785029019,0.15625
G12_1_FIXTURE_04,E1_vs_E2,NO_HOOK,18,1,7.472633364555311e-05,0.0007431313734453937,0.9999711809594818,0.125
G12_1_FIXTURE_04,E1_vs_E2,NO_HOOK,19,1,0.00012302600362233923,0.024695449985138396,0.9999759991932503,0.125
G12_1_FIXTURE_04,E1_vs_E2,NO_HOOK,20,1,0.00010879038303615707,0.02173797293774804,0.9999794398943418,0.109375
G12_1_FIXTURE_04,E1_vs_E2,NO_HOOK,21,1,0.0001292563463471492,0.0050044883266924245,0.9999792685280641,0.125
G12_1_FIXTURE_04,E1_vs_E2,NO_HOOK,22,1,0.00012393372408124948,0.013068506067673624,0.9999788587899406,0.125
G12_1_FIXTURE_04,E1_vs_E2,NO_HOOK,23,1,0.00011195882189452434,0.01663567774336272,0.9999741455489285,0.140625
G12_1_FIXTURE_04,E1_vs_E2,NO_HOOK,24,1,8.652152705550703e-05,0.011881777471117516,0.9999856212773475,0.15625
G12_1_FIXTURE_04,E1_vs_E2,NO_HOOK,25,1,9.26286106362012e-05,0.014252315501444457,0.999987691591348,0.1875
G12_1_FIXTURE_04,E1_vs_E2,NO_HOOK,26,0,0.00011232184834931503,0.04361659885219282,0.9999885751306029,0.125
G12_1_FIXTURE_04,E1_vs_E2,NO_HOOK,27,1,8.420192055055376e-05,0.01866701789453984,0.999989590699126,0.125
G12_1_FIXTURE_04,E1_vs_E2,NO_HOOK,28,1,9.19135431752216e-05,0.012336130523069144,0.9999858936434574,0.125
G12_1_FIXTURE_04,E1_vs_E2,NO_HOOK,29,1,8.870140583835444e-05,0.004578202033430401,0.999976706013055,0.125
G12_1_FIXTURE_04,E1_vs_E2,NO_HOOK,30,1,0.00011231370953594541,0.03925974995038928,0.9999720434701997,0.15625
G12_1_FIXTURE_04,E1_vs_E2,NO_HOOK,31,1,7.878383445171917e-05,0.007811760322050887,0.999985462433531,0.125
G12_1_FIXTURE_04,E1_vs_E2,NO_HOOK,32,1,7.473344101463177e-05,0.02007443462930425,0.9999818205550398,0.109375
G12_1_FIXTURE_04,E1_vs_E2,NO_HOOK,33,1,8.521981311624958e-05,0.019973934401496862,0.9999859722790573,0.1875
G12_1_FIXTURE_04,E1_vs_E2,NO_HOOK,34,1,0.0001333332542741938,0.01277495937372386,0.9999510146531194,0.115234375
G12_1_FIXTURE_04,E1_vs_E2,NO_HOOK,35,1,6.662345838141982e-05,0.001518728194788821,0.9999880727309126,0.125
G12_1_FIXTURE_04,E1_vs_E2,NO_HOOK,36,1,0.00012823988390050286,0.02999121337466626,0.9999610991012376,0.15625
G12_1_FIXTURE_04,E1_vs_E2,NO_HOOK,37,1,0.00010563031753405439,0.0073759401677993,0.9999808490048812,0.125
G12_1_FIXTURE_04,E1_vs_E2,NO_HOOK,38,1,8.334386229908505e-05,0.028114432308031567,0.9999853966058744,0.125
G12_1_FIXTURE_04,E1_vs_E2,NO_HOOK,39,1,6.643465725811254e-05,7.722385988984115e-05,0.9999902470188228,0.125
G12_1_FIXTURE_04,E1_vs_E2,NO_HOOK,40,1,6.249571648603395e-05,0.0032408520740201396,0.9999889490233403,0.125
G12_1_FIXTURE_04,E1_vs_E2,NO_HOOK,41,1,0.0001112421236611287,0.024178114546945295,0.9999675873308187,0.15625
G12_1_FIXTURE_04,E1_vs_E2,NO_HOOK,42,1,0.00014547223002350955,0.0215653191116445,0.9999680797432109,0.125
G12_1_FIXTURE_04,E1_vs_E2,NO_HOOK,43,1,9.682928355092557e-05,0.019749479110474866,0.9999830078583187,0.125
G12_1_FIXTURE_04,E1_vs_E2,NO_HOOK,44,1,0.00010823832176511342,0.004296843373344572,0.9999572552870125,0.15625
G12_1_FIXTURE_04,E1_vs_E2,NO_HOOK,45,1,8.325922499274036e-05,0.00929444253947942,0.9999796345872496,0.15625
G12_1_FIXTURE_04,E1_vs_E2,NO_HOOK,46,1,0.00011194175656204406,0.04091909128197457,0.9999808074543927,0.15625
G12_1_FIXTURE_04,E1_vs_E2,NO_HOOK,47,1,7.421080107441585e-05,0.005640162047324537,0.9999862896948213,0.15625
G12_1_FIXTURE_04,E1_vs_E2,NO_HOOK,48,0,0.00011964184583046809,0.0006791379407253828,0.9999406551566647,0.15625
G12_1_FIXTURE_04,E1_vs_E2,NO_HOOK,49,1,7.139669109838649e-05,0.010527888495184712,0.9999883738608281,0.09375
G12_1_FIXTURE_04,E1_vs_E2,NO_HOOK,50,1,6.399707962438027e-05,0.037240303275936526,0.9999863180065536,0.125
G12_1_FIXTURE_04,E1_vs_E2,NO_HOOK,51,1,5.742281441462962e-05,0.003952188364790388,0.9999752389307294,0.125
G12_1_FIXTURE_04,E1_vs_E2,NO_HOOK,52,1,8.040956197476786e-05,0.003748590909900429,0.9999833244624088,0.109375
G12_1_FIXTURE_04,E1_vs_E2,NO_HOOK,53,1,8.662650597433558e-05,0.018122901662650293,0.9999805398924789,0.125
G12_1_FIXTURE_04,E1_vs_E2,NO_HOOK,54,0,7.542183142634584e-05,0.017374422180591154,0.9999817996608034,0.140625
G12_1_FIXTURE_04,E1_vs_E2,NO_HOOK,55,1,5.322101839946831e-05,0.008620084172854092,0.9999917540229519,0.109375
G12_1_FIXTURE_04,E1_vs_E2,NO_HOOK,56,1,0.00011636972395934675,0.018947721849203347,0.9999871246248085,0.125
G12_1_FIXTURE_04,E1_vs_E2,NO_HOOK,57,1,0.00013355088823948798,0.004965926783095043,0.9999692161197858,0.125
G12_1_FIXTURE_04,E1_vs_E2,NO_HOOK,58,1,0.00010085050314511562,0.02203715981195309,0.9999787515865053,0.21875
G12_1_FIXTURE_04,E1_vs_E2,NO_HOOK,59,1,7.477399951644084e-05,0.009231247840437717,0.999987431514705,0.125
G12_1_FIXTURE_04,E1_vs_E2,NO_HOOK,60,1,0.00028785251608377056,0.07124242848396989,0.9998799031053703,0.28125
G12_1_FIXTURE_04,E1_vs_E2,NO_HOOK,61,1,6.879733593380093e-05,0.0018180674780374773,0.9999866905731082,0.125
G12_1_FIXTURE_04,E1_vs_E2,NO_HOOK,62,1,0.00014811921952051954,0.018478767087195536,0.9999739386656902,0.1123046875
G12_1_FIXTURE_04,E1_vs_E2,NO_HOOK,63,1,0.00010348366103073778,0.061560223672451286,0.9999762431778768,0.125
G12_1_FIXTURE_04,E1_vs_E2,NO_HOOK,64,1,8.955221443757199e-05,0.026615188857972427,0.99997772495558,0.125
G12_1_FIXTURE_04,E0_vs_E1,0,0,1,0.00011129701247590402,0.018481964822747443,0.9999910283051406,0.125
G12_1_FIXTURE_04,E0_vs_E1,0,1,1,0.00011017960777910893,0.013055150939420557,0.9999891771011986,0.125
G12_1_FIXTURE_04,E0_vs_E1,0,2,1,0.00020663839323118338,0.07436189683615702,0.9999770976917683,0.15625
G12_1_FIXTURE_04,E0_vs_E1,0,3,1,0.0001240985601387914,0.022072428326131543,0.9999770682748437,0.15625
G12_1_FIXTURE_04,E0_vs_E1,0,4,1,0.00017589549383869766,0.0015474197567595382,0.9999793963225155,0.15625
G12_1_FIXTURE_04,E0_vs_E1,0,5,1,0.0001442501642292072,0.010930231462747741,0.9999820077077634,0.15625
G12_1_FIXTURE_04,E0_vs_E1,0,6,1,0.00010749294617934824,0.028103224085850087,0.9999783185017503,0.125
G12_1_FIXTURE_04,E0_vs_E1,0,7,1,7.623922689841992e-05,0.00012466898272123217,0.9999784158994209,0.109375
G12_1_FIXTURE_04,E0_vs_E1,0,8,1,0.00012756642831187904,0.016275506267978912,0.9999859750381157,0.140625
G12_1_FIXTURE_04,E0_vs_E1,0,9,1,8.55612880086607e-05,0.0010959033107269534,0.9999746822036257,0.125
G12_1_FIXTURE_04,E0_vs_E1,0,10,1,0.00014089073874972932,0.013655362377321012,0.9999678267755067,0.1875
G12_1_FIXTURE_04,E0_vs_E1,0,11,1,8.679717949574146e-05,0.026285606632626468,0.9999786868297722,0.15625
G12_1_FIXTURE_04,E0_vs_E1,0,12,1,0.000174036386518024,0.016600155009742323,0.9999624289064836,0.1875
G12_1_FIXTURE_04,E0_vs_E1,0,13,1,8.906520108220128e-05,0.0011279537505437531,0.9999880937135787,0.125
G12_1_FIXTURE_04,E0_vs_E1,0,14,0,0.00010268760126344036,0.014869851087635055,0.9999764924772465,0.171875
G12_1_FIXTURE_04,E0_vs_E1,0,15,0,0.00011058367801191154,0.03492862851891765,0.9999873169293728,0.125
G12_1_FIXTURE_04,E0_vs_E1,0,16,1,0.00011578145903737698,0.015001847151539849,0.9999843519190886,0.140625
G12_1_FIXTURE_04,E0_vs_E1,0,17,1,0.00010194959789538847,0.026139720845508307,0.9999648705408857,0.15625
G12_1_FIXTURE_04,E0_vs_E1,0,18,1,7.69236884633655e-05,0.004966446411714287,0.9999737646249697,0.125
G12_1_FIXTURE_04,E0_vs_E1,0,19,1,0.00021734720927277587,0.05996829056426911,0.9999643805352392,0.1875
G12_1_FIXTURE_04,E0_vs_E1,0,20,1,0.00017671461760819214,0.03190633805638754,0.9999737973944245,0.125
G12_1_FIXTURE_04,E0_vs_E1,0,21,1,0.00011837795945858536,0.0017426633578860873,0.9999841764229916,0.125
G12_1_FIXTURE_04,E0_vs_E1,0,22,1,9.848366952861572e-05,0.002167360458026124,0.9999448939776729,0.203125
G12_1_FIXTURE_04,E0_vs_E1,0,23,1,0.00011116930236170733,0.025008407335150196,0.9999805509294525,0.125
G12_1_FIXTURE_04,E0_vs_E1,0,24,1,6.727241853045465e-05,0.019620540386011243,0.9999880163950111,0.09375
G12_1_FIXTURE_04,E0_vs_E1,0,25,1,8.551486361595378e-05,0.025177431816658213,0.9999809787912464,0.125
G12_1_FIXTURE_04,E0_vs_E1,0,26,1,6.470796703892003e-05,0.025148261305279362,0.9999858730492575,0.125
G12_1_FIXTURE_04,E0_vs_E1,0,27,1,0.00011015795544413227,0.0323754073922764,0.9999828894078,0.15625
G12_1_FIXTURE_04,E0_vs_E1,0,28,1,6.410805599761578e-05,0.015620466465291472,0.999987074522517,0.125
G12_1_FIXTURE_04,E0_vs_E1,0,29,1,7.281086485371683e-05,0.011373173265866399,0.9999855477145166,0.125
G12_1_FIXTURE_04,E0_vs_E1,0,30,1,0.00010378039696980348,0.06484261513926981,0.9999833163553926,0.125
G12_1_FIXTURE_04,E0_vs_E1,0,31,1,7.719233452297764e-05,0.005515066475348718,0.999981300360085,0.15625
G12_1_FIXTURE_04,E0_vs_E1,0,32,1,7.445247596465931e-05,0.012953008119151121,0.9999881087132958,0.125
G12_1_FIXTURE_04,E0_vs_E1,0,33,1,5.842484987753153e-05,0.011192528735080032,0.9999888008648586,0.125
G12_1_FIXTURE_04,E0_vs_E1,0,34,1,0.00013021064655091607,0.016490043606795624,0.9999600066756433,0.125
G12_1_FIXTURE_04,E0_vs_E1,0,35,1,9.390809362417419e-05,0.00798266573793427,0.9999854267565065,0.09375
G12_1_FIXTURE_04,E0_vs_E1,0,36,1,0.00016026861576257472,0.04790343363260874,0.9999758895725569,0.125
G12_1_FIXTURE_04,E0_vs_E1,0,37,1,0.00012721701362215082,0.016631124878870196,0.999979936050645,0.125
G12_1_FIXTURE_04,E0_vs_E1,0,38,1,8.190010922718685e-05,0.010897612692856384,0.9999861657028981,0.09375
G12_1_FIXTURE_04,E0_vs_E1,0,39,1,5.1656357283099564e-05,0.00577819360586318,0.9999923755528046,0.09375
G12_1_FIXTURE_04,E0_vs_E1,0,40,1,0.00011245958231147159,0.030224624866965755,0.9999893184414844,0.15625
G12_1_FIXTURE_04,E0_vs_E1,0,41,1,7.588794478094175e-05,0.04215534021090761,0.999981829559011,0.125
G12_1_FIXTURE_04,E0_vs_E1,0,42,1,0.00017516320505834865,0.01865589952006097,0.9999524209538914,0.125
G12_1_FIXTURE_04,E0_vs_E1,0,43,1,6.140258188675648e-05,0.008671496064184936,0.9999867754245397,0.125
G12_1_FIXTURE_04,E0_vs_E1,0,44,1,0.00011957934229253961,0.003014864832499242,0.9999681828885261,0.15625
G12_1_FIXTURE_04,E0_vs_E1,0,45,1,7.425495085969252e-05,0.01574125201299381,0.9999823140488372,0.125
G12_1_FIXTURE_04,E0_vs_E1,0,46,1,0.00010370612484487588,0.02376265004177469,0.9999810845006089,0.125
G12_1_FIXTURE_04,E0_vs_E1,0,47,1,7.312722337851206e-05,0.011633507889442285,0.9999875803852049,0.09375
G12_1_FIXTURE_04,E0_vs_E1,0,48,1,9.515961975925107e-05,0.01689518333403761,0.9999532575142347,0.125
G12_1_FIXTURE_04,E0_vs_E1,0,49,1,8.953831418644781e-05,0.006967330733470334,0.9999847208680288,0.125
G12_1_FIXTURE_04,E0_vs_E1,0,50,1,0.00010381079104079946,0.0227206806491278,0.9999902666310179,0.125
G12_1_FIXTURE_04,E0_vs_E1,0,51,1,6.364287124058937e-05,0.010123847673778386,0.9999767748340586,0.09375
G12_1_FIXTURE_04,E0_vs_E1,0,52,1,0.00010664993434864845,0.006859503183914484,0.9999833198997211,0.125
G12_1_FIXTURE_04,E0_vs_E1,0,53,1,5.96069292876886e-05,0.016620359080283365,0.9999861662629608,0.09375
G12_1_FIXTURE_04,E0_vs_E1,0,54,1,4.3556957615941636e-05,0.004159948027256277,0.999991548259352,0.09375
G12_1_FIXTURE_04,E0_vs_E1,0,55,1,8.276597907567231e-05,0.012561792875573019,0.9999903145066604,0.125
G12_1_FIXTURE_04,E0_vs_E1,0,56,1,8.200529517919723e-05,0.002705328378311833,0.999984338754608,0.140625
G12_1_FIXTURE_04,E0_vs_E1,0,57,1,0.00011948903446431888,0.051990396396664806,0.9999742111069493,0.10546875
G12_1_FIXTURE_04,E0_vs_E1,0,58,1,8.181244786872031e-05,0.006271288909127648,0.9999874433649855,0.09375
G12_1_FIXTURE_04,E0_vs_E1,0,59,1,9.518162002908261e-05,0.007335931449080846,0.999989009877422,0.125
G12_1_FIXTURE_04,E0_vs_E1,0,60,1,3.5670219705505364e-05,0.032684454169270793,0.9999438348704917,0.1875
G12_1_FIXTURE_04,E0_vs_E1,0,61,1,8.404674201823218e-05,0.030471535899007307,0.999987187421792,0.125
G12_1_FIXTURE_04,E0_vs_E1,0,62,1,0.0001053578879063237,0.021667705789981895,0.9999719912376425,0.125
G12_1_FIXTURE_04,E0_vs_E1,0,63,1,8.71154527051278e-05,0.007365725164298453,0.9999838923812943,0.09375
G12_1_FIXTURE_04,E0_vs_E1,0,64,1,8.254365369073167e-05,0.01888448811201293,0.9999521303712678,0.125
G12_1_FIXTURE_04,E1_vs_E2,0,0,1,0.00011908505497983172,0.00028509165113455026,0.9999876009270244,0.125
G12_1_FIXTURE_04,E1_vs_E2,0,1,1,0.0001352138713241397,0.03376796697520135,0.9999865776683429,0.125
G12_1_FIXTURE_04,E1_vs_E2,0,2,1,0.00016457029889895269,0.08995069610100082,0.9999764926460051,0.1875
G12_1_FIXTURE_04,E1_vs_E2,0,3,1,0.00016848287970643516,0.030334916051293348,0.9999672469886592,0.15625
G12_1_FIXTURE_04,E1_vs_E2,0,4,1,0.0002888376287896029,0.008505132645963087,0.9999675035569168,0.203125
G12_1_FIXTURE_04,E1_vs_E2,0,5,1,0.00023289334708537687,0.08559657136375165,0.9999661420168698,0.1875
G12_1_FIXTURE_04,E1_vs_E2,0,6,1,0.0001745604672439816,0.014705793010239887,0.9999713034305746,0.140625
G12_1_FIXTURE_04,E1_vs_E2,0,7,1,0.00022760728938834532,0.016698514773908713,0.9999657396664015,0.15625
G12_1_FIXTURE_04,E1_vs_E2,0,8,1,0.00019652157785927937,0.04050250745601325,0.9999817576146798,0.15625
G12_1_FIXTURE_04,E1_vs_E2,0,9,1,9.583567902763252e-05,0.01905947215234427,0.9999684302790465,0.125
G12_1_FIXTURE_04,E1_vs_E2,0,10,1,8.900534594853882e-05,0.021664037207850484,0.9999791347744963,0.125
G12_1_FIXTURE_04,E1_vs_E2,0,11,1,0.00011096950128192709,0.012614783300392673,0.9999768650294381,0.125
G12_1_FIXTURE_04,E1_vs_E2,0,12,1,0.00010312810154307234,0.03799381589177919,0.9999744020117942,0.125
G12_1_FIXTURE_04,E1_vs_E2,0,13,1,9.870559881525111e-05,0.0026970350341688487,0.9999828948334661,0.15625
G12_1_FIXTURE_04,E1_vs_E2,0,14,0,0.00011792356289662675,0.010488124508958308,0.9999825161724902,0.125
G12_1_FIXTURE_04,E1_vs_E2,0,15,0,0.00013602163105515112,0.03388188146893256,0.9999832178884527,0.12890625
G12_1_FIXTURE_04,E1_vs_E2,0,16,1,0.00011269090007206943,0.020401537779521917,0.9999863789306611,0.125
G12_1_FIXTURE_04,E1_vs_E2,0,17,1,7.34236056372772e-05,0.0008756513533860755,0.9999500785029019,0.15625
G12_1_FIXTURE_04,E1_vs_E2,0,18,1,7.472633364555311e-05,0.0007431313734453937,0.9999711809594818,0.125
G12_1_FIXTURE_04,E1_vs_E2,0,19,1,0.00012302600362233923,0.024695449985138396,0.9999759991932503,0.125
G12_1_FIXTURE_04,E1_vs_E2,0,20,1,0.00010879038303615707,0.02173797293774804,0.9999794398943418,0.109375
G12_1_FIXTURE_04,E1_vs_E2,0,21,1,0.0001292563463471492,0.0050044883266924245,0.9999792685280641,0.125
G12_1_FIXTURE_04,E1_vs_E2,0,22,1,0.00012393372408124948,0.013068506067673624,0.9999788587899406,0.125
G12_1_FIXTURE_04,E1_vs_E2,0,23,1,0.00011195882189452434,0.01663567774336272,0.9999741455489285,0.140625
G12_1_FIXTURE_04,E1_vs_E2,0,24,1,8.652152705550703e-05,0.011881777471117516,0.9999856212773475,0.15625
G12_1_FIXTURE_04,E1_vs_E2,0,25,1,9.26286106362012e-05,0.014252315501444457,0.999987691591348,0.1875
G12_1_FIXTURE_04,E1_vs_E2,0,26,0,0.00011232184834931503,0.04361659885219282,0.9999885751306029,0.125
G12_1_FIXTURE_04,E1_vs_E2,0,27,1,8.420192055055376e-05,0.01866701789453984,0.999989590699126,0.125
G12_1_FIXTURE_04,E1_vs_E2,0,28,1,9.19135431752216e-05,0.012336130523069144,0.9999858936434574,0.125
G12_1_FIXTURE_04,E1_vs_E2,0,29,1,8.870140583835444e-05,0.004578202033430401,0.999976706013055,0.125
G12_1_FIXTURE_04,E1_vs_E2,0,30,1,0.00011231370953594541,0.03925974995038928,0.9999720434701997,0.15625
G12_1_FIXTURE_04,E1_vs_E2,0,31,1,7.878383445171917e-05,0.007811760322050887,0.999985462433531,0.125
G12_1_FIXTURE_04,E1_vs_E2,0,32,1,7.473344101463177e-05,0.02007443462930425,0.9999818205550398,0.109375
G12_1_FIXTURE_04,E1_vs_E2,0,33,1,8.521981311624958e-05,0.019973934401496862,0.9999859722790573,0.1875
G12_1_FIXTURE_04,E1_vs_E2,0,34,1,0.0001333332542741938,0.01277495937372386,0.9999510146531194,0.115234375
G12_1_FIXTURE_04,E1_vs_E2,0,35,1,6.662345838141982e-05,0.001518728194788821,0.9999880727309126,0.125
G12_1_FIXTURE_04,E1_vs_E2,0,36,1,0.00012823988390050286,0.02999121337466626,0.9999610991012376,0.15625
G12_1_FIXTURE_04,E1_vs_E2,0,37,1,0.00010563031753405439,0.0073759401677993,0.9999808490048812,0.125
G12_1_FIXTURE_04,E1_vs_E2,0,38,1,8.334386229908505e-05,0.028114432308031567,0.9999853966058744,0.125
G12_1_FIXTURE_04,E1_vs_E2,0,39,1,6.643465725811254e-05,7.722385988984115e-05,0.9999902470188228,0.125
G12_1_FIXTURE_04,E1_vs_E2,0,40,1,6.249571648603395e-05,0.0032408520740201396,0.9999889490233403,0.125
G12_1_FIXTURE_04,E1_vs_E2,0,41,1,0.0001112421236611287,0.024178114546945295,0.9999675873308187,0.15625
G12_1_FIXTURE_04,E1_vs_E2,0,42,1,0.00014547223002350955,0.0215653191116445,0.9999680797432109,0.125
G12_1_FIXTURE_04,E1_vs_E2,0,43,1,9.682928355092557e-05,0.019749479110474866,0.9999830078583187,0.125
G12_1_FIXTURE_04,E1_vs_E2,0,44,1,0.00010823832176511342,0.004296843373344572,0.9999572552870125,0.15625
G12_1_FIXTURE_04,E1_vs_E2,0,45,1,8.325922499274036e-05,0.00929444253947942,0.9999796345872496,0.15625
G12_1_FIXTURE_04,E1_vs_E2,0,46,1,0.00011194175656204406,0.04091909128197457,0.9999808074543927,0.15625
G12_1_FIXTURE_04,E1_vs_E2,0,47,1,7.421080107441585e-05,0.005640162047324537,0.9999862896948213,0.15625
G12_1_FIXTURE_04,E1_vs_E2,0,48,0,0.00011964184583046809,0.0006791379407253828,0.9999406551566647,0.15625
G12_1_FIXTURE_04,E1_vs_E2,0,49,1,7.139669109838649e-05,0.010527888495184712,0.9999883738608281,0.09375
G12_1_FIXTURE_04,E1_vs_E2,0,50,1,6.399707962438027e-05,0.037240303275936526,0.9999863180065536,0.125
G12_1_FIXTURE_04,E1_vs_E2,0,51,1,5.742281441462962e-05,0.003952188364790388,0.9999752389307294,0.125
G12_1_FIXTURE_04,E1_vs_E2,0,52,1,8.040956197476786e-05,0.003748590909900429,0.9999833244624088,0.109375
G12_1_FIXTURE_04,E1_vs_E2,0,53,1,8.662650597433558e-05,0.018122901662650293,0.9999805398924789,0.125
G12_1_FIXTURE_04,E1_vs_E2,0,54,0,7.542183142634584e-05,0.017374422180591154,0.9999817996608034,0.140625
G12_1_FIXTURE_04,E1_vs_E2,0,55,1,5.322101839946831e-05,0.008620084172854092,0.9999917540229519,0.109375
G12_1_FIXTURE_04,E1_vs_E2,0,56,1,0.00011636972395934675,0.018947721849203347,0.9999871246248085,0.125
G12_1_FIXTURE_04,E1_vs_E2,0,57,1,0.00013355088823948798,0.004965926783095043,0.9999692161197858,0.125
G12_1_FIXTURE_04,E1_vs_E2,0,58,1,0.00010085050314511562,0.02203715981195309,0.9999787515865053,0.21875
G12_1_FIXTURE_04,E1_vs_E2,0,59,1,7.477399951644084e-05,0.009231247840437717,0.999987431514705,0.125
G12_1_FIXTURE_04,E1_vs_E2,0,60,1,0.00028785251608377056,0.07124242848396989,0.9998799031053703,0.28125
G12_1_FIXTURE_04,E1_vs_E2,0,61,1,6.879733593380093e-05,0.0018180674780374773,0.9999866905731082,0.125
G12_1_FIXTURE_04,E1_vs_E2,0,62,1,0.00014811921952051954,0.018478767087195536,0.9999739386656902,0.1123046875
G12_1_FIXTURE_04,E1_vs_E2,0,63,1,0.00010348366103073778,0.061560223672451286,0.9999762431778768,0.125
G12_1_FIXTURE_04,E1_vs_E2,0,64,1,8.955221443757199e-05,0.026615188857972427,0.99997772495558,0.125
G12_1_FIXTURE_04,E0_NOHOOK_vs_ALPHA0,0,0,1,0.0,0.0,1.0,0.0
G12_1_FIXTURE_04,E0_NOHOOK_vs_ALPHA0,0,1,1,0.0,0.0,1.0000000000000002,0.0
G12_1_FIXTURE_04,E0_NOHOOK_vs_ALPHA0,0,2,1,0.0,0.0,1.0,0.0
G12_1_FIXTURE_04,E0_NOHOOK_vs_ALPHA0,0,3,1,0.0,0.0,1.0,0.0
G12_1_FIXTURE_04,E0_NOHOOK_vs_ALPHA0,0,4,1,0.0,0.0,1.0000000000000002,0.0
G12_1_FIXTURE_04,E0_NOHOOK_vs_ALPHA0,0,5,1,0.0,0.0,1.0000000000000002,0.0
G12_1_FIXTURE_04,E0_NOHOOK_vs_ALPHA0,0,6,1,0.0,0.0,1.0,0.0
G12_1_FIXTURE_04,E0_NOHOOK_vs_ALPHA0,0,7,1,0.0,0.0,1.0000000000000002,0.0
G12_1_FIXTURE_04,E0_NOHOOK_vs_ALPHA0,0,8,1,0.0,0.0,0.9999999999999999,0.0
G12_1_FIXTURE_04,E0_NOHOOK_vs_ALPHA0,0,9,1,0.0,0.0,0.9999999999999999,0.0
G12_1_FIXTURE_04,E0_NOHOOK_vs_ALPHA0,0,10,1,0.0,0.0,0.9999999999999999,0.0
G12_1_FIXTURE_04,E0_NOHOOK_vs_ALPHA0,0,11,1,0.0,0.0,1.0,0.0
G12_1_FIXTURE_04,E0_NOHOOK_vs_ALPHA0,0,12,1,0.0,0.0,1.0,0.0
G12_1_FIXTURE_04,E0_NOHOOK_vs_ALPHA0,0,13,1,0.0,0.0,1.0000000000000002,0.0
G12_1_FIXTURE_04,E0_NOHOOK_vs_ALPHA0,0,14,1,0.0,0.0,0.9999999999999998,0.0
G12_1_FIXTURE_04,E0_NOHOOK_vs_ALPHA0,0,15,1,0.0,0.0,0.9999999999999998,0.0
G12_1_FIXTURE_04,E0_NOHOOK_vs_ALPHA0,0,16,1,0.0,0.0,1.0000000000000002,0.0
G12_1_FIXTURE_04,E0_NOHOOK_vs_ALPHA0,0,17,1,0.0,0.0,0.9999999999999998,0.0
G12_1_FIXTURE_04,E0_NOHOOK_vs_ALPHA0,0,18,1,0.0,0.0,1.0000000000000002,0.0
G12_1_FIXTURE_04,E0_NOHOOK_vs_ALPHA0,0,19,1,0.0,0.0,1.0,0.0
G12_1_FIXTURE_04,E0_NOHOOK_vs_ALPHA0,0,20,1,0.0,0.0,1.0,0.0
G12_1_FIXTURE_04,E0_NOHOOK_vs_ALPHA0,0,21,1,0.0,0.0,1.0,0.0
G12_1_FIXTURE_04,E0_NOHOOK_vs_ALPHA0,0,22,1,0.0,0.0,0.9999999999999999,0.0
G12_1_FIXTURE_04,E0_NOHOOK_vs_ALPHA0,0,23,1,0.0,0.0,1.0,0.0
G12_1_FIXTURE_04,E0_NOHOOK_vs_ALPHA0,0,24,1,0.0,0.0,1.0,0.0
G12_1_FIXTURE_04,E0_NOHOOK_vs_ALPHA0,0,25,1,0.0,0.0,1.0,0.0
G12_1_FIXTURE_04,E0_NOHOOK_vs_ALPHA0,0,26,1,0.0,0.0,1.0000000000000002,0.0
G12_1_FIXTURE_04,E0_NOHOOK_vs_ALPHA0,0,27,1,0.0,0.0,1.0000000000000002,0.0
G12_1_FIXTURE_04,E0_NOHOOK_vs_ALPHA0,0,28,1,0.0,0.0,0.9999999999999999,0.0
G12_1_FIXTURE_04,E0_NOHOOK_vs_ALPHA0,0,29,1,0.0,0.0,1.0,0.0
G12_1_FIXTURE_04,E0_NOHOOK_vs_ALPHA0,0,30,1,0.0,0.0,0.9999999999999999,0.0
G12_1_FIXTURE_04,E0_NOHOOK_vs_ALPHA0,0,31,1,0.0,0.0,1.0,0.0
G12_1_FIXTURE_04,E0_NOHOOK_vs_ALPHA0,0,32,1,0.0,0.0,0.9999999999999998,0.0
G12_1_FIXTURE_04,E0_NOHOOK_vs_ALPHA0,0,33,1,0.0,0.0,1.0000000000000002,0.0
G12_1_FIXTURE_04,E0_NOHOOK_vs_ALPHA0,0,34,1,0.0,0.0,1.0,0.0
G12_1_FIXTURE_04,E0_NOHOOK_vs_ALPHA0,0,35,1,0.0,0.0,1.0000000000000002,0.0
G12_1_FIXTURE_04,E0_NOHOOK_vs_ALPHA0,0,36,1,0.0,0.0,1.0,0.0
G12_1_FIXTURE_04,E0_NOHOOK_vs_ALPHA0,0,37,1,0.0,0.0,0.9999999999999999,0.0
G12_1_FIXTURE_04,E0_NOHOOK_vs_ALPHA0,0,38,1,0.0,0.0,1.0000000000000002,0.0
G12_1_FIXTURE_04,E0_NOHOOK_vs_ALPHA0,0,39,1,0.0,0.0,1.0,0.0
G12_1_FIXTURE_04,E0_NOHOOK_vs_ALPHA0,0,40,1,0.0,0.0,0.9999999999999998,0.0
G12_1_FIXTURE_04,E0_NOHOOK_vs_ALPHA0,0,41,1,0.0,0.0,1.0,0.0
G12_1_FIXTURE_04,E0_NOHOOK_vs_ALPHA0,0,42,1,0.0,0.0,0.9999999999999999,0.0
G12_1_FIXTURE_04,E0_NOHOOK_vs_ALPHA0,0,43,1,0.0,0.0,1.0,0.0
G12_1_FIXTURE_04,E0_NOHOOK_vs_ALPHA0,0,44,1,0.0,0.0,1.0,0.0
G12_1_FIXTURE_04,E0_NOHOOK_vs_ALPHA0,0,45,1,0.0,0.0,1.0,0.0
G12_1_FIXTURE_04,E0_NOHOOK_vs_ALPHA0,0,46,1,0.0,0.0,1.0000000000000002,0.0
G12_1_FIXTURE_04,E0_NOHOOK_vs_ALPHA0,0,47,1,0.0,0.0,0.9999999999999998,0.0
G12_1_FIXTURE_04,E0_NOHOOK_vs_ALPHA0,0,48,1,0.0,0.0,1.0000000000000002,0.0
G12_1_FIXTURE_04,E0_NOHOOK_vs_ALPHA0,0,49,1,0.0,0.0,1.0,0.0
G12_1_FIXTURE_04,E0_NOHOOK_vs_ALPHA0,0,50,1,0.0,0.0,0.9999999999999998,0.0
G12_1_FIXTURE_04,E0_NOHOOK_vs_ALPHA0,0,51,1,0.0,0.0,1.0,0.0
G12_1_FIXTURE_04,E0_NOHOOK_vs_ALPHA0,0,52,1,0.0,0.0,1.0,0.0
G12_1_FIXTURE_04,E0_NOHOOK_vs_ALPHA0,0,53,1,0.0,0.0,1.0,0.0
G12_1_FIXTURE_04,E0_NOHOOK_vs_ALPHA0,0,54,1,0.0,0.0,1.0,0.0
G12_1_FIXTURE_04,E0_NOHOOK_vs_ALPHA0,0,55,1,0.0,0.0,1.0,0.0
G12_1_FIXTURE_04,E0_NOHOOK_vs_ALPHA0,0,56,1,0.0,0.0,1.0,0.0
G12_1_FIXTURE_04,E0_NOHOOK_vs_ALPHA0,0,57,1,0.0,0.0,1.0000000000000002,0.0
G12_1_FIXTURE_04,E0_NOHOOK_vs_ALPHA0,0,58,1,0.0,0.0,1.0,0.0
G12_1_FIXTURE_04,E0_NOHOOK_vs_ALPHA0,0,59,1,0.0,0.0,1.0,0.0
G12_1_FIXTURE_04,E0_NOHOOK_vs_ALPHA0,0,60,1,0.0,0.0,1.0,0.0
G12_1_FIXTURE_04,E0_NOHOOK_vs_ALPHA0,0,61,1,0.0,0.0,1.0,0.0
G12_1_FIXTURE_04,E0_NOHOOK_vs_ALPHA0,0,62,1,0.0,0.0,0.9999999999999999,0.0
G12_1_FIXTURE_04,E0_NOHOOK_vs_ALPHA0,0,63,1,0.0,0.0,1.0000000000000002,0.0
G12_1_FIXTURE_04,E0_NOHOOK_vs_ALPHA0,0,64,1,0.0,0.0,1.0,0.0
G12_1_FIXTURE_04,E1_NOHOOK_vs_ALPHA0,0,0,1,0.0,0.0,1.0,0.0
G12_1_FIXTURE_04,E1_NOHOOK_vs_ALPHA0,0,1,1,0.0,0.0,1.0,0.0
G12_1_FIXTURE_04,E1_NOHOOK_vs_ALPHA0,0,2,1,0.0,0.0,1.0,0.0
G12_1_FIXTURE_04,E1_NOHOOK_vs_ALPHA0,0,3,1,0.0,0.0,1.0000000000000002,0.0
G12_1_FIXTURE_04,E1_NOHOOK_vs_ALPHA0,0,4,1,0.0,0.0,1.0,0.0
G12_1_FIXTURE_04,E1_NOHOOK_vs_ALPHA0,0,5,1,0.0,0.0,0.9999999999999999,0.0
G12_1_FIXTURE_04,E1_NOHOOK_vs_ALPHA0,0,6,1,0.0,0.0,0.9999999999999998,0.0
G12_1_FIXTURE_04,E1_NOHOOK_vs_ALPHA0,0,7,1,0.0,0.0,0.9999999999999999,0.0
G12_1_FIXTURE_04,E1_NOHOOK_vs_ALPHA0,0,8,1,0.0,0.0,0.9999999999999999,0.0
G12_1_FIXTURE_04,E1_NOHOOK_vs_ALPHA0,0,9,1,0.0,0.0,1.0000000000000002,0.0
G12_1_FIXTURE_04,E1_NOHOOK_vs_ALPHA0,0,10,1,0.0,0.0,1.0,0.0
G12_1_FIXTURE_04,E1_NOHOOK_vs_ALPHA0,0,11,1,0.0,0.0,1.0,0.0
G12_1_FIXTURE_04,E1_NOHOOK_vs_ALPHA0,0,12,1,0.0,0.0,0.9999999999999999,0.0
G12_1_FIXTURE_04,E1_NOHOOK_vs_ALPHA0,0,13,1,0.0,0.0,1.0,0.0
G12_1_FIXTURE_04,E1_NOHOOK_vs_ALPHA0,0,14,1,0.0,0.0,1.0,0.0
G12_1_FIXTURE_04,E1_NOHOOK_vs_ALPHA0,0,15,1,0.0,0.0,1.0,0.0
G12_1_FIXTURE_04,E1_NOHOOK_vs_ALPHA0,0,16,1,0.0,0.0,1.0,0.0
G12_1_FIXTURE_04,E1_NOHOOK_vs_ALPHA0,0,17,1,0.0,0.0,1.0,0.0
G12_1_FIXTURE_04,E1_NOHOOK_vs_ALPHA0,0,18,1,0.0,0.0,1.0000000000000002,0.0
G12_1_FIXTURE_04,E1_NOHOOK_vs_ALPHA0,0,19,1,0.0,0.0,1.0000000000000002,0.0
G12_1_FIXTURE_04,E1_NOHOOK_vs_ALPHA0,0,20,1,0.0,0.0,1.0,0.0
G12_1_FIXTURE_04,E1_NOHOOK_vs_ALPHA0,0,21,1,0.0,0.0,1.0000000000000002,0.0
G12_1_FIXTURE_04,E1_NOHOOK_vs_ALPHA0,0,22,1,0.0,0.0,1.0000000000000002,0.0
G12_1_FIXTURE_04,E1_NOHOOK_vs_ALPHA0,0,23,1,0.0,0.0,1.0,0.0
G12_1_FIXTURE_04,E1_NOHOOK_vs_ALPHA0,0,24,1,0.0,0.0,1.0,0.0
G12_1_FIXTURE_04,E1_NOHOOK_vs_ALPHA0,0,25,1,0.0,0.0,1.0,0.0
G12_1_FIXTURE_04,E1_NOHOOK_vs_ALPHA0,0,26,1,0.0,0.0,0.9999999999999998,0.0
G12_1_FIXTURE_04,E1_NOHOOK_vs_ALPHA0,0,27,1,0.0,0.0,1.0,0.0
G12_1_FIXTURE_04,E1_NOHOOK_vs_ALPHA0,0,28,1,0.0,0.0,1.0000000000000002,0.0
G12_1_FIXTURE_04,E1_NOHOOK_vs_ALPHA0,0,29,1,0.0,0.0,1.0,0.0
G12_1_FIXTURE_04,E1_NOHOOK_vs_ALPHA0,0,30,1,0.0,0.0,1.0,0.0
G12_1_FIXTURE_04,E1_NOHOOK_vs_ALPHA0,0,31,1,0.0,0.0,1.0,0.0
G12_1_FIXTURE_04,E1_NOHOOK_vs_ALPHA0,0,32,1,0.0,0.0,0.9999999999999998,0.0
G12_1_FIXTURE_04,E1_NOHOOK_vs_ALPHA0,0,33,1,0.0,0.0,0.9999999999999998,0.0
G12_1_FIXTURE_04,E1_NOHOOK_vs_ALPHA0,0,34,1,0.0,0.0,1.0000000000000002,0.0
G12_1_FIXTURE_04,E1_NOHOOK_vs_ALPHA0,0,35,1,0.0,0.0,0.9999999999999998,0.0
G12_1_FIXTURE_04,E1_NOHOOK_vs_ALPHA0,0,36,1,0.0,0.0,1.0000000000000002,0.0
G12_1_FIXTURE_04,E1_NOHOOK_vs_ALPHA0,0,37,1,0.0,0.0,1.0,0.0
G12_1_FIXTURE_04,E1_NOHOOK_vs_ALPHA0,0,38,1,0.0,0.0,1.0,0.0
G12_1_FIXTURE_04,E1_NOHOOK_vs_ALPHA0,0,39,1,0.0,0.0,0.9999999999999998,0.0
G12_1_FIXTURE_04,E1_NOHOOK_vs_ALPHA0,0,40,1,0.0,0.0,1.0,0.0
G12_1_FIXTURE_04,E1_NOHOOK_vs_ALPHA0,0,41,1,0.0,0.0,1.0,0.0
G12_1_FIXTURE_04,E1_NOHOOK_vs_ALPHA0,0,42,1,0.0,0.0,0.9999999999999999,0.0
G12_1_FIXTURE_04,E1_NOHOOK_vs_ALPHA0,0,43,1,0.0,0.0,1.0,0.0
G12_1_FIXTURE_04,E1_NOHOOK_vs_ALPHA0,0,44,1,0.0,0.0,1.0000000000000002,0.0
G12_1_FIXTURE_04,E1_NOHOOK_vs_ALPHA0,0,45,1,0.0,0.0,1.0,0.0
G12_1_FIXTURE_04,E1_NOHOOK_vs_ALPHA0,0,46,1,0.0,0.0,1.0,0.0
G12_1_FIXTURE_04,E1_NOHOOK_vs_ALPHA0,0,47,1,0.0,0.0,1.0000000000000002,0.0
G12_1_FIXTURE_04,E1_NOHOOK_vs_ALPHA0,0,48,1,0.0,0.0,1.0,0.0
G12_1_FIXTURE_04,E1_NOHOOK_vs_ALPHA0,0,49,1,0.0,0.0,1.0,0.0
G12_1_FIXTURE_04,E1_NOHOOK_vs_ALPHA0,0,50,1,0.0,0.0,0.9999999999999998,0.0
G12_1_FIXTURE_04,E1_NOHOOK_vs_ALPHA0,0,51,1,0.0,0.0,1.0000000000000002,0.0
G12_1_FIXTURE_04,E1_NOHOOK_vs_ALPHA0,0,52,1,0.0,0.0,1.0,0.0
G12_1_FIXTURE_04,E1_NOHOOK_vs_ALPHA0,0,53,1,0.0,0.0,0.9999999999999999,0.0
G12_1_FIXTURE_04,E1_NOHOOK_vs_ALPHA0,0,54,1,0.0,0.0,1.0,0.0
G12_1_FIXTURE_04,E1_NOHOOK_vs_ALPHA0,0,55,1,0.0,0.0,1.0,0.0
G12_1_FIXTURE_04,E1_NOHOOK_vs_ALPHA0,0,56,1,0.0,0.0,1.0,0.0
G12_1_FIXTURE_04,E1_NOHOOK_vs_ALPHA0,0,57,1,0.0,0.0,1.0,0.0
G12_1_FIXTURE_04,E1_NOHOOK_vs_ALPHA0,0,58,1,0.0,0.0,1.0,0.0
G12_1_FIXTURE_04,E1_NOHOOK_vs_ALPHA0,0,59,1,0.0,0.0,1.0,0.0
G12_1_FIXTURE_04,E1_NOHOOK_vs_ALPHA0,0,60,1,6.247297465926821e-17,0.0,0.9999999999999999,0.0
G12_1_FIXTURE_04,E1_NOHOOK_vs_ALPHA0,0,61,1,0.0,0.0,1.0000000000000002,0.0
G12_1_FIXTURE_04,E1_NOHOOK_vs_ALPHA0,0,62,1,0.0,0.0,1.0000000000000002,0.0
G12_1_FIXTURE_04,E1_NOHOOK_vs_ALPHA0,0,63,1,0.0,0.0,1.0000000000000002,0.0
G12_1_FIXTURE_04,E1_NOHOOK_vs_ALPHA0,0,64,1,0.0,0.0,0.9999999999999998,0.0
G12_1_FIXTURE_04,E2_NOHOOK_vs_ALPHA0,0,0,1,0.0,0.0,0.9999999999999999,0.0
G12_1_FIXTURE_04,E2_NOHOOK_vs_ALPHA0,0,1,1,0.0,0.0,1.0,0.0
G12_1_FIXTURE_04,E2_NOHOOK_vs_ALPHA0,0,2,1,0.0,0.0,0.9999999999999999,0.0
G12_1_FIXTURE_04,E2_NOHOOK_vs_ALPHA0,0,3,1,0.0,0.0,1.0,0.0
G12_1_FIXTURE_04,E2_NOHOOK_vs_ALPHA0,0,4,1,0.0,0.0,1.0,0.0
G12_1_FIXTURE_04,E2_NOHOOK_vs_ALPHA0,0,5,1,-5.837213685801118e-17,0.0,1.0,0.0
G12_1_FIXTURE_04,E2_NOHOOK_vs_ALPHA0,0,6,1,0.0,0.0,1.0,0.0
G12_1_FIXTURE_04,E2_NOHOOK_vs_ALPHA0,0,7,1,0.0,0.0,0.9999999999999999,0.0
G12_1_FIXTURE_04,E2_NOHOOK_vs_ALPHA0,0,8,1,0.0,0.0,1.0000000000000002,0.0
G12_1_FIXTURE_04,E2_NOHOOK_vs_ALPHA0,0,9,1,0.0,0.0,1.0000000000000002,0.0
G12_1_FIXTURE_04,E2_NOHOOK_vs_ALPHA0,0,10,1,0.0,0.0,1.0,0.0
G12_1_FIXTURE_04,E2_NOHOOK_vs_ALPHA0,0,11,1,0.0,0.0,1.0,0.0
G12_1_FIXTURE_04,E2_NOHOOK_vs_ALPHA0,0,12,1,0.0,0.0,1.0000000000000002,0.0
G12_1_FIXTURE_04,E2_NOHOOK_vs_ALPHA0,0,13,1,0.0,0.0,1.0,0.0
G12_1_FIXTURE_04,E2_NOHOOK_vs_ALPHA0,0,14,1,0.0,0.0,1.0,0.0
G12_1_FIXTURE_04,E2_NOHOOK_vs_ALPHA0,0,15,1,0.0,0.0,1.0,0.0
G12_1_FIXTURE_04,E2_NOHOOK_vs_ALPHA0,0,16,1,0.0,0.0,1.0,0.0
G12_1_FIXTURE_04,E2_NOHOOK_vs_ALPHA0,0,17,1,0.0,0.0,0.9999999999999998,0.0
G12_1_FIXTURE_04,E2_NOHOOK_vs_ALPHA0,0,18,1,0.0,0.0,1.0000000000000002,0.0
G12_1_FIXTURE_04,E2_NOHOOK_vs_ALPHA0,0,19,1,0.0,0.0,1.0000000000000002,0.0
G12_1_FIXTURE_04,E2_NOHOOK_vs_ALPHA0,0,20,1,0.0,0.0,1.0000000000000002,0.0
G12_1_FIXTURE_04,E2_NOHOOK_vs_ALPHA0,0,21,1,0.0,0.0,0.9999999999999999,0.0
G12_1_FIXTURE_04,E2_NOHOOK_vs_ALPHA0,0,22,1,0.0,0.0,1.0,0.0
G12_1_FIXTURE_04,E2_NOHOOK_vs_ALPHA0,0,23,1,0.0,0.0,1.0,0.0
G12_1_FIXTURE_04,E2_NOHOOK_vs_ALPHA0,0,24,1,0.0,0.0,1.0000000000000002,0.0
G12_1_FIXTURE_04,E2_NOHOOK_vs_ALPHA0,0,25,1,0.0,0.0,1.0,0.0
G12_1_FIXTURE_04,E2_NOHOOK_vs_ALPHA0,0,26,1,0.0,0.0,0.9999999999999998,0.0
G12_1_FIXTURE_04,E2_NOHOOK_vs_ALPHA0,0,27,1,0.0,0.0,1.0,0.0
G12_1_FIXTURE_04,E2_NOHOOK_vs_ALPHA0,0,28,1,0.0,0.0,1.0,0.0
G12_1_FIXTURE_04,E2_NOHOOK_vs_ALPHA0,0,29,1,0.0,0.0,1.0,0.0
G12_1_FIXTURE_04,E2_NOHOOK_vs_ALPHA0,0,30,1,0.0,0.0,1.0000000000000002,0.0
G12_1_FIXTURE_04,E2_NOHOOK_vs_ALPHA0,0,31,1,0.0,0.0,1.0,0.0
G12_1_FIXTURE_04,E2_NOHOOK_vs_ALPHA0,0,32,1,0.0,0.0,1.0000000000000002,0.0
G12_1_FIXTURE_04,E2_NOHOOK_vs_ALPHA0,0,33,1,0.0,0.0,0.9999999999999998,0.0
G12_1_FIXTURE_04,E2_NOHOOK_vs_ALPHA0,0,34,1,0.0,0.0,1.0000000000000002,0.0
G12_1_FIXTURE_04,E2_NOHOOK_vs_ALPHA0,0,35,1,0.0,0.0,1.0,0.0
G12_1_FIXTURE_04,E2_NOHOOK_vs_ALPHA0,0,36,1,0.0,0.0,0.9999999999999999,0.0
G12_1_FIXTURE_04,E2_NOHOOK_vs_ALPHA0,0,37,1,0.0,0.0,1.0,0.0
G12_1_FIXTURE_04,E2_NOHOOK_vs_ALPHA0,0,38,1,0.0,0.0,1.0,0.0
G12_1_FIXTURE_04,E2_NOHOOK_vs_ALPHA0,0,39,1,0.0,0.0,1.0,0.0
G12_1_FIXTURE_04,E2_NOHOOK_vs_ALPHA0,0,40,1,0.0,0.0,1.0,0.0
G12_1_FIXTURE_04,E2_NOHOOK_vs_ALPHA0,0,41,1,0.0,0.0,0.9999999999999999,0.0
G12_1_FIXTURE_04,E2_NOHOOK_vs_ALPHA0,0,42,1,0.0,0.0,1.0,0.0
G12_1_FIXTURE_04,E2_NOHOOK_vs_ALPHA0,0,43,1,0.0,0.0,0.9999999999999999,0.0
G12_1_FIXTURE_04,E2_NOHOOK_vs_ALPHA0,0,44,1,0.0,0.0,1.0,0.0
G12_1_FIXTURE_04,E2_NOHOOK_vs_ALPHA0,0,45,1,0.0,0.0,0.9999999999999999,0.0
G12_1_FIXTURE_04,E2_NOHOOK_vs_ALPHA0,0,46,1,0.0,0.0,1.0000000000000002,0.0
G12_1_FIXTURE_04,E2_NOHOOK_vs_ALPHA0,0,47,1,0.0,0.0,1.0,0.0
G12_1_FIXTURE_04,E2_NOHOOK_vs_ALPHA0,0,48,1,0.0,0.0,1.0,0.0
G12_1_FIXTURE_04,E2_NOHOOK_vs_ALPHA0,0,49,1,0.0,0.0,1.0,0.0
G12_1_FIXTURE_04,E2_NOHOOK_vs_ALPHA0,0,50,1,0.0,0.0,1.0000000000000002,0.0
G12_1_FIXTURE_04,E2_NOHOOK_vs_ALPHA0,0,51,1,0.0,0.0,1.0,0.0
G12_1_FIXTURE_04,E2_NOHOOK_vs_ALPHA0,0,52,1,0.0,0.0,1.0,0.0
G12_1_FIXTURE_04,E2_NOHOOK_vs_ALPHA0,0,53,1,0.0,0.0,1.0,0.0
G12_1_FIXTURE_04,E2_NOHOOK_vs_ALPHA0,0,54,1,0.0,0.0,1.0000000000000002,0.0
G12_1_FIXTURE_04,E2_NOHOOK_vs_ALPHA0,0,55,1,0.0,0.0,1.0,0.0
G12_1_FIXTURE_04,E2_NOHOOK_vs_ALPHA0,0,56,1,0.0,0.0,1.0,0.0
G12_1_FIXTURE_04,E2_NOHOOK_vs_ALPHA0,0,57,1,0.0,0.0,1.0000000000000002,0.0
G12_1_FIXTURE_04,E2_NOHOOK_vs_ALPHA0,0,58,1,0.0,0.0,1.0000000000000002,0.0
G12_1_FIXTURE_04,E2_NOHOOK_vs_ALPHA0,0,59,1,0.0,0.0,1.0,0.0
G12_1_FIXTURE_04,E2_NOHOOK_vs_ALPHA0,0,60,1,6.45851053452286e-17,0.0,1.0,0.0
G12_1_FIXTURE_04,E2_NOHOOK_vs_ALPHA0,0,61,1,0.0,0.0,1.0000000000000002,0.0
G12_1_FIXTURE_04,E2_NOHOOK_vs_ALPHA0,0,62,1,0.0,0.0,1.0,0.0
G12_1_FIXTURE_04,E2_NOHOOK_vs_ALPHA0,0,63,1,0.0,0.0,0.9999999999999999,0.0
G12_1_FIXTURE_04,E2_NOHOOK_vs_ALPHA0,0,64,1,0.0,0.0,1.0000000000000002,0.0
G12_1_FIXTURE_04,E0_vs_E1,0.01,0,1,0.0001152299203967486,0.014763234231107702,0.9999898869369427,0.125
G12_1_FIXTURE_04,E0_vs_E1,0.01,1,1,0.00011980774610010226,0.025421159312791985,0.9999869644812804,0.125
G12_1_FIXTURE_04,E0_vs_E1,0.01,2,1,0.00021029501285574966,0.08039189551142734,0.9999780180903076,0.15625
G12_1_FIXTURE_04,E0_vs_E1,0.01,3,1,0.00014172643382445973,0.0033781942956760957,0.999974501225234,0.125
G12_1_FIXTURE_04,E0_vs_E1,0.01,4,1,0.00016884846378458553,0.03308653432122988,0.9999762603709355,0.1875
G12_1_FIXTURE_04,E0_vs_E1,0.01,5,1,0.0004042300263723312,0.06457173638450442,0.9999817134904406,0.15625
G12_1_FIXTURE_04,E0_vs_E1,0.01,6,1,0.00010678943275775531,0.0024854740900082106,0.9999776767684555,0.1875
G12_1_FIXTURE_04,E0_vs_E1,0.01,7,1,7.787782671943544e-05,0.03844540707206612,0.9999735545702281,0.125
G12_1_FIXTURE_04,E0_vs_E1,0.01,8,1,9.475241826886552e-05,0.0005145705944045176,0.9999898483528289,0.125
G12_1_FIXTURE_04,E0_vs_E1,0.01,9,1,8.099076805135816e-05,0.02890512920293098,0.999980945066682,0.125
G12_1_FIXTURE_04,E0_vs_E1,0.01,10,1,9.602579457512511e-05,0.007258781429500871,0.9999841916201563,0.125
G12_1_FIXTURE_04,E0_vs_E1,0.01,11,1,9.257099666939255e-05,0.01651134852032321,0.9999797748799036,0.109375
G12_1_FIXTURE_04,E0_vs_E1,0.01,12,1,0.00014110699455697164,0.039641283456566256,0.9999636057720056,0.125
G12_1_FIXTURE_04,E0_vs_E1,0.01,13,1,8.433494245531211e-05,0.00596672657305497,0.9999850723066557,0.125
G12_1_FIXTURE_04,E0_vs_E1,0.01,14,1,0.00010812453398543913,0.0016423047863902696,0.9999842984902968,0.125
G12_1_FIXTURE_04,E0_vs_E1,0.01,15,0,0.00012855687218107166,0.010024255646548852,0.9999846670518328,0.125
G12_1_FIXTURE_04,E0_vs_E1,0.01,16,1,0.0001208039027360032,0.03688099059301031,0.9999831362781263,0.125
G12_1_FIXTURE_04,E0_vs_E1,0.01,17,1,8.842240759363083e-05,0.02596358804858312,0.9999667436004853,0.125
G12_1_FIXTURE_04,E0_vs_E1,0.01,18,1,7.398664398057211e-05,0.0019746001622351628,0.9999712172098891,0.125
G12_1_FIXTURE_04,E0_vs_E1,0.01,19,1,0.00017954513737616706,0.03638942302940329,0.9999632254985822,0.15625
G12_1_FIXTURE_04,E0_vs_E1,0.01,20,1,0.00012269776293687175,0.03655672774558205,0.999982483094545,0.125
G12_1_FIXTURE_04,E0_vs_E1,0.01,21,1,8.23069452454363e-05,0.007637858890566562,0.9999862365790693,0.09375
G12_1_FIXTURE_04,E0_vs_E1,0.01,22,1,0.00014135174868349815,0.0231089109933027,0.9999466332562749,0.1640625
G12_1_FIXTURE_04,E0_vs_E1,0.01,23,1,9.348447663524285e-05,0.02731183341653498,0.9999797458215828,0.125
G12_1_FIXTURE_04,E0_vs_E1,0.01,24,1,7.99926927687603e-05,0.018902965070118682,0.9999883894272366,0.125
G12_1_FIXTURE_04,E0_vs_E1,0.01,25,1,6.913414813037913e-05,0.016742564876665256,0.9999878186819542,0.125
G12_1_FIXTURE_04,E0_vs_E1,0.01,26,1,6.743028086892322e-05,0.013497118640522388,0.9999891090653604,0.09375
G12_1_FIXTURE_04,E0_vs_E1,0.01,27,1,8.271691706846483e-05,0.008307977174940362,0.9999865719630475,0.125
G12_1_FIXTURE_04,E0_vs_E1,0.01,28,1,6.115008024714664e-05,0.005610407512374849,0.9999889778144263,0.09375
G12_1_FIXTURE_04,E0_vs_E1,0.01,29,1,5.2666167010091046e-05,0.006173728572067105,0.9999906068473507,0.078125
G12_1_FIXTURE_04,E0_vs_E1,0.01,30,1,0.00010178975808715265,0.028424053793642656,0.9999739634534366,0.140625
G12_1_FIXTURE_04,E0_vs_E1,0.01,31,1,7.08253524881877e-05,0.028269087806677362,0.999986124504581,0.125
G12_1_FIXTURE_04,E0_vs_E1,0.01,32,1,0.00011188998628919224,0.004469468848366631,0.9999783756451648,0.125
G12_1_FIXTURE_04,E0_vs_E1,0.01,33,1,0.0001305428585961654,0.000716561706322949,0.9999781851355137,0.15625
G12_1_FIXTURE_04,E0_vs_E1,0.01,34,1,0.00013128967334785592,0.009335724731108996,0.9999162606996687,0.15625
G12_1_FIXTURE_04,E0_vs_E1,0.01,35,1,6.94487957257388e-05,0.04269230051726325,0.9999896059081788,0.09375
G12_1_FIXTURE_04,E0_vs_E1,0.01,36,1,0.0006514606277418517,0.05131411806109476,0.9999555785680759,0.171875
G12_1_FIXTURE_04,E0_vs_E1,0.01,37,1,0.00011109236213450188,0.00748883418624402,0.9999780052785838,0.125
G12_1_FIXTURE_04,E0_vs_E1,0.01,38,1,8.160901246009387e-05,0.010194632946255666,0.9999876657677441,0.125
G12_1_FIXTURE_04,E0_vs_E1,0.01,39,1,8.340555273846464e-05,0.04111925699561603,0.9999890519771005,0.125
G12_1_FIXTURE_04,E0_vs_E1,0.01,40,1,6.473577721551586e-05,0.002612657477063962,0.9999889012824056,0.09375
G12_1_FIXTURE_04,E0_vs_E1,0.01,41,1,8.664736187975785e-05,0.01990661450506792,0.9999844981063906,0.125
G12_1_FIXTURE_04,E0_vs_E1,0.01,42,1,8.518735141827276e-05,0.010864846459604394,0.9999427889113843,0.125
G12_1_FIXTURE_04,E0_vs_E1,0.01,43,1,7.076867141244696e-05,0.013964939018300981,0.9999844714754715,0.125
G12_1_FIXTURE_04,E0_vs_E1,0.01,44,1,0.00010506101315386568,0.009726518852492205,0.9999738901885441,0.125
G12_1_FIXTURE_04,E0_vs_E1,0.01,45,1,6.413894524286121e-05,0.004727310118486372,0.9999846285753599,0.09375
G12_1_FIXTURE_04,E0_vs_E1,0.01,46,1,0.00011303503847462517,0.012224553603379817,0.9999831779595382,0.15625
G12_1_FIXTURE_04,E0_vs_E1,0.01,47,1,7.4405451015397e-05,0.006936044941458164,0.9999850285418136,0.140625
G12_1_FIXTURE_04,E0_vs_E1,0.01,48,1,8.999226293494422e-05,0.010076979930015995,0.9999551637805779,0.125
G12_1_FIXTURE_04,E0_vs_E1,0.01,49,1,9.391914613799172e-05,0.00758197779389036,0.9999841908141762,0.09765625
G12_1_FIXTURE_04,E0_vs_E1,0.01,50,1,0.00010529853165487711,0.011468434356249446,0.9999890298304905,0.125
G12_1_FIXTURE_04,E0_vs_E1,0.01,51,1,6.873774463581072e-05,0.030135936354849235,0.9999761475907301,0.09375
G12_1_FIXTURE_04,E0_vs_E1,0.01,52,1,0.00011848995443613841,0.00633737588677441,0.9999828428058686,0.15625
G12_1_FIXTURE_04,E0_vs_E1,0.01,53,1,7.521886004877257e-05,0.007959218517841649,0.9999834042947147,0.109375
G12_1_FIXTURE_04,E0_vs_E1,0.01,54,1,4.3538082494074874e-05,0.0012721015067569397,0.999991479325893,0.078125
G12_1_FIXTURE_04,E0_vs_E1,0.01,55,1,5.352875407558914e-05,0.044483475650851645,0.9999902369413106,0.09375
G12_1_FIXTURE_04,E0_vs_E1,0.01,56,1,8.445816079663494e-05,0.025805172632708206,0.9999857055010981,0.15625
G12_1_FIXTURE_04,E0_vs_E1,0.01,57,1,0.00013382977765211232,0.01982333392939495,0.9999654906661222,0.125
G12_1_FIXTURE_04,E0_vs_E1,0.01,58,1,8.865797976335404e-05,0.003675373401648585,0.9999834806800972,0.140625
G12_1_FIXTURE_04,E0_vs_E1,0.01,59,1,6.690223919489705e-05,0.020632537824130992,0.9999883153930628,0.125
G12_1_FIXTURE_04,E0_vs_E1,0.01,60,1,0.000505037175198211,0.0575151815854511,0.999943559169917,0.15625
G12_1_FIXTURE_04,E0_vs_E1,0.01,61,1,9.118905085127104e-05,0.03836715707240046,0.9999865351121333,0.125
G12_1_FIXTURE_04,E0_vs_E1,0.01,62,1,0.00017966083786725686,0.0023328972035780993,0.9999695633468314,0.140625
G12_1_FIXTURE_04,E0_vs_E1,0.01,63,1,0.00011087914832370775,0.010073440884003304,0.9999753301493446,0.125
G12_1_FIXTURE_04,E0_vs_E1,0.01,64,1,7.495884474575173e-05,0.027333721566925817,0.9999675837149291,0.09375
G12_1_FIXTURE_04,E1_vs_E2,0.01,0,1,0.00011551403761714133,0.008438214686698586,0.9999901647768695,0.125
G12_1_FIXTURE_04,E1_vs_E2,0.01,1,1,0.00012548472837639106,0.0018486228889287304,0.9999791589499101,0.1875
G12_1_FIXTURE_04,E1_vs_E2,0.01,2,1,0.00027633157121771234,0.08092990004789868,0.9999691582615811,0.1875
G12_1_FIXTURE_04,E1_vs_E2,0.01,3,1,0.0002414523324048064,0.046464766000617885,0.9999650125284194,0.1875
G12_1_FIXTURE_04,E1_vs_E2,0.01,4,1,0.00020649189543289984,0.05785163382053149,0.9999785834525932,0.1875
G12_1_FIXTURE_04,E1_vs_E2,0.01,5,1,0.00021788997256331528,0.08632621065205015,0.9999736867101484,0.25
G12_1_FIXTURE_04,E1_vs_E2,0.01,6,1,9.996193559427135e-05,0.0325222049350824,0.9999762235647208,0.1875
G12_1_FIXTURE_04,E1_vs_E2,0.01,7,1,0.00014064598410055127,0.007348765066655716,0.9999679862603276,0.1875
G12_1_FIXTURE_04,E1_vs_E2,0.01,8,1,0.00026560586518503226,0.032581983575528994,0.999985600861448,0.125
G12_1_FIXTURE_04,E1_vs_E2,0.01,9,1,0.00011440684407031966,0.01577888265212124,0.9999797755244534,0.125
G12_1_FIXTURE_04,E1_vs_E2,0.01,10,1,0.00010848436111667934,9.902698253227982e-05,0.999981749366549,0.125
G12_1_FIXTURE_04,E1_vs_E2,0.01,11,1,8.867625908094451e-05,0.027596832246439718,0.9999833987192697,0.125
G12_1_FIXTURE_04,E1_vs_E2,0.01,12,1,9.431198395323164e-05,0.04443944491151974,0.9999780282358551,0.125
G12_1_FIXTURE_04,E1_vs_E2,0.01,13,1,0.00010139183713270993,0.04004151637810338,0.9999786124547753,0.1875
G12_1_FIXTURE_04,E1_vs_E2,0.01,14,1,0.00012177277384638229,0.005843192283101928,0.999977831348023,0.140625
G12_1_FIXTURE_04,E1_vs_E2,0.01,15,0,0.00012315549409818973,0.026834890739561246,0.9999811436110966,0.140625
G12_1_FIXTURE_04,E1_vs_E2,0.01,16,1,0.00012571573593231044,0.020228062247930723,0.9999838812008823,0.142578125
G12_1_FIXTURE_04,E1_vs_E2,0.01,17,1,0.00010729647682374818,0.014354571867428945,0.9999550648618862,0.1875
G12_1_FIXTURE_04,E1_vs_E2,0.01,18,1,8.393703566641523e-05,0.017889840052077943,0.9999708953056742,0.15625
G12_1_FIXTURE_04,E1_vs_E2,0.01,19,1,9.992996212048697e-05,0.028750397640683545,0.9999751410373664,0.1015625
G12_1_FIXTURE_04,E1_vs_E2,0.01,20,1,0.00014192675011962907,0.047472003240825345,0.9999797223300223,0.1875
G12_1_FIXTURE_04,E1_vs_E2,0.01,21,1,0.00011641957800248337,0.0013259113439989534,0.9999827800129967,0.125
G12_1_FIXTURE_04,E1_vs_E2,0.01,22,1,0.0001531044386042955,0.0006105872051378469,0.9999440098035864,0.16796875
G12_1_FIXTURE_04,E1_vs_E2,0.01,23,1,0.00010667416899620702,0.0260601466401571,0.9999785700535327,0.15625
G12_1_FIXTURE_04,E1_vs_E2,0.01,24,1,0.00010358795897161719,0.014206655587688743,0.9999841541816328,0.1875
G12_1_FIXTURE_04,E1_vs_E2,0.01,25,1,7.761033138521488e-05,0.04261650740273204,0.9999878812118775,0.125
G12_1_FIXTURE_04,E1_vs_E2,0.01,26,0,0.00014260490697289322,0.02894021736565655,0.9999823153311728,0.125
G12_1_FIXTURE_04,E1_vs_E2,0.01,27,1,9.04665994110066e-05,0.027734545111499642,0.9999876770843855,0.09375
G12_1_FIXTURE_04,E1_vs_E2,0.01,28,1,8.544101916235937e-05,0.0009343591975401466,0.9999869948627479,0.125
G12_1_FIXTURE_04,E1_vs_E2,0.01,29,1,9.530894933269178e-05,0.03677091674744659,0.9999834557989513,0.125
G12_1_FIXTURE_04,E1_vs_E2,0.01,30,1,0.0001323200714595514,0.0019217659008461396,0.9999724609646291,0.125
G12_1_FIXTURE_04,E1_vs_E2,0.01,31,1,7.692889161828214e-05,0.01914738850156361,0.9999866533752672,0.125
G12_1_FIXTURE_04,E1_vs_E2,0.01,32,1,8.376259939059714e-05,0.004619205379125191,0.9999702316568752,0.125
G12_1_FIXTURE_04,E1_vs_E2,0.01,33,1,8.48588682050153e-05,0.000565242656179521,0.9999868846815507,0.125
G12_1_FIXTURE_04,E1_vs_E2,0.01,34,1,0.00014578235599262238,0.023908897526537132,0.9999312337881185,0.14453125
G12_1_FIXTURE_04,E1_vs_E2,0.01,35,1,9.68434358552654e-05,0.02546311646245769,0.9999844988470831,0.125
G12_1_FIXTURE_04,E1_vs_E2,0.01,36,1,0.0005542136030500905,0.06457573795350768,0.9999641083876109,0.15625
G12_1_FIXTURE_04,E1_vs_E2,0.01,37,1,0.00014698960851111588,0.023526530010769875,0.9999729608449612,0.15625
G12_1_FIXTURE_04,E1_vs_E2,0.01,38,1,8.147180937340847e-05,0.007612858627872754,0.9999854661057301,0.09375
G12_1_FIXTURE_04,E1_vs_E2,0.01,39,1,7.730864492649635e-05,0.008383849899345819,0.9999888514106606,0.09375
G12_1_FIXTURE_04,E1_vs_E2,0.01,40,1,6.323167603802376e-05,0.039593585197621906,0.9999833752682751,0.109375
G12_1_FIXTURE_04,E1_vs_E2,0.01,41,1,0.00010266000568487344,0.04674609462744961,0.9999820871023154,0.1875
G12_1_FIXTURE_04,E1_vs_E2,0.01,42,1,0.00010330706423716303,0.05904640432560626,0.999947880758278,0.109375
G12_1_FIXTURE_04,E1_vs_E2,0.01,43,1,0.00010197416879495361,0.02271617154069716,0.9999836976872928,0.125
G12_1_FIXTURE_04,E1_vs_E2,0.01,44,1,0.00016795722844723622,0.02828824253984763,0.9999548249685397,0.1875
G12_1_FIXTURE_04,E1_vs_E2,0.01,45,1,9.587303836179422e-05,0.016569026967742317,0.999967544384856,0.13671875
G12_1_FIXTURE_04,E1_vs_E2,0.01,46,0,0.00011745681420874897,0.004407441270689816,0.9999826319736446,0.1875
G12_1_FIXTURE_04,E1_vs_E2,0.01,47,1,9.292717003636018e-05,0.02138444851959065,0.9999771530562344,0.15625
G12_1_FIXTURE_04,E1_vs_E2,0.01,48,1,0.00012272259143914963,0.030142610957376803,0.9999413787719125,0.140625
G12_1_FIXTURE_04,E1_vs_E2,0.01,49,1,8.294904526930168e-05,0.0013072142836669798,0.999984332299801,0.125
G12_1_FIXTURE_04,E1_vs_E2,0.01,50,1,9.70803645514716e-05,0.0012568792995999445,0.9999838605256987,0.15625
G12_1_FIXTURE_04,E1_vs_E2,0.01,51,1,5.3812185242908556e-05,0.025709905139978062,0.999973233529419,0.09375
G12_1_FIXTURE_04,E1_vs_E2,0.01,52,1,6.704961718480013e-05,0.02435371112620821,0.9999864834476864,0.09375
G12_1_FIXTURE_04,E1_vs_E2,0.01,53,1,0.0001293038061458856,0.006086618828904378,0.9999781543049623,0.125
G12_1_FIXTURE_04,E1_vs_E2,0.01,54,0,5.5938368162816536e-05,0.0037619317600530167,0.9999885008772494,0.109375
G12_1_FIXTURE_04,E1_vs_E2,0.01,55,1,5.7489710654522755e-05,0.040775624323028836,0.9999899525811394,0.125
G12_1_FIXTURE_04,E1_vs_E2,0.01,56,1,0.00012874324959845438,0.03470398821239229,0.9999874820911716,0.125
G12_1_FIXTURE_04,E1_vs_E2,0.01,57,1,9.688223496346154e-05,0.01382752956773281,0.9999718549231917,0.1328125
G12_1_FIXTURE_04,E1_vs_E2,0.01,58,1,0.00012258261935324131,0.020266458057959014,0.9999822543124901,0.21875
G12_1_FIXTURE_04,E1_vs_E2,0.01,59,1,7.523758252195878e-05,0.014843426510386948,0.9999883046088088,0.125
G12_1_FIXTURE_04,E1_vs_E2,0.01,60,1,0.0007894280440701005,0.0700477492812368,0.9998956747254232,0.1875
G12_1_FIXTURE_04,E1_vs_E2,0.01,61,1,6.992547050988586e-05,0.017722641663716843,0.9999852007814791,0.125
G12_1_FIXTURE_04,E1_vs_E2,0.01,62,1,0.00013646644436162108,0.013890967372844898,0.9999801199638049,0.125
G12_1_FIXTURE_04,E1_vs_E2,0.01,63,1,0.00010811729686564147,0.019195508312559895,0.9999748108618677,0.125
G12_1_FIXTURE_04,E1_vs_E2,0.01,64,1,8.666270003636955e-05,0.01222683791517909,0.999977016205358,0.125
G12_1_FIXTURE_04,E0_vs_E1,0.1,0,1,0.0001284402777033983,0.014928322753949175,0.9999897320095733,0.125
G12_1_FIXTURE_04,E0_vs_E1,0.1,1,1,0.00012565336216565956,0.02014049043222954,0.9999887506230549,0.125
G12_1_FIXTURE_04,E0_vs_E1,0.1,2,1,0.00017196426466942704,0.027535915120710186,0.9999786184142199,0.15625
G12_1_FIXTURE_04,E0_vs_E1,0.1,3,1,0.00015683011486452485,0.00427286454686282,0.9999745559957225,0.15625
G12_1_FIXTURE_04,E0_vs_E1,0.1,4,1,0.0002042027492351702,0.03403749699596936,0.9999821723145988,0.1875
G12_1_FIXTURE_04,E0_vs_E1,0.1,5,1,0.0001349969935331233,0.031176427338465373,0.9999771652972881,0.15625
G12_1_FIXTURE_04,E0_vs_E1,0.1,6,1,9.32706513730707e-05,0.0339803804504033,0.9999810292789622,0.125
G12_1_FIXTURE_04,E0_vs_E1,0.1,7,1,0.00014997093689989762,0.006598215265135821,0.9999829441040416,0.09375
G12_1_FIXTURE_04,E0_vs_E1,0.1,8,1,0.00010016647331097424,0.028874154104505223,0.9999881751926386,0.125
G12_1_FIXTURE_04,E0_vs_E1,0.1,9,1,0.00015682665817759933,0.03181188423304704,0.9999729561058622,0.125
G12_1_FIXTURE_04,E0_vs_E1,0.1,10,1,7.135657798581081e-05,4.1445024383079954e-05,0.999959655225359,0.140625
G12_1_FIXTURE_04,E0_vs_E1,0.1,11,1,7.9585478665727e-05,0.010382776060341214,0.999982441667096,0.142578125
G12_1_FIXTURE_04,E0_vs_E1,0.1,12,1,0.00012886739742632916,0.02938184589801729,0.9999677270160273,0.1875
G12_1_FIXTURE_04,E0_vs_E1,0.1,13,1,8.34959820376934e-05,0.0244945598777484,0.999983364182855,0.125
G12_1_FIXTURE_04,E0_vs_E1,0.1,14,1,0.00012872968601481972,0.03599975183462334,0.9999864855334719,0.125
G12_1_FIXTURE_04,E0_vs_E1,0.1,15,1,9.211561606671428e-05,0.01611266574810344,0.9999835914029817,0.09375
G12_1_FIXTURE_04,E0_vs_E1,0.1,16,1,0.00011780843938292968,0.0061824132185890335,0.9999822436041844,0.14453125
G12_1_FIXTURE_04,E0_vs_E1,0.1,17,1,0.00011496794770140162,0.010091850586301021,0.9999519032397899,0.125
G12_1_FIXTURE_04,E0_vs_E1,0.1,18,1,7.7882181024161e-05,0.018638289383321904,0.9999740509090813,0.1015625
G12_1_FIXTURE_04,E0_vs_E1,0.1,19,1,0.00017590293939872257,0.017966751508806666,0.9999628016453416,0.15625
G12_1_FIXTURE_04,E0_vs_E1,0.1,20,1,0.00012058248218382178,0.0334201994081198,0.9999809671166129,0.125
G12_1_FIXTURE_04,E0_vs_E1,0.1,21,1,8.109263753305684e-05,0.009746152977047728,0.9999866873583095,0.09375
G12_1_FIXTURE_04,E0_vs_E1,0.1,22,1,0.00011917925556495973,0.014585182387531148,0.9999690850648164,0.15625
G12_1_FIXTURE_04,E0_vs_E1,0.1,23,1,9.648574794739211e-05,0.030918647600786997,0.9999803720911885,0.09375
G12_1_FIXTURE_04,E0_vs_E1,0.1,24,1,8.805804615152599e-05,0.02571963139310718,0.9999851196648595,0.140625
G12_1_FIXTURE_04,E0_vs_E1,0.1,25,1,8.411401286101006e-05,0.021192703474611108,0.9999862285331383,0.125
G12_1_FIXTURE_04,E0_vs_E1,0.1,26,0,0.00015947055720037405,0.008037606783856788,0.9999849600468791,0.125
G12_1_FIXTURE_04,E0_vs_E1,0.1,27,1,9.605150820573866e-05,0.002439228827840978,0.9999853801344184,0.125
G12_1_FIXTURE_04,E0_vs_E1,0.1,28,1,6.0064778340058894e-05,0.01822018907710543,0.9999863900104478,0.109375
G12_1_FIXTURE_04,E0_vs_E1,0.1,29,1,6.61582684715982e-05,0.0035460659584405363,0.9999821330473632,0.15625
G12_1_FIXTURE_04,E0_vs_E1,0.1,30,1,0.0001113144085518712,0.010612922514157574,0.999977530002285,0.171875
G12_1_FIXTURE_04,E0_vs_E1,0.1,31,1,8.86734396381032e-05,0.022016982439890143,0.9999837041126202,0.125
G12_1_FIXTURE_04,E0_vs_E1,0.1,32,1,7.159288659748437e-05,0.011859404867127665,0.9999861831114547,0.125
G12_1_FIXTURE_04,E0_vs_E1,0.1,33,1,0.00010813436799541254,0.017682004820287034,0.9999701574583452,0.1875
G12_1_FIXTURE_04,E0_vs_E1,0.1,34,1,0.00014395098503028445,0.011306806133708491,0.9999533869760379,0.109375
G12_1_FIXTURE_04,E0_vs_E1,0.1,35,1,9.32699802518166e-05,0.058158159232597484,0.9999860189292917,0.09375
G12_1_FIXTURE_04,E0_vs_E1,0.1,36,1,0.00018173880530783629,0.03130748918532511,0.9999631694295875,0.1875
G12_1_FIXTURE_04,E0_vs_E1,0.1,37,1,9.648263636168373e-05,0.012160880393819795,0.9999638544009916,0.15625
G12_1_FIXTURE_04,E0_vs_E1,0.1,38,1,7.079419944383471e-05,0.04841085858213745,0.9999861436935069,0.125
G12_1_FIXTURE_04,E0_vs_E1,0.1,39,1,6.370954990953876e-05,0.0071349950494301595,0.9999908444711881,0.125
G12_1_FIXTURE_04,E0_vs_E1,0.1,40,1,8.795981675657262e-05,0.02536236402566061,0.9999882904813967,0.15625
G12_1_FIXTURE_04,E0_vs_E1,0.1,41,1,7.14190855866332e-05,0.006932687014160166,0.9999821737170341,0.125
G12_1_FIXTURE_04,E0_vs_E1,0.1,42,1,0.00011893866379768543,0.04807898563336188,0.9999598967226083,0.1875
G12_1_FIXTURE_04,E0_vs_E1,0.1,43,1,6.661492048733509e-05,0.008368856916453282,0.9999870055378085,0.125
G12_1_FIXTURE_04,E0_vs_E1,0.1,44,1,0.00010054312135242385,0.030974373872275862,0.9999743360493344,0.1171875
G12_1_FIXTURE_04,E0_vs_E1,0.1,45,1,7.267791215382789e-05,0.020752244553555954,0.9999753603161275,0.125
G12_1_FIXTURE_04,E0_vs_E1,0.1,46,0,9.88933009237043e-05,0.0009385509472874531,0.9999839540751808,0.1875
G12_1_FIXTURE_04,E0_vs_E1,0.1,47,1,6.644345862363632e-05,0.003129122691042596,0.9999886530114042,0.09375
G12_1_FIXTURE_04,E0_vs_E1,0.1,48,1,0.00012577679449112368,0.005205670352030012,0.9999225416704889,0.140625
G12_1_FIXTURE_04,E0_vs_E1,0.1,49,1,9.253251154080062e-05,0.005751985304504714,0.9999724391318754,0.15625
G12_1_FIXTURE_04,E0_vs_E1,0.1,50,1,6.657654111746816e-05,0.006141705494016492,0.9999873986554793,0.125
G12_1_FIXTURE_04,E0_vs_E1,0.1,51,1,5.608615349010961e-05,0.019900976273428128,0.999982464801883,0.078125
G12_1_FIXTURE_04,E0_vs_E1,0.1,52,1,7.604953706282042e-05,0.01196038453058712,0.999984568466645,0.125
G12_1_FIXTURE_04,E0_vs_E1,0.1,53,1,7.168165691607837e-05,0.014320271883544677,0.999983283644311,0.125
G12_1_FIXTURE_04,E0_vs_E1,0.1,54,1,5.076262151618781e-05,0.011394582007243415,0.9999905143189315,0.09375
G12_1_FIXTURE_04,E0_vs_E1,0.1,55,1,6.294699629311287e-05,0.025705369277501333,0.999986515505084,0.125
G12_1_FIXTURE_04,E0_vs_E1,0.1,56,1,8.890866968013526e-05,0.017421820358705986,0.9999837792159858,0.125
G12_1_FIXTURE_04,E0_vs_E1,0.1,57,1,0.00011271046458430603,0.05978458147664334,0.9999777316225331,0.09375
G12_1_FIXTURE_04,E0_vs_E1,0.1,58,1,6.16750041866671e-05,0.006509422613440563,0.9999876761115808,0.125
G12_1_FIXTURE_04,E0_vs_E1,0.1,59,1,7.799030117331199e-05,0.01127227527775787,0.9999886103591745,0.125
G12_1_FIXTURE_04,E0_vs_E1,0.1,60,1,8.262724431981573e-05,2.645450205562838e-05,0.9999464326962739,0.12890625
G12_1_FIXTURE_04,E0_vs_E1,0.1,61,1,7.220305934187943e-05,0.023320982875866036,0.999986312457671,0.09375
G12_1_FIXTURE_04,E0_vs_E1,0.1,62,1,0.00016139551953124398,0.030512842042872634,0.9999615577243164,0.15625
G12_1_FIXTURE_04,E0_vs_E1,0.1,63,1,7.953989445207013e-05,0.0008114701491184206,0.9999834890501621,0.09375
G12_1_FIXTURE_04,E0_vs_E1,0.1,64,1,8.720877240032282e-05,0.016505619076195188,0.9999555693799184,0.125
G12_1_FIXTURE_04,E1_vs_E2,0.1,0,1,0.00015167626291625485,0.014257052475889154,0.9999857683436114,0.15625
G12_1_FIXTURE_04,E1_vs_E2,0.1,1,1,0.0001267940035220158,0.0008562870750239426,0.9999828550754817,0.15625
G12_1_FIXTURE_04,E1_vs_E2,0.1,2,1,0.00024226343378654693,0.08505430159278582,0.9999664635966259,0.1875
G12_1_FIXTURE_04,E1_vs_E2,0.1,3,1,0.00016585128920766428,0.02778057187652294,0.9999708681668856,0.15625
G12_1_FIXTURE_04,E1_vs_E2,0.1,4,1,0.00023630148454124666,0.019388022619413192,0.9999787579527667,0.125
G12_1_FIXTURE_04,E1_vs_E2,0.1,5,1,0.00018112379855507425,0.024972875630826508,0.9999755792338704,0.15625
G12_1_FIXTURE_04,E1_vs_E2,0.1,6,1,7.045787418828402e-05,0.008459797312429629,0.9999746682087174,0.1875
G12_1_FIXTURE_04,E1_vs_E2,0.1,7,1,0.00015151096076719106,0.02239358045408224,0.9999686270204537,0.140625
G12_1_FIXTURE_04,E1_vs_E2,0.1,8,1,0.0001244736763658361,0.004003246978536268,0.9999877022913688,0.125
G12_1_FIXTURE_04,E1_vs_E2,0.1,9,1,8.349164060625754e-05,0.023608942969504554,0.9999807411524618,0.1015625
G12_1_FIXTURE_04,E1_vs_E2,0.1,10,1,0.00011349187780098888,0.0010931482934051218,0.9999733033010675,0.125
G12_1_FIXTURE_04,E1_vs_E2,0.1,11,1,9.203165519166813e-05,0.017919034051114835,0.9999793303565113,0.140625
G12_1_FIXTURE_04,E1_vs_E2,0.1,12,1,9.342496114949747e-05,0.023283330752834175,0.999973901448807,0.125
G12_1_FIXTURE_04,E1_vs_E2,0.1,13,1,7.880947256190269e-05,0.006258155382274921,0.9999865619506526,0.125
G12_1_FIXTURE_04,E1_vs_E2,0.1,14,1,0.00012752015895380273,0.001927602483672075,0.9999819112512611,0.21875
G12_1_FIXTURE_04,E1_vs_E2,0.1,15,1,0.00012185807197072366,0.03334093332362009,0.9999852119709967,0.125
G12_1_FIXTURE_04,E1_vs_E2,0.1,16,1,9.795670270865294e-05,0.009325887981537662,0.9999855687867125,0.125
G12_1_FIXTURE_04,E1_vs_E2,0.1,17,1,8.928271414299931e-05,0.007014105944271876,0.9999710925426196,0.15625
G12_1_FIXTURE_04,E1_vs_E2,0.1,18,1,8.044956701530289e-05,0.01722159953791369,0.9999699402361478,0.1363525390625
G12_1_FIXTURE_04,E1_vs_E2,0.1,19,1,0.00010428409121293004,0.00487877895760036,0.9999770852104521,0.125
G12_1_FIXTURE_04,E1_vs_E2,0.1,20,1,0.00020097522043988948,0.05981711139290091,0.9999746350996009,0.25
G12_1_FIXTURE_04,E1_vs_E2,0.1,21,1,0.00010387549022659555,0.02248052015634272,0.999982630859036,0.1875
G12_1_FIXTURE_04,E1_vs_E2,0.1,22,1,0.00010781472304988445,0.023576061194999554,0.9999707777271285,0.15625
G12_1_FIXTURE_04,E1_vs_E2,0.1,23,1,0.00011557959987949906,0.005162613841811492,0.9999760377690857,0.125
G12_1_FIXTURE_04,E1_vs_E2,0.1,24,1,0.00010541122230772556,0.044563881940023364,0.9999847061360901,0.125
G12_1_FIXTURE_04,E1_vs_E2,0.1,25,1,8.752937319681238e-05,0.02714110140730952,0.9999863087729578,0.125
G12_1_FIXTURE_04,E1_vs_E2,0.1,26,0,0.00010689719978010875,0.007453525494041102,0.9999876165210259,0.125
G12_1_FIXTURE_04,E1_vs_E2,0.1,27,1,8.733823551179329e-05,0.004690340520502545,0.9999856347140871,0.125
G12_1_FIXTURE_04,E1_vs_E2,0.1,28,1,7.929814752698722e-05,0.033669824229770384,0.9999795674257673,0.15625
G12_1_FIXTURE_04,E1_vs_E2,0.1,29,1,9.107934910061743e-05,0.023454368592418007,0.9999629572968314,0.15625
G12_1_FIXTURE_04,E1_vs_E2,0.1,30,1,0.00010511735088030287,0.041925566831629624,0.9999821774580453,0.125
G12_1_FIXTURE_04,E1_vs_E2,0.1,31,1,6.499810288006802e-05,0.010424853992137884,0.9999843851176767,0.125
G12_1_FIXTURE_04,E1_vs_E2,0.1,32,1,8.669340006010922e-05,0.03794312520187404,0.9999703474469444,0.15625
G12_1_FIXTURE_04,E1_vs_E2,0.1,33,1,9.921151148920915e-05,0.009710427178774239,0.9999805533507024,0.15625
G12_1_FIXTURE_04,E1_vs_E2,0.1,34,1,0.00014477838096947518,0.01397147222289874,0.999955539490447,0.125
G12_1_FIXTURE_04,E1_vs_E2,0.1,35,1,7.899436979767207e-05,0.029141778640839888,0.9999873934811507,0.09375
G12_1_FIXTURE_04,E1_vs_E2,0.1,36,1,0.00018716483580325164,0.025878684452479206,0.9999689254395161,0.1875
G12_1_FIXTURE_04,E1_vs_E2,0.1,37,1,9.220781514420812e-05,0.0019169409190293862,0.9999516027717771,0.171875
G12_1_FIXTURE_04,E1_vs_E2,0.1,38,1,7.937878753343024e-05,0.014576680864045954,0.9999799782646817,0.140625
G12_1_FIXTURE_04,E1_vs_E2,0.1,39,1,8.038830086999643e-05,0.001614222585994085,0.9999881344337709,0.125
G12_1_FIXTURE_04,E1_vs_E2,0.1,40,1,7.956637129913086e-05,0.004266353190967465,0.9999874040406208,0.125
G12_1_FIXTURE_04,E1_vs_E2,0.1,41,1,8.750436352486144e-05,0.023001269942712455,0.9999813012170321,0.09375
G12_1_FIXTURE_04,E1_vs_E2,0.1,42,1,0.00014288871470617432,0.005940552432843305,0.9999658519262005,0.125
G12_1_FIXTURE_04,E1_vs_E2,0.1,43,1,9.42195813554927e-05,0.006152911592694821,0.999984206332297,0.125
G12_1_FIXTURE_04,E1_vs_E2,0.1,44,1,0.00010274227315449272,0.018895026252813807,0.9999617019023838,0.125
G12_1_FIXTURE_04,E1_vs_E2,0.1,45,1,8.484301155987253e-05,0.0537540789151052,0.9999805026649505,0.15625
G12_1_FIXTURE_04,E1_vs_E2,0.1,46,0,0.00012881137558461533,0.015333961142692587,0.9999847323752877,0.125
G12_1_FIXTURE_04,E1_vs_E2,0.1,47,1,7.535573295060135e-05,0.005607572525157423,0.9999849278628242,0.125
G12_1_FIXTURE_04,E1_vs_E2,0.1,48,1,0.0001454722319769734,0.006387811083895301,0.999877026188747,0.1484375
G12_1_FIXTURE_04,E1_vs_E2,0.1,49,1,0.00010803530732911157,0.006791956398471299,0.9999742005201331,0.125
G12_1_FIXTURE_04,E1_vs_E2,0.1,50,1,7.413658193513667e-05,0.01635622959069849,0.9999834015993398,0.140625
G12_1_FIXTURE_04,E1_vs_E2,0.1,51,1,5.7635802028585526e-05,0.0035360974604756734,0.9999756850756993,0.109375
G12_1_FIXTURE_04,E1_vs_E2,0.1,52,1,7.179962605271861e-05,0.013592783379305473,0.9999858802107664,0.125
G12_1_FIXTURE_04,E1_vs_E2,0.1,53,1,5.657594323475203e-05,0.0013679440463469916,0.9999881693597994,0.125
G12_1_FIXTURE_04,E1_vs_E2,0.1,54,1,5.6134104040048605e-05,0.017653225000918482,0.999985675788375,0.109375
G12_1_FIXTURE_04,E1_vs_E2,0.1,55,1,4.9043849732299496e-05,0.022660040363293277,0.9999906355314446,0.125
G12_1_FIXTURE_04,E1_vs_E2,0.1,56,1,8.108124130291471e-05,0.008572469199298993,0.9999805266335157,0.15625
G12_1_FIXTURE_04,E1_vs_E2,0.1,57,1,0.0001042589550002371,0.03028048952552176,0.9999731181389314,0.125
G12_1_FIXTURE_04,E1_vs_E2,0.1,58,1,7.89316306163886e-05,0.005167431206814399,0.999980680816255,0.15625
G12_1_FIXTURE_04,E1_vs_E2,0.1,59,1,7.312968445962115e-05,0.013073304914694717,0.9999859564082954,0.140625
G12_1_FIXTURE_04,E1_vs_E2,0.1,60,1,0.00013141449872835793,0.01993029280286862,0.999899856683779,0.21875
G12_1_FIXTURE_04,E1_vs_E2,0.1,61,1,6.892538836342758e-05,0.007614174613003399,0.9999871839590497,0.125
G12_1_FIXTURE_04,E1_vs_E2,0.1,62,1,9.511882590352673e-05,0.007954503628347709,0.9999770419058894,0.1015625
G12_1_FIXTURE_04,E1_vs_E2,0.1,63,1,0.0001084617896845805,0.020003911470476865,0.9999787784331035,0.125
G12_1_FIXTURE_04,E1_vs_E2,0.1,64,1,0.00011847513850290987,0.01283651241799788,0.9999730717289729,0.15625
G12_1_FIXTURE_04,E0_vs_E1,97.8516893058,0,1,0.00017155246877454384,0.020297194970572363,0.9999866800585322,0.140625
G12_1_FIXTURE_04,E0_vs_E1,97.8516893058,1,1,0.00011090672891759826,0.0075303492700840025,0.9999895729553857,0.125
G12_1_FIXTURE_04,E0_vs_E1,97.8516893058,2,1,0.00014692297889760277,0.08080829614041107,0.9999829005008021,0.1875
G12_1_FIXTURE_04,E0_vs_E1,97.8516893058,3,1,0.00010468136302028519,0.002274165244163129,0.9999821749141607,0.125
G12_1_FIXTURE_04,E0_vs_E1,97.8516893058,4,1,0.00018775139892398618,0.000409411779473956,0.9999780469288142,0.1591796875
G12_1_FIXTURE_04,E0_vs_E1,97.8516893058,5,1,0.0004476557030715992,0.04398383351224311,0.9999799059503472,0.1875
G12_1_FIXTURE_04,E0_vs_E1,97.8516893058,6,1,0.0001166039380394957,0.05138115207084226,0.9999850243784069,0.125
G12_1_FIXTURE_04,E0_vs_E1,97.8516893058,7,1,0.0004570497809878681,0.06754229169358617,0.9999655116879368,0.1875
G12_1_FIXTURE_04,E0_vs_E1,97.8516893058,8,1,8.597595155338611e-05,0.003917509767473959,0.9999888767758933,0.125
G12_1_FIXTURE_04,E0_vs_E1,97.8516893058,9,1,9.162724627707806e-05,0.01786159091811612,0.9999725983134722,0.125
G12_1_FIXTURE_04,E0_vs_E1,97.8516893058,10,1,0.00010209401052174014,0.010587073060335683,0.9999619809955205,0.140625
G12_1_FIXTURE_04,E0_vs_E1,97.8516893058,11,1,9.027355253534623e-05,0.00197284693873101,0.9999783694443933,0.125
G12_1_FIXTURE_04,E0_vs_E1,97.8516893058,12,1,0.00013566405129529713,0.03039787208992628,0.999940910322318,0.15625
G12_1_FIXTURE_04,E0_vs_E1,97.8516893058,13,1,7.188618033855131e-05,0.04360870255591287,0.9999862470488281,0.09375
G12_1_FIXTURE_04,E0_vs_E1,97.8516893058,14,1,0.0001513829970361555,0.046161831474536896,0.9999804596191226,0.125
G12_1_FIXTURE_04,E0_vs_E1,97.8516893058,15,1,0.00010288922012384988,0.005730291474419502,0.9999853653294659,0.125
G12_1_FIXTURE_04,E0_vs_E1,97.8516893058,16,0,0.00010675626045900702,0.011212479834615152,0.9999871419621299,0.125
G12_1_FIXTURE_04,E0_vs_E1,97.8516893058,17,1,6.909009934424903e-05,0.02790299236224847,0.9999733084755976,0.1015625
G12_1_FIXTURE_04,E0_vs_E1,97.8516893058,18,1,8.446196269883455e-05,0.0033531726668556416,0.9999771966075942,0.109375
G12_1_FIXTURE_04,E0_vs_E1,97.8516893058,19,1,0.00014288570330928376,0.0052050974651081106,0.9999612119113449,0.125
G12_1_FIXTURE_04,E0_vs_E1,97.8516893058,20,1,0.00013106261549810782,0.04148678750099499,0.9999650067874811,0.1875
G12_1_FIXTURE_04,E0_vs_E1,97.8516893058,21,1,0.00012025311440085235,0.034444591668671976,0.9999765451346118,0.14453125
G12_1_FIXTURE_04,E0_vs_E1,97.8516893058,22,1,9.879103189592414e-05,0.00899159317017073,0.9999749552022928,0.140625
G12_1_FIXTURE_04,E0_vs_E1,97.8516893058,23,1,0.00012124719846805066,0.00045731506283352985,0.9999761658646721,0.12890625
G12_1_FIXTURE_04,E0_vs_E1,97.8516893058,24,1,0.00010942198075140951,0.006781860809400797,0.99998497059656,0.15625
G12_1_FIXTURE_04,E0_vs_E1,97.8516893058,25,1,7.588749514473014e-05,0.01465729386412562,0.9999870227448828,0.09375
G12_1_FIXTURE_04,E0_vs_E1,97.8516893058,26,1,8.923507783494949e-05,0.01865893134589136,0.999984269540578,0.15625
G12_1_FIXTURE_04,E0_vs_E1,97.8516893058,27,1,7.727607776779016e-05,0.01468673903606188,0.9999815366345045,0.15625
G12_1_FIXTURE_04,E0_vs_E1,97.8516893058,28,1,6.82126934591626e-05,0.037675217606217615,0.9999871837427748,0.125
G12_1_FIXTURE_04,E0_vs_E1,97.8516893058,29,1,6.170229968449929e-05,0.040965260510176904,0.9999893446710676,0.09375
G12_1_FIXTURE_04,E0_vs_E1,97.8516893058,30,1,0.00010432802343628736,0.035038312412014605,0.9999819580100129,0.1484375
G12_1_FIXTURE_04,E0_vs_E1,97.8516893058,31,1,9.938557377233872e-05,0.022019711492996308,0.9999734667625987,0.15625
G12_1_FIXTURE_04,E0_vs_E1,97.8516893058,32,1,6.747050982162998e-05,0.05297649364980117,0.9999867290145149,0.09375
G12_1_FIXTURE_04,E0_vs_E1,97.8516893058,33,1,8.302639463629143e-05,0.030136820590515256,0.9999741947058738,0.15625
G12_1_FIXTURE_04,E0_vs_E1,97.8516893058,34,1,0.0001416277701570286,0.004531198107988743,0.9999450939047296,0.140625
G12_1_FIXTURE_04,E0_vs_E1,97.8516893058,35,1,6.996497231229865e-05,7.975628858503114e-05,0.9999887293201679,0.078125
G12_1_FIXTURE_04,E0_vs_E1,97.8516893058,36,1,0.00027477095526968977,0.039117049895699196,0.9999735525126985,0.15625
G12_1_FIXTURE_04,E0_vs_E1,97.8516893058,37,1,0.00010257034969076621,0.036593630291886114,0.9999859530495038,0.125
G12_1_FIXTURE_04,E0_vs_E1,97.8516893058,38,1,8.72324025812058e-05,0.016739736914823666,0.9999892870012611,0.09375
G12_1_FIXTURE_04,E0_vs_E1,97.8516893058,39,1,8.445504266210393e-05,0.00931003695854038,0.9999891432455885,0.09375
G12_1_FIXTURE_04,E0_vs_E1,97.8516893058,40,1,7.465659628193671e-05,0.006670857263397778,0.9999853465650977,0.140625
G12_1_FIXTURE_04,E0_vs_E1,97.8516893058,41,1,9.54610168938879e-05,0.0034795180998479225,0.9999823776280218,0.125
G12_1_FIXTURE_04,E0_vs_E1,97.8516893058,42,1,0.0001224955160877903,0.04871798550389528,0.9999608683418546,0.125
G12_1_FIXTURE_04,E0_vs_E1,97.8516893058,43,1,0.00012323518791328744,0.005659224502890581,0.9999824909632176,0.125
G12_1_FIXTURE_04,E0_vs_E1,97.8516893058,44,1,0.00010279908230904097,0.001327010574652121,0.9999783141651467,0.125
G12_1_FIXTURE_04,E0_vs_E1,97.8516893058,45,1,7.945609661806971e-05,0.0075214162073571345,0.9999859404233263,0.09375
G12_1_FIXTURE_04,E0_vs_E1,97.8516893058,46,1,0.00010682119318667334,0.06835087205038093,0.9999848410033222,0.125
G12_1_FIXTURE_04,E0_vs_E1,97.8516893058,47,1,6.0613137123021593e-05,0.01482729830559748,0.9999888043057038,0.09375
G12_1_FIXTURE_04,E0_vs_E1,97.8516893058,48,1,0.00016398569576541995,0.04969411373828336,0.9999009268604969,0.15625
G12_1_FIXTURE_04,E0_vs_E1,97.8516893058,49,1,7.14375602999403e-05,0.028628981316586533,0.9999853464726649,0.09375
G12_1_FIXTURE_04,E0_vs_E1,97.8516893058,50,1,5.433458422529199e-05,0.008265581874983496,0.9999903368796086,0.078125
G12_1_FIXTURE_04,E0_vs_E1,97.8516893058,51,1,7.96918290429764e-05,0.008027004448663888,0.9999677405904241,0.09375
G12_1_FIXTURE_04,E0_vs_E1,97.8516893058,52,1,8.95852314770232e-05,0.01690797155208479,0.9999818948771106,0.1171875
G12_1_FIXTURE_04,E0_vs_E1,97.8516893058,53,1,0.00010526472142433681,0.02814386810053371,0.9999886639372509,0.125
G12_1_FIXTURE_04,E0_vs_E1,97.8516893058,54,1,5.789716825945848e-05,0.008399091606175801,0.9999915814542557,0.0625
G12_1_FIXTURE_04,E0_vs_E1,97.8516893058,55,1,5.498125125673949e-05,0.01149513307997907,0.9999901684007527,0.09375
G12_1_FIXTURE_04,E0_vs_E1,97.8516893058,56,1,7.53908604816206e-05,0.015303492966721066,0.999982060706155,0.125
G12_1_FIXTURE_04,E0_vs_E1,97.8516893058,57,1,0.000130363114271243,0.012655321853502599,0.999976344262641,0.125
G12_1_FIXTURE_04,E0_vs_E1,97.8516893058,58,1,0.00010242139287366313,0.002759994046771297,0.9999876939516648,0.109375
G12_1_FIXTURE_04,E0_vs_E1,97.8516893058,59,1,8.732511368255874e-05,0.01601470504018465,0.9999864115695626,0.09375
G12_1_FIXTURE_04,E0_vs_E1,97.8516893058,60,1,5.024113231053596e-05,0.007971196659482871,0.9999391633190313,0.125
G12_1_FIXTURE_04,E0_vs_E1,97.8516893058,61,1,7.851247147367126e-05,0.01494333450330032,0.9999873621122395,0.09375
G12_1_FIXTURE_04,E0_vs_E1,97.8516893058,62,1,0.00012922625229522592,0.014534230876529719,0.9999675587625431,0.15625
G12_1_FIXTURE_04,E0_vs_E1,97.8516893058,63,0,0.00010283588515093797,0.015437590070028762,0.9999829551177365,0.09375
G12_1_FIXTURE_04,E0_vs_E1,97.8516893058,64,1,9.84103669459014e-05,0.005736938985828388,0.9999676048141294,0.125
G12_1_FIXTURE_04,E1_vs_E2,97.8516893058,0,1,0.0001371869267482984,0.028798908443006255,0.9999868132491312,0.1875
G12_1_FIXTURE_04,E1_vs_E2,97.8516893058,1,1,0.00014511066555336464,0.009009263822225222,0.9999800690159515,0.16015625
G12_1_FIXTURE_04,E1_vs_E2,97.8516893058,2,1,0.0001949642130135371,0.11790321825828443,0.9999695602404176,0.21875
G12_1_FIXTURE_04,E1_vs_E2,97.8516893058,3,1,0.00014712060976148752,0.021606656792371837,0.9999717408185891,0.203125
G12_1_FIXTURE_04,E1_vs_E2,97.8516893058,4,1,0.00029468823586247043,0.031193926201074973,0.999977477987832,0.1875
G12_1_FIXTURE_04,E1_vs_E2,97.8516893058,5,1,0.0005111169612148125,0.05557113211203557,0.9999728679118949,0.1875
G12_1_FIXTURE_04,E1_vs_E2,97.8516893058,6,1,8.842915601503875e-05,0.004587682702329232,0.9999799139013442,0.125
G12_1_FIXTURE_04,E1_vs_E2,97.8516893058,7,1,0.00028015239673771525,0.05421372737186303,0.9999747939443386,0.15625
G12_1_FIXTURE_04,E1_vs_E2,97.8516893058,8,1,0.00011133255372299357,0.02972816180754556,0.9999873455835554,0.1875
G12_1_FIXTURE_04,E1_vs_E2,97.8516893058,9,1,8.036864796341723e-05,0.014661467204627243,0.9999758914889313,0.125
G12_1_FIXTURE_04,E1_vs_E2,97.8516893058,10,1,0.00010633541167039194,0.02356368871938841,0.999979779251828,0.125
G12_1_FIXTURE_04,E1_vs_E2,97.8516893058,11,1,9.830488883774932e-05,0.002625062232347375,0.9999808987137332,0.125
G12_1_FIXTURE_04,E1_vs_E2,97.8516893058,12,1,9.793971288358648e-05,0.014732400438653315,0.9999684600476796,0.125
G12_1_FIXTURE_04,E1_vs_E2,97.8516893058,13,1,9.083767878992626e-05,0.04622780322075748,0.9999800953206393,0.125
G12_1_FIXTURE_04,E1_vs_E2,97.8516893058,14,1,0.00012344873824817186,0.041800119101742084,0.9999785354052085,0.125
G12_1_FIXTURE_04,E1_vs_E2,97.8516893058,15,1,0.00011270351102479748,0.003744987293977431,0.9999854627078937,0.125
G12_1_FIXTURE_04,E1_vs_E2,97.8516893058,16,1,0.00010130097837532022,0.02683929528942741,0.9999863956780802,0.15625
G12_1_FIXTURE_04,E1_vs_E2,97.8516893058,17,1,0.00014858754454434749,0.034770132056173964,0.9999686383708208,0.125
G12_1_FIXTURE_04,E1_vs_E2,97.8516893058,18,1,8.702930626545928e-05,0.020872851176282126,0.9999784954893502,0.125
G12_1_FIXTURE_04,E1_vs_E2,97.8516893058,19,1,0.000174744419876505,0.027140857946442054,0.9999736154013409,0.125
G12_1_FIXTURE_04,E1_vs_E2,97.8516893058,20,1,0.000129008035611101,0.047969967166530125,0.9999750844491909,0.125
G12_1_FIXTURE_04,E1_vs_E2,97.8516893058,21,1,0.00013988920211268523,0.027616827493488927,0.9999794793405061,0.125
G12_1_FIXTURE_04,E1_vs_E2,97.8516893058,22,1,0.00019100823789537972,0.034376137214950475,0.9999672428125157,0.1875
G12_1_FIXTURE_04,E1_vs_E2,97.8516893058,23,1,8.77162263617735e-05,0.012455998086338127,0.9999762188268039,0.125
G12_1_FIXTURE_04,E1_vs_E2,97.8516893058,24,0,0.00013004735911012954,0.014517012274104957,0.9999849497828013,0.125
G12_1_FIXTURE_04,E1_vs_E2,97.8516893058,25,1,8.994116031200086e-05,0.021357504831888363,0.9999837079804452,0.125
G12_1_FIXTURE_04,E1_vs_E2,97.8516893058,26,1,9.274025309084663e-05,0.03539448768565556,0.9999869767184191,0.09375
G12_1_FIXTURE_04,E1_vs_E2,97.8516893058,27,1,7.522822882601383e-05,0.009546562373664358,0.9999832071587272,0.125
G12_1_FIXTURE_04,E1_vs_E2,97.8516893058,28,1,7.084237528571922e-05,0.017866269688033398,0.9999859934876977,0.125
G12_1_FIXTURE_04,E1_vs_E2,97.8516893058,29,1,9.096496682765479e-05,0.02487769185120925,0.999986155208128,0.125
G12_1_FIXTURE_04,E1_vs_E2,97.8516893058,30,1,0.00010505824014193815,0.0008695815738111179,0.9999830926341622,0.125
G12_1_FIXTURE_04,E1_vs_E2,97.8516893058,31,1,8.207271466621703e-05,0.00591300316765242,0.9999841461603218,0.125
G12_1_FIXTURE_04,E1_vs_E2,97.8516893058,32,1,8.175389045383044e-05,0.03886589533897933,0.9999879543371857,0.125
G12_1_FIXTURE_04,E1_vs_E2,97.8516893058,33,1,9.222467790787029e-05,0.009071901600712806,0.9999847135334837,0.140625
G12_1_FIXTURE_04,E1_vs_E2,97.8516893058,34,1,0.00014389877579994945,0.01535154905639935,0.9999263157108843,0.146484375
G12_1_FIXTURE_04,E1_vs_E2,97.8516893058,35,1,7.500803912903405e-05,0.02751097036700756,0.9999868541107074,0.125
G12_1_FIXTURE_04,E1_vs_E2,97.8516893058,36,1,0.00045242807815976387,0.030594010690073503,0.9999566547133611,0.1875
G12_1_FIXTURE_04,E1_vs_E2,97.8516893058,37,1,9.806785974979698e-05,0.04330097275458833,0.9999809576312152,0.125
G12_1_FIXTURE_04,E1_vs_E2,97.8516893058,38,1,0.00014201957489452653,0.039762410491784195,0.9999690009652389,0.140625
G12_1_FIXTURE_04,E1_vs_E2,97.8516893058,39,1,7.038712225239429e-05,0.01834896287391352,0.9999875120399931,0.09375
G12_1_FIXTURE_04,E1_vs_E2,97.8516893058,40,1,7.197082237763355e-05,0.029796239194155305,0.9999861337157742,0.125
G12_1_FIXTURE_04,E1_vs_E2,97.8516893058,41,1,8.431445911524091e-05,0.013731999882935497,0.9999847977458104,0.09375
G12_1_FIXTURE_04,E1_vs_E2,97.8516893058,42,1,9.064678370359735e-05,0.021170463267953465,0.9999687899435318,0.09375
G12_1_FIXTURE_04,E1_vs_E2,97.8516893058,43,1,8.465087616607106e-05,0.011050676664451586,0.9999836384288839,0.125
G12_1_FIXTURE_04,E1_vs_E2,97.8516893058,44,1,0.00011078585314253949,0.02445277131433876,0.9999790695755855,0.125
G12_1_FIXTURE_04,E1_vs_E2,97.8516893058,45,1,0.00012711826831401718,0.00938361988658798,0.9999708704691527,0.1256103515625
G12_1_FIXTURE_04,E1_vs_E2,97.8516893058,46,1,9.437686344491812e-05,0.0437868789441378,0.9999852249460304,0.125
G12_1_FIXTURE_04,E1_vs_E2,97.8516893058,47,1,9.444034283461974e-05,0.023364189800823,0.9999870493270899,0.125
G12_1_FIXTURE_04,E1_vs_E2,97.8516893058,48,1,0.00011563169153833782,0.008222046015962547,0.9999157631088477,0.15625
G12_1_FIXTURE_04,E1_vs_E2,97.8516893058,49,1,7.13788325771687e-05,0.04829539789153614,0.9999860141778985,0.125
G12_1_FIXTURE_04,E1_vs_E2,97.8516893058,50,1,6.503241697335328e-05,0.039863831940721184,0.999973350590994,0.140625
G12_1_FIXTURE_04,E1_vs_E2,97.8516893058,51,1,6.794937504806691e-05,0.007558523594170197,0.9999712803470017,0.09375
G12_1_FIXTURE_04,E1_vs_E2,97.8516893058,52,1,8.738914338848637e-05,0.023252541379486402,0.9999802472408333,0.109375
G12_1_FIXTURE_04,E1_vs_E2,97.8516893058,53,1,7.95491360376123e-05,0.024131501886429874,0.9999830118702706,0.140625
G12_1_FIXTURE_04,E1_vs_E2,97.8516893058,54,1,5.080164205895578e-05,0.0044042556314352055,0.9999893367064568,0.09375
G12_1_FIXTURE_04,E1_vs_E2,97.8516893058,55,1,6.86343054783796e-05,0.002939523900099772,0.9999869902834432,0.09375
G12_1_FIXTURE_04,E1_vs_E2,97.8516893058,56,1,0.0001006456057363052,0.04830813977720183,0.99997104028461,0.15625
G12_1_FIXTURE_04,E1_vs_E2,97.8516893058,57,1,9.930697177860487e-05,0.032781866748106125,0.9999746075631115,0.125
G12_1_FIXTURE_04,E1_vs_E2,97.8516893058,58,1,8.540892470006124e-05,0.028317670872109346,0.999984985992261,0.15625
G12_1_FIXTURE_04,E1_vs_E2,97.8516893058,59,1,0.00012220744932815416,0.049924556957327226,0.9999789203559284,0.125
G12_1_FIXTURE_04,E1_vs_E2,97.8516893058,60,1,0.0005195703082055142,0.09460786122958709,0.9999057145690462,0.1875
G12_1_FIXTURE_04,E1_vs_E2,97.8516893058,61,1,5.527789512496439e-05,0.016212460799541972,0.9999891910935524,0.09375
G12_1_FIXTURE_04,E1_vs_E2,97.8516893058,62,0,0.00010959023887556303,0.0007557006696146118,0.9999656052447148,0.125
G12_1_FIXTURE_04,E1_vs_E2,97.8516893058,63,0,0.0001156812990206377,0.0011446186783992118,0.9999820145819732,0.125
G12_1_FIXTURE_04,E1_vs_E2,97.8516893058,64,1,0.0001196304307069353,0.03315785736211474,0.9999451687546214,0.15625
G12_1_FIXTURE_05,E0_vs_E1,NO_HOOK,0,0,7.371160229411187e-05,0.028318651918013416,0.999986718579275,0.09375
G12_1_FIXTURE_05,E0_vs_E1,NO_HOOK,1,1,8.554581243603672e-05,0.02249788354207105,0.9999831372795583,0.125
G12_1_FIXTURE_05,E1_vs_E2,NO_HOOK,0,0,0.0001363714725755228,0.004251873623088542,0.9999870982238788,0.125
G12_1_FIXTURE_05,E1_vs_E2,NO_HOOK,1,1,6.561159053320885e-05,0.011677637827039788,0.9999882193190754,0.1875
G12_1_FIXTURE_05,E0_vs_E1,0,0,0,7.371160229411187e-05,0.028318651918013416,0.999986718579275,0.09375
G12_1_FIXTURE_05,E0_vs_E1,0,1,1,8.554581243603672e-05,0.02249788354207105,0.9999831372795583,0.125
G12_1_FIXTURE_05,E1_vs_E2,0,0,0,0.0001363714725755228,0.004251873623088542,0.9999870982238788,0.125
G12_1_FIXTURE_05,E1_vs_E2,0,1,1,6.561159053320885e-05,0.011677637827039788,0.9999882193190754,0.1875
G12_1_FIXTURE_05,E0_NOHOOK_vs_ALPHA0,0,0,1,0.0,0.0,0.9999999999999998,0.0
G12_1_FIXTURE_05,E0_NOHOOK_vs_ALPHA0,0,1,1,0.0,0.0,1.0,0.0
G12_1_FIXTURE_05,E1_NOHOOK_vs_ALPHA0,0,0,1,0.0,0.0,1.0,0.0
G12_1_FIXTURE_05,E1_NOHOOK_vs_ALPHA0,0,1,1,0.0,0.0,1.0,0.0
G12_1_FIXTURE_05,E2_NOHOOK_vs_ALPHA0,0,0,1,0.0,0.0,1.0,0.0
G12_1_FIXTURE_05,E2_NOHOOK_vs_ALPHA0,0,1,1,0.0,0.0,0.9999999999999999,0.0
G12_1_FIXTURE_05,E0_vs_E1,0.01,0,1,7.88569417496188e-05,0.005287434935100421,0.9999880662074041,0.09375
G12_1_FIXTURE_05,E0_vs_E1,0.01,1,1,0.00013592941722254733,0.0013577391147698847,0.99997754815114,0.125
G12_1_FIXTURE_05,E1_vs_E2,0.01,0,0,7.358169359861775e-05,0.0016060667019637265,0.9999902513895865,0.09375
G12_1_FIXTURE_05,E1_vs_E2,0.01,1,1,8.639507226445962e-05,0.013937802643486208,0.9999854090554005,0.1875
G12_1_FIXTURE_05,E0_vs_E1,0.1,0,1,8.154840586307776e-05,0.04854077492808706,0.999987850205515,0.125
G12_1_FIXTURE_05,E0_vs_E1,0.1,1,1,0.00011326054270851049,0.04850392683781379,0.999980297325914,0.125
G12_1_FIXTURE_05,E1_vs_E2,0.1,0,0,0.00013913783682362917,0.016791374998549102,0.999987044114375,0.125
G12_1_FIXTURE_05,E1_vs_E2,0.1,1,1,7.602370914173545e-05,0.030166059592307448,0.9999874859594586,0.125
G12_1_FIXTURE_05,E0_vs_E1,97.8516893058,0,1,7.5252060767664e-05,0.009013961899793088,0.9999862871449814,0.09375
G12_1_FIXTURE_05,E0_vs_E1,97.8516893058,1,1,0.000117274493124536,0.01287371847076102,0.9999792926949453,0.125
G12_1_FIXTURE_05,E1_vs_E2,97.8516893058,0,1,5.9563907872987805e-05,0.0034384409110188585,0.9999880332991524,0.09765625
G12_1_FIXTURE_05,E1_vs_E2,97.8516893058,1,1,0.00012805678564317138,0.021875588619536757,0.9999796260072682,0.1875
G12_1_FIXTURE_06,E0_vs_E1,NO_HOOK,0,1,6.650737593135711e-05,0.007297259278459478,0.9999861062739334,0.09375
G12_1_FIXTURE_06,E0_vs_E1,NO_HOOK,1,1,9.991333955978245e-05,0.008220724154465842,0.9999856438416146,0.125
G12_1_FIXTURE_06,E0_vs_E1,NO_HOOK,2,1,7.192322304988662e-05,0.0116937908763326,0.9999851846579211,0.1640625
G12_1_FIXTURE_06,E0_vs_E1,NO_HOOK,3,1,8.942928071493396e-05,0.04452284796790984,0.9999758867256596,0.121337890625
G12_1_FIXTURE_06,E0_vs_E1,NO_HOOK,4,1,6.193889276997962e-05,0.021398074958646873,0.9999902611747268,0.09375
G12_1_FIXTURE_06,E0_vs_E1,NO_HOOK,5,1,7.686371798526652e-05,0.003953508509365378,0.9999821542665189,0.125
G12_1_FIXTURE_06,E0_vs_E1,NO_HOOK,6,1,5.725189266285578e-05,0.008229554051590426,0.9999873993888037,0.09375
G12_1_FIXTURE_06,E0_vs_E1,NO_HOOK,7,1,5.8025444519913135e-05,0.039632138172848386,0.9999882053392626,0.125
G12_1_FIXTURE_06,E0_vs_E1,NO_HOOK,8,1,9.779307501576204e-05,0.042500404449773654,0.9999743487747421,0.140625
G12_1_FIXTURE_06,E1_vs_E2,NO_HOOK,0,1,7.636532406465847e-08,2.0312799797750358e-05,0.9999999881568491,0.03125
G12_1_FIXTURE_06,E1_vs_E2,NO_HOOK,1,1,5.489684166655496e-05,0.010568079897369742,0.9999906368488959,0.09375
G12_1_FIXTURE_06,E1_vs_E2,NO_HOOK,2,1,6.90023251323124e-05,0.001899995301577917,0.9999861371970715,0.140625
G12_1_FIXTURE_06,E1_vs_E2,NO_HOOK,3,1,5.617135681418848e-05,0.031623766436686296,0.9999908539109006,0.06640625
G12_1_FIXTURE_06,E1_vs_E2,NO_HOOK,4,1,6.095575213235687e-05,0.004072381676877512,0.99998596934224,0.1015625
G12_1_FIXTURE_06,E1_vs_E2,NO_HOOK,5,1,7.005058387931628e-05,0.02856007898132873,0.999984617403215,0.09375
G12_1_FIXTURE_06,E1_vs_E2,NO_HOOK,6,1,4.829280390871471e-05,0.008235139351558729,0.9999908915001797,0.0625
G12_1_FIXTURE_06,E1_vs_E2,NO_HOOK,7,1,6.781101243726124e-05,0.013958820202780942,0.9999875304832554,0.125
G12_1_FIXTURE_06,E1_vs_E2,NO_HOOK,8,1,6.636538772249402e-05,0.021117405448755733,0.999950665614097,0.125
G12_1_FIXTURE_06,E0_vs_E1,0,0,1,6.650737593135711e-05,0.007297259278459478,0.9999861062739334,0.09375
G12_1_FIXTURE_06,E0_vs_E1,0,1,1,9.991333955978245e-05,0.008220724154465842,0.9999856438416146,0.125
G12_1_FIXTURE_06,E0_vs_E1,0,2,1,7.192322304988662e-05,0.0116937908763326,0.9999851846579211,0.1640625
G12_1_FIXTURE_06,E0_vs_E1,0,3,1,8.942928071493396e-05,0.04452284796790984,0.9999758867256596,0.121337890625
G12_1_FIXTURE_06,E0_vs_E1,0,4,1,6.193889276997962e-05,0.021398074958646873,0.9999902611747268,0.09375
G12_1_FIXTURE_06,E0_vs_E1,0,5,1,7.686371798526652e-05,0.003953508509365378,0.9999821542665189,0.125
G12_1_FIXTURE_06,E0_vs_E1,0,6,1,5.725189266285578e-05,0.008229554051590426,0.9999873993888037,0.09375
G12_1_FIXTURE_06,E0_vs_E1,0,7,1,5.8025444519913135e-05,0.039632138172848386,0.9999882053392626,0.125
G12_1_FIXTURE_06,E0_vs_E1,0,8,1,9.779307501576204e-05,0.042500404449773654,0.9999743487747421,0.140625
G12_1_FIXTURE_06,E1_vs_E2,0,0,1,7.636532406465847e-08,2.0312799797750358e-05,0.9999999881568491,0.03125
G12_1_FIXTURE_06,E1_vs_E2,0,1,1,5.489684166655496e-05,0.010568079897369742,0.9999906368488959,0.09375
G12_1_FIXTURE_06,E1_vs_E2,0,2,1,6.90023251323124e-05,0.001899995301577917,0.9999861371970715,0.140625
G12_1_FIXTURE_06,E1_vs_E2,0,3,1,5.617135681418848e-05,0.031623766436686296,0.9999908539109006,0.06640625
G12_1_FIXTURE_06,E1_vs_E2,0,4,1,6.095575213235687e-05,0.004072381676877512,0.99998596934224,0.1015625
G12_1_FIXTURE_06,E1_vs_E2,0,5,1,7.005058387931628e-05,0.02856007898132873,0.999984617403215,0.09375
G12_1_FIXTURE_06,E1_vs_E2,0,6,1,4.829280390871471e-05,0.008235139351558729,0.9999908915001797,0.0625
G12_1_FIXTURE_06,E1_vs_E2,0,7,1,6.781101243726124e-05,0.013958820202780942,0.9999875304832554,0.125
G12_1_FIXTURE_06,E1_vs_E2,0,8,1,6.636538772249402e-05,0.021117405448755733,0.999950665614097,0.125
G12_1_FIXTURE_06,E0_NOHOOK_vs_ALPHA0,0,0,1,0.0,0.0,0.9999999999999998,0.0
G12_1_FIXTURE_06,E0_NOHOOK_vs_ALPHA0,0,1,1,0.0,0.0,1.0,0.0
G12_1_FIXTURE_06,E0_NOHOOK_vs_ALPHA0,0,2,1,0.0,0.0,1.0,0.0
G12_1_FIXTURE_06,E0_NOHOOK_vs_ALPHA0,0,3,1,0.0,0.0,1.0,0.0
G12_1_FIXTURE_06,E0_NOHOOK_vs_ALPHA0,0,4,1,0.0,0.0,0.9999999999999999,0.0
G12_1_FIXTURE_06,E0_NOHOOK_vs_ALPHA0,0,5,1,0.0,0.0,0.9999999999999999,0.0
G12_1_FIXTURE_06,E0_NOHOOK_vs_ALPHA0,0,6,1,0.0,0.0,0.9999999999999999,0.0
G12_1_FIXTURE_06,E0_NOHOOK_vs_ALPHA0,0,7,1,0.0,0.0,0.9999999999999999,0.0
G12_1_FIXTURE_06,E0_NOHOOK_vs_ALPHA0,0,8,1,0.0,0.0,1.0000000000000002,0.0
G12_1_FIXTURE_06,E1_NOHOOK_vs_ALPHA0,0,0,1,0.0,0.0,1.0,0.0
G12_1_FIXTURE_06,E1_NOHOOK_vs_ALPHA0,0,1,1,0.0,0.0,1.0,0.0
G12_1_FIXTURE_06,E1_NOHOOK_vs_ALPHA0,0,2,1,0.0,0.0,1.0,0.0
G12_1_FIXTURE_06,E1_NOHOOK_vs_ALPHA0,0,3,1,0.0,0.0,0.9999999999999999,0.0
G12_1_FIXTURE_06,E1_NOHOOK_vs_ALPHA0,0,4,1,0.0,0.0,0.9999999999999999,0.0
G12_1_FIXTURE_06,E1_NOHOOK_vs_ALPHA0,0,5,1,0.0,0.0,1.0,0.0
G12_1_FIXTURE_06,E1_NOHOOK_vs_ALPHA0,0,6,1,0.0,0.0,1.0000000000000002,0.0
G12_1_FIXTURE_06,E1_NOHOOK_vs_ALPHA0,0,7,1,0.0,0.0,1.0,0.0
G12_1_FIXTURE_06,E1_NOHOOK_vs_ALPHA0,0,8,1,0.0,0.0,1.0000000000000002,0.0
G12_1_FIXTURE_06,E2_NOHOOK_vs_ALPHA0,0,0,1,0.0,0.0,1.0,0.0
G12_1_FIXTURE_06,E2_NOHOOK_vs_ALPHA0,0,1,1,0.0,0.0,0.9999999999999999,0.0
G12_1_FIXTURE_06,E2_NOHOOK_vs_ALPHA0,0,2,1,0.0,0.0,1.0,0.0
G12_1_FIXTURE_06,E2_NOHOOK_vs_ALPHA0,0,3,1,0.0,0.0,1.0,0.0
G12_1_FIXTURE_06,E2_NOHOOK_vs_ALPHA0,0,4,1,0.0,0.0,0.9999999999999999,0.0
G12_1_FIXTURE_06,E2_NOHOOK_vs_ALPHA0,0,5,1,0.0,0.0,0.9999999999999999,0.0
G12_1_FIXTURE_06,E2_NOHOOK_vs_ALPHA0,0,6,1,0.0,0.0,1.0000000000000002,0.0
G12_1_FIXTURE_06,E2_NOHOOK_vs_ALPHA0,0,7,1,0.0,0.0,1.0000000000000002,0.0
G12_1_FIXTURE_06,E2_NOHOOK_vs_ALPHA0,0,8,1,0.0,0.0,1.0000000000000002,0.0
G12_1_FIXTURE_06,E0_vs_E1,0.01,0,1,7.915336594864697e-05,0.015381136961007513,0.999988554421903,0.09375
G12_1_FIXTURE_06,E0_vs_E1,0.01,1,1,7.29835349953617e-05,0.03541732247159857,0.9999859281446846,0.125
G12_1_FIXTURE_06,E0_vs_E1,0.01,2,1,7.129418051183645e-05,0.02489233701063398,0.9999810904143378,0.125
G12_1_FIXTURE_06,E0_vs_E1,0.01,3,1,6.990291286438125e-05,0.00010719185328689207,0.9999906395395175,0.125
G12_1_FIXTURE_06,E0_vs_E1,0.01,4,1,7.497577625183507e-05,0.01922243966626702,0.9999879722191435,0.09375
G12_1_FIXTURE_06,E0_vs_E1,0.01,5,1,6.647675662801333e-05,0.01699452387528666,0.9999860807063349,0.09375
G12_1_FIXTURE_06,E0_vs_E1,0.01,6,1,6.619217226755176e-05,0.03348278120265746,0.999987186830749,0.09375
G12_1_FIXTURE_06,E0_vs_E1,0.01,7,1,7.141577287758443e-05,0.023630856445958415,0.9999868462468752,0.09375
G12_1_FIXTURE_06,E0_vs_E1,0.01,8,1,7.02331819137697e-05,0.02995623717098539,0.9999582905276838,0.109375
G12_1_FIXTURE_06,E1_vs_E2,0.01,0,1,7.02676008380116e-08,1.8631337336927345e-05,0.9999999880264492,0.03125
G12_1_FIXTURE_06,E1_vs_E2,0.01,1,1,5.0222481304691274e-05,0.03173985963645265,0.9999906237862238,0.125
G12_1_FIXTURE_06,E1_vs_E2,0.01,2,1,8.119785934921958e-05,0.031328278644096486,0.9999875403869871,0.09375
G12_1_FIXTURE_06,E1_vs_E2,0.01,3,1,5.915420154492453e-05,0.0073396319142169375,0.9999900533346977,0.09375
G12_1_FIXTURE_06,E1_vs_E2,0.01,4,1,5.225410997457043e-05,0.008134814679760183,0.9999891644628539,0.09375
G12_1_FIXTURE_06,E1_vs_E2,0.01,5,1,0.00011116972864867752,0.020635171411994335,0.9999788357861761,0.125
G12_1_FIXTURE_06,E1_vs_E2,0.01,6,1,6.917734839110429e-05,0.03658005993764313,0.9999886814346316,0.09375
G12_1_FIXTURE_06,E1_vs_E2,0.01,7,1,7.304200137487323e-05,0.0422397102055001,0.9999859521801981,0.125
G12_1_FIXTURE_06,E1_vs_E2,0.01,8,1,6.913336663960364e-05,0.044296335563183575,0.9999661749243559,0.09375
G12_1_FIXTURE_06,E0_vs_E1,0.1,0,1,6.51595342460972e-05,0.040068568622437795,0.9999889670514589,0.125
G12_1_FIXTURE_06,E0_vs_E1,0.1,1,1,8.829813152103842e-05,0.04977324736229072,0.9999867339494058,0.125
G12_1_FIXTURE_06,E0_vs_E1,0.1,2,1,7.279838972832221e-05,0.027368552773806343,0.9999832840858874,0.109375
G12_1_FIXTURE_06,E0_vs_E1,0.1,3,1,5.7174136128209594e-05,0.0009916184075553502,0.9999909956279156,0.078125
G12_1_FIXTURE_06,E0_vs_E1,0.1,4,1,5.950557765184032e-05,0.045096315301897505,0.9999906316777406,0.09375
G12_1_FIXTURE_06,E0_vs_E1,0.1,5,1,9.910294575199072e-05,0.0066674977193166285,0.9999846464591129,0.125
G12_1_FIXTURE_06,E0_vs_E1,0.1,6,1,7.312536889818078e-05,0.018448453870364645,0.9999834619571754,0.0947265625
G12_1_FIXTURE_06,E0_vs_E1,0.1,7,1,0.00010920459893759321,0.024296769472226032,0.9999876494719897,0.125
G12_1_FIXTURE_06,E0_vs_E1,0.1,8,1,8.424980180318163e-05,0.01799553568834611,0.999955977992082,0.125
G12_1_FIXTURE_06,E1_vs_E2,0.1,0,1,1.7729540361918948e-07,3.055790017647553e-05,0.999999988633394,0.0625
G12_1_FIXTURE_06,E1_vs_E2,0.1,1,1,9.026676817772871e-05,0.01961384836490332,0.9999887455882086,0.125
G12_1_FIXTURE_06,E1_vs_E2,0.1,2,1,7.664025688537376e-05,0.02138914959385474,0.9999892104246836,0.125
G12_1_FIXTURE_06,E1_vs_E2,0.1,3,1,9.722456174296012e-05,0.012220699648903377,0.9999876902815159,0.125
G12_1_FIXTURE_06,E1_vs_E2,0.1,4,1,5.4427635510137854e-05,0.00532724086644798,0.9999910285485965,0.09375
G12_1_FIXTURE_06,E1_vs_E2,0.1,5,1,9.574418365362056e-05,0.010131796439814877,0.9999814328783024,0.1015625
G12_1_FIXTURE_06,E1_vs_E2,0.1,6,1,6.82808577484416e-05,0.014187383296290434,0.999989516810727,0.09375
G12_1_FIXTURE_06,E1_vs_E2,0.1,7,1,5.828887379379197e-05,0.025027909556680328,0.9999888917409876,0.125
G12_1_FIXTURE_06,E1_vs_E2,0.1,8,1,6.154959111871882e-05,0.022599721132387174,0.9999567234439486,0.125
G12_1_FIXTURE_06,E0_vs_E1,97.8516893058,0,1,6.344474289989922e-05,0.005656299406373577,0.9999853117072537,0.125
G12_1_FIXTURE_06,E0_vs_E1,97.8516893058,1,1,0.0001279099651797414,0.02301414037747307,0.9999879509766745,0.15625
G12_1_FIXTURE_06,E0_vs_E1,97.8516893058,2,1,6.230523578926757e-05,0.0008154530790882575,0.9999879037908719,0.109375
G12_1_FIXTURE_06,E0_vs_E1,97.8516893058,3,1,6.181303105249434e-05,0.035081333188969666,0.9999913473156815,0.0625
G12_1_FIXTURE_06,E0_vs_E1,97.8516893058,4,1,7.638397673324232e-05,0.019114863746256816,0.9999890178083598,0.078125
G12_1_FIXTURE_06,E0_vs_E1,97.8516893058,5,1,9.047053541561998e-05,0.016972328871329267,0.9999736912749538,0.15625
G12_1_FIXTURE_06,E0_vs_E1,97.8516893058,6,1,7.071573973139031e-05,0.01842050282794183,0.9999885831022254,0.09375
G12_1_FIXTURE_06,E0_vs_E1,97.8516893058,7,1,6.116965539737057e-05,0.026734762144705826,0.9999879300183346,0.09375
G12_1_FIXTURE_06,E0_vs_E1,97.8516893058,8,1,0.0001127526666469934,0.028312213783241447,0.9999775509786296,0.09375
G12_1_FIXTURE_06,E1_vs_E2,97.8516893058,0,1,5.135122561340955e-08,1.3937380296979995e-05,0.9999999872142532,0.03125
G12_1_FIXTURE_06,E1_vs_E2,97.8516893058,1,1,5.9469409797040387e-05,0.009735351719285745,0.9999826056645383,0.125
G12_1_FIXTURE_06,E1_vs_E2,97.8516893058,2,1,6.121047238158008e-05,0.0022488864610075154,0.9999905889954636,0.125
G12_1_FIXTURE_06,E1_vs_E2,97.8516893058,3,1,5.265372610921563e-05,0.04825332594378118,0.9999897441675615,0.0859375
G12_1_FIXTURE_06,E1_vs_E2,97.8516893058,4,1,6.111161606485167e-05,0.0006906603589591498,0.9999910276025334,0.09375
G12_1_FIXTURE_06,E1_vs_E2,97.8516893058,5,1,0.0001020796885082129,0.008135757641531072,0.9999656280433957,0.15625
G12_1_FIXTURE_06,E1_vs_E2,97.8516893058,6,1,7.845542353288558e-05,0.000928328363738018,0.9999857754568175,0.125
G12_1_FIXTURE_06,E1_vs_E2,97.8516893058,7,1,5.173692798836505e-05,0.027308370965936746,0.9999905921635329,0.09375
G12_1_FIXTURE_06,E1_vs_E2,97.8516893058,8,1,0.00012878036277896203,0.03575291075387277,0.9999648193553009,0.09375
G12_1_FIXTURE_07,E0_vs_E1,NO_HOOK,0,1,8.351464860621531e-05,0.005023203653708563,0.9999733854340384,0.125
G12_1_FIXTURE_07,E0_vs_E1,NO_HOOK,1,0,0.0001328347036514678,0.014560795460139886,0.9999715883203494,0.125
G12_1_FIXTURE_07,E0_vs_E1,NO_HOOK,2,0,0.00010976520394917228,0.008850562531407036,0.9999785939364567,0.10546875
G12_1_FIXTURE_07,E0_vs_E1,NO_HOOK,3,1,8.421101294793439e-05,0.040552016382493505,0.9999858967838402,0.125
G12_1_FIXTURE_07,E0_vs_E1,NO_HOOK,4,1,4.4023361064954975e-05,0.0022717571193915376,0.99998928331631,0.0703125
G12_1_FIXTURE_07,E0_vs_E1,NO_HOOK,5,1,5.446885818425376e-05,0.0016696556038340304,0.9999903263929276,0.09375
G12_1_FIXTURE_07,E0_vs_E1,NO_HOOK,6,1,6.075149876272058e-05,0.02146192866215557,0.9999901973548531,0.125
G12_1_FIXTURE_07,E0_vs_E1,NO_HOOK,7,1,0.00011057021064148943,0.01714868657156643,0.9999849443512706,0.125
G12_1_FIXTURE_07,E0_vs_E1,NO_HOOK,8,1,6.912724004809145e-05,0.001844887933382111,0.9999885380556869,0.09375
G12_1_FIXTURE_07,E0_vs_E1,NO_HOOK,9,1,8.39421955128246e-05,0.031895917241493876,0.9999730595621115,0.15625
G12_1_FIXTURE_07,E0_vs_E1,NO_HOOK,10,1,6.0452390733386466e-05,0.0006212122720778979,0.9999884136446647,0.125
G12_1_FIXTURE_07,E0_vs_E1,NO_HOOK,11,1,5.655864088595242e-05,0.0024268826885016637,0.9999908565415996,0.09375
G12_1_FIXTURE_07,E0_vs_E1,NO_HOOK,12,1,5.176546629751948e-05,0.030415929579222123,0.9999918777603835,0.09375
G12_1_FIXTURE_07,E0_vs_E1,NO_HOOK,13,1,6.923784365339897e-05,0.008192624056290398,0.9999882949919365,0.125
G12_1_FIXTURE_07,E0_vs_E1,NO_HOOK,14,1,5.637459078729027e-05,0.0041854596524650844,0.9999908377299505,0.09375
G12_1_FIXTURE_07,E0_vs_E1,NO_HOOK,15,1,5.2204828298080545e-05,0.0070835422135751,0.9999889129536468,0.125
G12_1_FIXTURE_07,E0_vs_E1,NO_HOOK,16,1,3.550001436426394e-05,0.00165391669774273,0.9999936229473212,0.0625
G12_1_FIXTURE_07,E0_vs_E1,NO_HOOK,17,1,6.931938340217934e-05,0.03616527993177421,0.9999875222849602,0.09375
G12_1_FIXTURE_07,E0_vs_E1,NO_HOOK,18,1,5.436555064908477e-05,0.015272226752578888,0.9999909481594045,0.125
G12_1_FIXTURE_07,E0_vs_E1,NO_HOOK,19,1,5.4392664041259375e-05,0.023522950228450412,0.9999883359546643,0.09375
G12_1_FIXTURE_07,E0_vs_E1,NO_HOOK,20,1,5.422159865151922e-05,0.008819787558818959,0.9999455898634679,0.09765625
G12_1_FIXTURE_07,E0_vs_E1,NO_HOOK,21,1,7.208142235696217e-05,0.0020498898295677748,0.9999845513692655,0.125
G12_1_FIXTURE_07,E0_vs_E1,NO_HOOK,22,1,8.754271734272345e-05,4.422652266455884e-05,0.9999794500350269,0.125
G12_1_FIXTURE_07,E0_vs_E1,NO_HOOK,23,1,0.00011702598171052015,0.00846256794734579,0.999959830609657,0.125
G12_1_FIXTURE_07,E0_vs_E1,NO_HOOK,24,1,8.554948354179978e-05,0.011566244757384325,0.9999869840206951,0.125
G12_1_FIXTURE_07,E0_vs_E1,NO_HOOK,25,1,4.989148911859368e-05,0.0139486534326565,0.9999899947478617,0.09375
G12_1_FIXTURE_07,E0_vs_E1,NO_HOOK,26,1,6.13154255480085e-05,0.028532812597115154,0.9999868712580767,0.109375
G12_1_FIXTURE_07,E0_vs_E1,NO_HOOK,27,1,4.524368388181504e-05,0.01006134845524187,0.9999884089662037,0.078125
G12_1_FIXTURE_07,E0_vs_E1,NO_HOOK,28,1,0.0001575683904150864,0.01166006988476731,0.9999370741396547,0.125
G12_1_FIXTURE_07,E0_vs_E1,NO_HOOK,29,1,6.226028027254635e-05,0.023689248014315822,0.9999828182705183,0.09375
G12_1_FIXTURE_07,E0_vs_E1,NO_HOOK,30,1,6.102329553242742e-05,0.02707971278795185,0.9999761127404616,0.078125
G12_1_FIXTURE_07,E0_vs_E1,NO_HOOK,31,1,9.785989650630463e-05,0.03682306066442642,0.9999252251213987,0.125
G12_1_FIXTURE_07,E0_vs_E1,NO_HOOK,32,1,5.300326034097272e-05,0.04196131358363786,0.9999867990965409,0.125
G12_1_FIXTURE_07,E1_vs_E2,NO_HOOK,0,1,9.966048151915092e-05,0.0018748059679456475,0.9999745053651533,0.125
G12_1_FIXTURE_07,E1_vs_E2,NO_HOOK,1,0,0.00010204131703430268,0.011018206177922707,0.9999726656087067,0.15625
G12_1_FIXTURE_07,E1_vs_E2,NO_HOOK,2,0,0.00013397382119408302,0.013314368416335043,0.9999706956820181,0.125
G12_1_FIXTURE_07,E1_vs_E2,NO_HOOK,3,1,8.505362340939607e-05,0.042467363265743074,0.9999793607026947,0.09375
G12_1_FIXTURE_07,E1_vs_E2,NO_HOOK,4,1,9.117423247941069e-05,0.036355750724069935,0.9999755078540676,0.125
G12_1_FIXTURE_07,E1_vs_E2,NO_HOOK,5,1,9.873959182974464e-05,0.012443425030204125,0.9999856256544885,0.1875
G12_1_FIXTURE_07,E1_vs_E2,NO_HOOK,6,1,7.613050965374407e-05,0.03268194031435989,0.9999844533648553,0.125
G12_1_FIXTURE_07,E1_vs_E2,NO_HOOK,7,1,0.00010418176211365513,0.03126475485126967,0.9999770805196616,0.125
G12_1_FIXTURE_07,E1_vs_E2,NO_HOOK,8,1,8.728234754091217e-05,0.005954755857715099,0.9999860526005833,0.125
G12_1_FIXTURE_07,E1_vs_E2,NO_HOOK,9,1,7.451829440742289e-05,0.025282469171822086,0.9999848090702692,0.125
G12_1_FIXTURE_07,E1_vs_E2,NO_HOOK,10,1,7.015836919876827e-05,0.010010695150102222,0.9999859584400574,0.125
G12_1_FIXTURE_07,E1_vs_E2,NO_HOOK,11,1,9.588939736765927e-05,0.02684094645618451,0.999983822417993,0.09375
G12_1_FIXTURE_07,E1_vs_E2,NO_HOOK,12,1,6.868296250570063e-05,0.02714823229473673,0.9999906964164845,0.09375
G12_1_FIXTURE_07,E1_vs_E2,NO_HOOK,13,1,6.868156511119166e-05,0.014529125258789577,0.9999870580068371,0.09375
G12_1_FIXTURE_07,E1_vs_E2,NO_HOOK,14,1,6.564742061156153e-05,0.024612307127146238,0.9999864473152509,0.125
G12_1_FIXTURE_07,E1_vs_E2,NO_HOOK,15,1,5.4854934695588086e-05,0.004988669840081172,0.9999870203611327,0.15625
G12_1_FIXTURE_07,E1_vs_E2,NO_HOOK,16,1,8.056903978274194e-05,0.018450394669267567,0.9999915135701157,0.125
G12_1_FIXTURE_07,E1_vs_E2,NO_HOOK,17,1,0.00011523370703923311,0.07140351139483592,0.9999682518173048,0.1796875
G12_1_FIXTURE_07,E1_vs_E2,NO_HOOK,18,1,8.067587795750514e-05,0.001247969431911855,0.9999821740189515,0.125
G12_1_FIXTURE_07,E1_vs_E2,NO_HOOK,19,1,6.422146398130078e-05,0.0009038638799978571,0.9999878528124944,0.125
G12_1_FIXTURE_07,E1_vs_E2,NO_HOOK,20,1,8.878231579889206e-05,0.02936289816671156,0.9999726085325178,0.125
G12_1_FIXTURE_07,E1_vs_E2,NO_HOOK,21,1,7.82392852445795e-05,0.005459261178289765,0.9999838857201743,0.125
G12_1_FIXTURE_07,E1_vs_E2,NO_HOOK,22,1,6.536855957243738e-05,0.00015576172564735202,0.9999815823167764,0.125
G12_1_FIXTURE_07,E1_vs_E2,NO_HOOK,23,1,0.00013398947125276917,0.027582933224330475,0.9998415820876037,0.1484375
G12_1_FIXTURE_07,E1_vs_E2,NO_HOOK,24,1,0.0001190312679862955,0.005880682786656877,0.9999701042395626,0.125
G12_1_FIXTURE_07,E1_vs_E2,NO_HOOK,25,1,7.257402015062254e-05,0.01801764608973322,0.9999818732406618,0.15625
G12_1_FIXTURE_07,E1_vs_E2,NO_HOOK,26,1,9.718510218582763e-05,0.0441274123416342,0.9999836473068212,0.1875
G12_1_FIXTURE_07,E1_vs_E2,NO_HOOK,27,1,5.7046029399011094e-05,0.03907058650909789,0.9999832781666437,0.125
G12_1_FIXTURE_07,E1_vs_E2,NO_HOOK,28,1,0.00014987492955790454,0.007179280433758706,0.9999579065936784,0.125
G12_1_FIXTURE_07,E1_vs_E2,NO_HOOK,29,1,6.693953554303913e-05,0.0032497965419420183,0.9999834207291463,0.09375
G12_1_FIXTURE_07,E1_vs_E2,NO_HOOK,30,1,0.0001279885255535686,0.0066119288444497215,0.9999689667464466,0.125
G12_1_FIXTURE_07,E1_vs_E2,NO_HOOK,31,1,9.162034650053027e-05,0.005742183241867593,0.9999735043013267,0.125
G12_1_FIXTURE_07,E1_vs_E2,NO_HOOK,32,0,6.86343222221531e-05,0.043028125860193,0.9999854721439546,0.15625
G12_1_FIXTURE_07,E0_vs_E1,0,0,1,8.351464860621531e-05,0.005023203653708563,0.9999733854340384,0.125
G12_1_FIXTURE_07,E0_vs_E1,0,1,0,0.0001328347036514678,0.014560795460139886,0.9999715883203494,0.125
G12_1_FIXTURE_07,E0_vs_E1,0,2,0,0.00010976520394917228,0.008850562531407036,0.9999785939364567,0.10546875
G12_1_FIXTURE_07,E0_vs_E1,0,3,1,8.421101294793439e-05,0.040552016382493505,0.9999858967838402,0.125
G12_1_FIXTURE_07,E0_vs_E1,0,4,1,4.4023361064954975e-05,0.0022717571193915376,0.99998928331631,0.0703125
G12_1_FIXTURE_07,E0_vs_E1,0,5,1,5.446885818425376e-05,0.0016696556038340304,0.9999903263929276,0.09375
G12_1_FIXTURE_07,E0_vs_E1,0,6,1,6.075149876272058e-05,0.02146192866215557,0.9999901973548531,0.125
G12_1_FIXTURE_07,E0_vs_E1,0,7,1,0.00011057021064148943,0.01714868657156643,0.9999849443512706,0.125
G12_1_FIXTURE_07,E0_vs_E1,0,8,1,6.912724004809145e-05,0.001844887933382111,0.9999885380556869,0.09375
G12_1_FIXTURE_07,E0_vs_E1,0,9,1,8.39421955128246e-05,0.031895917241493876,0.9999730595621115,0.15625
G12_1_FIXTURE_07,E0_vs_E1,0,10,1,6.0452390733386466e-05,0.0006212122720778979,0.9999884136446647,0.125
G12_1_FIXTURE_07,E0_vs_E1,0,11,1,5.655864088595242e-05,0.0024268826885016637,0.9999908565415996,0.09375
G12_1_FIXTURE_07,E0_vs_E1,0,12,1,5.176546629751948e-05,0.030415929579222123,0.9999918777603835,0.09375
G12_1_FIXTURE_07,E0_vs_E1,0,13,1,6.923784365339897e-05,0.008192624056290398,0.9999882949919365,0.125
G12_1_FIXTURE_07,E0_vs_E1,0,14,1,5.637459078729027e-05,0.0041854596524650844,0.9999908377299505,0.09375
G12_1_FIXTURE_07,E0_vs_E1,0,15,1,5.2204828298080545e-05,0.0070835422135751,0.9999889129536468,0.125
G12_1_FIXTURE_07,E0_vs_E1,0,16,1,3.550001436426394e-05,0.00165391669774273,0.9999936229473212,0.0625
G12_1_FIXTURE_07,E0_vs_E1,0,17,1,6.931938340217934e-05,0.03616527993177421,0.9999875222849602,0.09375
G12_1_FIXTURE_07,E0_vs_E1,0,18,1,5.436555064908477e-05,0.015272226752578888,0.9999909481594045,0.125
G12_1_FIXTURE_07,E0_vs_E1,0,19,1,5.4392664041259375e-05,0.023522950228450412,0.9999883359546643,0.09375
G12_1_FIXTURE_07,E0_vs_E1,0,20,1,5.422159865151922e-05,0.008819787558818959,0.9999455898634679,0.09765625
G12_1_FIXTURE_07,E0_vs_E1,0,21,1,7.208142235696217e-05,0.0020498898295677748,0.9999845513692655,0.125
G12_1_FIXTURE_07,E0_vs_E1,0,22,1,8.754271734272345e-05,4.422652266455884e-05,0.9999794500350269,0.125
G12_1_FIXTURE_07,E0_vs_E1,0,23,1,0.00011702598171052015,0.00846256794734579,0.999959830609657,0.125
G12_1_FIXTURE_07,E0_vs_E1,0,24,1,8.554948354179978e-05,0.011566244757384325,0.9999869840206951,0.125
G12_1_FIXTURE_07,E0_vs_E1,0,25,1,4.989148911859368e-05,0.0139486534326565,0.9999899947478617,0.09375
G12_1_FIXTURE_07,E0_vs_E1,0,26,1,6.13154255480085e-05,0.028532812597115154,0.9999868712580767,0.109375
G12_1_FIXTURE_07,E0_vs_E1,0,27,1,4.524368388181504e-05,0.01006134845524187,0.9999884089662037,0.078125
G12_1_FIXTURE_07,E0_vs_E1,0,28,1,0.0001575683904150864,0.01166006988476731,0.9999370741396547,0.125
G12_1_FIXTURE_07,E0_vs_E1,0,29,1,6.226028027254635e-05,0.023689248014315822,0.9999828182705183,0.09375
G12_1_FIXTURE_07,E0_vs_E1,0,30,1,6.102329553242742e-05,0.02707971278795185,0.9999761127404616,0.078125
G12_1_FIXTURE_07,E0_vs_E1,0,31,1,9.785989650630463e-05,0.03682306066442642,0.9999252251213987,0.125
G12_1_FIXTURE_07,E0_vs_E1,0,32,1,5.300326034097272e-05,0.04196131358363786,0.9999867990965409,0.125
G12_1_FIXTURE_07,E1_vs_E2,0,0,1,9.966048151915092e-05,0.0018748059679456475,0.9999745053651533,0.125
G12_1_FIXTURE_07,E1_vs_E2,0,1,0,0.00010204131703430268,0.011018206177922707,0.9999726656087067,0.15625
G12_1_FIXTURE_07,E1_vs_E2,0,2,0,0.00013397382119408302,0.013314368416335043,0.9999706956820181,0.125
G12_1_FIXTURE_07,E1_vs_E2,0,3,1,8.505362340939607e-05,0.042467363265743074,0.9999793607026947,0.09375
G12_1_FIXTURE_07,E1_vs_E2,0,4,1,9.117423247941069e-05,0.036355750724069935,0.9999755078540676,0.125
G12_1_FIXTURE_07,E1_vs_E2,0,5,1,9.873959182974464e-05,0.012443425030204125,0.9999856256544885,0.1875
G12_1_FIXTURE_07,E1_vs_E2,0,6,1,7.613050965374407e-05,0.03268194031435989,0.9999844533648553,0.125
G12_1_FIXTURE_07,E1_vs_E2,0,7,1,0.00010418176211365513,0.03126475485126967,0.9999770805196616,0.125
G12_1_FIXTURE_07,E1_vs_E2,0,8,1,8.728234754091217e-05,0.005954755857715099,0.9999860526005833,0.125
G12_1_FIXTURE_07,E1_vs_E2,0,9,1,7.451829440742289e-05,0.025282469171822086,0.9999848090702692,0.125
G12_1_FIXTURE_07,E1_vs_E2,0,10,1,7.015836919876827e-05,0.010010695150102222,0.9999859584400574,0.125
G12_1_FIXTURE_07,E1_vs_E2,0,11,1,9.588939736765927e-05,0.02684094645618451,0.999983822417993,0.09375
G12_1_FIXTURE_07,E1_vs_E2,0,12,1,6.868296250570063e-05,0.02714823229473673,0.9999906964164845,0.09375
G12_1_FIXTURE_07,E1_vs_E2,0,13,1,6.868156511119166e-05,0.014529125258789577,0.9999870580068371,0.09375
G12_1_FIXTURE_07,E1_vs_E2,0,14,1,6.564742061156153e-05,0.024612307127146238,0.9999864473152509,0.125
G12_1_FIXTURE_07,E1_vs_E2,0,15,1,5.4854934695588086e-05,0.004988669840081172,0.9999870203611327,0.15625
G12_1_FIXTURE_07,E1_vs_E2,0,16,1,8.056903978274194e-05,0.018450394669267567,0.9999915135701157,0.125
G12_1_FIXTURE_07,E1_vs_E2,0,17,1,0.00011523370703923311,0.07140351139483592,0.9999682518173048,0.1796875
G12_1_FIXTURE_07,E1_vs_E2,0,18,1,8.067587795750514e-05,0.001247969431911855,0.9999821740189515,0.125
G12_1_FIXTURE_07,E1_vs_E2,0,19,1,6.422146398130078e-05,0.0009038638799978571,0.9999878528124944,0.125
G12_1_FIXTURE_07,E1_vs_E2,0,20,1,8.878231579889206e-05,0.02936289816671156,0.9999726085325178,0.125
G12_1_FIXTURE_07,E1_vs_E2,0,21,1,7.82392852445795e-05,0.005459261178289765,0.9999838857201743,0.125
G12_1_FIXTURE_07,E1_vs_E2,0,22,1,6.536855957243738e-05,0.00015576172564735202,0.9999815823167764,0.125
G12_1_FIXTURE_07,E1_vs_E2,0,23,1,0.00013398947125276917,0.027582933224330475,0.9998415820876037,0.1484375
G12_1_FIXTURE_07,E1_vs_E2,0,24,1,0.0001190312679862955,0.005880682786656877,0.9999701042395626,0.125
G12_1_FIXTURE_07,E1_vs_E2,0,25,1,7.257402015062254e-05,0.01801764608973322,0.9999818732406618,0.15625
G12_1_FIXTURE_07,E1_vs_E2,0,26,1,9.718510218582763e-05,0.0441274123416342,0.9999836473068212,0.1875
G12_1_FIXTURE_07,E1_vs_E2,0,27,1,5.7046029399011094e-05,0.03907058650909789,0.9999832781666437,0.125
G12_1_FIXTURE_07,E1_vs_E2,0,28,1,0.00014987492955790454,0.007179280433758706,0.9999579065936784,0.125
G12_1_FIXTURE_07,E1_vs_E2,0,29,1,6.693953554303913e-05,0.0032497965419420183,0.9999834207291463,0.09375
G12_1_FIXTURE_07,E1_vs_E2,0,30,1,0.0001279885255535686,0.0066119288444497215,0.9999689667464466,0.125
G12_1_FIXTURE_07,E1_vs_E2,0,31,1,9.162034650053027e-05,0.005742183241867593,0.9999735043013267,0.125
G12_1_FIXTURE_07,E1_vs_E2,0,32,0,6.86343222221531e-05,0.043028125860193,0.9999854721439546,0.15625
G12_1_FIXTURE_07,E0_NOHOOK_vs_ALPHA0,0,0,1,0.0,0.0,0.9999999999999999,0.0
G12_1_FIXTURE_07,E0_NOHOOK_vs_ALPHA0,0,1,1,0.0,0.0,1.0,0.0
G12_1_FIXTURE_07,E0_NOHOOK_vs_ALPHA0,0,2,1,0.0,0.0,1.0000000000000002,0.0
G12_1_FIXTURE_07,E0_NOHOOK_vs_ALPHA0,0,3,1,0.0,0.0,1.0,0.0
G12_1_FIXTURE_07,E0_NOHOOK_vs_ALPHA0,0,4,1,0.0,0.0,0.9999999999999999,0.0
G12_1_FIXTURE_07,E0_NOHOOK_vs_ALPHA0,0,5,1,0.0,0.0,1.0000000000000002,0.0
G12_1_FIXTURE_07,E0_NOHOOK_vs_ALPHA0,0,6,1,0.0,0.0,1.0,0.0
G12_1_FIXTURE_07,E0_NOHOOK_vs_ALPHA0,0,7,1,0.0,0.0,1.0,0.0
G12_1_FIXTURE_07,E0_NOHOOK_vs_ALPHA0,0,8,1,0.0,0.0,1.0,0.0
G12_1_FIXTURE_07,E0_NOHOOK_vs_ALPHA0,0,9,1,0.0,0.0,1.0000000000000002,0.0
G12_1_FIXTURE_07,E0_NOHOOK_vs_ALPHA0,0,10,1,0.0,0.0,1.0000000000000002,0.0
G12_1_FIXTURE_07,E0_NOHOOK_vs_ALPHA0,0,11,1,0.0,0.0,0.9999999999999999,0.0
G12_1_FIXTURE_07,E0_NOHOOK_vs_ALPHA0,0,12,1,0.0,0.0,1.0,0.0
G12_1_FIXTURE_07,E0_NOHOOK_vs_ALPHA0,0,13,1,0.0,0.0,1.0,0.0
G12_1_FIXTURE_07,E0_NOHOOK_vs_ALPHA0,0,14,1,0.0,0.0,1.0,0.0
G12_1_FIXTURE_07,E0_NOHOOK_vs_ALPHA0,0,15,1,0.0,0.0,1.0000000000000002,0.0
G12_1_FIXTURE_07,E0_NOHOOK_vs_ALPHA0,0,16,1,0.0,0.0,1.0000000000000002,0.0
G12_1_FIXTURE_07,E0_NOHOOK_vs_ALPHA0,0,17,1,0.0,0.0,1.0,0.0
G12_1_FIXTURE_07,E0_NOHOOK_vs_ALPHA0,0,18,1,0.0,0.0,1.0,0.0
G12_1_FIXTURE_07,E0_NOHOOK_vs_ALPHA0,0,19,1,0.0,0.0,1.0,0.0
G12_1_FIXTURE_07,E0_NOHOOK_vs_ALPHA0,0,20,1,0.0,0.0,1.0,0.0
G12_1_FIXTURE_07,E0_NOHOOK_vs_ALPHA0,0,21,1,0.0,0.0,1.0,0.0
G12_1_FIXTURE_07,E0_NOHOOK_vs_ALPHA0,0,22,1,0.0,0.0,0.9999999999999999,0.0
G12_1_FIXTURE_07,E0_NOHOOK_vs_ALPHA0,0,23,1,0.0,0.0,1.0000000000000002,0.0
G12_1_FIXTURE_07,E0_NOHOOK_vs_ALPHA0,0,24,1,0.0,0.0,1.0,0.0
G12_1_FIXTURE_07,E0_NOHOOK_vs_ALPHA0,0,25,1,0.0,0.0,1.0000000000000002,0.0
G12_1_FIXTURE_07,E0_NOHOOK_vs_ALPHA0,0,26,1,0.0,0.0,1.0,0.0
G12_1_FIXTURE_07,E0_NOHOOK_vs_ALPHA0,0,27,1,0.0,0.0,1.0000000000000002,0.0
G12_1_FIXTURE_07,E0_NOHOOK_vs_ALPHA0,0,28,1,0.0,0.0,1.0,0.0
G12_1_FIXTURE_07,E0_NOHOOK_vs_ALPHA0,0,29,1,0.0,0.0,0.9999999999999998,0.0
G12_1_FIXTURE_07,E0_NOHOOK_vs_ALPHA0,0,30,1,0.0,0.0,1.0,0.0
G12_1_FIXTURE_07,E0_NOHOOK_vs_ALPHA0,0,31,1,0.0,0.0,0.9999999999999999,0.0
G12_1_FIXTURE_07,E0_NOHOOK_vs_ALPHA0,0,32,1,0.0,0.0,1.0,0.0
G12_1_FIXTURE_07,E1_NOHOOK_vs_ALPHA0,0,0,1,0.0,0.0,1.0000000000000002,0.0
G12_1_FIXTURE_07,E1_NOHOOK_vs_ALPHA0,0,1,1,0.0,0.0,1.0,0.0
G12_1_FIXTURE_07,E1_NOHOOK_vs_ALPHA0,0,2,1,0.0,0.0,1.0000000000000002,0.0
G12_1_FIXTURE_07,E1_NOHOOK_vs_ALPHA0,0,3,1,0.0,0.0,0.9999999999999999,0.0
G12_1_FIXTURE_07,E1_NOHOOK_vs_ALPHA0,0,4,1,0.0,0.0,1.0,0.0
G12_1_FIXTURE_07,E1_NOHOOK_vs_ALPHA0,0,5,1,0.0,0.0,1.0,0.0
G12_1_FIXTURE_07,E1_NOHOOK_vs_ALPHA0,0,6,1,0.0,0.0,1.0,0.0
G12_1_FIXTURE_07,E1_NOHOOK_vs_ALPHA0,0,7,1,0.0,0.0,1.0,0.0
G12_1_FIXTURE_07,E1_NOHOOK_vs_ALPHA0,0,8,1,0.0,0.0,1.0000000000000002,0.0
G12_1_FIXTURE_07,E1_NOHOOK_vs_ALPHA0,0,9,1,0.0,0.0,1.0000000000000002,0.0
G12_1_FIXTURE_07,E1_NOHOOK_vs_ALPHA0,0,10,1,0.0,0.0,1.0,0.0
G12_1_FIXTURE_07,E1_NOHOOK_vs_ALPHA0,0,11,1,0.0,0.0,1.0,0.0
G12_1_FIXTURE_07,E1_NOHOOK_vs_ALPHA0,0,12,1,0.0,0.0,1.0,0.0
G12_1_FIXTURE_07,E1_NOHOOK_vs_ALPHA0,0,13,1,0.0,0.0,1.0,0.0
G12_1_FIXTURE_07,E1_NOHOOK_vs_ALPHA0,0,14,1,0.0,0.0,1.0,0.0
G12_1_FIXTURE_07,E1_NOHOOK_vs_ALPHA0,0,15,1,0.0,0.0,0.9999999999999999,0.0
G12_1_FIXTURE_07,E1_NOHOOK_vs_ALPHA0,0,16,1,0.0,0.0,1.0,0.0
G12_1_FIXTURE_07,E1_NOHOOK_vs_ALPHA0,0,17,1,0.0,0.0,1.0,0.0
G12_1_FIXTURE_07,E1_NOHOOK_vs_ALPHA0,0,18,1,0.0,0.0,1.0000000000000002,0.0
G12_1_FIXTURE_07,E1_NOHOOK_vs_ALPHA0,0,19,1,0.0,0.0,1.0,0.0
G12_1_FIXTURE_07,E1_NOHOOK_vs_ALPHA0,0,20,1,0.0,0.0,1.0000000000000002,0.0
G12_1_FIXTURE_07,E1_NOHOOK_vs_ALPHA0,0,21,1,0.0,0.0,1.0000000000000002,0.0
G12_1_FIXTURE_07,E1_NOHOOK_vs_ALPHA0,0,22,1,0.0,0.0,0.9999999999999999,0.0
G12_1_FIXTURE_07,E1_NOHOOK_vs_ALPHA0,0,23,1,0.0,0.0,1.0,0.0
G12_1_FIXTURE_07,E1_NOHOOK_vs_ALPHA0,0,24,1,0.0,0.0,1.0000000000000002,0.0
G12_1_FIXTURE_07,E1_NOHOOK_vs_ALPHA0,0,25,1,0.0,0.0,1.0000000000000002,0.0
G12_1_FIXTURE_07,E1_NOHOOK_vs_ALPHA0,0,26,1,0.0,0.0,1.0,0.0
G12_1_FIXTURE_07,E1_NOHOOK_vs_ALPHA0,0,27,1,0.0,0.0,1.0,0.0
G12_1_FIXTURE_07,E1_NOHOOK_vs_ALPHA0,0,28,1,0.0,0.0,1.0,0.0
G12_1_FIXTURE_07,E1_NOHOOK_vs_ALPHA0,0,29,1,0.0,0.0,1.0,0.0
G12_1_FIXTURE_07,E1_NOHOOK_vs_ALPHA0,0,30,1,0.0,0.0,1.0000000000000002,0.0
G12_1_FIXTURE_07,E1_NOHOOK_vs_ALPHA0,0,31,1,0.0,0.0,0.9999999999999999,0.0
G12_1_FIXTURE_07,E1_NOHOOK_vs_ALPHA0,0,32,1,0.0,0.0,1.0,0.0
G12_1_FIXTURE_07,E2_NOHOOK_vs_ALPHA0,0,0,1,0.0,0.0,1.0,0.0
G12_1_FIXTURE_07,E2_NOHOOK_vs_ALPHA0,0,1,1,0.0,0.0,0.9999999999999999,0.0
G12_1_FIXTURE_07,E2_NOHOOK_vs_ALPHA0,0,2,1,0.0,0.0,1.0000000000000002,0.0
G12_1_FIXTURE_07,E2_NOHOOK_vs_ALPHA0,0,3,1,0.0,0.0,1.0,0.0
G12_1_FIXTURE_07,E2_NOHOOK_vs_ALPHA0,0,4,1,0.0,0.0,1.0,0.0
G12_1_FIXTURE_07,E2_NOHOOK_vs_ALPHA0,0,5,1,0.0,0.0,1.0,0.0
G12_1_FIXTURE_07,E2_NOHOOK_vs_ALPHA0,0,6,1,0.0,0.0,1.0,0.0
G12_1_FIXTURE_07,E2_NOHOOK_vs_ALPHA0,0,7,1,0.0,0.0,0.9999999999999999,0.0
G12_1_FIXTURE_07,E2_NOHOOK_vs_ALPHA0,0,8,1,0.0,0.0,1.0,0.0
G12_1_FIXTURE_07,E2_NOHOOK_vs_ALPHA0,0,9,1,0.0,0.0,0.9999999999999999,0.0
G12_1_FIXTURE_07,E2_NOHOOK_vs_ALPHA0,0,10,1,0.0,0.0,1.0,0.0
G12_1_FIXTURE_07,E2_NOHOOK_vs_ALPHA0,0,11,1,0.0,0.0,0.9999999999999999,0.0
G12_1_FIXTURE_07,E2_NOHOOK_vs_ALPHA0,0,12,1,0.0,0.0,1.0000000000000002,0.0
G12_1_FIXTURE_07,E2_NOHOOK_vs_ALPHA0,0,13,1,0.0,0.0,1.0000000000000002,0.0
G12_1_FIXTURE_07,E2_NOHOOK_vs_ALPHA0,0,14,1,0.0,0.0,1.0,0.0
G12_1_FIXTURE_07,E2_NOHOOK_vs_ALPHA0,0,15,1,0.0,0.0,1.0000000000000002,0.0
G12_1_FIXTURE_07,E2_NOHOOK_vs_ALPHA0,0,16,1,0.0,0.0,0.9999999999999998,0.0
G12_1_FIXTURE_07,E2_NOHOOK_vs_ALPHA0,0,17,1,0.0,0.0,1.0000000000000002,0.0
G12_1_FIXTURE_07,E2_NOHOOK_vs_ALPHA0,0,18,1,0.0,0.0,1.0000000000000002,0.0
G12_1_FIXTURE_07,E2_NOHOOK_vs_ALPHA0,0,19,1,0.0,0.0,0.9999999999999999,0.0
G12_1_FIXTURE_07,E2_NOHOOK_vs_ALPHA0,0,20,1,0.0,0.0,1.0000000000000002,0.0
G12_1_FIXTURE_07,E2_NOHOOK_vs_ALPHA0,0,21,1,0.0,0.0,1.0,0.0
G12_1_FIXTURE_07,E2_NOHOOK_vs_ALPHA0,0,22,1,0.0,0.0,1.0000000000000002,0.0
G12_1_FIXTURE_07,E2_NOHOOK_vs_ALPHA0,0,23,1,0.0,0.0,1.0,0.0
G12_1_FIXTURE_07,E2_NOHOOK_vs_ALPHA0,0,24,1,0.0,0.0,1.0,0.0
G12_1_FIXTURE_07,E2_NOHOOK_vs_ALPHA0,0,25,1,0.0,0.0,1.0,0.0
G12_1_FIXTURE_07,E2_NOHOOK_vs_ALPHA0,0,26,1,0.0,0.0,1.0000000000000002,0.0
G12_1_FIXTURE_07,E2_NOHOOK_vs_ALPHA0,0,27,1,0.0,0.0,1.0000000000000002,0.0
G12_1_FIXTURE_07,E2_NOHOOK_vs_ALPHA0,0,28,1,0.0,0.0,0.9999999999999998,0.0
G12_1_FIXTURE_07,E2_NOHOOK_vs_ALPHA0,0,29,1,0.0,0.0,0.9999999999999998,0.0
G12_1_FIXTURE_07,E2_NOHOOK_vs_ALPHA0,0,30,1,0.0,0.0,0.9999999999999999,0.0
G12_1_FIXTURE_07,E2_NOHOOK_vs_ALPHA0,0,31,1,0.0,0.0,0.9999999999999998,0.0
G12_1_FIXTURE_07,E2_NOHOOK_vs_ALPHA0,0,32,1,0.0,0.0,0.9999999999999999,0.0
G12_1_FIXTURE_07,E0_vs_E1,0.01,0,1,6.161565507818488e-05,0.013925152583727396,0.9999797038319864,0.09375
G12_1_FIXTURE_07,E0_vs_E1,0.01,1,0,0.00012065361297056517,0.04172501841126497,0.9999724743722079,0.125
G12_1_FIXTURE_07,E0_vs_E1,0.01,2,1,0.00017808396988991892,0.030800675217824036,0.9999799233298254,0.125
G12_1_FIXTURE_07,E0_vs_E1,0.01,3,1,8.487195073815809e-05,0.0018049214220461351,0.9999855289283942,0.125
G12_1_FIXTURE_07,E0_vs_E1,0.01,4,1,6.247420971439561e-05,0.006924805471426154,0.9999835612082995,0.09375
G12_1_FIXTURE_07,E0_vs_E1,0.01,5,1,4.680205494902454e-05,0.023792611449984236,0.9999901259239232,0.125
G12_1_FIXTURE_07,E0_vs_E1,0.01,6,1,7.946490716524072e-05,0.002131362024307748,0.9999901158735076,0.09375
G12_1_FIXTURE_07,E0_vs_E1,0.01,7,1,0.00015361626781794363,0.002508115302202185,0.9999803818955435,0.1171875
G12_1_FIXTURE_07,E0_vs_E1,0.01,8,1,8.994008788203801e-05,0.005743403878406994,0.9999868208076022,0.125
G12_1_FIXTURE_07,E0_vs_E1,0.01,9,1,6.944287223389797e-05,0.013037591415601568,0.9999849061827485,0.1015625
G12_1_FIXTURE_07,E0_vs_E1,0.01,10,1,7.166878190418505e-05,0.003986492236885297,0.9999863325994522,0.125
G12_1_FIXTURE_07,E0_vs_E1,0.01,11,1,7.349715165078362e-05,0.006571756439855747,0.9999896160056857,0.0625
G12_1_FIXTURE_07,E0_vs_E1,0.01,12,1,6.182072375598204e-05,0.0169097188026317,0.9999884280647177,0.1123046875
G12_1_FIXTURE_07,E0_vs_E1,0.01,13,1,6.734500024349578e-05,0.0018624077245288362,0.999988531813382,0.125
G12_1_FIXTURE_07,E0_vs_E1,0.01,14,1,5.277368764959349e-05,0.011777378097070468,0.999990620908852,0.0625
G12_1_FIXTURE_07,E0_vs_E1,0.01,15,1,5.9327556862487664e-05,0.007172120574495011,0.9999831520431927,0.15625
G12_1_FIXTURE_07,E0_vs_E1,0.01,16,1,5.3996370565604084e-05,0.0027613336213541118,0.9999899173747059,0.125
G12_1_FIXTURE_07,E0_vs_E1,0.01,17,1,5.43205997976922e-05,0.04131857683490203,0.9999883205442386,0.125
G12_1_FIXTURE_07,E0_vs_E1,0.01,18,1,4.328696748383146e-05,0.012797643951959259,0.9999897684359836,0.125
G12_1_FIXTURE_07,E0_vs_E1,0.01,19,1,5.349627356775617e-05,0.031311599943281365,0.9999861834704281,0.109375
G12_1_FIXTURE_07,E0_vs_E1,0.01,20,1,5.082868209801774e-05,0.01112050146375232,0.9999680668718327,0.09375
G12_1_FIXTURE_07,E0_vs_E1,0.01,21,1,4.850613157629226e-05,0.019208397391816234,0.9999821360217559,0.109375
G12_1_FIXTURE_07,E0_vs_E1,0.01,22,1,6.229984360123419e-05,0.007309844319726366,0.9999769231081662,0.15625
G12_1_FIXTURE_07,E0_vs_E1,0.01,23,1,0.00011291027285408267,0.0031387307831991507,0.9999514826471665,0.140625
G12_1_FIXTURE_07,E0_vs_E1,0.01,24,1,5.7952015941270226e-05,0.02011578933461955,0.9999883983581622,0.125
G12_1_FIXTURE_07,E0_vs_E1,0.01,25,1,5.486023416533648e-05,0.0286636771904476,0.9999854250674444,0.125
G12_1_FIXTURE_07,E0_vs_E1,0.01,26,1,4.912020257069141e-05,0.011818213864325244,0.999990573097967,0.09375
G12_1_FIXTURE_07,E0_vs_E1,0.01,27,1,4.096441648879105e-05,0.06148101960118879,0.999991159302762,0.078125
G12_1_FIXTURE_07,E0_vs_E1,0.01,28,1,6.821516426465461e-05,0.00828039048854734,0.999974407867321,0.09375
G12_1_FIXTURE_07,E0_vs_E1,0.01,29,1,5.978110576256341e-05,0.004259854059146306,0.9999869383457852,0.09375
G12_1_FIXTURE_07,E0_vs_E1,0.01,30,1,0.00010804997232063702,0.00710178721467436,0.9999653166076663,0.125
G12_1_FIXTURE_07,E0_vs_E1,0.01,31,1,0.00012167229382420696,0.06537123642011444,0.9999555656103217,0.125
G12_1_FIXTURE_07,E0_vs_E1,0.01,32,1,5.801179416532429e-05,0.008674578789680254,0.9999854900847414,0.125
G12_1_FIXTURE_07,E1_vs_E2,0.01,0,1,7.510483872593985e-05,6.859790836521995e-05,0.9999821406502439,0.125
G12_1_FIXTURE_07,E1_vs_E2,0.01,1,1,7.281075945253304e-05,0.04219793264025462,0.9999709177132566,0.09375
G12_1_FIXTURE_07,E1_vs_E2,0.01,2,0,0.00020182031649715413,0.029901303548404812,0.999971083240869,0.125
G12_1_FIXTURE_07,E1_vs_E2,0.01,3,1,0.00012398275304787427,0.013380205293856307,0.9999755490094177,0.125
G12_1_FIXTURE_07,E1_vs_E2,0.01,4,1,0.00012773288764739255,0.011379700332643239,0.9999762513806019,0.125
G12_1_FIXTURE_07,E1_vs_E2,0.01,5,1,9.488239041255224e-05,0.010818179804509498,0.9999864991539938,0.125
G12_1_FIXTURE_07,E1_vs_E2,0.01,6,1,7.169092782741314e-05,0.008781809253690653,0.999986475570101,0.09375
G12_1_FIXTURE_07,E1_vs_E2,0.01,7,1,0.0001373608008995254,0.011653083749965987,0.9999825638132506,0.125
G12_1_FIXTURE_07,E1_vs_E2,0.01,8,1,7.18270721757913e-05,0.0053600949754351035,0.9999859633157703,0.15625
G12_1_FIXTURE_07,E1_vs_E2,0.01,9,1,6.527340254324632e-05,0.028355442347058002,0.999985293015993,0.125
G12_1_FIXTURE_07,E1_vs_E2,0.01,10,1,8.34604902259397e-05,0.0012391214893625602,0.9999872644984944,0.125
G12_1_FIXTURE_07,E1_vs_E2,0.01,11,1,0.00011496174093064487,0.024075509778667126,0.99996251599918,0.1875
G12_1_FIXTURE_07,E1_vs_E2,0.01,12,1,6.80229635666833e-05,0.011253360233080656,0.999987956107398,0.125
G12_1_FIXTURE_07,E1_vs_E2,0.01,13,1,7.925112005211985e-05,0.0025137753366060167,0.9999890042787799,0.125
G12_1_FIXTURE_07,E1_vs_E2,0.01,14,1,7.047761887722743e-05,0.007339219001680775,0.9999880034408359,0.125
G12_1_FIXTURE_07,E1_vs_E2,0.01,15,1,6.62557891204426e-05,0.011665134939743638,0.9999833495428991,0.140625
G12_1_FIXTURE_07,E1_vs_E2,0.01,16,1,6.516180665415062e-05,0.0382991357978959,0.9999898471384758,0.125
G12_1_FIXTURE_07,E1_vs_E2,0.01,17,1,8.506074239629529e-05,0.06392288411867852,0.9999802313842607,0.140625
G12_1_FIXTURE_07,E1_vs_E2,0.01,18,1,7.291364630666853e-05,0.003046329724810448,0.9999886463428297,0.125
G12_1_FIXTURE_07,E1_vs_E2,0.01,19,1,6.650311845493177e-05,0.026179287671208584,0.9999846116083376,0.09375
G12_1_FIXTURE_07,E1_vs_E2,0.01,20,1,6.69806216567492e-05,0.009076572254866022,0.9999540463265544,0.09375
G12_1_FIXTURE_07,E1_vs_E2,0.01,21,1,5.535760896185382e-05,0.010881192366852588,0.9999875773926076,0.078125
G12_1_FIXTURE_07,E1_vs_E2,0.01,22,1,7.592434219961133e-05,0.0005946015217794809,0.9999813000318033,0.125
G12_1_FIXTURE_07,E1_vs_E2,0.01,23,1,0.0002102311589439375,0.020865849230538913,0.9998372596358716,0.140625
G12_1_FIXTURE_07,E1_vs_E2,0.01,24,1,5.983785108852624e-05,0.015775268576099677,0.9999865035872033,0.09375
G12_1_FIXTURE_07,E1_vs_E2,0.01,25,1,6.185487573373826e-05,0.03269065745567623,0.9999786011985592,0.15625
G12_1_FIXTURE_07,E1_vs_E2,0.01,26,1,8.979875807698851e-05,0.024664556615675792,0.9999849905238873,0.125
G12_1_FIXTURE_07,E1_vs_E2,0.01,27,1,6.44539274040171e-05,0.08239235496279562,0.9999862099058336,0.09375
G12_1_FIXTURE_07,E1_vs_E2,0.01,28,1,8.16576547954363e-05,0.0299510048757039,0.999944476520899,0.125
G12_1_FIXTURE_07,E1_vs_E2,0.01,29,1,6.633216769962779e-05,0.017255977927582933,0.9999799840915466,0.109375
G12_1_FIXTURE_07,E1_vs_E2,0.01,30,1,0.00016459330809620555,0.019494046700671674,0.9999554582106517,0.125
G12_1_FIXTURE_07,E1_vs_E2,0.01,31,1,7.981031493743497e-05,0.016568485183844572,0.9999834123067194,0.09375
G12_1_FIXTURE_07,E1_vs_E2,0.01,32,0,7.574313664284973e-05,0.040934708736617864,0.9999830595384295,0.125
G12_1_FIXTURE_07,E0_vs_E1,0.1,0,1,5.9318026712746385e-05,0.015223119187112388,0.99998140300409,0.09375
G12_1_FIXTURE_07,E0_vs_E1,0.1,1,0,0.00013821879522468703,0.021528863385229968,0.9999604629903607,0.15625
G12_1_FIXTURE_07,E0_vs_E1,0.1,2,1,7.325738495153256e-05,0.016055377914204527,0.999983440797047,0.125
G12_1_FIXTURE_07,E0_vs_E1,0.1,3,1,0.00010295943812120963,0.02408373125503438,0.9999783530246092,0.15625
G12_1_FIXTURE_07,E0_vs_E1,0.1,4,1,7.443447765090956e-05,0.012202554738463434,0.9999820289112619,0.09375
G12_1_FIXTURE_07,E0_vs_E1,0.1,5,1,4.882806183518552e-05,0.0038884337443683137,0.9999909348209404,0.09375
G12_1_FIXTURE_07,E0_vs_E1,0.1,6,1,9.19683676465702e-05,0.0027030364232842885,0.9999834804771813,0.125
G12_1_FIXTURE_07,E0_vs_E1,0.1,7,1,0.00011376776623413492,0.07620077453300489,0.999984525180251,0.09375
G12_1_FIXTURE_07,E0_vs_E1,0.1,8,1,7.647093425987018e-05,0.03877794412955815,0.9999867988578315,0.09375
G12_1_FIXTURE_07,E0_vs_E1,0.1,9,1,8.158289125841412e-05,0.004654593366815618,0.9999839829591642,0.125
G12_1_FIXTURE_07,E0_vs_E1,0.1,10,1,4.5441382385890815e-05,0.00329475401721524,0.9999877224545428,0.109375
G12_1_FIXTURE_07,E0_vs_E1,0.1,11,1,6.4059436637116e-05,0.011156473684144075,0.999989104918482,0.09375
G12_1_FIXTURE_07,E0_vs_E1,0.1,12,1,5.773838178831358e-05,0.014859822197976769,0.9999844420288002,0.125
G12_1_FIXTURE_07,E0_vs_E1,0.1,13,1,6.67519164221348e-05,0.005456660392148649,0.999987873881345,0.125
G12_1_FIXTURE_07,E0_vs_E1,0.1,14,1,6.007919256117018e-05,0.023559179734625957,0.9999875333327822,0.125
G12_1_FIXTURE_07,E0_vs_E1,0.1,15,1,3.9280528755532275e-05,0.007974132032407155,0.9999917880255791,0.109375
G12_1_FIXTURE_07,E0_vs_E1,0.1,16,1,4.6815455199366554e-05,0.008685366600555966,0.9999910758426395,0.125
G12_1_FIXTURE_07,E0_vs_E1,0.1,17,1,5.970974971541808e-05,0.04412616105038758,0.9999889554715793,0.125
G12_1_FIXTURE_07,E0_vs_E1,0.1,18,1,6.377062799372939e-05,0.016998126829687266,0.999989936472884,0.125
G12_1_FIXTURE_07,E0_vs_E1,0.1,19,1,5.7169432503640006e-05,0.01806732448045345,0.9999881095280486,0.09375
G12_1_FIXTURE_07,E0_vs_E1,0.1,20,1,5.896684257762397e-05,0.008989542967709596,0.9999679431215783,0.09375
G12_1_FIXTURE_07,E0_vs_E1,0.1,21,1,6.63794092288374e-05,0.0024261635697317985,0.9999822069940525,0.125
G12_1_FIXTURE_07,E0_vs_E1,0.1,22,1,5.458844470466724e-05,0.02792607063488539,0.9999873489059646,0.125
G12_1_FIXTURE_07,E0_vs_E1,0.1,23,1,0.0001760457222350793,0.005328150220151429,0.9999447167129623,0.15625
G12_1_FIXTURE_07,E0_vs_E1,0.1,24,1,6.243005366744265e-05,0.00927881695295163,0.9999886547391941,0.140625
G12_1_FIXTURE_07,E0_vs_E1,0.1,25,1,5.438058664951078e-05,0.0050128798152808685,0.9999857791757829,0.125
G12_1_FIXTURE_07,E0_vs_E1,0.1,26,1,5.4301874754254906e-05,0.03215556188304802,0.9999900668842746,0.09375
G12_1_FIXTURE_07,E0_vs_E1,0.1,27,1,5.428337568881932e-05,0.023191848874878573,0.9999903530425615,0.125
G12_1_FIXTURE_07,E0_vs_E1,0.1,28,1,0.00010781706847001965,0.00599688618109262,0.9999342550193602,0.109375
G12_1_FIXTURE_07,E0_vs_E1,0.1,29,1,6.399612441617435e-05,0.004355626577849492,0.9999864628990085,0.078125
G12_1_FIXTURE_07,E0_vs_E1,0.1,30,1,8.267476911489169e-05,0.03109684312726735,0.9999751109683236,0.09375
G12_1_FIXTURE_07,E0_vs_E1,0.1,31,1,0.00012900321288146597,0.030162378731976247,0.9999368964877695,0.125
G12_1_FIXTURE_07,E0_vs_E1,0.1,32,1,7.074316251655497e-05,0.03904266203054618,0.9999852945704599,0.125
G12_1_FIXTURE_07,E1_vs_E2,0.1,0,1,7.714988413023592e-05,0.013205390247097881,0.9999772615514113,0.09375
G12_1_FIXTURE_07,E1_vs_E2,0.1,1,0,0.0001320998884340862,0.006588623718254638,0.9999138453531699,0.1875
G12_1_FIXTURE_07,E1_vs_E2,0.1,2,1,0.00010701215472390171,0.021789471837013963,0.9999774717146951,0.15625
G12_1_FIXTURE_07,E1_vs_E2,0.1,3,1,9.685364407024885e-05,0.03292786394077396,0.9999820492959314,0.125
G12_1_FIXTURE_07,E1_vs_E2,0.1,4,1,8.593708608321379e-05,0.006197598784131841,0.9999759376549993,0.125
G12_1_FIXTURE_07,E1_vs_E2,0.1,5,1,0.00010217929111487655,0.028743949112921996,0.9999886360403787,0.1875
G12_1_FIXTURE_07,E1_vs_E2,0.1,6,1,9.386131038789306e-05,0.010064490592654352,0.9999779999834661,0.125
G12_1_FIXTURE_07,E1_vs_E2,0.1,7,1,0.00011962520665641601,0.01359388655003535,0.9999813006692377,0.125
G12_1_FIXTURE_07,E1_vs_E2,0.1,8,1,8.023818495818226e-05,0.022992984576914566,0.9999831868481112,0.15625
G12_1_FIXTURE_07,E1_vs_E2,0.1,9,1,9.757815144799322e-05,0.023171425256681033,0.9999830467073492,0.125
G12_1_FIXTURE_07,E1_vs_E2,0.1,10,1,9.293310503131287e-05,0.0336342295198051,0.999975508543546,0.14453125
G12_1_FIXTURE_07,E1_vs_E2,0.1,11,1,8.67289289174144e-05,0.003941276457304355,0.9999794388342697,0.125
G12_1_FIXTURE_07,E1_vs_E2,0.1,12,1,6.054148586921265e-05,0.034575917814439805,0.9999860387301527,0.109375
G12_1_FIXTURE_07,E1_vs_E2,0.1,13,1,5.385689891345887e-05,2.5955483081929742e-05,0.9999908782207896,0.1875
G12_1_FIXTURE_07,E1_vs_E2,0.1,14,1,6.724488890304595e-05,0.030219257339680894,0.9999843788754431,0.109375
G12_1_FIXTURE_07,E1_vs_E2,0.1,15,1,5.722457122216273e-05,0.0018597365786998665,0.9999871064605903,0.125
G12_1_FIXTURE_07,E1_vs_E2,0.1,16,1,4.966105117697715e-05,0.007032977224092463,0.9999913609654068,0.125
G12_1_FIXTURE_07,E1_vs_E2,0.1,17,1,8.164685743438293e-05,0.05479393051210657,0.9999812454009669,0.125
G12_1_FIXTURE_07,E1_vs_E2,0.1,18,1,5.0245397434559415e-05,0.017170195383521047,0.9999899662654257,0.0625
G12_1_FIXTURE_07,E1_vs_E2,0.1,19,1,7.470250044169815e-05,0.00155444690660822,0.999986175904477,0.125
G12_1_FIXTURE_07,E1_vs_E2,0.1,20,1,9.566356579336974e-05,0.010017949224510048,0.9999289261484239,0.125
G12_1_FIXTURE_07,E1_vs_E2,0.1,21,1,6.873239850341782e-05,0.004094270633570929,0.9999825820145494,0.09765625
G12_1_FIXTURE_07,E1_vs_E2,0.1,22,1,8.708701165491479e-05,0.015646118610414206,0.9999731442482658,0.15625
G12_1_FIXTURE_07,E1_vs_E2,0.1,23,1,0.0003166967005732257,0.03771313427238532,0.9998219889843933,0.15625
G12_1_FIXTURE_07,E1_vs_E2,0.1,24,1,7.036848608962077e-05,0.0027976900900554824,0.9999872247151758,0.125
G12_1_FIXTURE_07,E1_vs_E2,0.1,25,1,6.43886330464388e-05,0.023536561000685907,0.9999831955478913,0.125
G12_1_FIXTURE_07,E1_vs_E2,0.1,26,1,0.00011319689064282531,0.03505521218442631,0.9999795018333797,0.125
G12_1_FIXTURE_07,E1_vs_E2,0.1,27,1,6.0657123334258156e-05,0.0014844572483969642,0.9999872743503775,0.09375
G12_1_FIXTURE_07,E1_vs_E2,0.1,28,1,0.00010379877565158202,0.0486157284101143,0.9999479178969629,0.1015625
G12_1_FIXTURE_07,E1_vs_E2,0.1,29,1,7.042365062419498e-05,0.0062751995989458464,0.9999814320023488,0.125
G12_1_FIXTURE_07,E1_vs_E2,0.1,30,1,9.02168987698713e-05,0.013159441392550875,0.9999624858348976,0.09375
G12_1_FIXTURE_07,E1_vs_E2,0.1,31,1,7.594312934074924e-05,0.02016231055775286,0.9999657241275016,0.125
G12_1_FIXTURE_07,E1_vs_E2,0.1,32,1,6.571452864820528e-05,0.03320077237268748,0.9999852861563601,0.09375
G12_1_FIXTURE_07,E0_vs_E1,97.8516893058,0,1,8.017251963143897e-05,0.004787815015740549,0.9999733179001511,0.125
G12_1_FIXTURE_07,E0_vs_E1,97.8516893058,1,1,8.029874279870245e-05,0.01692342310146877,0.9999318441057798,0.125
G12_1_FIXTURE_07,E0_vs_E1,97.8516893058,2,1,8.892795997734147e-05,0.009768071278870138,0.9999774994400105,0.125
G12_1_FIXTURE_07,E0_vs_E1,97.8516893058,3,1,0.00012271195637589236,0.0030152531078151412,0.9999650139748469,0.140625
G12_1_FIXTURE_07,E0_vs_E1,97.8516893058,4,1,6.423595258368332e-05,0.025440883010587,0.999979297617476,0.125
G12_1_FIXTURE_07,E0_vs_E1,97.8516893058,5,1,7.273673611320723e-05,0.0010404718348944186,0.999983927071871,0.1328125
G12_1_FIXTURE_07,E0_vs_E1,97.8516893058,6,1,8.06577732279086e-05,0.008261235127694277,0.9999856870450106,0.09375
G12_1_FIXTURE_07,E0_vs_E1,97.8516893058,7,1,8.502372325473398e-05,0.03592842116581707,0.9999837259802535,0.125
G12_1_FIXTURE_07,E0_vs_E1,97.8516893058,8,1,8.133118177628865e-05,0.060582095996927876,0.9999838423443586,0.125
G12_1_FIXTURE_07,E0_vs_E1,97.8516893058,9,1,7.297796897185116e-05,0.011171494228378265,0.9999722022256277,0.125
G12_1_FIXTURE_07,E0_vs_E1,97.8516893058,10,1,7.613965298290594e-05,0.020017649273563975,0.999984678582872,0.109375
G12_1_FIXTURE_07,E0_vs_E1,97.8516893058,11,1,9.22453233130052e-05,0.0055733765063763485,0.9999827972272813,0.15625
G12_1_FIXTURE_07,E0_vs_E1,97.8516893058,12,1,5.607933087706314e-05,0.009177636035058612,0.9999906905548492,0.125
G12_1_FIXTURE_07,E0_vs_E1,97.8516893058,13,1,5.541929070028862e-05,0.003468992278966354,0.9999883091919973,0.1171875
G12_1_FIXTURE_07,E0_vs_E1,97.8516893058,14,1,5.692620056237804e-05,0.003983887763197913,0.9999881124510339,0.125
G12_1_FIXTURE_07,E0_vs_E1,97.8516893058,15,0,5.314696450039319e-05,0.0016557894782245342,0.9999881645897072,0.125
G12_1_FIXTURE_07,E0_vs_E1,97.8516893058,16,1,4.909892938343707e-05,0.011834379711455512,0.9999905501384951,0.125
G12_1_FIXTURE_07,E0_vs_E1,97.8516893058,17,1,0.00010017240352778621,0.058393158252311395,0.9999806189184895,0.125
G12_1_FIXTURE_07,E0_vs_E1,97.8516893058,18,1,5.143706979139642e-05,0.004214576596490716,0.9999890855671849,0.125
G12_1_FIXTURE_07,E0_vs_E1,97.8516893058,19,1,4.959706072729387e-05,0.01742241481668927,0.9999903511529598,0.15625
G12_1_FIXTURE_07,E0_vs_E1,97.8516893058,20,1,6.226275704552544e-05,0.011360173743835134,0.9999717649359705,0.09375
G12_1_FIXTURE_07,E0_vs_E1,97.8516893058,21,1,6.212758226165494e-05,0.015114861315563388,0.9999866170051498,0.10546875
G12_1_FIXTURE_07,E0_vs_E1,97.8516893058,22,1,5.536478976059792e-05,0.005255389217731832,0.9999854960634809,0.125
G12_1_FIXTURE_07,E0_vs_E1,97.8516893058,23,1,0.00013648550805531276,0.004093242122072738,0.9999448931169954,0.09375
G12_1_FIXTURE_07,E0_vs_E1,97.8516893058,24,1,6.553681451468122e-05,0.018908068541984235,0.999989624439359,0.125
G12_1_FIXTURE_07,E0_vs_E1,97.8516893058,25,1,8.153379749750969e-05,0.002189342639358216,0.9999818370147963,0.15625
G12_1_FIXTURE_07,E0_vs_E1,97.8516893058,26,1,7.521845770345158e-05,0.028964931605639066,0.9999859546642121,0.13671875
G12_1_FIXTURE_07,E0_vs_E1,97.8516893058,27,1,5.2486851182417056e-05,0.0015783580544042053,0.9999883007481599,0.0859375
G12_1_FIXTURE_07,E0_vs_E1,97.8516893058,28,1,7.452299679668712e-05,0.021725050357492393,0.9999646355546425,0.09375
G12_1_FIXTURE_07,E0_vs_E1,97.8516893058,29,1,6.688261523769482e-05,0.004536735996421015,0.9999803844094509,0.095703125
G12_1_FIXTURE_07,E0_vs_E1,97.8516893058,30,1,0.00012872180386363737,0.031548692551645274,0.9999669718367434,0.109375
G12_1_FIXTURE_07,E0_vs_E1,97.8516893058,31,1,8.810668295205866e-05,0.01771750898320157,0.9999731953194921,0.125
G12_1_FIXTURE_07,E0_vs_E1,97.8516893058,32,1,7.060076709335941e-05,0.02302470154076275,0.9999840014198754,0.09375
G12_1_FIXTURE_07,E1_vs_E2,97.8516893058,0,1,6.69473809321115e-05,0.019826537910084596,0.999976752081157,0.109375
G12_1_FIXTURE_07,E1_vs_E2,97.8516893058,1,1,9.469521543965188e-05,0.011997002278741675,0.9999305820978893,0.1328125
G12_1_FIXTURE_07,E1_vs_E2,97.8516893058,2,1,9.028059708346013e-05,0.008634001154327109,0.9999790419368924,0.125
G12_1_FIXTURE_07,E1_vs_E2,97.8516893058,3,1,0.00012586662024298927,0.010861400342500716,0.9999719405563279,0.15625
G12_1_FIXTURE_07,E1_vs_E2,97.8516893058,4,1,7.86252432756886e-05,0.006689234288083767,0.9999773829670872,0.109375
G12_1_FIXTURE_07,E1_vs_E2,97.8516893058,5,1,9.12562564795919e-05,0.02089971653309064,0.9999818354430268,0.125
G12_1_FIXTURE_07,E1_vs_E2,97.8516893058,6,1,9.591697215673991e-05,0.04330444037242387,0.9999806067140203,0.125
G12_1_FIXTURE_07,E1_vs_E2,97.8516893058,7,1,0.00011396526141364436,0.013914006768365184,0.9999751368943859,0.125
G12_1_FIXTURE_07,E1_vs_E2,97.8516893058,8,1,8.411256378581793e-05,0.020812108309737454,0.9999832349008697,0.125
G12_1_FIXTURE_07,E1_vs_E2,97.8516893058,9,1,9.068912047718026e-05,0.02723786526612315,0.9999618461111697,0.15625
G12_1_FIXTURE_07,E1_vs_E2,97.8516893058,10,1,8.216255524969436e-05,0.01357842442396695,0.9999768840642629,0.125
G12_1_FIXTURE_07,E1_vs_E2,97.8516893058,11,1,7.810160084277045e-05,0.005268344863525343,0.9999861113661039,0.15625
G12_1_FIXTURE_07,E1_vs_E2,97.8516893058,12,1,8.362428776382359e-05,0.006491706873454461,0.9999858397959518,0.125
G12_1_FIXTURE_07,E1_vs_E2,97.8516893058,13,1,5.979169585124177e-05,0.031360872753550595,0.9999862272747723,0.09375
G12_1_FIXTURE_07,E1_vs_E2,97.8516893058,14,1,6.406021245926147e-05,0.02668041146587008,0.9999856566594186,0.125
G12_1_FIXTURE_07,E1_vs_E2,97.8516893058,15,1,6.062324298753216e-05,0.01663768068833882,0.9999820810749984,0.125
G12_1_FIXTURE_07,E1_vs_E2,97.8516893058,16,1,7.057943953946426e-05,0.008955195825780748,0.9999887100445753,0.125
G12_1_FIXTURE_07,E1_vs_E2,97.8516893058,17,1,0.00012365270394484385,0.07628239504526135,0.9999688614164305,0.15234375
G12_1_FIXTURE_07,E1_vs_E2,97.8516893058,18,1,5.453924756397061e-05,0.021552350345247717,0.9999882014137004,0.09375
G12_1_FIXTURE_07,E1_vs_E2,97.8516893058,19,1,7.077076606730535e-05,0.0059580582482627875,0.9999854891799935,0.09375
G12_1_FIXTURE_07,E1_vs_E2,97.8516893058,20,1,8.781777171982474e-05,0.003549272673456727,0.9999595570852603,0.125
G12_1_FIXTURE_07,E1_vs_E2,97.8516893058,21,1,8.66957549921347e-05,0.030176058339298706,0.9999823740476237,0.125
G12_1_FIXTURE_07,E1_vs_E2,97.8516893058,22,1,9.183472961712144e-05,0.011255327678810545,0.9999801796916842,0.15625
G12_1_FIXTURE_07,E1_vs_E2,97.8516893058,23,1,0.00021236289470958074,0.003160455240713844,0.9998035804845632,0.13671875
G12_1_FIXTURE_07,E1_vs_E2,97.8516893058,24,1,7.464054682669298e-05,0.003233061146813654,0.9999851154786684,0.125
G12_1_FIXTURE_07,E1_vs_E2,97.8516893058,25,0,0.00011518327055990129,0.010524259080382237,0.9999750746644608,0.15625
G12_1_FIXTURE_07,E1_vs_E2,97.8516893058,26,1,0.00014626923123389778,0.024163008759373383,0.9999833546927214,0.1875
G12_1_FIXTURE_07,E1_vs_E2,97.8516893058,27,1,7.03682407958282e-05,0.03973158685561984,0.9999820060750073,0.09375
G12_1_FIXTURE_07,E1_vs_E2,97.8516893058,28,1,6.672793095800756e-05,0.0013465578980031978,0.9999555716480447,0.09375
G12_1_FIXTURE_07,E1_vs_E2,97.8516893058,29,1,6.758350277960362e-05,0.004961232035014973,0.9999789227712872,0.09375
G12_1_FIXTURE_07,E1_vs_E2,97.8516893058,30,1,0.00017519523728148825,0.011848250665417837,0.9999137267271617,0.15625
G12_1_FIXTURE_07,E1_vs_E2,97.8516893058,31,1,8.091695661223281e-05,0.010689617893739012,0.9999698929078747,0.125
G12_1_FIXTURE_07,E1_vs_E2,97.8516893058,32,1,8.299030860410561e-05,0.00808132578032783,0.9999831419870129,0.125
G12_1_FIXTURE_08,E0_vs_E1,NO_HOOK,0,1,2.86248869673615e-05,0.00052808517668268,0.9999958241680846,0.0625
G12_1_FIXTURE_08,E0_vs_E1,NO_HOOK,1,1,0.0008730173318655381,0.2053131908595267,0.99993442439195,0.5
G12_1_FIXTURE_08,E0_vs_E1,NO_HOOK,2,1,0.0006367508275903741,0.062135731014655526,0.9999171828820983,0.3125
G12_1_FIXTURE_08,E0_vs_E1,NO_HOOK,3,1,6.904541348563058e-05,0.0045751997079490694,0.999888018983794,0.28173828125
G12_1_FIXTURE_08,E0_vs_E1,NO_HOOK,4,1,8.77898588456759e-06,0.00038842716482623274,0.9999261254892551,0.1875
G12_1_FIXTURE_08,E0_vs_E1,NO_HOOK,5,1,3.0492660833510762e-05,0.00133705492375888,0.9999307033559782,0.25
G12_1_FIXTURE_08,E0_vs_E1,NO_HOOK,6,1,4.204600729876749e-06,0.0002696307436629774,0.9999200075533404,0.21875
G12_1_FIXTURE_08,E0_vs_E1,NO_HOOK,7,1,7.765463047152585e-06,0.00037035610300900895,0.9999090981804059,0.234375
G12_1_FIXTURE_08,E0_vs_E1,NO_HOOK,8,1,5.199550333806631e-07,4.0959141675064176e-06,0.9999023188875218,0.21875
G12_1_FIXTURE_08,E0_vs_E1,NO_HOOK,9,1,6.608118822467348e-07,3.634843660725584e-05,0.9999241911466796,0.1875
G12_1_FIXTURE_08,E0_vs_E1,NO_HOOK,10,1,3.045867312103683e-07,2.438496430150856e-05,0.9998827628821516,0.21875
G12_1_FIXTURE_08,E0_vs_E1,NO_HOOK,11,1,1.372602763623446e-06,9.32916389095634e-05,0.9999458568299265,0.1875
G12_1_FIXTURE_08,E0_vs_E1,NO_HOOK,12,1,2.4574468098999576e-07,1.2450783031746869e-05,0.9999501830711526,0.15625
G12_1_FIXTURE_08,E0_vs_E1,NO_HOOK,13,1,2.620654441644616e-06,0.00017029717169758348,0.9999274297898887,0.1875
G12_1_FIXTURE_08,E0_vs_E1,NO_HOOK,14,1,1.264340121652022e-06,1.643667281314579e-05,0.9999411634674125,0.25
G12_1_FIXTURE_08,E0_vs_E1,NO_HOOK,15,1,2.7712200592571802e-06,0.00017134614462284035,0.9999214965189106,0.25
G12_1_FIXTURE_08,E0_vs_E1,NO_HOOK,16,1,1.9572160605867652e-07,6.143939100957275e-06,0.9999092037013223,0.2265625
G12_1_FIXTURE_08,E0_vs_E1,NO_HOOK,17,1,1.468952366510544e-06,8.361599245291108e-05,0.999912277000658,0.1875
G12_1_FIXTURE_08,E0_vs_E1,NO_HOOK,18,1,1.1064782713482055e-07,1.0249900029429826e-08,0.9999116950378217,0.1875
G12_1_FIXTURE_08,E0_vs_E1,NO_HOOK,19,1,1.5563695330503006e-06,0.0001051427864000587,0.9998849233171458,0.25
G12_1_FIXTURE_08,E0_vs_E1,NO_HOOK,20,1,1.0270122803605643e-06,5.261595933240236e-05,0.9998999967540213,0.25
G12_1_FIXTURE_08,E0_vs_E1,NO_HOOK,21,1,2.2240653547154725e-06,0.0001416876710493393,0.9999226388250323,0.1875
G12_1_FIXTURE_08,E0_vs_E1,NO_HOOK,22,1,5.426117625934539e-07,5.002177008502301e-06,0.9999175513269138,0.25
G12_1_FIXTURE_08,E0_vs_E1,NO_HOOK,23,1,1.6170130201881774e-06,0.00010647151167396396,0.9999219731649418,0.203125
G12_1_FIXTURE_08,E0_vs_E1,NO_HOOK,24,1,9.029705788385883e-07,1.9827469539825896e-05,0.9999374442191008,0.25
G12_1_FIXTURE_08,E0_vs_E1,NO_HOOK,25,1,7.441875699902144e-07,4.861409762603832e-05,0.9999491990969374,0.1875
G12_1_FIXTURE_08,E0_vs_E1,NO_HOOK,26,1,2.3679762570796747e-06,0.0001312413685100294,0.9999243306199104,0.25
G12_1_FIXTURE_08,E0_vs_E1,NO_HOOK,27,1,2.8910399057066027e-07,1.778024348990338e-05,0.9999567466431754,0.15625
G12_1_FIXTURE_08,E0_vs_E1,NO_HOOK,28,1,8.185810014396356e-08,4.0406910791202216e-06,0.9999592266241399,0.1328125
G12_1_FIXTURE_08,E0_vs_E1,NO_HOOK,29,1,9.04568152803123e-07,5.9857548223984404e-05,0.9999290922095313,0.203125
G12_1_FIXTURE_08,E0_vs_E1,NO_HOOK,30,1,6.558871151712363e-07,4.378443348781124e-05,0.9999271060775408,0.21875
G12_1_FIXTURE_08,E0_vs_E1,NO_HOOK,31,1,1.0091357364766613e-06,5.957743762870227e-05,0.9999507164958374,0.1640625
G12_1_FIXTURE_08,E0_vs_E1,NO_HOOK,32,1,1.8287418471837806e-06,0.00011955281993152067,0.9999014271501159,0.21875
G12_1_FIXTURE_08,E0_vs_E1,NO_HOOK,33,1,8.311074529273235e-07,4.917680407460546e-05,0.9999420641789566,0.1875
G12_1_FIXTURE_08,E0_vs_E1,NO_HOOK,34,1,8.703590552885735e-07,5.127490419072774e-05,0.9999473794501956,0.1875
G12_1_FIXTURE_08,E0_vs_E1,NO_HOOK,35,1,1.0890977003505226e-06,7.200904831776737e-05,0.9999564134209388,0.1875
G12_1_FIXTURE_08,E0_vs_E1,NO_HOOK,36,1,3.91186906327484e-07,2.0177318687420766e-05,0.9998948669691671,0.21875
G12_1_FIXTURE_08,E0_vs_E1,NO_HOOK,37,1,6.707449827017432e-07,4.4475787723321234e-05,0.9999413025349004,0.203125
G12_1_FIXTURE_08,E0_vs_E1,NO_HOOK,38,1,7.686867503833106e-07,5.145190205778057e-05,0.9999281060750398,0.21875
G12_1_FIXTURE_08,E0_vs_E1,NO_HOOK,39,1,4.48827754970155e-07,2.675092811164361e-05,0.9998823703935067,0.2109375
G12_1_FIXTURE_08,E0_vs_E1,NO_HOOK,40,1,1.9362529504050404e-06,0.00012445765536218977,0.9999460391947211,0.1875
G12_1_FIXTURE_08,E0_vs_E1,NO_HOOK,41,1,8.907206954587115e-07,5.7335528602561075e-05,0.9999417335760222,0.1875
G12_1_FIXTURE_08,E0_vs_E1,NO_HOOK,42,1,9.468237133361305e-07,3.810841875586865e-05,0.999930094211117,0.21875
G12_1_FIXTURE_08,E0_vs_E1,NO_HOOK,43,1,1.2511367856932614e-06,7.754353575700659e-05,0.999921022228642,0.1953125
G12_1_FIXTURE_08,E0_vs_E1,NO_HOOK,44,1,6.157279838763997e-07,4.0408208845295465e-05,0.9999278037082052,0.1953125
G12_1_FIXTURE_08,E0_vs_E1,NO_HOOK,45,1,9.357665012766705e-07,4.439046463338965e-05,0.9999380101296812,0.1875
G12_1_FIXTURE_08,E0_vs_E1,NO_HOOK,46,1,2.231998646060459e-07,1.51841243744592e-05,0.9999106931760334,0.21875
G12_1_FIXTURE_08,E0_vs_E1,NO_HOOK,47,1,9.024689855116594e-07,5.8617661027377866e-05,0.9999325352231365,0.1875
G12_1_FIXTURE_08,E0_vs_E1,NO_HOOK,48,1,1.940900815434397e-07,1.2373410210720628e-05,0.9999402147804772,0.203125
G12_1_FIXTURE_08,E0_vs_E1,NO_HOOK,49,1,2.312471141929927e-07,2.187805565121402e-06,0.9999550350517438,0.15625
G12_1_FIXTURE_08,E0_vs_E1,NO_HOOK,50,1,1.1346467380836056e-06,7.056348109477605e-05,0.9999514634195459,0.171875
G12_1_FIXTURE_08,E0_vs_E1,NO_HOOK,51,1,1.120355030098432e-06,7.23794571946049e-05,0.9998931322369669,0.21875
G12_1_FIXTURE_08,E0_vs_E1,NO_HOOK,52,1,1.0785191995762871e-06,6.920074097039317e-05,0.9999388726249787,0.1875
G12_1_FIXTURE_08,E0_vs_E1,NO_HOOK,53,1,9.316847843796789e-07,6.0092015162415465e-05,0.9999106684178289,0.171875
G12_1_FIXTURE_08,E0_vs_E1,NO_HOOK,54,1,4.632330765315004e-08,2.619820505489869e-06,0.9999411545027097,0.15625
G12_1_FIXTURE_08,E0_vs_E1,NO_HOOK,55,1,1.6497120171638131e-06,8.700833668321046e-05,0.9998436856992705,0.21875
G12_1_FIXTURE_08,E0_vs_E1,NO_HOOK,56,1,6.041423258653974e-08,4.410347765160033e-06,0.9999368091331003,0.1875
G12_1_FIXTURE_08,E0_vs_E1,NO_HOOK,57,1,9.017699580432377e-07,5.677686830793372e-05,0.999890103401216,0.21875
G12_1_FIXTURE_08,E0_vs_E1,NO_HOOK,58,1,6.995338067078382e-07,4.4482822705893305e-05,0.9999419124956881,0.171875
G12_1_FIXTURE_08,E0_vs_E1,NO_HOOK,59,1,3.206951692361869e-07,2.0665782445981277e-05,0.9999489876818177,0.1875
G12_1_FIXTURE_08,E0_vs_E1,NO_HOOK,60,1,4.811699180611991e-07,3.1018336503702134e-05,0.9999143820737814,0.25
G12_1_FIXTURE_08,E0_vs_E1,NO_HOOK,61,1,1.8940713807763863e-06,8.204268133657917e-05,0.9999185139176442,0.25
G12_1_FIXTURE_08,E0_vs_E1,NO_HOOK,62,1,8.960179071927566e-08,5.949578361341668e-06,0.9999188627634021,0.1875
G12_1_FIXTURE_08,E0_vs_E1,NO_HOOK,63,1,2.988895200533886e-07,1.939083676548599e-05,0.9999446184001747,0.1875
G12_1_FIXTURE_08,E0_vs_E1,NO_HOOK,64,1,5.73072219172515e-07,0.14058809715847786,0.9999064286451449,0.23828125
G12_1_FIXTURE_08,E1_vs_E2,NO_HOOK,0,1,0.00013957546070796501,0.031217082071567148,0.9999592413982824,0.140625
G12_1_FIXTURE_08,E1_vs_E2,NO_HOOK,1,1,0.0003477256707903668,0.011108239325442248,0.999945165546997,0.5
G12_1_FIXTURE_08,E1_vs_E2,NO_HOOK,2,1,0.0005384013774913411,0.0713745481939787,0.9999332714102461,0.3125
G12_1_FIXTURE_08,E1_vs_E2,NO_HOOK,3,1,1.8470398136868544e-05,0.0005837480724409025,0.9996989086589643,0.34375
G12_1_FIXTURE_08,E1_vs_E2,NO_HOOK,4,1,2.0805175752585718e-05,0.0013634060445584743,0.999908897211763,0.21875
G12_1_FIXTURE_08,E1_vs_E2,NO_HOOK,5,1,2.1044404874865144e-05,0.0011216679296058912,0.9998925676187669,0.25
G12_1_FIXTURE_08,E1_vs_E2,NO_HOOK,6,1,3.3687763719385767e-06,0.0002009457721961344,0.9998751091290891,0.21875
G12_1_FIXTURE_08,E1_vs_E2,NO_HOOK,7,1,9.439694705097177e-06,0.0004948405582558711,0.9998920204065691,0.20458984375
G12_1_FIXTURE_08,E1_vs_E2,NO_HOOK,8,1,1.6919400159193745e-06,0.00011159272450497922,0.9997060698075021,0.28125
G12_1_FIXTURE_08,E1_vs_E2,NO_HOOK,9,1,7.089448405015788e-06,0.0004597167549033627,0.9998428034711453,0.21875
G12_1_FIXTURE_08,E1_vs_E2,NO_HOOK,10,1,2.816454019049727e-06,0.00014750367483722625,0.9999090732105776,0.21875
G12_1_FIXTURE_08,E1_vs_E2,NO_HOOK,11,1,1.0009751092787122e-06,7.377326518744672e-05,0.9999392787138087,0.21875
G12_1_FIXTURE_08,E1_vs_E2,NO_HOOK,12,1,1.0439905849120997e-06,6.251520578176963e-05,0.9999305411274438,0.159912109375
G12_1_FIXTURE_08,E1_vs_E2,NO_HOOK,13,1,4.0118423252628025e-06,0.00025792882566608817,0.9999044077653366,0.21875
G12_1_FIXTURE_08,E1_vs_E2,NO_HOOK,14,1,6.847992444915546e-06,0.0003728627341794597,0.9999356488598178,0.25
G12_1_FIXTURE_08,E1_vs_E2,NO_HOOK,15,1,1.1195758433790803e-06,3.2762939974721305e-05,0.9999351625807981,0.1953125
G12_1_FIXTURE_08,E1_vs_E2,NO_HOOK,16,1,6.555912449994679e-07,3.483703279725126e-05,0.9998691707057745,0.234375
G12_1_FIXTURE_08,E1_vs_E2,NO_HOOK,17,1,1.761950338896179e-06,0.00011490218578789988,0.9998671750920235,0.21875
G12_1_FIXTURE_08,E1_vs_E2,NO_HOOK,18,1,1.6022230886456854e-07,3.920537656483276e-06,0.999917210529968,0.203125
G12_1_FIXTURE_08,E1_vs_E2,NO_HOOK,19,1,1.000103625826103e-06,4.289180618080243e-05,0.9999408593984397,0.1875
G12_1_FIXTURE_08,E1_vs_E2,NO_HOOK,20,1,2.856906173147686e-06,0.000183314135819676,0.9998754549102177,0.25
G12_1_FIXTURE_08,E1_vs_E2,NO_HOOK,21,1,8.311140010296413e-07,4.576851896388582e-05,0.9998109230354636,0.25
G12_1_FIXTURE_08,E1_vs_E2,NO_HOOK,22,1,1.336965592996418e-06,8.266378816768581e-05,0.999916538590115,0.21875
G12_1_FIXTURE_08,E1_vs_E2,NO_HOOK,23,1,1.651154130008021e-07,1.1562363472949339e-05,0.9999306161253052,0.21875
G12_1_FIXTURE_08,E1_vs_E2,NO_HOOK,24,1,6.224844781186594e-07,4.37112484917763e-05,0.9999148966830366,0.21875
G12_1_FIXTURE_08,E1_vs_E2,NO_HOOK,25,1,1.284414293750069e-07,2.9775555864257515e-07,0.9999385561320464,0.1875
G12_1_FIXTURE_08,E1_vs_E2,NO_HOOK,26,1,1.1306737420959312e-06,4.578224373159162e-05,0.9999096161396147,0.25
G12_1_FIXTURE_08,E1_vs_E2,NO_HOOK,27,1,4.3278055365909707e-07,2.5179790510747747e-05,0.9998805703977557,0.21875
G12_1_FIXTURE_08,E1_vs_E2,NO_HOOK,28,1,1.4692302666291038e-06,9.10936778236841e-05,0.9999285088245796,0.25
G12_1_FIXTURE_08,E1_vs_E2,NO_HOOK,29,1,1.2384816643706553e-06,8.10927639643454e-05,0.9997605826706272,0.25
G12_1_FIXTURE_08,E1_vs_E2,NO_HOOK,30,1,2.4001630888805327e-07,1.371781207428987e-05,0.999888188786493,0.25
G12_1_FIXTURE_08,E1_vs_E2,NO_HOOK,31,1,2.964799134350501e-06,0.00018438245305898342,0.9999122231774215,0.203125
G12_1_FIXTURE_08,E1_vs_E2,NO_HOOK,32,1,1.981079867724759e-06,0.00012869244286978785,0.9999046407690666,0.25
G12_1_FIXTURE_08,E1_vs_E2,NO_HOOK,33,1,3.154248719103776e-07,1.7988441159619718e-05,0.9999070647977427,0.189453125
G12_1_FIXTURE_08,E1_vs_E2,NO_HOOK,34,1,1.3557891258950403e-06,8.778976943297351e-05,0.9999396961763996,0.1875
G12_1_FIXTURE_08,E1_vs_E2,NO_HOOK,35,1,3.81204731181982e-07,2.236228455388561e-05,0.9999331051287171,0.203125
G12_1_FIXTURE_08,E1_vs_E2,NO_HOOK,36,1,8.616198515425881e-08,3.7817149749772364e-07,0.9999356995462219,0.1953125
G12_1_FIXTURE_08,E1_vs_E2,NO_HOOK,37,1,8.68290958103542e-07,5.71114347644318e-05,0.9999274379801688,0.21875
G12_1_FIXTURE_08,E1_vs_E2,NO_HOOK,38,1,5.577620906576078e-07,3.752472895321023e-05,0.9999404020853101,0.21875
G12_1_FIXTURE_08,E1_vs_E2,NO_HOOK,39,1,2.0404092603190876e-06,0.00013178658887898144,0.9996957910925184,0.28515625
G12_1_FIXTURE_08,E1_vs_E2,NO_HOOK,40,1,3.983392175516464e-08,2.274157597051971e-06,0.9998915320714963,0.21875
G12_1_FIXTURE_08,E1_vs_E2,NO_HOOK,41,1,2.1596759988327073e-07,1.0979853914114702e-05,0.999926762409001,0.1953125
G12_1_FIXTURE_08,E1_vs_E2,NO_HOOK,42,1,1.1153122067598812e-07,1.894057849715909e-06,0.9999470909484657,0.1875
G12_1_FIXTURE_08,E1_vs_E2,NO_HOOK,43,1,1.33040505623682e-06,8.135707840068558e-05,0.9997229661322271,0.3125
G12_1_FIXTURE_08,E1_vs_E2,NO_HOOK,44,1,7.939182693279284e-07,5.102378040333134e-05,0.9998901961582891,0.22265625
G12_1_FIXTURE_08,E1_vs_E2,NO_HOOK,45,1,9.375340471950093e-07,4.156504167990456e-05,0.9999119224761952,0.2109375
G12_1_FIXTURE_08,E1_vs_E2,NO_HOOK,46,1,7.568748656086466e-07,4.870908506857802e-05,0.9998613817386922,0.265625
G12_1_FIXTURE_08,E1_vs_E2,NO_HOOK,47,1,1.2778530813726534e-06,7.302708380978716e-05,0.9999039846285511,0.1953125
G12_1_FIXTURE_08,E1_vs_E2,NO_HOOK,48,1,6.762153437701603e-07,2.633650960253591e-05,0.9999185995724165,0.1875
G12_1_FIXTURE_08,E1_vs_E2,NO_HOOK,49,1,6.197911435108233e-07,4.0285484048625114e-05,0.9999442485776573,0.21875
G12_1_FIXTURE_08,E1_vs_E2,NO_HOOK,50,1,1.0706648430087399e-07,7.506579451147118e-06,0.9998964510618762,0.21875
G12_1_FIXTURE_08,E1_vs_E2,NO_HOOK,51,1,6.352315217901248e-07,4.112134160295206e-05,0.999919732448243,0.28125
G12_1_FIXTURE_08,E1_vs_E2,NO_HOOK,52,1,7.01303424241867e-07,4.5146876940729374e-05,0.9999371970649861,0.1875
G12_1_FIXTURE_08,E1_vs_E2,NO_HOOK,53,1,8.458765289112671e-07,5.4768625687991396e-05,0.999934701409392,0.1875
G12_1_FIXTURE_08,E1_vs_E2,NO_HOOK,54,1,7.947748286950049e-08,4.63740090297449e-07,0.9998257924484687,0.21875
G12_1_FIXTURE_08,E1_vs_E2,NO_HOOK,55,1,4.5853450307966244e-07,2.9860635632402875e-05,0.9996410398405252,0.25
G12_1_FIXTURE_08,E1_vs_E2,NO_HOOK,56,1,3.7131080044593505e-07,2.42444461914232e-05,0.9999018281143449,0.25
G12_1_FIXTURE_08,E1_vs_E2,NO_HOOK,57,1,8.02856408428164e-07,5.0580615477920305e-05,0.9996658053871085,0.28125
G12_1_FIXTURE_08,E1_vs_E2,NO_HOOK,58,1,1.3899940583481666e-06,7.631867903291466e-05,0.999548407087784,0.28125
G12_1_FIXTURE_08,E1_vs_E2,NO_HOOK,59,1,4.0815929877523856e-07,2.565322644524227e-05,0.9999259702011788,0.21875
G12_1_FIXTURE_08,E1_vs_E2,NO_HOOK,60,1,1.7500878589770502e-07,1.1491776876850152e-05,0.9999054230846707,0.21875
G12_1_FIXTURE_08,E1_vs_E2,NO_HOOK,61,1,1.082939762870552e-06,6.527549569537402e-05,0.9999054933092607,0.3125
G12_1_FIXTURE_08,E1_vs_E2,NO_HOOK,62,1,8.214337962627494e-08,5.3506227832403916e-06,0.9999324353478493,0.1875
G12_1_FIXTURE_08,E1_vs_E2,NO_HOOK,63,1,8.239434429822352e-07,5.051843343546438e-05,0.9998763437988426,0.1949462890625
G12_1_FIXTURE_08,E1_vs_E2,NO_HOOK,64,1,6.311230270712601e-08,0.023441297826817475,0.9999299105306138,0.1875
G12_1_FIXTURE_08,E0_vs_E1,0,0,1,2.86248869673615e-05,0.00052808517668268,0.9999958241680846,0.0625
G12_1_FIXTURE_08,E0_vs_E1,0,1,1,0.0008730173318655381,0.2053131908595267,0.99993442439195,0.5
G12_1_FIXTURE_08,E0_vs_E1,0,2,1,0.0006367508275903741,0.062135731014655526,0.9999171828820983,0.3125
G12_1_FIXTURE_08,E0_vs_E1,0,3,1,6.904541348563058e-05,0.0045751997079490694,0.999888018983794,0.28173828125
G12_1_FIXTURE_08,E0_vs_E1,0,4,1,8.77898588456759e-06,0.00038842716482623274,0.9999261254892551,0.1875
G12_1_FIXTURE_08,E0_vs_E1,0,5,1,3.0492660833510762e-05,0.00133705492375888,0.9999307033559782,0.25
G12_1_FIXTURE_08,E0_vs_E1,0,6,1,4.204600729876749e-06,0.0002696307436629774,0.9999200075533404,0.21875
G12_1_FIXTURE_08,E0_vs_E1,0,7,1,7.765463047152585e-06,0.00037035610300900895,0.9999090981804059,0.234375
G12_1_FIXTURE_08,E0_vs_E1,0,8,1,5.199550333806631e-07,4.0959141675064176e-06,0.9999023188875218,0.21875
G12_1_FIXTURE_08,E0_vs_E1,0,9,1,6.608118822467348e-07,3.634843660725584e-05,0.9999241911466796,0.1875
G12_1_FIXTURE_08,E0_vs_E1,0,10,1,3.045867312103683e-07,2.438496430150856e-05,0.9998827628821516,0.21875
G12_1_FIXTURE_08,E0_vs_E1,0,11,1,1.372602763623446e-06,9.32916389095634e-05,0.9999458568299265,0.1875
G12_1_FIXTURE_08,E0_vs_E1,0,12,1,2.4574468098999576e-07,1.2450783031746869e-05,0.9999501830711526,0.15625
G12_1_FIXTURE_08,E0_vs_E1,0,13,1,2.620654441644616e-06,0.00017029717169758348,0.9999274297898887,0.1875
G12_1_FIXTURE_08,E0_vs_E1,0,14,1,1.264340121652022e-06,1.643667281314579e-05,0.9999411634674125,0.25
G12_1_FIXTURE_08,E0_vs_E1,0,15,1,2.7712200592571802e-06,0.00017134614462284035,0.9999214965189106,0.25
G12_1_FIXTURE_08,E0_vs_E1,0,16,1,1.9572160605867652e-07,6.143939100957275e-06,0.9999092037013223,0.2265625
G12_1_FIXTURE_08,E0_vs_E1,0,17,1,1.468952366510544e-06,8.361599245291108e-05,0.999912277000658,0.1875
G12_1_FIXTURE_08,E0_vs_E1,0,18,1,1.1064782713482055e-07,1.0249900029429826e-08,0.9999116950378217,0.1875
G12_1_FIXTURE_08,E0_vs_E1,0,19,1,1.5563695330503006e-06,0.0001051427864000587,0.9998849233171458,0.25
G12_1_FIXTURE_08,E0_vs_E1,0,20,1,1.0270122803605643e-06,5.261595933240236e-05,0.9998999967540213,0.25
G12_1_FIXTURE_08,E0_vs_E1,0,21,1,2.2240653547154725e-06,0.0001416876710493393,0.9999226388250323,0.1875
G12_1_FIXTURE_08,E0_vs_E1,0,22,1,5.426117625934539e-07,5.002177008502301e-06,0.9999175513269138,0.25
G12_1_FIXTURE_08,E0_vs_E1,0,23,1,1.6170130201881774e-06,0.00010647151167396396,0.9999219731649418,0.203125
G12_1_FIXTURE_08,E0_vs_E1,0,24,1,9.029705788385883e-07,1.9827469539825896e-05,0.9999374442191008,0.25
G12_1_FIXTURE_08,E0_vs_E1,0,25,1,7.441875699902144e-07,4.861409762603832e-05,0.9999491990969374,0.1875
G12_1_FIXTURE_08,E0_vs_E1,0,26,1,2.3679762570796747e-06,0.0001312413685100294,0.9999243306199104,0.25
G12_1_FIXTURE_08,E0_vs_E1,0,27,1,2.8910399057066027e-07,1.778024348990338e-05,0.9999567466431754,0.15625
G12_1_FIXTURE_08,E0_vs_E1,0,28,1,8.185810014396356e-08,4.0406910791202216e-06,0.9999592266241399,0.1328125
G12_1_FIXTURE_08,E0_vs_E1,0,29,1,9.04568152803123e-07,5.9857548223984404e-05,0.9999290922095313,0.203125
G12_1_FIXTURE_08,E0_vs_E1,0,30,1,6.558871151712363e-07,4.378443348781124e-05,0.9999271060775408,0.21875
G12_1_FIXTURE_08,E0_vs_E1,0,31,1,1.0091357364766613e-06,5.957743762870227e-05,0.9999507164958374,0.1640625
G12_1_FIXTURE_08,E0_vs_E1,0,32,1,1.8287418471837806e-06,0.00011955281993152067,0.9999014271501159,0.21875
G12_1_FIXTURE_08,E0_vs_E1,0,33,1,8.311074529273235e-07,4.917680407460546e-05,0.9999420641789566,0.1875
G12_1_FIXTURE_08,E0_vs_E1,0,34,1,8.703590552885735e-07,5.127490419072774e-05,0.9999473794501956,0.1875
G12_1_FIXTURE_08,E0_vs_E1,0,35,1,1.0890977003505226e-06,7.200904831776737e-05,0.9999564134209388,0.1875
G12_1_FIXTURE_08,E0_vs_E1,0,36,1,3.91186906327484e-07,2.0177318687420766e-05,0.9998948669691671,0.21875
G12_1_FIXTURE_08,E0_vs_E1,0,37,1,6.707449827017432e-07,4.4475787723321234e-05,0.9999413025349004,0.203125
G12_1_FIXTURE_08,E0_vs_E1,0,38,1,7.686867503833106e-07,5.145190205778057e-05,0.9999281060750398,0.21875
G12_1_FIXTURE_08,E0_vs_E1,0,39,1,4.48827754970155e-07,2.675092811164361e-05,0.9998823703935067,0.2109375
G12_1_FIXTURE_08,E0_vs_E1,0,40,1,1.9362529504050404e-06,0.00012445765536218977,0.9999460391947211,0.1875
G12_1_FIXTURE_08,E0_vs_E1,0,41,1,8.907206954587115e-07,5.7335528602561075e-05,0.9999417335760222,0.1875
G12_1_FIXTURE_08,E0_vs_E1,0,42,1,9.468237133361305e-07,3.810841875586865e-05,0.999930094211117,0.21875
G12_1_FIXTURE_08,E0_vs_E1,0,43,1,1.2511367856932614e-06,7.754353575700659e-05,0.999921022228642,0.1953125
G12_1_FIXTURE_08,E0_vs_E1,0,44,1,6.157279838763997e-07,4.0408208845295465e-05,0.9999278037082052,0.1953125
G12_1_FIXTURE_08,E0_vs_E1,0,45,1,9.357665012766705e-07,4.439046463338965e-05,0.9999380101296812,0.1875
G12_1_FIXTURE_08,E0_vs_E1,0,46,1,2.231998646060459e-07,1.51841243744592e-05,0.9999106931760334,0.21875
G12_1_FIXTURE_08,E0_vs_E1,0,47,1,9.024689855116594e-07,5.8617661027377866e-05,0.9999325352231365,0.1875
G12_1_FIXTURE_08,E0_vs_E1,0,48,1,1.940900815434397e-07,1.2373410210720628e-05,0.9999402147804772,0.203125
G12_1_FIXTURE_08,E0_vs_E1,0,49,1,2.312471141929927e-07,2.187805565121402e-06,0.9999550350517438,0.15625
G12_1_FIXTURE_08,E0_vs_E1,0,50,1,1.1346467380836056e-06,7.056348109477605e-05,0.9999514634195459,0.171875
G12_1_FIXTURE_08,E0_vs_E1,0,51,1,1.120355030098432e-06,7.23794571946049e-05,0.9998931322369669,0.21875
G12_1_FIXTURE_08,E0_vs_E1,0,52,1,1.0785191995762871e-06,6.920074097039317e-05,0.9999388726249787,0.1875
G12_1_FIXTURE_08,E0_vs_E1,0,53,1,9.316847843796789e-07,6.0092015162415465e-05,0.9999106684178289,0.171875
G12_1_FIXTURE_08,E0_vs_E1,0,54,1,4.632330765315004e-08,2.619820505489869e-06,0.9999411545027097,0.15625
G12_1_FIXTURE_08,E0_vs_E1,0,55,1,1.6497120171638131e-06,8.700833668321046e-05,0.9998436856992705,0.21875
G12_1_FIXTURE_08,E0_vs_E1,0,56,1,6.041423258653974e-08,4.410347765160033e-06,0.9999368091331003,0.1875
G12_1_FIXTURE_08,E0_vs_E1,0,57,1,9.017699580432377e-07,5.677686830793372e-05,0.999890103401216,0.21875
G12_1_FIXTURE_08,E0_vs_E1,0,58,1,6.995338067078382e-07,4.4482822705893305e-05,0.9999419124956881,0.171875
G12_1_FIXTURE_08,E0_vs_E1,0,59,1,3.206951692361869e-07,2.0665782445981277e-05,0.9999489876818177,0.1875
G12_1_FIXTURE_08,E0_vs_E1,0,60,1,4.811699180611991e-07,3.1018336503702134e-05,0.9999143820737814,0.25
G12_1_FIXTURE_08,E0_vs_E1,0,61,1,1.8940713807763863e-06,8.204268133657917e-05,0.9999185139176442,0.25
G12_1_FIXTURE_08,E0_vs_E1,0,62,1,8.960179071927566e-08,5.949578361341668e-06,0.9999188627634021,0.1875
G12_1_FIXTURE_08,E0_vs_E1,0,63,1,2.988895200533886e-07,1.939083676548599e-05,0.9999446184001747,0.1875
G12_1_FIXTURE_08,E0_vs_E1,0,64,1,5.73072219172515e-07,0.14058809715847786,0.9999064286451449,0.23828125
G12_1_FIXTURE_08,E1_vs_E2,0,0,1,0.00013957546070796501,0.031217082071567148,0.9999592413982824,0.140625
G12_1_FIXTURE_08,E1_vs_E2,0,1,1,0.0003477256707903668,0.011108239325442248,0.999945165546997,0.5
G12_1_FIXTURE_08,E1_vs_E2,0,2,1,0.0005384013774913411,0.0713745481939787,0.9999332714102461,0.3125
G12_1_FIXTURE_08,E1_vs_E2,0,3,1,1.8470398136868544e-05,0.0005837480724409025,0.9996989086589643,0.34375
G12_1_FIXTURE_08,E1_vs_E2,0,4,1,2.0805175752585718e-05,0.0013634060445584743,0.999908897211763,0.21875
G12_1_FIXTURE_08,E1_vs_E2,0,5,1,2.1044404874865144e-05,0.0011216679296058912,0.9998925676187669,0.25
G12_1_FIXTURE_08,E1_vs_E2,0,6,1,3.3687763719385767e-06,0.0002009457721961344,0.9998751091290891,0.21875
G12_1_FIXTURE_08,E1_vs_E2,0,7,1,9.439694705097177e-06,0.0004948405582558711,0.9998920204065691,0.20458984375
G12_1_FIXTURE_08,E1_vs_E2,0,8,1,1.6919400159193745e-06,0.00011159272450497922,0.9997060698075021,0.28125
G12_1_FIXTURE_08,E1_vs_E2,0,9,1,7.089448405015788e-06,0.0004597167549033627,0.9998428034711453,0.21875
G12_1_FIXTURE_08,E1_vs_E2,0,10,1,2.816454019049727e-06,0.00014750367483722625,0.9999090732105776,0.21875
G12_1_FIXTURE_08,E1_vs_E2,0,11,1,1.0009751092787122e-06,7.377326518744672e-05,0.9999392787138087,0.21875
G12_1_FIXTURE_08,E1_vs_E2,0,12,1,1.0439905849120997e-06,6.251520578176963e-05,0.9999305411274438,0.159912109375
G12_1_FIXTURE_08,E1_vs_E2,0,13,1,4.0118423252628025e-06,0.00025792882566608817,0.9999044077653366,0.21875
G12_1_FIXTURE_08,E1_vs_E2,0,14,1,6.847992444915546e-06,0.0003728627341794597,0.9999356488598178,0.25
G12_1_FIXTURE_08,E1_vs_E2,0,15,1,1.1195758433790803e-06,3.2762939974721305e-05,0.9999351625807981,0.1953125
G12_1_FIXTURE_08,E1_vs_E2,0,16,1,6.555912449994679e-07,3.483703279725126e-05,0.9998691707057745,0.234375
G12_1_FIXTURE_08,E1_vs_E2,0,17,1,1.761950338896179e-06,0.00011490218578789988,0.9998671750920235,0.21875
G12_1_FIXTURE_08,E1_vs_E2,0,18,1,1.6022230886456854e-07,3.920537656483276e-06,0.999917210529968,0.203125
G12_1_FIXTURE_08,E1_vs_E2,0,19,1,1.000103625826103e-06,4.289180618080243e-05,0.9999408593984397,0.1875
G12_1_FIXTURE_08,E1_vs_E2,0,20,1,2.856906173147686e-06,0.000183314135819676,0.9998754549102177,0.25
G12_1_FIXTURE_08,E1_vs_E2,0,21,1,8.311140010296413e-07,4.576851896388582e-05,0.9998109230354636,0.25
G12_1_FIXTURE_08,E1_vs_E2,0,22,1,1.336965592996418e-06,8.266378816768581e-05,0.999916538590115,0.21875
G12_1_FIXTURE_08,E1_vs_E2,0,23,1,1.651154130008021e-07,1.1562363472949339e-05,0.9999306161253052,0.21875
G12_1_FIXTURE_08,E1_vs_E2,0,24,1,6.224844781186594e-07,4.37112484917763e-05,0.9999148966830366,0.21875
G12_1_FIXTURE_08,E1_vs_E2,0,25,1,1.284414293750069e-07,2.9775555864257515e-07,0.9999385561320464,0.1875
G12_1_FIXTURE_08,E1_vs_E2,0,26,1,1.1306737420959312e-06,4.578224373159162e-05,0.9999096161396147,0.25
G12_1_FIXTURE_08,E1_vs_E2,0,27,1,4.3278055365909707e-07,2.5179790510747747e-05,0.9998805703977557,0.21875
G12_1_FIXTURE_08,E1_vs_E2,0,28,1,1.4692302666291038e-06,9.10936778236841e-05,0.9999285088245796,0.25
G12_1_FIXTURE_08,E1_vs_E2,0,29,1,1.2384816643706553e-06,8.10927639643454e-05,0.9997605826706272,0.25
G12_1_FIXTURE_08,E1_vs_E2,0,30,1,2.4001630888805327e-07,1.371781207428987e-05,0.999888188786493,0.25
G12_1_FIXTURE_08,E1_vs_E2,0,31,1,2.964799134350501e-06,0.00018438245305898342,0.9999122231774215,0.203125
G12_1_FIXTURE_08,E1_vs_E2,0,32,1,1.981079867724759e-06,0.00012869244286978785,0.9999046407690666,0.25
G12_1_FIXTURE_08,E1_vs_E2,0,33,1,3.154248719103776e-07,1.7988441159619718e-05,0.9999070647977427,0.189453125
G12_1_FIXTURE_08,E1_vs_E2,0,34,1,1.3557891258950403e-06,8.778976943297351e-05,0.9999396961763996,0.1875
G12_1_FIXTURE_08,E1_vs_E2,0,35,1,3.81204731181982e-07,2.236228455388561e-05,0.9999331051287171,0.203125
G12_1_FIXTURE_08,E1_vs_E2,0,36,1,8.616198515425881e-08,3.7817149749772364e-07,0.9999356995462219,0.1953125
G12_1_FIXTURE_08,E1_vs_E2,0,37,1,8.68290958103542e-07,5.71114347644318e-05,0.9999274379801688,0.21875
G12_1_FIXTURE_08,E1_vs_E2,0,38,1,5.577620906576078e-07,3.752472895321023e-05,0.9999404020853101,0.21875
G12_1_FIXTURE_08,E1_vs_E2,0,39,1,2.0404092603190876e-06,0.00013178658887898144,0.9996957910925184,0.28515625
G12_1_FIXTURE_08,E1_vs_E2,0,40,1,3.983392175516464e-08,2.274157597051971e-06,0.9998915320714963,0.21875
G12_1_FIXTURE_08,E1_vs_E2,0,41,1,2.1596759988327073e-07,1.0979853914114702e-05,0.999926762409001,0.1953125
G12_1_FIXTURE_08,E1_vs_E2,0,42,1,1.1153122067598812e-07,1.894057849715909e-06,0.9999470909484657,0.1875
G12_1_FIXTURE_08,E1_vs_E2,0,43,1,1.33040505623682e-06,8.135707840068558e-05,0.9997229661322271,0.3125
G12_1_FIXTURE_08,E1_vs_E2,0,44,1,7.939182693279284e-07,5.102378040333134e-05,0.9998901961582891,0.22265625
G12_1_FIXTURE_08,E1_vs_E2,0,45,1,9.375340471950093e-07,4.156504167990456e-05,0.9999119224761952,0.2109375
G12_1_FIXTURE_08,E1_vs_E2,0,46,1,7.568748656086466e-07,4.870908506857802e-05,0.9998613817386922,0.265625
G12_1_FIXTURE_08,E1_vs_E2,0,47,1,1.2778530813726534e-06,7.302708380978716e-05,0.9999039846285511,0.1953125
G12_1_FIXTURE_08,E1_vs_E2,0,48,1,6.762153437701603e-07,2.633650960253591e-05,0.9999185995724165,0.1875
G12_1_FIXTURE_08,E1_vs_E2,0,49,1,6.197911435108233e-07,4.0285484048625114e-05,0.9999442485776573,0.21875
G12_1_FIXTURE_08,E1_vs_E2,0,50,1,1.0706648430087399e-07,7.506579451147118e-06,0.9998964510618762,0.21875
G12_1_FIXTURE_08,E1_vs_E2,0,51,1,6.352315217901248e-07,4.112134160295206e-05,0.999919732448243,0.28125
G12_1_FIXTURE_08,E1_vs_E2,0,52,1,7.01303424241867e-07,4.5146876940729374e-05,0.9999371970649861,0.1875
G12_1_FIXTURE_08,E1_vs_E2,0,53,1,8.458765289112671e-07,5.4768625687991396e-05,0.999934701409392,0.1875
G12_1_FIXTURE_08,E1_vs_E2,0,54,1,7.947748286950049e-08,4.63740090297449e-07,0.9998257924484687,0.21875
G12_1_FIXTURE_08,E1_vs_E2,0,55,1,4.5853450307966244e-07,2.9860635632402875e-05,0.9996410398405252,0.25
G12_1_FIXTURE_08,E1_vs_E2,0,56,1,3.7131080044593505e-07,2.42444461914232e-05,0.9999018281143449,0.25
G12_1_FIXTURE_08,E1_vs_E2,0,57,1,8.02856408428164e-07,5.0580615477920305e-05,0.9996658053871085,0.28125
G12_1_FIXTURE_08,E1_vs_E2,0,58,1,1.3899940583481666e-06,7.631867903291466e-05,0.999548407087784,0.28125
G12_1_FIXTURE_08,E1_vs_E2,0,59,1,4.0815929877523856e-07,2.565322644524227e-05,0.9999259702011788,0.21875
G12_1_FIXTURE_08,E1_vs_E2,0,60,1,1.7500878589770502e-07,1.1491776876850152e-05,0.9999054230846707,0.21875
G12_1_FIXTURE_08,E1_vs_E2,0,61,1,1.082939762870552e-06,6.527549569537402e-05,0.9999054933092607,0.3125
G12_1_FIXTURE_08,E1_vs_E2,0,62,1,8.214337962627494e-08,5.3506227832403916e-06,0.9999324353478493,0.1875
G12_1_FIXTURE_08,E1_vs_E2,0,63,1,8.239434429822352e-07,5.051843343546438e-05,0.9998763437988426,0.1949462890625
G12_1_FIXTURE_08,E1_vs_E2,0,64,1,6.311230270712601e-08,0.023441297826817475,0.9999299105306138,0.1875
G12_1_FIXTURE_08,E0_NOHOOK_vs_ALPHA0,0,0,1,0.0,0.0,1.0,0.0
G12_1_FIXTURE_08,E0_NOHOOK_vs_ALPHA0,0,1,1,0.0,0.0,1.0000000000000002,0.0
G12_1_FIXTURE_08,E0_NOHOOK_vs_ALPHA0,0,2,1,0.0,0.0,1.0,0.0
G12_1_FIXTURE_08,E0_NOHOOK_vs_ALPHA0,0,3,1,2.6402479466257354e-17,0.0,1.0000000000000002,0.0
G12_1_FIXTURE_08,E0_NOHOOK_vs_ALPHA0,0,4,1,3.084176931599976e-17,0.0,1.0,0.0
G12_1_FIXTURE_08,E0_NOHOOK_vs_ALPHA0,0,5,1,-4.304418253789863e-18,0.0,1.0000000000000002,0.0
G12_1_FIXTURE_08,E0_NOHOOK_vs_ALPHA0,0,6,1,4.310457843373643e-17,0.0,1.0000000000000002,0.0
G12_1_FIXTURE_08,E0_NOHOOK_vs_ALPHA0,0,7,1,6.297374380185407e-17,0.0,0.9999999999999999,0.0
G12_1_FIXTURE_08,E0_NOHOOK_vs_ALPHA0,0,8,1,-3.710296332334312e-17,0.0,0.9999999999999999,0.0
G12_1_FIXTURE_08,E0_NOHOOK_vs_ALPHA0,0,9,1,4.316822879411286e-18,0.0,1.0,0.0
G12_1_FIXTURE_08,E0_NOHOOK_vs_ALPHA0,0,10,1,-4.36390928686499e-17,0.0,1.0000000000000002,0.0
G12_1_FIXTURE_08,E0_NOHOOK_vs_ALPHA0,0,11,1,5.878705601780391e-17,0.0,1.0,0.0
G12_1_FIXTURE_08,E0_NOHOOK_vs_ALPHA0,0,12,1,-4.279547158297498e-17,0.0,0.9999999999999999,0.0
G12_1_FIXTURE_08,E0_NOHOOK_vs_ALPHA0,0,13,1,2.3777334718152707e-17,0.0,0.9999999999999999,0.0
G12_1_FIXTURE_08,E0_NOHOOK_vs_ALPHA0,0,14,1,-3.415357970879058e-17,0.0,1.0000000000000002,0.0
G12_1_FIXTURE_08,E0_NOHOOK_vs_ALPHA0,0,15,1,-3.2869485506793956e-17,0.0,1.0,0.0
G12_1_FIXTURE_08,E0_NOHOOK_vs_ALPHA0,0,16,1,-6.0551157921690834e-18,0.0,1.0,0.0
G12_1_FIXTURE_08,E0_NOHOOK_vs_ALPHA0,0,17,1,-4.889067478395514e-17,0.0,1.0000000000000002,0.0
G12_1_FIXTURE_08,E0_NOHOOK_vs_ALPHA0,0,18,1,-5.626665080872062e-18,0.0,1.0,0.0
G12_1_FIXTURE_08,E0_NOHOOK_vs_ALPHA0,0,19,1,5.843130761318206e-17,0.0,1.0,0.0
G12_1_FIXTURE_08,E0_NOHOOK_vs_ALPHA0,0,20,1,3.3327412058729466e-17,0.0,1.0000000000000002,0.0
G12_1_FIXTURE_08,E0_NOHOOK_vs_ALPHA0,0,21,1,-5.193934723397145e-17,0.0,0.9999999999999999,0.0
G12_1_FIXTURE_08,E0_NOHOOK_vs_ALPHA0,0,22,1,-4.328976102011834e-19,0.0,1.0000000000000002,0.0
G12_1_FIXTURE_08,E0_NOHOOK_vs_ALPHA0,0,23,1,1.471574481023669e-17,0.0,1.0,0.0
G12_1_FIXTURE_08,E0_NOHOOK_vs_ALPHA0,0,24,1,-1.5582008118742257e-17,0.0,1.0000000000000002,0.0
G12_1_FIXTURE_08,E0_NOHOOK_vs_ALPHA0,0,25,1,-5.47570492636845e-17,0.0,1.0000000000000002,0.0
G12_1_FIXTURE_08,E0_NOHOOK_vs_ALPHA0,0,26,1,4.15635060684324e-17,0.0,0.9999999999999999,0.0
G12_1_FIXTURE_08,E0_NOHOOK_vs_ALPHA0,0,27,1,-1.5585134152557925e-17,0.0,1.0,0.0
G12_1_FIXTURE_08,E0_NOHOOK_vs_ALPHA0,0,28,1,1.5804080056092393e-17,0.0,1.0,0.0
G12_1_FIXTURE_08,E0_NOHOOK_vs_ALPHA0,0,29,1,-3.984036481583498e-17,0.0,1.0,0.0
G12_1_FIXTURE_08,E0_NOHOOK_vs_ALPHA0,0,30,1,4.286519493481922e-17,0.0,1.0,0.0
G12_1_FIXTURE_08,E0_NOHOOK_vs_ALPHA0,0,31,1,3.8965949536102336e-17,0.0,1.0,0.0
G12_1_FIXTURE_08,E0_NOHOOK_vs_ALPHA0,0,32,1,2.078381171909838e-17,0.0,1.0,0.0
G12_1_FIXTURE_08,E0_NOHOOK_vs_ALPHA0,0,33,1,1.4074123260382574e-17,0.0,1.0000000000000002,0.0
G12_1_FIXTURE_08,E0_NOHOOK_vs_ALPHA0,0,34,1,2.793167414606789e-17,0.0,1.0,0.0
G12_1_FIXTURE_08,E0_NOHOOK_vs_ALPHA0,0,35,1,-3.4866770744519005e-17,0.0,1.0000000000000002,0.0
G12_1_FIXTURE_08,E0_NOHOOK_vs_ALPHA0,0,36,1,-9.961509592676844e-18,0.0,1.0,0.0
G12_1_FIXTURE_08,E0_NOHOOK_vs_ALPHA0,0,37,1,1.2344541306625081e-17,0.0,1.0000000000000002,0.0
G12_1_FIXTURE_08,E0_NOHOOK_vs_ALPHA0,0,38,1,-5.847689386382394e-18,0.0,1.0,0.0
G12_1_FIXTURE_08,E0_NOHOOK_vs_ALPHA0,0,39,1,4.202150013883464e-17,0.0,1.0000000000000002,0.0
G12_1_FIXTURE_08,E0_NOHOOK_vs_ALPHA0,0,40,1,-1.3647991636342552e-17,0.0,1.0000000000000002,0.0
G12_1_FIXTURE_08,E0_NOHOOK_vs_ALPHA0,0,41,1,-1.2890037576669871e-17,0.0,0.9999999999999999,0.0
G12_1_FIXTURE_08,E0_NOHOOK_vs_ALPHA0,0,42,1,1.2673853396469894e-17,0.0,1.0000000000000002,0.0
G12_1_FIXTURE_08,E0_NOHOOK_vs_ALPHA0,0,43,1,-7.258155177334915e-18,0.0,1.0,0.0
G12_1_FIXTURE_08,E0_NOHOOK_vs_ALPHA0,0,44,1,4.4955625502878526e-17,0.0,1.0000000000000002,0.0
G12_1_FIXTURE_08,E0_NOHOOK_vs_ALPHA0,0,45,1,-2.5998077690809405e-18,0.0,1.0,0.0
G12_1_FIXTURE_08,E0_NOHOOK_vs_ALPHA0,0,46,1,2.0365187818837495e-17,0.0,0.9999999999999999,0.0
G12_1_FIXTURE_08,E0_NOHOOK_vs_ALPHA0,0,47,1,4.668799471825471e-17,0.0,1.0,0.0
G12_1_FIXTURE_08,E0_NOHOOK_vs_ALPHA0,0,48,1,-5.6873170770045e-17,0.0,0.9999999999999999,0.0
G12_1_FIXTURE_08,E0_NOHOOK_vs_ALPHA0,0,49,1,3.347635294417891e-17,0.0,0.9999999999999999,0.0
G12_1_FIXTURE_08,E0_NOHOOK_vs_ALPHA0,0,50,1,-2.849263199943871e-17,0.0,1.0,0.0
G12_1_FIXTURE_08,E0_NOHOOK_vs_ALPHA0,0,51,1,7.476183631646955e-18,0.0,1.0,0.0
G12_1_FIXTURE_08,E0_NOHOOK_vs_ALPHA0,0,52,1,9.535192860664842e-18,0.0,0.9999999999999999,0.0
G12_1_FIXTURE_08,E0_NOHOOK_vs_ALPHA0,0,53,1,4.2148192960495394e-17,0.0,1.0000000000000002,0.0
G12_1_FIXTURE_08,E0_NOHOOK_vs_ALPHA0,0,54,1,2.8495966992366694e-17,0.0,1.0,0.0
G12_1_FIXTURE_08,E0_NOHOOK_vs_ALPHA0,0,55,1,-8.668612095746027e-18,0.0,1.0000000000000002,0.0
G12_1_FIXTURE_08,E0_NOHOOK_vs_ALPHA0,0,56,1,-3.8789206670825115e-17,0.0,1.0000000000000002,0.0
G12_1_FIXTURE_08,E0_NOHOOK_vs_ALPHA0,0,57,1,2.6005835998295504e-17,0.0,1.0000000000000002,0.0
G12_1_FIXTURE_08,E0_NOHOOK_vs_ALPHA0,0,58,1,3.7059225699007167e-17,0.0,1.0,0.0
G12_1_FIXTURE_08,E0_NOHOOK_vs_ALPHA0,0,59,1,-4.0959663785191445e-17,0.0,1.0,0.0
G12_1_FIXTURE_08,E0_NOHOOK_vs_ALPHA0,0,60,1,3.792676868663838e-18,0.0,0.9999999999999999,0.0
G12_1_FIXTURE_08,E0_NOHOOK_vs_ALPHA0,0,61,1,-3.2077419361799415e-17,0.0,1.0,0.0
G12_1_FIXTURE_08,E0_NOHOOK_vs_ALPHA0,0,62,1,4.762748043202566e-17,0.0,1.0,0.0
G12_1_FIXTURE_08,E0_NOHOOK_vs_ALPHA0,0,63,1,-1.1595191467871957e-17,0.0,1.0000000000000002,0.0
G12_1_FIXTURE_08,E0_NOHOOK_vs_ALPHA0,0,64,1,-1.706826867007733e-17,0.0,1.0000000000000002,0.0
G12_1_FIXTURE_08,E1_NOHOOK_vs_ALPHA0,0,0,1,0.0,0.0,0.9999999999999999,0.0
G12_1_FIXTURE_08,E1_NOHOOK_vs_ALPHA0,0,1,1,0.0,0.0,0.9999999999999999,0.0
G12_1_FIXTURE_08,E1_NOHOOK_vs_ALPHA0,0,2,1,0.0,0.0,1.0000000000000002,0.0
G12_1_FIXTURE_08,E1_NOHOOK_vs_ALPHA0,0,3,1,6.570489690822366e-18,0.0,1.0,0.0
G12_1_FIXTURE_08,E1_NOHOOK_vs_ALPHA0,0,4,1,-1.712766214517839e-18,0.0,1.0000000000000002,0.0
G12_1_FIXTURE_08,E1_NOHOOK_vs_ALPHA0,0,5,1,5.846186924151716e-17,0.0,1.0000000000000002,0.0
G12_1_FIXTURE_08,E1_NOHOOK_vs_ALPHA0,0,6,1,6.722501398224235e-17,0.0,1.0,0.0
G12_1_FIXTURE_08,E1_NOHOOK_vs_ALPHA0,0,7,1,4.225439513810417e-17,0.0,0.9999999999999999,0.0
G12_1_FIXTURE_08,E1_NOHOOK_vs_ALPHA0,0,8,1,-4.7457473050730506e-17,0.0,1.0000000000000002,0.0
G12_1_FIXTURE_08,E1_NOHOOK_vs_ALPHA0,0,9,1,-2.849206662737035e-17,0.0,1.0,0.0
G12_1_FIXTURE_08,E1_NOHOOK_vs_ALPHA0,0,10,1,4.234184967230145e-17,0.0,1.0000000000000002,0.0
G12_1_FIXTURE_08,E1_NOHOOK_vs_ALPHA0,0,11,1,4.236521308981418e-17,0.0,1.0,0.0
G12_1_FIXTURE_08,E1_NOHOOK_vs_ALPHA0,0,12,1,2.982751823450731e-17,0.0,1.0000000000000002,0.0
G12_1_FIXTURE_08,E1_NOHOOK_vs_ALPHA0,0,13,1,-2.3341044289154607e-17,0.0,1.0000000000000002,0.0
G12_1_FIXTURE_08,E1_NOHOOK_vs_ALPHA0,0,14,1,6.484750318137156e-18,0.0,0.9999999999999999,0.0
G12_1_FIXTURE_08,E1_NOHOOK_vs_ALPHA0,0,15,1,1.3404993050258061e-17,0.0,1.0,0.0
G12_1_FIXTURE_08,E1_NOHOOK_vs_ALPHA0,0,16,1,4.152104910545858e-17,0.0,1.0,0.0
G12_1_FIXTURE_08,E1_NOHOOK_vs_ALPHA0,0,17,1,-3.6346549484619354e-17,0.0,0.9999999999999999,0.0
G12_1_FIXTURE_08,E1_NOHOOK_vs_ALPHA0,0,18,1,-7.35794671963553e-18,0.0,1.0,0.0
G12_1_FIXTURE_08,E1_NOHOOK_vs_ALPHA0,0,19,1,1.3848927835414402e-17,0.0,0.9999999999999999,0.0
G12_1_FIXTURE_08,E1_NOHOOK_vs_ALPHA0,0,20,1,-2.9430451707468097e-17,0.0,1.0,0.0
G12_1_FIXTURE_08,E1_NOHOOK_vs_ALPHA0,0,21,1,4.1557365536394364e-17,0.0,0.9999999999999999,0.0
G12_1_FIXTURE_08,E1_NOHOOK_vs_ALPHA0,0,22,1,-5.605996009850839e-17,0.0,1.0,0.0
G12_1_FIXTURE_08,E1_NOHOOK_vs_ALPHA0,0,23,1,-1.298586326580458e-17,0.0,0.9999999999999999,0.0
G12_1_FIXTURE_08,E1_NOHOOK_vs_ALPHA0,0,24,1,2.77007985244689e-17,0.0,0.9999999999999999,0.0
G12_1_FIXTURE_08,E1_NOHOOK_vs_ALPHA0,0,25,1,-8.874103411107017e-18,0.0,1.0000000000000002,0.0
G12_1_FIXTURE_08,E1_NOHOOK_vs_ALPHA0,0,26,1,1.1038857449596446e-17,0.0,1.0,0.0
G12_1_FIXTURE_08,E1_NOHOOK_vs_ALPHA0,0,27,1,-5.519636871004237e-17,0.0,1.0,0.0
G12_1_FIXTURE_08,E1_NOHOOK_vs_ALPHA0,0,28,1,9.958695137719744e-18,0.0,1.0,0.0
G12_1_FIXTURE_08,E1_NOHOOK_vs_ALPHA0,0,29,1,4.893143212927401e-17,0.0,0.9999999999999999,0.0
G12_1_FIXTURE_08,E1_NOHOOK_vs_ALPHA0,0,30,1,2.3165538803271322e-17,0.0,1.0000000000000002,0.0
G12_1_FIXTURE_08,E1_NOHOOK_vs_ALPHA0,0,31,1,-2.0999568313214172e-17,0.0,1.0,0.0
G12_1_FIXTURE_08,E1_NOHOOK_vs_ALPHA0,0,32,1,6.927109034774249e-18,0.0,1.0000000000000002,0.0
G12_1_FIXTURE_08,E1_NOHOOK_vs_ALPHA0,0,33,1,-2.1651432549228204e-17,0.0,0.9999999999999999,0.0
G12_1_FIXTURE_08,E1_NOHOOK_vs_ALPHA0,0,34,1,4.677171300284994e-17,0.0,0.9999999999999999,0.0
G12_1_FIXTURE_08,E1_NOHOOK_vs_ALPHA0,0,35,1,4.612476648349164e-17,0.0,1.0000000000000002,0.0
G12_1_FIXTURE_08,E1_NOHOOK_vs_ALPHA0,0,36,1,-1.2127299850227499e-17,0.0,1.0,0.0
G12_1_FIXTURE_08,E1_NOHOOK_vs_ALPHA0,0,37,1,-3.898102827042804e-18,0.0,1.0,0.0
G12_1_FIXTURE_08,E1_NOHOOK_vs_ALPHA0,0,38,1,-2.7720952980769083e-17,0.0,1.0,0.0
G12_1_FIXTURE_08,E1_NOHOOK_vs_ALPHA0,0,39,1,-2.3394038252288485e-17,0.0,0.9999999999999999,0.0
G12_1_FIXTURE_08,E1_NOHOOK_vs_ALPHA0,0,40,1,-3.7689762019524934e-17,0.0,0.9999999999999999,0.0
G12_1_FIXTURE_08,E1_NOHOOK_vs_ALPHA0,0,41,1,2.9461253807402097e-17,0.0,1.0000000000000002,0.0
G12_1_FIXTURE_08,E1_NOHOOK_vs_ALPHA0,0,42,1,3.30399367332181e-17,0.0,0.9999999999999999,0.0
G12_1_FIXTURE_08,E1_NOHOOK_vs_ALPHA0,0,43,1,-1.3431962009573409e-17,0.0,0.9999999999999999,0.0
G12_1_FIXTURE_08,E1_NOHOOK_vs_ALPHA0,0,44,1,-4.7011935156775636e-17,0.0,1.0,0.0
G12_1_FIXTURE_08,E1_NOHOOK_vs_ALPHA0,0,45,1,3.336271868375027e-17,0.0,1.0000000000000002,0.0
G12_1_FIXTURE_08,E1_NOHOOK_vs_ALPHA0,0,46,1,2.1123145349786592e-17,0.0,1.0000000000000002,0.0
G12_1_FIXTURE_08,E1_NOHOOK_vs_ALPHA0,0,47,1,5.0482322267782304e-17,0.0,1.0000000000000002,0.0
G12_1_FIXTURE_08,E1_NOHOOK_vs_ALPHA0,0,48,1,-4.701573624462905e-17,0.0,1.0,0.0
G12_1_FIXTURE_08,E1_NOHOOK_vs_ALPHA0,0,49,1,8.558697956429818e-18,0.0,1.0,0.0
G12_1_FIXTURE_08,E1_NOHOOK_vs_ALPHA0,0,50,1,2.166892974119782e-17,0.0,1.0000000000000002,0.0
G12_1_FIXTURE_08,E1_NOHOOK_vs_ALPHA0,0,51,1,5.763828732594093e-17,0.0,0.9999999999999999,0.0
G12_1_FIXTURE_08,E1_NOHOOK_vs_ALPHA0,0,52,1,-1.1701472368602911e-17,0.0,0.9999999999999999,0.0
G12_1_FIXTURE_08,E1_NOHOOK_vs_ALPHA0,0,53,1,-1.7445416079274977e-17,0.0,1.0,0.0
G12_1_FIXTURE_08,E1_NOHOOK_vs_ALPHA0,0,54,1,5.88340327536245e-17,0.0,0.9999999999999999,0.0
G12_1_FIXTURE_08,E1_NOHOOK_vs_ALPHA0,0,55,1,-1.180995637108917e-17,0.0,0.9999999999999999,0.0
G12_1_FIXTURE_08,E1_NOHOOK_vs_ALPHA0,0,56,1,-5.742561509748452e-18,0.0,1.0,0.0
G12_1_FIXTURE_08,E1_NOHOOK_vs_ALPHA0,0,57,1,1.6252724693928355e-17,0.0,0.9999999999999999,0.0
G12_1_FIXTURE_08,E1_NOHOOK_vs_ALPHA0,0,58,1,-2.2429586222216293e-17,0.0,1.0000000000000002,0.0
G12_1_FIXTURE_08,E1_NOHOOK_vs_ALPHA0,0,59,1,-1.6254170737078874e-17,0.0,0.9999999999999999,0.0
G12_1_FIXTURE_08,E1_NOHOOK_vs_ALPHA0,0,60,1,9.75290017632623e-19,0.0,1.0000000000000002,0.0
G12_1_FIXTURE_08,E1_NOHOOK_vs_ALPHA0,0,61,1,3.2183148521691544e-17,0.0,1.0,0.0
G12_1_FIXTURE_08,E1_NOHOOK_vs_ALPHA0,0,62,1,3.251041897358061e-17,0.0,0.9999999999999999,0.0
G12_1_FIXTURE_08,E1_NOHOOK_vs_ALPHA0,0,63,1,9.752775669745946e-18,0.0,1.0000000000000002,0.0
G12_1_FIXTURE_08,E1_NOHOOK_vs_ALPHA0,0,64,1,1.6688357951550154e-17,0.0,1.0000000000000002,0.0
G12_1_FIXTURE_08,E2_NOHOOK_vs_ALPHA0,0,0,1,0.0,0.0,1.0000000000000002,0.0
G12_1_FIXTURE_08,E2_NOHOOK_vs_ALPHA0,0,1,1,0.0,0.0,1.0000000000000002,0.0
G12_1_FIXTURE_08,E2_NOHOOK_vs_ALPHA0,0,2,1,0.0,0.0,0.9999999999999999,0.0
G12_1_FIXTURE_08,E2_NOHOOK_vs_ALPHA0,0,3,1,-2.6266621197594165e-17,0.0,0.9999999999999999,0.0
G12_1_FIXTURE_08,E2_NOHOOK_vs_ALPHA0,0,4,1,-1.197302826926405e-17,0.0,1.0000000000000002,0.0
G12_1_FIXTURE_08,E2_NOHOOK_vs_ALPHA0,0,5,1,3.184583516059148e-17,0.0,0.9999999999999999,0.0
G12_1_FIXTURE_08,E2_NOHOOK_vs_ALPHA0,0,6,1,-3.7914183298849926e-17,0.0,1.0,0.0
G12_1_FIXTURE_08,E2_NOHOOK_vs_ALPHA0,0,7,1,-1.552970553090383e-17,0.0,1.0,0.0
G12_1_FIXTURE_08,E2_NOHOOK_vs_ALPHA0,0,8,1,2.5883005874997872e-18,0.0,1.0,0.0
G12_1_FIXTURE_08,E2_NOHOOK_vs_ALPHA0,0,9,1,2.6777581984507328e-17,0.0,1.0,0.0
G12_1_FIXTURE_08,E2_NOHOOK_vs_ALPHA0,0,10,1,4.449558437868356e-17,0.0,1.0,0.0
G12_1_FIXTURE_08,E2_NOHOOK_vs_ALPHA0,0,11,1,3.1127758989945236e-17,0.0,1.0,0.0
G12_1_FIXTURE_08,E2_NOHOOK_vs_ALPHA0,0,12,1,-1.686008602439321e-17,0.0,1.0,0.0
G12_1_FIXTURE_08,E2_NOHOOK_vs_ALPHA0,0,13,1,2.0742244210980104e-17,0.0,1.0000000000000002,0.0
G12_1_FIXTURE_08,E2_NOHOOK_vs_ALPHA0,0,14,1,-1.123604360168073e-17,0.0,0.9999999999999999,0.0
G12_1_FIXTURE_08,E2_NOHOOK_vs_ALPHA0,0,15,1,1.3836958834033387e-17,0.0,0.9999999999999999,0.0
G12_1_FIXTURE_08,E2_NOHOOK_vs_ALPHA0,0,16,1,2.5084759940721283e-17,0.0,1.0000000000000002,0.0
G12_1_FIXTURE_08,E2_NOHOOK_vs_ALPHA0,0,17,1,1.557888258108988e-17,0.0,0.9999999999999999,0.0
G12_1_FIXTURE_08,E2_NOHOOK_vs_ALPHA0,0,18,1,4.371468853712198e-17,0.0,1.0000000000000002,0.0
G12_1_FIXTURE_08,E2_NOHOOK_vs_ALPHA0,0,19,1,-3.592219730798794e-17,0.0,1.0,0.0
G12_1_FIXTURE_08,E2_NOHOOK_vs_ALPHA0,0,20,1,-2.532348621116125e-17,0.0,1.0,0.0
G12_1_FIXTURE_08,E2_NOHOOK_vs_ALPHA0,0,21,1,3.311451002505024e-17,0.0,1.0,0.0
G12_1_FIXTURE_08,E2_NOHOOK_vs_ALPHA0,0,22,1,-1.0821491536944818e-17,0.0,1.0,0.0
G12_1_FIXTURE_08,E2_NOHOOK_vs_ALPHA0,0,23,1,3.614356818233422e-17,0.0,1.0,0.0
G12_1_FIXTURE_08,E2_NOHOOK_vs_ALPHA0,0,24,1,4.4150077461201576e-17,0.0,1.0,0.0
G12_1_FIXTURE_08,E2_NOHOOK_vs_ALPHA0,0,25,1,4.631847718346028e-17,0.0,0.9999999999999999,0.0
G12_1_FIXTURE_08,E2_NOHOOK_vs_ALPHA0,0,26,1,-3.095350758451688e-17,0.0,1.0,0.0
G12_1_FIXTURE_08,E2_NOHOOK_vs_ALPHA0,0,27,1,-4.545697763809295e-18,0.0,0.9999999999999999,0.0
G12_1_FIXTURE_08,E2_NOHOOK_vs_ALPHA0,0,28,1,-2.0997944271140992e-17,0.0,1.0000000000000002,0.0
G12_1_FIXTURE_08,E2_NOHOOK_vs_ALPHA0,0,29,1,-3.6587351626365886e-17,0.0,0.9999999999999999,0.0
G12_1_FIXTURE_08,E2_NOHOOK_vs_ALPHA0,0,30,1,3.4639582841036315e-18,0.0,0.9999999999999999,0.0
G12_1_FIXTURE_08,E2_NOHOOK_vs_ALPHA0,0,31,1,1.9704258727963444e-17,0.0,1.0000000000000002,0.0
G12_1_FIXTURE_08,E2_NOHOOK_vs_ALPHA0,0,32,1,-3.377400272377427e-17,0.0,1.0,0.0
G12_1_FIXTURE_08,E2_NOHOOK_vs_ALPHA0,0,33,1,-5.0879951231445335e-17,0.0,0.9999999999999999,0.0
G12_1_FIXTURE_08,E2_NOHOOK_vs_ALPHA0,0,34,1,1.4290102171027216e-17,0.0,1.0,0.0
G12_1_FIXTURE_08,E2_NOHOOK_vs_ALPHA0,0,35,1,4.049541885766771e-17,0.0,1.0,0.0
G12_1_FIXTURE_08,E2_NOHOOK_vs_ALPHA0,0,36,1,-1.5159119080036526e-18,0.0,1.0000000000000002,0.0
G12_1_FIXTURE_08,E2_NOHOOK_vs_ALPHA0,0,37,1,1.2777844562171324e-17,0.0,1.0,0.0
G12_1_FIXTURE_08,E2_NOHOOK_vs_ALPHA0,0,38,1,-2.880488358174941e-17,0.0,0.9999999999999999,0.0
G12_1_FIXTURE_08,E2_NOHOOK_vs_ALPHA0,0,39,1,4.8081408394019826e-17,0.0,1.0000000000000002,0.0
G12_1_FIXTURE_08,E2_NOHOOK_vs_ALPHA0,0,40,1,5.371886343423042e-17,0.0,1.0,0.0
G12_1_FIXTURE_08,E2_NOHOOK_vs_ALPHA0,0,41,1,3.574382538792464e-18,0.0,0.9999999999999999,0.0
G12_1_FIXTURE_08,E2_NOHOOK_vs_ALPHA0,0,42,1,-3.3581638645826088e-18,0.0,1.0,0.0
G12_1_FIXTURE_08,E2_NOHOOK_vs_ALPHA0,0,43,1,-2.773275837773173e-17,0.0,1.0000000000000002,0.0
G12_1_FIXTURE_08,E2_NOHOOK_vs_ALPHA0,0,44,1,-1.0074500130991821e-17,0.0,1.0,0.0
G12_1_FIXTURE_08,E2_NOHOOK_vs_ALPHA0,0,45,1,-1.88485530706271e-17,0.0,0.9999999999999999,0.0
G12_1_FIXTURE_08,E2_NOHOOK_vs_ALPHA0,0,46,1,-2.0690857868771365e-17,0.0,0.9999999999999999,0.0
G12_1_FIXTURE_08,E2_NOHOOK_vs_ALPHA0,0,47,1,-4.462918017199841e-17,0.0,0.9999999999999999,0.0
G12_1_FIXTURE_08,E2_NOHOOK_vs_ALPHA0,0,48,1,-5.76306750051844e-17,0.0,1.0,0.0
G12_1_FIXTURE_08,E2_NOHOOK_vs_ALPHA0,0,49,1,-4.831677866771906e-17,0.0,0.9999999999999999,0.0
G12_1_FIXTURE_08,E2_NOHOOK_vs_ALPHA0,0,50,1,2.849442871317927e-17,0.0,1.0000000000000002,0.0
G12_1_FIXTURE_08,E2_NOHOOK_vs_ALPHA0,0,51,1,3.792148522261599e-18,0.0,0.9999999999999999,0.0
G12_1_FIXTURE_08,E2_NOHOOK_vs_ALPHA0,0,52,1,-2.589609406523391e-17,0.0,1.0,0.0
G12_1_FIXTURE_08,E2_NOHOOK_vs_ALPHA0,0,53,1,5.244173261915747e-17,0.0,1.0,0.0
G12_1_FIXTURE_08,E2_NOHOOK_vs_ALPHA0,0,54,1,4.745730809641023e-17,0.0,1.0000000000000002,0.0
G12_1_FIXTURE_08,E2_NOHOOK_vs_ALPHA0,0,55,1,-2.416237535323247e-17,0.0,1.0000000000000002,0.0
G12_1_FIXTURE_08,E2_NOHOOK_vs_ALPHA0,0,56,1,-6.0677592689234655e-18,0.0,0.9999999999999999,0.0
G12_1_FIXTURE_08,E2_NOHOOK_vs_ALPHA0,0,57,1,5.710412771354804e-17,0.0,0.9999999999999999,0.0
G12_1_FIXTURE_08,E2_NOHOOK_vs_ALPHA0,0,58,1,-9.319283261922904e-18,0.0,1.0,0.0
G12_1_FIXTURE_08,E2_NOHOOK_vs_ALPHA0,0,59,1,1.3220398007671215e-17,0.0,0.9999999999999999,0.0
G12_1_FIXTURE_08,E2_NOHOOK_vs_ALPHA0,0,60,1,-1.6796854439378414e-17,0.0,1.0,0.0
G12_1_FIXTURE_08,E2_NOHOOK_vs_ALPHA0,0,61,1,5.976486539635855e-17,0.0,1.0,0.0
G12_1_FIXTURE_08,E2_NOHOOK_vs_ALPHA0,0,62,1,3.1805856380891283e-17,0.0,1.0000000000000002,0.0
G12_1_FIXTURE_08,E2_NOHOOK_vs_ALPHA0,0,63,1,4.199323884601827e-17,0.0,1.0000000000000002,0.0
G12_1_FIXTURE_08,E2_NOHOOK_vs_ALPHA0,0,64,1,4.746411053645185e-17,0.0,1.0,0.0
G12_1_FIXTURE_08,E0_vs_E1,0.01,0,1,7.35142782967113e-05,0.00025987499760482535,0.999990294513486,0.1171875
G12_1_FIXTURE_08,E0_vs_E1,0.01,1,1,0.0010224094806100625,0.01323374408640099,0.9999427572756262,0.5
G12_1_FIXTURE_08,E0_vs_E1,0.01,2,1,0.0007430000190076163,0.08385759533508264,0.9998984142186285,0.375
G12_1_FIXTURE_08,E0_vs_E1,0.01,3,1,6.370284702461701e-05,0.004541196662838837,0.9999089977565361,0.21875
G12_1_FIXTURE_08,E0_vs_E1,0.01,4,1,2.0096425180289528e-05,0.0013139087854381545,0.9999344442756568,0.1953125
G12_1_FIXTURE_08,E0_vs_E1,0.01,5,1,2.6591477524736526e-05,0.001239797394358819,0.9999261579404154,0.25
G12_1_FIXTURE_08,E0_vs_E1,0.01,6,1,7.407110035778495e-06,0.00044059197859084177,0.9999044469647029,0.21875
G12_1_FIXTURE_08,E0_vs_E1,0.01,7,1,4.563427655188663e-06,0.00015123487779897856,0.9999071128653804,0.25
G12_1_FIXTURE_08,E0_vs_E1,0.01,8,1,3.012000404129071e-06,0.00010466661181542016,0.9999310148843368,0.25
G12_1_FIXTURE_08,E0_vs_E1,0.01,9,1,1.1864534201713476e-06,8.217764428294395e-05,0.9999176165060132,0.1875
G12_1_FIXTURE_08,E0_vs_E1,0.01,10,1,3.609001036818999e-06,0.00024136099564995043,0.9999266387428712,0.1875
G12_1_FIXTURE_08,E0_vs_E1,0.01,11,1,1.926557559284323e-06,0.00013058999571885282,0.9999315227679823,0.1875
G12_1_FIXTURE_08,E0_vs_E1,0.01,12,1,7.41522660996578e-06,0.0004041910982710414,0.9998630671951722,0.25
G12_1_FIXTURE_08,E0_vs_E1,0.01,13,1,1.3030895756136773e-06,9.35632511080268e-05,0.999927412260656,0.203125
G12_1_FIXTURE_08,E0_vs_E1,0.01,14,1,1.3366736090258152e-06,9.50209387183959e-05,0.9998816267559618,0.21875
G12_1_FIXTURE_08,E0_vs_E1,0.01,15,1,3.367457420219327e-06,0.00022471513562745578,0.9999365653218812,0.1953125
G12_1_FIXTURE_08,E0_vs_E1,0.01,16,1,1.1895415872088844e-07,8.428686644630472e-06,0.9998603609124991,0.234375
G12_1_FIXTURE_08,E0_vs_E1,0.01,17,1,1.0013728803885579e-05,0.0004121554205220577,0.9999334550183766,0.25
G12_1_FIXTURE_08,E0_vs_E1,0.01,18,1,2.205545918378028e-07,1.6521564955158854e-05,0.9998421984870325,0.22265625
G12_1_FIXTURE_08,E0_vs_E1,0.01,19,1,2.0395551607523032e-06,0.0001349984157308962,0.9999549471142704,0.15625
G12_1_FIXTURE_08,E0_vs_E1,0.01,20,1,5.326695225192875e-07,3.8646148361764316e-05,0.9999443709072608,0.1875
G12_1_FIXTURE_08,E0_vs_E1,0.01,21,1,1.7146651883368049e-07,1.0546150431259196e-05,0.9999283726912355,0.1875
G12_1_FIXTURE_08,E0_vs_E1,0.01,22,1,3.922678441081273e-06,0.00022892267475174049,0.9999269427817086,0.25
G12_1_FIXTURE_08,E0_vs_E1,0.01,23,1,1.6773363812288452e-06,0.00011175956403947237,0.9999248195370073,0.1875
G12_1_FIXTURE_08,E0_vs_E1,0.01,24,1,1.2496534220761952e-06,7.965242210698949e-05,0.9999357110361231,0.1875
G12_1_FIXTURE_08,E0_vs_E1,0.01,25,1,1.0754871946181367e-06,6.967012297773192e-05,0.9999038470976185,0.203125
G12_1_FIXTURE_08,E0_vs_E1,0.01,26,1,2.4863500946453816e-06,0.00015721947692954891,0.9998993328564698,0.21875
G12_1_FIXTURE_08,E0_vs_E1,0.01,27,1,4.4420743169716686e-07,3.155525805502175e-05,0.9998774047793639,0.203125
G12_1_FIXTURE_08,E0_vs_E1,0.01,28,1,1.314178809361549e-06,8.20495354900586e-05,0.9999451663819287,0.1875
G12_1_FIXTURE_08,E0_vs_E1,0.01,29,1,5.917689004993957e-07,4.0427862662620155e-05,0.9999563475626486,0.15625
G12_1_FIXTURE_08,E0_vs_E1,0.01,30,1,6.979189515902153e-07,4.624950742898484e-05,0.9999308698304396,0.203125
G12_1_FIXTURE_08,E0_vs_E1,0.01,31,1,6.996173739731129e-08,4.946306659859212e-06,0.9999486513423169,0.15625
G12_1_FIXTURE_08,E0_vs_E1,0.01,32,1,6.46165830966133e-07,4.2496982833906214e-05,0.9999345936481239,0.171875
G12_1_FIXTURE_08,E0_vs_E1,0.01,33,1,1.6931922487039382e-06,0.00011064619995156577,0.999953179667086,0.1640625
G12_1_FIXTURE_08,E0_vs_E1,0.01,34,1,1.7599287126094688e-06,0.0001147464456206814,0.9999219542235841,0.1875
G12_1_FIXTURE_08,E0_vs_E1,0.01,35,1,2.7075751539543157e-07,1.8134527266577783e-05,0.9999478480866802,0.15625
G12_1_FIXTURE_08,E0_vs_E1,0.01,36,1,5.824660097557384e-07,3.816674432253683e-05,0.9998918352982876,0.20751953125
G12_1_FIXTURE_08,E0_vs_E1,0.01,37,1,6.617395414578028e-07,4.276058072725402e-05,0.9999488890846394,0.1875
G12_1_FIXTURE_08,E0_vs_E1,0.01,38,1,1.067477593790014e-06,6.966983104668141e-05,0.9999491720503517,0.15625
G12_1_FIXTURE_08,E0_vs_E1,0.01,39,1,7.026822267696071e-07,4.6299014907751545e-05,0.9999333083079126,0.1875
G12_1_FIXTURE_08,E0_vs_E1,0.01,40,1,1.1210129027375823e-06,7.353426795245134e-05,0.9999279848853531,0.1875
G12_1_FIXTURE_08,E0_vs_E1,0.01,41,1,4.301531735147474e-07,2.893581158479254e-05,0.9999131765795194,0.1875
G12_1_FIXTURE_08,E0_vs_E1,0.01,42,1,7.277091368276736e-07,4.76797428739168e-05,0.9998910474559851,0.203125
G12_1_FIXTURE_08,E0_vs_E1,0.01,43,1,1.2147646954824494e-06,7.242026221781302e-05,0.9999494711677732,0.1875
G12_1_FIXTURE_08,E0_vs_E1,0.01,44,1,3.337025045069425e-07,2.175394905005101e-05,0.9999298316666085,0.203125
G12_1_FIXTURE_08,E0_vs_E1,0.01,45,1,2.122310932098893e-06,0.0001195685612422711,0.9999475173671976,0.21875
G12_1_FIXTURE_08,E0_vs_E1,0.01,46,1,1.6282554735933838e-07,1.0791787145217617e-05,0.9999487848121368,0.15625
G12_1_FIXTURE_08,E0_vs_E1,0.01,47,1,8.797894333871005e-07,5.356044926200327e-05,0.9999329537961833,0.1875
G12_1_FIXTURE_08,E0_vs_E1,0.01,48,1,1.2410321823911875e-06,7.989193873246341e-05,0.9998871505372194,0.234375
G12_1_FIXTURE_08,E0_vs_E1,0.01,49,1,1.7337111922205568e-07,1.1143984305561887e-05,0.9999422622565586,0.15625
G12_1_FIXTURE_08,E0_vs_E1,0.01,50,1,4.6187129728707443e-07,2.8536345950194936e-05,0.9999526808656394,0.15625
G12_1_FIXTURE_08,E0_vs_E1,0.01,51,1,7.10033471328702e-08,2.433784919226656e-06,0.999899267491565,0.25
G12_1_FIXTURE_08,E0_vs_E1,0.01,52,1,2.2414095851819244e-07,1.409329086684381e-05,0.9999331061522382,0.15625
G12_1_FIXTURE_08,E0_vs_E1,0.01,53,1,1.5403750377161135e-07,1.0132875076282314e-05,0.9999436288404239,0.1875
G12_1_FIXTURE_08,E0_vs_E1,0.01,54,1,8.833492882747798e-07,5.601699017068556e-05,0.9999277118485371,0.25
G12_1_FIXTURE_08,E0_vs_E1,0.01,55,1,6.146438993903612e-07,4.003311166672272e-05,0.9998573490247553,0.21875
G12_1_FIXTURE_08,E0_vs_E1,0.01,56,1,1.0001308955343803e-06,6.037136775488387e-05,0.9999428545494784,0.1875
G12_1_FIXTURE_08,E0_vs_E1,0.01,57,1,9.626766859700585e-08,6.65518540235617e-06,0.9998672043892171,0.21875
G12_1_FIXTURE_08,E0_vs_E1,0.01,58,1,5.528439590883832e-07,3.467835598821992e-05,0.9999400647647834,0.1875
G12_1_FIXTURE_08,E0_vs_E1,0.01,59,1,6.864408035062095e-07,4.3836281052331695e-05,0.9999518491477812,0.171875
G12_1_FIXTURE_08,E0_vs_E1,0.01,60,1,3.0809011298412766e-08,2.1389432321704824e-06,0.9999473282970308,0.1875
G12_1_FIXTURE_08,E0_vs_E1,0.01,61,1,5.712849104622782e-07,3.680697743023518e-05,0.999936436473872,0.21875
G12_1_FIXTURE_08,E0_vs_E1,0.01,62,1,9.877834242358209e-07,6.193821003753466e-05,0.9999205394756123,0.25
G12_1_FIXTURE_08,E0_vs_E1,0.01,63,1,4.826037608812365e-07,3.0901312418673676e-05,0.999945591035796,0.171875
G12_1_FIXTURE_08,E0_vs_E1,0.01,64,1,8.383973332748629e-07,0.24994696789579862,0.9999105236034095,0.25
G12_1_FIXTURE_08,E1_vs_E2,0.01,0,1,0.0001304457081195439,0.03672376006064759,0.9999683259139321,0.125732421875
G12_1_FIXTURE_08,E1_vs_E2,0.01,1,1,0.0009918176074645135,0.2409866147317734,0.9999436832881177,0.5
G12_1_FIXTURE_08,E1_vs_E2,0.01,2,1,0.0005106539621059444,0.09187266671152594,0.9998751404776236,0.3612060546875
G12_1_FIXTURE_08,E1_vs_E2,0.01,3,1,4.743639390306983e-05,0.00339525835551939,0.9998620178159201,0.28125
G12_1_FIXTURE_08,E1_vs_E2,0.01,4,1,1.1854542794230924e-05,0.0008055871130570429,0.9999135665254616,0.21875
G12_1_FIXTURE_08,E1_vs_E2,0.01,5,1,2.0626665703943212e-05,0.0010060253448274407,0.9999002220328166,0.28125
G12_1_FIXTURE_08,E1_vs_E2,0.01,6,1,1.6714807460790856e-06,0.00012102161304447523,0.9998381845278104,0.2265625
G12_1_FIXTURE_08,E1_vs_E2,0.01,7,1,2.6127861339299848e-06,0.00017092865216477432,0.9997900231873642,0.265625
G12_1_FIXTURE_08,E1_vs_E2,0.01,8,1,2.0016825624136247e-06,3.45906513500617e-05,0.999878663113711,0.3125
G12_1_FIXTURE_08,E1_vs_E2,0.01,9,1,5.44372523814199e-06,0.0003606778913085116,0.9998782611669077,0.203125
G12_1_FIXTURE_08,E1_vs_E2,0.01,10,1,3.978113239716935e-06,0.00026379454039116316,0.9999218026207328,0.21875
G12_1_FIXTURE_08,E1_vs_E2,0.01,11,1,2.068899169512175e-06,0.00013631181053660795,0.9998709944582347,0.25
G12_1_FIXTURE_08,E1_vs_E2,0.01,12,1,1.3107938411519859e-06,4.6879077682059674e-05,0.9999061184275203,0.25
G12_1_FIXTURE_08,E1_vs_E2,0.01,13,1,1.976645450834554e-07,3.0333620571381184e-06,0.9998454110356172,0.25
G12_1_FIXTURE_08,E1_vs_E2,0.01,14,1,5.796368022399424e-06,0.0003843473451924607,0.9999310012242286,0.25
G12_1_FIXTURE_08,E1_vs_E2,0.01,15,1,4.1901118757746446e-07,4.630493102266309e-06,0.9998909668857827,0.25
G12_1_FIXTURE_08,E1_vs_E2,0.01,16,1,2.6188480615335545e-06,0.0001704034838032418,0.9998754790305648,0.205078125
G12_1_FIXTURE_08,E1_vs_E2,0.01,17,1,2.977056274864044e-06,0.00019035176112472928,0.9997996032100307,0.234375
G12_1_FIXTURE_08,E1_vs_E2,0.01,18,1,4.269897655613384e-07,2.7167023857853443e-05,0.9998736285579972,0.21875
G12_1_FIXTURE_08,E1_vs_E2,0.01,19,1,2.2516595268353963e-06,1.8027868601811457e-05,0.9998864479146766,0.21356201171875
G12_1_FIXTURE_08,E1_vs_E2,0.01,20,1,1.053969924811432e-06,6.969863435125163e-05,0.9999169384847616,0.2109375
G12_1_FIXTURE_08,E1_vs_E2,0.01,21,1,1.3915984084071472e-06,9.27454519238887e-05,0.9998530111602942,0.25
G12_1_FIXTURE_08,E1_vs_E2,0.01,22,1,5.255149694482212e-06,0.0002698962605009077,0.9999419436724024,0.25
G12_1_FIXTURE_08,E1_vs_E2,0.01,23,1,1.5451606323943247e-06,0.00010184593928860668,0.9999408601296482,0.1875
G12_1_FIXTURE_08,E1_vs_E2,0.01,24,1,1.3950272487613633e-06,9.120919944214756e-05,0.9999218983054197,0.1875
G12_1_FIXTURE_08,E1_vs_E2,0.01,25,1,1.7797637342010249e-06,2.5936776282463932e-05,0.9999373678875221,0.203125
G12_1_FIXTURE_08,E1_vs_E2,0.01,26,1,6.508919439468936e-07,2.2979838906781727e-05,0.9997067489071346,0.34375
G12_1_FIXTURE_08,E1_vs_E2,0.01,27,1,4.960075600760139e-07,3.254512999579032e-05,0.9997722565019096,0.265625
G12_1_FIXTURE_08,E1_vs_E2,0.01,28,1,1.277018001233609e-06,8.317646199214107e-05,0.9999421420332206,0.203125
G12_1_FIXTURE_08,E1_vs_E2,0.01,29,1,2.2584091638161448e-06,0.00014729473711304732,0.9998812581197084,0.25
G12_1_FIXTURE_08,E1_vs_E2,0.01,30,1,5.617726585921782e-07,3.403313700608697e-05,0.9998659994320523,0.25
G12_1_FIXTURE_08,E1_vs_E2,0.01,31,1,2.073381600361815e-06,0.0001335701695316658,0.9999247328502806,0.1875
G12_1_FIXTURE_08,E1_vs_E2,0.01,32,1,6.663760386369506e-07,4.5273459683328266e-05,0.9999294844209082,0.21875
G12_1_FIXTURE_08,E1_vs_E2,0.01,33,1,9.650947968338163e-07,5.9081222809183754e-05,0.9998493575567875,0.21875
G12_1_FIXTURE_08,E1_vs_E2,0.01,34,1,2.025609420312281e-07,8.292579629613642e-06,0.999912649039899,0.25
G12_1_FIXTURE_08,E1_vs_E2,0.01,35,1,1.9228927171542443e-06,0.00012386080499522212,0.9999339901508479,0.21875
G12_1_FIXTURE_08,E1_vs_E2,0.01,36,1,4.2886624958762625e-07,2.923351070634769e-05,0.9999249381416007,0.203125
G12_1_FIXTURE_08,E1_vs_E2,0.01,37,1,3.121278495733643e-07,2.2003023945083152e-05,0.9999404835383264,0.1875
G12_1_FIXTURE_08,E1_vs_E2,0.01,38,1,1.0601848143640156e-06,6.883372356565674e-05,0.9999438679111751,0.21875
G12_1_FIXTURE_08,E1_vs_E2,0.01,39,1,1.3745853771561473e-06,3.678252203416152e-05,0.9999232750241441,0.25
G12_1_FIXTURE_08,E1_vs_E2,0.01,40,1,2.5727419325842037e-07,1.7822857940608334e-05,0.9999047815529422,0.21875
G12_1_FIXTURE_08,E1_vs_E2,0.01,41,1,6.232553286868431e-07,4.1422398861114436e-05,0.9999129968197483,0.19140625
G12_1_FIXTURE_08,E1_vs_E2,0.01,42,1,6.216098652315423e-08,3.2280930317210837e-06,0.9999525236088258,0.1875
G12_1_FIXTURE_08,E1_vs_E2,0.01,43,1,1.2297748936105006e-06,7.304614997209627e-05,0.9999279898221276,0.25
G12_1_FIXTURE_08,E1_vs_E2,0.01,44,1,2.2197424733423552e-07,1.3673800458717717e-05,0.999853952586814,0.25
G12_1_FIXTURE_08,E1_vs_E2,0.01,45,1,1.9206080519219913e-07,1.1580972702069248e-05,0.999941083596639,0.1875
G12_1_FIXTURE_08,E1_vs_E2,0.01,46,1,1.0722083419115028e-07,7.508237446997323e-06,0.999935405502897,0.25
G12_1_FIXTURE_08,E1_vs_E2,0.01,47,1,8.525367563133851e-07,5.504257480202731e-05,0.999935276356418,0.1875
G12_1_FIXTURE_08,E1_vs_E2,0.01,48,1,1.238205093328028e-06,8.009593042223315e-05,0.9999371164145978,0.1875
G12_1_FIXTURE_08,E1_vs_E2,0.01,49,1,3.3013549556131987e-07,2.147157562404345e-05,0.9999392293323354,0.1875
G12_1_FIXTURE_08,E1_vs_E2,0.01,50,1,3.179578607287065e-07,1.8962914888575894e-05,0.9999197681214308,0.1875
G12_1_FIXTURE_08,E1_vs_E2,0.01,51,1,8.668991961053228e-07,5.368913798088539e-05,0.9999177112898697,0.25
G12_1_FIXTURE_08,E1_vs_E2,0.01,52,1,9.785734645324522e-07,6.276777725527634e-05,0.9999443862184688,0.203125
G12_1_FIXTURE_08,E1_vs_E2,0.01,53,1,5.861920739650496e-07,3.7886659323171576e-05,0.9999529767517027,0.15625
G12_1_FIXTURE_08,E1_vs_E2,0.01,54,1,9.89498364833837e-07,6.403587198496768e-05,0.9997537982670478,0.234375
G12_1_FIXTURE_08,E1_vs_E2,0.01,55,1,8.045350113694509e-07,5.189187156873882e-05,0.999861763237449,0.25
G12_1_FIXTURE_08,E1_vs_E2,0.01,56,1,1.6648466511133123e-06,8.636336079002741e-05,0.9998850841055279,0.25
G12_1_FIXTURE_08,E1_vs_E2,0.01,57,1,1.1857562429036292e-06,7.415775745886488e-05,0.9996652225260192,0.3125
G12_1_FIXTURE_08,E1_vs_E2,0.01,58,1,5.559832198479163e-07,3.5908557543070816e-05,0.9999007234327302,0.21875
G12_1_FIXTURE_08,E1_vs_E2,0.01,59,1,3.1443853065208335e-07,1.994906800829551e-05,0.9999182140541243,0.193359375
G12_1_FIXTURE_08,E1_vs_E2,0.01,60,1,2.0092475825839315e-07,1.289516927587193e-05,0.9999253750033323,0.1875
G12_1_FIXTURE_08,E1_vs_E2,0.01,61,1,9.259133768453399e-07,5.941068599078791e-05,0.9998534701357875,0.234375
G12_1_FIXTURE_08,E1_vs_E2,0.01,62,1,4.3287197880370585e-07,2.809047268230024e-05,0.9997780673065213,0.3125
G12_1_FIXTURE_08,E1_vs_E2,0.01,63,1,4.677472311757353e-07,2.9833992071636806e-05,0.99969857198245,0.28125
G12_1_FIXTURE_08,E1_vs_E2,0.01,64,1,1.3601361078541418e-06,0.30462376136071256,0.9999236253958607,0.25
G12_1_FIXTURE_08,E0_vs_E1,0.1,0,1,2.0785902263229047e-05,0.0013713718347894144,0.9999957467775836,0.0625
G12_1_FIXTURE_08,E0_vs_E1,0.1,1,1,0.0016471645789195126,0.025588513897813137,0.9999136486796876,0.5
G12_1_FIXTURE_08,E0_vs_E1,0.1,2,1,0.0004338162686824457,0.11774314175452716,0.999916168734994,0.296875
G12_1_FIXTURE_08,E0_vs_E1,0.1,3,1,2.1044544168797138e-05,0.0002948137203292872,0.9999203045498002,0.198486328125
G12_1_FIXTURE_08,E0_vs_E1,0.1,4,1,6.792623643429119e-06,0.0003824694009164579,0.9999319633778114,0.1875
G12_1_FIXTURE_08,E0_vs_E1,0.1,5,1,7.3831876618704025e-06,0.000478465665144763,0.9998981090323898,0.21875
G12_1_FIXTURE_08,E0_vs_E1,0.1,6,1,3.800826926861743e-06,0.0001613372535040885,0.9998959693369341,0.2109375
G12_1_FIXTURE_08,E0_vs_E1,0.1,7,1,6.007812218459511e-06,0.00010639636977594503,0.9999128100927005,0.25
G12_1_FIXTURE_08,E0_vs_E1,0.1,8,1,4.416480829928011e-06,0.0002804662867891593,0.9999152920404418,0.203125
G12_1_FIXTURE_08,E0_vs_E1,0.1,9,1,7.819302834015894e-06,0.0005124796085374242,0.9999344229533291,0.1875
G12_1_FIXTURE_08,E0_vs_E1,0.1,10,1,2.857385846021111e-06,0.00018585366511932825,0.9999384900360406,0.1875
G12_1_FIXTURE_08,E0_vs_E1,0.1,11,1,1.5002783880081394e-06,0.00010065459277755701,0.9999354618520404,0.1875
G12_1_FIXTURE_08,E0_vs_E1,0.1,12,1,2.3064011268438885e-06,0.00015748597464472448,0.9999168664235072,0.21875
G12_1_FIXTURE_08,E0_vs_E1,0.1,13,1,5.8851747002732724e-06,0.00038030618170967895,0.999943849814537,0.15625
G12_1_FIXTURE_08,E0_vs_E1,0.1,14,1,1.916159989931781e-06,0.00012520890707322504,0.9999325350319053,0.21875
G12_1_FIXTURE_08,E0_vs_E1,0.1,15,1,1.2337955378925366e-06,8.573168956156228e-05,0.9999378940261155,0.1875
G12_1_FIXTURE_08,E0_vs_E1,0.1,16,1,1.1144853101463895e-06,7.568819955442981e-05,0.9999309653228291,0.1875
G12_1_FIXTURE_08,E0_vs_E1,0.1,17,1,1.5534936718463664e-06,7.92867110529327e-05,0.999928661868582,0.1875
G12_1_FIXTURE_08,E0_vs_E1,0.1,18,1,2.298082491060358e-06,0.00015304751917377332,0.9999001724142077,0.1875
G12_1_FIXTURE_08,E0_vs_E1,0.1,19,1,3.8145590600562366e-07,2.6535586896122036e-05,0.9999103128288943,0.25
G12_1_FIXTURE_08,E0_vs_E1,0.1,20,1,1.4658633759412463e-06,9.823287896055122e-05,0.9999339197319174,0.1875
G12_1_FIXTURE_08,E0_vs_E1,0.1,21,1,1.2575400925450636e-06,7.46988689395503e-05,0.9999460296145823,0.15625
G12_1_FIXTURE_08,E0_vs_E1,0.1,22,1,3.463734187764824e-07,2.621679122073034e-05,0.9999370218700389,0.1875
G12_1_FIXTURE_08,E0_vs_E1,0.1,23,1,1.6939561454939556e-06,0.00011278277649394777,0.9999438648343589,0.1875
G12_1_FIXTURE_08,E0_vs_E1,0.1,24,1,8.219918688389151e-07,5.366415710329796e-05,0.9998816447061966,0.22246646881103516
G12_1_FIXTURE_08,E0_vs_E1,0.1,25,1,1.4122378978537257e-06,9.433717836148303e-05,0.999946414849878,0.1875
G12_1_FIXTURE_08,E0_vs_E1,0.1,26,1,1.1066279842444471e-06,6.370841841252229e-05,0.9999164551154264,0.3125
G12_1_FIXTURE_08,E0_vs_E1,0.1,27,1,2.9803364111604595e-07,1.846769987969791e-05,0.9999200788430307,0.1953125
G12_1_FIXTURE_08,E0_vs_E1,0.1,28,1,1.1971068860574943e-07,7.5382118198566526e-06,0.9999481556252184,0.1875
G12_1_FIXTURE_08,E0_vs_E1,0.1,29,1,1.4312345415527498e-06,9.365882877681534e-05,0.999922607276103,0.1875
G12_1_FIXTURE_08,E0_vs_E1,0.1,30,1,6.574649745737308e-07,3.633694346478122e-05,0.999903907141692,0.203125
G12_1_FIXTURE_08,E0_vs_E1,0.1,31,1,3.770857613491772e-08,6.413871478125159e-07,0.9999344876226333,0.201171875
G12_1_FIXTURE_08,E0_vs_E1,0.1,32,1,1.1682508681714932e-06,7.774898417588086e-05,0.9999457312887015,0.1875
G12_1_FIXTURE_08,E0_vs_E1,0.1,33,1,1.5019395824645948e-06,9.860828616936189e-05,0.999943296606681,0.1875
G12_1_FIXTURE_08,E0_vs_E1,0.1,34,1,7.720706195576856e-07,4.823098302304493e-05,0.9999451342630553,0.15625
G12_1_FIXTURE_08,E0_vs_E1,0.1,35,1,2.2536784864370608e-06,0.00012686875403253848,0.9999542401904895,0.15625
G12_1_FIXTURE_08,E0_vs_E1,0.1,36,1,9.62391397053272e-07,6.279609703358944e-05,0.9999546162133426,0.1875
G12_1_FIXTURE_08,E0_vs_E1,0.1,37,1,1.1292472349013258e-06,6.988965453094968e-05,0.9999095367362967,0.2109375
G12_1_FIXTURE_08,E0_vs_E1,0.1,38,1,1.1972669259988286e-06,7.86895496124782e-05,0.9999056308249373,0.203125
G12_1_FIXTURE_08,E0_vs_E1,0.1,39,1,8.318471552745207e-07,5.268084841322492e-05,0.9999238729967888,0.1875
G12_1_FIXTURE_08,E0_vs_E1,0.1,40,1,1.8631511626146138e-06,0.00012112288142026673,0.999920876190116,0.21875
G12_1_FIXTURE_08,E0_vs_E1,0.1,41,1,1.291084653325017e-06,8.09947084326136e-05,0.999951363702953,0.1875
G12_1_FIXTURE_08,E0_vs_E1,0.1,42,1,5.255762757966182e-07,3.513429932232889e-05,0.9999274796807294,0.1875
G12_1_FIXTURE_08,E0_vs_E1,0.1,43,1,6.334799380185731e-07,4.121361915454145e-05,0.9999093037975193,0.21875
G12_1_FIXTURE_08,E0_vs_E1,0.1,44,1,6.099477721135703e-07,5.39095225177838e-06,0.9999293783472097,0.1953125
G12_1_FIXTURE_08,E0_vs_E1,0.1,45,1,1.6278383571417747e-06,0.00010378542426645542,0.9999320165233377,0.1875
G12_1_FIXTURE_08,E0_vs_E1,0.1,46,1,2.1798308886370007e-07,1.3874363238482027e-05,0.999947574116899,0.171875
G12_1_FIXTURE_08,E0_vs_E1,0.1,47,1,2.807314669086399e-07,1.9014540069843262e-05,0.9997940485899772,0.2421875
G12_1_FIXTURE_08,E0_vs_E1,0.1,48,1,1.9820646818928648e-07,1.0215414839784753e-05,0.9999460490946189,0.171875
G12_1_FIXTURE_08,E0_vs_E1,0.1,49,1,1.0785259797477293e-07,7.567068920268029e-06,0.9999396023618949,0.1875
G12_1_FIXTURE_08,E0_vs_E1,0.1,50,1,5.004372337080541e-07,2.8473238374468923e-05,0.9999476463325728,0.1875
G12_1_FIXTURE_08,E0_vs_E1,0.1,51,1,1.4369390884548102e-06,8.70184579399221e-05,0.9999271554816715,0.203125
G12_1_FIXTURE_08,E0_vs_E1,0.1,52,1,5.402172672684429e-07,3.4440822224048886e-05,0.9999479626820423,0.1875
G12_1_FIXTURE_08,E0_vs_E1,0.1,53,1,8.718174451756814e-08,3.841560035576378e-06,0.9999530516104647,0.15625
G12_1_FIXTURE_08,E0_vs_E1,0.1,54,1,1.0576916307597161e-06,6.797565602539163e-05,0.999909770673085,0.1875
G12_1_FIXTURE_08,E0_vs_E1,0.1,55,1,3.247502031374152e-08,2.254337233739234e-06,0.9998244101875756,0.25
G12_1_FIXTURE_08,E0_vs_E1,0.1,56,1,1.16579636836189e-06,7.481106661130972e-05,0.9999366522312959,0.1875
G12_1_FIXTURE_08,E0_vs_E1,0.1,57,1,2.445769438245623e-08,1.6975925805960777e-06,0.999899690451503,0.203125
G12_1_FIXTURE_08,E0_vs_E1,0.1,58,1,1.0498133773830618e-08,6.632065914430937e-07,0.999951102061238,0.15625
G12_1_FIXTURE_08,E0_vs_E1,0.1,59,1,4.0355868899753027e-07,2.6028009038140667e-05,0.9999522761230202,0.1875
G12_1_FIXTURE_08,E0_vs_E1,0.1,60,1,3.3053143846058535e-07,2.1527515795287313e-05,0.9999374268713307,0.1875
G12_1_FIXTURE_08,E0_vs_E1,0.1,61,1,4.2619272719818943e-07,2.746828084380221e-05,0.9999209840114462,0.21875
G12_1_FIXTURE_08,E0_vs_E1,0.1,62,1,5.423916751756929e-07,3.492372846945497e-05,0.9999211738070484,0.25
G12_1_FIXTURE_08,E0_vs_E1,0.1,63,1,7.355360506992258e-07,4.722198470623909e-05,0.9999389238964973,0.1875
G12_1_FIXTURE_08,E0_vs_E1,0.1,64,1,4.466488022921712e-07,0.1796603375454353,0.9998781211347556,0.25
G12_1_FIXTURE_08,E1_vs_E2,0.1,0,1,0.0001735646575050353,0.03933158487467914,0.9999610890209554,0.140625
G12_1_FIXTURE_08,E1_vs_E2,0.1,1,1,0.0010736985347098338,0.3091848266290693,0.999915795031111,0.4375
G12_1_FIXTURE_08,E1_vs_E2,0.1,2,1,0.00037953258274110453,0.11382347642143475,0.9999285757672625,0.3203125
G12_1_FIXTURE_08,E1_vs_E2,0.1,3,1,5.542231051381937e-05,0.003962062705004869,0.999849766976608,0.28125
G12_1_FIXTURE_08,E1_vs_E2,0.1,4,1,2.3411196787849264e-05,0.0015180554593948892,0.9999040899290914,0.25
G12_1_FIXTURE_08,E1_vs_E2,0.1,5,1,8.211406815823514e-06,7.227775880155884e-05,0.9998199651557901,0.3125
G12_1_FIXTURE_08,E1_vs_E2,0.1,6,1,3.527372421283181e-06,0.00021109068997405504,0.9997965063838109,0.3125
G12_1_FIXTURE_08,E1_vs_E2,0.1,7,1,3.4274336139653925e-06,0.00021018104653120016,0.9998845937526197,0.25
G12_1_FIXTURE_08,E1_vs_E2,0.1,8,1,4.61527547486139e-06,0.0003055070337658391,0.9997975217843692,0.28125
G12_1_FIXTURE_08,E1_vs_E2,0.1,9,1,2.611198142290904e-05,0.0009455560016652931,0.9998730339651954,0.25
G12_1_FIXTURE_08,E1_vs_E2,0.1,10,1,1.3913263592475074e-06,5.5630026703961614e-05,0.9999044473913927,0.21875
G12_1_FIXTURE_08,E1_vs_E2,0.1,11,1,1.2611083028113084e-06,8.673469380619499e-05,0.9999349965464887,0.21875
G12_1_FIXTURE_08,E1_vs_E2,0.1,12,1,2.7350879155342548e-06,0.00017395492193009003,0.9998935443430288,0.21875
G12_1_FIXTURE_08,E1_vs_E2,0.1,13,1,4.041172432942705e-06,0.00026665040131671055,0.9997816135497691,0.25
G12_1_FIXTURE_08,E1_vs_E2,0.1,14,1,3.0858320252402513e-06,0.0001992706671612673,0.9999247174929163,0.1953125
G12_1_FIXTURE_08,E1_vs_E2,0.1,15,1,3.6325340567312065e-06,0.00023955325365614165,0.999929078467134,0.1875
G12_1_FIXTURE_08,E1_vs_E2,0.1,16,1,1.5667861171473214e-06,0.00010539605420260617,0.9999162923206345,0.203125
G12_1_FIXTURE_08,E1_vs_E2,0.1,17,1,1.9933036487015395e-06,0.00012335641208819498,0.9999060307437673,0.1953125
G12_1_FIXTURE_08,E1_vs_E2,0.1,18,1,1.998390065211152e-06,0.00013087574614310468,0.999879207200008,0.23828125
G12_1_FIXTURE_08,E1_vs_E2,0.1,19,1,2.826114447805443e-06,0.00018488606764578046,0.999917961248407,0.21875
G12_1_FIXTURE_08,E1_vs_E2,0.1,20,1,2.0282056075960207e-06,0.00013091166956120557,0.9998926754292046,0.21875
G12_1_FIXTURE_08,E1_vs_E2,0.1,21,1,3.0772562311567534e-07,2.3120794908672478e-05,0.9998422555537111,0.21875
G12_1_FIXTURE_08,E1_vs_E2,0.1,22,1,2.352710405217319e-06,0.00014808959979633013,0.9998773034554326,0.25
G12_1_FIXTURE_08,E1_vs_E2,0.1,23,1,1.1417429645505795e-06,7.383342009239309e-05,0.9999181586029353,0.1953887939453125
G12_1_FIXTURE_08,E1_vs_E2,0.1,24,1,2.0011749491841097e-07,1.5157138497390874e-05,0.9999039489332432,0.25
G12_1_FIXTURE_08,E1_vs_E2,0.1,25,1,2.086351611428276e-06,0.00013792871232011484,0.9999405451407408,0.21875
G12_1_FIXTURE_08,E1_vs_E2,0.1,26,1,3.8692092444875095e-07,2.787212700695158e-05,0.9999197461044805,0.25
G12_1_FIXTURE_08,E1_vs_E2,0.1,27,1,1.4676686945206454e-06,9.234047552404614e-05,0.9999199229146938,0.1875
G12_1_FIXTURE_08,E1_vs_E2,0.1,28,1,2.3960400519736405e-07,1.8992587380041318e-05,0.9999603686268078,0.1875
G12_1_FIXTURE_08,E1_vs_E2,0.1,29,1,3.7830824102957413e-06,0.0002021050827352923,0.9999083774140666,0.21875
G12_1_FIXTURE_08,E1_vs_E2,0.1,30,1,7.326631885934077e-07,3.93953618437054e-05,0.9997858896825689,0.296875
G12_1_FIXTURE_08,E1_vs_E2,0.1,31,1,9.455614204518083e-07,5.815644089985912e-05,0.9999394671713887,0.1875
G12_1_FIXTURE_08,E1_vs_E2,0.1,32,1,9.009221589555428e-07,5.933455299807905e-05,0.9999326720873163,0.1875
G12_1_FIXTURE_08,E1_vs_E2,0.1,33,1,1.6296647322184653e-06,2.719596344224226e-05,0.9999010470061971,0.1875
G12_1_FIXTURE_08,E1_vs_E2,0.1,34,1,1.994089117368846e-06,0.00012726179679374084,0.9998996231400573,0.21875
G12_1_FIXTURE_08,E1_vs_E2,0.1,35,1,1.8013266927155758e-06,0.00011474531537961899,0.9999434203022565,0.1640625
G12_1_FIXTURE_08,E1_vs_E2,0.1,36,1,5.761906197165955e-07,3.777271725713925e-05,0.9999252038881402,0.171875
G12_1_FIXTURE_08,E1_vs_E2,0.1,37,1,1.1861309785870492e-06,7.346443853475915e-05,0.9999424192490074,0.1640625
G12_1_FIXTURE_08,E1_vs_E2,0.1,38,1,5.267087155613292e-07,3.0712708272001826e-05,0.9998858469846432,0.203125
G12_1_FIXTURE_08,E1_vs_E2,0.1,39,1,1.2748413033688573e-07,3.4959795751176963e-06,0.9998009133442943,0.234375
G12_1_FIXTURE_08,E1_vs_E2,0.1,40,1,3.7469237220043855e-07,1.6966036603908476e-05,0.9998969723074338,0.21875
G12_1_FIXTURE_08,E1_vs_E2,0.1,41,1,1.0957579704001705e-06,6.992476213266141e-05,0.9999132599550143,0.189453125
G12_1_FIXTURE_08,E1_vs_E2,0.1,42,1,1.9393123832768976e-07,1.1593403475735958e-05,0.9999202643062722,0.1875
G12_1_FIXTURE_08,E1_vs_E2,0.1,43,1,9.650877205862203e-07,6.221689573234369e-05,0.9998591873539108,0.25
G12_1_FIXTURE_08,E1_vs_E2,0.1,44,1,7.767741435445668e-07,2.1497164440949994e-05,0.9998821510808841,0.1953125
G12_1_FIXTURE_08,E1_vs_E2,0.1,45,1,1.6175427974306581e-06,0.00010384054725536712,0.9999345718125996,0.1875
G12_1_FIXTURE_08,E1_vs_E2,0.1,46,1,2.5902723190840024e-07,1.2815507470512015e-05,0.9999169335158423,0.25
G12_1_FIXTURE_08,E1_vs_E2,0.1,47,1,1.0542219718212384e-06,6.668168101851932e-05,0.9997877672213007,0.28125
G12_1_FIXTURE_08,E1_vs_E2,0.1,48,1,1.2974846806854108e-06,8.378151048100307e-05,0.9999362504087801,0.1875
G12_1_FIXTURE_08,E1_vs_E2,0.1,49,1,1.0483748788375713e-06,6.766067043511247e-05,0.9999407640306072,0.1875
G12_1_FIXTURE_08,E1_vs_E2,0.1,50,1,5.323504319693615e-07,3.452140820617148e-05,0.9999066329412151,0.21875
G12_1_FIXTURE_08,E1_vs_E2,0.1,51,1,1.3920069365777969e-06,8.57869352247013e-05,0.9999371139886815,0.171875
G12_1_FIXTURE_08,E1_vs_E2,0.1,52,1,5.639494873605373e-07,3.56066316662977e-05,0.9999175925320625,0.1875
G12_1_FIXTURE_08,E1_vs_E2,0.1,53,1,7.228023788760489e-07,4.583404266675882e-05,0.9999548232700746,0.15625
G12_1_FIXTURE_08,E1_vs_E2,0.1,54,1,4.9978901204676696e-08,9.808861544202772e-07,0.9997566660468947,0.2421875
G12_1_FIXTURE_08,E1_vs_E2,0.1,55,1,8.675042878350472e-07,5.623539986402684e-05,0.9997827890138783,0.2265625
G12_1_FIXTURE_08,E1_vs_E2,0.1,56,1,2.4531887658047033e-07,9.939339579530986e-06,0.9998062074410001,0.265625
G12_1_FIXTURE_08,E1_vs_E2,0.1,57,1,7.850021011023224e-07,5.001437707493977e-05,0.9997676763159598,0.28125
G12_1_FIXTURE_08,E1_vs_E2,0.1,58,1,7.740239370683035e-07,4.9098201060727986e-05,0.9998904012500124,0.21875
G12_1_FIXTURE_08,E1_vs_E2,0.1,59,1,5.242370778801576e-07,1.9827764360113437e-05,0.9999064568075451,0.25
G12_1_FIXTURE_08,E1_vs_E2,0.1,60,1,8.369945367509797e-07,5.3937636274914154e-05,0.9999279630734077,0.1875
G12_1_FIXTURE_08,E1_vs_E2,0.1,61,1,4.900969875316283e-08,2.7623040611894872e-06,0.9998630160466494,0.3125
G12_1_FIXTURE_08,E1_vs_E2,0.1,62,1,1.4522497387743538e-07,9.283416928457862e-06,0.9999089875555273,0.25
G12_1_FIXTURE_08,E1_vs_E2,0.1,63,1,6.376401354030429e-07,4.074251944181668e-05,0.999788324069483,0.25
G12_1_FIXTURE_08,E1_vs_E2,0.1,64,1,2.1358554590850095e-07,0.2109236428886021,0.9998402117024865,0.28125
G12_1_FIXTURE_08,E0_vs_E1,97.8516893058,0,1,3.586911593029948e-05,0.002255940393864009,0.9999953080405575,0.0625
G12_1_FIXTURE_08,E0_vs_E1,97.8516893058,1,1,0.0007865225466151592,0.06060408146926122,0.999942946880674,0.3125
G12_1_FIXTURE_08,E0_vs_E1,97.8516893058,2,1,0.0005262255017063323,0.026564764394119145,0.9999266879656125,0.328125
G12_1_FIXTURE_08,E0_vs_E1,97.8516893058,3,1,0.0001219039757555847,0.007658704255155024,0.9998433159947028,0.25
G12_1_FIXTURE_08,E0_vs_E1,97.8516893058,4,1,2.109026477428433e-05,0.0015095225312692188,0.999921414361786,0.1953125
G12_1_FIXTURE_08,E0_vs_E1,97.8516893058,5,1,9.364143363140946e-06,0.0005989789721924897,0.9999167165467583,0.19140625
G12_1_FIXTURE_08,E0_vs_E1,97.8516893058,6,1,2.5188457921806302e-06,0.00017808203849731946,0.999897917430796,0.234375
G12_1_FIXTURE_08,E0_vs_E1,97.8516893058,7,1,9.235015818045113e-06,0.0005707559183873567,0.9999273969247594,0.171875
G12_1_FIXTURE_08,E0_vs_E1,97.8516893058,8,1,3.848292286756206e-06,0.000243827996034493,0.9999081228335022,0.1875
G12_1_FIXTURE_08,E0_vs_E1,97.8516893058,9,1,5.727837117641993e-06,0.00036677106094922755,0.9999379370668396,0.1875
G12_1_FIXTURE_08,E0_vs_E1,97.8516893058,10,1,1.1061006690893671e-06,5.2352470771901364e-05,0.9998967721959229,0.25
G12_1_FIXTURE_08,E0_vs_E1,97.8516893058,11,1,2.555812305609809e-06,0.00017385742678435604,0.9999435523602875,0.16351318359375
G12_1_FIXTURE_08,E0_vs_E1,97.8516893058,12,1,2.2286278290990827e-06,0.00015277424081720347,0.9999504578630036,0.1875
G12_1_FIXTURE_08,E0_vs_E1,97.8516893058,13,1,2.227516659791082e-06,0.00015290251395779376,0.9999369247387561,0.1875
G12_1_FIXTURE_08,E0_vs_E1,97.8516893058,14,1,1.072739844369347e-06,7.930066598487058e-05,0.9999595619977427,0.15625
G12_1_FIXTURE_08,E0_vs_E1,97.8516893058,15,1,1.6790181007289302e-07,1.582841806314645e-05,0.9999475892360273,0.15625
G12_1_FIXTURE_08,E0_vs_E1,97.8516893058,16,1,1.2067989918262098e-05,0.0004616371976178752,0.9999107423149696,0.25
G12_1_FIXTURE_08,E0_vs_E1,97.8516893058,17,1,9.385234045960501e-07,6.651143831314446e-05,0.9999225365967612,0.203125
G12_1_FIXTURE_08,E0_vs_E1,97.8516893058,18,1,1.4560565129046053e-06,9.050489026357872e-05,0.999957669664939,0.15625
G12_1_FIXTURE_08,E0_vs_E1,97.8516893058,19,1,1.0678205324720749e-06,7.308750636986542e-05,0.999936781800085,0.203125
G12_1_FIXTURE_08,E0_vs_E1,97.8516893058,20,1,6.172281286233093e-07,3.0407002190990318e-05,0.9998448516509125,0.21875
G12_1_FIXTURE_08,E0_vs_E1,97.8516893058,21,1,1.2420990415112375e-06,7.166791534227255e-05,0.9999464586252668,0.171875
G12_1_FIXTURE_08,E0_vs_E1,97.8516893058,22,1,1.2234409234315755e-06,1.4218970988818733e-05,0.9999142796732187,0.25
G12_1_FIXTURE_08,E0_vs_E1,97.8516893058,23,1,2.0535821089651043e-06,0.000135007793775612,0.9999460255097736,0.1875
G12_1_FIXTURE_08,E0_vs_E1,97.8516893058,24,1,2.4047855074388125e-06,0.0001543761695240824,0.9999128647717012,0.1875
G12_1_FIXTURE_08,E0_vs_E1,97.8516893058,25,1,2.15180382141196e-06,0.00014043034645295116,0.9999060144790242,0.21875
G12_1_FIXTURE_08,E0_vs_E1,97.8516893058,26,1,2.329951645490372e-06,0.00010822103190985554,0.9997876063877357,0.25
G12_1_FIXTURE_08,E0_vs_E1,97.8516893058,27,1,1.3613725539096169e-06,1.511506975566501e-05,0.99995193511941,0.25
G12_1_FIXTURE_08,E0_vs_E1,97.8516893058,28,1,1.3014415281736771e-06,8.711655815581316e-05,0.9999461909967131,0.1875
G12_1_FIXTURE_08,E0_vs_E1,97.8516893058,29,1,1.8076318619057185e-06,0.00012015079786498292,0.999962252339448,0.15625
G12_1_FIXTURE_08,E0_vs_E1,97.8516893058,30,1,1.5169780999662049e-06,9.21775468034347e-05,0.9999506095629559,0.1640625
G12_1_FIXTURE_08,E0_vs_E1,97.8516893058,31,1,1.5222888132621065e-07,1.0435926811852353e-05,0.9999506640363723,0.1875
G12_1_FIXTURE_08,E0_vs_E1,97.8516893058,32,1,1.5412243342961085e-06,9.906204440730294e-05,0.9999508440674042,0.1875
G12_1_FIXTURE_08,E0_vs_E1,97.8516893058,33,1,2.1457849901581036e-06,0.00011499768497835478,0.999902965985039,0.1953125
G12_1_FIXTURE_08,E0_vs_E1,97.8516893058,34,1,1.6979806639688892e-06,0.00010823796663759545,0.9999122483060052,0.1875
G12_1_FIXTURE_08,E0_vs_E1,97.8516893058,35,1,4.062833982964399e-07,2.7899575958213697e-05,0.9999562924397369,0.1875
G12_1_FIXTURE_08,E0_vs_E1,97.8516893058,36,1,1.231318393005538e-06,7.795732318050712e-05,0.9999475232269163,0.1875
G12_1_FIXTURE_08,E0_vs_E1,97.8516893058,37,1,7.529630616533792e-07,4.850220460319416e-05,0.9999400281737242,0.21875
G12_1_FIXTURE_08,E0_vs_E1,97.8516893058,38,1,8.121946339569676e-07,5.399679434667313e-05,0.9999414983134577,0.1875
G12_1_FIXTURE_08,E0_vs_E1,97.8516893058,39,1,4.0291353236303615e-07,2.0750670659629112e-05,0.9999395491148912,0.1875
G12_1_FIXTURE_08,E0_vs_E1,97.8516893058,40,1,1.3838359770107503e-06,8.731435545067693e-05,0.9999469425220436,0.1875
G12_1_FIXTURE_08,E0_vs_E1,97.8516893058,41,1,1.1279868847241635e-06,7.32315911449212e-05,0.999939359036348,0.25
G12_1_FIXTURE_08,E0_vs_E1,97.8516893058,42,1,1.371708492744839e-06,8.633830279121272e-05,0.9999560453553117,0.15625
G12_1_FIXTURE_08,E0_vs_E1,97.8516893058,43,1,1.0966436341434038e-06,7.132570494036391e-05,0.999939434247361,0.1875
G12_1_FIXTURE_08,E0_vs_E1,97.8516893058,44,1,1.5396213379471637e-07,6.959576078103256e-06,0.9999454393157734,0.1875
G12_1_FIXTURE_08,E0_vs_E1,97.8516893058,45,1,9.014482676615546e-08,2.007358546864341e-07,0.9999458162760653,0.1875
G12_1_FIXTURE_08,E0_vs_E1,97.8516893058,46,1,5.619237639210133e-07,2.6932681119755126e-05,0.9999260045654422,0.1953125
G12_1_FIXTURE_08,E0_vs_E1,97.8516893058,47,1,2.7800608915548464e-07,1.744892152332053e-05,0.9999533425515172,0.1875
G12_1_FIXTURE_08,E0_vs_E1,97.8516893058,48,1,7.42908331302511e-07,4.584829633661868e-05,0.999828383823281,0.25
G12_1_FIXTURE_08,E0_vs_E1,97.8516893058,49,1,4.355453097291853e-07,1.6627943468828198e-05,0.9999570867223911,0.25
G12_1_FIXTURE_08,E0_vs_E1,97.8516893058,50,1,1.6005184512685507e-07,9.511325281156093e-06,0.9998841455965078,0.20361328125
G12_1_FIXTURE_08,E0_vs_E1,97.8516893058,51,1,6.440545672850092e-08,4.712914932282638e-06,0.9999406038468656,0.1875
G12_1_FIXTURE_08,E0_vs_E1,97.8516893058,52,1,1.8257674924648675e-06,7.857966663847284e-05,0.999948250339078,0.25
G12_1_FIXTURE_08,E0_vs_E1,97.8516893058,53,1,5.208176767711935e-08,1.0866115936027706e-06,0.9999599282646907,0.1875
G12_1_FIXTURE_08,E0_vs_E1,97.8516893058,54,1,6.043923835042306e-07,3.879494899307654e-05,0.9999323152869675,0.1875
G12_1_FIXTURE_08,E0_vs_E1,97.8516893058,55,1,2.859945429674423e-07,1.3974086549509081e-05,0.9999574695214993,0.140625
G12_1_FIXTURE_08,E0_vs_E1,97.8516893058,56,1,2.2029274818442455e-08,1.5455147677191595e-06,0.9999485311254467,0.1875
G12_1_FIXTURE_08,E0_vs_E1,97.8516893058,57,1,8.539977518115802e-08,1.4182899317821338e-06,0.9999517877414095,0.1875
G12_1_FIXTURE_08,E0_vs_E1,97.8516893058,58,1,7.508082048779443e-07,4.786784653764564e-05,0.9999542800428675,0.1875
G12_1_FIXTURE_08,E0_vs_E1,97.8516893058,59,1,2.7155998984963513e-07,1.3785368715428297e-05,0.9999169737761089,0.1875
G12_1_FIXTURE_08,E0_vs_E1,97.8516893058,60,1,2.836686449181728e-07,1.7628389530912898e-05,0.9999310643932718,0.1875
G12_1_FIXTURE_08,E0_vs_E1,97.8516893058,61,1,2.2830963995159416e-07,9.970145087141724e-06,0.9999350927960043,0.171875
G12_1_FIXTURE_08,E0_vs_E1,97.8516893058,62,1,6.640959888569466e-07,4.191930387033028e-05,0.9998554344424038,0.234375
G12_1_FIXTURE_08,E0_vs_E1,97.8516893058,63,1,9.882396993982363e-08,6.574513227623074e-06,0.999928676213526,0.1875
G12_1_FIXTURE_08,E0_vs_E1,97.8516893058,64,1,9.439777118127507e-08,0.031243888257069585,0.9999384893209249,0.1640625
G12_1_FIXTURE_08,E1_vs_E2,97.8516893058,0,1,0.0001306468107761085,0.027703371973444746,0.9999616268456579,0.1875
G12_1_FIXTURE_08,E1_vs_E2,97.8516893058,1,1,0.0004830102332346513,0.009173954537359919,0.9999581148447266,0.4375
G12_1_FIXTURE_08,E1_vs_E2,97.8516893058,2,1,0.0003854680602636346,0.043718834689956854,0.9999584927557885,0.28125
G12_1_FIXTURE_08,E1_vs_E2,97.8516893058,3,1,0.00011926970707683382,0.007811988444676329,0.9999160202603279,0.21875
G12_1_FIXTURE_08,E1_vs_E2,97.8516893058,4,1,1.3293916868635776e-05,0.0004968020489292853,0.9999166111106754,0.25
G12_1_FIXTURE_08,E1_vs_E2,97.8516893058,5,1,8.953348267357428e-06,0.0005995439421692828,0.9998598393116446,0.25
G12_1_FIXTURE_08,E1_vs_E2,97.8516893058,6,1,1.551327245516358e-06,0.00011103217114150164,0.9999094087950914,0.1875
G12_1_FIXTURE_08,E1_vs_E2,97.8516893058,7,1,2.30089347614149e-06,0.00014349547524157655,0.9998605532482071,0.25
G12_1_FIXTURE_08,E1_vs_E2,97.8516893058,8,1,5.559787317960627e-06,0.0003694568770194369,0.9998683675427706,0.25
G12_1_FIXTURE_08,E1_vs_E2,97.8516893058,9,1,6.218120838642889e-06,0.0003961109121500229,0.9999304923463005,0.1875
G12_1_FIXTURE_08,E1_vs_E2,97.8516893058,10,1,1.2432186041966912e-06,2.9373109970536222e-05,0.9998365695891898,0.25
G12_1_FIXTURE_08,E1_vs_E2,97.8516893058,11,1,2.152120754005376e-06,0.0001490095780313362,0.9999523741937103,0.1875
G12_1_FIXTURE_08,E1_vs_E2,97.8516893058,12,1,1.4323851186617682e-07,6.054747567390932e-06,0.9999200236993759,0.22265625
G12_1_FIXTURE_08,E1_vs_E2,97.8516893058,13,1,1.582907178697735e-06,3.728095566603567e-05,0.9999542281464691,0.1875
G12_1_FIXTURE_08,E1_vs_E2,97.8516893058,14,1,1.6915094193449137e-06,0.00010983232698796039,0.9999305112616729,0.1875
G12_1_FIXTURE_08,E1_vs_E2,97.8516893058,15,1,9.91438664676172e-07,5.327921054376411e-05,0.999949020346864,0.15625
G12_1_FIXTURE_08,E1_vs_E2,97.8516893058,16,1,4.374674271180498e-06,0.00028480729693560435,0.9999362038210894,0.1875
G12_1_FIXTURE_08,E1_vs_E2,97.8516893058,17,1,6.426353806771427e-07,4.83457100163248e-05,0.9999266960400566,0.25
G12_1_FIXTURE_08,E1_vs_E2,97.8516893058,18,1,6.518274290621736e-07,4.460190433924348e-05,0.9999082394953586,0.25
G12_1_FIXTURE_08,E1_vs_E2,97.8516893058,19,1,2.305705792172232e-07,1.1891170585606606e-05,0.9999452118124927,0.21875
G12_1_FIXTURE_08,E1_vs_E2,97.8516893058,20,1,7.76034267989428e-07,1.8494683420378424e-05,0.9999102099321612,0.1982421875
G12_1_FIXTURE_08,E1_vs_E2,97.8516893058,21,1,4.605093564373442e-07,2.617383692533155e-06,0.9999415815758893,0.1875
G12_1_FIXTURE_08,E1_vs_E2,97.8516893058,22,1,5.825586014047041e-06,0.00026869045947381146,0.9999108805710264,0.25
G12_1_FIXTURE_08,E1_vs_E2,97.8516893058,23,1,1.330239026669348e-06,8.783886340832056e-05,0.9999091318777691,0.25
G12_1_FIXTURE_08,E1_vs_E2,97.8516893058,24,1,2.331107856531918e-06,0.0001486505284719066,0.9999312924968831,0.1875
G12_1_FIXTURE_08,E1_vs_E2,97.8516893058,25,1,4.904000329722582e-06,0.00019650882897601627,0.9999172275039635,0.25
G12_1_FIXTURE_08,E1_vs_E2,97.8516893058,26,1,3.104793654575981e-06,0.00018878338344484867,0.9998475047186625,0.21875
G12_1_FIXTURE_08,E1_vs_E2,97.8516893058,27,1,4.821643330805396e-07,1.3127728860940283e-05,0.9999515531560456,0.1875
G12_1_FIXTURE_08,E1_vs_E2,97.8516893058,28,1,1.884411032516704e-06,0.00012481254543624302,0.9999345326270273,0.21875
G12_1_FIXTURE_08,E1_vs_E2,97.8516893058,29,1,1.815783960887444e-06,0.00011993520197726352,0.9999435249599823,0.1875
G12_1_FIXTURE_08,E1_vs_E2,97.8516893058,30,1,4.874666979122129e-06,0.00022422891887019188,0.9999489243071956,0.25
G12_1_FIXTURE_08,E1_vs_E2,97.8516893058,31,1,1.3880460124527134e-06,7.466815951485723e-05,0.9999150792305387,0.23046875
G12_1_FIXTURE_08,E1_vs_E2,97.8516893058,32,1,4.721033173702989e-06,0.00021532520474098192,0.9999447833897837,0.25
G12_1_FIXTURE_08,E1_vs_E2,97.8516893058,33,1,2.1403541700408103e-07,1.564389068450518e-05,0.9998399710962456,0.251953125
G12_1_FIXTURE_08,E1_vs_E2,97.8516893058,34,1,9.900514837565704e-07,1.445049582189965e-05,0.9999466856907163,0.1875
G12_1_FIXTURE_08,E1_vs_E2,97.8516893058,35,1,1.8586205897752716e-07,1.3333941033902199e-05,0.9999476598943682,0.1875
G12_1_FIXTURE_08,E1_vs_E2,97.8516893058,36,1,9.464237594021635e-07,6.271394823126135e-05,0.9998993786126595,0.21514892578125
G12_1_FIXTURE_08,E1_vs_E2,97.8516893058,37,1,1.210870098894202e-06,8.026257971899264e-05,0.9999432432737801,0.21875
G12_1_FIXTURE_08,E1_vs_E2,97.8516893058,38,1,2.254394300080144e-07,1.4843327121254299e-05,0.9999456151860263,0.15625
G12_1_FIXTURE_08,E1_vs_E2,97.8516893058,39,1,1.1788573013690813e-06,7.528099531034353e-05,0.9999486179626059,0.1875
G12_1_FIXTURE_08,E1_vs_E2,97.8516893058,40,1,1.8739317659214116e-06,0.00010937173330852798,0.999936757429671,0.1875
G12_1_FIXTURE_08,E1_vs_E2,97.8516893058,41,1,1.060980967746828e-07,4.8697718493889925e-06,0.9999585760501678,0.1875
G12_1_FIXTURE_08,E1_vs_E2,97.8516893058,42,1,1.8128326940315215e-07,4.511358378688716e-06,0.9999554193699449,0.168212890625
G12_1_FIXTURE_08,E1_vs_E2,97.8516893058,43,1,1.1554237550858602e-06,7.419407203421722e-05,0.999889285433375,0.21875
G12_1_FIXTURE_08,E1_vs_E2,97.8516893058,44,1,4.57154747660617e-07,3.0060644371630862e-05,0.9999255773079427,0.25
G12_1_FIXTURE_08,E1_vs_E2,97.8516893058,45,1,1.2331946412440055e-06,7.863708923203723e-05,0.999946023476825,0.1875
G12_1_FIXTURE_08,E1_vs_E2,97.8516893058,46,1,5.847799029298423e-07,3.880763333507099e-05,0.9999076330068798,0.21875
G12_1_FIXTURE_08,E1_vs_E2,97.8516893058,47,1,8.337076168984782e-07,4.766041530830992e-05,0.9999426719788299,0.25
G12_1_FIXTURE_08,E1_vs_E2,97.8516893058,48,1,5.253569966776792e-07,3.4951477929066736e-05,0.999943222282798,0.21875
G12_1_FIXTURE_08,E1_vs_E2,97.8516893058,49,1,1.8796365878253735e-07,1.3100434942318537e-05,0.9999302422910006,0.21875
G12_1_FIXTURE_08,E1_vs_E2,97.8516893058,50,1,2.916837868547841e-07,1.895385186884374e-05,0.9999350538154311,0.1875
G12_1_FIXTURE_08,E1_vs_E2,97.8516893058,51,1,3.0083126205087015e-07,1.993130123760815e-05,0.9999271259551177,0.25
G12_1_FIXTURE_08,E1_vs_E2,97.8516893058,52,1,7.924582692432066e-07,5.097387807279736e-05,0.9999347450062552,0.1875
G12_1_FIXTURE_08,E1_vs_E2,97.8516893058,53,1,1.3903333444815938e-07,1.4519179192074103e-06,0.9999396324965076,0.171875
G12_1_FIXTURE_08,E1_vs_E2,97.8516893058,54,1,5.998361980077999e-07,3.7476456582503784e-05,0.9999444530079543,0.1875
G12_1_FIXTURE_08,E1_vs_E2,97.8516893058,55,1,9.093381207340657e-08,1.5157333251232833e-06,0.9999179669771746,0.1875
G12_1_FIXTURE_08,E1_vs_E2,97.8516893058,56,1,1.0753930844089448e-06,6.011420446049785e-05,0.9999283919108448,0.25
G12_1_FIXTURE_08,E1_vs_E2,97.8516893058,57,1,7.735216261239622e-07,4.9648810079585724e-05,0.999870628799769,0.21875
G12_1_FIXTURE_08,E1_vs_E2,97.8516893058,58,1,4.6207224884036543e-07,3.0104702497334645e-05,0.9999371811576331,0.1875
G12_1_FIXTURE_08,E1_vs_E2,97.8516893058,59,1,2.591839624915731e-07,1.2938717793608721e-05,0.9999289807690985,0.21875
G12_1_FIXTURE_08,E1_vs_E2,97.8516893058,60,1,6.32153863404117e-08,4.255244157403489e-06,0.9999358204555768,0.15625
G12_1_FIXTURE_08,E1_vs_E2,97.8516893058,61,1,1.813037833497374e-07,1.1392369495490183e-05,0.99993808214256,0.16796875
G12_1_FIXTURE_08,E1_vs_E2,97.8516893058,62,1,5.446290194179711e-07,3.5055320829254855e-05,0.9999218278786803,0.1875
G12_1_FIXTURE_08,E1_vs_E2,97.8516893058,63,1,6.053343790366176e-08,4.302809059762952e-06,0.9999285433359364,0.21875
G12_1_FIXTURE_08,E1_vs_E2,97.8516893058,64,1,4.74245694756314e-07,0.03121915547743015,0.9999428372412599,0.21875
G12_1_FIXTURE_09,E0_vs_E1,NO_HOOK,0,1,6.887454520744358e-05,0.02255597608662363,0.9999896847930246,0.09375
G12_1_FIXTURE_09,E0_vs_E1,NO_HOOK,1,1,8.308887592791125e-05,0.011496850265906744,0.9999715152350929,0.1484375
G12_1_FIXTURE_09,E0_vs_E1,NO_HOOK,2,1,7.278668713088445e-05,0.008411585425591284,0.9999861479390799,0.125
G12_1_FIXTURE_09,E0_vs_E1,NO_HOOK,3,1,0.00012862966463692005,0.02425596047171119,0.999984102000379,0.125
G12_1_FIXTURE_09,E0_vs_E1,NO_HOOK,4,1,9.06605802897237e-05,0.042306128679094,0.9999758673420538,0.1484375
G12_1_FIXTURE_09,E0_vs_E1,NO_HOOK,5,1,6.659970543154933e-05,0.018100877665672144,0.9999806132944359,0.125
G12_1_FIXTURE_09,E0_vs_E1,NO_HOOK,6,1,0.00010873886026962671,0.0013408975478252927,0.9999566324492405,0.125
G12_1_FIXTURE_09,E0_vs_E1,NO_HOOK,7,1,0.00010227271173601961,0.04974319933169902,0.9999655328223683,0.15625
G12_1_FIXTURE_09,E0_vs_E1,NO_HOOK,8,1,6.0189163805510215e-05,0.016853382718311494,0.9999873950444689,0.09375
G12_1_FIXTURE_09,E1_vs_E2,NO_HOOK,0,1,5.876169414480008e-08,1.555536952579928e-05,0.999999987547295,0.03125
G12_1_FIXTURE_09,E1_vs_E2,NO_HOOK,1,1,5.107148876888729e-05,0.015862751933340746,0.999991956914437,0.09375
G12_1_FIXTURE_09,E1_vs_E2,NO_HOOK,2,1,5.8231494883138326e-05,0.005780210023573318,0.9999890269605135,0.09375
G12_1_FIXTURE_09,E1_vs_E2,NO_HOOK,3,1,0.00010519836260252096,0.008802392951096749,0.9999901759408517,0.125
G12_1_FIXTURE_09,E1_vs_E2,NO_HOOK,4,1,4.938029856826566e-05,0.00014407127374482798,0.9999843696233387,0.125
G12_1_FIXTURE_09,E1_vs_E2,NO_HOOK,5,1,4.470969513215749e-05,0.014359232168114744,0.9999908003018161,0.0625
G12_1_FIXTURE_09,E1_vs_E2,NO_HOOK,6,1,0.0001074135125931977,0.02048910791652503,0.9999651420112652,0.13671875
G12_1_FIXTURE_09,E1_vs_E2,NO_HOOK,7,1,6.110850248781988e-05,0.004361564024435438,0.9999855809573991,0.09375
G12_1_FIXTURE_09,E1_vs_E2,NO_HOOK,8,1,6.28225232173441e-05,0.025864276176706724,0.9999886717758116,0.09375
G12_1_FIXTURE_09,E0_vs_E1,0,0,1,6.887454520744358e-05,0.02255597608662363,0.9999896847930246,0.09375
G12_1_FIXTURE_09,E0_vs_E1,0,1,1,8.308887592791125e-05,0.011496850265906744,0.9999715152350929,0.1484375
G12_1_FIXTURE_09,E0_vs_E1,0,2,1,7.278668713088445e-05,0.008411585425591284,0.9999861479390799,0.125
G12_1_FIXTURE_09,E0_vs_E1,0,3,1,0.00012862966463692005,0.02425596047171119,0.999984102000379,0.125
G12_1_FIXTURE_09,E0_vs_E1,0,4,1,9.06605802897237e-05,0.042306128679094,0.9999758673420538,0.1484375
G12_1_FIXTURE_09,E0_vs_E1,0,5,1,6.659970543154933e-05,0.018100877665672144,0.9999806132944359,0.125
G12_1_FIXTURE_09,E0_vs_E1,0,6,1,0.00010873886026962671,0.0013408975478252927,0.9999566324492405,0.125
G12_1_FIXTURE_09,E0_vs_E1,0,7,1,0.00010227271173601961,0.04974319933169902,0.9999655328223683,0.15625
G12_1_FIXTURE_09,E0_vs_E1,0,8,1,6.0189163805510215e-05,0.016853382718311494,0.9999873950444689,0.09375
G12_1_FIXTURE_09,E1_vs_E2,0,0,1,5.876169414480008e-08,1.555536952579928e-05,0.999999987547295,0.03125
G12_1_FIXTURE_09,E1_vs_E2,0,1,1,5.107148876888729e-05,0.015862751933340746,0.999991956914437,0.09375
G12_1_FIXTURE_09,E1_vs_E2,0,2,1,5.8231494883138326e-05,0.005780210023573318,0.9999890269605135,0.09375
G12_1_FIXTURE_09,E1_vs_E2,0,3,1,0.00010519836260252096,0.008802392951096749,0.9999901759408517,0.125
G12_1_FIXTURE_09,E1_vs_E2,0,4,1,4.938029856826566e-05,0.00014407127374482798,0.9999843696233387,0.125
G12_1_FIXTURE_09,E1_vs_E2,0,5,1,4.470969513215749e-05,0.014359232168114744,0.9999908003018161,0.0625
G12_1_FIXTURE_09,E1_vs_E2,0,6,1,0.0001074135125931977,0.02048910791652503,0.9999651420112652,0.13671875
G12_1_FIXTURE_09,E1_vs_E2,0,7,1,6.110850248781988e-05,0.004361564024435438,0.9999855809573991,0.09375
G12_1_FIXTURE_09,E1_vs_E2,0,8,1,6.28225232173441e-05,0.025864276176706724,0.9999886717758116,0.09375
G12_1_FIXTURE_09,E0_NOHOOK_vs_ALPHA0,0,0,1,0.0,0.0,1.0,0.0
G12_1_FIXTURE_09,E0_NOHOOK_vs_ALPHA0,0,1,1,0.0,0.0,1.0,0.0
G12_1_FIXTURE_09,E0_NOHOOK_vs_ALPHA0,0,2,1,0.0,0.0,1.0000000000000002,0.0
G12_1_FIXTURE_09,E0_NOHOOK_vs_ALPHA0,0,3,1,0.0,0.0,1.0,0.0
G12_1_FIXTURE_09,E0_NOHOOK_vs_ALPHA0,0,4,1,0.0,0.0,1.0,0.0
G12_1_FIXTURE_09,E0_NOHOOK_vs_ALPHA0,0,5,1,0.0,0.0,0.9999999999999999,0.0
G12_1_FIXTURE_09,E0_NOHOOK_vs_ALPHA0,0,6,1,0.0,0.0,0.9999999999999999,0.0
G12_1_FIXTURE_09,E0_NOHOOK_vs_ALPHA0,0,7,1,0.0,0.0,0.9999999999999999,0.0
G12_1_FIXTURE_09,E0_NOHOOK_vs_ALPHA0,0,8,1,0.0,0.0,1.0000000000000002,0.0
G12_1_FIXTURE_09,E1_NOHOOK_vs_ALPHA0,0,0,1,0.0,0.0,1.0,0.0
G12_1_FIXTURE_09,E1_NOHOOK_vs_ALPHA0,0,1,1,0.0,0.0,1.0,0.0
G12_1_FIXTURE_09,E1_NOHOOK_vs_ALPHA0,0,2,1,0.0,0.0,1.0,0.0
G12_1_FIXTURE_09,E1_NOHOOK_vs_ALPHA0,0,3,1,0.0,0.0,1.0,0.0
G12_1_FIXTURE_09,E1_NOHOOK_vs_ALPHA0,0,4,1,0.0,0.0,1.0000000000000002,0.0
G12_1_FIXTURE_09,E1_NOHOOK_vs_ALPHA0,0,5,1,0.0,0.0,1.0000000000000002,0.0
G12_1_FIXTURE_09,E1_NOHOOK_vs_ALPHA0,0,6,1,0.0,0.0,1.0,0.0
G12_1_FIXTURE_09,E1_NOHOOK_vs_ALPHA0,0,7,1,0.0,0.0,0.9999999999999999,0.0
G12_1_FIXTURE_09,E1_NOHOOK_vs_ALPHA0,0,8,1,0.0,0.0,1.0,0.0
G12_1_FIXTURE_09,E2_NOHOOK_vs_ALPHA0,0,0,1,0.0,0.0,0.9999999999999998,0.0
G12_1_FIXTURE_09,E2_NOHOOK_vs_ALPHA0,0,1,1,0.0,0.0,0.9999999999999998,0.0
G12_1_FIXTURE_09,E2_NOHOOK_vs_ALPHA0,0,2,1,0.0,0.0,1.0,0.0
G12_1_FIXTURE_09,E2_NOHOOK_vs_ALPHA0,0,3,1,0.0,0.0,1.0,0.0
G12_1_FIXTURE_09,E2_NOHOOK_vs_ALPHA0,0,4,1,0.0,0.0,1.0,0.0
G12_1_FIXTURE_09,E2_NOHOOK_vs_ALPHA0,0,5,1,0.0,0.0,1.0000000000000002,0.0
G12_1_FIXTURE_09,E2_NOHOOK_vs_ALPHA0,0,6,1,0.0,0.0,1.0,0.0
G12_1_FIXTURE_09,E2_NOHOOK_vs_ALPHA0,0,7,1,0.0,0.0,1.0,0.0
G12_1_FIXTURE_09,E2_NOHOOK_vs_ALPHA0,0,8,1,0.0,0.0,1.0000000000000002,0.0
G12_1_FIXTURE_09,E0_vs_E1,0.01,0,1,7.4789833671172e-05,0.010747820571245015,0.9999839919853274,0.125
G12_1_FIXTURE_09,E0_vs_E1,0.01,1,1,7.304177505154675e-05,0.029171578276518062,0.9999707983935427,0.18359375
G12_1_FIXTURE_09,E0_vs_E1,0.01,2,1,7.706314810821481e-05,0.015137152311561763,0.9999874548544148,0.125
G12_1_FIXTURE_09,E0_vs_E1,0.01,3,1,0.00015404963773600546,0.03967813651464702,0.9999817045268236,0.1484375
G12_1_FIXTURE_09,E0_vs_E1,0.01,4,1,8.579803575349391e-05,0.015932617999938614,0.9999816905009535,0.125
G12_1_FIXTURE_09,E0_vs_E1,0.01,5,1,7.734436814882173e-05,0.011826865947465848,0.9999826980562857,0.09375
G12_1_FIXTURE_09,E0_vs_E1,0.01,6,1,9.273301058013069e-05,0.04562659633658939,0.9999743878769831,0.125
G12_1_FIXTURE_09,E0_vs_E1,0.01,7,1,0.00010486680899546321,0.03144268571912612,0.9999719536369891,0.125
G12_1_FIXTURE_09,E0_vs_E1,0.01,8,1,7.609292103204229e-05,0.020947157622051904,0.9999858769592849,0.09375
G12_1_FIXTURE_09,E1_vs_E2,0.01,0,1,5.5318747951153575e-08,1.4695341135961826e-05,0.9999999882654724,0.03125
G12_1_FIXTURE_09,E1_vs_E2,0.01,1,1,6.899113283167404e-05,0.006350117895813412,0.9999884492635409,0.125
G12_1_FIXTURE_09,E1_vs_E2,0.01,2,1,4.3525230807803047e-05,0.004785368542407298,0.9999914795288027,0.0625
G12_1_FIXTURE_09,E1_vs_E2,0.01,3,1,0.00010964859584317965,0.019056829140659204,0.9999882797675499,0.125
G12_1_FIXTURE_09,E1_vs_E2,0.01,4,1,6.22693044197314e-05,0.01691636308510347,0.9999866127203618,0.125
G12_1_FIXTURE_09,E1_vs_E2,0.01,5,1,7.587084459615803e-05,0.016859193864670274,0.999985366428108,0.1015625
G12_1_FIXTURE_09,E1_vs_E2,0.01,6,1,8.91676969313963e-05,0.05223072837538112,0.9999675814274573,0.125
G12_1_FIXTURE_09,E1_vs_E2,0.01,7,1,7.199123574391097e-05,0.012602785503027292,0.9999861745650106,0.09375
G12_1_FIXTURE_09,E1_vs_E2,0.01,8,1,7.075764374192209e-05,0.022375804682562617,0.9999883776597738,0.125
G12_1_FIXTURE_09,E0_vs_E1,0.1,0,1,9.301927353946434e-05,0.02517949330743896,0.9999731684375329,0.14453125
G12_1_FIXTURE_09,E0_vs_E1,0.1,1,1,0.00011287521143802591,0.015852390210655543,0.999958042416724,0.171875
G12_1_FIXTURE_09,E0_vs_E1,0.1,2,1,8.345175320219998e-05,0.006921988228631548,0.9999854947983217,0.1015625
G12_1_FIXTURE_09,E0_vs_E1,0.1,3,1,0.0001937186843371302,0.01818081208829625,0.9999765321799629,0.125
G12_1_FIXTURE_09,E0_vs_E1,0.1,4,1,9.297125827185726e-05,0.026130424665975482,0.9999851501505153,0.125
G12_1_FIXTURE_09,E0_vs_E1,0.1,5,1,9.251971776427396e-05,0.02438041845071126,0.9999726455390787,0.140625
G12_1_FIXTURE_09,E0_vs_E1,0.1,6,1,9.662494761015647e-05,0.013453980371384233,0.999968004422288,0.125
G12_1_FIXTURE_09,E0_vs_E1,0.1,7,1,9.080937419532576e-05,0.03859945890566152,0.9999718803530895,0.125
G12_1_FIXTURE_09,E0_vs_E1,0.1,8,1,6.910855911797329e-05,0.022739039809700046,0.9999771555036484,0.125
G12_1_FIXTURE_09,E1_vs_E2,0.1,0,1,1.491048495390381e-07,2.5278388733340762e-05,0.9999999897941361,0.0625
G12_1_FIXTURE_09,E1_vs_E2,0.1,1,1,6.780352244682914e-05,0.016110419312594715,0.9999854083984124,0.140625
G12_1_FIXTURE_09,E1_vs_E2,0.1,2,1,7.425593564054796e-05,0.01127129596408949,0.9999897244980364,0.125
G12_1_FIXTURE_09,E1_vs_E2,0.1,3,1,0.00011478885462993908,0.004007987712911998,0.99998912131393,0.125
G12_1_FIXTURE_09,E1_vs_E2,0.1,4,1,4.129119918581787e-05,0.021270281091249288,0.9999913127942766,0.078125
G12_1_FIXTURE_09,E1_vs_E2,0.1,5,1,8.59135190257819e-05,0.0012709176241116893,0.9999818893138399,0.125
G12_1_FIXTURE_09,E1_vs_E2,0.1,6,1,7.70595685287822e-05,0.04423205618582138,0.9999748205341787,0.109375
G12_1_FIXTURE_09,E1_vs_E2,0.1,7,1,5.335400091117564e-05,0.01615163188639812,0.9999879624969601,0.09375
G12_1_FIXTURE_09,E1_vs_E2,0.1,8,1,9.946259752086404e-05,0.041526618063761234,0.9999789568953975,0.125
G12_1_FIXTURE_09,E0_vs_E1,97.8516893058,0,1,6.351350388841863e-05,0.003844088412616742,0.9999804687927677,0.109375
G12_1_FIXTURE_09,E0_vs_E1,97.8516893058,1,1,0.00011889037417312507,0.014498411056308669,0.999965846572439,0.125
G12_1_FIXTURE_09,E0_vs_E1,97.8516893058,2,1,7.805398900762979e-05,0.0023022491485154006,0.9999843799178603,0.125
G12_1_FIXTURE_09,E0_vs_E1,97.8516893058,3,1,8.875468548085808e-05,0.02275182976813994,0.9999828236588064,0.125
G12_1_FIXTURE_09,E0_vs_E1,97.8516893058,4,1,9.458721257604632e-05,0.043441812252602574,0.9999828281065831,0.125
G12_1_FIXTURE_09,E0_vs_E1,97.8516893058,5,1,6.692988487603526e-05,0.024835693516958912,0.9999789632196988,0.140625
G12_1_FIXTURE_09,E0_vs_E1,97.8516893058,6,1,9.843994964473278e-05,0.00546514678990917,0.9999701178150847,0.125
G12_1_FIXTURE_09,E0_vs_E1,97.8516893058,7,1,0.00012564731022153997,0.039556187055993064,0.9999540916243399,0.140625
G12_1_FIXTURE_09,E0_vs_E1,97.8516893058,8,1,6.937794884127317e-05,0.007542345916270676,0.9999837026543992,0.0950469970703125
G12_1_FIXTURE_09,E1_vs_E2,97.8516893058,0,1,5.526416090339544e-08,1.4673140368515192e-05,0.9999999891470903,0.03125
G12_1_FIXTURE_09,E1_vs_E2,97.8516893058,1,0,7.50472070218895e-05,0.016731163932121262,0.9999868879822417,0.125
G12_1_FIXTURE_09,E1_vs_E2,97.8516893058,2,1,8.033266487260523e-05,0.017506461510716775,0.9999844884371758,0.16015625
G12_1_FIXTURE_09,E1_vs_E2,97.8516893058,3,1,7.01580863703627e-05,0.008604100315205088,0.9999862942654196,0.125
G12_1_FIXTURE_09,E1_vs_E2,97.8516893058,4,1,8.37105500881923e-05,0.00802074167716782,0.9999842755835958,0.17578125
G12_1_FIXTURE_09,E1_vs_E2,97.8516893058,5,1,4.8802598681391474e-05,0.010670256853229532,0.9999893188017572,0.09375
G12_1_FIXTURE_09,E1_vs_E2,97.8516893058,6,1,9.694056713779582e-05,0.00149075934906584,0.9999781843067376,0.125
G12_1_FIXTURE_09,E1_vs_E2,97.8516893058,7,1,8.050496223578217e-05,0.01741008897921148,0.9999725994429,0.109375
G12_1_FIXTURE_09,E1_vs_E2,97.8516893058,8,1,5.2128233517572385e-05,0.031510701374672934,0.9999885306702504,0.0625
G12_1_FIXTURE_10,E0_vs_E1,NO_HOOK,0,1,6.846482130119162e-05,0.01809464745767997,0.9999919718171465,0.125
G12_1_FIXTURE_10,E0_vs_E1,NO_HOOK,1,1,0.0001320827145707353,0.002202339084035998,0.9999491077256066,0.1328125
G12_1_FIXTURE_10,E0_vs_E1,NO_HOOK,2,1,6.162073006677399e-05,0.0171645386244208,0.9999903437601051,0.078125
G12_1_FIXTURE_10,E0_vs_E1,NO_HOOK,3,1,6.059435759976263e-05,0.02186093372958453,0.9999789253829232,0.125
G12_1_FIXTURE_10,E0_vs_E1,NO_HOOK,4,1,8.333046597705154e-05,0.016100805524427386,0.9999857677223656,0.125
G12_1_FIXTURE_10,E0_vs_E1,NO_HOOK,5,1,0.00010062068118417991,0.03967831222022333,0.9999646516261826,0.125
G12_1_FIXTURE_10,E0_vs_E1,NO_HOOK,6,1,8.106437792118788e-05,0.03907788253536637,0.9999860212013102,0.125
G12_1_FIXTURE_10,E0_vs_E1,NO_HOOK,7,1,7.942314368949928e-05,0.021148898133629856,0.9999889198840545,0.125
G12_1_FIXTURE_10,E0_vs_E1,NO_HOOK,8,1,7.414298175884276e-05,0.0030012660736122854,0.9999902652024558,0.09375
G12_1_FIXTURE_10,E0_vs_E1,NO_HOOK,9,1,0.00014889072646022297,0.036896299349225004,0.9999655706750036,0.12890625
G12_1_FIXTURE_10,E0_vs_E1,NO_HOOK,10,1,5.782341190958728e-05,0.05100156109655529,0.99997501618999,0.125
G12_1_FIXTURE_10,E0_vs_E1,NO_HOOK,11,1,6.337910152298885e-05,0.004731807869980287,0.9999901427946826,0.09375
G12_1_FIXTURE_10,E0_vs_E1,NO_HOOK,12,1,6.400797296224765e-05,0.02761812006830766,0.9999898666112567,0.125
G12_1_FIXTURE_10,E0_vs_E1,NO_HOOK,13,1,6.69667226316634e-05,0.0271103013203291,0.9999872483800287,0.09375
G12_1_FIXTURE_10,E0_vs_E1,NO_HOOK,14,1,7.802185230928863e-05,0.0035014521498375473,0.9999739681123271,0.1328125
G12_1_FIXTURE_10,E0_vs_E1,NO_HOOK,15,1,7.694005513442829e-05,0.007438802721068782,0.9999836365359618,0.125
G12_1_FIXTURE_10,E0_vs_E1,NO_HOOK,16,1,0.00010654471722343714,0.018682921657037,0.9999771420234799,0.125
G12_1_FIXTURE_10,E0_vs_E1,NO_HOOK,17,0,8.05161665383288e-05,0.02598714309320016,0.9999881394848286,0.09375
G12_1_FIXTURE_10,E0_vs_E1,NO_HOOK,18,1,9.308332271142718e-05,0.03791710245950064,0.999982245603044,0.125
G12_1_FIXTURE_10,E0_vs_E1,NO_HOOK,19,1,6.107311753827531e-05,0.00011309449524787851,0.99998941365172,0.125
G12_1_FIXTURE_10,E0_vs_E1,NO_HOOK,20,1,6.914896529847621e-05,0.002391356565764724,0.9999816667453157,0.125
G12_1_FIXTURE_10,E0_vs_E1,NO_HOOK,21,1,0.00013308435457001539,0.019870183193061663,0.9999668631674229,0.12890625
G12_1_FIXTURE_10,E0_vs_E1,NO_HOOK,22,1,4.656592351546542e-05,0.003975187886451792,0.9999896835028362,0.09375
G12_1_FIXTURE_10,E0_vs_E1,NO_HOOK,23,1,6.68298967673505e-05,0.0019726869812313197,0.9999875640234068,0.125
G12_1_FIXTURE_10,E0_vs_E1,NO_HOOK,24,1,5.184084828127559e-05,0.010554127417094605,0.9999906792429786,0.09375
G12_1_FIXTURE_10,E0_vs_E1,NO_HOOK,25,1,5.4913837734749606e-05,0.019383957960609877,0.9999873438678801,0.09375
G12_1_FIXTURE_10,E0_vs_E1,NO_HOOK,26,1,6.504362437517017e-05,0.023225998042168072,0.9999885811443916,0.09375
G12_1_FIXTURE_10,E0_vs_E1,NO_HOOK,27,1,7.747091712213467e-05,0.001117849630217549,0.9999849883074503,0.09375
G12_1_FIXTURE_10,E0_vs_E1,NO_HOOK,28,1,7.242597275348335e-05,0.0009663219878177642,0.999982198667068,0.15625
G12_1_FIXTURE_10,E0_vs_E1,NO_HOOK,29,1,0.000106435785403938,0.034559229733664765,0.9999858621742145,0.09375
G12_1_FIXTURE_10,E0_vs_E1,NO_HOOK,30,1,6.85644045164578e-05,0.005413168539831759,0.9999855882170291,0.09375
G12_1_FIXTURE_10,E0_vs_E1,NO_HOOK,31,1,0.0001975665076285923,0.0716163173075266,0.9999874604997168,0.1875
G12_1_FIXTURE_10,E0_vs_E1,NO_HOOK,32,1,6.665795075797053e-05,0.006170860650343002,0.999986910037926,0.09375
G12_1_FIXTURE_10,E1_vs_E2,NO_HOOK,0,0,6.488773352772691e-05,0.0020576167817214497,0.999991491391157,0.09375
G12_1_FIXTURE_10,E1_vs_E2,NO_HOOK,1,1,0.0001078188707523188,0.0021661516790416613,0.9999449812560294,0.15625
G12_1_FIXTURE_10,E1_vs_E2,NO_HOOK,2,1,9.620949991552357e-05,0.016336457900498758,0.9999873095766423,0.09375
G12_1_FIXTURE_10,E1_vs_E2,NO_HOOK,3,1,0.00011724767203091053,0.004288013204982732,0.999966130491523,0.1875
G12_1_FIXTURE_10,E1_vs_E2,NO_HOOK,4,1,7.976208884776464e-05,0.0013514354886563495,0.999987563255156,0.125
G12_1_FIXTURE_10,E1_vs_E2,NO_HOOK,5,1,7.324273826556668e-05,0.030256938095661212,0.9999592037972138,0.15625
G12_1_FIXTURE_10,E1_vs_E2,NO_HOOK,6,0,0.00011228728214377523,0.008064582992989955,0.9999837601979608,0.125
G12_1_FIXTURE_10,E1_vs_E2,NO_HOOK,7,1,9.946608470544555e-05,0.01247879050084677,0.9999850765310351,0.09375
G12_1_FIXTURE_10,E1_vs_E2,NO_HOOK,8,1,8.151393590209827e-05,0.015532191216072633,0.9999908093538667,0.09375
G12_1_FIXTURE_10,E1_vs_E2,NO_HOOK,9,1,9.770682952256373e-05,0.04665265065436941,0.9999784545482575,0.125
G12_1_FIXTURE_10,E1_vs_E2,NO_HOOK,10,1,5.436970028159524e-05,0.040392213270092014,0.999986183847929,0.09375
G12_1_FIXTURE_10,E1_vs_E2,NO_HOOK,11,1,0.00010346239688194508,0.04764531463793453,0.9999861570534779,0.125
G12_1_FIXTURE_10,E1_vs_E2,NO_HOOK,12,1,5.439775687198039e-05,0.053573860944114315,0.9999883444274502,0.09375
G12_1_FIXTURE_10,E1_vs_E2,NO_HOOK,13,1,0.00010075171331606084,0.03207995969960109,0.9999834427576212,0.125
G12_1_FIXTURE_10,E1_vs_E2,NO_HOOK,14,1,7.593565209146634e-05,0.00205924731310958,0.9999853498166348,0.109375
G12_1_FIXTURE_10,E1_vs_E2,NO_HOOK,15,1,7.152030053029373e-05,0.021329572475270453,0.9999881469078058,0.09375
G12_1_FIXTURE_10,E1_vs_E2,NO_HOOK,16,1,6.69876502434384e-05,0.028790802933016835,0.9999799353785983,0.125
G12_1_FIXTURE_10,E1_vs_E2,NO_HOOK,17,0,5.503311822826381e-05,0.013405934239345996,0.9999904065287539,0.09375
G12_1_FIXTURE_10,E1_vs_E2,NO_HOOK,18,1,0.00013277473240934118,0.0024162881730376284,0.9999727268681614,0.1875
G12_1_FIXTURE_10,E1_vs_E2,NO_HOOK,19,1,6.929087491389118e-05,0.0021078082642169704,0.9999893926935366,0.125
G12_1_FIXTURE_10,E1_vs_E2,NO_HOOK,20,1,9.58942215140789e-05,0.022103687243753,0.9999781367370022,0.125
G12_1_FIXTURE_10,E1_vs_E2,NO_HOOK,21,1,0.0001606038666758241,0.017008693315458956,0.9999640121210891,0.140625
G12_1_FIXTURE_10,E1_vs_E2,NO_HOOK,22,1,7.416617248984123e-05,0.00555253123236632,0.9999845827632572,0.13671875
G12_1_FIXTURE_10,E1_vs_E2,NO_HOOK,23,1,6.637406595076889e-05,0.04349340219421727,0.9999814966422927,0.125
G12_1_FIXTURE_10,E1_vs_E2,NO_HOOK,24,1,5.755749883681871e-05,0.0050451213576803156,0.9999887813156688,0.09375
G12_1_FIXTURE_10,E1_vs_E2,NO_HOOK,25,1,4.990829483297314e-05,0.02131868521500202,0.9999865994928812,0.09375
G12_1_FIXTURE_10,E1_vs_E2,NO_HOOK,26,1,0.0001795430537167769,0.012043100161289289,0.9999776317760861,0.1875
G12_1_FIXTURE_10,E1_vs_E2,NO_HOOK,27,1,0.0001168302340507371,0.014700250530802705,0.9999817404371122,0.125
G12_1_FIXTURE_10,E1_vs_E2,NO_HOOK,28,1,7.619917381238706e-05,0.012833082883254576,0.9999846696714978,0.1875
G12_1_FIXTURE_10,E1_vs_E2,NO_HOOK,29,1,0.00010082524106118916,0.017768798850328338,0.999987074959783,0.125
G12_1_FIXTURE_10,E1_vs_E2,NO_HOOK,30,1,7.020978239404225e-05,0.02005525763127558,0.9999842019272336,0.109375
G12_1_FIXTURE_10,E1_vs_E2,NO_HOOK,31,1,0.00013464969864583002,0.008582343796767589,0.9999822745618537,0.125
G12_1_FIXTURE_10,E1_vs_E2,NO_HOOK,32,1,5.525261325486591e-05,0.026088128152371937,0.9999880807838359,0.1015625
G12_1_FIXTURE_10,E0_vs_E1,0,0,1,6.846482130119162e-05,0.01809464745767997,0.9999919718171465,0.125
G12_1_FIXTURE_10,E0_vs_E1,0,1,1,0.0001320827145707353,0.002202339084035998,0.9999491077256066,0.1328125
G12_1_FIXTURE_10,E0_vs_E1,0,2,1,6.162073006677399e-05,0.0171645386244208,0.9999903437601051,0.078125
G12_1_FIXTURE_10,E0_vs_E1,0,3,1,6.059435759976263e-05,0.02186093372958453,0.9999789253829232,0.125
G12_1_FIXTURE_10,E0_vs_E1,0,4,1,8.333046597705154e-05,0.016100805524427386,0.9999857677223656,0.125
G12_1_FIXTURE_10,E0_vs_E1,0,5,1,0.00010062068118417991,0.03967831222022333,0.9999646516261826,0.125
G12_1_FIXTURE_10,E0_vs_E1,0,6,1,8.106437792118788e-05,0.03907788253536637,0.9999860212013102,0.125
G12_1_FIXTURE_10,E0_vs_E1,0,7,1,7.942314368949928e-05,0.021148898133629856,0.9999889198840545,0.125
G12_1_FIXTURE_10,E0_vs_E1,0,8,1,7.414298175884276e-05,0.0030012660736122854,0.9999902652024558,0.09375
G12_1_FIXTURE_10,E0_vs_E1,0,9,1,0.00014889072646022297,0.036896299349225004,0.9999655706750036,0.12890625
G12_1_FIXTURE_10,E0_vs_E1,0,10,1,5.782341190958728e-05,0.05100156109655529,0.99997501618999,0.125
G12_1_FIXTURE_10,E0_vs_E1,0,11,1,6.337910152298885e-05,0.004731807869980287,0.9999901427946826,0.09375
G12_1_FIXTURE_10,E0_vs_E1,0,12,1,6.400797296224765e-05,0.02761812006830766,0.9999898666112567,0.125
G12_1_FIXTURE_10,E0_vs_E1,0,13,1,6.69667226316634e-05,0.0271103013203291,0.9999872483800287,0.09375
G12_1_FIXTURE_10,E0_vs_E1,0,14,1,7.802185230928863e-05,0.0035014521498375473,0.9999739681123271,0.1328125
G12_1_FIXTURE_10,E0_vs_E1,0,15,1,7.694005513442829e-05,0.007438802721068782,0.9999836365359618,0.125
G12_1_FIXTURE_10,E0_vs_E1,0,16,1,0.00010654471722343714,0.018682921657037,0.9999771420234799,0.125
G12_1_FIXTURE_10,E0_vs_E1,0,17,0,8.05161665383288e-05,0.02598714309320016,0.9999881394848286,0.09375
G12_1_FIXTURE_10,E0_vs_E1,0,18,1,9.308332271142718e-05,0.03791710245950064,0.999982245603044,0.125
G12_1_FIXTURE_10,E0_vs_E1,0,19,1,6.107311753827531e-05,0.00011309449524787851,0.99998941365172,0.125
G12_1_FIXTURE_10,E0_vs_E1,0,20,1,6.914896529847621e-05,0.002391356565764724,0.9999816667453157,0.125
G12_1_FIXTURE_10,E0_vs_E1,0,21,1,0.00013308435457001539,0.019870183193061663,0.9999668631674229,0.12890625
G12_1_FIXTURE_10,E0_vs_E1,0,22,1,4.656592351546542e-05,0.003975187886451792,0.9999896835028362,0.09375
G12_1_FIXTURE_10,E0_vs_E1,0,23,1,6.68298967673505e-05,0.0019726869812313197,0.9999875640234068,0.125
G12_1_FIXTURE_10,E0_vs_E1,0,24,1,5.184084828127559e-05,0.010554127417094605,0.9999906792429786,0.09375
G12_1_FIXTURE_10,E0_vs_E1,0,25,1,5.4913837734749606e-05,0.019383957960609877,0.9999873438678801,0.09375
G12_1_FIXTURE_10,E0_vs_E1,0,26,1,6.504362437517017e-05,0.023225998042168072,0.9999885811443916,0.09375
G12_1_FIXTURE_10,E0_vs_E1,0,27,1,7.747091712213467e-05,0.001117849630217549,0.9999849883074503,0.09375
G12_1_FIXTURE_10,E0_vs_E1,0,28,1,7.242597275348335e-05,0.0009663219878177642,0.999982198667068,0.15625
G12_1_FIXTURE_10,E0_vs_E1,0,29,1,0.000106435785403938,0.034559229733664765,0.9999858621742145,0.09375
G12_1_FIXTURE_10,E0_vs_E1,0,30,1,6.85644045164578e-05,0.005413168539831759,0.9999855882170291,0.09375
G12_1_FIXTURE_10,E0_vs_E1,0,31,1,0.0001975665076285923,0.0716163173075266,0.9999874604997168,0.1875
G12_1_FIXTURE_10,E0_vs_E1,0,32,1,6.665795075797053e-05,0.006170860650343002,0.999986910037926,0.09375
G12_1_FIXTURE_10,E1_vs_E2,0,0,0,6.488773352772691e-05,0.0020576167817214497,0.999991491391157,0.09375
G12_1_FIXTURE_10,E1_vs_E2,0,1,1,0.0001078188707523188,0.0021661516790416613,0.9999449812560294,0.15625
G12_1_FIXTURE_10,E1_vs_E2,0,2,1,9.620949991552357e-05,0.016336457900498758,0.9999873095766423,0.09375
G12_1_FIXTURE_10,E1_vs_E2,0,3,1,0.00011724767203091053,0.004288013204982732,0.999966130491523,0.1875
G12_1_FIXTURE_10,E1_vs_E2,0,4,1,7.976208884776464e-05,0.0013514354886563495,0.999987563255156,0.125
G12_1_FIXTURE_10,E1_vs_E2,0,5,1,7.324273826556668e-05,0.030256938095661212,0.9999592037972138,0.15625
G12_1_FIXTURE_10,E1_vs_E2,0,6,0,0.00011228728214377523,0.008064582992989955,0.9999837601979608,0.125
G12_1_FIXTURE_10,E1_vs_E2,0,7,1,9.946608470544555e-05,0.01247879050084677,0.9999850765310351,0.09375
G12_1_FIXTURE_10,E1_vs_E2,0,8,1,8.151393590209827e-05,0.015532191216072633,0.9999908093538667,0.09375
G12_1_FIXTURE_10,E1_vs_E2,0,9,1,9.770682952256373e-05,0.04665265065436941,0.9999784545482575,0.125
G12_1_FIXTURE_10,E1_vs_E2,0,10,1,5.436970028159524e-05,0.040392213270092014,0.999986183847929,0.09375
G12_1_FIXTURE_10,E1_vs_E2,0,11,1,0.00010346239688194508,0.04764531463793453,0.9999861570534779,0.125
G12_1_FIXTURE_10,E1_vs_E2,0,12,1,5.439775687198039e-05,0.053573860944114315,0.9999883444274502,0.09375
G12_1_FIXTURE_10,E1_vs_E2,0,13,1,0.00010075171331606084,0.03207995969960109,0.9999834427576212,0.125
G12_1_FIXTURE_10,E1_vs_E2,0,14,1,7.593565209146634e-05,0.00205924731310958,0.9999853498166348,0.109375
G12_1_FIXTURE_10,E1_vs_E2,0,15,1,7.152030053029373e-05,0.021329572475270453,0.9999881469078058,0.09375
G12_1_FIXTURE_10,E1_vs_E2,0,16,1,6.69876502434384e-05,0.028790802933016835,0.9999799353785983,0.125
G12_1_FIXTURE_10,E1_vs_E2,0,17,0,5.503311822826381e-05,0.013405934239345996,0.9999904065287539,0.09375
G12_1_FIXTURE_10,E1_vs_E2,0,18,1,0.00013277473240934118,0.0024162881730376284,0.9999727268681614,0.1875
G12_1_FIXTURE_10,E1_vs_E2,0,19,1,6.929087491389118e-05,0.0021078082642169704,0.9999893926935366,0.125
G12_1_FIXTURE_10,E1_vs_E2,0,20,1,9.58942215140789e-05,0.022103687243753,0.9999781367370022,0.125
G12_1_FIXTURE_10,E1_vs_E2,0,21,1,0.0001606038666758241,0.017008693315458956,0.9999640121210891,0.140625
G12_1_FIXTURE_10,E1_vs_E2,0,22,1,7.416617248984123e-05,0.00555253123236632,0.9999845827632572,0.13671875
G12_1_FIXTURE_10,E1_vs_E2,0,23,1,6.637406595076889e-05,0.04349340219421727,0.9999814966422927,0.125
G12_1_FIXTURE_10,E1_vs_E2,0,24,1,5.755749883681871e-05,0.0050451213576803156,0.9999887813156688,0.09375
G12_1_FIXTURE_10,E1_vs_E2,0,25,1,4.990829483297314e-05,0.02131868521500202,0.9999865994928812,0.09375
G12_1_FIXTURE_10,E1_vs_E2,0,26,1,0.0001795430537167769,0.012043100161289289,0.9999776317760861,0.1875
G12_1_FIXTURE_10,E1_vs_E2,0,27,1,0.0001168302340507371,0.014700250530802705,0.9999817404371122,0.125
G12_1_FIXTURE_10,E1_vs_E2,0,28,1,7.619917381238706e-05,0.012833082883254576,0.9999846696714978,0.1875
G12_1_FIXTURE_10,E1_vs_E2,0,29,1,0.00010082524106118916,0.017768798850328338,0.999987074959783,0.125
G12_1_FIXTURE_10,E1_vs_E2,0,30,1,7.020978239404225e-05,0.02005525763127558,0.9999842019272336,0.109375
G12_1_FIXTURE_10,E1_vs_E2,0,31,1,0.00013464969864583002,0.008582343796767589,0.9999822745618537,0.125
G12_1_FIXTURE_10,E1_vs_E2,0,32,1,5.525261325486591e-05,0.026088128152371937,0.9999880807838359,0.1015625
G12_1_FIXTURE_10,E0_NOHOOK_vs_ALPHA0,0,0,1,0.0,0.0,1.0000000000000002,0.0
G12_1_FIXTURE_10,E0_NOHOOK_vs_ALPHA0,0,1,1,0.0,0.0,0.9999999999999998,0.0
G12_1_FIXTURE_10,E0_NOHOOK_vs_ALPHA0,0,2,1,0.0,0.0,1.0000000000000002,0.0
G12_1_FIXTURE_10,E0_NOHOOK_vs_ALPHA0,0,3,1,0.0,0.0,1.0,0.0
G12_1_FIXTURE_10,E0_NOHOOK_vs_ALPHA0,0,4,1,0.0,0.0,1.0,0.0
G12_1_FIXTURE_10,E0_NOHOOK_vs_ALPHA0,0,5,1,0.0,0.0,0.9999999999999999,0.0
G12_1_FIXTURE_10,E0_NOHOOK_vs_ALPHA0,0,6,1,0.0,0.0,1.0,0.0
G12_1_FIXTURE_10,E0_NOHOOK_vs_ALPHA0,0,7,1,0.0,0.0,1.0,0.0
G12_1_FIXTURE_10,E0_NOHOOK_vs_ALPHA0,0,8,1,0.0,0.0,1.0000000000000002,0.0
G12_1_FIXTURE_10,E0_NOHOOK_vs_ALPHA0,0,9,1,0.0,0.0,1.0,0.0
G12_1_FIXTURE_10,E0_NOHOOK_vs_ALPHA0,0,10,1,0.0,0.0,1.0,0.0
G12_1_FIXTURE_10,E0_NOHOOK_vs_ALPHA0,0,11,1,0.0,0.0,1.0,0.0
G12_1_FIXTURE_10,E0_NOHOOK_vs_ALPHA0,0,12,1,0.0,0.0,0.9999999999999998,0.0
G12_1_FIXTURE_10,E0_NOHOOK_vs_ALPHA0,0,13,1,0.0,0.0,1.0000000000000002,0.0
G12_1_FIXTURE_10,E0_NOHOOK_vs_ALPHA0,0,14,1,0.0,0.0,1.0,0.0
G12_1_FIXTURE_10,E0_NOHOOK_vs_ALPHA0,0,15,1,0.0,0.0,0.9999999999999998,0.0
G12_1_FIXTURE_10,E0_NOHOOK_vs_ALPHA0,0,16,1,0.0,0.0,0.9999999999999999,0.0
G12_1_FIXTURE_10,E0_NOHOOK_vs_ALPHA0,0,17,1,0.0,0.0,1.0000000000000002,0.0
G12_1_FIXTURE_10,E0_NOHOOK_vs_ALPHA0,0,18,1,0.0,0.0,1.0,0.0
G12_1_FIXTURE_10,E0_NOHOOK_vs_ALPHA0,0,19,1,0.0,0.0,1.0000000000000002,0.0
G12_1_FIXTURE_10,E0_NOHOOK_vs_ALPHA0,0,20,1,0.0,0.0,0.9999999999999999,0.0
G12_1_FIXTURE_10,E0_NOHOOK_vs_ALPHA0,0,21,1,0.0,0.0,1.0,0.0
G12_1_FIXTURE_10,E0_NOHOOK_vs_ALPHA0,0,22,1,0.0,0.0,1.0,0.0
G12_1_FIXTURE_10,E0_NOHOOK_vs_ALPHA0,0,23,1,0.0,0.0,1.0,0.0
G12_1_FIXTURE_10,E0_NOHOOK_vs_ALPHA0,0,24,1,0.0,0.0,0.9999999999999998,0.0
G12_1_FIXTURE_10,E0_NOHOOK_vs_ALPHA0,0,25,1,0.0,0.0,1.0000000000000002,0.0
G12_1_FIXTURE_10,E0_NOHOOK_vs_ALPHA0,0,26,1,0.0,0.0,1.0000000000000002,0.0
G12_1_FIXTURE_10,E0_NOHOOK_vs_ALPHA0,0,27,1,0.0,0.0,1.0,0.0
G12_1_FIXTURE_10,E0_NOHOOK_vs_ALPHA0,0,28,1,0.0,0.0,0.9999999999999998,0.0
G12_1_FIXTURE_10,E0_NOHOOK_vs_ALPHA0,0,29,1,0.0,0.0,1.0,0.0
G12_1_FIXTURE_10,E0_NOHOOK_vs_ALPHA0,0,30,1,0.0,0.0,1.0,0.0
G12_1_FIXTURE_10,E0_NOHOOK_vs_ALPHA0,0,31,1,0.0,0.0,0.9999999999999998,0.0
G12_1_FIXTURE_10,E0_NOHOOK_vs_ALPHA0,0,32,1,0.0,0.0,0.9999999999999999,0.0
G12_1_FIXTURE_10,E1_NOHOOK_vs_ALPHA0,0,0,1,0.0,0.0,1.0,0.0
G12_1_FIXTURE_10,E1_NOHOOK_vs_ALPHA0,0,1,1,0.0,0.0,1.0000000000000002,0.0
G12_1_FIXTURE_10,E1_NOHOOK_vs_ALPHA0,0,2,1,0.0,0.0,1.0,0.0
G12_1_FIXTURE_10,E1_NOHOOK_vs_ALPHA0,0,3,1,0.0,0.0,1.0000000000000002,0.0
G12_1_FIXTURE_10,E1_NOHOOK_vs_ALPHA0,0,4,1,0.0,0.0,1.0000000000000002,0.0
G12_1_FIXTURE_10,E1_NOHOOK_vs_ALPHA0,0,5,1,0.0,0.0,0.9999999999999999,0.0
G12_1_FIXTURE_10,E1_NOHOOK_vs_ALPHA0,0,6,1,0.0,0.0,0.9999999999999998,0.0
G12_1_FIXTURE_10,E1_NOHOOK_vs_ALPHA0,0,7,1,0.0,0.0,0.9999999999999998,0.0
G12_1_FIXTURE_10,E1_NOHOOK_vs_ALPHA0,0,8,1,0.0,0.0,1.0,0.0
G12_1_FIXTURE_10,E1_NOHOOK_vs_ALPHA0,0,9,1,0.0,0.0,1.0,0.0
G12_1_FIXTURE_10,E1_NOHOOK_vs_ALPHA0,0,10,1,0.0,0.0,1.0000000000000002,0.0
G12_1_FIXTURE_10,E1_NOHOOK_vs_ALPHA0,0,11,1,0.0,0.0,0.9999999999999999,0.0
G12_1_FIXTURE_10,E1_NOHOOK_vs_ALPHA0,0,12,1,0.0,0.0,1.0000000000000002,0.0
G12_1_FIXTURE_10,E1_NOHOOK_vs_ALPHA0,0,13,1,0.0,0.0,1.0000000000000002,0.0
G12_1_FIXTURE_10,E1_NOHOOK_vs_ALPHA0,0,14,1,0.0,0.0,1.0,0.0
G12_1_FIXTURE_10,E1_NOHOOK_vs_ALPHA0,0,15,1,0.0,0.0,1.0,0.0
G12_1_FIXTURE_10,E1_NOHOOK_vs_ALPHA0,0,16,1,0.0,0.0,0.9999999999999999,0.0
G12_1_FIXTURE_10,E1_NOHOOK_vs_ALPHA0,0,17,1,0.0,0.0,1.0,0.0
G12_1_FIXTURE_10,E1_NOHOOK_vs_ALPHA0,0,18,1,0.0,0.0,1.0000000000000002,0.0
G12_1_FIXTURE_10,E1_NOHOOK_vs_ALPHA0,0,19,1,0.0,0.0,1.0,0.0
G12_1_FIXTURE_10,E1_NOHOOK_vs_ALPHA0,0,20,1,0.0,0.0,1.0,0.0
G12_1_FIXTURE_10,E1_NOHOOK_vs_ALPHA0,0,21,1,0.0,0.0,1.0,0.0
G12_1_FIXTURE_10,E1_NOHOOK_vs_ALPHA0,0,22,1,0.0,0.0,1.0,0.0
G12_1_FIXTURE_10,E1_NOHOOK_vs_ALPHA0,0,23,1,0.0,0.0,1.0,0.0
G12_1_FIXTURE_10,E1_NOHOOK_vs_ALPHA0,0,24,1,0.0,0.0,1.0,0.0
G12_1_FIXTURE_10,E1_NOHOOK_vs_ALPHA0,0,25,1,0.0,0.0,1.0,0.0
G12_1_FIXTURE_10,E1_NOHOOK_vs_ALPHA0,0,26,1,0.0,0.0,1.0000000000000002,0.0
G12_1_FIXTURE_10,E1_NOHOOK_vs_ALPHA0,0,27,1,0.0,0.0,1.0,0.0
G12_1_FIXTURE_10,E1_NOHOOK_vs_ALPHA0,0,28,1,0.0,0.0,1.0,0.0
G12_1_FIXTURE_10,E1_NOHOOK_vs_ALPHA0,0,29,1,0.0,0.0,1.0,0.0
G12_1_FIXTURE_10,E1_NOHOOK_vs_ALPHA0,0,30,1,0.0,0.0,0.9999999999999999,0.0
G12_1_FIXTURE_10,E1_NOHOOK_vs_ALPHA0,0,31,1,0.0,0.0,1.0,0.0
G12_1_FIXTURE_10,E1_NOHOOK_vs_ALPHA0,0,32,1,0.0,0.0,0.9999999999999999,0.0
G12_1_FIXTURE_10,E2_NOHOOK_vs_ALPHA0,0,0,1,0.0,0.0,1.0,0.0
G12_1_FIXTURE_10,E2_NOHOOK_vs_ALPHA0,0,1,1,0.0,0.0,1.0,0.0
G12_1_FIXTURE_10,E2_NOHOOK_vs_ALPHA0,0,2,1,0.0,0.0,1.0,0.0
G12_1_FIXTURE_10,E2_NOHOOK_vs_ALPHA0,0,3,1,0.0,0.0,1.0,0.0
G12_1_FIXTURE_10,E2_NOHOOK_vs_ALPHA0,0,4,1,0.0,0.0,1.0,0.0
G12_1_FIXTURE_10,E2_NOHOOK_vs_ALPHA0,0,5,1,0.0,0.0,1.0000000000000002,0.0
G12_1_FIXTURE_10,E2_NOHOOK_vs_ALPHA0,0,6,1,0.0,0.0,0.9999999999999998,0.0
G12_1_FIXTURE_10,E2_NOHOOK_vs_ALPHA0,0,7,1,0.0,0.0,1.0,0.0
G12_1_FIXTURE_10,E2_NOHOOK_vs_ALPHA0,0,8,1,0.0,0.0,0.9999999999999998,0.0
G12_1_FIXTURE_10,E2_NOHOOK_vs_ALPHA0,0,9,1,0.0,0.0,1.0,0.0
G12_1_FIXTURE_10,E2_NOHOOK_vs_ALPHA0,0,10,1,0.0,0.0,1.0,0.0
G12_1_FIXTURE_10,E2_NOHOOK_vs_ALPHA0,0,11,1,0.0,0.0,1.0000000000000002,0.0
G12_1_FIXTURE_10,E2_NOHOOK_vs_ALPHA0,0,12,1,0.0,0.0,1.0,0.0
G12_1_FIXTURE_10,E2_NOHOOK_vs_ALPHA0,0,13,1,0.0,0.0,1.0000000000000002,0.0
G12_1_FIXTURE_10,E2_NOHOOK_vs_ALPHA0,0,14,1,0.0,0.0,1.0,0.0
G12_1_FIXTURE_10,E2_NOHOOK_vs_ALPHA0,0,15,1,0.0,0.0,0.9999999999999998,0.0
G12_1_FIXTURE_10,E2_NOHOOK_vs_ALPHA0,0,16,1,0.0,0.0,1.0,0.0
G12_1_FIXTURE_10,E2_NOHOOK_vs_ALPHA0,0,17,1,0.0,0.0,0.9999999999999998,0.0
G12_1_FIXTURE_10,E2_NOHOOK_vs_ALPHA0,0,18,1,0.0,0.0,0.9999999999999999,0.0
G12_1_FIXTURE_10,E2_NOHOOK_vs_ALPHA0,0,19,1,0.0,0.0,1.0,0.0
G12_1_FIXTURE_10,E2_NOHOOK_vs_ALPHA0,0,20,1,0.0,0.0,1.0,0.0
G12_1_FIXTURE_10,E2_NOHOOK_vs_ALPHA0,0,21,1,0.0,0.0,1.0000000000000002,0.0
G12_1_FIXTURE_10,E2_NOHOOK_vs_ALPHA0,0,22,1,0.0,0.0,1.0,0.0
G12_1_FIXTURE_10,E2_NOHOOK_vs_ALPHA0,0,23,1,0.0,0.0,1.0000000000000002,0.0
G12_1_FIXTURE_10,E2_NOHOOK_vs_ALPHA0,0,24,1,0.0,0.0,1.0,0.0
G12_1_FIXTURE_10,E2_NOHOOK_vs_ALPHA0,0,25,1,0.0,0.0,1.0000000000000002,0.0
G12_1_FIXTURE_10,E2_NOHOOK_vs_ALPHA0,0,26,1,0.0,0.0,1.0,0.0
G12_1_FIXTURE_10,E2_NOHOOK_vs_ALPHA0,0,27,1,0.0,0.0,1.0,0.0
G12_1_FIXTURE_10,E2_NOHOOK_vs_ALPHA0,0,28,1,0.0,0.0,1.0,0.0
G12_1_FIXTURE_10,E2_NOHOOK_vs_ALPHA0,0,29,1,0.0,0.0,1.0,0.0
G12_1_FIXTURE_10,E2_NOHOOK_vs_ALPHA0,0,30,1,0.0,0.0,0.9999999999999999,0.0
G12_1_FIXTURE_10,E2_NOHOOK_vs_ALPHA0,0,31,1,0.0,0.0,1.0000000000000002,0.0
G12_1_FIXTURE_10,E2_NOHOOK_vs_ALPHA0,0,32,1,0.0,0.0,1.0000000000000002,0.0
G12_1_FIXTURE_10,E0_vs_E1,0.01,0,1,6.817198099256236e-05,0.018583799967172965,0.9999916299209813,0.125
G12_1_FIXTURE_10,E0_vs_E1,0.01,1,1,0.00010794748058240466,0.030787020086640027,0.9999765845613034,0.09375
G12_1_FIXTURE_10,E0_vs_E1,0.01,2,1,4.6077822812334136e-05,0.0035945784654458635,0.9999895666623059,0.078125
G12_1_FIXTURE_10,E0_vs_E1,0.01,3,1,0.00014089804065586505,0.02008890182488443,0.9999800978173385,0.125
G12_1_FIXTURE_10,E0_vs_E1,0.01,4,1,7.25066117869004e-05,0.009033699863367772,0.9999801238240357,0.140625
G12_1_FIXTURE_10,E0_vs_E1,0.01,5,1,7.361571563915765e-05,0.03912631644180031,0.9999598046261002,0.09375
G12_1_FIXTURE_10,E0_vs_E1,0.01,6,1,7.529221146642382e-05,0.004154661218198186,0.9999848546208396,0.1015625
G12_1_FIXTURE_10,E0_vs_E1,0.01,7,1,5.321671567421516e-05,0.03446707818168271,0.9999935326120726,0.09375
G12_1_FIXTURE_10,E0_vs_E1,0.01,8,1,7.479277362312046e-05,0.029831202796112066,0.9999892233011465,0.09375
G12_1_FIXTURE_10,E0_vs_E1,0.01,9,1,0.00010115275138442806,0.01767334974877599,0.9999672039394256,0.125
G12_1_FIXTURE_10,E0_vs_E1,0.01,10,1,5.438085707683354e-05,0.007912125138346937,0.9999843604048939,0.125
G12_1_FIXTURE_10,E0_vs_E1,0.01,11,1,6.757433241526316e-05,0.011134144489023612,0.9999892468826248,0.09375
G12_1_FIXTURE_10,E0_vs_E1,0.01,12,1,6.460002911303373e-05,0.025698285835050072,0.9999837268532393,0.140625
G12_1_FIXTURE_10,E0_vs_E1,0.01,13,1,4.9613300413060585e-05,0.011621868077469344,0.9999835665066945,0.09375
G12_1_FIXTURE_10,E0_vs_E1,0.01,14,1,6.312477076826035e-05,0.03985137334601596,0.9999820749868435,0.109375
G12_1_FIXTURE_10,E0_vs_E1,0.01,15,1,8.455017218844972e-05,0.0055236342798750115,0.9999847981368172,0.125
G12_1_FIXTURE_10,E0_vs_E1,0.01,16,1,0.00010778819697135485,0.014991823575584817,0.9999616576573446,0.15625
G12_1_FIXTURE_10,E0_vs_E1,0.01,17,1,5.8340251381574994e-05,0.015900223353037646,0.9999902220699514,0.125
G12_1_FIXTURE_10,E0_vs_E1,0.01,18,1,8.819176462821832e-05,0.020563034452155904,0.9999776468503799,0.125
G12_1_FIXTURE_10,E0_vs_E1,0.01,19,1,5.785966190578859e-05,0.019085923717257813,0.9999920623210097,0.09375
G12_1_FIXTURE_10,E0_vs_E1,0.01,20,1,6.717505997175596e-05,0.012463690611209444,0.9999762175724457,0.125
G12_1_FIXTURE_10,E0_vs_E1,0.01,21,1,8.601648403181743e-05,0.02500832197166858,0.9999795838299533,0.125
G12_1_FIXTURE_10,E0_vs_E1,0.01,22,1,5.290021288773195e-05,0.02113792992077279,0.999989455841083,0.09375
G12_1_FIXTURE_10,E0_vs_E1,0.01,23,1,4.941012073630953e-05,0.00741981050134477,0.99998915825243,0.09375
G12_1_FIXTURE_10,E0_vs_E1,0.01,24,1,4.5597039839330854e-05,0.005663738691934483,0.9999913229069213,0.09375
G12_1_FIXTURE_10,E0_vs_E1,0.01,25,1,6.149239083485676e-05,0.009620495264734075,0.999985576554754,0.09375
G12_1_FIXTURE_10,E0_vs_E1,0.01,26,1,7.56291386079709e-05,0.007464328453718139,0.999988079624153,0.125
G12_1_FIXTURE_10,E0_vs_E1,0.01,27,1,5.571994979290722e-05,0.009438479821643142,0.999987804049785,0.109375
G12_1_FIXTURE_10,E0_vs_E1,0.01,28,1,8.879938671426101e-05,0.015734759438121415,0.9999745310785618,0.171875
G12_1_FIXTURE_10,E0_vs_E1,0.01,29,1,7.98893056714401e-05,0.022483148522614016,0.9999861380711906,0.109375
G12_1_FIXTURE_10,E0_vs_E1,0.01,30,1,6.22730911296114e-05,0.005811742409640885,0.9999872166551,0.125
G12_1_FIXTURE_10,E0_vs_E1,0.01,31,1,9.400486971604003e-05,0.041289133258503696,0.9999891282852671,0.1875
G12_1_FIXTURE_10,E0_vs_E1,0.01,32,1,4.067697262769124e-05,0.026292928124650672,0.999990952680824,0.09375
G12_1_FIXTURE_10,E1_vs_E2,0.01,0,0,6.121864222130493e-05,0.026690912630060737,0.9999917587628709,0.078125
G12_1_FIXTURE_10,E1_vs_E2,0.01,1,1,0.00010764147063193882,0.006482955244150546,0.9999740071802634,0.125
G12_1_FIXTURE_10,E1_vs_E2,0.01,2,1,0.00010109930666654231,0.02011897730744927,0.9999820206721189,0.125
G12_1_FIXTURE_10,E1_vs_E2,0.01,3,1,0.00012753215768779503,0.015088806078988881,0.9999719668178216,0.1875
G12_1_FIXTURE_10,E1_vs_E2,0.01,4,1,6.318333659208338e-05,0.011197607218903727,0.9999832944137507,0.125
G12_1_FIXTURE_10,E1_vs_E2,0.01,5,1,5.22743797872356e-05,0.0128391746252845,0.9999731954217894,0.109375
G12_1_FIXTURE_10,E1_vs_E2,0.01,6,1,0.00013328390491265386,0.0179961256605754,0.9999708153616391,0.1796875
G12_1_FIXTURE_10,E1_vs_E2,0.01,7,1,9.041091456980864e-05,0.020597149108391832,0.9999848556434978,0.1875
G12_1_FIXTURE_10,E1_vs_E2,0.01,8,1,7.543452128312304e-05,0.012620534540941364,0.9999882022268463,0.125
G12_1_FIXTURE_10,E1_vs_E2,0.01,9,1,8.762238422619853e-05,0.02353594621481747,0.999979684105382,0.125
G12_1_FIXTURE_10,E1_vs_E2,0.01,10,1,6.757318083402291e-05,0.04638264867733888,0.9999892718256883,0.125
G12_1_FIXTURE_10,E1_vs_E2,0.01,11,1,0.00010330667513115525,0.03332277694135399,0.9999838253292175,0.125
G12_1_FIXTURE_10,E1_vs_E2,0.01,12,1,7.024589893866347e-05,0.008274112679412582,0.9999847066134306,0.125
G12_1_FIXTURE_10,E1_vs_E2,0.01,13,1,0.00010306511825033417,0.011318355416076287,0.999978282436005,0.125
G12_1_FIXTURE_10,E1_vs_E2,0.01,14,1,7.81896326312474e-05,0.00598566575214754,0.9999872273491303,0.125
G12_1_FIXTURE_10,E1_vs_E2,0.01,15,1,7.289370522008173e-05,0.021629027127096023,0.9999879697038738,0.09375
G12_1_FIXTURE_10,E1_vs_E2,0.01,16,1,8.31165319524639e-05,0.0003394283925146624,0.9999720420172491,0.125
G12_1_FIXTURE_10,E1_vs_E2,0.01,17,1,6.0584618408842216e-05,0.018810122105803018,0.9999895548073904,0.125
G12_1_FIXTURE_10,E1_vs_E2,0.01,18,1,0.00011613924159615391,0.004526553725728633,0.9999674895269095,0.140625
G12_1_FIXTURE_10,E1_vs_E2,0.01,19,1,6.416120484327041e-05,0.006531487135282177,0.999990295758985,0.15625
G12_1_FIXTURE_10,E1_vs_E2,0.01,20,1,0.00010101855232731592,0.026788022741840223,0.9999689592657215,0.1875
G12_1_FIXTURE_10,E1_vs_E2,0.01,21,1,9.30814006279495e-05,0.04708670952172689,0.9999666715844308,0.1875
G12_1_FIXTURE_10,E1_vs_E2,0.01,22,1,6.986830787987882e-05,0.014068488129680645,0.9999844706684333,0.125
G12_1_FIXTURE_10,E1_vs_E2,0.01,23,1,0.00010639246286510186,0.00616700919107771,0.999980358979196,0.15625
G12_1_FIXTURE_10,E1_vs_E2,0.01,24,1,5.542425490166628e-05,0.011783953800943436,0.9999890366401566,0.125
G12_1_FIXTURE_10,E1_vs_E2,0.01,25,1,7.184458215888208e-05,0.022516447186060162,0.9999684422905839,0.15625
G12_1_FIXTURE_10,E1_vs_E2,0.01,26,1,0.00017166413436952514,0.02690035327470497,0.9999750930824187,0.1875
G12_1_FIXTURE_10,E1_vs_E2,0.01,27,1,0.00015574061594105545,0.009900108092216087,0.9999780000678832,0.1875
G12_1_FIXTURE_10,E1_vs_E2,0.01,28,1,6.677182179941047e-05,0.020576423277020695,0.9999868064980116,0.140625
G12_1_FIXTURE_10,E1_vs_E2,0.01,29,1,8.416738757681578e-05,0.021922683302371127,0.9999821251623301,0.125
G12_1_FIXTURE_10,E1_vs_E2,0.01,30,1,6.733288689293878e-05,0.0037747501755092117,0.9999840647204818,0.09375
G12_1_FIXTURE_10,E1_vs_E2,0.01,31,1,0.00011272370568186289,0.0010171401963052773,0.999988874973831,0.09375
G12_1_FIXTURE_10,E1_vs_E2,0.01,32,1,6.0286333996934776e-05,0.013893497790018472,0.9999847241409623,0.15625
G12_1_FIXTURE_10,E0_vs_E1,0.1,0,1,6.643843906299678e-05,0.003260953841349945,0.999989638032003,0.125
G12_1_FIXTURE_10,E0_vs_E1,0.1,1,1,0.0001273929754788038,0.002671031997680373,0.9999523810438564,0.125
G12_1_FIXTURE_10,E0_vs_E1,0.1,2,1,7.081168987180673e-05,0.023430729687873963,0.9999892275823329,0.125
G12_1_FIXTURE_10,E0_vs_E1,0.1,3,1,0.00010488660104208008,0.026242469372347088,0.9999701742492902,0.1328125
G12_1_FIXTURE_10,E0_vs_E1,0.1,4,1,5.481989058632866e-05,0.005606662727734246,0.999989072802373,0.1015625
G12_1_FIXTURE_10,E0_vs_E1,0.1,5,1,5.434026873421473e-05,0.026040942878601925,0.9999749256196654,0.09375
G12_1_FIXTURE_10,E0_vs_E1,0.1,6,1,0.0001066333526863475,0.032277717387538374,0.9999836944176124,0.125
G12_1_FIXTURE_10,E0_vs_E1,0.1,7,1,9.554759918203903e-05,0.0003064900951770255,0.9999896150692728,0.125
G12_1_FIXTURE_10,E0_vs_E1,0.1,8,1,0.00011025833782849756,0.007751887240356581,0.9999836851432002,0.203125
G12_1_FIXTURE_10,E0_vs_E1,0.1,9,1,6.929675998777023e-05,0.02011883305843476,0.9999832565383227,0.09375
G12_1_FIXTURE_10,E0_vs_E1,0.1,10,1,6.523304676534208e-05,0.004384870607200497,0.9999773293644627,0.109375
G12_1_FIXTURE_10,E0_vs_E1,0.1,11,1,6.699258723607046e-05,0.005380147173021044,0.9999912036997508,0.125
G12_1_FIXTURE_10,E0_vs_E1,0.1,12,1,7.265745820717899e-05,0.02308255825465899,0.9999839035125541,0.15625
G12_1_FIXTURE_10,E0_vs_E1,0.1,13,1,4.894201998370968e-05,0.001065861037162108,0.9999882375422191,0.09375
G12_1_FIXTURE_10,E0_vs_E1,0.1,14,1,7.770946702963537e-05,0.013717533539033155,0.9999786459975202,0.125
G12_1_FIXTURE_10,E0_vs_E1,0.1,15,1,6.669120875392562e-05,0.0064045049455785374,0.9999877130830962,0.125
G12_1_FIXTURE_10,E0_vs_E1,0.1,16,0,0.00010032900626549541,0.008826490144354437,0.9999806551129783,0.125
G12_1_FIXTURE_10,E0_vs_E1,0.1,17,1,5.891033659130584e-05,0.001705105532417761,0.9999911531778335,0.09375
G12_1_FIXTURE_10,E0_vs_E1,0.1,18,1,6.265979379230302e-05,0.0234988046388942,0.9999853922293568,0.09375
G12_1_FIXTURE_10,E0_vs_E1,0.1,19,1,6.099153223916142e-05,0.0005315566607126954,0.9999891201058754,0.125
G12_1_FIXTURE_10,E0_vs_E1,0.1,20,1,7.244670939237312e-05,0.0045974125937746635,0.9999812052228588,0.125
G12_1_FIXTURE_10,E0_vs_E1,0.1,21,1,9.269718617283757e-05,0.009661888021193832,0.9999775629963991,0.125
G12_1_FIXTURE_10,E0_vs_E1,0.1,22,1,6.611984277995775e-05,0.035162706946124445,0.9999864044473471,0.09375
G12_1_FIXTURE_10,E0_vs_E1,0.1,23,1,5.660430229504638e-05,0.012245519774340963,0.9999880795388956,0.109375
G12_1_FIXTURE_10,E0_vs_E1,0.1,24,1,4.930072176895413e-05,0.028223343179819338,0.9999915182865591,0.09375
G12_1_FIXTURE_10,E0_vs_E1,0.1,25,1,5.197403130534212e-05,0.037566365820016046,0.9999867238539878,0.09375
G12_1_FIXTURE_10,E0_vs_E1,0.1,26,1,0.00010812230693126303,0.010493474309230422,0.9999860392538693,0.125
G12_1_FIXTURE_10,E0_vs_E1,0.1,27,1,5.3827096593493564e-05,0.0008877639059239328,0.9999859849680001,0.09375
G12_1_FIXTURE_10,E0_vs_E1,0.1,28,1,7.241708077156638e-05,0.011652868685045448,0.9999827574453164,0.140625
G12_1_FIXTURE_10,E0_vs_E1,0.1,29,1,9.254787009948197e-05,0.0028138609882759624,0.9999846086378892,0.125
G12_1_FIXTURE_10,E0_vs_E1,0.1,30,1,7.9722932184948e-05,0.03193550622244068,0.9999863871346096,0.125
G12_1_FIXTURE_10,E0_vs_E1,0.1,31,1,7.467256913571232e-05,0.003099308267977108,0.99998653455544,0.125
G12_1_FIXTURE_10,E0_vs_E1,0.1,32,1,7.584893502006425e-05,0.02396519291521315,0.9999879485162821,0.078125
G12_1_FIXTURE_10,E1_vs_E2,0.1,0,1,5.834960011225803e-05,0.008060770297525721,0.9999913977132386,0.09375
G12_1_FIXTURE_10,E1_vs_E2,0.1,1,1,0.00010807718091039124,0.0021786420752167857,0.999939480454326,0.15625
G12_1_FIXTURE_10,E1_vs_E2,0.1,2,1,6.1008605165547186e-05,0.004751795007246429,0.9999873916157513,0.125
G12_1_FIXTURE_10,E1_vs_E2,0.1,3,1,0.0003873102193988299,0.033166148709598886,0.9999693366306209,0.140625
G12_1_FIXTURE_10,E1_vs_E2,0.1,4,1,5.742438613550233e-05,0.0004454702531440091,0.9999886568847037,0.09375
G12_1_FIXTURE_10,E1_vs_E2,0.1,5,1,5.497740753659119e-05,0.00562067863600646,0.9999725937352453,0.09375
G12_1_FIXTURE_10,E1_vs_E2,0.1,6,1,0.00016378909996464318,0.034188303282023824,0.9999777754970816,0.125
G12_1_FIXTURE_10,E1_vs_E2,0.1,7,1,8.314947698957314e-05,0.008960044918847387,0.9999881626798877,0.125
G12_1_FIXTURE_10,E1_vs_E2,0.1,8,1,7.980978466844103e-05,0.009935463239271414,0.9999878494777612,0.125
G12_1_FIXTURE_10,E1_vs_E2,0.1,9,1,0.00011515014600962603,0.06869437335694073,0.9999590211178085,0.15625
G12_1_FIXTURE_10,E1_vs_E2,0.1,10,1,7.249193128274411e-05,0.011511204528289909,0.9999833399565395,0.1875
G12_1_FIXTURE_10,E1_vs_E2,0.1,11,0,0.00011606232410420224,0.036747238423153306,0.9999859884894593,0.1875
G12_1_FIXTURE_10,E1_vs_E2,0.1,12,1,6.608319836007078e-05,0.029148255007958923,0.9999873452184349,0.125
G12_1_FIXTURE_10,E1_vs_E2,0.1,13,1,6.944261574792678e-05,0.0007051660971217899,0.9999860580382188,0.125
G12_1_FIXTURE_10,E1_vs_E2,0.1,14,1,5.991229755957525e-05,0.006381972510428824,0.9999901177139093,0.09375
G12_1_FIXTURE_10,E1_vs_E2,0.1,15,1,8.213442622579965e-05,0.021290951546617976,0.9999851510282813,0.09375
G12_1_FIXTURE_10,E1_vs_E2,0.1,16,0,7.684760620133577e-05,0.0004946749026935038,0.9999812150772116,0.125
G12_1_FIXTURE_10,E1_vs_E2,0.1,17,0,5.382450738813943e-05,0.028540466039281398,0.9999908522702098,0.125
G12_1_FIXTURE_10,E1_vs_E2,0.1,18,1,8.84689926207661e-05,0.02260451266888097,0.9999732259173412,0.125
G12_1_FIXTURE_10,E1_vs_E2,0.1,19,1,5.475655884949313e-05,0.0020668926643860885,0.9999890032145068,0.125
G12_1_FIXTURE_10,E1_vs_E2,0.1,20,1,9.732910191801125e-05,0.003582241048498247,0.9999783198404496,0.125
G12_1_FIXTURE_10,E1_vs_E2,0.1,21,1,0.0001094123585127033,0.02104754111627294,0.9999632438364197,0.15625
G12_1_FIXTURE_10,E1_vs_E2,0.1,22,1,8.868204171563179e-05,0.043736517779395356,0.9999816467228415,0.125
G12_1_FIXTURE_10,E1_vs_E2,0.1,23,1,9.353942630983299e-05,0.03969581905743169,0.9999780511913358,0.125
G12_1_FIXTURE_10,E1_vs_E2,0.1,24,1,5.3309166240739735e-05,0.010496321853407764,0.9999894924086249,0.09375
G12_1_FIXTURE_10,E1_vs_E2,0.1,25,1,5.734101427477546e-05,0.010446186457402362,0.999986837280944,0.12109375
G12_1_FIXTURE_10,E1_vs_E2,0.1,26,1,0.00022286330166003182,0.06905724346965947,0.9999812441591682,0.1875
G12_1_FIXTURE_10,E1_vs_E2,0.1,27,1,0.00013490249455025958,0.010417100872201601,0.9999767706104722,0.125
G12_1_FIXTURE_10,E1_vs_E2,0.1,28,1,5.704586074094871e-05,0.02745262518226177,0.9999900225196212,0.09375
G12_1_FIXTURE_10,E1_vs_E2,0.1,29,1,0.00010477864008619719,0.007412899845474996,0.9999832235252023,0.125
G12_1_FIXTURE_10,E1_vs_E2,0.1,30,1,7.169693869973453e-05,0.004176681662855231,0.999985663212494,0.125
G12_1_FIXTURE_10,E1_vs_E2,0.1,31,1,0.00010731067944007614,0.02533643968781263,0.999985757028603,0.125
G12_1_FIXTURE_10,E1_vs_E2,0.1,32,1,8.645389936279041e-05,0.03469981650337495,0.9999847056706392,0.109375
G12_1_FIXTURE_10,E0_vs_E1,97.8516893058,0,1,8.526972928496159e-05,0.025281633172991036,0.9999878233869031,0.125
G12_1_FIXTURE_10,E0_vs_E1,97.8516893058,1,1,0.00010129120843418288,0.021725519235054946,0.999971708252839,0.1484375
G12_1_FIXTURE_10,E0_vs_E1,97.8516893058,2,1,6.048669908825449e-05,0.01294345825725074,0.9999883610953331,0.09375
G12_1_FIXTURE_10,E0_vs_E1,97.8516893058,3,1,0.00015405691407643647,0.018450681600198138,0.9999751936098202,0.203125
G12_1_FIXTURE_10,E0_vs_E1,97.8516893058,4,1,5.327211971530106e-05,0.010912251428969455,0.9999874063711414,0.125
G12_1_FIXTURE_10,E0_vs_E1,97.8516893058,5,1,7.108530366301144e-05,0.0015777928609495007,0.9999638700585568,0.125
G12_1_FIXTURE_10,E0_vs_E1,97.8516893058,6,1,8.933630220652182e-05,0.007736405690094372,0.9999880705778346,0.125
G12_1_FIXTURE_10,E0_vs_E1,97.8516893058,7,1,8.740631128209065e-05,0.017354775898571262,0.9999845461130242,0.125
G12_1_FIXTURE_10,E0_vs_E1,97.8516893058,8,1,8.879640147736265e-05,0.00013078477719297155,0.999982880750883,0.1875
G12_1_FIXTURE_10,E0_vs_E1,97.8516893058,9,1,9.872557634748116e-05,0.004009447054118098,0.9999767672935952,0.125
G12_1_FIXTURE_10,E0_vs_E1,97.8516893058,10,1,7.69943469447556e-05,0.014775148656401171,0.9999755849316238,0.140625
G12_1_FIXTURE_10,E0_vs_E1,97.8516893058,11,1,5.894115598516957e-05,0.0020860424159927504,0.9999906838754142,0.109375
G12_1_FIXTURE_10,E0_vs_E1,97.8516893058,12,1,5.660253720637617e-05,0.003538563264783079,0.999988151745944,0.125
G12_1_FIXTURE_10,E0_vs_E1,97.8516893058,13,1,6.067145200937915e-05,0.0013405528621373008,0.9999889481343536,0.09375
G12_1_FIXTURE_10,E0_vs_E1,97.8516893058,14,1,5.7351391192357506e-05,0.03971276787440026,0.9999910403976028,0.09375
G12_1_FIXTURE_10,E0_vs_E1,97.8516893058,15,1,7.04553567443388e-05,0.02058717741970817,0.9999888503772016,0.125
G12_1_FIXTURE_10,E0_vs_E1,97.8516893058,16,1,7.982102616243463e-05,0.020050003884710677,0.9999774966759949,0.1171875
G12_1_FIXTURE_10,E0_vs_E1,97.8516893058,17,1,3.750581376037808e-05,0.025988615377691815,0.999992067983013,0.078125
G12_1_FIXTURE_10,E0_vs_E1,97.8516893058,18,1,6.149889476400995e-05,0.0021904179730114492,0.9999854710129515,0.09375
G12_1_FIXTURE_10,E0_vs_E1,97.8516893058,19,1,5.498258129099139e-05,0.00646251210060278,0.999992701432373,0.09375
G12_1_FIXTURE_10,E0_vs_E1,97.8516893058,20,1,6.890443013580854e-05,0.000762503904077505,0.9999826933674337,0.125
G12_1_FIXTURE_10,E0_vs_E1,97.8516893058,21,0,6.172634997715077e-05,0.01858148280889438,0.9999875577540902,0.125
G12_1_FIXTURE_10,E0_vs_E1,97.8516893058,22,1,6.113306266326984e-05,0.0010722092916282122,0.9999880152057425,0.09375
G12_1_FIXTURE_10,E0_vs_E1,97.8516893058,23,1,5.825051454716305e-05,0.02830289597102542,0.9999896434629172,0.15625
G12_1_FIXTURE_10,E0_vs_E1,97.8516893058,24,1,4.927541850696387e-05,0.02668946614726586,0.9999877281328621,0.09375
G12_1_FIXTURE_10,E0_vs_E1,97.8516893058,25,1,7.011806009068854e-05,0.01977778992712942,0.9999825095852224,0.115234375
G12_1_FIXTURE_10,E0_vs_E1,97.8516893058,26,1,0.00016965913541481864,0.007822953278774136,0.9999854187999329,0.125
G12_1_FIXTURE_10,E0_vs_E1,97.8516893058,27,1,6.778037539143702e-05,0.004676009834279071,0.999988652081175,0.09375
G12_1_FIXTURE_10,E0_vs_E1,97.8516893058,28,1,6.052370594749313e-05,0.00685849397035021,0.9999901600794442,0.09375
G12_1_FIXTURE_10,E0_vs_E1,97.8516893058,29,1,0.00017229609025054928,0.0324485327309052,0.999978691141423,0.125
G12_1_FIXTURE_10,E0_vs_E1,97.8516893058,30,1,7.073872637518064e-05,0.007059331402539115,0.9999865046455952,0.09375
G12_1_FIXTURE_10,E0_vs_E1,97.8516893058,31,1,0.00014049692920325985,0.007834553880300632,0.999983552127523,0.15625
G12_1_FIXTURE_10,E0_vs_E1,97.8516893058,32,1,7.667054040554045e-05,0.02326008151063874,0.9999881534520537,0.09375
G12_1_FIXTURE_10,E1_vs_E2,97.8516893058,0,1,7.867943714450984e-05,0.017990026214803834,0.9999888364158276,0.125
G12_1_FIXTURE_10,E1_vs_E2,97.8516893058,1,1,0.00010401686809452407,0.010634136807309957,0.9999733033696638,0.171875
G12_1_FIXTURE_10,E1_vs_E2,97.8516893058,2,1,3.714444332524526e-05,0.02837119035249458,0.9999897015251392,0.09375
G12_1_FIXTURE_10,E1_vs_E2,97.8516893058,3,1,8.458791043282444e-05,0.030271138231816153,0.9999724034072078,0.125
G12_1_FIXTURE_10,E1_vs_E2,97.8516893058,4,1,6.414764280404808e-05,0.012381436982824567,0.9999884249060574,0.125
G12_1_FIXTURE_10,E1_vs_E2,97.8516893058,5,1,7.477673295713078e-05,0.010938045773876581,0.9999728720168503,0.09375
G12_1_FIXTURE_10,E1_vs_E2,97.8516893058,6,1,8.883321082757886e-05,0.005031358530013463,0.9999861079834519,0.125
G12_1_FIXTURE_10,E1_vs_E2,97.8516893058,7,1,9.742214187706186e-05,0.011494813383277958,0.9999874966023341,0.125
G12_1_FIXTURE_10,E1_vs_E2,97.8516893058,8,1,0.00010415980194694542,0.01665043488293705,0.9999861946374118,0.125
G12_1_FIXTURE_10,E1_vs_E2,97.8516893058,9,1,0.00020065974771525685,0.04154443693124499,0.9999712237418394,0.125
G12_1_FIXTURE_10,E1_vs_E2,97.8516893058,10,1,8.608908072282764e-05,0.02134127753590853,0.999984956717414,0.15625
G12_1_FIXTURE_10,E1_vs_E2,97.8516893058,11,1,8.754313362639607e-05,0.034369682962609005,0.9999829909405905,0.15625
G12_1_FIXTURE_10,E1_vs_E2,97.8516893058,12,1,6.604516006644477e-05,0.019554242367968655,0.9999845268269473,0.125
G12_1_FIXTURE_10,E1_vs_E2,97.8516893058,13,1,6.549096348089324e-05,0.011777672881642332,0.9999852087068603,0.09375
G12_1_FIXTURE_10,E1_vs_E2,97.8516893058,14,1,7.162657716715574e-05,0.018304418688595447,0.9999888642943322,0.09375
G12_1_FIXTURE_10,E1_vs_E2,97.8516893058,15,1,6.430041192049074e-05,0.0013912623470204721,0.9999879886796276,0.15625
G12_1_FIXTURE_10,E1_vs_E2,97.8516893058,16,1,6.566468462458402e-05,0.012184724199348906,0.9999787434280653,0.125
G12_1_FIXTURE_10,E1_vs_E2,97.8516893058,17,1,5.761241447243404e-05,0.015298606722771169,0.9999890709755405,0.125
G12_1_FIXTURE_10,E1_vs_E2,97.8516893058,18,1,0.00010525546261275155,0.006578913045821366,0.99997193240557,0.1328125
G12_1_FIXTURE_10,E1_vs_E2,97.8516893058,19,1,7.874324869952656e-05,0.0023266749217647487,0.9999904554417398,0.125
G12_1_FIXTURE_10,E1_vs_E2,97.8516893058,20,1,0.0001232141756883565,0.00328963709360508,0.9999699839588174,0.1328125
G12_1_FIXTURE_10,E1_vs_E2,97.8516893058,21,1,8.7839416032428e-05,0.009142649121086421,0.9999832212200673,0.125
G12_1_FIXTURE_10,E1_vs_E2,97.8516893058,22,1,4.835952786643618e-05,0.016448712725324555,0.9999891234874491,0.09375
G12_1_FIXTURE_10,E1_vs_E2,97.8516893058,23,1,6.633318220734261e-05,0.03149711816056211,0.9999882834315381,0.125
G12_1_FIXTURE_10,E1_vs_E2,97.8516893058,24,1,5.860279628892081e-05,0.010213306286239288,0.9999899029952188,0.09375
G12_1_FIXTURE_10,E1_vs_E2,97.8516893058,25,1,6.460507624726148e-05,0.009617255188784313,0.9999857183146205,0.09375
G12_1_FIXTURE_10,E1_vs_E2,97.8516893058,26,1,0.0002491485053838545,0.015791635303592955,0.9999792422926519,0.125
G12_1_FIXTURE_10,E1_vs_E2,97.8516893058,27,1,0.00012070532274179632,0.004205736512920666,0.9999832050974417,0.125
G12_1_FIXTURE_10,E1_vs_E2,97.8516893058,28,1,5.389652836937221e-05,0.014182207329275442,0.9999908861774367,0.09375
G12_1_FIXTURE_10,E1_vs_E2,97.8516893058,29,1,9.452303513178334e-05,0.0028992327696055753,0.9999872940038336,0.09375
G12_1_FIXTURE_10,E1_vs_E2,97.8516893058,30,1,7.139432343196894e-05,0.00831459443229221,0.999976199691059,0.125
G12_1_FIXTURE_10,E1_vs_E2,97.8516893058,31,1,0.0001335005909524718,0.00814909091330307,0.9999831196989575,0.125
G12_1_FIXTURE_10,E1_vs_E2,97.8516893058,32,1,7.245354532622239e-05,0.0011862294761240122,0.999980623316465,0.125
G12_1_FIXTURE_11,E0_vs_E1,NO_HOOK,0,1,7.182780362999633e-05,0.017921704432630747,0.9999879090304185,0.09375
G12_1_FIXTURE_11,E0_vs_E1,NO_HOOK,1,1,0.0001037581170101646,0.01900031085403242,0.999979975136799,0.125
G12_1_FIXTURE_11,E0_vs_E1,NO_HOOK,2,1,6.027554243658072e-05,0.010798855633209925,0.999991083405545,0.09375
G12_1_FIXTURE_11,E1_vs_E2,NO_HOOK,0,1,4.550904149989566e-08,1.240531921098409e-05,0.9999999889804025,0.03125
G12_1_FIXTURE_11,E1_vs_E2,NO_HOOK,1,1,0.00011809496063762171,0.051813336880094596,0.9999725799748401,0.125
G12_1_FIXTURE_11,E1_vs_E2,NO_HOOK,2,1,6.210429121050379e-05,0.012163685309975136,0.999992213333775,0.09375
G12_1_FIXTURE_11,E0_vs_E1,0,0,1,7.182780362999633e-05,0.017921704432630747,0.9999879090304185,0.09375
G12_1_FIXTURE_11,E0_vs_E1,0,1,1,0.0001037581170101646,0.01900031085403242,0.999979975136799,0.125
G12_1_FIXTURE_11,E0_vs_E1,0,2,1,6.027554243658072e-05,0.010798855633209925,0.999991083405545,0.09375
G12_1_FIXTURE_11,E1_vs_E2,0,0,1,4.550904149989566e-08,1.240531921098409e-05,0.9999999889804025,0.03125
G12_1_FIXTURE_11,E1_vs_E2,0,1,1,0.00011809496063762171,0.051813336880094596,0.9999725799748401,0.125
G12_1_FIXTURE_11,E1_vs_E2,0,2,1,6.210429121050379e-05,0.012163685309975136,0.999992213333775,0.09375
G12_1_FIXTURE_11,E0_NOHOOK_vs_ALPHA0,0,0,1,0.0,0.0,0.9999999999999998,0.0
G12_1_FIXTURE_11,E0_NOHOOK_vs_ALPHA0,0,1,1,0.0,0.0,0.9999999999999998,0.0
G12_1_FIXTURE_11,E0_NOHOOK_vs_ALPHA0,0,2,1,0.0,0.0,1.0000000000000002,0.0
G12_1_FIXTURE_11,E1_NOHOOK_vs_ALPHA0,0,0,1,0.0,0.0,1.0,0.0
G12_1_FIXTURE_11,E1_NOHOOK_vs_ALPHA0,0,1,1,0.0,0.0,0.9999999999999998,0.0
G12_1_FIXTURE_11,E1_NOHOOK_vs_ALPHA0,0,2,1,0.0,0.0,0.9999999999999998,0.0
G12_1_FIXTURE_11,E2_NOHOOK_vs_ALPHA0,0,0,1,0.0,0.0,1.0000000000000002,0.0
G12_1_FIXTURE_11,E2_NOHOOK_vs_ALPHA0,0,1,1,0.0,0.0,0.9999999999999998,0.0
G12_1_FIXTURE_11,E2_NOHOOK_vs_ALPHA0,0,2,1,0.0,0.0,0.9999999999999998,0.0
G12_1_FIXTURE_11,E0_vs_E1,0.01,0,1,9.898660801684018e-05,0.0022701325788734295,0.9999881121242834,0.125
G12_1_FIXTURE_11,E0_vs_E1,0.01,1,1,9.948075804928951e-05,0.029834981383899617,0.9999769838915284,0.125
G12_1_FIXTURE_11,E0_vs_E1,0.01,2,1,6.795436414266972e-05,0.041356525536791366,0.9999895327094956,0.109375
G12_1_FIXTURE_11,E1_vs_E2,0.01,0,1,3.486654611128043e-08,9.603273429803494e-06,0.9999999891897222,0.03125
G12_1_FIXTURE_11,E1_vs_E2,0.01,1,1,0.00012023374905315715,0.04299590922820329,0.9999795628740878,0.125
G12_1_FIXTURE_11,E1_vs_E2,0.01,2,1,5.858567467296818e-05,0.031307170680019425,0.9999929196743577,0.0625
G12_1_FIXTURE_11,E0_vs_E1,0.1,0,1,0.00011767838346443454,0.01886900291598792,0.9999765971506985,0.15625
G12_1_FIXTURE_11,E0_vs_E1,0.1,1,1,9.775182296434112e-05,0.007748239221657016,0.9999698349050168,0.125
G12_1_FIXTURE_11,E0_vs_E1,0.1,2,1,6.134823291583679e-05,0.011547802276931307,0.9999907489504916,0.125
G12_1_FIXTURE_11,E1_vs_E2,0.1,0,1,6.217670481095855e-08,1.6550755686850493e-05,0.9999999879907252,0.03125
G12_1_FIXTURE_11,E1_vs_E2,0.1,1,1,0.00010147058133340213,0.022802165420943155,0.9999760221922951,0.109375
G12_1_FIXTURE_11,E1_vs_E2,0.1,2,1,5.2431800139364e-05,0.008706844255835122,0.9999932805534765,0.09375
G12_1_FIXTURE_11,E0_vs_E1,97.8516893058,0,1,0.00015483884516963688,0.007691412686746446,0.9999718311706001,0.1328125
G12_1_FIXTURE_11,E0_vs_E1,97.8516893058,1,1,9.793174147052094e-05,0.008453857343116766,0.9999798501317104,0.09375
G12_1_FIXTURE_11,E0_vs_E1,97.8516893058,2,1,8.318188173623957e-05,0.014029310171260079,0.9999895501183981,0.125
G12_1_FIXTURE_11,E1_vs_E2,97.8516893058,0,1,4.2200441079954516e-07,6.317521392951164e-05,0.999999984678401,0.0625
G12_1_FIXTURE_11,E1_vs_E2,97.8516893058,1,1,0.00010954388972573137,0.027911961344759817,0.9999733744100433,0.125
G12_1_FIXTURE_11,E1_vs_E2,97.8516893058,2,1,6.634404993272592e-05,0.0051524413044958806,0.999987983258653,0.140625
G12_1_FIXTURE_00,E3_vs_E4,NO_HOOK,0,1,7.246354878277423e-13,4.33254957954432e-06,0.9999999999998457,8.58306884765625e-06
G12_1_FIXTURE_00,E3_vs_E4,NO_HOOK,1,1,3.6910437552094144e-13,4.259732794054116e-06,0.9999999999999342,9.775161743164062e-06
G12_1_FIXTURE_00,E3_vs_E4,0,0,1,7.246354878277423e-13,4.33254957954432e-06,0.9999999999998457,8.58306884765625e-06
G12_1_FIXTURE_00,E3_vs_E4,0,1,1,3.6910437552094144e-13,4.259732794054116e-06,0.9999999999999342,9.775161743164062e-06
G12_1_FIXTURE_00,E0_vs_E3,0,0,1,8.363542659656906e-05,0.023882163518837984,0.9999820007304646,0.1725940704345703
G12_1_FIXTURE_00,E0_vs_E3,0,1,1,6.731866400916392e-05,0.0325537320911895,0.9999884959869101,0.14020919799804688
G12_1_FIXTURE_00,E3_NOHOOK_vs_ALPHA0,0,0,1,0.0,0.0,1.0,0.0
G12_1_FIXTURE_00,E3_NOHOOK_vs_ALPHA0,0,1,1,0.0,0.0,1.0,0.0
G12_1_FIXTURE_00,E4_NOHOOK_vs_ALPHA0,0,0,1,0.0,0.0,1.0000000000000002,0.0
G12_1_FIXTURE_00,E4_NOHOOK_vs_ALPHA0,0,1,1,0.0,0.0,1.0,0.0
G12_1_FIXTURE_00,E3_vs_E4,0.01,0,1,7.163003813120984e-13,2.7476257749015076e-06,0.9999999999998835,8.58306884765625e-06
G12_1_FIXTURE_00,E3_vs_E4,0.01,1,1,4.1437115212220925e-13,1.3135784406870243e-06,0.999999999999918,7.62939453125e-06
G12_1_FIXTURE_00,E3_vs_E4,0.1,0,1,7.273348035136627e-13,5.02203626950859e-06,0.9999999999997993,1.1444091796875e-05
G12_1_FIXTURE_00,E3_vs_E4,0.1,1,1,2.583058123926442e-13,2.3447355523842361e-07,0.9999999999999386,8.58306884765625e-06
G12_1_FIXTURE_00,E3_vs_E4,97.8516893058,0,1,3.0444145776233223e-13,3.43099929622781e-06,0.9999999999998325,9.5367431640625e-06
G12_1_FIXTURE_00,E3_vs_E4,97.8516893058,1,1,4.3083555008034443e-13,6.553636087147652e-07,0.9999999999999147,9.357929229736328e-06
G12_1_FIXTURE_00,E0_vs_E3,97.8516893058,0,1,6.158062437386814e-05,0.03150003307633398,0.9999842340434205,0.14638710021972656
G12_1_FIXTURE_00,E0_vs_E3,97.8516893058,1,1,6.214373982361878e-05,0.008176550254795245,0.9999842923321972,0.11794281005859375
G12_1_FIXTURE_01,E3_vs_E4,NO_HOOK,0,1,3.756749670800928e-13,5.311053570267177e-07,0.9999999999999569,1.3828277587890625e-05
G12_1_FIXTURE_01,E3_vs_E4,NO_HOOK,1,1,4.447065307442742e-13,7.98026025705667e-07,0.9999999999999348,1.3738870620727539e-05
G12_1_FIXTURE_01,E3_vs_E4,NO_HOOK,2,1,4.390077670664531e-13,4.855065682818349e-09,0.9999999999999316,1.049041748046875e-05
G12_1_FIXTURE_01,E3_vs_E4,0,0,1,3.756749670800928e-13,5.311053570267177e-07,0.9999999999999569,1.3828277587890625e-05
G12_1_FIXTURE_01,E3_vs_E4,0,1,1,4.447065307442742e-13,7.98026025705667e-07,0.9999999999999348,1.3738870620727539e-05
G12_1_FIXTURE_01,E3_vs_E4,0,2,1,4.390077670664531e-13,4.855065682818349e-09,0.9999999999999316,1.049041748046875e-05
G12_1_FIXTURE_01,E0_vs_E3,0,0,1,5.6277143294762425e-05,0.019181592606733133,0.9999945655363189,0.0994863510131836
G12_1_FIXTURE_01,E0_vs_E3,0,1,1,5.0746544429923024e-05,0.019493713040191096,0.9999930248487274,0.0931558609008789
G12_1_FIXTURE_01,E0_vs_E3,0,2,1,9.247619453493631e-05,0.0029077901224248137,0.9999899533944275,0.10053825378417969
G12_1_FIXTURE_01,E3_NOHOOK_vs_ALPHA0,0,0,1,0.0,0.0,0.9999999999999998,0.0
G12_1_FIXTURE_01,E3_NOHOOK_vs_ALPHA0,0,1,1,0.0,0.0,0.9999999999999999,0.0
G12_1_FIXTURE_01,E3_NOHOOK_vs_ALPHA0,0,2,1,0.0,0.0,1.0000000000000002,0.0
G12_1_FIXTURE_01,E4_NOHOOK_vs_ALPHA0,0,0,1,0.0,0.0,1.0,0.0
G12_1_FIXTURE_01,E4_NOHOOK_vs_ALPHA0,0,1,1,0.0,0.0,1.0,0.0
G12_1_FIXTURE_01,E4_NOHOOK_vs_ALPHA0,0,2,1,0.0,0.0,1.0,0.0
G12_1_FIXTURE_01,E3_vs_E4,0.01,0,1,3.5851234838805924e-13,3.8353994824547044e-07,0.999999999999959,1.049041748046875e-05
G12_1_FIXTURE_01,E3_vs_E4,0.01,1,1,2.6202444774401177e-13,2.6109397577300797e-06,0.9999999999999347,1.2874603271484375e-05
G12_1_FIXTURE_01,E3_vs_E4,0.01,2,1,3.8985474831469696e-13,2.12602829918751e-06,0.9999999999999419,8.821487426757812e-06
G12_1_FIXTURE_01,E3_vs_E4,0.1,0,1,6.271616022641404e-13,9.801318565649808e-07,0.9999999999999544,1.049041748046875e-05
G12_1_FIXTURE_01,E3_vs_E4,0.1,1,1,4.509642218492682e-13,8.768361929867297e-07,0.9999999999999447,1.0013580322265625e-05
G12_1_FIXTURE_01,E3_vs_E4,0.1,2,1,3.757083361200665e-13,2.526895071852664e-06,0.9999999999999465,1.0013580322265625e-05
G12_1_FIXTURE_01,E3_vs_E4,97.8516893058,0,1,3.584673868940469e-13,4.5048530417091115e-07,0.9999999999999508,1.1444091796875e-05
G12_1_FIXTURE_01,E3_vs_E4,97.8516893058,1,1,4.742581327659668e-13,8.093417314114504e-08,0.9999999999999505,1.1444091796875e-05
G12_1_FIXTURE_01,E3_vs_E4,97.8516893058,2,1,3.280336044166172e-13,1.9282966867706364e-07,0.9999999999999437,1.3113021850585938e-05
G12_1_FIXTURE_01,E0_vs_E3,97.8516893058,0,1,6.785039075051446e-05,0.004583340330642116,0.9999956669633134,0.08936309814453125
G12_1_FIXTURE_01,E0_vs_E3,97.8516893058,1,1,7.302413733254064e-05,0.0024138753035938265,0.9999932041858881,0.10000991821289062
G12_1_FIXTURE_01,E0_vs_E3,97.8516893058,2,1,7.027553386175222e-05,0.0006842682227041763,0.9999838525486164,0.1305544376373291
G12_1_FIXTURE_02,E3_vs_E4,NO_HOOK,0,1,1.6432650811124759e-12,2.8733266432823257e-07,0.9999999999998993,2.8848648071289062e-05
G12_1_FIXTURE_02,E3_vs_E4,NO_HOOK,1,1,1.4742591052411607e-12,4.454442880330589e-06,0.9999999999998501,1.811981201171875e-05
G12_1_FIXTURE_02,E3_vs_E4,NO_HOOK,2,1,1.7000959983311196e-12,1.0263144485378461e-06,0.999999999999917,2.193450927734375e-05
G12_1_FIXTURE_02,E3_vs_E4,NO_HOOK,3,1,1.4051709670668726e-12,2.0581902049343626e-06,0.9999999999998126,1.1444091796875e-05
G12_1_FIXTURE_02,E3_vs_E4,NO_HOOK,4,1,1.151285908033358e-12,6.687870346411273e-07,0.9999999999999086,2.1457672119140625e-05
G12_1_FIXTURE_02,E3_vs_E4,NO_HOOK,5,1,1.1400978701930284e-12,6.994360735035343e-07,0.9999999999999005,1.6689300537109375e-05
G12_1_FIXTURE_02,E3_vs_E4,NO_HOOK,6,1,1.491527483283293e-12,1.8341920871023376e-06,0.9999999999998392,1.4066696166992188e-05
G12_1_FIXTURE_02,E3_vs_E4,NO_HOOK,7,1,1.0636665971175188e-12,1.3573069335137689e-06,0.9999999999997677,1.1444091796875e-05
G12_1_FIXTURE_02,E3_vs_E4,NO_HOOK,8,1,1.3414294098383537e-12,1.3607606952348306e-07,0.9999999999998934,1.8596649169921875e-05
G12_1_FIXTURE_02,E3_vs_E4,0,0,1,1.6432650811124759e-12,2.8733266432823257e-07,0.9999999999998993,2.8848648071289062e-05
G12_1_FIXTURE_02,E3_vs_E4,0,1,1,1.4742591052411607e-12,4.454442880330589e-06,0.9999999999998501,1.811981201171875e-05
G12_1_FIXTURE_02,E3_vs_E4,0,2,1,1.7000959983311196e-12,1.0263144485378461e-06,0.999999999999917,2.193450927734375e-05
G12_1_FIXTURE_02,E3_vs_E4,0,3,1,1.4051709670668726e-12,2.0581902049343626e-06,0.9999999999998126,1.1444091796875e-05
G12_1_FIXTURE_02,E3_vs_E4,0,4,1,1.151285908033358e-12,6.687870346411273e-07,0.9999999999999086,2.1457672119140625e-05
G12_1_FIXTURE_02,E3_vs_E4,0,5,1,1.1400978701930284e-12,6.994360735035343e-07,0.9999999999999005,1.6689300537109375e-05
G12_1_FIXTURE_02,E3_vs_E4,0,6,1,1.491527483283293e-12,1.8341920871023376e-06,0.9999999999998392,1.4066696166992188e-05
G12_1_FIXTURE_02,E3_vs_E4,0,7,1,1.0636665971175188e-12,1.3573069335137689e-06,0.9999999999997677,1.1444091796875e-05
G12_1_FIXTURE_02,E3_vs_E4,0,8,1,1.3414294098383537e-12,1.3607606952348306e-07,0.9999999999998934,1.8596649169921875e-05
G12_1_FIXTURE_02,E0_vs_E3,0,0,1,8.606521913689458e-05,0.0403972513348112,0.9999946336070556,0.12455368041992188
G12_1_FIXTURE_02,E0_vs_E3,0,1,1,7.966275986332046e-05,0.04858510224627999,0.9999873841805312,0.14111614227294922
G12_1_FIXTURE_02,E0_vs_E3,0,2,1,0.00013543419807401209,0.012932834333819088,0.9999928898531275,0.15021824836730957
G12_1_FIXTURE_02,E0_vs_E3,0,3,1,0.0001544624896404312,0.033710544686730515,0.999960620915088,0.12485659122467041
G12_1_FIXTURE_02,E0_vs_E3,0,4,1,8.41991360822321e-05,0.0037702773759953345,0.9999927441766998,0.1103506088256836
G12_1_FIXTURE_02,E0_vs_E3,0,5,1,0.00011146614586832377,0.019626013349819615,0.9999909172727062,0.1443791389465332
G12_1_FIXTURE_02,E0_vs_E3,0,6,1,8.386134104757298e-05,0.06680020565351796,0.999985579205407,0.09915447235107422
G12_1_FIXTURE_02,E0_vs_E3,0,7,1,8.077419409164297e-05,0.02017076953826269,0.9999692237766075,0.1083526611328125
G12_1_FIXTURE_02,E0_vs_E3,0,8,0,5.217204641479037e-05,0.006807554356253576,0.9999939895760407,0.12453651428222656
G12_1_FIXTURE_02,E3_NOHOOK_vs_ALPHA0,0,0,1,0.0,0.0,1.0,0.0
G12_1_FIXTURE_02,E3_NOHOOK_vs_ALPHA0,0,1,1,0.0,0.0,1.0,0.0
G12_1_FIXTURE_02,E3_NOHOOK_vs_ALPHA0,0,2,1,0.0,0.0,0.9999999999999999,0.0
G12_1_FIXTURE_02,E3_NOHOOK_vs_ALPHA0,0,3,1,0.0,0.0,1.0000000000000002,0.0
G12_1_FIXTURE_02,E3_NOHOOK_vs_ALPHA0,0,4,1,0.0,0.0,1.0000000000000002,0.0
G12_1_FIXTURE_02,E3_NOHOOK_vs_ALPHA0,0,5,1,0.0,0.0,1.0000000000000002,0.0
G12_1_FIXTURE_02,E3_NOHOOK_vs_ALPHA0,0,6,1,0.0,0.0,1.0000000000000002,0.0
G12_1_FIXTURE_02,E3_NOHOOK_vs_ALPHA0,0,7,1,0.0,0.0,0.9999999999999998,0.0
G12_1_FIXTURE_02,E3_NOHOOK_vs_ALPHA0,0,8,1,0.0,0.0,0.9999999999999999,0.0
G12_1_FIXTURE_02,E4_NOHOOK_vs_ALPHA0,0,0,1,0.0,0.0,1.0000000000000002,0.0
G12_1_FIXTURE_02,E4_NOHOOK_vs_ALPHA0,0,1,1,0.0,0.0,1.0,0.0
G12_1_FIXTURE_02,E4_NOHOOK_vs_ALPHA0,0,2,1,0.0,0.0,1.0000000000000002,0.0
G12_1_FIXTURE_02,E4_NOHOOK_vs_ALPHA0,0,3,1,0.0,0.0,0.9999999999999999,0.0
G12_1_FIXTURE_02,E4_NOHOOK_vs_ALPHA0,0,4,1,0.0,0.0,1.0,0.0
G12_1_FIXTURE_02,E4_NOHOOK_vs_ALPHA0,0,5,1,0.0,0.0,1.0,0.0
G12_1_FIXTURE_02,E4_NOHOOK_vs_ALPHA0,0,6,1,0.0,0.0,0.9999999999999999,0.0
G12_1_FIXTURE_02,E4_NOHOOK_vs_ALPHA0,0,7,1,0.0,0.0,1.0,0.0
G12_1_FIXTURE_02,E4_NOHOOK_vs_ALPHA0,0,8,1,0.0,0.0,1.0,0.0
G12_1_FIXTURE_02,E3_vs_E4,0.01,0,1,2.042182261170497e-12,3.2799893237012157e-06,0.9999999999998982,1.8596649169921875e-05
G12_1_FIXTURE_02,E3_vs_E4,0.01,1,1,2.739381791511143e-12,1.6794438799649924e-06,0.9999999999998505,1.9550323486328125e-05
G12_1_FIXTURE_02,E3_vs_E4,0.01,2,1,2.857972811861508e-12,1.708963674573738e-06,0.9999999999999195,2.193450927734375e-05
G12_1_FIXTURE_02,E3_vs_E4,0.01,3,1,1.655547053891197e-12,1.4556856289260622e-06,0.9999999999998189,1.2874603271484375e-05
G12_1_FIXTURE_02,E3_vs_E4,0.01,4,1,1.4072465781385261e-12,1.6390371175845075e-06,0.9999999999999053,2.5272369384765625e-05
G12_1_FIXTURE_02,E3_vs_E4,0.01,5,1,9.833826135030907e-13,1.725025947862946e-06,0.9999999999999022,1.621246337890625e-05
G12_1_FIXTURE_02,E3_vs_E4,0.01,6,1,1.3206395541902943e-12,4.2755131701710525e-07,0.9999999999998407,1.3113021850585938e-05
G12_1_FIXTURE_02,E3_vs_E4,0.01,7,1,9.454530058844719e-13,6.545239017441418e-09,0.9999999999996882,1.52587890625e-05
G12_1_FIXTURE_02,E3_vs_E4,0.01,8,1,1.1317751876791358e-12,3.7988587564541376e-07,0.9999999999998985,1.9788742065429688e-05
G12_1_FIXTURE_02,E3_vs_E4,0.1,0,1,1.6559018551114545e-12,4.1656878018159205e-06,0.9999999999998945,2.09808349609375e-05
G12_1_FIXTURE_02,E3_vs_E4,0.1,1,1,1.1649730077176668e-12,2.108052912674907e-06,0.9999999999998502,1.7642974853515625e-05
G12_1_FIXTURE_02,E3_vs_E4,0.1,2,1,2.3490453320860113e-12,1.5048792594285487e-06,0.9999999999999089,2.193450927734375e-05
G12_1_FIXTURE_02,E3_vs_E4,0.1,3,1,9.850523436414076e-13,6.332435127376357e-07,0.9999999999998089,1.3828277587890625e-05
G12_1_FIXTURE_02,E3_vs_E4,0.1,4,1,1.2283371128638524e-12,9.649950953871667e-07,0.9999999999999037,1.9550323486328125e-05
G12_1_FIXTURE_02,E3_vs_E4,0.1,5,1,8.934381954058232e-13,2.022961448133742e-06,0.9999999999999073,2.0265579223632812e-05
G12_1_FIXTURE_02,E3_vs_E4,0.1,6,1,1.6012689020150817e-12,7.398190859930764e-08,0.9999999999998272,1.5020370483398438e-05
G12_1_FIXTURE_02,E3_vs_E4,0.1,7,1,1.5664022046928783e-12,1.2900110011315746e-06,0.9999999999996712,1.239776611328125e-05
G12_1_FIXTURE_02,E3_vs_E4,0.1,8,1,1.4133053217315241e-12,3.771052652368212e-06,0.999999999999905,1.811981201171875e-05
G12_1_FIXTURE_02,E3_vs_E4,97.8516893058,0,1,1.5780800366586148e-12,1.3431259784368876e-06,0.9999999999998977,2.384185791015625e-05
G12_1_FIXTURE_02,E3_vs_E4,97.8516893058,1,1,1.4226811867019763e-12,5.463025621210704e-06,0.9999999999998543,2.193450927734375e-05
G12_1_FIXTURE_02,E3_vs_E4,97.8516893058,2,1,2.4168961778129623e-12,6.392215077255514e-07,0.9999999999999037,2.288818359375e-05
G12_1_FIXTURE_02,E3_vs_E4,97.8516893058,3,1,1.3419554540750486e-12,2.320268800204417e-06,0.9999999999998362,1.4066696166992188e-05
G12_1_FIXTURE_02,E3_vs_E4,97.8516893058,4,1,1.2708449868477014e-12,3.271296993290207e-07,0.9999999999998781,2.9087066650390625e-05
G12_1_FIXTURE_02,E3_vs_E4,97.8516893058,5,1,1.495331603098904e-12,3.250595005610535e-06,0.999999999999888,1.71661376953125e-05
G12_1_FIXTURE_02,E3_vs_E4,97.8516893058,6,1,2.3617234898053045e-12,7.478361432333713e-07,0.9999999999998542,2.1457672119140625e-05
G12_1_FIXTURE_02,E3_vs_E4,97.8516893058,7,1,1.2102540703336096e-12,3.530652696426273e-06,0.9999999999996482,1.33514404296875e-05
G12_1_FIXTURE_02,E3_vs_E4,97.8516893058,8,1,1.3367558128348576e-12,2.9849493525802018e-06,0.9999999999999093,2.1219253540039062e-05
G12_1_FIXTURE_02,E0_vs_E3,97.8516893058,0,1,9.297062526768889e-05,0.020611515472172215,0.9999920215838344,0.1487436294555664
G12_1_FIXTURE_02,E0_vs_E3,97.8516893058,1,1,7.751799129937002e-05,0.03498044534270406,0.999987413421234,0.11770343780517578
G12_1_FIXTURE_02,E0_vs_E3,97.8516893058,2,1,0.000151144752269233,0.016084747019409207,0.9999937848872729,0.1348285675048828
G12_1_FIXTURE_02,E0_vs_E3,97.8516893058,3,1,0.0003291116930340941,0.07751768269969084,0.9999678488877064,0.12909507751464844
G12_1_FIXTURE_02,E0_vs_E3,97.8516893058,4,1,8.556846241296675e-05,0.016269388163609122,0.9999906281685016,0.1298055648803711
G12_1_FIXTURE_02,E0_vs_E3,97.8516893058,5,1,6.714854188947408e-05,0.026986586300298043,0.9999914712107122,0.109130859375
G12_1_FIXTURE_02,E0_vs_E3,97.8516893058,6,1,0.00011855478688689475,0.030791999137804282,0.9999877470371944,0.11310768127441406
G12_1_FIXTURE_02,E0_vs_E3,97.8516893058,7,1,6.021658396196099e-05,0.016308478965866513,0.999974230755052,0.10462379455566406
G12_1_FIXTURE_02,E0_vs_E3,97.8516893058,8,1,5.844554147552689e-05,0.007123936711346701,0.9999927484460553,0.10810661315917969
G12_1_FIXTURE_03,E3_vs_E4,NO_HOOK,0,1,9.9618900520224e-12,7.736088200260838e-06,0.9999999999982927,3.910064697265625e-05
G12_1_FIXTURE_03,E3_vs_E4,NO_HOOK,1,1,7.174641781118462e-11,1.6497896503153697e-05,0.9999999999985311,4.38690185546875e-05
G12_1_FIXTURE_03,E3_vs_E4,NO_HOOK,2,1,2.5478953331600483e-11,4.395564177528399e-06,0.999999999999414,3.7670135498046875e-05
G12_1_FIXTURE_03,E3_vs_E4,NO_HOOK,3,1,1.168288060247422e-11,4.62799780720502e-07,0.9999999999994519,4.57763671875e-05
G12_1_FIXTURE_03,E3_vs_E4,NO_HOOK,4,1,1.0023774352678538e-11,7.570490829778009e-07,0.9999999999994353,3.910064697265625e-05
G12_1_FIXTURE_03,E3_vs_E4,NO_HOOK,5,1,1.121025158634349e-11,1.1104097019654091e-06,0.9999999999995252,4.76837158203125e-05
G12_1_FIXTURE_03,E3_vs_E4,NO_HOOK,6,1,6.375973058126192e-12,7.687512066922864e-07,0.9999999999995018,3.337860107421875e-05
G12_1_FIXTURE_03,E3_vs_E4,NO_HOOK,7,1,8.439167124351938e-12,4.2842100320683585e-06,0.9999999999995841,3.62396240234375e-05
G12_1_FIXTURE_03,E3_vs_E4,NO_HOOK,8,1,1.0551253808156852e-11,2.1460467145573148e-06,0.999999999999433,3.910064697265625e-05
G12_1_FIXTURE_03,E3_vs_E4,NO_HOOK,9,1,9.447591304492798e-12,1.753315977737202e-06,0.9999999999994895,3.4809112548828125e-05
G12_1_FIXTURE_03,E3_vs_E4,NO_HOOK,10,1,9.07176921258907e-12,1.6467204133618907e-06,0.9999999999994912,3.62396240234375e-05
G12_1_FIXTURE_03,E3_vs_E4,NO_HOOK,11,1,8.400003124215774e-12,3.675738060593403e-06,0.9999999999994328,2.6702880859375e-05
G12_1_FIXTURE_03,E3_vs_E4,NO_HOOK,12,1,1.4033086701766319e-11,2.3955804056896568e-05,0.9999999999988091,3.337860107421875e-05
G12_1_FIXTURE_03,E3_vs_E4,NO_HOOK,13,1,8.13258434920189e-12,2.9922594855236184e-06,0.9999999999994439,3.337860107421875e-05
G12_1_FIXTURE_03,E3_vs_E4,NO_HOOK,14,1,5.394193154296899e-12,2.174818606093254e-06,0.999999999999484,3.4332275390625e-05
G12_1_FIXTURE_03,E3_vs_E4,NO_HOOK,15,1,7.030760807657702e-12,6.6996344010306075e-06,0.9999999999994623,2.86102294921875e-05
G12_1_FIXTURE_03,E3_vs_E4,NO_HOOK,16,1,7.645735517054672e-12,7.435686075751846e-07,0.9999999999993683,3.7670135498046875e-05
G12_1_FIXTURE_03,E3_vs_E4,NO_HOOK,17,1,7.178770148029834e-12,2.5942591470595744e-06,0.9999999999994877,3.62396240234375e-05
G12_1_FIXTURE_03,E3_vs_E4,NO_HOOK,18,1,7.677444315568232e-12,1.96183670553296e-06,0.9999999999994863,3.337860107421875e-05
G12_1_FIXTURE_03,E3_vs_E4,NO_HOOK,19,1,7.536945136872433e-12,4.354707332510088e-07,0.9999999999995377,3.62396240234375e-05
G12_1_FIXTURE_03,E3_vs_E4,NO_HOOK,20,1,8.148777550930545e-12,2.0565152425433553e-07,0.9999999999994629,3.24249267578125e-05
G12_1_FIXTURE_03,E3_vs_E4,NO_HOOK,21,1,7.736693570718422e-12,4.102075038758812e-06,0.9999999999995766,3.24249267578125e-05
G12_1_FIXTURE_03,E3_vs_E4,NO_HOOK,22,1,8.624144479239838e-12,8.624527634282231e-07,0.9999999999994755,4.00543212890625e-05
G12_1_FIXTURE_03,E3_vs_E4,NO_HOOK,23,1,8.000490330684769e-12,1.5091196470251589e-05,0.9999999999995376,3.62396240234375e-05
G12_1_FIXTURE_03,E3_vs_E4,NO_HOOK,24,1,7.679005371793006e-12,1.3395894882251014e-06,0.9999999999995505,3.4332275390625e-05
G12_1_FIXTURE_03,E3_vs_E4,NO_HOOK,25,1,8.291788247887214e-12,3.3805549950471914e-06,0.9999999999995369,3.337860107421875e-05
G12_1_FIXTURE_03,E3_vs_E4,NO_HOOK,26,1,7.171947212890084e-12,2.0297222729226405e-06,0.999999999999422,3.337860107421875e-05
G12_1_FIXTURE_03,E3_vs_E4,NO_HOOK,27,1,4.815075492171711e-12,2.153983821528982e-06,0.9999999999994491,2.956390380859375e-05
G12_1_FIXTURE_03,E3_vs_E4,NO_HOOK,28,1,5.370736488236909e-12,5.999263320788373e-06,0.9999999999993455,3.62396240234375e-05
G12_1_FIXTURE_03,E3_vs_E4,NO_HOOK,29,1,7.209119138107402e-12,3.2550489734717303e-06,0.9999999999995113,3.62396240234375e-05
G12_1_FIXTURE_03,E3_vs_E4,NO_HOOK,30,1,9.952346598440047e-12,1.6918621081885021e-06,0.9999999999993354,4.9591064453125e-05
G12_1_FIXTURE_03,E3_vs_E4,NO_HOOK,31,1,6.8699944655938405e-12,1.443909507514718e-07,0.9999999999994331,3.62396240234375e-05
G12_1_FIXTURE_03,E3_vs_E4,NO_HOOK,32,1,7.644534519884752e-12,3.958206182375079e-06,0.9999999999995106,2.86102294921875e-05
G12_1_FIXTURE_03,E3_vs_E4,0,0,1,9.9618900520224e-12,7.736088200260838e-06,0.9999999999982927,3.910064697265625e-05
G12_1_FIXTURE_03,E3_vs_E4,0,1,1,7.174641781118462e-11,1.6497896503153697e-05,0.9999999999985311,4.38690185546875e-05
G12_1_FIXTURE_03,E3_vs_E4,0,2,1,2.5478953331600483e-11,4.395564177528399e-06,0.999999999999414,3.7670135498046875e-05
G12_1_FIXTURE_03,E3_vs_E4,0,3,1,1.168288060247422e-11,4.62799780720502e-07,0.9999999999994519,4.57763671875e-05
G12_1_FIXTURE_03,E3_vs_E4,0,4,1,1.0023774352678538e-11,7.570490829778009e-07,0.9999999999994353,3.910064697265625e-05
G12_1_FIXTURE_03,E3_vs_E4,0,5,1,1.121025158634349e-11,1.1104097019654091e-06,0.9999999999995252,4.76837158203125e-05
G12_1_FIXTURE_03,E3_vs_E4,0,6,1,6.375973058126192e-12,7.687512066922864e-07,0.9999999999995018,3.337860107421875e-05
G12_1_FIXTURE_03,E3_vs_E4,0,7,1,8.439167124351938e-12,4.2842100320683585e-06,0.9999999999995841,3.62396240234375e-05
G12_1_FIXTURE_03,E3_vs_E4,0,8,1,1.0551253808156852e-11,2.1460467145573148e-06,0.999999999999433,3.910064697265625e-05
G12_1_FIXTURE_03,E3_vs_E4,0,9,1,9.447591304492798e-12,1.753315977737202e-06,0.9999999999994895,3.4809112548828125e-05
G12_1_FIXTURE_03,E3_vs_E4,0,10,1,9.07176921258907e-12,1.6467204133618907e-06,0.9999999999994912,3.62396240234375e-05
G12_1_FIXTURE_03,E3_vs_E4,0,11,1,8.400003124215774e-12,3.675738060593403e-06,0.9999999999994328,2.6702880859375e-05
G12_1_FIXTURE_03,E3_vs_E4,0,12,1,1.4033086701766319e-11,2.3955804056896568e-05,0.9999999999988091,3.337860107421875e-05
G12_1_FIXTURE_03,E3_vs_E4,0,13,1,8.13258434920189e-12,2.9922594855236184e-06,0.9999999999994439,3.337860107421875e-05
G12_1_FIXTURE_03,E3_vs_E4,0,14,1,5.394193154296899e-12,2.174818606093254e-06,0.999999999999484,3.4332275390625e-05
G12_1_FIXTURE_03,E3_vs_E4,0,15,1,7.030760807657702e-12,6.6996344010306075e-06,0.9999999999994623,2.86102294921875e-05
G12_1_FIXTURE_03,E3_vs_E4,0,16,1,7.645735517054672e-12,7.435686075751846e-07,0.9999999999993683,3.7670135498046875e-05
G12_1_FIXTURE_03,E3_vs_E4,0,17,1,7.178770148029834e-12,2.5942591470595744e-06,0.9999999999994877,3.62396240234375e-05
G12_1_FIXTURE_03,E3_vs_E4,0,18,1,7.677444315568232e-12,1.96183670553296e-06,0.9999999999994863,3.337860107421875e-05
G12_1_FIXTURE_03,E3_vs_E4,0,19,1,7.536945136872433e-12,4.354707332510088e-07,0.9999999999995377,3.62396240234375e-05
G12_1_FIXTURE_03,E3_vs_E4,0,20,1,8.148777550930545e-12,2.0565152425433553e-07,0.9999999999994629,3.24249267578125e-05
G12_1_FIXTURE_03,E3_vs_E4,0,21,1,7.736693570718422e-12,4.102075038758812e-06,0.9999999999995766,3.24249267578125e-05
G12_1_FIXTURE_03,E3_vs_E4,0,22,1,8.624144479239838e-12,8.624527634282231e-07,0.9999999999994755,4.00543212890625e-05
G12_1_FIXTURE_03,E3_vs_E4,0,23,1,8.000490330684769e-12,1.5091196470251589e-05,0.9999999999995376,3.62396240234375e-05
G12_1_FIXTURE_03,E3_vs_E4,0,24,1,7.679005371793006e-12,1.3395894882251014e-06,0.9999999999995505,3.4332275390625e-05
G12_1_FIXTURE_03,E3_vs_E4,0,25,1,8.291788247887214e-12,3.3805549950471914e-06,0.9999999999995369,3.337860107421875e-05
G12_1_FIXTURE_03,E3_vs_E4,0,26,1,7.171947212890084e-12,2.0297222729226405e-06,0.999999999999422,3.337860107421875e-05
G12_1_FIXTURE_03,E3_vs_E4,0,27,1,4.815075492171711e-12,2.153983821528982e-06,0.9999999999994491,2.956390380859375e-05
G12_1_FIXTURE_03,E3_vs_E4,0,28,1,5.370736488236909e-12,5.999263320788373e-06,0.9999999999993455,3.62396240234375e-05
G12_1_FIXTURE_03,E3_vs_E4,0,29,1,7.209119138107402e-12,3.2550489734717303e-06,0.9999999999995113,3.62396240234375e-05
G12_1_FIXTURE_03,E3_vs_E4,0,30,1,9.952346598440047e-12,1.6918621081885021e-06,0.9999999999993354,4.9591064453125e-05
G12_1_FIXTURE_03,E3_vs_E4,0,31,1,6.8699944655938405e-12,1.443909507514718e-07,0.9999999999994331,3.62396240234375e-05
G12_1_FIXTURE_03,E3_vs_E4,0,32,1,7.644534519884752e-12,3.958206182375079e-06,0.9999999999995106,2.86102294921875e-05
G12_1_FIXTURE_03,E0_vs_E3,0,0,1,0.000401574825816042,0.02270088809146742,0.9999143538756627,0.17360973358154297
G12_1_FIXTURE_03,E0_vs_E3,0,1,1,0.00020352931009230173,0.011950208056624945,0.9999621916547795,0.13185977935791016
G12_1_FIXTURE_03,E0_vs_E3,0,2,1,8.611172059435132e-05,0.005123290004432235,0.9999927941507929,0.08982276916503906
G12_1_FIXTURE_03,E0_vs_E3,0,3,1,7.527556656458661e-05,0.03930537071801332,0.9999949022055749,0.09938621520996094
G12_1_FIXTURE_03,E0_vs_E3,0,4,1,6.472568381284393e-05,0.013611767623153526,0.9999925633028257,0.12553882598876953
G12_1_FIXTURE_03,E0_vs_E3,0,5,1,0.0001112322066719182,0.029806979597031713,0.9999937824924543,0.09898567199707031
G12_1_FIXTURE_03,E0_vs_E3,0,6,1,4.399177669414942e-05,0.021093244688071167,0.9999920831426768,0.11734962463378906
G12_1_FIXTURE_03,E0_vs_E3,0,7,1,4.817685458368472e-05,0.008536357123713145,0.9999918696652252,0.09301137924194336
G12_1_FIXTURE_03,E0_vs_E3,0,8,1,5.0460367483380614e-05,0.015860159039036148,0.9999918252583094,0.08354949951171875
G12_1_FIXTURE_03,E0_vs_E3,0,9,1,3.531708645925527e-05,0.013740942526604627,0.9999944972988206,0.08337211608886719
G12_1_FIXTURE_03,E0_vs_E3,0,10,1,5.591755805018629e-05,0.00401907703164639,0.9999919231157353,0.11072921752929688
G12_1_FIXTURE_03,E0_vs_E3,0,11,1,3.927699450910226e-05,0.002441687579274543,0.9999908374481571,0.08373165130615234
G12_1_FIXTURE_03,E0_vs_E3,0,12,1,0.00020510323261128802,0.0007744196679944082,0.9999387215373253,0.14086437225341797
G12_1_FIXTURE_03,E0_vs_E3,0,13,1,6.491014825900457e-05,0.008247015822353987,0.9999913472942613,0.12809467315673828
G12_1_FIXTURE_03,E0_vs_E3,0,14,1,4.260715998567806e-05,0.009749164055088855,0.9999930157976493,0.07406902313232422
G12_1_FIXTURE_03,E0_vs_E3,0,15,1,5.615026389280955e-05,0.01736090446091154,0.9999893926942437,0.10645866394042969
G12_1_FIXTURE_03,E0_vs_E3,0,16,1,9.175310233466058e-05,0.017008782439612347,0.9999804309444149,0.09589481353759766
G12_1_FIXTURE_03,E0_vs_E3,0,17,1,6.100413081682398e-05,0.001027919152729595,0.9999937015438509,0.090057373046875
G12_1_FIXTURE_03,E0_vs_E3,0,18,1,5.383340572831825e-05,0.0014449802609011186,0.9999936170418046,0.07359695434570312
G12_1_FIXTURE_03,E0_vs_E3,0,19,1,3.642250019875352e-05,0.012369844563508536,0.9999952220375896,0.08819103240966797
G12_1_FIXTURE_03,E0_vs_E3,0,20,1,8.722394417088795e-05,0.018208027511764868,0.9999893895052117,0.13239574432373047
G12_1_FIXTURE_03,E0_vs_E3,0,21,1,4.817694830099213e-05,0.008293243573724851,0.9999939066315544,0.09920501708984375
G12_1_FIXTURE_03,E0_vs_E3,0,22,0,4.5169005892616216e-05,0.005725464897199828,0.9999938993060861,0.08856964111328125
G12_1_FIXTURE_03,E0_vs_E3,0,23,1,4.4417605991760534e-05,0.03228240931432502,0.9999951528232163,0.09481430053710938
G12_1_FIXTURE_03,E0_vs_E3,0,24,1,4.6393885751944265e-05,0.009495506495767359,0.999991349122971,0.13745880126953125
G12_1_FIXTURE_03,E0_vs_E3,0,25,1,4.8526979046262196e-05,0.016035359070174948,0.999991606309183,0.08794021606445312
G12_1_FIXTURE_03,E0_vs_E3,0,26,1,6.36478142087604e-05,0.03868098110123874,0.999989778118174,0.10059928894042969
G12_1_FIXTURE_03,E0_vs_E3,0,27,1,5.812126726911879e-05,0.012555501324445828,0.9999874409257954,0.09203720092773438
G12_1_FIXTURE_03,E0_vs_E3,0,28,1,7.480793476443955e-05,0.007309790532243454,0.9999806812920451,0.11446142196655273
G12_1_FIXTURE_03,E0_vs_E3,0,29,1,5.036445565807714e-05,0.03797869435832979,0.999992477174968,0.10526275634765625
G12_1_FIXTURE_03,E0_vs_E3,0,30,1,3.861736725456098e-05,0.001018394782429155,0.99998330264006,0.10302352905273438
G12_1_FIXTURE_03,E0_vs_E3,0,31,1,4.232268169318478e-05,0.01579873012642885,0.9999882984950447,0.08857393264770508
G12_1_FIXTURE_03,E0_vs_E3,0,32,1,4.0250117547244375e-05,0.02124966978785281,0.9999928611413484,0.08549118041992188
G12_1_FIXTURE_03,E3_NOHOOK_vs_ALPHA0,0,0,1,4.5181327590977593e-17,0.0,1.0,0.0
G12_1_FIXTURE_03,E3_NOHOOK_vs_ALPHA0,0,1,1,0.0,0.0,1.0000000000000002,0.0
G12_1_FIXTURE_03,E3_NOHOOK_vs_ALPHA0,0,2,1,0.0,0.0,1.0000000000000002,0.0
G12_1_FIXTURE_03,E3_NOHOOK_vs_ALPHA0,0,3,1,0.0,0.0,1.0000000000000002,0.0
G12_1_FIXTURE_03,E3_NOHOOK_vs_ALPHA0,0,4,1,0.0,0.0,1.0,0.0
G12_1_FIXTURE_03,E3_NOHOOK_vs_ALPHA0,0,5,1,0.0,0.0,1.0,0.0
G12_1_FIXTURE_03,E3_NOHOOK_vs_ALPHA0,0,6,1,0.0,0.0,1.0,0.0
G12_1_FIXTURE_03,E3_NOHOOK_vs_ALPHA0,0,7,1,0.0,0.0,1.0,0.0
G12_1_FIXTURE_03,E3_NOHOOK_vs_ALPHA0,0,8,1,0.0,0.0,1.0,0.0
G12_1_FIXTURE_03,E3_NOHOOK_vs_ALPHA0,0,9,1,0.0,0.0,1.0,0.0
G12_1_FIXTURE_03,E3_NOHOOK_vs_ALPHA0,0,10,1,0.0,0.0,1.0000000000000002,0.0
G12_1_FIXTURE_03,E3_NOHOOK_vs_ALPHA0,0,11,1,0.0,0.0,1.0,0.0
G12_1_FIXTURE_03,E3_NOHOOK_vs_ALPHA0,0,12,1,4.3914082739815367e-17,0.0,1.0000000000000002,0.0
G12_1_FIXTURE_03,E3_NOHOOK_vs_ALPHA0,0,13,1,0.0,0.0,1.0000000000000002,0.0
G12_1_FIXTURE_03,E3_NOHOOK_vs_ALPHA0,0,14,1,0.0,0.0,1.0,0.0
G12_1_FIXTURE_03,E3_NOHOOK_vs_ALPHA0,0,15,1,0.0,0.0,0.9999999999999999,0.0
G12_1_FIXTURE_03,E3_NOHOOK_vs_ALPHA0,0,16,1,0.0,0.0,1.0,0.0
G12_1_FIXTURE_03,E3_NOHOOK_vs_ALPHA0,0,17,1,0.0,0.0,0.9999999999999999,0.0
G12_1_FIXTURE_03,E3_NOHOOK_vs_ALPHA0,0,18,1,0.0,0.0,0.9999999999999999,0.0
G12_1_FIXTURE_03,E3_NOHOOK_vs_ALPHA0,0,19,1,0.0,0.0,0.9999999999999999,0.0
G12_1_FIXTURE_03,E3_NOHOOK_vs_ALPHA0,0,20,1,0.0,0.0,1.0,0.0
G12_1_FIXTURE_03,E3_NOHOOK_vs_ALPHA0,0,21,1,0.0,0.0,1.0000000000000002,0.0
G12_1_FIXTURE_03,E3_NOHOOK_vs_ALPHA0,0,22,1,0.0,0.0,0.9999999999999998,0.0
G12_1_FIXTURE_03,E3_NOHOOK_vs_ALPHA0,0,23,1,0.0,0.0,0.9999999999999999,0.0
G12_1_FIXTURE_03,E3_NOHOOK_vs_ALPHA0,0,24,1,0.0,0.0,1.0,0.0
G12_1_FIXTURE_03,E3_NOHOOK_vs_ALPHA0,0,25,1,0.0,0.0,0.9999999999999998,0.0
G12_1_FIXTURE_03,E3_NOHOOK_vs_ALPHA0,0,26,1,0.0,0.0,0.9999999999999998,0.0
G12_1_FIXTURE_03,E3_NOHOOK_vs_ALPHA0,0,27,1,0.0,0.0,1.0,0.0
G12_1_FIXTURE_03,E3_NOHOOK_vs_ALPHA0,0,28,1,0.0,0.0,1.0,0.0
G12_1_FIXTURE_03,E3_NOHOOK_vs_ALPHA0,0,29,1,0.0,0.0,1.0,0.0
G12_1_FIXTURE_03,E3_NOHOOK_vs_ALPHA0,0,30,1,0.0,0.0,1.0,0.0
G12_1_FIXTURE_03,E3_NOHOOK_vs_ALPHA0,0,31,1,0.0,0.0,0.9999999999999998,0.0
G12_1_FIXTURE_03,E3_NOHOOK_vs_ALPHA0,0,32,1,0.0,0.0,1.0000000000000002,0.0
G12_1_FIXTURE_03,E4_NOHOOK_vs_ALPHA0,0,0,1,0.0,0.0,1.0000000000000002,0.0
G12_1_FIXTURE_03,E4_NOHOOK_vs_ALPHA0,0,1,1,-5.688233839880137e-17,0.0,1.0000000000000002,0.0
G12_1_FIXTURE_03,E4_NOHOOK_vs_ALPHA0,0,2,1,0.0,0.0,0.9999999999999999,0.0
G12_1_FIXTURE_03,E4_NOHOOK_vs_ALPHA0,0,3,1,0.0,0.0,1.0,0.0
G12_1_FIXTURE_03,E4_NOHOOK_vs_ALPHA0,0,4,1,0.0,0.0,1.0,0.0
G12_1_FIXTURE_03,E4_NOHOOK_vs_ALPHA0,0,5,1,0.0,0.0,1.0000000000000002,0.0
G12_1_FIXTURE_03,E4_NOHOOK_vs_ALPHA0,0,6,1,0.0,0.0,1.0,0.0
G12_1_FIXTURE_03,E4_NOHOOK_vs_ALPHA0,0,7,1,0.0,0.0,1.0,0.0
G12_1_FIXTURE_03,E4_NOHOOK_vs_ALPHA0,0,8,1,0.0,0.0,1.0,0.0
G12_1_FIXTURE_03,E4_NOHOOK_vs_ALPHA0,0,9,1,0.0,0.0,1.0,0.0
G12_1_FIXTURE_03,E4_NOHOOK_vs_ALPHA0,0,10,1,0.0,0.0,0.9999999999999998,0.0
G12_1_FIXTURE_03,E4_NOHOOK_vs_ALPHA0,0,11,1,0.0,0.0,1.0,0.0
G12_1_FIXTURE_03,E4_NOHOOK_vs_ALPHA0,0,12,1,0.0,0.0,1.0,0.0
G12_1_FIXTURE_03,E4_NOHOOK_vs_ALPHA0,0,13,1,0.0,0.0,1.0,0.0
G12_1_FIXTURE_03,E4_NOHOOK_vs_ALPHA0,0,14,1,0.0,0.0,1.0,0.0
G12_1_FIXTURE_03,E4_NOHOOK_vs_ALPHA0,0,15,1,0.0,0.0,0.9999999999999999,0.0
G12_1_FIXTURE_03,E4_NOHOOK_vs_ALPHA0,0,16,1,0.0,0.0,1.0000000000000002,0.0
G12_1_FIXTURE_03,E4_NOHOOK_vs_ALPHA0,0,17,1,0.0,0.0,1.0,0.0
G12_1_FIXTURE_03,E4_NOHOOK_vs_ALPHA0,0,18,1,0.0,0.0,1.0,0.0
G12_1_FIXTURE_03,E4_NOHOOK_vs_ALPHA0,0,19,1,0.0,0.0,1.0,0.0
G12_1_FIXTURE_03,E4_NOHOOK_vs_ALPHA0,0,20,1,0.0,0.0,1.0,0.0
G12_1_FIXTURE_03,E4_NOHOOK_vs_ALPHA0,0,21,1,0.0,0.0,1.0000000000000002,0.0
G12_1_FIXTURE_03,E4_NOHOOK_vs_ALPHA0,0,22,1,0.0,0.0,1.0000000000000002,0.0
G12_1_FIXTURE_03,E4_NOHOOK_vs_ALPHA0,0,23,1,0.0,0.0,1.0000000000000002,0.0
G12_1_FIXTURE_03,E4_NOHOOK_vs_ALPHA0,0,24,1,0.0,0.0,1.0,0.0
G12_1_FIXTURE_03,E4_NOHOOK_vs_ALPHA0,0,25,1,0.0,0.0,1.0,0.0
G12_1_FIXTURE_03,E4_NOHOOK_vs_ALPHA0,0,26,1,0.0,0.0,1.0,0.0
G12_1_FIXTURE_03,E4_NOHOOK_vs_ALPHA0,0,27,1,0.0,0.0,1.0,0.0
G12_1_FIXTURE_03,E4_NOHOOK_vs_ALPHA0,0,28,1,0.0,0.0,1.0000000000000002,0.0
G12_1_FIXTURE_03,E4_NOHOOK_vs_ALPHA0,0,29,1,0.0,0.0,1.0000000000000002,0.0
G12_1_FIXTURE_03,E4_NOHOOK_vs_ALPHA0,0,30,1,0.0,0.0,0.9999999999999998,0.0
G12_1_FIXTURE_03,E4_NOHOOK_vs_ALPHA0,0,31,1,0.0,0.0,0.9999999999999998,0.0
G12_1_FIXTURE_03,E4_NOHOOK_vs_ALPHA0,0,32,1,0.0,0.0,1.0,0.0
G12_1_FIXTURE_03,E3_vs_E4,0.01,0,1,2.1521605151818e-11,1.27969872600886e-05,0.9999999999977672,3.4332275390625e-05
G12_1_FIXTURE_03,E3_vs_E4,0.01,1,1,9.310133453633949e-12,1.1225394512592857e-05,0.9999999999982906,3.910064697265625e-05
G12_1_FIXTURE_03,E3_vs_E4,0.01,2,1,1.7074211926382632e-11,1.804222456591731e-05,0.9999999999994664,3.910064697265625e-05
G12_1_FIXTURE_03,E3_vs_E4,0.01,3,1,2.3195288373695904e-11,6.075148082373971e-07,0.9999999999994169,4.863739013671875e-05
G12_1_FIXTURE_03,E3_vs_E4,0.01,4,1,1.033836520322488e-11,2.5501437654895653e-06,0.9999999999993461,3.62396240234375e-05
G12_1_FIXTURE_03,E3_vs_E4,0.01,5,1,1.1591246035250474e-11,7.885896202708409e-08,0.9999999999995193,4.5299530029296875e-05
G12_1_FIXTURE_03,E3_vs_E4,0.01,6,1,9.508742139444413e-12,5.920243104640122e-06,0.9999999999995169,3.814697265625e-05
G12_1_FIXTURE_03,E3_vs_E4,0.01,7,1,7.887013809730216e-12,6.210835504560919e-06,0.9999999999995688,3.528594970703125e-05
G12_1_FIXTURE_03,E3_vs_E4,0.01,8,1,9.432657775745969e-12,4.580756307603906e-06,0.9999999999994242,3.62396240234375e-05
G12_1_FIXTURE_03,E3_vs_E4,0.01,9,1,8.713629111250166e-12,3.38768209573459e-06,0.9999999999993889,3.910064697265625e-05
G12_1_FIXTURE_03,E3_vs_E4,0.01,10,1,8.369280767524079e-12,5.295973135588383e-06,0.9999999999995152,3.337860107421875e-05
G12_1_FIXTURE_03,E3_vs_E4,0.01,11,1,6.2817041916606476e-12,4.5313446150885284e-07,0.9999999999993979,3.337860107421875e-05
G12_1_FIXTURE_03,E3_vs_E4,0.01,12,1,1.198481482300593e-11,1.0805764230070736e-05,0.9999999999989148,2.574920654296875e-05
G12_1_FIXTURE_03,E3_vs_E4,0.01,13,1,8.507930843821921e-12,8.604394725608699e-07,0.9999999999995406,4.00543212890625e-05
G12_1_FIXTURE_03,E3_vs_E4,0.01,14,1,6.775029638985541e-12,2.5129392966505293e-06,0.9999999999994952,3.24249267578125e-05
G12_1_FIXTURE_03,E3_vs_E4,0.01,15,1,7.858081674351844e-12,1.5313609917910753e-05,0.9999999999994843,2.86102294921875e-05
G12_1_FIXTURE_03,E3_vs_E4,0.01,16,1,8.791085016756303e-12,4.9312836392090276e-06,0.9999999999992786,3.0517578125e-05
G12_1_FIXTURE_03,E3_vs_E4,0.01,17,1,6.5390879657082465e-12,3.9480911926403905e-06,0.9999999999995146,3.528594970703125e-05
G12_1_FIXTURE_03,E3_vs_E4,0.01,18,1,1.0810408383592978e-11,2.134295904454575e-07,0.9999999999994699,3.719329833984375e-05
G12_1_FIXTURE_03,E3_vs_E4,0.01,19,1,1.0037423706089866e-11,2.668740206601683e-06,0.9999999999995287,3.4332275390625e-05
G12_1_FIXTURE_03,E3_vs_E4,0.01,20,1,1.877292388348074e-11,2.407063442788626e-06,0.9999999999994642,4.9591064453125e-05
G12_1_FIXTURE_03,E3_vs_E4,0.01,21,1,7.447368797028422e-12,5.071796653766114e-06,0.9999999999995619,3.528594970703125e-05
G12_1_FIXTURE_03,E3_vs_E4,0.01,22,1,6.792763943294497e-12,2.0542786014488e-06,0.9999999999995228,3.910064697265625e-05
G12_1_FIXTURE_03,E3_vs_E4,0.01,23,1,8.100417967614973e-12,1.384556394512515e-05,0.9999999999995494,4.57763671875e-05
G12_1_FIXTURE_03,E3_vs_E4,0.01,24,1,8.30100062103642e-12,3.251995639885763e-06,0.9999999999995081,3.62396240234375e-05
G12_1_FIXTURE_03,E3_vs_E4,0.01,25,1,7.975195863654734e-12,4.500159310083518e-06,0.9999999999995525,3.4332275390625e-05
G12_1_FIXTURE_03,E3_vs_E4,0.01,26,1,7.207921361905996e-12,4.123085970419993e-06,0.999999999999475,3.528594970703125e-05
G12_1_FIXTURE_03,E3_vs_E4,0.01,27,1,4.1400382070683625e-12,7.423656533944722e-08,0.9999999999994582,2.765655517578125e-05
G12_1_FIXTURE_03,E3_vs_E4,0.01,28,1,6.673083744529182e-12,3.775642518633049e-07,0.9999999999992388,2.956390380859375e-05
G12_1_FIXTURE_03,E3_vs_E4,0.01,29,1,5.663812276143352e-12,2.8330612078519835e-06,0.9999999999995316,2.9087066650390625e-05
G12_1_FIXTURE_03,E3_vs_E4,0.01,30,1,7.377103528961703e-12,1.095639063919407e-06,0.9999999999994811,2.86102294921875e-05
G12_1_FIXTURE_03,E3_vs_E4,0.01,31,1,5.850531573021266e-12,4.010161109846422e-07,0.9999999999988539,3.2901763916015625e-05
G12_1_FIXTURE_03,E3_vs_E4,0.01,32,1,5.784413901633058e-12,9.414761946047179e-06,0.9999999999995052,3.0994415283203125e-05
G12_1_FIXTURE_03,E3_vs_E4,0.1,0,1,9.38395555406394e-12,1.2850068433323258e-05,0.9999999999979817,4.482269287109375e-05
G12_1_FIXTURE_03,E3_vs_E4,0.1,1,1,9.938232899601652e-12,2.04618408794488e-05,0.9999999999983322,3.719329833984375e-05
G12_1_FIXTURE_03,E3_vs_E4,0.1,2,1,3.6004422975116086e-11,1.544966314348528e-05,0.9999999999994358,4.57763671875e-05
G12_1_FIXTURE_03,E3_vs_E4,0.1,3,1,2.0105315111310967e-11,2.1039760156327247e-08,0.9999999999994886,4.1961669921875e-05
G12_1_FIXTURE_03,E3_vs_E4,0.1,4,1,1.1137829772936932e-11,8.245451372346224e-06,0.999999999999475,4.673004150390625e-05
G12_1_FIXTURE_03,E3_vs_E4,0.1,5,1,1.4952170637832957e-11,4.976137647716428e-06,0.999999999999551,4.482269287109375e-05
G12_1_FIXTURE_03,E3_vs_E4,0.1,6,1,9.641449233657308e-12,4.549156303212953e-06,0.999999999999538,3.814697265625e-05
G12_1_FIXTURE_03,E3_vs_E4,0.1,7,1,7.684204205297946e-12,2.8676888952361423e-07,0.9999999999995575,2.6702880859375e-05
G12_1_FIXTURE_03,E3_vs_E4,0.1,8,1,8.433744918309478e-12,3.493154885347849e-06,0.999999999999394,3.814697265625e-05
G12_1_FIXTURE_03,E3_vs_E4,0.1,9,1,6.8996016036773085e-12,6.710771319973219e-06,0.9999999999994867,3.62396240234375e-05
G12_1_FIXTURE_03,E3_vs_E4,0.1,10,1,7.190696411314207e-12,6.6096242345992096e-06,0.9999999999995314,3.0994415283203125e-05
G12_1_FIXTURE_03,E3_vs_E4,0.1,11,1,6.67193094069425e-12,7.788757052651363e-07,0.9999999999992466,4.100799560546875e-05
G12_1_FIXTURE_03,E3_vs_E4,0.1,12,1,1.8683597804960534e-11,1.1200779304942898e-05,0.9999999999988517,3.147125244140625e-05
G12_1_FIXTURE_03,E3_vs_E4,0.1,13,1,7.0852054839977125e-12,4.556912443831607e-06,0.9999999999995337,4.482269287109375e-05
G12_1_FIXTURE_03,E3_vs_E4,0.1,14,1,6.026247121063507e-12,1.89677874118388e-06,0.9999999999994712,3.4332275390625e-05
G12_1_FIXTURE_03,E3_vs_E4,0.1,15,1,8.603726700005154e-12,1.4120711174570033e-05,0.9999999999994439,2.956390380859375e-05
G12_1_FIXTURE_03,E3_vs_E4,0.1,16,1,7.613288603917765e-12,2.72763427133782e-06,0.9999999999993192,3.147125244140625e-05
G12_1_FIXTURE_03,E3_vs_E4,0.1,17,1,7.213717036726005e-12,2.9952659019727434e-06,0.999999999999502,3.814697265625e-05
G12_1_FIXTURE_03,E3_vs_E4,0.1,18,1,7.503856041307619e-12,4.541867035356972e-06,0.9999999999994842,3.147125244140625e-05
G12_1_FIXTURE_03,E3_vs_E4,0.1,19,1,8.062688046711687e-12,7.753748683114736e-07,0.9999999999994972,3.62396240234375e-05
G12_1_FIXTURE_03,E3_vs_E4,0.1,20,1,9.620101026866401e-12,1.5852481993761103e-06,0.9999999999994801,2.956390380859375e-05
G12_1_FIXTURE_03,E3_vs_E4,0.1,21,1,7.395628084795194e-12,2.5802863881096982e-06,0.9999999999995565,3.4332275390625e-05
G12_1_FIXTURE_03,E3_vs_E4,0.1,22,1,9.44585924066388e-12,1.708131584621242e-06,0.9999999999995215,4.1961669921875e-05
G12_1_FIXTURE_03,E3_vs_E4,0.1,23,1,7.221981499952694e-12,1.840638621075641e-06,0.999999999999571,3.719329833984375e-05
G12_1_FIXTURE_03,E3_vs_E4,0.1,24,1,9.635123540427895e-12,9.568591394781834e-07,0.9999999999995328,4.1961669921875e-05
G12_1_FIXTURE_03,E3_vs_E4,0.1,25,1,9.248376277426231e-12,1.962116375153755e-06,0.9999999999995326,3.4332275390625e-05
G12_1_FIXTURE_03,E3_vs_E4,0.1,26,1,8.595746754407603e-12,3.8115876677125016e-07,0.9999999999994594,3.62396240234375e-05
G12_1_FIXTURE_03,E3_vs_E4,0.1,27,1,4.389115586424845e-12,2.0970733221048476e-06,0.999999999999459,3.147125244140625e-05
G12_1_FIXTURE_03,E3_vs_E4,0.1,28,1,5.11612915625841e-12,4.0781755661356556e-06,0.9999999999993336,3.0517578125e-05
G12_1_FIXTURE_03,E3_vs_E4,0.1,29,1,5.5238577109410515e-12,3.2754955014979714e-06,0.9999999999995259,4.38690185546875e-05
G12_1_FIXTURE_03,E3_vs_E4,0.1,30,1,6.728455805145224e-12,1.5103942629934863e-07,0.9999999999993546,3.4332275390625e-05
G12_1_FIXTURE_03,E3_vs_E4,0.1,31,1,7.358622451266529e-12,5.238434214405174e-06,0.9999999999994238,3.719329833984375e-05
G12_1_FIXTURE_03,E3_vs_E4,0.1,32,1,9.199533176843912e-12,1.1388472280771111e-06,0.9999999999995228,3.0040740966796875e-05
G12_1_FIXTURE_03,E3_vs_E4,97.8516893058,0,1,1.533965074515445e-11,1.137532906092531e-05,0.9999999999968995,3.910064697265625e-05
G12_1_FIXTURE_03,E3_vs_E4,97.8516893058,1,1,9.545277263902322e-12,3.3321398611008135e-05,0.999999999997306,3.814697265625e-05
G12_1_FIXTURE_03,E3_vs_E4,97.8516893058,2,1,1.5754387624934077e-11,1.2340443120706368e-06,0.9999999999994662,4.00543212890625e-05
G12_1_FIXTURE_03,E3_vs_E4,97.8516893058,3,1,1.852683357703759e-11,7.704610082370777e-06,0.9999999999994685,3.719329833984375e-05
G12_1_FIXTURE_03,E3_vs_E4,97.8516893058,4,1,1.011109105588672e-11,1.4215642300641207e-05,0.9999999999994145,3.4332275390625e-05
G12_1_FIXTURE_03,E3_vs_E4,97.8516893058,5,1,1.133810458269588e-11,1.9303919511770573e-06,0.9999999999995328,3.814697265625e-05
G12_1_FIXTURE_03,E3_vs_E4,97.8516893058,6,1,9.086890707009486e-12,2.568781123812869e-06,0.9999999999995236,3.24249267578125e-05
G12_1_FIXTURE_03,E3_vs_E4,97.8516893058,7,1,8.643312559153448e-12,4.72431251097305e-06,0.9999999999995319,3.719329833984375e-05
G12_1_FIXTURE_03,E3_vs_E4,97.8516893058,8,1,1.0857483739943744e-11,1.1975386655649345e-06,0.9999999999994011,3.24249267578125e-05
G12_1_FIXTURE_03,E3_vs_E4,97.8516893058,9,1,7.2545725301985035e-12,6.483185376993106e-06,0.9999999999994734,3.24249267578125e-05
G12_1_FIXTURE_03,E3_vs_E4,97.8516893058,10,1,7.484174920532496e-12,3.47225033969778e-06,0.9999999999994643,3.4332275390625e-05
G12_1_FIXTURE_03,E3_vs_E4,97.8516893058,11,1,7.546222320896491e-12,2.6253075766646816e-06,0.9999999999994178,3.24249267578125e-05
G12_1_FIXTURE_03,E3_vs_E4,97.8516893058,12,1,1.824292874182991e-11,2.0430914666746958e-06,0.9999999999985202,3.337860107421875e-05
G12_1_FIXTURE_03,E3_vs_E4,97.8516893058,13,1,8.109775926788685e-12,2.5648465786787256e-06,0.9999999999995348,3.62396240234375e-05
G12_1_FIXTURE_03,E3_vs_E4,97.8516893058,14,1,6.499537110636558e-12,3.5672004958797743e-06,0.9999999999994724,3.719329833984375e-05
G12_1_FIXTURE_03,E3_vs_E4,97.8516893058,15,1,6.7509055646669885e-12,7.028312705159578e-06,0.9999999999993183,2.47955322265625e-05
G12_1_FIXTURE_03,E3_vs_E4,97.8516893058,16,1,7.923015817189924e-12,4.07306051997125e-07,0.9999999999992698,3.337860107421875e-05
G12_1_FIXTURE_03,E3_vs_E4,97.8516893058,17,1,8.433551252074378e-12,7.529466000022467e-06,0.9999999999994583,4.673004150390625e-05
G12_1_FIXTURE_03,E3_vs_E4,97.8516893058,18,1,1.0252613761528444e-11,8.141962377195e-06,0.9999999999994562,3.4809112548828125e-05
G12_1_FIXTURE_03,E3_vs_E4,97.8516893058,19,1,8.131686463956668e-12,3.133418493561635e-06,0.9999999999995103,3.814697265625e-05
G12_1_FIXTURE_03,E3_vs_E4,97.8516893058,20,1,6.731066076644766e-12,3.631625730804444e-06,0.999999999999447,3.147125244140625e-05
G12_1_FIXTURE_03,E3_vs_E4,97.8516893058,21,1,7.486967345994197e-12,1.4116097126759541e-06,0.9999999999995262,4.57763671875e-05
G12_1_FIXTURE_03,E3_vs_E4,97.8516893058,22,1,8.090807161837242e-12,2.785478100619798e-06,0.9999999999994915,3.62396240234375e-05
G12_1_FIXTURE_03,E3_vs_E4,97.8516893058,23,1,9.778884123712815e-12,5.837026362698339e-06,0.9999999999995585,4.482269287109375e-05
G12_1_FIXTURE_03,E3_vs_E4,97.8516893058,24,1,8.286889113167858e-12,5.007173967896961e-06,0.9999999999995158,3.4332275390625e-05
G12_1_FIXTURE_03,E3_vs_E4,97.8516893058,25,1,8.193862974644446e-12,1.3290974312241133e-06,0.9999999999995076,3.62396240234375e-05
G12_1_FIXTURE_03,E3_vs_E4,97.8516893058,26,1,7.450109444927775e-12,3.699295755055232e-06,0.9999999999994028,3.6716461181640625e-05
G12_1_FIXTURE_03,E3_vs_E4,97.8516893058,27,1,6.728468116689703e-12,2.756758483712929e-06,0.9999999999992948,3.814697265625e-05
G12_1_FIXTURE_03,E3_vs_E4,97.8516893058,28,1,6.811311088841564e-12,3.4529731962607e-08,0.9999999999992519,3.910064697265625e-05
G12_1_FIXTURE_03,E3_vs_E4,97.8516893058,29,1,8.223261308470527e-12,2.5596677701855697e-06,0.999999999999508,3.814697265625e-05
G12_1_FIXTURE_03,E3_vs_E4,97.8516893058,30,1,7.272103046748109e-12,3.27568823976776e-06,0.9999999999993796,2.956390380859375e-05
G12_1_FIXTURE_03,E3_vs_E4,97.8516893058,31,1,6.539015091734864e-12,1.0361915343537476e-06,0.9999999999993993,2.86102294921875e-05
G12_1_FIXTURE_03,E3_vs_E4,97.8516893058,32,1,5.6858995935310405e-12,3.5665759003933317e-06,0.9999999999994079,3.1948089599609375e-05
G12_1_FIXTURE_03,E0_vs_E3,97.8516893058,0,1,0.00034169378483750207,0.0015086377916251337,0.9998464852051593,0.17975905537605286
G12_1_FIXTURE_03,E0_vs_E3,97.8516893058,1,1,0.00010074662691159561,0.018957544416483785,0.9999081835239286,0.15258944034576416
G12_1_FIXTURE_03,E0_vs_E3,97.8516893058,2,1,4.6495068803667145e-05,0.013345554922015168,0.9999931199782474,0.08500814437866211
G12_1_FIXTURE_03,E0_vs_E3,97.8516893058,3,1,6.489102076882717e-05,0.0023658452743973157,0.9999936974502895,0.11220359802246094
G12_1_FIXTURE_03,E0_vs_E3,97.8516893058,4,1,5.739297538776342e-05,0.01200414424443963,0.9999919774696328,0.10167312622070312
G12_1_FIXTURE_03,E0_vs_E3,97.8516893058,5,1,6.64311567201732e-05,0.007540360359366005,0.999989136450698,0.1214590072631836
G12_1_FIXTURE_03,E0_vs_E3,97.8516893058,6,1,5.5899389772679235e-05,0.005655133581260685,0.9999851924921698,0.10918140411376953
G12_1_FIXTURE_03,E0_vs_E3,97.8516893058,7,1,4.31024080393141e-05,0.016529309537803627,0.9999930446217757,0.08601951599121094
G12_1_FIXTURE_03,E0_vs_E3,97.8516893058,8,1,6.415376915309913e-05,0.031958543006144424,0.9999909731237523,0.13363265991210938
G12_1_FIXTURE_03,E0_vs_E3,97.8516893058,9,1,4.537057835712633e-05,0.008770059706590061,0.9999920020209735,0.09023046493530273
G12_1_FIXTURE_03,E0_vs_E3,97.8516893058,10,1,5.1156806270715675e-05,0.008604091287956805,0.9999918217851862,0.10531234741210938
G12_1_FIXTURE_03,E0_vs_E3,97.8516893058,11,1,5.6774017373103806e-05,0.015146205858222572,0.9999805500061526,0.09920406341552734
G12_1_FIXTURE_03,E0_vs_E3,97.8516893058,12,1,6.363079351459985e-05,0.012328202441910463,0.9999571247005788,0.1170424222946167
G12_1_FIXTURE_03,E0_vs_E3,97.8516893058,13,1,5.3767029479968355e-05,0.0286147710137854,0.9999911169808902,0.10363531112670898
G12_1_FIXTURE_03,E0_vs_E3,97.8516893058,14,1,5.6858833847079645e-05,0.002686908398572996,0.999989586592452,0.11881160736083984
G12_1_FIXTURE_03,E0_vs_E3,97.8516893058,15,1,4.9612703586633384e-05,0.005568395637171264,0.9999875976973276,0.0935215950012207
G12_1_FIXTURE_03,E0_vs_E3,97.8516893058,16,1,7.057992193431305e-05,0.019146147691925464,0.9999839767529721,0.0866694450378418
G12_1_FIXTURE_03,E0_vs_E3,97.8516893058,17,1,5.2540789250708525e-05,0.001558961196757025,0.9999937349837035,0.08868598937988281
G12_1_FIXTURE_03,E0_vs_E3,97.8516893058,18,1,5.706791282570863e-05,0.02457827155634007,0.9999924262873922,0.085693359375
G12_1_FIXTURE_03,E0_vs_E3,97.8516893058,19,1,5.420256214271025e-05,0.003766708151283993,0.9999948611447641,0.08128166198730469
G12_1_FIXTURE_03,E0_vs_E3,97.8516893058,20,1,0.00011311945722839088,0.006164981375263778,0.9999877199929845,0.09763741493225098
G12_1_FIXTURE_03,E0_vs_E3,97.8516893058,21,1,3.876730035847219e-05,0.002176575773482625,0.9999939649933368,0.11442947387695312
G12_1_FIXTURE_03,E0_vs_E3,97.8516893058,22,1,5.3804546222750585e-05,0.03581754177692176,0.9999834987715579,0.11816096305847168
G12_1_FIXTURE_03,E0_vs_E3,97.8516893058,23,1,6.580394875592698e-05,0.0030755526066243988,0.9999944074913333,0.07695198059082031
G12_1_FIXTURE_03,E0_vs_E3,97.8516893058,24,1,6.297349984614166e-05,0.012843439939288714,0.9999918975985709,0.08846473693847656
G12_1_FIXTURE_03,E0_vs_E3,97.8516893058,25,1,6.526656498319325e-05,0.0035169629158122717,0.9999898442637639,0.12130260467529297
G12_1_FIXTURE_03,E0_vs_E3,97.8516893058,26,1,7.135932959772149e-05,0.011241441849781708,0.999988357255535,0.09350299835205078
G12_1_FIXTURE_03,E0_vs_E3,97.8516893058,27,1,5.8304394648844545e-05,0.014800781357976689,0.9999884936281063,0.12108898162841797
G12_1_FIXTURE_03,E0_vs_E3,97.8516893058,28,1,6.460854031983032e-05,0.010775945882077309,0.9999538345473519,0.13902664184570312
G12_1_FIXTURE_03,E0_vs_E3,97.8516893058,29,1,3.947535958767553e-05,0.0049748405523004635,0.9999927486874133,0.08339142799377441
G12_1_FIXTURE_03,E0_vs_E3,97.8516893058,30,1,6.562050124045025e-05,0.01960633432511294,0.99998541834319,0.10398101806640625
G12_1_FIXTURE_03,E0_vs_E3,97.8516893058,31,1,5.003847075346087e-05,0.0306293103407409,0.9999861039172921,0.09815406799316406
G12_1_FIXTURE_03,E0_vs_E3,97.8516893058,32,1,4.485032795906613e-05,0.037765755909141774,0.9999916811504449,0.07846260070800781
G12_1_FIXTURE_04,E3_vs_E4,NO_HOOK,0,1,1.500215639630676e-11,2.2132790746809405e-06,0.9999999999994874,4.76837158203125e-05
G12_1_FIXTURE_04,E3_vs_E4,NO_HOOK,1,1,1.3683184104712976e-11,6.123963842696867e-07,0.999999999999527,4.863739013671875e-05
G12_1_FIXTURE_04,E3_vs_E4,NO_HOOK,2,1,9.441350175750586e-12,1.5122286338709046e-06,0.9999999999995455,4.00543212890625e-05
G12_1_FIXTURE_04,E3_vs_E4,NO_HOOK,3,1,9.921814156041086e-12,1.118421312540363e-05,0.9999999999993879,3.4332275390625e-05
G12_1_FIXTURE_04,E3_vs_E4,NO_HOOK,4,1,9.099682476659116e-12,1.6194505381150748e-06,0.9999999999995611,4.38690185546875e-05
G12_1_FIXTURE_04,E3_vs_E4,NO_HOOK,5,1,9.949438481185077e-12,6.05499104011642e-06,0.9999999999994793,3.814697265625e-05
G12_1_FIXTURE_04,E3_vs_E4,NO_HOOK,6,1,7.762398096306192e-12,3.328677735225938e-06,0.9999999999993695,4.0531158447265625e-05
G12_1_FIXTURE_04,E3_vs_E4,NO_HOOK,7,1,5.131139316036274e-12,3.620002003046352e-06,0.9999999999995234,3.337860107421875e-05
G12_1_FIXTURE_04,E3_vs_E4,NO_HOOK,8,1,1.2251565654661422e-11,4.329166458205691e-06,0.9999999999995336,4.1961669921875e-05
G12_1_FIXTURE_04,E3_vs_E4,NO_HOOK,9,1,5.5150789969341134e-12,2.868990430116014e-06,0.9999999999995258,2.956390380859375e-05
G12_1_FIXTURE_04,E3_vs_E4,NO_HOOK,10,1,7.420638846174778e-12,1.0862242861620075e-05,0.9999999999995134,3.0517578125e-05
G12_1_FIXTURE_04,E3_vs_E4,NO_HOOK,11,1,8.132476297736795e-12,2.2076801275972002e-06,0.9999999999994988,3.719329833984375e-05
G12_1_FIXTURE_04,E3_vs_E4,NO_HOOK,12,1,6.05457099050565e-12,4.592301870331994e-06,0.9999999999994041,2.7179718017578125e-05
G12_1_FIXTURE_04,E3_vs_E4,NO_HOOK,13,1,7.950239853303646e-12,4.852742499394935e-06,0.999999999999468,3.4332275390625e-05
G12_1_FIXTURE_04,E3_vs_E4,NO_HOOK,14,1,6.933809779964901e-12,4.4239433982795617e-07,0.9999999999994804,3.24249267578125e-05
G12_1_FIXTURE_04,E3_vs_E4,NO_HOOK,15,1,9.453539970784244e-12,2.7482229931763413e-06,0.9999999999995729,3.4332275390625e-05
G12_1_FIXTURE_04,E3_vs_E4,NO_HOOK,16,1,7.698371178601122e-12,4.09015328806106e-06,0.9999999999995158,3.62396240234375e-05
G12_1_FIXTURE_04,E3_vs_E4,NO_HOOK,17,1,6.651345048975159e-12,2.8815219437205997e-06,0.9999999999994693,2.765655517578125e-05
G12_1_FIXTURE_04,E3_vs_E4,NO_HOOK,18,1,5.316072836575415e-12,6.939484523016404e-06,0.9999999999995017,2.7179718017578125e-05
G12_1_FIXTURE_04,E3_vs_E4,NO_HOOK,19,1,6.689071868771711e-12,8.660355845790946e-07,0.999999999999433,2.956390380859375e-05
G12_1_FIXTURE_04,E3_vs_E4,NO_HOOK,20,1,1.1430627976566032e-11,2.8040488952996157e-06,0.9999999999995327,3.337860107421875e-05
G12_1_FIXTURE_04,E3_vs_E4,NO_HOOK,21,1,6.448249585058054e-12,3.3916204955630747e-07,0.9999999999995534,2.956390380859375e-05
G12_1_FIXTURE_04,E3_vs_E4,NO_HOOK,22,1,7.243516917022618e-12,3.9554873332292573e-07,0.9999999999995385,4.00543212890625e-05
G12_1_FIXTURE_04,E3_vs_E4,NO_HOOK,23,1,9.206784736515948e-12,6.761544495859084e-06,0.9999999999994674,2.4318695068359375e-05
G12_1_FIXTURE_04,E3_vs_E4,NO_HOOK,24,1,6.290245253539276e-12,1.5401682489368795e-06,0.9999999999995951,2.765655517578125e-05
G12_1_FIXTURE_04,E3_vs_E4,NO_HOOK,25,1,5.551327893810159e-12,7.55777670846669e-06,0.9999999999995678,3.4332275390625e-05
G12_1_FIXTURE_04,E3_vs_E4,NO_HOOK,26,1,1.3545883706833384e-11,9.385259147620673e-07,0.9999999999995806,3.814697265625e-05
G12_1_FIXTURE_04,E3_vs_E4,NO_HOOK,27,1,5.7416847955589846e-12,9.437803957013102e-06,0.9999999999995964,3.4332275390625e-05
G12_1_FIXTURE_04,E3_vs_E4,NO_HOOK,28,1,4.804302832902881e-12,1.2838328800057752e-06,0.9999999999995839,3.0517578125e-05
G12_1_FIXTURE_04,E3_vs_E4,NO_HOOK,29,1,5.658564980172767e-12,4.529720090573619e-06,0.9999999999995943,3.147125244140625e-05
G12_1_FIXTURE_04,E3_vs_E4,NO_HOOK,30,1,5.216252848144307e-12,4.04900133688102e-06,0.999999999999535,2.956390380859375e-05
G12_1_FIXTURE_04,E3_vs_E4,NO_HOOK,31,1,5.087559614750057e-12,3.3214612038534597e-07,0.9999999999995253,3.0517578125e-05
G12_1_FIXTURE_04,E3_vs_E4,NO_HOOK,32,1,5.0648111820325175e-12,7.4337399951218686e-06,0.9999999999995777,3.1948089599609375e-05
G12_1_FIXTURE_04,E3_vs_E4,NO_HOOK,33,1,5.556305958039045e-12,4.312609039658355e-06,0.9999999999995687,3.719329833984375e-05
G12_1_FIXTURE_04,E3_vs_E4,NO_HOOK,34,1,1.1428477272127583e-11,1.4464750943687932e-06,0.9999999999991828,3.62396240234375e-05
G12_1_FIXTURE_04,E3_vs_E4,NO_HOOK,35,1,5.952567099078044e-12,2.687025096648199e-06,0.9999999999995689,3.24249267578125e-05
G12_1_FIXTURE_04,E3_vs_E4,NO_HOOK,36,1,1.6790732608270918e-11,1.245234447111443e-05,0.9999999999993764,2.9087066650390625e-05
G12_1_FIXTURE_04,E3_vs_E4,NO_HOOK,37,1,6.411576636606897e-12,2.1019152534051955e-06,0.9999999999995223,4.100799560546875e-05
G12_1_FIXTURE_04,E3_vs_E4,NO_HOOK,38,1,4.792469524637068e-12,5.0969229139496974e-06,0.9999999999995894,3.147125244140625e-05
G12_1_FIXTURE_04,E3_vs_E4,NO_HOOK,39,1,5.2826544560920875e-12,1.0825834007022195e-06,0.9999999999995929,3.0994415283203125e-05
G12_1_FIXTURE_04,E3_vs_E4,NO_HOOK,40,1,5.546668772574916e-12,1.8865245259291896e-06,0.9999999999995947,3.0517578125e-05
G12_1_FIXTURE_04,E3_vs_E4,NO_HOOK,41,1,6.0304397815806065e-12,2.0236277116225665e-06,0.999999999999577,2.956390380859375e-05
G12_1_FIXTURE_04,E3_vs_E4,NO_HOOK,42,1,1.0208068724969322e-11,3.841586782016293e-08,0.999999999999398,2.574920654296875e-05
G12_1_FIXTURE_04,E3_vs_E4,NO_HOOK,43,1,4.7437406133455725e-12,9.793228574750401e-07,0.999999999999544,2.956390380859375e-05
G12_1_FIXTURE_04,E3_vs_E4,NO_HOOK,44,1,5.578750688109125e-12,8.455235516180437e-07,0.9999999999994486,2.765655517578125e-05
G12_1_FIXTURE_04,E3_vs_E4,NO_HOOK,45,1,5.9693500736285154e-12,1.1424739492227332e-05,0.9999999999994849,3.0517578125e-05
G12_1_FIXTURE_04,E3_vs_E4,NO_HOOK,46,1,5.150187249450286e-12,4.493980302555656e-06,0.9999999999995928,3.337860107421875e-05
G12_1_FIXTURE_04,E3_vs_E4,NO_HOOK,47,1,3.95461615062204e-12,4.391110794088604e-06,0.9999999999995801,2.7179718017578125e-05
G12_1_FIXTURE_04,E3_vs_E4,NO_HOOK,48,1,3.8473584977766954e-12,1.0034016584725691e-05,0.9999999999991406,3.147125244140625e-05
G12_1_FIXTURE_04,E3_vs_E4,NO_HOOK,49,1,4.187622932464779e-12,1.575225486050158e-06,0.9999999999996064,3.337860107421875e-05
G12_1_FIXTURE_04,E3_vs_E4,NO_HOOK,50,1,3.816126631915781e-12,5.781306811059039e-07,0.9999999999995958,3.0517578125e-05
G12_1_FIXTURE_04,E3_vs_E4,NO_HOOK,51,1,2.8189281367101024e-12,4.834952314070051e-06,0.9999999999994843,3.0517578125e-05
G12_1_FIXTURE_04,E3_vs_E4,NO_HOOK,52,1,4.494139615970739e-12,8.533479933348076e-06,0.9999999999996049,3.24249267578125e-05
G12_1_FIXTURE_04,E3_vs_E4,NO_HOOK,53,1,4.307704281263563e-12,1.1122724608014778e-06,0.9999999999996002,2.6702880859375e-05
G12_1_FIXTURE_04,E3_vs_E4,NO_HOOK,54,1,4.391573867356381e-12,3.4602964600338737e-06,0.999999999999548,3.24249267578125e-05
G12_1_FIXTURE_04,E3_vs_E4,NO_HOOK,55,1,5.1181489287063e-12,1.9292056911979216e-06,0.9999999999995143,3.719329833984375e-05
G12_1_FIXTURE_04,E3_vs_E4,NO_HOOK,56,1,6.563920199417648e-12,5.154756195224763e-07,0.9999999999995585,3.62396240234375e-05
G12_1_FIXTURE_04,E3_vs_E4,NO_HOOK,57,1,8.067099336818552e-12,2.2843599616351185e-06,0.9999999999994622,2.6702880859375e-05
G12_1_FIXTURE_04,E3_vs_E4,NO_HOOK,58,1,4.3336053542797564e-12,1.3373357194979008e-06,0.9999999999995774,3.0517578125e-05
G12_1_FIXTURE_04,E3_vs_E4,NO_HOOK,59,1,4.51725729737894e-12,2.99374266354846e-06,0.9999999999995872,2.956390380859375e-05
G12_1_FIXTURE_04,E3_vs_E4,NO_HOOK,60,1,1.275210186140477e-11,9.707858549035109e-06,0.9999999999986172,3.0517578125e-05
G12_1_FIXTURE_04,E3_vs_E4,NO_HOOK,61,1,3.623783852366145e-12,8.398516673224776e-07,0.999999999999578,2.6702880859375e-05
G12_1_FIXTURE_04,E3_vs_E4,NO_HOOK,62,1,1.1704658529184722e-11,4.842987699760215e-08,0.9999999999992966,3.147125244140625e-05
G12_1_FIXTURE_04,E3_vs_E4,NO_HOOK,63,1,6.153252884115987e-12,3.4424306960545437e-07,0.9999999999995579,2.574920654296875e-05
G12_1_FIXTURE_04,E3_vs_E4,NO_HOOK,64,1,6.6008036133761765e-12,3.6219165622242144e-07,0.9999999999994581,2.956390380859375e-05
G12_1_FIXTURE_04,E3_vs_E4,0,0,1,1.500215639630676e-11,2.2132790746809405e-06,0.9999999999994874,4.76837158203125e-05
G12_1_FIXTURE_04,E3_vs_E4,0,1,1,1.3683184104712976e-11,6.123963842696867e-07,0.999999999999527,4.863739013671875e-05
G12_1_FIXTURE_04,E3_vs_E4,0,2,1,9.441350175750586e-12,1.5122286338709046e-06,0.9999999999995455,4.00543212890625e-05
G12_1_FIXTURE_04,E3_vs_E4,0,3,1,9.921814156041086e-12,1.118421312540363e-05,0.9999999999993879,3.4332275390625e-05
G12_1_FIXTURE_04,E3_vs_E4,0,4,1,9.099682476659116e-12,1.6194505381150748e-06,0.9999999999995611,4.38690185546875e-05
G12_1_FIXTURE_04,E3_vs_E4,0,5,1,9.949438481185077e-12,6.05499104011642e-06,0.9999999999994793,3.814697265625e-05
G12_1_FIXTURE_04,E3_vs_E4,0,6,1,7.762398096306192e-12,3.328677735225938e-06,0.9999999999993695,4.0531158447265625e-05
G12_1_FIXTURE_04,E3_vs_E4,0,7,1,5.131139316036274e-12,3.620002003046352e-06,0.9999999999995234,3.337860107421875e-05
G12_1_FIXTURE_04,E3_vs_E4,0,8,1,1.2251565654661422e-11,4.329166458205691e-06,0.9999999999995336,4.1961669921875e-05
G12_1_FIXTURE_04,E3_vs_E4,0,9,1,5.5150789969341134e-12,2.868990430116014e-06,0.9999999999995258,2.956390380859375e-05
G12_1_FIXTURE_04,E3_vs_E4,0,10,1,7.420638846174778e-12,1.0862242861620075e-05,0.9999999999995134,3.0517578125e-05
G12_1_FIXTURE_04,E3_vs_E4,0,11,1,8.132476297736795e-12,2.2076801275972002e-06,0.9999999999994988,3.719329833984375e-05
G12_1_FIXTURE_04,E3_vs_E4,0,12,1,6.05457099050565e-12,4.592301870331994e-06,0.9999999999994041,2.7179718017578125e-05
G12_1_FIXTURE_04,E3_vs_E4,0,13,1,7.950239853303646e-12,4.852742499394935e-06,0.999999999999468,3.4332275390625e-05
G12_1_FIXTURE_04,E3_vs_E4,0,14,1,6.933809779964901e-12,4.4239433982795617e-07,0.9999999999994804,3.24249267578125e-05
G12_1_FIXTURE_04,E3_vs_E4,0,15,1,9.453539970784244e-12,2.7482229931763413e-06,0.9999999999995729,3.4332275390625e-05
G12_1_FIXTURE_04,E3_vs_E4,0,16,1,7.698371178601122e-12,4.09015328806106e-06,0.9999999999995158,3.62396240234375e-05
G12_1_FIXTURE_04,E3_vs_E4,0,17,1,6.651345048975159e-12,2.8815219437205997e-06,0.9999999999994693,2.765655517578125e-05
G12_1_FIXTURE_04,E3_vs_E4,0,18,1,5.316072836575415e-12,6.939484523016404e-06,0.9999999999995017,2.7179718017578125e-05
G12_1_FIXTURE_04,E3_vs_E4,0,19,1,6.689071868771711e-12,8.660355845790946e-07,0.999999999999433,2.956390380859375e-05
G12_1_FIXTURE_04,E3_vs_E4,0,20,1,1.1430627976566032e-11,2.8040488952996157e-06,0.9999999999995327,3.337860107421875e-05
G12_1_FIXTURE_04,E3_vs_E4,0,21,1,6.448249585058054e-12,3.3916204955630747e-07,0.9999999999995534,2.956390380859375e-05
G12_1_FIXTURE_04,E3_vs_E4,0,22,1,7.243516917022618e-12,3.9554873332292573e-07,0.9999999999995385,4.00543212890625e-05
G12_1_FIXTURE_04,E3_vs_E4,0,23,1,9.206784736515948e-12,6.761544495859084e-06,0.9999999999994674,2.4318695068359375e-05
G12_1_FIXTURE_04,E3_vs_E4,0,24,1,6.290245253539276e-12,1.5401682489368795e-06,0.9999999999995951,2.765655517578125e-05
G12_1_FIXTURE_04,E3_vs_E4,0,25,1,5.551327893810159e-12,7.55777670846669e-06,0.9999999999995678,3.4332275390625e-05
G12_1_FIXTURE_04,E3_vs_E4,0,26,1,1.3545883706833384e-11,9.385259147620673e-07,0.9999999999995806,3.814697265625e-05
G12_1_FIXTURE_04,E3_vs_E4,0,27,1,5.7416847955589846e-12,9.437803957013102e-06,0.9999999999995964,3.4332275390625e-05
G12_1_FIXTURE_04,E3_vs_E4,0,28,1,4.804302832902881e-12,1.2838328800057752e-06,0.9999999999995839,3.0517578125e-05
G12_1_FIXTURE_04,E3_vs_E4,0,29,1,5.658564980172767e-12,4.529720090573619e-06,0.9999999999995943,3.147125244140625e-05
G12_1_FIXTURE_04,E3_vs_E4,0,30,1,5.216252848144307e-12,4.04900133688102e-06,0.999999999999535,2.956390380859375e-05
G12_1_FIXTURE_04,E3_vs_E4,0,31,1,5.087559614750057e-12,3.3214612038534597e-07,0.9999999999995253,3.0517578125e-05
G12_1_FIXTURE_04,E3_vs_E4,0,32,1,5.0648111820325175e-12,7.4337399951218686e-06,0.9999999999995777,3.1948089599609375e-05
G12_1_FIXTURE_04,E3_vs_E4,0,33,1,5.556305958039045e-12,4.312609039658355e-06,0.9999999999995687,3.719329833984375e-05
G12_1_FIXTURE_04,E3_vs_E4,0,34,1,1.1428477272127583e-11,1.4464750943687932e-06,0.9999999999991828,3.62396240234375e-05
G12_1_FIXTURE_04,E3_vs_E4,0,35,1,5.952567099078044e-12,2.687025096648199e-06,0.9999999999995689,3.24249267578125e-05
G12_1_FIXTURE_04,E3_vs_E4,0,36,1,1.6790732608270918e-11,1.245234447111443e-05,0.9999999999993764,2.9087066650390625e-05
G12_1_FIXTURE_04,E3_vs_E4,0,37,1,6.411576636606897e-12,2.1019152534051955e-06,0.9999999999995223,4.100799560546875e-05
G12_1_FIXTURE_04,E3_vs_E4,0,38,1,4.792469524637068e-12,5.0969229139496974e-06,0.9999999999995894,3.147125244140625e-05
G12_1_FIXTURE_04,E3_vs_E4,0,39,1,5.2826544560920875e-12,1.0825834007022195e-06,0.9999999999995929,3.0994415283203125e-05
G12_1_FIXTURE_04,E3_vs_E4,0,40,1,5.546668772574916e-12,1.8865245259291896e-06,0.9999999999995947,3.0517578125e-05
G12_1_FIXTURE_04,E3_vs_E4,0,41,1,6.0304397815806065e-12,2.0236277116225665e-06,0.999999999999577,2.956390380859375e-05
G12_1_FIXTURE_04,E3_vs_E4,0,42,1,1.0208068724969322e-11,3.841586782016293e-08,0.999999999999398,2.574920654296875e-05
G12_1_FIXTURE_04,E3_vs_E4,0,43,1,4.7437406133455725e-12,9.793228574750401e-07,0.999999999999544,2.956390380859375e-05
G12_1_FIXTURE_04,E3_vs_E4,0,44,1,5.578750688109125e-12,8.455235516180437e-07,0.9999999999994486,2.765655517578125e-05
G12_1_FIXTURE_04,E3_vs_E4,0,45,1,5.9693500736285154e-12,1.1424739492227332e-05,0.9999999999994849,3.0517578125e-05
G12_1_FIXTURE_04,E3_vs_E4,0,46,1,5.150187249450286e-12,4.493980302555656e-06,0.9999999999995928,3.337860107421875e-05
G12_1_FIXTURE_04,E3_vs_E4,0,47,1,3.95461615062204e-12,4.391110794088604e-06,0.9999999999995801,2.7179718017578125e-05
G12_1_FIXTURE_04,E3_vs_E4,0,48,1,3.8473584977766954e-12,1.0034016584725691e-05,0.9999999999991406,3.147125244140625e-05
G12_1_FIXTURE_04,E3_vs_E4,0,49,1,4.187622932464779e-12,1.575225486050158e-06,0.9999999999996064,3.337860107421875e-05
G12_1_FIXTURE_04,E3_vs_E4,0,50,1,3.816126631915781e-12,5.781306811059039e-07,0.9999999999995958,3.0517578125e-05
G12_1_FIXTURE_04,E3_vs_E4,0,51,1,2.8189281367101024e-12,4.834952314070051e-06,0.9999999999994843,3.0517578125e-05
G12_1_FIXTURE_04,E3_vs_E4,0,52,1,4.494139615970739e-12,8.533479933348076e-06,0.9999999999996049,3.24249267578125e-05
G12_1_FIXTURE_04,E3_vs_E4,0,53,1,4.307704281263563e-12,1.1122724608014778e-06,0.9999999999996002,2.6702880859375e-05
G12_1_FIXTURE_04,E3_vs_E4,0,54,1,4.391573867356381e-12,3.4602964600338737e-06,0.999999999999548,3.24249267578125e-05
G12_1_FIXTURE_04,E3_vs_E4,0,55,1,5.1181489287063e-12,1.9292056911979216e-06,0.9999999999995143,3.719329833984375e-05
G12_1_FIXTURE_04,E3_vs_E4,0,56,1,6.563920199417648e-12,5.154756195224763e-07,0.9999999999995585,3.62396240234375e-05
G12_1_FIXTURE_04,E3_vs_E4,0,57,1,8.067099336818552e-12,2.2843599616351185e-06,0.9999999999994622,2.6702880859375e-05
G12_1_FIXTURE_04,E3_vs_E4,0,58,1,4.3336053542797564e-12,1.3373357194979008e-06,0.9999999999995774,3.0517578125e-05
G12_1_FIXTURE_04,E3_vs_E4,0,59,1,4.51725729737894e-12,2.99374266354846e-06,0.9999999999995872,2.956390380859375e-05
G12_1_FIXTURE_04,E3_vs_E4,0,60,1,1.275210186140477e-11,9.707858549035109e-06,0.9999999999986172,3.0517578125e-05
G12_1_FIXTURE_04,E3_vs_E4,0,61,1,3.623783852366145e-12,8.398516673224776e-07,0.999999999999578,2.6702880859375e-05
G12_1_FIXTURE_04,E3_vs_E4,0,62,1,1.1704658529184722e-11,4.842987699760215e-08,0.9999999999992966,3.147125244140625e-05
G12_1_FIXTURE_04,E3_vs_E4,0,63,1,6.153252884115987e-12,3.4424306960545437e-07,0.9999999999995579,2.574920654296875e-05
G12_1_FIXTURE_04,E3_vs_E4,0,64,1,6.6008036133761765e-12,3.6219165622242144e-07,0.9999999999994581,2.956390380859375e-05
G12_1_FIXTURE_04,E0_vs_E3,0,0,1,5.961172953612435e-05,0.009203363629218586,0.9999943408757936,0.09325408935546875
G12_1_FIXTURE_04,E0_vs_E3,0,1,1,6.35668067116798e-05,0.0035616978227928087,0.999992840128476,0.11126136779785156
G12_1_FIXTURE_04,E0_vs_E3,0,2,1,7.236666900265273e-05,0.0088581317846117,0.9999898992014116,0.11155986785888672
G12_1_FIXTURE_04,E0_vs_E3,0,3,1,7.371729034002454e-05,0.008531193816912364,0.9999864921962227,0.12779617309570312
G12_1_FIXTURE_04,E0_vs_E3,0,4,1,9.426210926495346e-05,0.02085792468721337,0.9999917273623476,0.10405099391937256
G12_1_FIXTURE_04,E0_vs_E3,0,5,1,0.00010909756284995688,0.0024751657957438056,0.9999893880585266,0.12531375885009766
G12_1_FIXTURE_04,E0_vs_E3,0,6,1,9.816009472462357e-05,0.021501877764231736,0.9999879348106268,0.16727161407470703
G12_1_FIXTURE_04,E0_vs_E3,0,7,1,4.211605644008962e-05,0.005695669785298563,0.9999897622121195,0.08689403533935547
G12_1_FIXTURE_04,E0_vs_E3,0,8,1,0.00012900680525717602,0.019623558395704066,0.9999947408580909,0.09857559204101562
G12_1_FIXTURE_04,E0_vs_E3,0,9,1,5.2121981343682014e-05,0.0006090900763719986,0.9999895455156791,0.08356666564941406
G12_1_FIXTURE_04,E0_vs_E3,0,10,1,6.153391322422487e-05,0.04787962178608929,0.9999859056789607,0.11879348754882812
G12_1_FIXTURE_04,E0_vs_E3,0,11,1,3.973545980863551e-05,0.0012885298456719596,0.9999891028382941,0.09557342529296875
G12_1_FIXTURE_04,E0_vs_E3,0,12,1,8.864463062858963e-05,0.028328810769322033,0.9999833724147618,0.1181497573852539
G12_1_FIXTURE_04,E0_vs_E3,0,13,1,5.954392648295706e-05,0.008393603480898904,0.9999888832028897,0.11596298217773438
G12_1_FIXTURE_04,E0_vs_E3,0,14,1,7.100615834390616e-05,0.038320995569909755,0.9999872659294718,0.15317916870117188
G12_1_FIXTURE_04,E0_vs_E3,0,15,1,9.604901158523122e-05,0.005537220516121266,0.9999918197422867,0.12129497528076172
G12_1_FIXTURE_04,E0_vs_E3,0,16,1,6.966074151568203e-05,0.013974164457447813,0.9999923333540902,0.08528685569763184
G12_1_FIXTURE_04,E0_vs_E3,0,17,1,0.00018442287517907966,0.010037827806289812,0.9999676373947912,0.11950922012329102
G12_1_FIXTURE_04,E0_vs_E3,0,18,1,6.271911500924939e-05,0.011344908751405924,0.9999761708178241,0.09872627258300781
G12_1_FIXTURE_04,E0_vs_E3,0,19,1,0.00010158284362819054,0.040731300000556914,0.9999743740396948,0.09717369079589844
G12_1_FIXTURE_04,E0_vs_E3,0,20,1,8.344349191776579e-05,0.029596492493094928,0.9999871420274961,0.10279226303100586
G12_1_FIXTURE_04,E0_vs_E3,0,21,1,3.616586505216727e-05,0.01998915921569555,0.9999936069432046,0.0892629623413086
G12_1_FIXTURE_04,E0_vs_E3,0,22,1,5.747369592948419e-05,0.009978313570389474,0.9999776816481729,0.1507347822189331
G12_1_FIXTURE_04,E0_vs_E3,0,23,1,4.718096713513889e-05,0.012557009598749502,0.9999894102916885,0.07913446426391602
G12_1_FIXTURE_04,E0_vs_E3,0,24,1,5.41383467882395e-05,0.025485750708625687,0.9999907118947042,0.09365367889404297
G12_1_FIXTURE_04,E0_vs_E3,0,25,1,4.051607529544676e-05,0.012012312564507965,0.9999922005429739,0.09408807754516602
G12_1_FIXTURE_04,E0_vs_E3,0,26,0,5.503491819580532e-05,0.013341681048521181,0.9999910539849791,0.1161489486694336
G12_1_FIXTURE_04,E0_vs_E3,0,27,1,5.4626083996329533e-05,0.02564918474942246,0.9999925068620223,0.0770425796508789
G12_1_FIXTURE_04,E0_vs_E3,0,28,1,3.803293253124923e-05,0.012205665090384343,0.999989205107769,0.09642171859741211
G12_1_FIXTURE_04,E0_vs_E3,0,29,1,3.4490651190883073e-05,0.0017583301728656409,0.999993618493755,0.09493732452392578
G12_1_FIXTURE_04,E0_vs_E3,0,30,1,6.093297492644962e-05,0.012535578299797123,0.999972556841038,0.12913227081298828
G12_1_FIXTURE_04,E0_vs_E3,0,31,1,3.449948045020757e-05,0.004264324953442866,0.9999931182045633,0.0626826286315918
G12_1_FIXTURE_04,E0_vs_E3,0,32,1,3.5173062474342265e-05,0.006770197682840262,0.9999932754782739,0.07960700988769531
G12_1_FIXTURE_04,E0_vs_E3,0,33,1,2.849758037426754e-05,0.008878991227890154,0.9999940748034428,0.07499313354492188
G12_1_FIXTURE_04,E0_vs_E3,0,34,1,6.828692745523642e-05,0.03938110875576584,0.9999752310780723,0.09284275770187378
G12_1_FIXTURE_04,E0_vs_E3,0,35,1,3.814134621803422e-05,0.008515836342715133,0.9999925019363948,0.07346248626708984
G12_1_FIXTURE_04,E0_vs_E3,0,36,1,7.101890634891454e-05,0.02979800722481052,0.9999847293400483,0.11061286926269531
G12_1_FIXTURE_04,E0_vs_E3,0,37,1,6.0635925473329555e-05,0.02770967299997551,0.9999849639141475,0.09212005138397217
G12_1_FIXTURE_04,E0_vs_E3,0,38,1,4.317487265559521e-05,0.019048368003815597,0.9999921856452207,0.08852386474609375
G12_1_FIXTURE_04,E0_vs_E3,0,39,1,3.757784435869329e-05,0.0181240671135523,0.9999936700540505,0.0922389030456543
G12_1_FIXTURE_04,E0_vs_E3,0,40,1,3.645470392179894e-05,0.022514889270965455,0.9999924448414479,0.10622167587280273
G12_1_FIXTURE_04,E0_vs_E3,0,41,1,4.2987073908183474e-05,0.019524468422073227,0.999990053279285,0.07436227798461914
G12_1_FIXTURE_04,E0_vs_E3,0,42,1,0.00010413723855555012,0.026282168935260586,0.999965239605613,0.1176767349243164
G12_1_FIXTURE_04,E0_vs_E3,0,43,1,3.263375966183466e-05,0.00503784338590485,0.999992421672109,0.07726097106933594
G12_1_FIXTURE_04,E0_vs_E3,0,44,1,6.077972607037053e-05,0.02119231430722479,0.9999877463104059,0.09414100646972656
G12_1_FIXTURE_04,E0_vs_E3,0,45,1,4.9929667813260355e-05,0.009134079011447582,0.9999882101279621,0.08644366264343262
G12_1_FIXTURE_04,E0_vs_E3,0,46,0,6.172770225550443e-05,0.027594432164598004,0.9999926419269908,0.085906982421875
G12_1_FIXTURE_04,E0_vs_E3,0,47,1,5.114684650267922e-05,0.009881812663774525,0.9999899301026047,0.08981847763061523
G12_1_FIXTURE_04,E0_vs_E3,0,48,1,5.486580391827106e-05,0.026327691593918345,0.9999225225729721,0.12314844131469727
G12_1_FIXTURE_04,E0_vs_E3,0,49,1,3.900942838093587e-05,0.002199638349463129,0.9999934257668077,0.07671928405761719
G12_1_FIXTURE_04,E0_vs_E3,0,50,1,3.792392120638058e-05,0.013979533204317107,0.9999945739969683,0.07229995727539062
G12_1_FIXTURE_04,E0_vs_E3,0,51,1,3.6322854284941163e-05,0.004153558488527054,0.9999820186390717,0.08786153793334961
G12_1_FIXTURE_04,E0_vs_E3,0,52,1,5.358962835308681e-05,0.006654249618932795,0.9999874447999492,0.11281585693359375
G12_1_FIXTURE_04,E0_vs_E3,0,53,1,2.971058536791431e-05,0.003579862980672033,0.9999931633121512,0.059366703033447266
G12_1_FIXTURE_04,E0_vs_E3,0,54,1,3.144828656473752e-05,0.0018184510184973135,0.9999937349689808,0.07477998733520508
G12_1_FIXTURE_04,E0_vs_E3,0,55,1,4.722095984966199e-05,0.011026071809604687,0.999994079267524,0.09644508361816406
G12_1_FIXTURE_04,E0_vs_E3,0,56,1,3.912279346166926e-05,0.0064349218023593835,0.9999922177111952,0.08957195281982422
G12_1_FIXTURE_04,E0_vs_E3,0,57,1,7.535104847393686e-05,0.027521723885250537,0.9999837507252952,0.10710906982421875
G12_1_FIXTURE_04,E0_vs_E3,0,58,1,6.967007748985251e-05,0.0039025268050210116,0.9999923229994998,0.14047622680664062
G12_1_FIXTURE_04,E0_vs_E3,0,59,1,5.6859238945006284e-05,0.010447878173533098,0.9999937029498417,0.10021305084228516
G12_1_FIXTURE_04,E0_vs_E3,0,60,1,9.664347009417994e-05,0.007209366689302499,0.99995503303295,0.17851591110229492
G12_1_FIXTURE_04,E0_vs_E3,0,61,1,3.98418803297003e-05,0.002740922113662947,0.9999934420573072,0.09194755554199219
G12_1_FIXTURE_04,E0_vs_E3,0,62,1,9.005294459515153e-05,0.03163872369927745,0.9999661784500357,0.15363311767578125
G12_1_FIXTURE_04,E0_vs_E3,0,63,1,4.5524460186276014e-05,0.006017967492791598,0.9999835081640573,0.09048259258270264
G12_1_FIXTURE_04,E0_vs_E3,0,64,1,4.7073577707897824e-05,0.011812330523184755,0.9999711978972335,0.08809661865234375
G12_1_FIXTURE_04,E3_NOHOOK_vs_ALPHA0,0,0,1,0.0,0.0,1.0000000000000002,0.0
G12_1_FIXTURE_04,E3_NOHOOK_vs_ALPHA0,0,1,1,0.0,0.0,1.0,0.0
G12_1_FIXTURE_04,E3_NOHOOK_vs_ALPHA0,0,2,1,0.0,0.0,1.0,0.0
G12_1_FIXTURE_04,E3_NOHOOK_vs_ALPHA0,0,3,1,0.0,0.0,1.0,0.0
G12_1_FIXTURE_04,E3_NOHOOK_vs_ALPHA0,0,4,1,0.0,0.0,1.0,0.0
G12_1_FIXTURE_04,E3_NOHOOK_vs_ALPHA0,0,5,1,-5.905309967635484e-17,0.0,0.9999999999999999,0.0
G12_1_FIXTURE_04,E3_NOHOOK_vs_ALPHA0,0,6,1,0.0,0.0,1.0,0.0
G12_1_FIXTURE_04,E3_NOHOOK_vs_ALPHA0,0,7,1,0.0,0.0,1.0,0.0
G12_1_FIXTURE_04,E3_NOHOOK_vs_ALPHA0,0,8,1,0.0,0.0,0.9999999999999999,0.0
G12_1_FIXTURE_04,E3_NOHOOK_vs_ALPHA0,0,9,1,0.0,0.0,1.0,0.0
G12_1_FIXTURE_04,E3_NOHOOK_vs_ALPHA0,0,10,1,0.0,0.0,1.0,0.0
G12_1_FIXTURE_04,E3_NOHOOK_vs_ALPHA0,0,11,1,0.0,0.0,1.0,0.0
G12_1_FIXTURE_04,E3_NOHOOK_vs_ALPHA0,0,12,1,0.0,0.0,0.9999999999999999,0.0
G12_1_FIXTURE_04,E3_NOHOOK_vs_ALPHA0,0,13,1,0.0,0.0,1.0,0.0
G12_1_FIXTURE_04,E3_NOHOOK_vs_ALPHA0,0,14,1,0.0,0.0,1.0,0.0
G12_1_FIXTURE_04,E3_NOHOOK_vs_ALPHA0,0,15,1,0.0,0.0,1.0,0.0
G12_1_FIXTURE_04,E3_NOHOOK_vs_ALPHA0,0,16,1,0.0,0.0,0.9999999999999998,0.0
G12_1_FIXTURE_04,E3_NOHOOK_vs_ALPHA0,0,17,1,0.0,0.0,0.9999999999999998,0.0
G12_1_FIXTURE_04,E3_NOHOOK_vs_ALPHA0,0,18,1,0.0,0.0,1.0,0.0
G12_1_FIXTURE_04,E3_NOHOOK_vs_ALPHA0,0,19,1,0.0,0.0,1.0000000000000002,0.0
G12_1_FIXTURE_04,E3_NOHOOK_vs_ALPHA0,0,20,1,0.0,0.0,0.9999999999999998,0.0
G12_1_FIXTURE_04,E3_NOHOOK_vs_ALPHA0,0,21,1,0.0,0.0,1.0000000000000002,0.0
G12_1_FIXTURE_04,E3_NOHOOK_vs_ALPHA0,0,22,1,0.0,0.0,0.9999999999999999,0.0
G12_1_FIXTURE_04,E3_NOHOOK_vs_ALPHA0,0,23,1,0.0,0.0,0.9999999999999999,0.0
G12_1_FIXTURE_04,E3_NOHOOK_vs_ALPHA0,0,24,1,0.0,0.0,1.0,0.0
G12_1_FIXTURE_04,E3_NOHOOK_vs_ALPHA0,0,25,1,0.0,0.0,1.0000000000000002,0.0
G12_1_FIXTURE_04,E3_NOHOOK_vs_ALPHA0,0,26,1,0.0,0.0,1.0,0.0
G12_1_FIXTURE_04,E3_NOHOOK_vs_ALPHA0,0,27,1,0.0,0.0,1.0,0.0
G12_1_FIXTURE_04,E3_NOHOOK_vs_ALPHA0,0,28,1,0.0,0.0,0.9999999999999999,0.0
G12_1_FIXTURE_04,E3_NOHOOK_vs_ALPHA0,0,29,1,0.0,0.0,0.9999999999999998,0.0
G12_1_FIXTURE_04,E3_NOHOOK_vs_ALPHA0,0,30,1,0.0,0.0,1.0,0.0
G12_1_FIXTURE_04,E3_NOHOOK_vs_ALPHA0,0,31,1,0.0,0.0,1.0,0.0
G12_1_FIXTURE_04,E3_NOHOOK_vs_ALPHA0,0,32,1,0.0,0.0,0.9999999999999998,0.0
G12_1_FIXTURE_04,E3_NOHOOK_vs_ALPHA0,0,33,1,0.0,0.0,1.0000000000000002,0.0
G12_1_FIXTURE_04,E3_NOHOOK_vs_ALPHA0,0,34,1,0.0,0.0,0.9999999999999999,0.0
G12_1_FIXTURE_04,E3_NOHOOK_vs_ALPHA0,0,35,1,0.0,0.0,1.0000000000000002,0.0
G12_1_FIXTURE_04,E3_NOHOOK_vs_ALPHA0,0,36,1,0.0,0.0,1.0,0.0
G12_1_FIXTURE_04,E3_NOHOOK_vs_ALPHA0,0,37,1,0.0,0.0,1.0000000000000002,0.0
G12_1_FIXTURE_04,E3_NOHOOK_vs_ALPHA0,0,38,1,0.0,0.0,1.0000000000000002,0.0
G12_1_FIXTURE_04,E3_NOHOOK_vs_ALPHA0,0,39,1,0.0,0.0,1.0,0.0
G12_1_FIXTURE_04,E3_NOHOOK_vs_ALPHA0,0,40,1,0.0,0.0,1.0000000000000002,0.0
G12_1_FIXTURE_04,E3_NOHOOK_vs_ALPHA0,0,41,1,0.0,0.0,1.0,0.0
G12_1_FIXTURE_04,E3_NOHOOK_vs_ALPHA0,0,42,1,0.0,0.0,1.0,0.0
G12_1_FIXTURE_04,E3_NOHOOK_vs_ALPHA0,0,43,1,0.0,0.0,0.9999999999999999,0.0
G12_1_FIXTURE_04,E3_NOHOOK_vs_ALPHA0,0,44,1,0.0,0.0,1.0,0.0
G12_1_FIXTURE_04,E3_NOHOOK_vs_ALPHA0,0,45,1,0.0,0.0,0.9999999999999999,0.0
G12_1_FIXTURE_04,E3_NOHOOK_vs_ALPHA0,0,46,1,0.0,0.0,0.9999999999999998,0.0
G12_1_FIXTURE_04,E3_NOHOOK_vs_ALPHA0,0,47,1,0.0,0.0,1.0,0.0
G12_1_FIXTURE_04,E3_NOHOOK_vs_ALPHA0,0,48,1,0.0,0.0,1.0,0.0
G12_1_FIXTURE_04,E3_NOHOOK_vs_ALPHA0,0,49,1,0.0,0.0,1.0,0.0
G12_1_FIXTURE_04,E3_NOHOOK_vs_ALPHA0,0,50,1,0.0,0.0,1.0,0.0
G12_1_FIXTURE_04,E3_NOHOOK_vs_ALPHA0,0,51,1,0.0,0.0,1.0000000000000002,0.0
G12_1_FIXTURE_04,E3_NOHOOK_vs_ALPHA0,0,52,1,0.0,0.0,1.0,0.0
G12_1_FIXTURE_04,E3_NOHOOK_vs_ALPHA0,0,53,1,0.0,0.0,1.0000000000000002,0.0
G12_1_FIXTURE_04,E3_NOHOOK_vs_ALPHA0,0,54,1,0.0,0.0,1.0,0.0
G12_1_FIXTURE_04,E3_NOHOOK_vs_ALPHA0,0,55,1,0.0,0.0,1.0000000000000002,0.0
G12_1_FIXTURE_04,E3_NOHOOK_vs_ALPHA0,0,56,1,0.0,0.0,1.0000000000000002,0.0
G12_1_FIXTURE_04,E3_NOHOOK_vs_ALPHA0,0,57,1,0.0,0.0,1.0,0.0
G12_1_FIXTURE_04,E3_NOHOOK_vs_ALPHA0,0,58,1,0.0,0.0,0.9999999999999998,0.0
G12_1_FIXTURE_04,E3_NOHOOK_vs_ALPHA0,0,59,1,0.0,0.0,1.0,0.0
G12_1_FIXTURE_04,E3_NOHOOK_vs_ALPHA0,0,60,1,0.0,0.0,1.0000000000000002,0.0
G12_1_FIXTURE_04,E3_NOHOOK_vs_ALPHA0,0,61,1,0.0,0.0,1.0,0.0
G12_1_FIXTURE_04,E3_NOHOOK_vs_ALPHA0,0,62,1,0.0,0.0,0.9999999999999999,0.0
G12_1_FIXTURE_04,E3_NOHOOK_vs_ALPHA0,0,63,1,0.0,0.0,1.0,0.0
G12_1_FIXTURE_04,E3_NOHOOK_vs_ALPHA0,0,64,1,0.0,0.0,1.0000000000000002,0.0
G12_1_FIXTURE_04,E4_NOHOOK_vs_ALPHA0,0,0,1,0.0,0.0,1.0,0.0
G12_1_FIXTURE_04,E4_NOHOOK_vs_ALPHA0,0,1,1,0.0,0.0,1.0000000000000002,0.0
G12_1_FIXTURE_04,E4_NOHOOK_vs_ALPHA0,0,2,1,0.0,0.0,1.0,0.0
G12_1_FIXTURE_04,E4_NOHOOK_vs_ALPHA0,0,3,1,0.0,0.0,1.0,0.0
G12_1_FIXTURE_04,E4_NOHOOK_vs_ALPHA0,0,4,1,0.0,0.0,1.0000000000000002,0.0
G12_1_FIXTURE_04,E4_NOHOOK_vs_ALPHA0,0,5,1,-5.905293630639374e-17,0.0,1.0,0.0
G12_1_FIXTURE_04,E4_NOHOOK_vs_ALPHA0,0,6,1,0.0,0.0,0.9999999999999998,0.0
G12_1_FIXTURE_04,E4_NOHOOK_vs_ALPHA0,0,7,1,0.0,0.0,1.0,0.0
G12_1_FIXTURE_04,E4_NOHOOK_vs_ALPHA0,0,8,1,0.0,0.0,1.0,0.0
G12_1_FIXTURE_04,E4_NOHOOK_vs_ALPHA0,0,9,1,0.0,0.0,1.0,0.0
G12_1_FIXTURE_04,E4_NOHOOK_vs_ALPHA0,0,10,1,0.0,0.0,1.0,0.0
G12_1_FIXTURE_04,E4_NOHOOK_vs_ALPHA0,0,11,1,0.0,0.0,0.9999999999999998,0.0
G12_1_FIXTURE_04,E4_NOHOOK_vs_ALPHA0,0,12,1,0.0,0.0,0.9999999999999999,0.0
G12_1_FIXTURE_04,E4_NOHOOK_vs_ALPHA0,0,13,1,0.0,0.0,1.0,0.0
G12_1_FIXTURE_04,E4_NOHOOK_vs_ALPHA0,0,14,1,0.0,0.0,1.0,0.0
G12_1_FIXTURE_04,E4_NOHOOK_vs_ALPHA0,0,15,1,0.0,0.0,1.0000000000000002,0.0
G12_1_FIXTURE_04,E4_NOHOOK_vs_ALPHA0,0,16,1,0.0,0.0,1.0,0.0
G12_1_FIXTURE_04,E4_NOHOOK_vs_ALPHA0,0,17,1,0.0,0.0,1.0,0.0
G12_1_FIXTURE_04,E4_NOHOOK_vs_ALPHA0,0,18,1,0.0,0.0,1.0000000000000002,0.0
G12_1_FIXTURE_04,E4_NOHOOK_vs_ALPHA0,0,19,1,0.0,0.0,0.9999999999999999,0.0
G12_1_FIXTURE_04,E4_NOHOOK_vs_ALPHA0,0,20,1,0.0,0.0,1.0,0.0
G12_1_FIXTURE_04,E4_NOHOOK_vs_ALPHA0,0,21,1,0.0,0.0,0.9999999999999999,0.0
G12_1_FIXTURE_04,E4_NOHOOK_vs_ALPHA0,0,22,1,0.0,0.0,1.0000000000000002,0.0
G12_1_FIXTURE_04,E4_NOHOOK_vs_ALPHA0,0,23,1,0.0,0.0,1.0,0.0
G12_1_FIXTURE_04,E4_NOHOOK_vs_ALPHA0,0,24,1,0.0,0.0,1.0,0.0
G12_1_FIXTURE_04,E4_NOHOOK_vs_ALPHA0,0,25,1,0.0,0.0,1.0,0.0
G12_1_FIXTURE_04,E4_NOHOOK_vs_ALPHA0,0,26,1,0.0,0.0,1.0,0.0
G12_1_FIXTURE_04,E4_NOHOOK_vs_ALPHA0,0,27,1,0.0,0.0,1.0,0.0
G12_1_FIXTURE_04,E4_NOHOOK_vs_ALPHA0,0,28,1,0.0,0.0,1.0000000000000002,0.0
G12_1_FIXTURE_04,E4_NOHOOK_vs_ALPHA0,0,29,1,0.0,0.0,1.0,0.0
G12_1_FIXTURE_04,E4_NOHOOK_vs_ALPHA0,0,30,1,0.0,0.0,1.0,0.0
G12_1_FIXTURE_04,E4_NOHOOK_vs_ALPHA0,0,31,1,0.0,0.0,0.9999999999999998,0.0
G12_1_FIXTURE_04,E4_NOHOOK_vs_ALPHA0,0,32,1,0.0,0.0,1.0,0.0
G12_1_FIXTURE_04,E4_NOHOOK_vs_ALPHA0,0,33,1,0.0,0.0,1.0,0.0
G12_1_FIXTURE_04,E4_NOHOOK_vs_ALPHA0,0,34,1,0.0,0.0,1.0000000000000002,0.0
G12_1_FIXTURE_04,E4_NOHOOK_vs_ALPHA0,0,35,1,0.0,0.0,1.0,0.0
G12_1_FIXTURE_04,E4_NOHOOK_vs_ALPHA0,0,36,1,0.0,0.0,1.0000000000000002,0.0
G12_1_FIXTURE_04,E4_NOHOOK_vs_ALPHA0,0,37,1,0.0,0.0,1.0,0.0
G12_1_FIXTURE_04,E4_NOHOOK_vs_ALPHA0,0,38,1,0.0,0.0,0.9999999999999998,0.0
G12_1_FIXTURE_04,E4_NOHOOK_vs_ALPHA0,0,39,1,0.0,0.0,0.9999999999999998,0.0
G12_1_FIXTURE_04,E4_NOHOOK_vs_ALPHA0,0,40,1,0.0,0.0,0.9999999999999998,0.0
G12_1_FIXTURE_04,E4_NOHOOK_vs_ALPHA0,0,41,1,0.0,0.0,1.0000000000000002,0.0
G12_1_FIXTURE_04,E4_NOHOOK_vs_ALPHA0,0,42,1,0.0,0.0,1.0,0.0
G12_1_FIXTURE_04,E4_NOHOOK_vs_ALPHA0,0,43,1,0.0,0.0,0.9999999999999999,0.0
G12_1_FIXTURE_04,E4_NOHOOK_vs_ALPHA0,0,44,1,0.0,0.0,1.0000000000000002,0.0
G12_1_FIXTURE_04,E4_NOHOOK_vs_ALPHA0,0,45,1,0.0,0.0,1.0000000000000002,0.0
G12_1_FIXTURE_04,E4_NOHOOK_vs_ALPHA0,0,46,1,0.0,0.0,1.0,0.0
G12_1_FIXTURE_04,E4_NOHOOK_vs_ALPHA0,0,47,1,0.0,0.0,1.0,0.0
G12_1_FIXTURE_04,E4_NOHOOK_vs_ALPHA0,0,48,1,0.0,0.0,1.0000000000000002,0.0
G12_1_FIXTURE_04,E4_NOHOOK_vs_ALPHA0,0,49,1,0.0,0.0,1.0000000000000002,0.0
G12_1_FIXTURE_04,E4_NOHOOK_vs_ALPHA0,0,50,1,0.0,0.0,1.0,0.0
G12_1_FIXTURE_04,E4_NOHOOK_vs_ALPHA0,0,51,1,0.0,0.0,0.9999999999999999,0.0
G12_1_FIXTURE_04,E4_NOHOOK_vs_ALPHA0,0,52,1,0.0,0.0,1.0,0.0
G12_1_FIXTURE_04,E4_NOHOOK_vs_ALPHA0,0,53,1,0.0,0.0,1.0000000000000002,0.0
G12_1_FIXTURE_04,E4_NOHOOK_vs_ALPHA0,0,54,1,0.0,0.0,1.0000000000000002,0.0
G12_1_FIXTURE_04,E4_NOHOOK_vs_ALPHA0,0,55,1,0.0,0.0,1.0,0.0
G12_1_FIXTURE_04,E4_NOHOOK_vs_ALPHA0,0,56,1,0.0,0.0,1.0,0.0
G12_1_FIXTURE_04,E4_NOHOOK_vs_ALPHA0,0,57,1,0.0,0.0,1.0000000000000002,0.0
G12_1_FIXTURE_04,E4_NOHOOK_vs_ALPHA0,0,58,1,0.0,0.0,0.9999999999999998,0.0
G12_1_FIXTURE_04,E4_NOHOOK_vs_ALPHA0,0,59,1,0.0,0.0,1.0000000000000002,0.0
G12_1_FIXTURE_04,E4_NOHOOK_vs_ALPHA0,0,60,1,-6.367238342822789e-17,0.0,1.0,0.0
G12_1_FIXTURE_04,E4_NOHOOK_vs_ALPHA0,0,61,1,0.0,0.0,1.0,0.0
G12_1_FIXTURE_04,E4_NOHOOK_vs_ALPHA0,0,62,1,0.0,0.0,0.9999999999999999,0.0
G12_1_FIXTURE_04,E4_NOHOOK_vs_ALPHA0,0,63,1,0.0,0.0,1.0,0.0
G12_1_FIXTURE_04,E4_NOHOOK_vs_ALPHA0,0,64,1,0.0,0.0,1.0,0.0
G12_1_FIXTURE_04,E3_vs_E4,0.01,0,1,1.865208783135095e-11,7.322523014607896e-07,0.999999999999488,4.00543212890625e-05
G12_1_FIXTURE_04,E3_vs_E4,0.01,1,1,1.1695719134862376e-11,4.814807326170012e-07,0.9999999999995461,3.814697265625e-05
G12_1_FIXTURE_04,E3_vs_E4,0.01,2,1,1.3571761294129826e-11,1.057757971878459e-06,0.9999999999995476,3.528594970703125e-05
G12_1_FIXTURE_04,E3_vs_E4,0.01,3,1,9.561236658312602e-12,4.046704139781809e-06,0.9999999999994298,4.1961669921875e-05
G12_1_FIXTURE_04,E3_vs_E4,0.01,4,1,1.2566771269928594e-11,4.678673208857731e-06,0.9999999999995494,3.910064697265625e-05
G12_1_FIXTURE_04,E3_vs_E4,0.01,5,1,3.128013477191053e-11,9.812300152844955e-06,0.9999999999994895,4.1961669921875e-05
G12_1_FIXTURE_04,E3_vs_E4,0.01,6,1,8.453335936944145e-12,5.535649867383086e-06,0.9999999999994745,4.100799560546875e-05
G12_1_FIXTURE_04,E3_vs_E4,0.01,7,1,7.717803504358288e-12,3.1777029541046886e-06,0.9999999999995154,2.6702880859375e-05
G12_1_FIXTURE_04,E3_vs_E4,0.01,8,1,9.167678050898901e-12,9.429483045053644e-06,0.9999999999995547,3.910064697265625e-05
G12_1_FIXTURE_04,E3_vs_E4,0.01,9,1,6.9584147346390286e-12,1.282337544594725e-06,0.999999999999505,2.8133392333984375e-05
G12_1_FIXTURE_04,E3_vs_E4,0.01,10,1,5.3159055866865305e-12,8.069647620345677e-06,0.9999999999995355,2.9087066650390625e-05
G12_1_FIXTURE_04,E3_vs_E4,0.01,11,1,8.34094605746311e-12,6.6285030939639e-06,0.9999999999995025,3.24249267578125e-05
G12_1_FIXTURE_04,E3_vs_E4,0.01,12,1,6.980642214505879e-12,2.655540738416562e-06,0.999999999999488,3.24249267578125e-05
G12_1_FIXTURE_04,E3_vs_E4,0.01,13,1,8.23961327186337e-12,4.0064629658331796e-07,0.9999999999995027,3.337860107421875e-05
G12_1_FIXTURE_04,E3_vs_E4,0.01,14,1,6.915311751314038e-12,2.002063661521447e-06,0.9999999999995045,2.765655517578125e-05
G12_1_FIXTURE_04,E3_vs_E4,0.01,15,1,1.0434238516051424e-11,2.918796457862527e-07,0.9999999999995562,3.147125244140625e-05
G12_1_FIXTURE_04,E3_vs_E4,0.01,16,1,1.1362249605060697e-11,6.873606551494049e-06,0.9999999999995126,3.62396240234375e-05
G12_1_FIXTURE_04,E3_vs_E4,0.01,17,1,9.473493537453612e-12,1.728158821379111e-06,0.9999999999994997,3.814697265625e-05
G12_1_FIXTURE_04,E3_vs_E4,0.01,18,1,4.549240403661942e-12,1.4212950276260017e-05,0.9999999999995127,2.384185791015625e-05
G12_1_FIXTURE_04,E3_vs_E4,0.01,19,1,5.0450050403102465e-12,2.186816335125741e-06,0.9999999999994623,3.0517578125e-05
G12_1_FIXTURE_04,E3_vs_E4,0.01,20,1,7.77052256609304e-12,2.5346419647576113e-06,0.9999999999995356,3.62396240234375e-05
G12_1_FIXTURE_04,E3_vs_E4,0.01,21,1,9.033327416030523e-12,2.3596513152313037e-06,0.9999999999995512,3.910064697265625e-05
G12_1_FIXTURE_04,E3_vs_E4,0.01,22,1,1.0701222657472846e-11,4.414112520834124e-06,0.9999999999995216,3.337860107421875e-05
G12_1_FIXTURE_04,E3_vs_E4,0.01,23,1,1.1285242091718252e-11,1.7716208606799455e-06,0.9999999999995006,3.24249267578125e-05
G12_1_FIXTURE_04,E3_vs_E4,0.01,24,1,6.188045920161332e-12,8.42476273632542e-07,0.9999999999995978,3.528594970703125e-05
G12_1_FIXTURE_04,E3_vs_E4,0.01,25,1,7.68845862876426e-12,4.5963274324378744e-06,0.9999999999995717,3.528594970703125e-05
G12_1_FIXTURE_04,E3_vs_E4,0.01,26,1,9.93192375101681e-12,3.1553882600121597e-06,0.9999999999995713,4.00543212890625e-05
G12_1_FIXTURE_04,E3_vs_E4,0.01,27,1,5.361211082044765e-12,7.137932250600443e-06,0.9999999999995995,3.62396240234375e-05
G12_1_FIXTURE_04,E3_vs_E4,0.01,28,1,4.848492562989901e-12,8.807071871785865e-07,0.9999999999995802,2.9087066650390625e-05
G12_1_FIXTURE_04,E3_vs_E4,0.01,29,1,6.776903688642882e-12,2.250487732169404e-06,0.9999999999995953,3.719329833984375e-05
G12_1_FIXTURE_04,E3_vs_E4,0.01,30,1,5.550634652070755e-12,9.443194795011323e-07,0.9999999999995558,3.528594970703125e-05
G12_1_FIXTURE_04,E3_vs_E4,0.01,31,1,4.921583642368053e-12,3.279858070470709e-06,0.9999999999995661,2.86102294921875e-05
G12_1_FIXTURE_04,E3_vs_E4,0.01,32,1,6.478041142911852e-12,1.3480853198188925e-06,0.9999999999995959,3.337860107421875e-05
G12_1_FIXTURE_04,E3_vs_E4,0.01,33,1,4.72638844801529e-12,2.1102539466966164e-06,0.9999999999995625,2.7179718017578125e-05
G12_1_FIXTURE_04,E3_vs_E4,0.01,34,1,9.34964852683772e-12,6.498707335822473e-06,0.9999999999992626,2.6702880859375e-05
G12_1_FIXTURE_04,E3_vs_E4,0.01,35,1,4.4254993112360346e-12,3.643412121334677e-06,0.9999999999995768,2.956390380859375e-05
G12_1_FIXTURE_04,E3_vs_E4,0.01,36,1,1.1566064530067878e-11,3.5725275058240413e-06,0.9999999999994122,3.719329833984375e-05
G12_1_FIXTURE_04,E3_vs_E4,0.01,37,1,6.3371940875000666e-12,5.667712414947346e-07,0.9999999999995548,3.147125244140625e-05
G12_1_FIXTURE_04,E3_vs_E4,0.01,38,1,7.254524175433429e-12,4.3096599355862963e-07,0.9999999999995913,3.0517578125e-05
G12_1_FIXTURE_04,E3_vs_E4,0.01,39,1,4.61918635702983e-12,1.0038792179756229e-06,0.999999999999586,3.337860107421875e-05
G12_1_FIXTURE_04,E3_vs_E4,0.01,40,1,4.2674244341828524e-12,3.6780444023776226e-06,0.9999999999995882,3.337860107421875e-05
G12_1_FIXTURE_04,E3_vs_E4,0.01,41,1,4.972424377730825e-12,3.6176873443594104e-06,0.9999999999996041,2.765655517578125e-05
G12_1_FIXTURE_04,E3_vs_E4,0.01,42,1,1.172494842923485e-11,3.20343569804038e-06,0.9999999999994275,2.956390380859375e-05
G12_1_FIXTURE_04,E3_vs_E4,0.01,43,1,6.521088778519957e-12,8.158114592760057e-07,0.9999999999995715,3.0517578125e-05
G12_1_FIXTURE_04,E3_vs_E4,0.01,44,1,6.4644671175765086e-12,4.180555054134061e-06,0.9999999999994185,2.6702880859375e-05
G12_1_FIXTURE_04,E3_vs_E4,0.01,45,1,7.037304720866969e-12,9.581095138599949e-06,0.9999999999994234,3.0517578125e-05
G12_1_FIXTURE_04,E3_vs_E4,0.01,46,1,5.790428719754668e-12,1.8498682052836557e-07,0.9999999999995738,3.910064697265625e-05
G12_1_FIXTURE_04,E3_vs_E4,0.01,47,1,4.098286954175038e-12,2.3451119464112935e-06,0.9999999999995921,2.6226043701171875e-05
G12_1_FIXTURE_04,E3_vs_E4,0.01,48,1,4.176418440446966e-12,4.017008516044029e-06,0.9999999999991842,2.47955322265625e-05
G12_1_FIXTURE_04,E3_vs_E4,0.01,49,1,3.708079110856434e-12,1.7776705689698247e-06,0.9999999999996152,2.956390380859375e-05
G12_1_FIXTURE_04,E3_vs_E4,0.01,50,1,3.872297621726923e-12,2.5653398232350355e-06,0.9999999999995942,2.6702880859375e-05
G12_1_FIXTURE_04,E3_vs_E4,0.01,51,1,3.5084613685362917e-12,7.814425497798538e-07,0.9999999999995461,2.765655517578125e-05
G12_1_FIXTURE_04,E3_vs_E4,0.01,52,1,4.2350245824744275e-12,1.9054988538158568e-06,0.9999999999995753,3.337860107421875e-05
G12_1_FIXTURE_04,E3_vs_E4,0.01,53,1,4.515476650774266e-12,6.038551120468583e-06,0.9999999999996173,3.0517578125e-05
G12_1_FIXTURE_04,E3_vs_E4,0.01,54,1,3.8151292086839865e-12,7.024418499312901e-06,0.9999999999995742,2.47955322265625e-05
G12_1_FIXTURE_04,E3_vs_E4,0.01,55,1,4.300253271252981e-12,3.203336262913581e-07,0.9999999999995364,3.24249267578125e-05
G12_1_FIXTURE_04,E3_vs_E4,0.01,56,1,6.063716310912095e-12,6.4588840729129515e-06,0.9999999999995693,2.86102294921875e-05
G12_1_FIXTURE_04,E3_vs_E4,0.01,57,1,8.298256930546744e-12,1.0562015456017093e-05,0.9999999999994255,3.337860107421875e-05
G12_1_FIXTURE_04,E3_vs_E4,0.01,58,1,4.8814625045771404e-12,1.9653528937624287e-06,0.9999999999995864,2.574920654296875e-05
G12_1_FIXTURE_04,E3_vs_E4,0.01,59,1,3.879251261760172e-12,3.938883029519502e-06,0.9999999999995819,2.574920654296875e-05
G12_1_FIXTURE_04,E3_vs_E4,0.01,60,1,2.5910448755172696e-12,9.14271902274777e-06,0.9999999999984923,3.0517578125e-05
G12_1_FIXTURE_04,E3_vs_E4,0.01,61,1,3.5260325515248157e-12,6.39725628914789e-07,0.9999999999995857,3.147125244140625e-05
G12_1_FIXTURE_04,E3_vs_E4,0.01,62,1,1.2173944874072988e-11,7.199033067450955e-07,0.999999999999355,3.24249267578125e-05
G12_1_FIXTURE_04,E3_vs_E4,0.01,63,1,5.636275538608362e-12,4.5994487365419445e-06,0.9999999999995769,3.0517578125e-05
G12_1_FIXTURE_04,E3_vs_E4,0.01,64,1,6.663008379653707e-12,3.2759769901247182e-06,0.9999999999994937,3.0517578125e-05
G12_1_FIXTURE_04,E3_vs_E4,0.1,0,1,2.0972664836691347e-11,3.2038773607467874e-06,0.9999999999995056,4.76837158203125e-05
G12_1_FIXTURE_04,E3_vs_E4,0.1,1,1,1.2081761792676377e-11,2.7337614216804695e-06,0.999999999999536,4.00543212890625e-05
G12_1_FIXTURE_04,E3_vs_E4,0.1,2,1,1.2793277783459994e-11,6.9117136760610265e-06,0.9999999999995038,4.00543212890625e-05
G12_1_FIXTURE_04,E3_vs_E4,0.1,3,1,7.804074172702724e-12,6.560790303922204e-06,0.9999999999994773,3.528594970703125e-05
G12_1_FIXTURE_04,E3_vs_E4,0.1,4,1,1.1716191469417932e-11,2.2585723868928653e-07,0.999999999999536,3.528594970703125e-05
G12_1_FIXTURE_04,E3_vs_E4,0.1,5,1,2.4134576043347938e-11,1.0508088898575352e-05,0.9999999999994627,3.719329833984375e-05
G12_1_FIXTURE_04,E3_vs_E4,0.1,6,1,7.509241813455389e-12,5.751385868890679e-06,0.9999999999994359,3.147125244140625e-05
G12_1_FIXTURE_04,E3_vs_E4,0.1,7,1,9.437341051166296e-12,2.165618687044457e-06,0.9999999999995268,4.1961669921875e-05
G12_1_FIXTURE_04,E3_vs_E4,0.1,8,1,1.2111360772107064e-11,6.26425849858947e-07,0.9999999999995578,3.910064697265625e-05
G12_1_FIXTURE_04,E3_vs_E4,0.1,9,1,1.1788932091486896e-11,7.741015629392223e-06,0.9999999999995074,3.0517578125e-05
G12_1_FIXTURE_04,E3_vs_E4,0.1,10,1,1.2027976783524428e-11,6.056696395972949e-06,0.9999999999994822,3.24249267578125e-05
G12_1_FIXTURE_04,E3_vs_E4,0.1,11,1,7.154869810368744e-12,9.131535012585346e-07,0.9999999999994506,3.24249267578125e-05
G12_1_FIXTURE_04,E3_vs_E4,0.1,12,1,4.933290594393249e-12,1.6671731604134266e-06,0.9999999999994696,2.956390380859375e-05
G12_1_FIXTURE_04,E3_vs_E4,0.1,13,1,8.350362651983052e-12,9.086902732491353e-07,0.9999999999994763,2.956390380859375e-05
G12_1_FIXTURE_04,E3_vs_E4,0.1,14,1,7.327356821931183e-12,1.364437167694632e-06,0.9999999999995274,3.24249267578125e-05
G12_1_FIXTURE_04,E3_vs_E4,0.1,15,1,6.613399433315612e-12,4.413331497588047e-06,0.9999999999995757,3.814697265625e-05
G12_1_FIXTURE_04,E3_vs_E4,0.1,16,1,8.659558800631077e-12,5.875061788174207e-07,0.9999999999995108,3.5762786865234375e-05
G12_1_FIXTURE_04,E3_vs_E4,0.1,17,1,5.935045665744151e-12,9.665781401935192e-07,0.9999999999994175,3.62396240234375e-05
G12_1_FIXTURE_04,E3_vs_E4,0.1,18,1,4.758887127544299e-12,8.576821533878842e-06,0.9999999999994775,2.384185791015625e-05
G12_1_FIXTURE_04,E3_vs_E4,0.1,19,1,9.515719939609761e-12,8.894138190385092e-07,0.9999999999994421,2.6702880859375e-05
G12_1_FIXTURE_04,E3_vs_E4,0.1,20,1,1.0131405187006716e-11,1.5489402507284922e-06,0.9999999999995465,3.4332275390625e-05
G12_1_FIXTURE_04,E3_vs_E4,0.1,21,1,6.481206480455242e-12,1.8375384893687396e-06,0.9999999999995323,4.100799560546875e-05
G12_1_FIXTURE_04,E3_vs_E4,0.1,22,1,8.183637960464551e-12,4.784860127671209e-06,0.9999999999995505,3.719329833984375e-05
G12_1_FIXTURE_04,E3_vs_E4,0.1,23,1,8.164673944826844e-12,9.302800108912379e-06,0.9999999999994675,2.956390380859375e-05
G12_1_FIXTURE_04,E3_vs_E4,0.1,24,1,6.0859265859350564e-12,2.7278965948340783e-06,0.9999999999995827,4.1961669921875e-05
G12_1_FIXTURE_04,E3_vs_E4,0.1,25,1,7.54242772956378e-12,5.820976980430714e-07,0.9999999999995758,3.62396240234375e-05
G12_1_FIXTURE_04,E3_vs_E4,0.1,26,1,7.64479750837614e-12,1.3318269544981831e-06,0.9999999999995909,2.956390380859375e-05
G12_1_FIXTURE_04,E3_vs_E4,0.1,27,1,5.3854387936921895e-12,1.39391739395478e-06,0.9999999999995943,3.528594970703125e-05
G12_1_FIXTURE_04,E3_vs_E4,0.1,28,1,5.7244336163752626e-12,5.525423071972568e-06,0.9999999999995948,3.0517578125e-05
G12_1_FIXTURE_04,E3_vs_E4,0.1,29,1,4.685442001880341e-12,4.1099041148129345e-06,0.999999999999603,2.8133392333984375e-05
G12_1_FIXTURE_04,E3_vs_E4,0.1,30,1,5.096482376480333e-12,2.024147317314373e-06,0.9999999999995863,2.86102294921875e-05
G12_1_FIXTURE_04,E3_vs_E4,0.1,31,1,5.309807775254767e-12,3.0962653951860375e-07,0.9999999999995681,3.24249267578125e-05
G12_1_FIXTURE_04,E3_vs_E4,0.1,32,1,5.915722300598846e-12,3.214962136510735e-06,0.9999999999995672,3.337860107421875e-05
G12_1_FIXTURE_04,E3_vs_E4,0.1,33,1,5.841758471079097e-12,8.753140530615156e-06,0.9999999999995683,3.337860107421875e-05
G12_1_FIXTURE_04,E3_vs_E4,0.1,34,1,1.268785121637449e-11,3.932457628863517e-06,0.9999999999992671,3.0517578125e-05
G12_1_FIXTURE_04,E3_vs_E4,0.1,35,1,4.552492489256618e-12,2.363568617269607e-06,0.9999999999995752,3.4332275390625e-05
G12_1_FIXTURE_04,E3_vs_E4,0.1,36,1,5.27991104124298e-12,6.018533884599719e-06,0.9999999999994015,3.337860107421875e-05
G12_1_FIXTURE_04,E3_vs_E4,0.1,37,1,5.050548628155145e-12,4.781597665370896e-06,0.9999999999995529,3.24249267578125e-05
G12_1_FIXTURE_04,E3_vs_E4,0.1,38,1,5.816391773187099e-12,1.4745889096445808e-06,0.999999999999589,2.86102294921875e-05
G12_1_FIXTURE_04,E3_vs_E4,0.1,39,1,5.298198223746905e-12,7.058158892903066e-07,0.9999999999995747,3.4332275390625e-05
G12_1_FIXTURE_04,E3_vs_E4,0.1,40,1,4.136947920217519e-12,2.3002558098284e-06,0.9999999999995963,2.7179718017578125e-05
G12_1_FIXTURE_04,E3_vs_E4,0.1,41,1,5.249789508286882e-12,9.310746651891577e-06,0.9999999999995777,3.0517578125e-05
G12_1_FIXTURE_04,E3_vs_E4,0.1,42,1,1.2649254986610886e-11,5.176311006493961e-06,0.999999999999349,3.719329833984375e-05
G12_1_FIXTURE_04,E3_vs_E4,0.1,43,1,5.145120218786277e-12,3.0443712262240297e-06,0.999999999999552,2.956390380859375e-05
G12_1_FIXTURE_04,E3_vs_E4,0.1,44,1,6.2881997605173895e-12,1.2457806004562144e-06,0.9999999999994569,3.0517578125e-05
G12_1_FIXTURE_04,E3_vs_E4,0.1,45,1,6.805698290191798e-12,6.600004249790459e-06,0.9999999999994691,3.1948089599609375e-05
G12_1_FIXTURE_04,E3_vs_E4,0.1,46,1,5.5790762754575076e-12,7.61163335027959e-06,0.9999999999995656,4.38690185546875e-05
G12_1_FIXTURE_04,E3_vs_E4,0.1,47,1,5.50770996444638e-12,1.4636430183401217e-06,0.9999999999995739,3.4332275390625e-05
G12_1_FIXTURE_04,E3_vs_E4,0.1,48,1,4.4112030734292274e-12,4.906220258504845e-06,0.9999999999992155,2.574920654296875e-05
G12_1_FIXTURE_04,E3_vs_E4,0.1,49,1,5.1326313320117246e-12,8.472348742571967e-07,0.9999999999995938,3.337860107421875e-05
G12_1_FIXTURE_04,E3_vs_E4,0.1,50,1,3.4786446258783423e-12,1.823325760597072e-06,0.9999999999996019,3.0040740966796875e-05
G12_1_FIXTURE_04,E3_vs_E4,0.1,51,1,2.6001028749241238e-12,2.469431198193206e-06,0.9999999999995276,2.6702880859375e-05
G12_1_FIXTURE_04,E3_vs_E4,0.1,52,1,3.814555234819965e-12,5.407641401333763e-06,0.999999999999594,2.956390380859375e-05
G12_1_FIXTURE_04,E3_vs_E4,0.1,53,1,4.754164891975023e-12,3.1859598337291573e-06,0.9999999999996142,2.86102294921875e-05
G12_1_FIXTURE_04,E3_vs_E4,0.1,54,1,3.741663688117711e-12,6.051780292892772e-06,0.9999999999995333,2.86102294921875e-05
G12_1_FIXTURE_04,E3_vs_E4,0.1,55,1,4.823471631370918e-12,4.497698359529068e-06,0.9999999999995499,2.86102294921875e-05
G12_1_FIXTURE_04,E3_vs_E4,0.1,56,1,5.3319259475811086e-12,3.950337266189763e-07,0.9999999999995636,3.814697265625e-05
G12_1_FIXTURE_04,E3_vs_E4,0.1,57,1,7.5175840414816e-12,1.6409922878324323e-06,0.9999999999994155,2.86102294921875e-05
G12_1_FIXTURE_04,E3_vs_E4,0.1,58,1,4.871122340721607e-12,3.881426975382851e-06,0.999999999999586,2.6702880859375e-05
G12_1_FIXTURE_04,E3_vs_E4,0.1,59,1,5.505322080001228e-12,2.005111413794225e-06,0.9999999999995609,3.528594970703125e-05
G12_1_FIXTURE_04,E3_vs_E4,0.1,60,1,1.3047198546852122e-11,1.3429138697063081e-05,0.9999999999991304,2.47955322265625e-05
G12_1_FIXTURE_04,E3_vs_E4,0.1,61,1,3.848036987204824e-12,2.2946584330441055e-06,0.9999999999995677,3.147125244140625e-05
G12_1_FIXTURE_04,E3_vs_E4,0.1,62,1,9.625305254989352e-12,1.4738354288112987e-06,0.9999999999993808,2.86102294921875e-05
G12_1_FIXTURE_04,E3_vs_E4,0.1,63,1,5.015552064472283e-12,1.9888124427325238e-06,0.9999999999995679,2.765655517578125e-05
G12_1_FIXTURE_04,E3_vs_E4,0.1,64,1,4.884903087994679e-12,7.145698603494566e-06,0.999999999999457,2.6702880859375e-05
G12_1_FIXTURE_04,E3_vs_E4,97.8516893058,0,1,1.2490375245187026e-11,4.713563260594356e-06,0.9999999999995015,4.00543212890625e-05
G12_1_FIXTURE_04,E3_vs_E4,97.8516893058,1,1,1.1191407559342923e-11,3.958061519426792e-06,0.9999999999995419,4.291534423828125e-05
G12_1_FIXTURE_04,E3_vs_E4,97.8516893058,2,1,1.0216043083807214e-11,3.09635197481839e-08,0.9999999999995266,3.7670135498046875e-05
G12_1_FIXTURE_04,E3_vs_E4,97.8516893058,3,1,1.4572581334752076e-11,1.1045611032045599e-05,0.9999999999993375,3.147125244140625e-05
G12_1_FIXTURE_04,E3_vs_E4,97.8516893058,4,1,1.3691602341136484e-11,7.853617312036931e-07,0.9999999999995657,3.62396240234375e-05
G12_1_FIXTURE_04,E3_vs_E4,97.8516893058,5,1,9.596415885495918e-12,5.038444363947292e-06,0.9999999999994036,4.00543212890625e-05
G12_1_FIXTURE_04,E3_vs_E4,97.8516893058,6,1,2.7476186056541104e-11,8.841845735574339e-06,0.9999999999994793,4.57763671875e-05
G12_1_FIXTURE_04,E3_vs_E4,97.8516893058,7,1,9.933815241491163e-12,9.550353032850012e-06,0.9999999999995342,3.9577484130859375e-05
G12_1_FIXTURE_04,E3_vs_E4,97.8516893058,8,1,1.2232894603384516e-11,4.7615897003083774e-07,0.9999999999995443,4.38690185546875e-05
G12_1_FIXTURE_04,E3_vs_E4,97.8516893058,9,1,5.220364442340868e-12,4.408500053898479e-06,0.9999999999995114,2.86102294921875e-05
G12_1_FIXTURE_04,E3_vs_E4,97.8516893058,10,1,1.7956900006738267e-11,1.9866809672919317e-06,0.9999999999995239,3.24249267578125e-05
G12_1_FIXTURE_04,E3_vs_E4,97.8516893058,11,1,9.065350903615841e-12,2.987814621491225e-06,0.9999999999995034,3.814697265625e-05
G12_1_FIXTURE_04,E3_vs_E4,97.8516893058,12,1,8.133133515846549e-12,1.7296459180471402e-06,0.9999999999994996,3.337860107421875e-05
G12_1_FIXTURE_04,E3_vs_E4,97.8516893058,13,1,6.946395825243387e-12,6.002252774806038e-06,0.999999999999497,3.24249267578125e-05
G12_1_FIXTURE_04,E3_vs_E4,97.8516893058,14,1,7.267101474570647e-12,1.215472581250765e-06,0.9999999999995268,2.956390380859375e-05
G12_1_FIXTURE_04,E3_vs_E4,97.8516893058,15,1,7.987538525123208e-12,2.434088930414191e-06,0.9999999999995728,3.24249267578125e-05
G12_1_FIXTURE_04,E3_vs_E4,97.8516893058,16,1,1.4794358313162105e-11,1.3704662702451742e-06,0.999999999999545,4.00543212890625e-05
G12_1_FIXTURE_04,E3_vs_E4,97.8516893058,17,1,2.923596006331198e-11,6.748514937982009e-06,0.999999999999486,3.337860107421875e-05
G12_1_FIXTURE_04,E3_vs_E4,97.8516893058,18,1,7.089895140156936e-12,8.993267055501519e-07,0.9999999999993086,2.86102294921875e-05
G12_1_FIXTURE_04,E3_vs_E4,97.8516893058,19,1,1.9534235744780374e-11,3.830641864155382e-06,0.9999999999994422,3.0517578125e-05
G12_1_FIXTURE_04,E3_vs_E4,97.8516893058,20,1,7.230280161572146e-12,5.202857071395783e-06,0.9999999999995303,3.147125244140625e-05
G12_1_FIXTURE_04,E3_vs_E4,97.8516893058,21,1,9.317032715571012e-12,1.036056310965705e-06,0.9999999999995655,3.62396240234375e-05
G12_1_FIXTURE_04,E3_vs_E4,97.8516893058,22,1,8.922125967330508e-12,2.0770965356575743e-06,0.999999999999544,3.719329833984375e-05
G12_1_FIXTURE_04,E3_vs_E4,97.8516893058,23,1,8.353368206528292e-12,4.029988929232786e-07,0.999999999999366,3.0994415283203125e-05
G12_1_FIXTURE_04,E3_vs_E4,97.8516893058,24,1,9.04519713801609e-12,9.560923626139584e-07,0.999999999999597,3.62396240234375e-05
G12_1_FIXTURE_04,E3_vs_E4,97.8516893058,25,1,6.272531388634954e-12,9.872876159278121e-06,0.999999999999554,3.528594970703125e-05
G12_1_FIXTURE_04,E3_vs_E4,97.8516893058,26,1,1.6295808230572765e-11,5.525926463079145e-06,0.9999999999995838,4.00543212890625e-05
G12_1_FIXTURE_04,E3_vs_E4,97.8516893058,27,1,5.648949978023623e-12,5.527474899125195e-06,0.9999999999995897,3.0517578125e-05
G12_1_FIXTURE_04,E3_vs_E4,97.8516893058,28,1,4.26753718398585e-12,1.1786246645328902e-08,0.9999999999995879,2.956390380859375e-05
G12_1_FIXTURE_04,E3_vs_E4,97.8516893058,29,1,5.19498759466813e-12,3.1229330108573095e-06,0.9999999999995742,3.4809112548828125e-05
G12_1_FIXTURE_04,E3_vs_E4,97.8516893058,30,1,5.775950175171941e-12,2.878471788037018e-06,0.9999999999995874,3.337860107421875e-05
G12_1_FIXTURE_04,E3_vs_E4,97.8516893058,31,1,6.789844927402252e-12,4.769185572683909e-06,0.9999999999995385,2.86102294921875e-05
G12_1_FIXTURE_04,E3_vs_E4,97.8516893058,32,1,6.9878935863831e-12,2.5120432844971674e-06,0.9999999999995798,2.765655517578125e-05
G12_1_FIXTURE_04,E3_vs_E4,97.8516893058,33,1,4.6755826177604786e-12,1.883757835940969e-06,0.9999999999995599,3.24249267578125e-05
G12_1_FIXTURE_04,E3_vs_E4,97.8516893058,34,1,1.0892746837920748e-11,4.5534279280445844e-07,0.9999999999993098,3.528594970703125e-05
G12_1_FIXTURE_04,E3_vs_E4,97.8516893058,35,1,4.969321393296928e-12,1.6573649759266118e-06,0.9999999999995564,3.147125244140625e-05
G12_1_FIXTURE_04,E3_vs_E4,97.8516893058,36,1,2.2306383472749576e-11,5.087902533063016e-06,0.9999999999994131,3.24249267578125e-05
G12_1_FIXTURE_04,E3_vs_E4,97.8516893058,37,1,7.1937833284562275e-12,4.685508068646982e-06,0.9999999999995247,3.814697265625e-05
G12_1_FIXTURE_04,E3_vs_E4,97.8516893058,38,1,7.53917795220337e-12,4.771870578679227e-06,0.9999999999996003,3.528594970703125e-05
G12_1_FIXTURE_04,E3_vs_E4,97.8516893058,39,1,6.282920973306703e-12,4.885775325647046e-06,0.9999999999995729,2.956390380859375e-05
G12_1_FIXTURE_04,E3_vs_E4,97.8516893058,40,1,5.089911364594317e-12,1.5279638940768336e-06,0.9999999999996053,2.6702880859375e-05
G12_1_FIXTURE_04,E3_vs_E4,97.8516893058,41,1,3.734030733603644e-12,3.5369259308026813e-06,0.9999999999995809,2.47955322265625e-05
G12_1_FIXTURE_04,E3_vs_E4,97.8516893058,42,1,7.721708580286358e-12,4.927631257700682e-06,0.99999999999933,2.4318695068359375e-05
G12_1_FIXTURE_04,E3_vs_E4,97.8516893058,43,1,5.322557739871218e-12,1.6017020438852114e-06,0.999999999999541,2.47955322265625e-05
G12_1_FIXTURE_04,E3_vs_E4,97.8516893058,44,1,6.153574624596411e-12,2.108012374435475e-06,0.9999999999994451,2.765655517578125e-05
G12_1_FIXTURE_04,E3_vs_E4,97.8516893058,45,1,8.693196515357828e-12,8.077088400781918e-06,0.9999999999995148,3.62396240234375e-05
G12_1_FIXTURE_04,E3_vs_E4,97.8516893058,46,1,8.038893225887677e-12,5.176976678455958e-06,0.9999999999995718,3.24249267578125e-05
G12_1_FIXTURE_04,E3_vs_E4,97.8516893058,47,1,6.507149825179237e-12,3.1191018443621488e-06,0.9999999999995933,3.24249267578125e-05
G12_1_FIXTURE_04,E3_vs_E4,97.8516893058,48,1,6.596646207535012e-12,8.492002407933796e-07,0.9999999999992468,2.765655517578125e-05
G12_1_FIXTURE_04,E3_vs_E4,97.8516893058,49,1,3.721625791497245e-12,2.668211413592303e-06,0.9999999999995787,2.6702880859375e-05
G12_1_FIXTURE_04,E3_vs_E4,97.8516893058,50,1,4.767534649116245e-12,4.411363187628581e-06,0.9999999999995923,2.6226043701171875e-05
G12_1_FIXTURE_04,E3_vs_E4,97.8516893058,51,1,3.276017257467858e-12,2.497755538399815e-06,0.9999999999995165,2.6702880859375e-05
G12_1_FIXTURE_04,E3_vs_E4,97.8516893058,52,1,3.9440528217686035e-12,5.046937756603143e-06,0.9999999999995974,2.6702880859375e-05
G12_1_FIXTURE_04,E3_vs_E4,97.8516893058,53,1,4.22332176356242e-12,6.04364503331567e-06,0.9999999999996114,3.24249267578125e-05
G12_1_FIXTURE_04,E3_vs_E4,97.8516893058,54,1,4.491990170337401e-12,4.471134454675507e-06,0.9999999999995804,3.814697265625e-05
G12_1_FIXTURE_04,E3_vs_E4,97.8516893058,55,1,5.4278139653032815e-12,2.139551774860138e-06,0.9999999999995389,3.719329833984375e-05
G12_1_FIXTURE_04,E3_vs_E4,97.8516893058,56,1,8.022874841776298e-12,1.2786241860851533e-06,0.9999999999995519,3.147125244140625e-05
G12_1_FIXTURE_04,E3_vs_E4,97.8516893058,57,1,7.850912235393825e-12,3.123726692422224e-06,0.9999999999994735,3.337860107421875e-05
G12_1_FIXTURE_04,E3_vs_E4,97.8516893058,58,1,6.763331645376216e-12,3.7832334065512896e-06,0.999999999999598,4.291534423828125e-05
G12_1_FIXTURE_04,E3_vs_E4,97.8516893058,59,1,5.411925601652795e-12,2.666866112832622e-06,0.9999999999995882,3.528594970703125e-05
G12_1_FIXTURE_04,E3_vs_E4,97.8516893058,60,1,3.1411238484909665e-12,3.886072786229988e-06,0.9999999999989171,2.384185791015625e-05
G12_1_FIXTURE_04,E3_vs_E4,97.8516893058,61,1,4.1377634536274304e-12,1.1244621056505366e-06,0.9999999999995773,2.6702880859375e-05
G12_1_FIXTURE_04,E3_vs_E4,97.8516893058,62,1,1.1599699176148943e-11,2.300411807709679e-06,0.9999999999994169,3.337860107421875e-05
G12_1_FIXTURE_04,E3_vs_E4,97.8516893058,63,1,9.212285190949223e-12,5.1372308789154886e-06,0.9999999999995651,3.719329833984375e-05
G12_1_FIXTURE_04,E3_vs_E4,97.8516893058,64,1,6.663674857052839e-12,9.383136173823914e-06,0.999999999999457,2.86102294921875e-05
G12_1_FIXTURE_04,E0_vs_E3,97.8516893058,0,1,6.673715725774302e-05,0.030451327017186003,0.999992955220585,0.11859893798828125
G12_1_FIXTURE_04,E0_vs_E3,97.8516893058,1,1,5.593671580222211e-05,0.002906907000440384,0.9999934800331512,0.1005246639251709
G12_1_FIXTURE_04,E0_vs_E3,97.8516893058,2,1,8.157038116363651e-05,0.0062982070484558506,0.9999853096448147,0.12166786193847656
G12_1_FIXTURE_04,E0_vs_E3,97.8516893058,3,1,6.62718478460043e-05,0.009266087630953379,0.9999872473203024,0.11570262908935547
G12_1_FIXTURE_04,E0_vs_E3,97.8516893058,4,1,0.00013636876984195233,0.03697090200528663,0.9999850166886046,0.11931371688842773
G12_1_FIXTURE_04,E0_vs_E3,97.8516893058,5,1,0.00012201947371875576,0.025616699522675646,0.9999856560256795,0.1627035140991211
G12_1_FIXTURE_04,E0_vs_E3,97.8516893058,6,1,5.93041985477828e-05,0.012386952375177174,0.9999909825079307,0.11565589904785156
G12_1_FIXTURE_04,E0_vs_E3,97.8516893058,7,1,0.00023926857505305352,0.04383735425788693,0.9999799701490452,0.1336522102355957
G12_1_FIXTURE_04,E0_vs_E3,97.8516893058,8,1,4.1637420630095e-05,0.024331988424714623,0.9999949878311518,0.09325790405273438
G12_1_FIXTURE_04,E0_vs_E3,97.8516893058,9,1,4.093273395161344e-05,0.008918272545599848,0.9999824316303566,0.10213375091552734
G12_1_FIXTURE_04,E0_vs_E3,97.8516893058,10,1,6.050149327976916e-05,0.03311975918472676,0.9999760050789375,0.13240861892700195
G12_1_FIXTURE_04,E0_vs_E3,97.8516893058,11,1,5.0180844861424186e-05,0.006886731759127684,0.9999833696008859,0.11054849624633789
G12_1_FIXTURE_04,E0_vs_E3,97.8516893058,12,1,5.755842179846304e-05,0.003474299811689008,0.9999882803107003,0.10474205017089844
G12_1_FIXTURE_04,E0_vs_E3,97.8516893058,13,1,5.571799101558258e-05,0.002916668042088233,0.9999902774123661,0.09925365447998047
G12_1_FIXTURE_04,E0_vs_E3,97.8516893058,14,1,6.456695821870767e-05,0.028208985138697074,0.9999907062417976,0.10769939422607422
G12_1_FIXTURE_04,E0_vs_E3,97.8516893058,15,1,6.585200245577552e-05,0.001666630321146556,0.9999898187511215,0.09664440155029297
G12_1_FIXTURE_04,E0_vs_E3,97.8516893058,16,0,6.146037693254558e-05,0.02295549469990732,0.9999908939449099,0.10400581359863281
G12_1_FIXTURE_04,E0_vs_E3,97.8516893058,17,1,0.00019730794912441966,0.010317076493914001,0.999965921544503,0.13412189483642578
G12_1_FIXTURE_04,E0_vs_E3,97.8516893058,18,1,5.0582224774625234e-05,0.005440712709370743,0.9999860373060423,0.09419441223144531
G12_1_FIXTURE_04,E0_vs_E3,97.8516893058,19,1,6.20664231745262e-05,0.0034890145042059117,0.9999735303027416,0.11007976531982422
G12_1_FIXTURE_04,E0_vs_E3,97.8516893058,20,1,8.290336208900808e-05,0.01486552671853758,0.9999627702242302,0.15406513214111328
G12_1_FIXTURE_04,E0_vs_E3,97.8516893058,21,0,5.714545602552299e-05,0.00368955809704552,0.9999884249273199,0.08897781372070312
G12_1_FIXTURE_04,E0_vs_E3,97.8516893058,22,1,6.53416268432506e-05,0.02554692455806773,0.9999886014193412,0.1211080551147461
G12_1_FIXTURE_04,E0_vs_E3,97.8516893058,23,1,4.9256230256287186e-05,0.012542614156371812,0.9999879902185003,0.09554094076156616
G12_1_FIXTURE_04,E0_vs_E3,97.8516893058,24,1,4.2568177496957524e-05,0.007420551567490108,0.999993199498849,0.0816270112991333
G12_1_FIXTURE_04,E0_vs_E3,97.8516893058,25,1,6.310334500539964e-05,0.012713199244711149,0.999987198531889,0.08972454071044922
G12_1_FIXTURE_04,E0_vs_E3,97.8516893058,26,1,4.849330045450826e-05,0.010109958215361203,0.9999929321048632,0.10918903350830078
G12_1_FIXTURE_04,E0_vs_E3,97.8516893058,27,1,4.4470751422669855e-05,0.012639254525346644,0.9999935446100378,0.07384920120239258
G12_1_FIXTURE_04,E0_vs_E3,97.8516893058,28,1,4.5897783915108944e-05,0.010764568902080995,0.9999907468954123,0.09367752075195312
G12_1_FIXTURE_04,E0_vs_E3,97.8516893058,29,1,3.6656038890506195e-05,0.017434969079083373,0.9999928847412087,0.08031320571899414
G12_1_FIXTURE_04,E0_vs_E3,97.8516893058,30,1,6.87867936067723e-05,0.009476498468762529,0.999979094388032,0.14722609519958496
G12_1_FIXTURE_04,E0_vs_E3,97.8516893058,31,1,3.8205405717505576e-05,0.003473578250794418,0.9999936327250183,0.0832509994506836
G12_1_FIXTURE_04,E0_vs_E3,97.8516893058,32,1,4.1307028805537575e-05,0.020048795708230926,0.9999912421998157,0.12409496307373047
G12_1_FIXTURE_04,E0_vs_E3,97.8516893058,33,1,5.955151288613428e-05,0.0036156661584296756,0.9999843746849476,0.11526966094970703
G12_1_FIXTURE_04,E0_vs_E3,97.8516893058,34,1,7.519156017805992e-05,0.019942082280577367,0.9999656015131313,0.10311031341552734
G12_1_FIXTURE_04,E0_vs_E3,97.8516893058,35,1,4.900210762024185e-05,0.0035531171332152667,0.9999920382534756,0.07333707809448242
G12_1_FIXTURE_04,E0_vs_E3,97.8516893058,36,1,0.00032001524905771644,0.046490289523664075,0.9999849987257221,0.10083198547363281
G12_1_FIXTURE_04,E0_vs_E3,97.8516893058,37,1,4.048604751233078e-05,0.007498246131005359,0.9999898657441325,0.09950828552246094
G12_1_FIXTURE_04,E0_vs_E3,97.8516893058,38,1,5.176459808936502e-05,0.017660160154644444,0.9999898561280318,0.12627840042114258
G12_1_FIXTURE_04,E0_vs_E3,97.8516893058,39,1,5.315269153731791e-05,0.012016778318528765,0.9999933051108383,0.09001970291137695
G12_1_FIXTURE_04,E0_vs_E3,97.8516893058,40,1,3.94300422075705e-05,0.008689869030131803,0.9999904089095178,0.12299537658691406
G12_1_FIXTURE_04,E0_vs_E3,97.8516893058,41,1,4.53486822174782e-05,0.020458311767438175,0.9999901664703934,0.08867835998535156
G12_1_FIXTURE_04,E0_vs_E3,97.8516893058,42,1,8.10922742211941e-05,0.03531586063991021,0.9999822854692413,0.08620452880859375
G12_1_FIXTURE_04,E0_vs_E3,97.8516893058,43,1,4.250400359582073e-05,0.006278836231540907,0.9999888238894639,0.08629417419433594
G12_1_FIXTURE_04,E0_vs_E3,97.8516893058,44,1,4.545292458533074e-05,0.009795778487534434,0.9999881464663133,0.08663654327392578
G12_1_FIXTURE_04,E0_vs_E3,97.8516893058,45,1,4.919111567987456e-05,0.0025721004962715455,0.9999867202854854,0.12024116516113281
G12_1_FIXTURE_04,E0_vs_E3,97.8516893058,46,1,6.995461642199385e-05,0.013907693042265024,0.9999929102193472,0.08345794677734375
G12_1_FIXTURE_04,E0_vs_E3,97.8516893058,47,1,4.383330420498675e-05,0.0034919244470561495,0.9999885284412662,0.10995721817016602
G12_1_FIXTURE_04,E0_vs_E3,97.8516893058,48,1,0.0001268149212069388,0.024159914471987065,0.9999298572571742,0.12018442153930664
G12_1_FIXTURE_04,E0_vs_E3,97.8516893058,49,1,3.8850188928299216e-05,0.01775533497857751,0.9999921851160928,0.0952291488647461
G12_1_FIXTURE_04,E0_vs_E3,97.8516893058,50,1,2.9028269956603465e-05,0.017700663321805976,0.9999933925270099,0.07881402969360352
G12_1_FIXTURE_04,E0_vs_E3,97.8516893058,51,1,4.032506461505288e-05,0.019475002257903995,0.9999667737872072,0.09770727157592773
G12_1_FIXTURE_04,E0_vs_E3,97.8516893058,52,1,4.895599115851599e-05,0.013920144338266383,0.9999858549819464,0.13124120235443115
G12_1_FIXTURE_04,E0_vs_E3,97.8516893058,53,1,5.374894185729653e-05,0.007820150675845738,0.9999936773555239,0.09699440002441406
G12_1_FIXTURE_04,E0_vs_E3,97.8516893058,54,1,2.7455708719654158e-05,0.006555516013325047,0.9999948837807303,0.058374881744384766
G12_1_FIXTURE_04,E0_vs_E3,97.8516893058,55,1,2.9130628601826645e-05,0.016855351836209564,0.9999951109013676,0.08120155334472656
G12_1_FIXTURE_04,E0_vs_E3,97.8516893058,56,1,3.3848634226475596e-05,0.004450581852356805,0.9999936056102292,0.08499717712402344
G12_1_FIXTURE_04,E0_vs_E3,97.8516893058,57,1,7.074280158861942e-05,0.004253501876119614,0.9999842078823586,0.08695650100708008
G12_1_FIXTURE_04,E0_vs_E3,97.8516893058,58,1,9.679262860868299e-05,0.006951149301478665,0.9999916965775071,0.10761165618896484
G12_1_FIXTURE_04,E0_vs_E3,97.8516893058,59,1,4.59184512363837e-05,0.0007707025682019975,0.9999925116408376,0.07796669006347656
G12_1_FIXTURE_04,E0_vs_E3,97.8516893058,60,1,0.00013831142161562903,0.03415629451857427,0.9999541771763151,0.19927406311035156
G12_1_FIXTURE_04,E0_vs_E3,97.8516893058,61,1,4.474671079946343e-05,0.013349982473830124,0.999992094630679,0.07807064056396484
G12_1_FIXTURE_04,E0_vs_E3,97.8516893058,62,0,0.000157316068660094,0.03615907674628893,0.9999792714473436,0.12684202194213867
G12_1_FIXTURE_04,E0_vs_E3,97.8516893058,63,1,6.182350876367967e-05,0.01594813063546674,0.9999884948546238,0.10480833053588867
G12_1_FIXTURE_04,E0_vs_E3,97.8516893058,64,1,5.287075049054108e-05,0.014665722721204588,0.9999828135050873,0.08493757247924805
G12_1_FIXTURE_05,E3_vs_E4,NO_HOOK,0,1,4.158683613327603e-13,2.806913208530659e-06,0.9999999999999276,9.298324584960938e-06
G12_1_FIXTURE_05,E3_vs_E4,NO_HOOK,1,1,3.3762820062699303e-13,1.2256510597552506e-06,0.9999999999999302,7.62939453125e-06
G12_1_FIXTURE_05,E3_vs_E4,0,0,1,4.158683613327603e-13,2.806913208530659e-06,0.9999999999999276,9.298324584960938e-06
G12_1_FIXTURE_05,E3_vs_E4,0,1,1,3.3762820062699303e-13,1.2256510597552506e-06,0.9999999999999302,7.62939453125e-06
G12_1_FIXTURE_05,E0_vs_E3,0,0,1,5.2451952202051125e-05,0.016872419904586877,0.9999921127568521,0.08751392364501953
G12_1_FIXTURE_05,E0_vs_E3,0,1,1,5.7417253304519595e-05,0.0017469130447285153,0.9999887654379295,0.10018539428710938
G12_1_FIXTURE_05,E3_NOHOOK_vs_ALPHA0,0,0,1,0.0,0.0,0.9999999999999998,0.0
G12_1_FIXTURE_05,E3_NOHOOK_vs_ALPHA0,0,1,1,0.0,0.0,0.9999999999999999,0.0
G12_1_FIXTURE_05,E4_NOHOOK_vs_ALPHA0,0,0,1,0.0,0.0,1.0,0.0
G12_1_FIXTURE_05,E4_NOHOOK_vs_ALPHA0,0,1,1,0.0,0.0,1.0000000000000002,0.0
G12_1_FIXTURE_05,E3_vs_E4,0.01,0,1,4.865535570147749e-13,1.9522205523259117e-06,0.9999999999999295,1.1444091796875e-05
G12_1_FIXTURE_05,E3_vs_E4,0.01,1,1,3.376712388276467e-13,2.241340251174506e-06,0.9999999999999193,8.821487426757812e-06
G12_1_FIXTURE_05,E3_vs_E4,0.1,0,1,4.154635986880548e-13,3.806577721476856e-06,0.9999999999999245,9.298324584960938e-06
G12_1_FIXTURE_05,E3_vs_E4,0.1,1,1,3.243329640862402e-13,1.7930530447074489e-06,0.9999999999999237,1.1444091796875e-05
G12_1_FIXTURE_05,E3_vs_E4,97.8516893058,0,1,4.1637104147916805e-13,8.430013664906255e-07,0.9999999999999238,8.344650268554688e-06
G12_1_FIXTURE_05,E3_vs_E4,97.8516893058,1,1,4.263978150407287e-13,2.2313528607043054e-06,0.9999999999998814,9.059906005859375e-06
G12_1_FIXTURE_05,E0_vs_E3,97.8516893058,0,1,4.5549980447989323e-05,0.0007164573714319999,0.9999922583296561,0.09399902820587158
G12_1_FIXTURE_05,E0_vs_E3,97.8516893058,1,1,4.3685090040511735e-05,0.026457717170384143,0.9999922946006073,0.108367919921875
G12_1_FIXTURE_06,E3_vs_E4,NO_HOOK,0,1,5.525528436855933e-13,2.9357993955869688e-06,0.9999999999999182,1.7642974853515625e-05
G12_1_FIXTURE_06,E3_vs_E4,NO_HOOK,1,1,7.254854834762161e-13,1.1392429044576602e-06,0.9999999999998922,1.7642974853515625e-05
G12_1_FIXTURE_06,E3_vs_E4,NO_HOOK,2,1,6.821742075662591e-13,3.1620910796448243e-06,0.9999999999998698,2.4318695068359375e-05
G12_1_FIXTURE_06,E3_vs_E4,NO_HOOK,3,1,5.275516930454038e-13,3.367146083732564e-06,0.9999999999998908,1.3113021850585938e-05
G12_1_FIXTURE_06,E3_vs_E4,NO_HOOK,4,1,5.693697319653728e-13,1.6735579144722124e-06,0.9999999999998868,1.33514404296875e-05
G12_1_FIXTURE_06,E3_vs_E4,NO_HOOK,5,1,7.435459127231983e-13,9.268841960619056e-07,0.9999999999998654,1.2159347534179688e-05
G12_1_FIXTURE_06,E3_vs_E4,NO_HOOK,6,1,5.810318007666614e-13,7.26913041759758e-07,0.9999999999998888,1.1444091796875e-05
G12_1_FIXTURE_06,E3_vs_E4,NO_HOOK,7,1,5.748000273081364e-13,8.139814546836988e-07,0.9999999999998933,1.2874603271484375e-05
G12_1_FIXTURE_06,E3_vs_E4,NO_HOOK,8,1,3.9838338899364837e-13,9.816035948517765e-07,0.9999999999998767,1.049041748046875e-05
G12_1_FIXTURE_06,E3_vs_E4,0,0,1,5.525528436855933e-13,2.9357993955869688e-06,0.9999999999999182,1.7642974853515625e-05
G12_1_FIXTURE_06,E3_vs_E4,0,1,1,7.254854834762161e-13,1.1392429044576602e-06,0.9999999999998922,1.7642974853515625e-05
G12_1_FIXTURE_06,E3_vs_E4,0,2,1,6.821742075662591e-13,3.1620910796448243e-06,0.9999999999998698,2.4318695068359375e-05
G12_1_FIXTURE_06,E3_vs_E4,0,3,1,5.275516930454038e-13,3.367146083732564e-06,0.9999999999998908,1.3113021850585938e-05
G12_1_FIXTURE_06,E3_vs_E4,0,4,1,5.693697319653728e-13,1.6735579144722124e-06,0.9999999999998868,1.33514404296875e-05
G12_1_FIXTURE_06,E3_vs_E4,0,5,1,7.435459127231983e-13,9.268841960619056e-07,0.9999999999998654,1.2159347534179688e-05
G12_1_FIXTURE_06,E3_vs_E4,0,6,1,5.810318007666614e-13,7.26913041759758e-07,0.9999999999998888,1.1444091796875e-05
G12_1_FIXTURE_06,E3_vs_E4,0,7,1,5.748000273081364e-13,8.139814546836988e-07,0.9999999999998933,1.2874603271484375e-05
G12_1_FIXTURE_06,E3_vs_E4,0,8,1,3.9838338899364837e-13,9.816035948517765e-07,0.9999999999998767,1.049041748046875e-05
G12_1_FIXTURE_06,E0_vs_E3,0,0,1,6.281115335401836e-05,0.008259574827249594,0.9999876498913213,0.09015035629272461
G12_1_FIXTURE_06,E0_vs_E3,0,1,1,5.663838650319544e-05,0.026540280070328492,0.9999902879889642,0.08480644226074219
G12_1_FIXTURE_06,E0_vs_E3,0,2,1,8.170043889804256e-05,0.056538574027387156,0.9999872649870561,0.11355066299438477
G12_1_FIXTURE_06,E0_vs_E3,0,3,1,4.148799436860589e-05,0.0011992933345386092,0.9999810956077764,0.10791206359863281
G12_1_FIXTURE_06,E0_vs_E3,0,4,1,5.384333577634464e-05,0.018121244361529065,0.999993018624805,0.10017013549804688
G12_1_FIXTURE_06,E0_vs_E3,0,5,1,5.8280459594257364e-05,0.0038528101598185316,0.999986285875317,0.09528446197509766
G12_1_FIXTURE_06,E0_vs_E3,0,6,1,4.17772970935241e-05,0.011047506247713557,0.9999916198390552,0.09125995635986328
G12_1_FIXTURE_06,E0_vs_E3,0,7,1,4.0004528420603015e-05,0.0028443515985330237,0.9999928647341298,0.08427047729492188
G12_1_FIXTURE_06,E0_vs_E3,0,8,1,6.675678642083422e-05,0.018353684939862447,0.9999762171836039,0.11187505722045898
G12_1_FIXTURE_06,E3_NOHOOK_vs_ALPHA0,0,0,1,0.0,0.0,1.0,0.0
G12_1_FIXTURE_06,E3_NOHOOK_vs_ALPHA0,0,1,1,0.0,0.0,0.9999999999999999,0.0
G12_1_FIXTURE_06,E3_NOHOOK_vs_ALPHA0,0,2,1,0.0,0.0,1.0,0.0
G12_1_FIXTURE_06,E3_NOHOOK_vs_ALPHA0,0,3,1,0.0,0.0,1.0000000000000002,0.0
G12_1_FIXTURE_06,E3_NOHOOK_vs_ALPHA0,0,4,1,0.0,0.0,1.0000000000000002,0.0
G12_1_FIXTURE_06,E3_NOHOOK_vs_ALPHA0,0,5,1,0.0,0.0,1.0000000000000002,0.0
G12_1_FIXTURE_06,E3_NOHOOK_vs_ALPHA0,0,6,1,0.0,0.0,1.0,0.0
G12_1_FIXTURE_06,E3_NOHOOK_vs_ALPHA0,0,7,1,0.0,0.0,0.9999999999999999,0.0
G12_1_FIXTURE_06,E3_NOHOOK_vs_ALPHA0,0,8,1,0.0,0.0,0.9999999999999998,0.0
G12_1_FIXTURE_06,E4_NOHOOK_vs_ALPHA0,0,0,1,0.0,0.0,0.9999999999999998,0.0
G12_1_FIXTURE_06,E4_NOHOOK_vs_ALPHA0,0,1,1,0.0,0.0,1.0000000000000002,0.0
G12_1_FIXTURE_06,E4_NOHOOK_vs_ALPHA0,0,2,1,0.0,0.0,1.0,0.0
G12_1_FIXTURE_06,E4_NOHOOK_vs_ALPHA0,0,3,1,0.0,0.0,1.0000000000000002,0.0
G12_1_FIXTURE_06,E4_NOHOOK_vs_ALPHA0,0,4,1,0.0,0.0,1.0,0.0
G12_1_FIXTURE_06,E4_NOHOOK_vs_ALPHA0,0,5,1,0.0,0.0,1.0000000000000002,0.0
G12_1_FIXTURE_06,E4_NOHOOK_vs_ALPHA0,0,6,1,0.0,0.0,0.9999999999999999,0.0
G12_1_FIXTURE_06,E4_NOHOOK_vs_ALPHA0,0,7,1,0.0,0.0,0.9999999999999999,0.0
G12_1_FIXTURE_06,E4_NOHOOK_vs_ALPHA0,0,8,1,0.0,0.0,1.0,0.0
G12_1_FIXTURE_06,E3_vs_E4,0.01,0,1,4.854739450978783e-13,1.2189194578127172e-06,0.9999999999999186,1.6689300537109375e-05
G12_1_FIXTURE_06,E3_vs_E4,0.01,1,1,7.178666360659291e-13,2.212077472307783e-07,0.9999999999998951,1.5497207641601562e-05
G12_1_FIXTURE_06,E3_vs_E4,0.01,2,1,5.969835387716841e-13,1.4507546595154963e-06,0.9999999999998835,1.7642974853515625e-05
G12_1_FIXTURE_06,E3_vs_E4,0.01,3,1,5.173029087395565e-13,2.0556460853526914e-06,0.9999999999998931,1.430511474609375e-05
G12_1_FIXTURE_06,E3_vs_E4,0.01,4,1,5.575954668487278e-13,6.064385935644623e-07,0.9999999999998874,1.1444091796875e-05
G12_1_FIXTURE_06,E3_vs_E4,0.01,5,1,7.413869456065624e-13,1.8572025908270007e-06,0.9999999999998497,1.621246337890625e-05
G12_1_FIXTURE_06,E3_vs_E4,0.01,6,1,6.137099306527392e-13,4.5302396323165794e-07,0.9999999999998785,1.811981201171875e-05
G12_1_FIXTURE_06,E3_vs_E4,0.01,7,1,5.373580497495554e-13,1.7178865583389324e-06,0.9999999999998953,1.52587890625e-05
G12_1_FIXTURE_06,E3_vs_E4,0.01,8,1,5.647600536496458e-13,5.676850385327725e-07,0.9999999999998392,1.049041748046875e-05
G12_1_FIXTURE_06,E3_vs_E4,0.1,0,1,5.781401815330558e-13,2.9550400064692894e-06,0.9999999999999177,1.2874603271484375e-05
G12_1_FIXTURE_06,E3_vs_E4,0.1,1,1,6.352109060598042e-13,9.224350119296787e-07,0.9999999999998898,1.239776611328125e-05
G12_1_FIXTURE_06,E3_vs_E4,0.1,2,1,6.907357338982051e-13,2.8118403676558046e-06,0.9999999999999035,1.430511474609375e-05
G12_1_FIXTURE_06,E3_vs_E4,0.1,3,1,5.722289324381543e-13,5.588975149350972e-07,0.9999999999999016,1.2516975402832031e-05
G12_1_FIXTURE_06,E3_vs_E4,0.1,4,1,5.893067581161445e-13,9.690427607011998e-07,0.9999999999998953,1.33514404296875e-05
G12_1_FIXTURE_06,E3_vs_E4,0.1,5,1,8.891059340916678e-13,6.843390121247239e-07,0.9999999999998768,1.2159347534179688e-05
G12_1_FIXTURE_06,E3_vs_E4,0.1,6,1,5.537618524612235e-13,2.2564016433079814e-08,0.9999999999998964,1.239776611328125e-05
G12_1_FIXTURE_06,E3_vs_E4,0.1,7,1,6.134413539024275e-13,2.6091394893512643e-06,0.9999999999998995,2.193450927734375e-05
G12_1_FIXTURE_06,E3_vs_E4,0.1,8,1,6.248273876033107e-13,4.757722518178298e-07,0.9999999999998752,1.3113021850585938e-05
G12_1_FIXTURE_06,E3_vs_E4,97.8516893058,0,1,5.72131450039865e-13,2.146999378282999e-06,0.9999999999999178,1.33514404296875e-05
G12_1_FIXTURE_06,E3_vs_E4,97.8516893058,1,1,1.2106309497257175e-12,3.4177094807574804e-06,0.9999999999998802,1.33514404296875e-05
G12_1_FIXTURE_06,E3_vs_E4,97.8516893058,2,1,8.326506757454558e-13,9.807173526610313e-07,0.9999999999999039,1.3828277587890625e-05
G12_1_FIXTURE_06,E3_vs_E4,97.8516893058,3,1,5.189564693555728e-13,2.0876971120742382e-06,0.9999999999998916,1.52587890625e-05
G12_1_FIXTURE_06,E3_vs_E4,97.8516893058,4,1,7.267749433526681e-13,1.221752764735129e-06,0.9999999999998677,1.7642974853515625e-05
G12_1_FIXTURE_06,E3_vs_E4,97.8516893058,5,1,7.597680030366068e-13,1.308135406219435e-06,0.9999999999998687,1.33514404296875e-05
G12_1_FIXTURE_06,E3_vs_E4,97.8516893058,6,1,7.720083164263209e-13,2.0083467511256003e-07,0.9999999999998863,1.9073486328125e-05
G12_1_FIXTURE_06,E3_vs_E4,97.8516893058,7,1,5.404282036297854e-13,1.1917341247169588e-06,0.9999999999998943,1.1682510375976562e-05
G12_1_FIXTURE_06,E3_vs_E4,97.8516893058,8,1,6.000737704843221e-13,1.5472101946301109e-06,0.9999999999998536,9.5367431640625e-06
G12_1_FIXTURE_06,E0_vs_E3,97.8516893058,0,1,3.986333579284109e-05,0.00018329969154251557,0.9999937925066947,0.08310317993164062
G12_1_FIXTURE_06,E0_vs_E3,97.8516893058,1,1,7.229648553652273e-05,0.0028460104396810237,0.9999920370147151,0.08115577697753906
G12_1_FIXTURE_06,E0_vs_E3,97.8516893058,2,1,5.837430282501003e-05,0.0321344137909616,0.9999898139590272,0.09643363952636719
G12_1_FIXTURE_06,E0_vs_E3,97.8516893058,3,1,4.299755677417277e-05,0.00554831381411347,0.9999920393878982,0.07533454895019531
G12_1_FIXTURE_06,E0_vs_E3,97.8516893058,4,1,4.9978696424038665e-05,0.012137113855677839,0.9999902884035121,0.10721540451049805
G12_1_FIXTURE_06,E0_vs_E3,97.8516893058,5,1,5.7021539117777935e-05,0.009099361198469325,0.9999888323715186,0.08234834671020508
G12_1_FIXTURE_06,E0_vs_E3,97.8516893058,6,1,4.545198196953857e-05,0.02665781124414579,0.9999938671686409,0.0803060531616211
G12_1_FIXTURE_06,E0_vs_E3,97.8516893058,7,1,5.815734281423729e-05,0.010886107459574745,0.999992380019715,0.08816671371459961
G12_1_FIXTURE_06,E0_vs_E3,97.8516893058,8,1,4.0832143967639986e-05,0.004049229736793336,0.9999838633511702,0.09837007522583008
G12_1_FIXTURE_07,E3_vs_E4,NO_HOOK,0,1,5.185876829053486e-12,6.967122221368527e-06,0.999999999999197,2.86102294921875e-05
G12_1_FIXTURE_07,E3_vs_E4,NO_HOOK,1,1,2.0058598338470427e-11,1.0651891084734189e-06,0.9999999999980702,3.4809112548828125e-05
G12_1_FIXTURE_07,E3_vs_E4,NO_HOOK,2,1,6.75204130695301e-12,8.912703249208676e-06,0.999999999999102,3.3855438232421875e-05
G12_1_FIXTURE_07,E3_vs_E4,NO_HOOK,3,1,1.1343026169730804e-11,1.5711143603880373e-06,0.9999999999990332,5.53131103515625e-05
G12_1_FIXTURE_07,E3_vs_E4,NO_HOOK,4,1,6.47106509026481e-12,1.7188573373516647e-06,0.999999999998993,2.9087066650390625e-05
G12_1_FIXTURE_07,E3_vs_E4,NO_HOOK,5,1,5.748343507328881e-12,1.1045705079482104e-05,0.9999999999991435,4.100799560546875e-05
G12_1_FIXTURE_07,E3_vs_E4,NO_HOOK,6,1,6.112300264394636e-12,9.656279907233056e-06,0.9999999999991319,3.814697265625e-05
G12_1_FIXTURE_07,E3_vs_E4,NO_HOOK,7,1,1.3528674793718573e-11,5.392933713821435e-06,0.9999999999989094,5.340576171875e-05
G12_1_FIXTURE_07,E3_vs_E4,NO_HOOK,8,1,6.716450741419622e-12,1.955049009794152e-06,0.9999999999991401,3.719329833984375e-05
G12_1_FIXTURE_07,E3_vs_E4,NO_HOOK,9,1,7.329718748351871e-12,4.63444207809971e-06,0.9999999999989042,3.814697265625e-05
G12_1_FIXTURE_07,E3_vs_E4,NO_HOOK,10,1,5.54967820519433e-12,7.586195629016856e-06,0.9999999999990654,3.24249267578125e-05
G12_1_FIXTURE_07,E3_vs_E4,NO_HOOK,11,1,6.681730664358665e-12,2.7897924361752757e-06,0.99999999999918,3.337860107421875e-05
G12_1_FIXTURE_07,E3_vs_E4,NO_HOOK,12,1,6.542285445948376e-12,1.1743167220856776e-06,0.9999999999991276,3.7670135498046875e-05
G12_1_FIXTURE_07,E3_vs_E4,NO_HOOK,13,1,6.266618239685684e-12,8.531310211168375e-06,0.9999999999992059,3.24249267578125e-05
G12_1_FIXTURE_07,E3_vs_E4,NO_HOOK,14,1,7.0085781988616155e-12,4.748233331852703e-06,0.9999999999991859,3.4332275390625e-05
G12_1_FIXTURE_07,E3_vs_E4,NO_HOOK,15,1,7.441521527945979e-12,1.2537533834233727e-05,0.99999999999905,3.9577484130859375e-05
G12_1_FIXTURE_07,E3_vs_E4,NO_HOOK,16,1,5.914444850837295e-12,7.398140928316366e-06,0.9999999999993191,3.528594970703125e-05
G12_1_FIXTURE_07,E3_vs_E4,NO_HOOK,17,1,5.19794698191419e-12,5.792557267625398e-06,0.9999999999993414,3.0517578125e-05
G12_1_FIXTURE_07,E3_vs_E4,NO_HOOK,18,1,4.449056257101479e-12,2.850399642539969e-06,0.9999999999991834,3.814697265625e-05
G12_1_FIXTURE_07,E3_vs_E4,NO_HOOK,19,1,6.104177109601623e-12,3.0106936090845693e-06,0.9999999999993104,3.0517578125e-05
G12_1_FIXTURE_07,E3_vs_E4,NO_HOOK,20,1,4.166274360692834e-12,3.2858519283252008e-06,0.9999999999984743,2.6702880859375e-05
G12_1_FIXTURE_07,E3_vs_E4,NO_HOOK,21,1,1.0621839940727999e-11,9.151987860889221e-07,0.999999999999203,3.910064697265625e-05
G12_1_FIXTURE_07,E3_vs_E4,NO_HOOK,22,1,5.806184749100267e-12,1.7632442510517876e-06,0.9999999999992555,3.319978713989258e-05
G12_1_FIXTURE_07,E3_vs_E4,NO_HOOK,23,1,8.430296602410883e-12,4.923438046589013e-06,0.9999999999976158,2.47955322265625e-05
G12_1_FIXTURE_07,E3_vs_E4,NO_HOOK,24,1,6.8279121633643974e-12,1.0808267902007174e-05,0.9999999999992052,4.00543212890625e-05
G12_1_FIXTURE_07,E3_vs_E4,NO_HOOK,25,1,4.986396215580549e-12,2.4308051269628095e-06,0.9999999999992145,3.409385681152344e-05
G12_1_FIXTURE_07,E3_vs_E4,NO_HOOK,26,1,5.4679016986461335e-12,7.69401698264005e-06,0.9999999999993854,3.24249267578125e-05
G12_1_FIXTURE_07,E3_vs_E4,NO_HOOK,27,1,4.9174736051042825e-12,5.167081056356437e-06,0.9999999999991295,3.24249267578125e-05
G12_1_FIXTURE_07,E3_vs_E4,NO_HOOK,28,1,5.155985533539987e-12,2.801017810583062e-06,0.9999999999984466,3.24249267578125e-05
G12_1_FIXTURE_07,E3_vs_E4,NO_HOOK,29,1,5.486343076833512e-12,2.4127297173492934e-06,0.9999999999989307,3.24249267578125e-05
G12_1_FIXTURE_07,E3_vs_E4,NO_HOOK,30,1,1.1337954504690219e-11,1.2514215281811403e-06,0.9999999999984314,3.62396240234375e-05
G12_1_FIXTURE_07,E3_vs_E4,NO_HOOK,31,1,7.98617207035386e-12,5.340090762473437e-06,0.9999999999989797,2.956390380859375e-05
G12_1_FIXTURE_07,E3_vs_E4,NO_HOOK,32,1,7.29430337669768e-12,6.137768675529287e-07,0.9999999999992697,3.814697265625e-05
G12_1_FIXTURE_07,E3_vs_E4,0,0,1,5.185876829053486e-12,6.967122221368527e-06,0.999999999999197,2.86102294921875e-05
G12_1_FIXTURE_07,E3_vs_E4,0,1,1,2.0058598338470427e-11,1.0651891084734189e-06,0.9999999999980702,3.4809112548828125e-05
G12_1_FIXTURE_07,E3_vs_E4,0,2,1,6.75204130695301e-12,8.912703249208676e-06,0.999999999999102,3.3855438232421875e-05
G12_1_FIXTURE_07,E3_vs_E4,0,3,1,1.1343026169730804e-11,1.5711143603880373e-06,0.9999999999990332,5.53131103515625e-05
G12_1_FIXTURE_07,E3_vs_E4,0,4,1,6.47106509026481e-12,1.7188573373516647e-06,0.999999999998993,2.9087066650390625e-05
G12_1_FIXTURE_07,E3_vs_E4,0,5,1,5.748343507328881e-12,1.1045705079482104e-05,0.9999999999991435,4.100799560546875e-05
G12_1_FIXTURE_07,E3_vs_E4,0,6,1,6.112300264394636e-12,9.656279907233056e-06,0.9999999999991319,3.814697265625e-05
G12_1_FIXTURE_07,E3_vs_E4,0,7,1,1.3528674793718573e-11,5.392933713821435e-06,0.9999999999989094,5.340576171875e-05
G12_1_FIXTURE_07,E3_vs_E4,0,8,1,6.716450741419622e-12,1.955049009794152e-06,0.9999999999991401,3.719329833984375e-05
G12_1_FIXTURE_07,E3_vs_E4,0,9,1,7.329718748351871e-12,4.63444207809971e-06,0.9999999999989042,3.814697265625e-05
G12_1_FIXTURE_07,E3_vs_E4,0,10,1,5.54967820519433e-12,7.586195629016856e-06,0.9999999999990654,3.24249267578125e-05
G12_1_FIXTURE_07,E3_vs_E4,0,11,1,6.681730664358665e-12,2.7897924361752757e-06,0.99999999999918,3.337860107421875e-05
G12_1_FIXTURE_07,E3_vs_E4,0,12,1,6.542285445948376e-12,1.1743167220856776e-06,0.9999999999991276,3.7670135498046875e-05
G12_1_FIXTURE_07,E3_vs_E4,0,13,1,6.266618239685684e-12,8.531310211168375e-06,0.9999999999992059,3.24249267578125e-05
G12_1_FIXTURE_07,E3_vs_E4,0,14,1,7.0085781988616155e-12,4.748233331852703e-06,0.9999999999991859,3.4332275390625e-05
G12_1_FIXTURE_07,E3_vs_E4,0,15,1,7.441521527945979e-12,1.2537533834233727e-05,0.99999999999905,3.9577484130859375e-05
G12_1_FIXTURE_07,E3_vs_E4,0,16,1,5.914444850837295e-12,7.398140928316366e-06,0.9999999999993191,3.528594970703125e-05
G12_1_FIXTURE_07,E3_vs_E4,0,17,1,5.19794698191419e-12,5.792557267625398e-06,0.9999999999993414,3.0517578125e-05
G12_1_FIXTURE_07,E3_vs_E4,0,18,1,4.449056257101479e-12,2.850399642539969e-06,0.9999999999991834,3.814697265625e-05
G12_1_FIXTURE_07,E3_vs_E4,0,19,1,6.104177109601623e-12,3.0106936090845693e-06,0.9999999999993104,3.0517578125e-05
G12_1_FIXTURE_07,E3_vs_E4,0,20,1,4.166274360692834e-12,3.2858519283252008e-06,0.9999999999984743,2.6702880859375e-05
G12_1_FIXTURE_07,E3_vs_E4,0,21,1,1.0621839940727999e-11,9.151987860889221e-07,0.999999999999203,3.910064697265625e-05
G12_1_FIXTURE_07,E3_vs_E4,0,22,1,5.806184749100267e-12,1.7632442510517876e-06,0.9999999999992555,3.319978713989258e-05
G12_1_FIXTURE_07,E3_vs_E4,0,23,1,8.430296602410883e-12,4.923438046589013e-06,0.9999999999976158,2.47955322265625e-05
G12_1_FIXTURE_07,E3_vs_E4,0,24,1,6.8279121633643974e-12,1.0808267902007174e-05,0.9999999999992052,4.00543212890625e-05
G12_1_FIXTURE_07,E3_vs_E4,0,25,1,4.986396215580549e-12,2.4308051269628095e-06,0.9999999999992145,3.409385681152344e-05
G12_1_FIXTURE_07,E3_vs_E4,0,26,1,5.4679016986461335e-12,7.69401698264005e-06,0.9999999999993854,3.24249267578125e-05
G12_1_FIXTURE_07,E3_vs_E4,0,27,1,4.9174736051042825e-12,5.167081056356437e-06,0.9999999999991295,3.24249267578125e-05
G12_1_FIXTURE_07,E3_vs_E4,0,28,1,5.155985533539987e-12,2.801017810583062e-06,0.9999999999984466,3.24249267578125e-05
G12_1_FIXTURE_07,E3_vs_E4,0,29,1,5.486343076833512e-12,2.4127297173492934e-06,0.9999999999989307,3.24249267578125e-05
G12_1_FIXTURE_07,E3_vs_E4,0,30,1,1.1337954504690219e-11,1.2514215281811403e-06,0.9999999999984314,3.62396240234375e-05
G12_1_FIXTURE_07,E3_vs_E4,0,31,1,7.98617207035386e-12,5.340090762473437e-06,0.9999999999989797,2.956390380859375e-05
G12_1_FIXTURE_07,E3_vs_E4,0,32,1,7.29430337669768e-12,6.137768675529287e-07,0.9999999999992697,3.814697265625e-05
G12_1_FIXTURE_07,E0_vs_E3,0,0,1,3.434314540590598e-05,0.002024291222516794,0.9999904993410159,0.08555030822753906
G12_1_FIXTURE_07,E0_vs_E3,0,1,1,8.131966138957917e-05,0.031541580593120955,0.9999701068331356,0.09570693969726562
G12_1_FIXTURE_07,E0_vs_E3,0,2,1,6.0699463654762366e-05,0.03170843605887086,0.9999911682541377,0.09581470489501953
G12_1_FIXTURE_07,E0_vs_E3,0,3,1,5.317296786043956e-05,0.008337750702738234,0.999988444998157,0.09593391418457031
G12_1_FIXTURE_07,E0_vs_E3,0,4,1,3.9261337977756813e-05,0.020621539890687046,0.9999899498868902,0.0790257453918457
G12_1_FIXTURE_07,E0_vs_E3,0,5,1,5.0460448489592145e-05,0.0006514911264634549,0.9999935610256265,0.10108566284179688
G12_1_FIXTURE_07,E0_vs_E3,0,6,1,4.599631563648922e-05,0.0005668514462264795,0.99999343657369,0.06940150260925293
G12_1_FIXTURE_07,E0_vs_E3,0,7,1,5.0632408476443776e-05,0.012880533225784419,0.9999916635571408,0.07247734069824219
G12_1_FIXTURE_07,E0_vs_E3,0,8,1,4.018250559128882e-05,0.021432473990936174,0.9999898861864591,0.08259963989257812
G12_1_FIXTURE_07,E0_vs_E3,0,9,1,4.0443953443523764e-05,0.061047217461760894,0.9999796964103221,0.12545347213745117
G12_1_FIXTURE_07,E0_vs_E3,0,10,1,4.4723091961190194e-05,0.015496017034710263,0.9999918891711048,0.07958412170410156
G12_1_FIXTURE_07,E0_vs_E3,0,11,1,4.58581168942315e-05,0.0004308672311061912,0.9999899442796625,0.10665702819824219
G12_1_FIXTURE_07,E0_vs_E3,0,12,1,2.564504355348523e-05,0.011997267710100346,0.9999944751978094,0.06071281433105469
G12_1_FIXTURE_07,E0_vs_E3,0,13,1,3.498886786538639e-05,0.005229998878528264,0.999992054959059,0.10108137130737305
G12_1_FIXTURE_07,E0_vs_E3,0,14,1,3.452585542707245e-05,0.010109450276623022,0.999993146041473,0.08812904357910156
G12_1_FIXTURE_07,E0_vs_E3,0,15,1,2.7040674365855393e-05,0.007680004758292114,0.9999936608964651,0.0878591537475586
G12_1_FIXTURE_07,E0_vs_E3,0,16,1,4.327561591894368e-05,0.010520831757734328,0.9999934179499073,0.1300210952758789
G12_1_FIXTURE_07,E0_vs_E3,0,17,1,3.079464933050037e-05,0.001499601292085373,0.9999930350620064,0.07569694519042969
G12_1_FIXTURE_07,E0_vs_E3,0,18,1,2.8764549575559687e-05,0.0031710022829631868,0.9999930700795383,0.08319950103759766
G12_1_FIXTURE_07,E0_vs_E3,0,19,1,3.8289784631030245e-05,0.001202310508979565,0.999989701918846,0.10771465301513672
G12_1_FIXTURE_07,E0_vs_E3,0,20,1,3.469664649964621e-05,0.012951312139113824,0.9999804909923053,0.06407177448272705
G12_1_FIXTURE_07,E0_vs_E3,0,21,1,3.494893742804702e-05,0.0016330856065707167,0.9999887260154285,0.08994293212890625
G12_1_FIXTURE_07,E0_vs_E3,0,22,1,6.46624966623401e-05,0.0020147377476842365,0.9999809302767825,0.10174083709716797
G12_1_FIXTURE_07,E0_vs_E3,0,23,1,4.190305351201175e-05,0.007867657223430413,0.999955667125465,0.08148980140686035
G12_1_FIXTURE_07,E0_vs_E3,0,24,1,4.7185802851204724e-05,0.01347682263746286,0.9999917477794193,0.0996713638305664
G12_1_FIXTURE_07,E0_vs_E3,0,25,1,3.3646365305258776e-05,0.02334039650686215,0.9999947558729045,0.08782124519348145
G12_1_FIXTURE_07,E0_vs_E3,0,26,1,2.530567981429141e-05,0.008014211389259174,0.9999935542206069,0.09488773345947266
G12_1_FIXTURE_07,E0_vs_E3,0,27,1,3.648257231070067e-05,0.04714229197594477,0.9999910403806798,0.0736684799194336
G12_1_FIXTURE_07,E0_vs_E3,0,28,1,5.554837309210917e-05,0.0026063892749466078,0.9999538090471517,0.0721668004989624
G12_1_FIXTURE_07,E0_vs_E3,0,29,1,3.0019196871615552e-05,0.026373096395282403,0.9999898979959324,0.07537078857421875
G12_1_FIXTURE_07,E0_vs_E3,0,30,1,4.7435970157762444e-05,0.0023801030958381375,0.9999823344599229,0.07487070560455322
G12_1_FIXTURE_07,E0_vs_E3,0,31,1,8.464907386446382e-05,0.051643230283138664,0.9999507962711159,0.10692071914672852
G12_1_FIXTURE_07,E0_vs_E3,0,32,1,3.111568002168503e-05,0.04527069465672895,0.9999911102896322,0.07877922058105469
G12_1_FIXTURE_07,E3_NOHOOK_vs_ALPHA0,0,0,1,0.0,0.0,1.0000000000000002,0.0
G12_1_FIXTURE_07,E3_NOHOOK_vs_ALPHA0,0,1,1,0.0,0.0,1.0000000000000002,0.0
G12_1_FIXTURE_07,E3_NOHOOK_vs_ALPHA0,0,2,1,0.0,0.0,1.0,0.0
G12_1_FIXTURE_07,E3_NOHOOK_vs_ALPHA0,0,3,1,0.0,0.0,1.0,0.0
G12_1_FIXTURE_07,E3_NOHOOK_vs_ALPHA0,0,4,1,0.0,0.0,1.0,0.0
G12_1_FIXTURE_07,E3_NOHOOK_vs_ALPHA0,0,5,1,0.0,0.0,1.0,0.0
G12_1_FIXTURE_07,E3_NOHOOK_vs_ALPHA0,0,6,1,0.0,0.0,1.0000000000000002,0.0
G12_1_FIXTURE_07,E3_NOHOOK_vs_ALPHA0,0,7,1,0.0,0.0,1.0,0.0
G12_1_FIXTURE_07,E3_NOHOOK_vs_ALPHA0,0,8,1,0.0,0.0,1.0000000000000002,0.0
G12_1_FIXTURE_07,E3_NOHOOK_vs_ALPHA0,0,9,1,0.0,0.0,1.0,0.0
G12_1_FIXTURE_07,E3_NOHOOK_vs_ALPHA0,0,10,1,0.0,0.0,1.0,0.0
G12_1_FIXTURE_07,E3_NOHOOK_vs_ALPHA0,0,11,1,0.0,0.0,1.0000000000000002,0.0
G12_1_FIXTURE_07,E3_NOHOOK_vs_ALPHA0,0,12,1,0.0,0.0,1.0000000000000002,0.0
G12_1_FIXTURE_07,E3_NOHOOK_vs_ALPHA0,0,13,1,0.0,0.0,1.0,0.0
G12_1_FIXTURE_07,E3_NOHOOK_vs_ALPHA0,0,14,1,0.0,0.0,0.9999999999999999,0.0
G12_1_FIXTURE_07,E3_NOHOOK_vs_ALPHA0,0,15,1,0.0,0.0,1.0000000000000002,0.0
G12_1_FIXTURE_07,E3_NOHOOK_vs_ALPHA0,0,16,1,0.0,0.0,1.0,0.0
G12_1_FIXTURE_07,E3_NOHOOK_vs_ALPHA0,0,17,1,0.0,0.0,1.0,0.0
G12_1_FIXTURE_07,E3_NOHOOK_vs_ALPHA0,0,18,1,0.0,0.0,0.9999999999999999,0.0
G12_1_FIXTURE_07,E3_NOHOOK_vs_ALPHA0,0,19,1,0.0,0.0,0.9999999999999999,0.0
G12_1_FIXTURE_07,E3_NOHOOK_vs_ALPHA0,0,20,1,0.0,0.0,1.0000000000000002,0.0
G12_1_FIXTURE_07,E3_NOHOOK_vs_ALPHA0,0,21,1,0.0,0.0,0.9999999999999999,0.0
G12_1_FIXTURE_07,E3_NOHOOK_vs_ALPHA0,0,22,1,0.0,0.0,0.9999999999999999,0.0
G12_1_FIXTURE_07,E3_NOHOOK_vs_ALPHA0,0,23,1,0.0,0.0,1.0,0.0
G12_1_FIXTURE_07,E3_NOHOOK_vs_ALPHA0,0,24,1,0.0,0.0,0.9999999999999999,0.0
G12_1_FIXTURE_07,E3_NOHOOK_vs_ALPHA0,0,25,1,0.0,0.0,1.0000000000000002,0.0
G12_1_FIXTURE_07,E3_NOHOOK_vs_ALPHA0,0,26,1,0.0,0.0,1.0000000000000002,0.0
G12_1_FIXTURE_07,E3_NOHOOK_vs_ALPHA0,0,27,1,0.0,0.0,0.9999999999999999,0.0
G12_1_FIXTURE_07,E3_NOHOOK_vs_ALPHA0,0,28,1,0.0,0.0,0.9999999999999998,0.0
G12_1_FIXTURE_07,E3_NOHOOK_vs_ALPHA0,0,29,1,0.0,0.0,1.0,0.0
G12_1_FIXTURE_07,E3_NOHOOK_vs_ALPHA0,0,30,1,0.0,0.0,1.0,0.0
G12_1_FIXTURE_07,E3_NOHOOK_vs_ALPHA0,0,31,1,0.0,0.0,1.0000000000000002,0.0
G12_1_FIXTURE_07,E3_NOHOOK_vs_ALPHA0,0,32,1,0.0,0.0,1.0000000000000002,0.0
G12_1_FIXTURE_07,E4_NOHOOK_vs_ALPHA0,0,0,1,0.0,0.0,1.0,0.0
G12_1_FIXTURE_07,E4_NOHOOK_vs_ALPHA0,0,1,1,0.0,0.0,0.9999999999999999,0.0
G12_1_FIXTURE_07,E4_NOHOOK_vs_ALPHA0,0,2,1,0.0,0.0,1.0,0.0
G12_1_FIXTURE_07,E4_NOHOOK_vs_ALPHA0,0,3,1,0.0,0.0,0.9999999999999999,0.0
G12_1_FIXTURE_07,E4_NOHOOK_vs_ALPHA0,0,4,1,0.0,0.0,1.0,0.0
G12_1_FIXTURE_07,E4_NOHOOK_vs_ALPHA0,0,5,1,0.0,0.0,1.0,0.0
G12_1_FIXTURE_07,E4_NOHOOK_vs_ALPHA0,0,6,1,0.0,0.0,1.0000000000000002,0.0
G12_1_FIXTURE_07,E4_NOHOOK_vs_ALPHA0,0,7,1,0.0,0.0,0.9999999999999999,0.0
G12_1_FIXTURE_07,E4_NOHOOK_vs_ALPHA0,0,8,1,0.0,0.0,0.9999999999999999,0.0
G12_1_FIXTURE_07,E4_NOHOOK_vs_ALPHA0,0,9,1,0.0,0.0,0.9999999999999999,0.0
G12_1_FIXTURE_07,E4_NOHOOK_vs_ALPHA0,0,10,1,0.0,0.0,0.9999999999999999,0.0
G12_1_FIXTURE_07,E4_NOHOOK_vs_ALPHA0,0,11,1,0.0,0.0,1.0,0.0
G12_1_FIXTURE_07,E4_NOHOOK_vs_ALPHA0,0,12,1,0.0,0.0,1.0000000000000002,0.0
G12_1_FIXTURE_07,E4_NOHOOK_vs_ALPHA0,0,13,1,0.0,0.0,0.9999999999999998,0.0
G12_1_FIXTURE_07,E4_NOHOOK_vs_ALPHA0,0,14,1,0.0,0.0,1.0,0.0
G12_1_FIXTURE_07,E4_NOHOOK_vs_ALPHA0,0,15,1,0.0,0.0,1.0,0.0
G12_1_FIXTURE_07,E4_NOHOOK_vs_ALPHA0,0,16,1,0.0,0.0,1.0,0.0
G12_1_FIXTURE_07,E4_NOHOOK_vs_ALPHA0,0,17,1,0.0,0.0,1.0000000000000002,0.0
G12_1_FIXTURE_07,E4_NOHOOK_vs_ALPHA0,0,18,1,0.0,0.0,1.0,0.0
G12_1_FIXTURE_07,E4_NOHOOK_vs_ALPHA0,0,19,1,0.0,0.0,1.0,0.0
G12_1_FIXTURE_07,E4_NOHOOK_vs_ALPHA0,0,20,1,0.0,0.0,1.0000000000000002,0.0
G12_1_FIXTURE_07,E4_NOHOOK_vs_ALPHA0,0,21,1,0.0,0.0,0.9999999999999999,0.0
G12_1_FIXTURE_07,E4_NOHOOK_vs_ALPHA0,0,22,1,0.0,0.0,1.0000000000000002,0.0
G12_1_FIXTURE_07,E4_NOHOOK_vs_ALPHA0,0,23,1,0.0,0.0,1.0,0.0
G12_1_FIXTURE_07,E4_NOHOOK_vs_ALPHA0,0,24,1,0.0,0.0,1.0000000000000002,0.0
G12_1_FIXTURE_07,E4_NOHOOK_vs_ALPHA0,0,25,1,0.0,0.0,1.0000000000000002,0.0
G12_1_FIXTURE_07,E4_NOHOOK_vs_ALPHA0,0,26,1,0.0,0.0,1.0,0.0
G12_1_FIXTURE_07,E4_NOHOOK_vs_ALPHA0,0,27,1,0.0,0.0,1.0,0.0
G12_1_FIXTURE_07,E4_NOHOOK_vs_ALPHA0,0,28,1,0.0,0.0,1.0000000000000002,0.0
G12_1_FIXTURE_07,E4_NOHOOK_vs_ALPHA0,0,29,1,0.0,0.0,1.0000000000000002,0.0
G12_1_FIXTURE_07,E4_NOHOOK_vs_ALPHA0,0,30,1,0.0,0.0,1.0,0.0
G12_1_FIXTURE_07,E4_NOHOOK_vs_ALPHA0,0,31,1,0.0,0.0,1.0000000000000002,0.0
G12_1_FIXTURE_07,E4_NOHOOK_vs_ALPHA0,0,32,1,0.0,0.0,1.0000000000000002,0.0
G12_1_FIXTURE_07,E3_vs_E4,0.01,0,1,6.489361605783894e-12,8.12625627588659e-06,0.9999999999989005,3.635883331298828e-05
G12_1_FIXTURE_07,E3_vs_E4,0.01,1,1,9.349136519640952e-12,1.98752182356543e-06,0.9999999999982113,2.9087066650390625e-05
G12_1_FIXTURE_07,E3_vs_E4,0.01,2,1,8.378753046797302e-12,1.141085775735462e-05,0.999999999999032,3.5762786865234375e-05
G12_1_FIXTURE_07,E3_vs_E4,0.01,3,1,1.057081008927552e-11,1.0791205493632106e-05,0.9999999999990234,4.57763671875e-05
G12_1_FIXTURE_07,E3_vs_E4,0.01,4,1,5.969543204194686e-12,7.367757079990156e-06,0.9999999999989786,4.100799560546875e-05
G12_1_FIXTURE_07,E3_vs_E4,0.01,5,1,5.573862984767754e-12,3.545864196041748e-06,0.9999999999991889,3.0994415283203125e-05
G12_1_FIXTURE_07,E3_vs_E4,0.01,6,1,5.799972392541951e-12,1.6890914622536002e-06,0.9999999999992655,2.8848648071289062e-05
G12_1_FIXTURE_07,E3_vs_E4,0.01,7,1,8.957901689078089e-12,1.0945107456805658e-05,0.9999999999989346,3.2901763916015625e-05
G12_1_FIXTURE_07,E3_vs_E4,0.01,8,1,7.1256844010578175e-12,1.707062638800494e-06,0.9999999999990641,3.5643577575683594e-05
G12_1_FIXTURE_07,E3_vs_E4,0.01,9,1,6.316657907108193e-12,1.801490752129098e-06,0.999999999999176,2.956390380859375e-05
G12_1_FIXTURE_07,E3_vs_E4,0.01,10,1,6.166178856220178e-12,4.270454130761436e-06,0.9999999999991297,3.147125244140625e-05
G12_1_FIXTURE_07,E3_vs_E4,0.01,11,1,6.02637247787659e-12,3.3839484583353396e-06,0.9999999999992516,3.147125244140625e-05
G12_1_FIXTURE_07,E3_vs_E4,0.01,12,1,6.498162931135181e-12,1.1787680449515392e-06,0.9999999999991138,4.0531158447265625e-05
G12_1_FIXTURE_07,E3_vs_E4,0.01,13,1,6.2368683896812685e-12,6.630335413149169e-06,0.999999999999142,3.796815872192383e-05
G12_1_FIXTURE_07,E3_vs_E4,0.01,14,1,7.809682742679467e-12,9.801463381364783e-06,0.9999999999992479,4.291534423828125e-05
G12_1_FIXTURE_07,E3_vs_E4,0.01,15,1,5.8536938385581365e-12,7.875240303434339e-06,0.9999999999990995,3.9577484130859375e-05
G12_1_FIXTURE_07,E3_vs_E4,0.01,16,1,6.222750026232434e-12,8.040329525726975e-06,0.9999999999992859,3.4332275390625e-05
G12_1_FIXTURE_07,E3_vs_E4,0.01,17,1,5.813973514246338e-12,1.475927735583582e-06,0.9999999999992524,3.147125244140625e-05
G12_1_FIXTURE_07,E3_vs_E4,0.01,18,1,5.006021706954009e-12,4.0204181850356235e-06,0.9999999999993916,3.147125244140625e-05
G12_1_FIXTURE_07,E3_vs_E4,0.01,19,1,5.2299807404092684e-12,2.057490151585739e-06,0.9999999999992503,2.8133392333984375e-05
G12_1_FIXTURE_07,E3_vs_E4,0.01,20,1,5.253135713442207e-12,4.457090341247749e-06,0.9999999999986647,2.6702880859375e-05
G12_1_FIXTURE_07,E3_vs_E4,0.01,21,1,9.245026321885294e-12,8.14649423475089e-07,0.9999999999990904,3.62396240234375e-05
G12_1_FIXTURE_07,E3_vs_E4,0.01,22,1,5.730796084372225e-12,3.3596113020450957e-06,0.9999999999991458,3.337860107421875e-05
G12_1_FIXTURE_07,E3_vs_E4,0.01,23,1,4.834527027922264e-12,7.149003012685284e-06,0.9999999999973038,2.4318695068359375e-05
G12_1_FIXTURE_07,E3_vs_E4,0.01,24,1,7.108374963091913e-12,8.748570280658896e-06,0.999999999999199,3.62396240234375e-05
G12_1_FIXTURE_07,E3_vs_E4,0.01,25,1,5.901822377901061e-12,1.5486995508240398e-06,0.9999999999992103,4.2438507080078125e-05
G12_1_FIXTURE_07,E3_vs_E4,0.01,26,1,4.842824840286961e-12,4.6319920521398217e-07,0.9999999999992689,3.0517578125e-05
G12_1_FIXTURE_07,E3_vs_E4,0.01,27,1,4.776891544069159e-12,5.906064284744161e-06,0.9999999999990655,3.147125244140625e-05
G12_1_FIXTURE_07,E3_vs_E4,0.01,28,1,5.206661310794483e-12,1.090362189870575e-06,0.9999999999984263,2.47955322265625e-05
G12_1_FIXTURE_07,E3_vs_E4,0.01,29,1,5.640269721930164e-12,3.2509826013438214e-06,0.9999999999989084,3.898143768310547e-05
G12_1_FIXTURE_07,E3_vs_E4,0.01,30,1,1.4145684979542694e-11,6.796417027388202e-06,0.9999999999985467,3.147125244140625e-05
G12_1_FIXTURE_07,E3_vs_E4,0.01,31,1,7.532019287000273e-12,7.820035886396681e-06,0.9999999999986335,3.147125244140625e-05
G12_1_FIXTURE_07,E3_vs_E4,0.01,32,1,8.409575606331913e-12,4.21329155031458e-06,0.9999999999992846,4.38690185546875e-05
G12_1_FIXTURE_07,E3_vs_E4,0.1,0,1,5.9964359461284824e-12,4.257609056423917e-06,0.999999999999184,3.2067298889160156e-05
G12_1_FIXTURE_07,E3_vs_E4,0.1,1,1,9.34704959377084e-12,6.602865539662162e-06,0.9999999999984835,3.337860107421875e-05
G12_1_FIXTURE_07,E3_vs_E4,0.1,2,1,7.749034399859416e-12,1.3617168814761271e-06,0.9999999999987124,4.38690185546875e-05
G12_1_FIXTURE_07,E3_vs_E4,0.1,3,1,1.5711031431780134e-11,1.3651491190813658e-05,0.9999999999988577,4.57763671875e-05
G12_1_FIXTURE_07,E3_vs_E4,0.1,4,1,5.700190078412493e-12,2.6430077308958744e-06,0.9999999999992473,2.86102294921875e-05
G12_1_FIXTURE_07,E3_vs_E4,0.1,5,1,5.362714878443604e-12,5.740708118651128e-06,0.9999999999991106,3.337860107421875e-05
G12_1_FIXTURE_07,E3_vs_E4,0.1,6,1,7.859537009505543e-12,3.799220042566276e-06,0.9999999999992231,3.62396240234375e-05
G12_1_FIXTURE_07,E3_vs_E4,0.1,7,1,1.4124824247022282e-11,4.060676346284708e-06,0.9999999999990037,3.0517578125e-05
G12_1_FIXTURE_07,E3_vs_E4,0.1,8,1,8.313542943122678e-12,1.2949402513839914e-05,0.9999999999991842,3.4332275390625e-05
G12_1_FIXTURE_07,E3_vs_E4,0.1,9,1,6.838054146959312e-12,1.7677293584483778e-07,0.9999999999990224,4.482269287109375e-05
G12_1_FIXTURE_07,E3_vs_E4,0.1,10,1,6.042379587522216e-12,6.711786291191402e-07,0.999999999999031,3.1948089599609375e-05
G12_1_FIXTURE_07,E3_vs_E4,0.1,11,1,5.650926006058587e-12,3.2545354855528785e-08,0.9999999999992552,3.4332275390625e-05
G12_1_FIXTURE_07,E3_vs_E4,0.1,12,1,6.645474583524878e-12,1.194903099133171e-06,0.9999999999989436,4.100799560546875e-05
G12_1_FIXTURE_07,E3_vs_E4,0.1,13,1,5.557051896379817e-12,3.4485074280610206e-06,0.9999999999992174,3.361701965332031e-05
G12_1_FIXTURE_07,E3_vs_E4,0.1,14,1,6.040978704384043e-12,1.8217986088586713e-06,0.9999999999992212,3.719329833984375e-05
G12_1_FIXTURE_07,E3_vs_E4,0.1,15,1,5.719903557804964e-12,1.667598642285384e-06,0.9999999999992163,3.337860107421875e-05
G12_1_FIXTURE_07,E3_vs_E4,0.1,16,1,5.0159506774940096e-12,4.739569344991423e-06,0.9999999999993766,3.6716461181640625e-05
G12_1_FIXTURE_07,E3_vs_E4,0.1,17,1,5.643945681841763e-12,4.507790222874064e-06,0.9999999999993471,2.765655517578125e-05
G12_1_FIXTURE_07,E3_vs_E4,0.1,18,1,5.036335426817881e-12,6.152477993737193e-07,0.9999999999992856,2.86102294921875e-05
G12_1_FIXTURE_07,E3_vs_E4,0.1,19,1,6.228369265737274e-12,1.502752038362587e-06,0.9999999999991941,2.956390380859375e-05
G12_1_FIXTURE_07,E3_vs_E4,0.1,20,1,4.900636482341458e-12,1.6101231228304869e-06,0.9999999999988533,3.147125244140625e-05
G12_1_FIXTURE_07,E3_vs_E4,0.1,21,1,7.840121508764991e-12,6.721860668079671e-07,0.9999999999990918,3.814697265625e-05
G12_1_FIXTURE_07,E3_vs_E4,0.1,22,1,4.262952789661501e-12,1.3125196396401861e-07,0.999999999999089,3.0040740966796875e-05
G12_1_FIXTURE_07,E3_vs_E4,0.1,23,1,3.111169115444117e-12,3.5439378365254015e-07,0.999999999998215,2.6732683181762695e-05
G12_1_FIXTURE_07,E3_vs_E4,0.1,24,1,6.548499889665357e-12,1.1895654186133697e-05,0.999999999999236,4.1961669921875e-05
G12_1_FIXTURE_07,E3_vs_E4,0.1,25,1,6.2969500407515995e-12,1.070410693060353e-05,0.99999999999927,4.38690185546875e-05
G12_1_FIXTURE_07,E3_vs_E4,0.1,26,1,5.761815763118068e-12,6.271608317121036e-06,0.9999999999991686,3.62396240234375e-05
G12_1_FIXTURE_07,E3_vs_E4,0.1,27,1,5.474289012989756e-12,3.666969980997692e-06,0.9999999999990631,2.956390380859375e-05
G12_1_FIXTURE_07,E3_vs_E4,0.1,28,1,5.936259863897738e-12,8.958688491489397e-06,0.9999999999985056,2.47955322265625e-05
G12_1_FIXTURE_07,E3_vs_E4,0.1,29,1,8.008557922363065e-12,2.7236973476618687e-06,0.9999999999988102,3.2901763916015625e-05
G12_1_FIXTURE_07,E3_vs_E4,0.1,30,1,8.688058792983778e-12,4.55596845938544e-06,0.9999999999987101,2.6702880859375e-05
G12_1_FIXTURE_07,E3_vs_E4,0.1,31,1,8.159555410088317e-12,4.617068146473002e-06,0.9999999999988999,3.3855438232421875e-05
G12_1_FIXTURE_07,E3_vs_E4,0.1,32,1,7.903926620905444e-12,9.917999379993603e-06,0.9999999999991204,4.38690185546875e-05
G12_1_FIXTURE_07,E3_vs_E4,97.8516893058,0,1,6.975778757452845e-12,1.0181357900762578e-05,0.9999999999991109,3.910064697265625e-05
G12_1_FIXTURE_07,E3_vs_E4,97.8516893058,1,1,1.9666179608309443e-11,9.338288187166199e-07,0.9999999999981719,2.86102294921875e-05
G12_1_FIXTURE_07,E3_vs_E4,97.8516893058,2,1,8.234632367889526e-12,1.4159000055968818e-05,0.9999999999987146,3.62396240234375e-05
G12_1_FIXTURE_07,E3_vs_E4,97.8516893058,3,1,9.561733060647851e-12,7.295780676486174e-06,0.999999999998919,3.8623809814453125e-05
G12_1_FIXTURE_07,E3_vs_E4,97.8516893058,4,1,6.260829382259981e-12,5.510581733148001e-06,0.9999999999990555,3.4332275390625e-05
G12_1_FIXTURE_07,E3_vs_E4,97.8516893058,5,1,6.499947933964129e-12,7.3797872541803144e-06,0.9999999999991995,3.814697265625e-05
G12_1_FIXTURE_07,E3_vs_E4,97.8516893058,6,1,7.0940834352382785e-12,3.807086274676408e-06,0.9999999999988497,3.457069396972656e-05
G12_1_FIXTURE_07,E3_vs_E4,97.8516893058,7,1,1.3969943069260948e-11,4.9525480587675474e-06,0.9999999999986714,4.100799560546875e-05
G12_1_FIXTURE_07,E3_vs_E4,97.8516893058,8,1,5.907913245489899e-12,1.443157220393232e-06,0.9999999999992225,3.2901763916015625e-05
G12_1_FIXTURE_07,E3_vs_E4,97.8516893058,9,1,5.330532311024866e-12,2.6884203965238385e-06,0.9999999999991314,3.4332275390625e-05
G12_1_FIXTURE_07,E3_vs_E4,97.8516893058,10,1,5.570301172671315e-12,3.6744135840649506e-06,0.999999999998729,3.4809112548828125e-05
G12_1_FIXTURE_07,E3_vs_E4,97.8516893058,11,1,5.887258021767438e-12,3.2737761053169834e-06,0.9999999999992556,3.4332275390625e-05
G12_1_FIXTURE_07,E3_vs_E4,97.8516893058,12,1,5.103566496775431e-12,1.8691754704036612e-06,0.9999999999992437,2.8133392333984375e-05
G12_1_FIXTURE_07,E3_vs_E4,97.8516893058,13,1,9.299433131286525e-12,4.0538515833077327e-07,0.9999999999992271,4.9591064453125e-05
G12_1_FIXTURE_07,E3_vs_E4,97.8516893058,14,1,5.542247242683443e-12,3.1491453320597884e-06,0.9999999999991713,2.86102294921875e-05
G12_1_FIXTURE_07,E3_vs_E4,97.8516893058,15,1,6.215879451087759e-12,7.1449385661281894e-06,0.9999999999990152,4.100799560546875e-05
G12_1_FIXTURE_07,E3_vs_E4,97.8516893058,16,1,6.366055162237574e-12,5.471252162436713e-07,0.9999999999991935,3.361701965332031e-05
G12_1_FIXTURE_07,E3_vs_E4,97.8516893058,17,1,6.605420533982421e-12,5.506384157527577e-06,0.9999999999990913,3.337860107421875e-05
G12_1_FIXTURE_07,E3_vs_E4,97.8516893058,18,1,7.421712503971593e-12,2.51466876299844e-06,0.9999999999991257,4.76837158203125e-05
G12_1_FIXTURE_07,E3_vs_E4,97.8516893058,19,1,6.997090826135614e-12,3.7875605016779446e-06,0.9999999999988094,4.38690185546875e-05
G12_1_FIXTURE_07,E3_vs_E4,97.8516893058,20,1,4.904408370295223e-12,5.613786617786332e-06,0.9999999999985235,2.86102294921875e-05
G12_1_FIXTURE_07,E3_vs_E4,97.8516893058,21,1,5.1602010842688354e-12,6.25037239032622e-06,0.9999999999991867,4.00543212890625e-05
G12_1_FIXTURE_07,E3_vs_E4,97.8516893058,22,1,7.805872070380758e-12,3.4496058081145975e-06,0.9999999999991417,2.765655517578125e-05
G12_1_FIXTURE_07,E3_vs_E4,97.8516893058,23,1,4.714688461339095e-12,5.01239449945956e-07,0.9999999999976137,2.47955322265625e-05
G12_1_FIXTURE_07,E3_vs_E4,97.8516893058,24,1,4.953140010275234e-12,2.1945048125360245e-06,0.9999999999992366,4.00543212890625e-05
G12_1_FIXTURE_07,E3_vs_E4,97.8516893058,25,1,6.776388602069416e-12,3.4689224222006487e-06,0.999999999998944,3.9577484130859375e-05
G12_1_FIXTURE_07,E3_vs_E4,97.8516893058,26,1,6.898776497187054e-12,4.539815279258619e-06,0.9999999999991641,4.1961669921875e-05
G12_1_FIXTURE_07,E3_vs_E4,97.8516893058,27,1,4.914050789794308e-12,8.35916759278632e-06,0.9999999999991673,2.86102294921875e-05
G12_1_FIXTURE_07,E3_vs_E4,97.8516893058,28,1,4.9282652769639825e-12,1.7151067961407307e-06,0.999999999997257,2.3126602172851562e-05
G12_1_FIXTURE_07,E3_vs_E4,97.8516893058,29,1,8.059682440322076e-12,3.152964721309104e-06,0.9999999999987431,3.24249267578125e-05
G12_1_FIXTURE_07,E3_vs_E4,97.8516893058,30,1,1.0682403504040212e-11,6.321038458878547e-06,0.9999999999974616,2.956390380859375e-05
G12_1_FIXTURE_07,E3_vs_E4,97.8516893058,31,1,7.52966714561007e-12,8.419001460424624e-07,0.9999999999985588,2.7179718017578125e-05
G12_1_FIXTURE_07,E3_vs_E4,97.8516893058,32,1,5.280844018617357e-12,5.581213706307153e-06,0.9999999999990569,2.86102294921875e-05
G12_1_FIXTURE_07,E0_vs_E3,97.8516893058,0,1,3.454102843360102e-05,0.010977388701688184,0.9999855356315184,0.07799720764160156
G12_1_FIXTURE_07,E0_vs_E3,97.8516893058,1,1,6.348697331898932e-05,0.010033421248543561,0.9999825074028315,0.08476734161376953
G12_1_FIXTURE_07,E0_vs_E3,97.8516893058,2,1,5.449867350715439e-05,0.004467210494208729,0.9999897750147676,0.11370086669921875
G12_1_FIXTURE_07,E0_vs_E3,97.8516893058,3,1,8.632410957458122e-05,0.008720562089209238,0.9999835224010852,0.0914449691772461
G12_1_FIXTURE_07,E0_vs_E3,97.8516893058,4,1,4.1732591856356364e-05,0.01194384222320899,0.9999835078425274,0.08084774017333984
G12_1_FIXTURE_07,E0_vs_E3,97.8516893058,5,1,3.742652005880371e-05,0.011495161837682843,0.9999918012006315,0.08579254150390625
G12_1_FIXTURE_07,E0_vs_E3,97.8516893058,6,1,3.613703040466533e-05,0.015966984010859164,0.9999917174958732,0.0796499252319336
G12_1_FIXTURE_07,E0_vs_E3,97.8516893058,7,1,0.00011524804760780786,0.016856706030850432,0.9999831329392501,0.09072589874267578
G12_1_FIXTURE_07,E0_vs_E3,97.8516893058,8,1,4.80821826501952e-05,0.030470235672904522,0.9999920473872256,0.09583568572998047
G12_1_FIXTURE_07,E0_vs_E3,97.8516893058,9,1,4.535008651763167e-05,0.05231707216863768,0.9999873555020558,0.08215904235839844
G12_1_FIXTURE_07,E0_vs_E3,97.8516893058,10,1,5.325550393800731e-05,0.00017385836590833037,0.9999913424005972,0.10793876647949219
G12_1_FIXTURE_07,E0_vs_E3,97.8516893058,11,1,4.4926575934488004e-05,0.0056279540951322815,0.9999923707540728,0.11141395568847656
G12_1_FIXTURE_07,E0_vs_E3,97.8516893058,12,1,3.1836916563648605e-05,0.023949043194608777,0.9999910855681747,0.08374214172363281
G12_1_FIXTURE_07,E0_vs_E3,97.8516893058,13,1,3.5590923028997524e-05,0.008546122591235772,0.9999933947856262,0.07892990112304688
G12_1_FIXTURE_07,E0_vs_E3,97.8516893058,14,1,3.9948935672318153e-05,0.007224755816569228,0.999991303231761,0.10191726684570312
G12_1_FIXTURE_07,E0_vs_E3,97.8516893058,15,1,3.1872543562468726e-05,0.026750660021729544,0.9999918215842727,0.09790325164794922
G12_1_FIXTURE_07,E0_vs_E3,97.8516893058,16,1,2.6705686752848243e-05,0.005772547692229679,0.9999944972481776,0.05782127380371094
G12_1_FIXTURE_07,E0_vs_E3,97.8516893058,17,1,4.429153217708456e-05,0.02573373709054927,0.9999864504477516,0.08665037155151367
G12_1_FIXTURE_07,E0_vs_E3,97.8516893058,18,1,3.3843316207422044e-05,0.010110434724822426,0.9999932609270019,0.07266712188720703
G12_1_FIXTURE_07,E0_vs_E3,97.8516893058,19,1,4.216461654757566e-05,0.016129589102366282,0.99999016410166,0.11846923828125
G12_1_FIXTURE_07,E0_vs_E3,97.8516893058,20,1,3.6105763758811655e-05,0.0038789495298487964,0.9999861334831346,0.08224010467529297
G12_1_FIXTURE_07,E0_vs_E3,97.8516893058,21,1,3.650702598885071e-05,0.018958628870764827,0.9999883690448974,0.07696056365966797
G12_1_FIXTURE_07,E0_vs_E3,97.8516893058,22,1,4.765955166648468e-05,0.002681516313522536,0.9999885911621955,0.08115005493164062
G12_1_FIXTURE_07,E0_vs_E3,97.8516893058,23,1,4.217306337338245e-05,0.005305693268040201,0.9999369553547045,0.08188927173614502
G12_1_FIXTURE_07,E0_vs_E3,97.8516893058,24,1,3.821258827160393e-05,0.00824178504562667,0.9999919496017599,0.08726882934570312
G12_1_FIXTURE_07,E0_vs_E3,97.8516893058,25,1,3.0005614716264214e-05,0.015424761178985946,0.9999941269517822,0.08927297592163086
G12_1_FIXTURE_07,E0_vs_E3,97.8516893058,26,1,2.56350130572491e-05,0.022468002762803252,0.9999952163591632,0.07961654663085938
G12_1_FIXTURE_07,E0_vs_E3,97.8516893058,27,1,4.630818302573628e-05,0.04841414475597716,0.9999825529332498,0.11271095275878906
G12_1_FIXTURE_07,E0_vs_E3,97.8516893058,28,1,3.620709250924057e-05,0.008198579020989527,0.9999834983899204,0.07037067413330078
G12_1_FIXTURE_07,E0_vs_E3,97.8516893058,29,1,3.451636320610788e-05,0.010652542589053127,0.9999875302305129,0.07789206504821777
G12_1_FIXTURE_07,E0_vs_E3,97.8516893058,30,1,8.741296276098555e-05,0.03189937246014196,0.9999784382742412,0.09598588943481445
G12_1_FIXTURE_07,E0_vs_E3,97.8516893058,31,1,5.472032543687956e-05,0.03564937420666148,0.9999688434538304,0.13988971710205078
G12_1_FIXTURE_07,E0_vs_E3,97.8516893058,32,1,3.0577760137134974e-05,0.0067839532775764155,0.9999926237544446,0.060945987701416016
G12_1_FIXTURE_08,E3_vs_E4,NO_HOOK,0,1,1.5297467839069892e-11,1.8408048596540993e-07,0.9999999999981188,5.91278076171875e-05
G12_1_FIXTURE_08,E3_vs_E4,NO_HOOK,1,1,2.171453911869394e-11,1.1526420827578931e-05,0.9999999999991641,4.57763671875e-05
G12_1_FIXTURE_08,E3_vs_E4,NO_HOOK,2,1,5.838357191872312e-11,2.526392759394369e-05,0.9999999999989598,4.76837158203125e-05
G12_1_FIXTURE_08,E3_vs_E4,NO_HOOK,3,1,2.2860983643289177e-12,6.586762742871732e-07,0.9999999999990788,3.9577484130859375e-05
G12_1_FIXTURE_08,E3_vs_E4,NO_HOOK,4,1,3.72363499874209e-13,1.1723580094734343e-07,0.9999999999987237,3.814697265625e-05
G12_1_FIXTURE_08,E3_vs_E4,NO_HOOK,5,1,6.208577824578687e-13,1.6180434599111226e-07,0.9999999999990755,4.57763671875e-05
G12_1_FIXTURE_08,E3_vs_E4,NO_HOOK,6,1,2.000003889908434e-12,3.194503144033148e-07,0.9999999999990707,4.00543212890625e-05
G12_1_FIXTURE_08,E3_vs_E4,NO_HOOK,7,1,1.9385902384830164e-13,5.801933248856389e-08,0.9999999999988592,4.38690185546875e-05
G12_1_FIXTURE_08,E3_vs_E4,NO_HOOK,8,1,3.105850539098341e-13,5.089014466688052e-08,0.9999999999975511,4.1961669921875e-05
G12_1_FIXTURE_08,E3_vs_E4,NO_HOOK,9,1,8.525104767110795e-13,1.647874906069921e-07,0.9999999999989384,3.62396240234375e-05
G12_1_FIXTURE_08,E3_vs_E4,NO_HOOK,10,1,9.088734103621455e-13,1.581887689003532e-07,0.9999999999989846,5.53131103515625e-05
G12_1_FIXTURE_08,E3_vs_E4,NO_HOOK,11,1,9.723745856008972e-14,3.340902419339889e-08,0.9999999999986026,3.719329833984375e-05
G12_1_FIXTURE_08,E3_vs_E4,NO_HOOK,12,1,7.822047835502752e-14,1.4895018699782187e-08,0.9999999999989841,4.00543212890625e-05
G12_1_FIXTURE_08,E3_vs_E4,NO_HOOK,13,1,4.848634646953377e-13,1.1078193531098568e-07,0.9999999999988215,3.910064697265625e-05
G12_1_FIXTURE_08,E3_vs_E4,NO_HOOK,14,1,3.9507168731514817e-13,9.059165044034492e-08,0.9999999999991851,4.00543212890625e-05
G12_1_FIXTURE_08,E3_vs_E4,NO_HOOK,15,1,9.250305998977504e-14,2.7968288395744528e-08,0.999999999999039,4.57763671875e-05
G12_1_FIXTURE_08,E3_vs_E4,NO_HOOK,16,1,3.1489487306454526e-13,6.921399967616329e-08,0.9999999999990472,3.528594970703125e-05
G12_1_FIXTURE_08,E3_vs_E4,NO_HOOK,17,1,3.11196856297954e-13,6.23773519954629e-08,0.999999999999055,4.9591064453125e-05
G12_1_FIXTURE_08,E3_vs_E4,NO_HOOK,18,1,5.919239405529532e-14,1.1650444944714955e-09,0.9999999999991575,4.482269287109375e-05
G12_1_FIXTURE_08,E3_vs_E4,NO_HOOK,19,1,2.595161727292829e-13,9.515249964689443e-09,0.9999999999990048,5.340576171875e-05
G12_1_FIXTURE_08,E3_vs_E4,NO_HOOK,20,1,1.9518836358728768e-13,2.277906296184115e-08,0.9999999999991543,4.9591064453125e-05
G12_1_FIXTURE_08,E3_vs_E4,NO_HOOK,21,1,3.325241244728689e-13,5.8252667215321144e-08,0.999999999999074,3.62396240234375e-05
G12_1_FIXTURE_08,E3_vs_E4,NO_HOOK,22,1,2.9605944889579137e-13,6.49912355735801e-08,0.999999999999111,4.100799560546875e-05
G12_1_FIXTURE_08,E3_vs_E4,NO_HOOK,23,1,1.455072108457194e-13,3.3313004566253718e-09,0.9999999999990167,5.91278076171875e-05
G12_1_FIXTURE_08,E3_vs_E4,NO_HOOK,24,1,2.972681377709002e-13,5.440434921837045e-08,0.9999999999989573,4.100799560546875e-05
G12_1_FIXTURE_08,E3_vs_E4,NO_HOOK,25,1,2.9024699968593005e-13,6.202548187344767e-08,0.999999999999047,4.1961669921875e-05
G12_1_FIXTURE_08,E3_vs_E4,NO_HOOK,26,1,9.593390396672157e-13,1.1731565888574783e-07,0.9999999999991621,5.53131103515625e-05
G12_1_FIXTURE_08,E3_vs_E4,NO_HOOK,27,1,6.657946332547334e-14,1.8371733864026504e-08,0.9999999999991073,3.719329833984375e-05
G12_1_FIXTURE_08,E3_vs_E4,NO_HOOK,28,1,5.669354176755695e-13,8.504137053648268e-08,0.9999999999991882,4.9591064453125e-05
G12_1_FIXTURE_08,E3_vs_E4,NO_HOOK,29,1,3.1619035266932303e-14,6.757788460765024e-10,0.9999999999990411,3.814697265625e-05
G12_1_FIXTURE_08,E3_vs_E4,NO_HOOK,30,1,6.13619482232972e-14,1.6049522499417615e-08,0.9999999999991902,3.62396240234375e-05
G12_1_FIXTURE_08,E3_vs_E4,NO_HOOK,31,1,5.4555981092391826e-14,8.668068586905123e-09,0.999999999999155,3.62396240234375e-05
G12_1_FIXTURE_08,E3_vs_E4,NO_HOOK,32,1,4.829329862944844e-14,1.010939391812675e-08,0.9999999999990868,4.1961669921875e-05
G12_1_FIXTURE_08,E3_vs_E4,NO_HOOK,33,1,1.3749738262599725e-13,2.1099253292005543e-08,0.9999999999991935,4.57763671875e-05
G12_1_FIXTURE_08,E3_vs_E4,NO_HOOK,34,1,1.0910031304695277e-13,2.3478056197312816e-08,0.9999999999991867,4.38690185546875e-05
G12_1_FIXTURE_08,E3_vs_E4,NO_HOOK,35,1,1.0539356900915195e-13,1.9029540686060428e-08,0.9999999999991339,4.9591064453125e-05
G12_1_FIXTURE_08,E3_vs_E4,NO_HOOK,36,1,4.038419226893747e-13,6.164166560778533e-08,0.9999999999991094,4.76837158203125e-05
G12_1_FIXTURE_08,E3_vs_E4,NO_HOOK,37,1,4.819947500300281e-13,6.682418346513723e-08,0.9999999999991176,5.7220458984375e-05
G12_1_FIXTURE_08,E3_vs_E4,NO_HOOK,38,1,1.0635936132043883e-13,1.8047068239780348e-08,0.999999999999147,5.53131103515625e-05
G12_1_FIXTURE_08,E3_vs_E4,NO_HOOK,39,1,2.8292430998084794e-14,1.4441217872137452e-09,0.9999999999990749,3.814697265625e-05
G12_1_FIXTURE_08,E3_vs_E4,NO_HOOK,40,1,3.530458079769142e-14,1.9989788314217494e-09,0.999999999999066,4.00543212890625e-05
G12_1_FIXTURE_08,E3_vs_E4,NO_HOOK,41,1,6.03163910187179e-14,1.5378070327125987e-08,0.9999999999991218,3.719329833984375e-05
G12_1_FIXTURE_08,E3_vs_E4,NO_HOOK,42,1,3.1572323746189036e-13,4.491397062470273e-08,0.9999999999991145,3.910064697265625e-05
G12_1_FIXTURE_08,E3_vs_E4,NO_HOOK,43,1,1.0212532430555261e-13,2.5011148695099766e-08,0.9999999999991489,3.719329833984375e-05
G12_1_FIXTURE_08,E3_vs_E4,NO_HOOK,44,1,1.4718692256049387e-13,2.7585376711613402e-08,0.9999999999991401,3.814697265625e-05
G12_1_FIXTURE_08,E3_vs_E4,NO_HOOK,45,1,1.354651330486136e-13,6.900575164016029e-09,0.9999999999991294,4.57763671875e-05
G12_1_FIXTURE_08,E3_vs_E4,NO_HOOK,46,1,5.3098134652267144e-14,1.4026141912748362e-08,0.999999999999097,3.814697265625e-05
G12_1_FIXTURE_08,E3_vs_E4,NO_HOOK,47,1,2.873582776677228e-14,1.5059429787174158e-09,0.9999999999991603,4.1961669921875e-05
G12_1_FIXTURE_08,E3_vs_E4,NO_HOOK,48,1,6.62339812719234e-14,1.5116296310708523e-08,0.9999999999988708,4.76837158203125e-05
G12_1_FIXTURE_08,E3_vs_E4,NO_HOOK,49,1,5.177171630168864e-14,1.4141294915224686e-08,0.999999999998884,3.814697265625e-05
G12_1_FIXTURE_08,E3_vs_E4,NO_HOOK,50,1,5.770915509542134e-14,1.5606838093466628e-08,0.9999999999990927,3.814697265625e-05
G12_1_FIXTURE_08,E3_vs_E4,NO_HOOK,51,1,5.700731247252537e-14,1.837043530098989e-09,0.9999999999991204,4.38690185546875e-05
G12_1_FIXTURE_08,E3_vs_E4,NO_HOOK,52,1,1.995074042548393e-14,2.2793201174143435e-09,0.9999999999991578,4.100799560546875e-05
G12_1_FIXTURE_08,E3_vs_E4,NO_HOOK,53,1,7.554413174508301e-14,1.527533153927122e-08,0.9999999999991216,4.38690185546875e-05
G12_1_FIXTURE_08,E3_vs_E4,NO_HOOK,54,1,5.054312564229776e-14,1.0259521656275777e-08,0.9999999999991248,4.1961669921875e-05
G12_1_FIXTURE_08,E3_vs_E4,NO_HOOK,55,1,3.2117392391476183e-14,3.05706038868786e-09,0.9999999999990187,4.38690185546875e-05
G12_1_FIXTURE_08,E3_vs_E4,NO_HOOK,56,1,6.957550484678404e-14,4.127418501810934e-09,0.9999999999991207,4.38690185546875e-05
G12_1_FIXTURE_08,E3_vs_E4,NO_HOOK,57,1,4.209818257436458e-14,4.8957578920776415e-09,0.999999999999045,3.910064697265625e-05
G12_1_FIXTURE_08,E3_vs_E4,NO_HOOK,58,1,3.763809722171756e-14,1.1854315654742306e-08,0.9999999999989145,3.719329833984375e-05
G12_1_FIXTURE_08,E3_vs_E4,NO_HOOK,59,1,1.7631509156498262e-14,1.3852622160253833e-09,0.9999999999991425,4.1961669921875e-05
G12_1_FIXTURE_08,E3_vs_E4,NO_HOOK,60,1,1.3592279272473739e-14,3.557838559788834e-09,0.9999999999990842,3.528594970703125e-05
G12_1_FIXTURE_08,E3_vs_E4,NO_HOOK,61,1,2.1332782313079418e-13,2.935036180241879e-08,0.9999999999987338,5.340576171875e-05
G12_1_FIXTURE_08,E3_vs_E4,NO_HOOK,62,1,1.4923985305298772e-14,3.6489483065975034e-09,0.9999999999981055,4.00543212890625e-05
G12_1_FIXTURE_08,E3_vs_E4,NO_HOOK,63,1,6.945627124314908e-14,6.27904513767711e-09,0.999999999998967,6.4849853515625e-05
G12_1_FIXTURE_08,E3_vs_E4,NO_HOOK,64,1,2.5767271036472655e-14,1.6798948781371337e-05,0.9999999999991251,3.719329833984375e-05
G12_1_FIXTURE_08,E3_vs_E4,0,0,1,1.5297467839069892e-11,1.8408048596540993e-07,0.9999999999981188,5.91278076171875e-05
G12_1_FIXTURE_08,E3_vs_E4,0,1,1,2.171453911869394e-11,1.1526420827578931e-05,0.9999999999991641,4.57763671875e-05
G12_1_FIXTURE_08,E3_vs_E4,0,2,1,5.838357191872312e-11,2.526392759394369e-05,0.9999999999989598,4.76837158203125e-05
G12_1_FIXTURE_08,E3_vs_E4,0,3,1,2.2860983643289177e-12,6.586762742871732e-07,0.9999999999990788,3.9577484130859375e-05
G12_1_FIXTURE_08,E3_vs_E4,0,4,1,3.72363499874209e-13,1.1723580094734343e-07,0.9999999999987237,3.814697265625e-05
G12_1_FIXTURE_08,E3_vs_E4,0,5,1,6.208577824578687e-13,1.6180434599111226e-07,0.9999999999990755,4.57763671875e-05
G12_1_FIXTURE_08,E3_vs_E4,0,6,1,2.000003889908434e-12,3.194503144033148e-07,0.9999999999990707,4.00543212890625e-05
G12_1_FIXTURE_08,E3_vs_E4,0,7,1,1.9385902384830164e-13,5.801933248856389e-08,0.9999999999988592,4.38690185546875e-05
G12_1_FIXTURE_08,E3_vs_E4,0,8,1,3.105850539098341e-13,5.089014466688052e-08,0.9999999999975511,4.1961669921875e-05
G12_1_FIXTURE_08,E3_vs_E4,0,9,1,8.525104767110795e-13,1.647874906069921e-07,0.9999999999989384,3.62396240234375e-05
G12_1_FIXTURE_08,E3_vs_E4,0,10,1,9.088734103621455e-13,1.581887689003532e-07,0.9999999999989846,5.53131103515625e-05
G12_1_FIXTURE_08,E3_vs_E4,0,11,1,9.723745856008972e-14,3.340902419339889e-08,0.9999999999986026,3.719329833984375e-05
G12_1_FIXTURE_08,E3_vs_E4,0,12,1,7.822047835502752e-14,1.4895018699782187e-08,0.9999999999989841,4.00543212890625e-05
G12_1_FIXTURE_08,E3_vs_E4,0,13,1,4.848634646953377e-13,1.1078193531098568e-07,0.9999999999988215,3.910064697265625e-05
G12_1_FIXTURE_08,E3_vs_E4,0,14,1,3.9507168731514817e-13,9.059165044034492e-08,0.9999999999991851,4.00543212890625e-05
G12_1_FIXTURE_08,E3_vs_E4,0,15,1,9.250305998977504e-14,2.7968288395744528e-08,0.999999999999039,4.57763671875e-05
G12_1_FIXTURE_08,E3_vs_E4,0,16,1,3.1489487306454526e-13,6.921399967616329e-08,0.9999999999990472,3.528594970703125e-05
G12_1_FIXTURE_08,E3_vs_E4,0,17,1,3.11196856297954e-13,6.23773519954629e-08,0.999999999999055,4.9591064453125e-05
G12_1_FIXTURE_08,E3_vs_E4,0,18,1,5.919239405529532e-14,1.1650444944714955e-09,0.9999999999991575,4.482269287109375e-05
G12_1_FIXTURE_08,E3_vs_E4,0,19,1,2.595161727292829e-13,9.515249964689443e-09,0.9999999999990048,5.340576171875e-05
G12_1_FIXTURE_08,E3_vs_E4,0,20,1,1.9518836358728768e-13,2.277906296184115e-08,0.9999999999991543,4.9591064453125e-05
G12_1_FIXTURE_08,E3_vs_E4,0,21,1,3.325241244728689e-13,5.8252667215321144e-08,0.999999999999074,3.62396240234375e-05
G12_1_FIXTURE_08,E3_vs_E4,0,22,1,2.9605944889579137e-13,6.49912355735801e-08,0.999999999999111,4.100799560546875e-05
G12_1_FIXTURE_08,E3_vs_E4,0,23,1,1.455072108457194e-13,3.3313004566253718e-09,0.9999999999990167,5.91278076171875e-05
G12_1_FIXTURE_08,E3_vs_E4,0,24,1,2.972681377709002e-13,5.440434921837045e-08,0.9999999999989573,4.100799560546875e-05
G12_1_FIXTURE_08,E3_vs_E4,0,25,1,2.9024699968593005e-13,6.202548187344767e-08,0.999999999999047,4.1961669921875e-05
G12_1_FIXTURE_08,E3_vs_E4,0,26,1,9.593390396672157e-13,1.1731565888574783e-07,0.9999999999991621,5.53131103515625e-05
G12_1_FIXTURE_08,E3_vs_E4,0,27,1,6.657946332547334e-14,1.8371733864026504e-08,0.9999999999991073,3.719329833984375e-05
G12_1_FIXTURE_08,E3_vs_E4,0,28,1,5.669354176755695e-13,8.504137053648268e-08,0.9999999999991882,4.9591064453125e-05
G12_1_FIXTURE_08,E3_vs_E4,0,29,1,3.1619035266932303e-14,6.757788460765024e-10,0.9999999999990411,3.814697265625e-05
G12_1_FIXTURE_08,E3_vs_E4,0,30,1,6.13619482232972e-14,1.6049522499417615e-08,0.9999999999991902,3.62396240234375e-05
G12_1_FIXTURE_08,E3_vs_E4,0,31,1,5.4555981092391826e-14,8.668068586905123e-09,0.999999999999155,3.62396240234375e-05
G12_1_FIXTURE_08,E3_vs_E4,0,32,1,4.829329862944844e-14,1.010939391812675e-08,0.9999999999990868,4.1961669921875e-05
G12_1_FIXTURE_08,E3_vs_E4,0,33,1,1.3749738262599725e-13,2.1099253292005543e-08,0.9999999999991935,4.57763671875e-05
G12_1_FIXTURE_08,E3_vs_E4,0,34,1,1.0910031304695277e-13,2.3478056197312816e-08,0.9999999999991867,4.38690185546875e-05
G12_1_FIXTURE_08,E3_vs_E4,0,35,1,1.0539356900915195e-13,1.9029540686060428e-08,0.9999999999991339,4.9591064453125e-05
G12_1_FIXTURE_08,E3_vs_E4,0,36,1,4.038419226893747e-13,6.164166560778533e-08,0.9999999999991094,4.76837158203125e-05
G12_1_FIXTURE_08,E3_vs_E4,0,37,1,4.819947500300281e-13,6.682418346513723e-08,0.9999999999991176,5.7220458984375e-05
G12_1_FIXTURE_08,E3_vs_E4,0,38,1,1.0635936132043883e-13,1.8047068239780348e-08,0.999999999999147,5.53131103515625e-05
G12_1_FIXTURE_08,E3_vs_E4,0,39,1,2.8292430998084794e-14,1.4441217872137452e-09,0.9999999999990749,3.814697265625e-05
G12_1_FIXTURE_08,E3_vs_E4,0,40,1,3.530458079769142e-14,1.9989788314217494e-09,0.999999999999066,4.00543212890625e-05
G12_1_FIXTURE_08,E3_vs_E4,0,41,1,6.03163910187179e-14,1.5378070327125987e-08,0.9999999999991218,3.719329833984375e-05
G12_1_FIXTURE_08,E3_vs_E4,0,42,1,3.1572323746189036e-13,4.491397062470273e-08,0.9999999999991145,3.910064697265625e-05
G12_1_FIXTURE_08,E3_vs_E4,0,43,1,1.0212532430555261e-13,2.5011148695099766e-08,0.9999999999991489,3.719329833984375e-05
G12_1_FIXTURE_08,E3_vs_E4,0,44,1,1.4718692256049387e-13,2.7585376711613402e-08,0.9999999999991401,3.814697265625e-05
G12_1_FIXTURE_08,E3_vs_E4,0,45,1,1.354651330486136e-13,6.900575164016029e-09,0.9999999999991294,4.57763671875e-05
G12_1_FIXTURE_08,E3_vs_E4,0,46,1,5.3098134652267144e-14,1.4026141912748362e-08,0.999999999999097,3.814697265625e-05
G12_1_FIXTURE_08,E3_vs_E4,0,47,1,2.873582776677228e-14,1.5059429787174158e-09,0.9999999999991603,4.1961669921875e-05
G12_1_FIXTURE_08,E3_vs_E4,0,48,1,6.62339812719234e-14,1.5116296310708523e-08,0.9999999999988708,4.76837158203125e-05
G12_1_FIXTURE_08,E3_vs_E4,0,49,1,5.177171630168864e-14,1.4141294915224686e-08,0.999999999998884,3.814697265625e-05
G12_1_FIXTURE_08,E3_vs_E4,0,50,1,5.770915509542134e-14,1.5606838093466628e-08,0.9999999999990927,3.814697265625e-05
G12_1_FIXTURE_08,E3_vs_E4,0,51,1,5.700731247252537e-14,1.837043530098989e-09,0.9999999999991204,4.38690185546875e-05
G12_1_FIXTURE_08,E3_vs_E4,0,52,1,1.995074042548393e-14,2.2793201174143435e-09,0.9999999999991578,4.100799560546875e-05
G12_1_FIXTURE_08,E3_vs_E4,0,53,1,7.554413174508301e-14,1.527533153927122e-08,0.9999999999991216,4.38690185546875e-05
G12_1_FIXTURE_08,E3_vs_E4,0,54,1,5.054312564229776e-14,1.0259521656275777e-08,0.9999999999991248,4.1961669921875e-05
G12_1_FIXTURE_08,E3_vs_E4,0,55,1,3.2117392391476183e-14,3.05706038868786e-09,0.9999999999990187,4.38690185546875e-05
G12_1_FIXTURE_08,E3_vs_E4,0,56,1,6.957550484678404e-14,4.127418501810934e-09,0.9999999999991207,4.38690185546875e-05
G12_1_FIXTURE_08,E3_vs_E4,0,57,1,4.209818257436458e-14,4.8957578920776415e-09,0.999999999999045,3.910064697265625e-05
G12_1_FIXTURE_08,E3_vs_E4,0,58,1,3.763809722171756e-14,1.1854315654742306e-08,0.9999999999989145,3.719329833984375e-05
G12_1_FIXTURE_08,E3_vs_E4,0,59,1,1.7631509156498262e-14,1.3852622160253833e-09,0.9999999999991425,4.1961669921875e-05
G12_1_FIXTURE_08,E3_vs_E4,0,60,1,1.3592279272473739e-14,3.557838559788834e-09,0.9999999999990842,3.528594970703125e-05
G12_1_FIXTURE_08,E3_vs_E4,0,61,1,2.1332782313079418e-13,2.935036180241879e-08,0.9999999999987338,5.340576171875e-05
G12_1_FIXTURE_08,E3_vs_E4,0,62,1,1.4923985305298772e-14,3.6489483065975034e-09,0.9999999999981055,4.00543212890625e-05
G12_1_FIXTURE_08,E3_vs_E4,0,63,1,6.945627124314908e-14,6.27904513767711e-09,0.999999999998967,6.4849853515625e-05
G12_1_FIXTURE_08,E3_vs_E4,0,64,1,2.5767271036472655e-14,1.6798948781371337e-05,0.9999999999991251,3.719329833984375e-05
G12_1_FIXTURE_08,E0_vs_E3,0,0,1,0.0035737167834719048,0.052493974051300185,0.9999418339742634,0.7839336395263672
G12_1_FIXTURE_08,E0_vs_E3,0,1,1,0.00022749902718265162,0.2449616258687417,0.9999409018390125,0.3424863815307617
G12_1_FIXTURE_08,E0_vs_E3,0,2,1,0.000602133637759787,0.14219115778254698,0.9999376390968387,0.2934150695800781
G12_1_FIXTURE_08,E0_vs_E3,0,3,1,2.6341160541947138e-05,0.0017041883506267175,0.9998412530894698,0.22864532470703125
G12_1_FIXTURE_08,E0_vs_E3,0,4,1,2.391225987241521e-05,0.0014358529576649279,0.9998896762994082,0.18175411224365234
G12_1_FIXTURE_08,E0_vs_E3,0,5,1,1.0787126428664823e-05,0.0007325346961495746,0.999914013452315,0.18929815292358398
G12_1_FIXTURE_08,E0_vs_E3,0,6,1,7.082393858366959e-06,0.0005680153073863436,0.9999030939411747,0.1757650375366211
G12_1_FIXTURE_08,E0_vs_E3,0,7,1,2.799282157456455e-06,0.00026713792090205836,0.9998787513191488,0.2178192138671875
G12_1_FIXTURE_08,E0_vs_E3,0,8,1,8.276731215684522e-07,0.00010541571559945315,0.9998693136641102,0.2283473014831543
G12_1_FIXTURE_08,E0_vs_E3,0,9,1,5.999803108194084e-07,4.2858860203932175e-05,0.9999295062816503,0.16526126861572266
G12_1_FIXTURE_08,E0_vs_E3,0,10,1,1.2734727021707543e-06,0.00011425470747624756,0.9999219634814598,0.1766343116760254
G12_1_FIXTURE_08,E0_vs_E3,0,11,1,7.048306236204972e-07,7.178799170576159e-05,0.999953647937753,0.13513195514678955
G12_1_FIXTURE_08,E0_vs_E3,0,12,1,4.240585930130707e-07,3.7722510370298556e-05,0.9999536255966534,0.13524580001831055
G12_1_FIXTURE_08,E0_vs_E3,0,13,1,2.2728910908442483e-06,0.00022087719134960757,0.9999541580908257,0.14613676071166992
G12_1_FIXTURE_08,E0_vs_E3,0,14,1,1.273541342068458e-06,0.00015136369122771207,0.999944565484586,0.1495676040649414
G12_1_FIXTURE_08,E0_vs_E3,0,15,1,4.219155274533745e-06,0.00029117499416957343,0.9999513588512082,0.16041946411132812
G12_1_FIXTURE_08,E0_vs_E3,0,16,1,3.221985727596514e-07,1.7597275830886182e-05,0.9999252242049095,0.19497394561767578
G12_1_FIXTURE_08,E0_vs_E3,0,17,1,2.7629459541171496e-07,7.250187618277129e-06,0.9999592247478922,0.1399402618408203
G12_1_FIXTURE_08,E0_vs_E3,0,18,1,1.8252954479536289e-06,0.0001627783769901415,0.9999526837882993,0.15844345092773438
G12_1_FIXTURE_08,E0_vs_E3,0,19,1,3.7680597462198074e-07,5.104298022220316e-05,0.9999349627500068,0.2018446922302246
G12_1_FIXTURE_08,E0_vs_E3,0,20,1,2.0300390826219036e-07,1.7043576839279474e-05,0.999918908987019,0.16261768341064453
G12_1_FIXTURE_08,E0_vs_E3,0,21,1,3.9144253169629283e-07,5.0390579123628376e-05,0.9999591394683723,0.15976524353027344
G12_1_FIXTURE_08,E0_vs_E3,0,22,1,1.0208955247876518e-06,9.859685569311538e-05,0.9999522692479402,0.18741798400878906
G12_1_FIXTURE_08,E0_vs_E3,0,23,1,5.841845717703988e-07,6.265695225350209e-05,0.9999556403917707,0.15147089958190918
G12_1_FIXTURE_08,E0_vs_E3,0,24,1,4.008810507174601e-07,2.0647990710534383e-05,0.9999586211544634,0.17426776885986328
G12_1_FIXTURE_08,E0_vs_E3,0,25,1,5.171506280582208e-07,7.364176729580583e-05,0.9999601931008687,0.1542377471923828
G12_1_FIXTURE_08,E0_vs_E3,0,26,1,2.4701243269651676e-06,0.00017682361628628264,0.999965812305262,0.21685409545898438
G12_1_FIXTURE_08,E0_vs_E3,0,27,1,2.0067773232769307e-07,2.240822017915878e-05,0.9999670383066037,0.14614486694335938
G12_1_FIXTURE_08,E0_vs_E3,0,28,1,2.939588385854099e-07,5.140903184161212e-05,0.9999640886576946,0.1774768829345703
G12_1_FIXTURE_08,E0_vs_E3,0,29,1,2.192674205054739e-06,0.00015417924148049722,0.9999706954149163,0.17257308959960938
G12_1_FIXTURE_08,E0_vs_E3,0,30,1,2.3416904903068173e-07,3.217951321661007e-06,0.9999671761044623,0.15901470184326172
G12_1_FIXTURE_08,E0_vs_E3,0,31,1,4.933114940228008e-07,4.4164842478467596e-05,0.9999083338759028,0.18485355377197266
G12_1_FIXTURE_08,E0_vs_E3,0,32,1,3.138286980828322e-07,3.460644390982314e-05,0.9999539869420196,0.16501426696777344
G12_1_FIXTURE_08,E0_vs_E3,0,33,1,1.0019739528564615e-06,8.598398643394124e-05,0.9999501649721023,0.15859198570251465
G12_1_FIXTURE_08,E0_vs_E3,0,34,1,2.7573482129863053e-07,5.344978393514218e-06,0.9999643692663924,0.1498579978942871
G12_1_FIXTURE_08,E0_vs_E3,0,35,1,1.3100527046736537e-06,9.876448495425979e-05,0.9999542459587006,0.18062591552734375
G12_1_FIXTURE_08,E0_vs_E3,0,36,1,2.540743997006477e-07,5.670623722850649e-06,0.9999679185956104,0.1574554443359375
G12_1_FIXTURE_08,E0_vs_E3,0,37,1,3.766776085381406e-07,4.5505795911053365e-05,0.9999585136058742,0.20801925659179688
G12_1_FIXTURE_08,E0_vs_E3,0,38,1,4.278573957331104e-07,4.318466848811484e-05,0.9999512385175023,0.19089412689208984
G12_1_FIXTURE_08,E0_vs_E3,0,39,1,9.276998154603602e-07,7.444403606592272e-05,0.9999487351763574,0.1729602813720703
G12_1_FIXTURE_08,E0_vs_E3,0,40,1,1.7516324497877522e-06,0.00011592752531065136,0.9999553251469215,0.15992069244384766
G12_1_FIXTURE_08,E0_vs_E3,0,41,1,6.735185784246573e-07,6.339175920076236e-05,0.9999468851740085,0.15994524955749512
G12_1_FIXTURE_08,E0_vs_E3,0,42,1,6.819135840368226e-07,5.4536311439198535e-05,0.9999389318656556,0.1580805778503418
G12_1_FIXTURE_08,E0_vs_E3,0,43,1,1.550984233741656e-06,9.964064749774315e-05,0.9999434118480405,0.18234491348266602
G12_1_FIXTURE_08,E0_vs_E3,0,44,1,6.947584447794991e-07,6.218610899000484e-05,0.9999678395107722,0.22063255310058594
G12_1_FIXTURE_08,E0_vs_E3,0,45,1,4.1289839031809664e-07,4.9964598084097436e-05,0.9999536590739727,0.1562652587890625
G12_1_FIXTURE_08,E0_vs_E3,0,46,1,3.556134822768629e-07,4.277064507044663e-05,0.9999609145574543,0.14985203742980957
G12_1_FIXTURE_08,E0_vs_E3,0,47,1,2.1545102574378895e-07,1.8501101222152708e-05,0.9999489522593498,0.15146350860595703
G12_1_FIXTURE_08,E0_vs_E3,0,48,1,4.837278004101041e-07,3.933276373553824e-05,0.999958006779263,0.15865826606750488
G12_1_FIXTURE_08,E0_vs_E3,0,49,1,8.796686582480314e-07,7.149474524798091e-05,0.9999622174312364,0.15249252319335938
G12_1_FIXTURE_08,E0_vs_E3,0,50,1,1.7729316039878454e-07,5.57358743647179e-06,0.9999564210205965,0.16986846923828125
G12_1_FIXTURE_08,E0_vs_E3,0,51,1,8.821368957284069e-07,6.620380591308857e-05,0.9999332529962766,0.20051813125610352
G12_1_FIXTURE_08,E0_vs_E3,0,52,1,9.71185645514218e-07,5.729754825403298e-05,0.9999607445554293,0.13263607025146484
G12_1_FIXTURE_08,E0_vs_E3,0,53,1,9.922418694800743e-08,2.096638118995837e-06,0.9999435457778109,0.1832256317138672
G12_1_FIXTURE_08,E0_vs_E3,0,54,1,8.864522381805629e-08,4.7106806320539735e-06,0.999900666462104,0.18260622024536133
G12_1_FIXTURE_08,E0_vs_E3,0,55,1,1.3794399719133227e-06,8.045975191499604e-05,0.9999296687948208,0.17336273193359375
G12_1_FIXTURE_08,E0_vs_E3,0,56,1,1.0170635773122607e-07,1.0564017697442811e-05,0.999967081581548,0.13471269607543945
G12_1_FIXTURE_08,E0_vs_E3,0,57,1,8.068405939661603e-07,5.6454699823226765e-05,0.9999521309817515,0.16206073760986328
G12_1_FIXTURE_08,E0_vs_E3,0,58,1,2.485235445624698e-07,3.038542625802916e-05,0.9999206208663142,0.16537189483642578
G12_1_FIXTURE_08,E0_vs_E3,0,59,1,2.1818853993570175e-07,2.286792128262721e-05,0.9999273177758153,0.1839275360107422
G12_1_FIXTURE_08,E0_vs_E3,0,60,1,2.0759709544690525e-07,1.1837389260931e-05,0.9999501713213838,0.20472335815429688
G12_1_FIXTURE_08,E0_vs_E3,0,61,1,8.116990100228629e-07,5.290099341447176e-05,0.9999435561665758,0.20783615112304688
G12_1_FIXTURE_08,E0_vs_E3,0,62,1,4.197248475905442e-07,3.6982653750126915e-05,0.9999484331606515,0.15444087982177734
G12_1_FIXTURE_08,E0_vs_E3,0,63,1,4.100710743293301e-07,2.4507401511203843e-05,0.9999522606372553,0.21532058715820312
G12_1_FIXTURE_08,E0_vs_E3,0,64,1,5.771262419303308e-07,0.20249693970733063,0.9999303672803369,0.22793960571289062
G12_1_FIXTURE_08,E3_NOHOOK_vs_ALPHA0,0,0,1,0.0,0.0,1.0,0.0
G12_1_FIXTURE_08,E3_NOHOOK_vs_ALPHA0,0,1,1,0.0,0.0,0.9999999999999999,0.0
G12_1_FIXTURE_08,E3_NOHOOK_vs_ALPHA0,0,2,1,0.0,0.0,1.0,0.0
G12_1_FIXTURE_08,E3_NOHOOK_vs_ALPHA0,0,3,1,1.3178761493179198e-17,0.0,1.0000000000000002,0.0
G12_1_FIXTURE_08,E3_NOHOOK_vs_ALPHA0,0,4,1,-1.8820704740401175e-17,0.0,1.0,0.0
G12_1_FIXTURE_08,E3_NOHOOK_vs_ALPHA0,0,5,1,8.602532545361865e-18,0.0,1.0,0.0
G12_1_FIXTURE_08,E3_NOHOOK_vs_ALPHA0,0,6,1,4.652650943176871e-17,0.0,0.9999999999999999,0.0
G12_1_FIXTURE_08,E3_NOHOOK_vs_ALPHA0,0,7,1,-1.7248472157164536e-17,0.0,1.0,0.0
G12_1_FIXTURE_08,E3_NOHOOK_vs_ALPHA0,0,8,1,5.176611948008251e-18,0.0,1.0000000000000002,0.0
G12_1_FIXTURE_08,E3_NOHOOK_vs_ALPHA0,0,9,1,6.12962577436008e-17,0.0,1.0,0.0
G12_1_FIXTURE_08,E3_NOHOOK_vs_ALPHA0,0,10,1,8.640417263699839e-19,0.0,1.0000000000000002,0.0
G12_1_FIXTURE_08,E3_NOHOOK_vs_ALPHA0,0,11,1,5.187465562409767e-18,0.0,0.9999999999999999,0.0
G12_1_FIXTURE_08,E3_NOHOOK_vs_ALPHA0,0,12,1,-3.4151210013308375e-17,0.0,0.9999999999999999,0.0
G12_1_FIXTURE_08,E3_NOHOOK_vs_ALPHA0,0,13,1,4.278975016897607e-17,0.0,1.0000000000000002,0.0
G12_1_FIXTURE_08,E3_NOHOOK_vs_ALPHA0,0,14,1,-2.4206468194112684e-17,0.0,1.0,0.0
G12_1_FIXTURE_08,E3_NOHOOK_vs_ALPHA0,0,15,1,3.415701808020558e-17,0.0,1.0,0.0
G12_1_FIXTURE_08,E3_NOHOOK_vs_ALPHA0,0,16,1,-1.5138055866623494e-17,0.0,0.9999999999999999,0.0
G12_1_FIXTURE_08,E3_NOHOOK_vs_ALPHA0,0,17,1,-2.7257435221916228e-17,0.0,1.0000000000000002,0.0
G12_1_FIXTURE_08,E3_NOHOOK_vs_ALPHA0,0,18,1,4.327499427694304e-17,0.0,1.0000000000000002,0.0
G12_1_FIXTURE_08,E3_NOHOOK_vs_ALPHA0,0,19,1,1.2984072262493324e-18,0.0,1.0,0.0
G12_1_FIXTURE_08,E3_NOHOOK_vs_ALPHA0,0,20,1,4.068610555450078e-17,0.0,1.0,0.0
G12_1_FIXTURE_08,E3_NOHOOK_vs_ALPHA0,0,21,1,-5.821828527060704e-17,0.0,1.0,0.0
G12_1_FIXTURE_08,E3_NOHOOK_vs_ALPHA0,0,22,1,-2.748628805259232e-17,0.0,0.9999999999999999,0.0
G12_1_FIXTURE_08,E3_NOHOOK_vs_ALPHA0,0,23,1,-3.8739461353367366e-17,0.0,1.0000000000000002,0.0
G12_1_FIXTURE_08,E3_NOHOOK_vs_ALPHA0,0,24,1,2.596947730817493e-18,0.0,1.0,0.0
G12_1_FIXTURE_08,E3_NOHOOK_vs_ALPHA0,0,25,1,-4.06860363524911e-17,0.0,0.9999999999999999,0.0
G12_1_FIXTURE_08,E3_NOHOOK_vs_ALPHA0,0,26,1,1.5150682352137545e-18,0.0,0.9999999999999999,0.0
G12_1_FIXTURE_08,E3_NOHOOK_vs_ALPHA0,0,27,1,5.844556271845663e-18,0.0,0.9999999999999999,0.0
G12_1_FIXTURE_08,E3_NOHOOK_vs_ALPHA0,0,28,1,-4.2430691102550654e-17,0.0,0.9999999999999999,0.0
G12_1_FIXTURE_08,E3_NOHOOK_vs_ALPHA0,0,29,1,9.742065342092226e-18,0.0,1.0,0.0
G12_1_FIXTURE_08,E3_NOHOOK_vs_ALPHA0,0,30,1,-2.5329351861822547e-17,0.0,1.0,0.0
G12_1_FIXTURE_08,E3_NOHOOK_vs_ALPHA0,0,31,1,-3.745226109082894e-17,0.0,1.0,0.0
G12_1_FIXTURE_08,E3_NOHOOK_vs_ALPHA0,0,32,1,1.602030045158289e-17,0.0,1.0000000000000002,0.0
G12_1_FIXTURE_08,E3_NOHOOK_vs_ALPHA0,0,33,1,-1.9485572072101367e-18,0.0,1.0,0.0
G12_1_FIXTURE_08,E3_NOHOOK_vs_ALPHA0,0,34,1,1.6022906469836935e-17,0.0,1.0000000000000002,0.0
G12_1_FIXTURE_08,E3_NOHOOK_vs_ALPHA0,0,35,1,3.009939439075583e-17,0.0,1.0000000000000002,0.0
G12_1_FIXTURE_08,E3_NOHOOK_vs_ALPHA0,0,36,1,1.0827666418330861e-18,0.0,0.9999999999999999,0.0
G12_1_FIXTURE_08,E3_NOHOOK_vs_ALPHA0,0,37,1,-1.7974566744070256e-17,0.0,0.9999999999999999,0.0
G12_1_FIXTURE_08,E3_NOHOOK_vs_ALPHA0,0,38,1,3.8116625466300526e-17,0.0,1.0000000000000002,0.0
G12_1_FIXTURE_08,E3_NOHOOK_vs_ALPHA0,0,39,1,-2.64239246630637e-17,0.0,1.0000000000000002,0.0
G12_1_FIXTURE_08,E3_NOHOOK_vs_ALPHA0,0,40,1,-1.624572565494301e-17,0.0,0.9999999999999999,0.0
G12_1_FIXTURE_08,E3_NOHOOK_vs_ALPHA0,0,41,1,-2.122930432067625e-17,0.0,1.0000000000000002,0.0
G12_1_FIXTURE_08,E3_NOHOOK_vs_ALPHA0,0,42,1,1.570605575525329e-17,0.0,1.0000000000000002,0.0
G12_1_FIXTURE_08,E3_NOHOOK_vs_ALPHA0,0,43,1,1.873933935898948e-17,0.0,0.9999999999999999,0.0
G12_1_FIXTURE_08,E3_NOHOOK_vs_ALPHA0,0,44,1,-1.191520794501472e-18,0.0,1.0,0.0
G12_1_FIXTURE_08,E3_NOHOOK_vs_ALPHA0,0,45,1,-4.300300483201583e-17,0.0,1.0000000000000002,0.0
G12_1_FIXTURE_08,E3_NOHOOK_vs_ALPHA0,0,46,1,-3.087143771007816e-17,0.0,0.9999999999999999,0.0
G12_1_FIXTURE_08,E3_NOHOOK_vs_ALPHA0,0,47,1,7.474273863893498e-18,0.0,1.0000000000000002,0.0
G12_1_FIXTURE_08,E3_NOHOOK_vs_ALPHA0,0,48,1,4.398018883243783e-17,0.0,1.0,0.0
G12_1_FIXTURE_08,E3_NOHOOK_vs_ALPHA0,0,49,1,8.124747486992345e-18,0.0,0.9999999999999999,0.0
G12_1_FIXTURE_08,E3_NOHOOK_vs_ALPHA0,0,50,1,-8.883584798037465e-18,0.0,1.0,0.0
G12_1_FIXTURE_08,E3_NOHOOK_vs_ALPHA0,0,51,1,4.257892257412443e-17,0.0,1.0000000000000002,0.0
G12_1_FIXTURE_08,E3_NOHOOK_vs_ALPHA0,0,52,1,-4.799827743389315e-17,0.0,0.9999999999999999,0.0
G12_1_FIXTURE_08,E3_NOHOOK_vs_ALPHA0,0,53,1,-2.502892798779482e-17,0.0,0.9999999999999999,0.0
G12_1_FIXTURE_08,E3_NOHOOK_vs_ALPHA0,0,54,1,-3.250505843507529e-19,0.0,1.0,0.0
G12_1_FIXTURE_08,E3_NOHOOK_vs_ALPHA0,0,55,1,8.451216783190263e-18,0.0,1.0000000000000002,0.0
G12_1_FIXTURE_08,E3_NOHOOK_vs_ALPHA0,0,56,1,9.101281954922897e-18,0.0,1.0,0.0
G12_1_FIXTURE_08,E3_NOHOOK_vs_ALPHA0,0,57,1,-2.6437774019539684e-17,0.0,1.0000000000000002,0.0
G12_1_FIXTURE_08,E3_NOHOOK_vs_ALPHA0,0,58,1,3.044832164697197e-17,0.0,0.9999999999999999,0.0
G12_1_FIXTURE_08,E3_NOHOOK_vs_ALPHA0,0,59,1,3.987698668953122e-17,0.0,0.9999999999999999,0.0
G12_1_FIXTURE_08,E3_NOHOOK_vs_ALPHA0,0,60,1,-1.4629069662384842e-17,0.0,1.0000000000000002,0.0
G12_1_FIXTURE_08,E3_NOHOOK_vs_ALPHA0,0,61,1,-3.532664029818408e-17,0.0,1.0,0.0
G12_1_FIXTURE_08,E3_NOHOOK_vs_ALPHA0,0,62,1,-3.944428155387476e-17,0.0,1.0,0.0
G12_1_FIXTURE_08,E3_NOHOOK_vs_ALPHA0,0,63,1,-3.8252357739060014e-17,0.0,1.0,0.0
G12_1_FIXTURE_08,E3_NOHOOK_vs_ALPHA0,0,64,1,5.938424215664465e-17,0.0,0.9999999999999999,0.0
G12_1_FIXTURE_08,E4_NOHOOK_vs_ALPHA0,0,0,1,0.0,0.0,1.0,0.0
G12_1_FIXTURE_08,E4_NOHOOK_vs_ALPHA0,0,1,1,0.0,0.0,1.0000000000000002,0.0
G12_1_FIXTURE_08,E4_NOHOOK_vs_ALPHA0,0,2,1,0.0,0.0,0.9999999999999999,0.0
G12_1_FIXTURE_08,E4_NOHOOK_vs_ALPHA0,0,3,1,7.248314046954495e-17,0.0,1.0000000000000002,0.0
G12_1_FIXTURE_08,E4_NOHOOK_vs_ALPHA0,0,4,1,2.2242653664472916e-17,0.0,1.0,0.0
G12_1_FIXTURE_08,E4_NOHOOK_vs_ALPHA0,0,5,1,1.3764054299662608e-17,0.0,1.0,0.0
G12_1_FIXTURE_08,E4_NOHOOK_vs_ALPHA0,0,6,1,4.0495308182405925e-17,0.0,1.0000000000000002,0.0
G12_1_FIXTURE_08,E4_NOHOOK_vs_ALPHA0,0,7,1,3.7084217289505227e-17,0.0,1.0,0.0
G12_1_FIXTURE_08,E4_NOHOOK_vs_ALPHA0,0,8,1,-5.780549714436195e-17,0.0,1.0000000000000002,0.0
G12_1_FIXTURE_08,E4_NOHOOK_vs_ALPHA0,0,9,1,-3.712307955828227e-17,0.0,1.0000000000000002,0.0
G12_1_FIXTURE_08,E4_NOHOOK_vs_ALPHA0,0,10,1,-1.1232544219671993e-17,0.0,0.9999999999999999,0.0
G12_1_FIXTURE_08,E4_NOHOOK_vs_ALPHA0,0,11,1,-1.513010738487969e-17,0.0,0.9999999999999999,0.0
G12_1_FIXTURE_08,E4_NOHOOK_vs_ALPHA0,0,12,1,2.1614689559889535e-17,0.0,1.0000000000000002,0.0
G12_1_FIXTURE_08,E4_NOHOOK_vs_ALPHA0,0,13,1,-2.4204305807285145e-17,0.0,0.9999999999999999,0.0
G12_1_FIXTURE_08,E4_NOHOOK_vs_ALPHA0,0,14,1,1.4696785592117273e-17,0.0,1.0,0.0
G12_1_FIXTURE_08,E4_NOHOOK_vs_ALPHA0,0,15,1,4.712803628624375e-17,0.0,1.0000000000000002,0.0
G12_1_FIXTURE_08,E4_NOHOOK_vs_ALPHA0,0,16,1,1.6868120561747656e-17,0.0,1.0000000000000002,0.0
G12_1_FIXTURE_08,E4_NOHOOK_vs_ALPHA0,0,17,1,1.9902255530468158e-17,0.0,1.0000000000000002,0.0
G12_1_FIXTURE_08,E4_NOHOOK_vs_ALPHA0,0,18,1,-3.8947494894624303e-17,0.0,1.0,0.0
G12_1_FIXTURE_08,E4_NOHOOK_vs_ALPHA0,0,19,1,-1.471528175747285e-17,0.0,1.0,0.0
G12_1_FIXTURE_08,E4_NOHOOK_vs_ALPHA0,0,20,1,-1.428342036045363e-17,0.0,1.0,0.0
G12_1_FIXTURE_08,E4_NOHOOK_vs_ALPHA0,0,21,1,6.492745190992944e-19,0.0,1.0,0.0
G12_1_FIXTURE_08,E4_NOHOOK_vs_ALPHA0,0,22,1,1.514992156406078e-17,0.0,1.0,0.0
G12_1_FIXTURE_08,E4_NOHOOK_vs_ALPHA0,0,23,1,-2.0992892535166227e-17,0.0,1.0000000000000002,0.0
G12_1_FIXTURE_08,E4_NOHOOK_vs_ALPHA0,0,24,1,5.71328469697094e-17,0.0,0.9999999999999999,0.0
G12_1_FIXTURE_08,E4_NOHOOK_vs_ALPHA0,0,25,1,-3.89547180728255e-17,0.0,0.9999999999999999,0.0
G12_1_FIXTURE_08,E4_NOHOOK_vs_ALPHA0,0,26,1,-5.8438353071121165e-18,0.0,1.0,0.0
G12_1_FIXTURE_08,E4_NOHOOK_vs_ALPHA0,0,27,1,1.3420832673970516e-17,0.0,1.0,0.0
G12_1_FIXTURE_08,E4_NOHOOK_vs_ALPHA0,0,28,1,-5.585264916028598e-17,0.0,1.0,0.0
G12_1_FIXTURE_08,E4_NOHOOK_vs_ALPHA0,0,29,1,4.6328932991480035e-17,0.0,1.0000000000000002,0.0
G12_1_FIXTURE_08,E4_NOHOOK_vs_ALPHA0,0,30,1,-2.0999547787726147e-17,0.0,1.0000000000000002,0.0
G12_1_FIXTURE_08,E4_NOHOOK_vs_ALPHA0,0,31,1,2.034978365927147e-17,0.0,1.0,0.0
G12_1_FIXTURE_08,E4_NOHOOK_vs_ALPHA0,0,32,1,3.7236374399035244e-17,0.0,1.0,0.0
G12_1_FIXTURE_08,E4_NOHOOK_vs_ALPHA0,0,33,1,1.3856406514467805e-17,0.0,0.9999999999999999,0.0
G12_1_FIXTURE_08,E4_NOHOOK_vs_ALPHA0,0,34,1,-3.50771744467004e-17,0.0,1.0,0.0
G12_1_FIXTURE_08,E4_NOHOOK_vs_ALPHA0,0,35,1,-1.4724883867052353e-17,0.0,1.0000000000000002,0.0
G12_1_FIXTURE_08,E4_NOHOOK_vs_ALPHA0,0,36,1,3.075057073254319e-17,0.0,1.0,0.0
G12_1_FIXTURE_08,E4_NOHOOK_vs_ALPHA0,0,37,1,3.464976953292731e-17,0.0,1.0000000000000002,0.0
G12_1_FIXTURE_08,E4_NOHOOK_vs_ALPHA0,0,38,1,2.5338892608372964e-17,0.0,1.0000000000000002,0.0
G12_1_FIXTURE_08,E4_NOHOOK_vs_ALPHA0,0,39,1,-4.808287937435673e-17,0.0,1.0,0.0
G12_1_FIXTURE_08,E4_NOHOOK_vs_ALPHA0,0,40,1,1.7761993347231842e-17,0.0,0.9999999999999999,0.0
G12_1_FIXTURE_08,E4_NOHOOK_vs_ALPHA0,0,41,1,5.220675778168097e-17,0.0,1.0000000000000002,0.0
G12_1_FIXTURE_08,E4_NOHOOK_vs_ALPHA0,0,42,1,1.819736196822992e-17,0.0,1.0000000000000002,0.0
G12_1_FIXTURE_08,E4_NOHOOK_vs_ALPHA0,0,43,1,6.174233353629292e-18,0.0,1.0,0.0
G12_1_FIXTURE_08,E4_NOHOOK_vs_ALPHA0,0,44,1,3.130450173726695e-17,0.0,0.9999999999999999,0.0
G12_1_FIXTURE_08,E4_NOHOOK_vs_ALPHA0,0,45,1,4.6144281944647786e-17,0.0,1.0,0.0
G12_1_FIXTURE_08,E4_NOHOOK_vs_ALPHA0,0,46,1,5.578522876383005e-17,0.0,1.0,0.0
G12_1_FIXTURE_08,E4_NOHOOK_vs_ALPHA0,0,47,1,1.7548295132279742e-17,0.0,1.0000000000000002,0.0
G12_1_FIXTURE_08,E4_NOHOOK_vs_ALPHA0,0,48,1,-1.6032186819723647e-17,0.0,1.0000000000000002,0.0
G12_1_FIXTURE_08,E4_NOHOOK_vs_ALPHA0,0,49,1,-3.3690619102965943e-17,0.0,1.0000000000000002,0.0
G12_1_FIXTURE_08,E4_NOHOOK_vs_ALPHA0,0,50,1,-1.267535899502207e-17,0.0,1.0,0.0
G12_1_FIXTURE_08,E4_NOHOOK_vs_ALPHA0,0,51,1,-6.175568934309401e-18,0.0,0.9999999999999999,0.0
G12_1_FIXTURE_08,E4_NOHOOK_vs_ALPHA0,0,52,1,-4.528957092920248e-17,0.0,1.0000000000000002,0.0
G12_1_FIXTURE_08,E4_NOHOOK_vs_ALPHA0,0,53,1,-3.55389112787851e-17,0.0,1.0,0.0
G12_1_FIXTURE_08,E4_NOHOOK_vs_ALPHA0,0,54,1,2.221179015851712e-17,0.0,0.9999999999999999,0.0
G12_1_FIXTURE_08,E4_NOHOOK_vs_ALPHA0,0,55,1,1.0618195478007206e-17,0.0,1.0000000000000002,0.0
G12_1_FIXTURE_08,E4_NOHOOK_vs_ALPHA0,0,56,1,1.560219757261388e-17,0.0,1.0000000000000002,0.0
G12_1_FIXTURE_08,E4_NOHOOK_vs_ALPHA0,0,57,1,1.592767540942203e-17,0.0,1.0,0.0
G12_1_FIXTURE_08,E4_NOHOOK_vs_ALPHA0,0,58,1,-1.7987264958413006e-17,0.0,1.0,0.0
G12_1_FIXTURE_08,E4_NOHOOK_vs_ALPHA0,0,59,1,-4.0418793629890486e-17,0.0,1.0,0.0
G12_1_FIXTURE_08,E4_NOHOOK_vs_ALPHA0,0,60,1,4.8655201889194824e-17,0.0,0.9999999999999999,0.0
G12_1_FIXTURE_08,E4_NOHOOK_vs_ALPHA0,0,61,1,-1.3220399518018771e-17,0.0,0.9999999999999999,0.0
G12_1_FIXTURE_08,E4_NOHOOK_vs_ALPHA0,0,62,1,-3.5326471812203146e-17,0.0,1.0000000000000002,0.0
G12_1_FIXTURE_08,E4_NOHOOK_vs_ALPHA0,0,63,1,-1.4737452180868428e-17,0.0,0.9999999999999999,0.0
G12_1_FIXTURE_08,E4_NOHOOK_vs_ALPHA0,0,64,1,1.8530484499773413e-17,0.0,1.0,0.0
G12_1_FIXTURE_08,E3_vs_E4,0.01,0,1,1.9044337860950916e-11,2.2297077553190547e-06,0.9999999999980577,7.152557373046875e-05
G12_1_FIXTURE_08,E3_vs_E4,0.01,1,1,2.4311849638305415e-11,9.462114314295889e-06,0.9999999999989597,5.14984130859375e-05
G12_1_FIXTURE_08,E3_vs_E4,0.01,2,1,4.659151742395825e-11,1.2403186904208496e-05,0.9999999999990992,4.00543212890625e-05
G12_1_FIXTURE_08,E3_vs_E4,0.01,3,1,1.6100375274179035e-12,6.136005120810362e-07,0.9999999999991135,4.00543212890625e-05
G12_1_FIXTURE_08,E3_vs_E4,0.01,4,1,5.235490319801098e-13,1.0578936934443894e-07,0.9999999999986924,3.337860107421875e-05
G12_1_FIXTURE_08,E3_vs_E4,0.01,5,1,1.7751336253303654e-12,3.144221566008659e-07,0.999999999998906,3.719329833984375e-05
G12_1_FIXTURE_08,E3_vs_E4,0.01,6,1,1.169988834030263e-13,2.213543473517099e-08,0.9999999999991103,3.6716461181640625e-05
G12_1_FIXTURE_08,E3_vs_E4,0.01,7,1,1.0043460705860726e-12,1.8201585299647965e-07,0.9999999999990213,4.57763671875e-05
G12_1_FIXTURE_08,E3_vs_E4,0.01,8,1,1.1924506265649415e-13,2.2934815551052534e-08,0.9999999999979703,3.528594970703125e-05
G12_1_FIXTURE_08,E3_vs_E4,0.01,9,1,1.0571056532346854e-12,1.8711015284562926e-07,0.9999999999991086,4.76837158203125e-05
G12_1_FIXTURE_08,E3_vs_E4,0.01,10,1,2.634578310979651e-13,2.7112926677223814e-08,0.999999999999013,4.38690185546875e-05
G12_1_FIXTURE_08,E3_vs_E4,0.01,11,1,5.988848559531905e-13,1.1871943478899277e-07,0.9999999999991127,4.57763671875e-05
G12_1_FIXTURE_08,E3_vs_E4,0.01,12,1,1.829532665854592e-13,5.6089231099953896e-08,0.9999999999989009,3.337860107421875e-05
G12_1_FIXTURE_08,E3_vs_E4,0.01,13,1,1.6047105709251943e-13,2.9963339992760546e-08,0.9999999999992052,4.38690185546875e-05
G12_1_FIXTURE_08,E3_vs_E4,0.01,14,1,1.145652293003388e-13,2.1496636398461028e-08,0.9999999999991841,4.00543212890625e-05
G12_1_FIXTURE_08,E3_vs_E4,0.01,15,1,5.135471515617113e-13,8.811138383453196e-08,0.9999999999989774,3.910064697265625e-05
G12_1_FIXTURE_08,E3_vs_E4,0.01,16,1,1.3063993532154423e-13,3.8868346141467114e-08,0.9999999999991489,3.814697265625e-05
G12_1_FIXTURE_08,E3_vs_E4,0.01,17,1,8.073869038723512e-14,2.8094436649479804e-08,0.9999999999991028,3.814697265625e-05
G12_1_FIXTURE_08,E3_vs_E4,0.01,18,1,6.720717065049093e-14,7.976642496694553e-09,0.9999999999990811,3.62396240234375e-05
G12_1_FIXTURE_08,E3_vs_E4,0.01,19,1,1.0005558575736971e-13,3.20220906184672e-08,0.999999999999037,4.57763671875e-05
G12_1_FIXTURE_08,E3_vs_E4,0.01,20,1,6.946539137924106e-14,2.0104646805858828e-08,0.9999999999991509,4.100799560546875e-05
G12_1_FIXTURE_08,E3_vs_E4,0.01,21,1,1.5900934684708576e-13,4.171007300809125e-08,0.9999999999990358,4.1961669921875e-05
G12_1_FIXTURE_08,E3_vs_E4,0.01,22,1,3.8519694478933676e-14,1.4522330033395897e-08,0.9999999999991408,3.814697265625e-05
G12_1_FIXTURE_08,E3_vs_E4,0.01,23,1,1.1219964535933104e-13,6.17018085171013e-09,0.9999999999991165,4.00543212890625e-05
G12_1_FIXTURE_08,E3_vs_E4,0.01,24,1,3.66392477167207e-13,6.716498082920755e-08,0.9999999999987941,3.910064697265625e-05
G12_1_FIXTURE_08,E3_vs_E4,0.01,25,1,6.657484368181168e-14,2.0992772532032328e-08,0.9999999999990898,3.814697265625e-05
G12_1_FIXTURE_08,E3_vs_E4,0.01,26,1,7.225464688031465e-14,2.44744882112527e-08,0.9999999999991918,4.00543212890625e-05
G12_1_FIXTURE_08,E3_vs_E4,0.01,27,1,1.1582794476805592e-13,3.0896761647400406e-08,0.9999999999992149,3.62396240234375e-05
G12_1_FIXTURE_08,E3_vs_E4,0.01,28,1,1.3582802194955531e-13,2.1423419743499955e-08,0.9999999999991298,5.340576171875e-05
G12_1_FIXTURE_08,E3_vs_E4,0.01,29,1,1.7133879525960408e-13,3.9060918571040895e-08,0.9999999999991385,3.62396240234375e-05
G12_1_FIXTURE_08,E3_vs_E4,0.01,30,1,5.405316049795389e-14,2.569229417539662e-09,0.9999999999991046,4.00543212890625e-05
G12_1_FIXTURE_08,E3_vs_E4,0.01,31,1,8.046199054753227e-14,2.8293296443996502e-08,0.9999999999991885,3.910064697265625e-05
G12_1_FIXTURE_08,E3_vs_E4,0.01,32,1,1.3094446860392326e-13,3.270968923843598e-08,0.9999999999991473,4.57763671875e-05
G12_1_FIXTURE_08,E3_vs_E4,0.01,33,1,3.6296279530192785e-14,1.543782391158488e-08,0.9999999999991975,3.719329833984375e-05
G12_1_FIXTURE_08,E3_vs_E4,0.01,34,1,1.1412348810283485e-13,2.7919735609820834e-09,0.9999999999992003,5.14984130859375e-05
G12_1_FIXTURE_08,E3_vs_E4,0.01,35,1,4.1684401510726235e-14,1.0140730917311547e-08,0.9999999999991646,3.910064697265625e-05
G12_1_FIXTURE_08,E3_vs_E4,0.01,36,1,4.6327464048913483e-14,1.3748673003246073e-08,0.999999999999004,4.00543212890625e-05
G12_1_FIXTURE_08,E3_vs_E4,0.01,37,1,7.295221187112511e-14,1.9732002189956285e-08,0.9999999999991814,4.00543212890625e-05
G12_1_FIXTURE_08,E3_vs_E4,0.01,38,1,1.4744338771986885e-13,3.397237997079111e-08,0.9999999999991542,3.4332275390625e-05
G12_1_FIXTURE_08,E3_vs_E4,0.01,39,1,3.3400633478629507e-13,5.197524269567183e-08,0.9999999999991959,3.814697265625e-05
G12_1_FIXTURE_08,E3_vs_E4,0.01,40,1,2.1069268031862767e-13,3.8432650510417804e-08,0.9999999999991758,5.14984130859375e-05
G12_1_FIXTURE_08,E3_vs_E4,0.01,41,1,8.696404614553886e-14,1.7000598223019386e-08,0.9999999999991326,4.1961669921875e-05
G12_1_FIXTURE_08,E3_vs_E4,0.01,42,1,4.4310429571539755e-14,1.3382437262401785e-08,0.9999999999989623,4.100799560546875e-05
G12_1_FIXTURE_08,E3_vs_E4,0.01,43,1,4.944093001260664e-14,1.311424319843952e-08,0.9999999999991879,3.62396240234375e-05
G12_1_FIXTURE_08,E3_vs_E4,0.01,44,1,2.415948852443681e-14,7.773609327858116e-10,0.9999999999991999,3.62396240234375e-05
G12_1_FIXTURE_08,E3_vs_E4,0.01,45,1,2.948942300321567e-14,8.025306768308718e-09,0.9999999999991157,3.719329833984375e-05
G12_1_FIXTURE_08,E3_vs_E4,0.01,46,1,5.5072382980432405e-14,2.247980406314652e-09,0.9999999999991174,4.9591064453125e-05
G12_1_FIXTURE_08,E3_vs_E4,0.01,47,1,3.135604321974338e-13,4.514831947481559e-08,0.9999999999991248,5.14984130859375e-05
G12_1_FIXTURE_08,E3_vs_E4,0.01,48,1,4.0980519346954387e-14,7.508300006362455e-09,0.9999999999991614,4.1961669921875e-05
G12_1_FIXTURE_08,E3_vs_E4,0.01,49,1,2.4300592695062745e-14,1.0228375549856984e-08,0.9999999999984163,3.62396240234375e-05
G12_1_FIXTURE_08,E3_vs_E4,0.01,50,1,3.8410415111410437e-13,4.705761178099531e-08,0.9999999999991244,5.340576171875e-05
G12_1_FIXTURE_08,E3_vs_E4,0.01,51,1,3.196632946372085e-14,9.640920407708378e-09,0.9999999999991831,5.340576171875e-05
G12_1_FIXTURE_08,E3_vs_E4,0.01,52,1,8.54265609898259e-15,3.3143303336188867e-10,0.9999999999991381,4.38690185546875e-05
G12_1_FIXTURE_08,E3_vs_E4,0.01,53,1,1.393763869876744e-13,2.5149566971181293e-08,0.9999999999991507,4.291534423828125e-05
G12_1_FIXTURE_08,E3_vs_E4,0.01,54,1,8.494489127607125e-14,7.925347099511232e-09,0.9999999999991352,4.9591064453125e-05
G12_1_FIXTURE_08,E3_vs_E4,0.01,55,1,6.34017981396354e-14,1.1040105028412538e-08,0.9999999999989128,4.76837158203125e-05
G12_1_FIXTURE_08,E3_vs_E4,0.01,56,1,5.679094893960125e-14,1.291586392406039e-08,0.9999999999991097,3.910064697265625e-05
G12_1_FIXTURE_08,E3_vs_E4,0.01,57,1,4.944319644447164e-14,1.509996819595849e-08,0.9999999999990185,3.814697265625e-05
G12_1_FIXTURE_08,E3_vs_E4,0.01,58,1,3.4707102508469134e-14,7.993953371216583e-09,0.9999999999990951,5.054473876953125e-05
G12_1_FIXTURE_08,E3_vs_E4,0.01,59,1,3.5006338295215187e-14,4.1267026973336104e-09,0.9999999999987713,4.9591064453125e-05
G12_1_FIXTURE_08,E3_vs_E4,0.01,60,1,4.047002529679279e-14,1.149933272583982e-08,0.9999999999990818,3.814697265625e-05
G12_1_FIXTURE_08,E3_vs_E4,0.01,61,1,1.6629008216697973e-14,5.8321625059747084e-09,0.9999999999991003,4.1961669921875e-05
G12_1_FIXTURE_08,E3_vs_E4,0.01,62,1,9.624504054565567e-14,1.8259413765925672e-08,0.9999999999987214,4.57763671875e-05
G12_1_FIXTURE_08,E3_vs_E4,0.01,63,1,5.4234000223769066e-14,1.3557388010517792e-08,0.9999999999990322,4.76837158203125e-05
G12_1_FIXTURE_08,E3_vs_E4,0.01,64,1,1.9652281187048694e-13,5.445257454184116e-05,0.9999999999991351,5.340576171875e-05
G12_1_FIXTURE_08,E3_vs_E4,0.1,0,1,1.0754593036850273e-11,7.0373149974045646e-06,0.9999999999963882,6.580352783203125e-05
G12_1_FIXTURE_08,E3_vs_E4,0.1,1,1,2.7013482230618755e-11,3.971646809652896e-06,0.9999999999989826,5.14984130859375e-05
G12_1_FIXTURE_08,E3_vs_E4,0.1,2,1,5.839110506471127e-11,6.190531144678602e-05,0.9999999999991666,7.62939453125e-05
G12_1_FIXTURE_08,E3_vs_E4,0.1,3,1,4.121649062062686e-12,1.1323134504262478e-06,0.9999999999990918,3.528594970703125e-05
G12_1_FIXTURE_08,E3_vs_E4,0.1,4,1,1.7866182005431156e-13,6.570472882785894e-09,0.9999999999988259,3.719329833984375e-05
G12_1_FIXTURE_08,E3_vs_E4,0.1,5,1,4.689849807631151e-13,7.638961507967779e-08,0.9999999999986656,4.38690185546875e-05
G12_1_FIXTURE_08,E3_vs_E4,0.1,6,1,2.4508796729848135e-13,6.767946864657398e-08,0.9999999999988041,4.1961669921875e-05
G12_1_FIXTURE_08,E3_vs_E4,0.1,7,1,5.565957431651975e-13,1.3202820543789517e-07,0.9999999999988508,3.528594970703125e-05
G12_1_FIXTURE_08,E3_vs_E4,0.1,8,1,3.0180137283882765e-13,9.530974262681596e-08,0.9999999999987021,3.719329833984375e-05
G12_1_FIXTURE_08,E3_vs_E4,0.1,9,1,8.458456387919353e-13,1.641334072431319e-07,0.9999999999990589,4.00543212890625e-05
G12_1_FIXTURE_08,E3_vs_E4,0.1,10,1,2.648599053456144e-13,7.642717185507575e-08,0.9999999999988936,4.00543212890625e-05
G12_1_FIXTURE_08,E3_vs_E4,0.1,11,1,6.358361099649875e-14,1.9548419766604597e-09,0.9999999999991337,4.00543212890625e-05
G12_1_FIXTURE_08,E3_vs_E4,0.1,12,1,8.746619526722237e-13,1.4385681054327956e-07,0.9999999999991116,4.57763671875e-05
G12_1_FIXTURE_08,E3_vs_E4,0.1,13,1,8.069154802227333e-13,1.4312465751020048e-07,0.9999999999990227,4.00543212890625e-05
G12_1_FIXTURE_08,E3_vs_E4,0.1,14,1,3.703541567560561e-13,8.845156916929484e-08,0.9999999999991706,4.1961669921875e-05
G12_1_FIXTURE_08,E3_vs_E4,0.1,15,1,2.4794258418564494e-13,6.015106500650153e-08,0.9999999999988265,4.00543212890625e-05
G12_1_FIXTURE_08,E3_vs_E4,0.1,16,1,2.606415693118736e-13,1.5122874594524632e-08,0.9999999999991815,4.9591064453125e-05
G12_1_FIXTURE_08,E3_vs_E4,0.1,17,1,1.4504431391013375e-13,9.047022286705342e-09,0.9999999999990585,5.53131103515625e-05
G12_1_FIXTURE_08,E3_vs_E4,0.1,18,1,4.1035732301022385e-14,1.4608190209569605e-08,0.9999999999990984,3.814697265625e-05
G12_1_FIXTURE_08,E3_vs_E4,0.1,19,1,5.528881744829199e-13,8.449829701955361e-08,0.999999999999052,3.4332275390625e-05
G12_1_FIXTURE_08,E3_vs_E4,0.1,20,1,2.7310140748523786e-13,4.847839756537409e-08,0.9999999999991558,4.673004150390625e-05
G12_1_FIXTURE_08,E3_vs_E4,0.1,21,1,8.18325229450686e-14,2.7705501958602552e-08,0.9999999999985972,4.1961669921875e-05
G12_1_FIXTURE_08,E3_vs_E4,0.1,22,1,1.1971588029994678e-13,3.61533169879278e-08,0.9999999999991871,3.910064697265625e-05
G12_1_FIXTURE_08,E3_vs_E4,0.1,23,1,5.97296208009008e-13,9.03175399928971e-08,0.9999999999991829,4.00543212890625e-05
G12_1_FIXTURE_08,E3_vs_E4,0.1,24,1,3.064026595462066e-13,5.227402519094454e-09,0.9999999999989436,5.7220458984375e-05
G12_1_FIXTURE_08,E3_vs_E4,0.1,25,1,1.1017334509735063e-13,2.7050371233326015e-08,0.9999999999983531,4.76837158203125e-05
G12_1_FIXTURE_08,E3_vs_E4,0.1,26,1,2.7755104960691267e-14,4.563222525105076e-09,0.9999999999990968,3.814697265625e-05
G12_1_FIXTURE_08,E3_vs_E4,0.1,27,1,1.1072873745112965e-13,8.488989983179707e-09,0.9999999999991731,4.76837158203125e-05
G12_1_FIXTURE_08,E3_vs_E4,0.1,28,1,1.7545561019419328e-13,3.788205089200192e-08,0.9999999999991037,4.291534423828125e-05
G12_1_FIXTURE_08,E3_vs_E4,0.1,29,1,5.754624824116722e-13,8.137291592521904e-08,0.9999999999989925,6.103515625e-05
G12_1_FIXTURE_08,E3_vs_E4,0.1,30,1,3.5958040446275835e-14,2.141271858175503e-09,0.9999999999991668,3.528594970703125e-05
G12_1_FIXTURE_08,E3_vs_E4,0.1,31,1,6.799219841933909e-14,2.171828187538978e-08,0.9999999999991181,3.910064697265625e-05
G12_1_FIXTURE_08,E3_vs_E4,0.1,32,1,6.675135248929006e-14,1.5265162700735246e-08,0.9999999999990968,3.814697265625e-05
G12_1_FIXTURE_08,E3_vs_E4,0.1,33,1,1.1037975212286982e-13,2.0969708190796826e-08,0.999999999999131,3.814697265625e-05
G12_1_FIXTURE_08,E3_vs_E4,0.1,34,1,2.0079323778557385e-13,4.349251238495999e-08,0.9999999999990699,5.53131103515625e-05
G12_1_FIXTURE_08,E3_vs_E4,0.1,35,1,7.555504720018033e-14,1.2751404694947774e-08,0.9999999999991777,3.814697265625e-05
G12_1_FIXTURE_08,E3_vs_E4,0.1,36,1,3.3030927787388275e-14,1.2407676444224289e-08,0.9999999999989994,3.910064697265625e-05
G12_1_FIXTURE_08,E3_vs_E4,0.1,37,1,4.5156671708072265e-14,1.714212832055681e-08,0.9999999999991593,4.00543212890625e-05
G12_1_FIXTURE_08,E3_vs_E4,0.1,38,1,3.443081574001673e-14,1.4989284998758942e-08,0.999999999999174,4.1961669921875e-05
G12_1_FIXTURE_08,E3_vs_E4,0.1,39,1,2.157567639519407e-13,4.231290145454043e-08,0.9999999999991284,4.100799560546875e-05
G12_1_FIXTURE_08,E3_vs_E4,0.1,40,1,2.000098228835469e-14,7.3393397737302885e-09,0.9999999999991798,4.291534423828125e-05
G12_1_FIXTURE_08,E3_vs_E4,0.1,41,1,1.8266830882178944e-14,4.99009534865244e-09,0.9999999999990574,4.38690185546875e-05
G12_1_FIXTURE_08,E3_vs_E4,0.1,42,1,4.272695841916021e-14,7.413298759801137e-09,0.9999999999990491,3.719329833984375e-05
G12_1_FIXTURE_08,E3_vs_E4,0.1,43,1,7.4799732880075e-14,2.127887007330638e-08,0.999999999999174,4.1961669921875e-05
G12_1_FIXTURE_08,E3_vs_E4,0.1,44,1,1.1979548782683224e-14,1.0714066411409567e-09,0.9999999999991247,3.719329833984375e-05
G12_1_FIXTURE_08,E3_vs_E4,0.1,45,1,1.4581902561001997e-13,2.7775072511046495e-08,0.999999999999128,3.814697265625e-05
G12_1_FIXTURE_08,E3_vs_E4,0.1,46,1,3.4037673376450117e-13,4.415578424904129e-08,0.999999999998678,4.9591064453125e-05
G12_1_FIXTURE_08,E3_vs_E4,0.1,47,1,1.2915988438006432e-13,2.7372537737086963e-08,0.9999999999990866,4.1961669921875e-05
G12_1_FIXTURE_08,E3_vs_E4,0.1,48,1,1.0864406812393853e-13,2.613615995503138e-08,0.9999999999990733,5.054473876953125e-05
G12_1_FIXTURE_08,E3_vs_E4,0.1,49,1,1.2911706121666894e-13,1.7062386785675517e-08,0.9999999999987208,4.76837158203125e-05
G12_1_FIXTURE_08,E3_vs_E4,0.1,50,1,7.993444642517802e-14,1.514216041074122e-08,0.9999999999990563,3.814697265625e-05
G12_1_FIXTURE_08,E3_vs_E4,0.1,51,1,4.488843837978305e-14,1.2164593992704253e-08,0.9999999999991296,4.57763671875e-05
G12_1_FIXTURE_08,E3_vs_E4,0.1,52,1,7.23573993707773e-14,1.212719751009228e-10,0.9999999999991599,5.7220458984375e-05
G12_1_FIXTURE_08,E3_vs_E4,0.1,53,1,7.399000451865077e-14,1.6244213576588167e-08,0.9999999999990818,4.100799560546875e-05
G12_1_FIXTURE_08,E3_vs_E4,0.1,54,1,7.519106305834087e-14,1.675762188084809e-08,0.9999999999991547,3.910064697265625e-05
G12_1_FIXTURE_08,E3_vs_E4,0.1,55,1,2.846591036472356e-14,5.60904225691862e-09,0.9999999999990321,4.291534423828125e-05
G12_1_FIXTURE_08,E3_vs_E4,0.1,56,1,6.30524769065637e-14,1.645595321694924e-08,0.9999999999991287,5.14984130859375e-05
G12_1_FIXTURE_08,E3_vs_E4,0.1,57,1,1.2484138997899617e-14,3.192443647002767e-09,0.9999999999989215,4.291534423828125e-05
G12_1_FIXTURE_08,E3_vs_E4,0.1,58,1,6.067223224261296e-14,1.356779256729123e-08,0.9999999999987309,3.814697265625e-05
G12_1_FIXTURE_08,E3_vs_E4,0.1,59,1,4.656264895326157e-14,1.1740882362252375e-08,0.999999999999051,3.528594970703125e-05
G12_1_FIXTURE_08,E3_vs_E4,0.1,60,1,2.1909517796297286e-14,5.595799146209009e-09,0.999999999998861,3.814697265625e-05
G12_1_FIXTURE_08,E3_vs_E4,0.1,61,1,1.5207749590963838e-13,2.426693904568171e-08,0.999999999999038,4.482269287109375e-05
G12_1_FIXTURE_08,E3_vs_E4,0.1,62,1,2.8739086071426786e-14,8.655536928143213e-09,0.999999999999003,4.57763671875e-05
G12_1_FIXTURE_08,E3_vs_E4,0.1,63,1,9.220460863580374e-15,3.0886993812205207e-09,0.9999999999990983,4.38690185546875e-05
G12_1_FIXTURE_08,E3_vs_E4,0.1,64,1,7.80579603338121e-14,2.34687220199703e-05,0.9999999999985639,4.57763671875e-05
G12_1_FIXTURE_08,E3_vs_E4,97.8516893058,0,1,1.702233867306756e-11,1.3790406310221215e-06,0.999999999995413,6.580352783203125e-05
G12_1_FIXTURE_08,E3_vs_E4,97.8516893058,1,1,3.4365104751396e-11,9.648153444175023e-06,0.9999999999988949,5.817413330078125e-05
G12_1_FIXTURE_08,E3_vs_E4,97.8516893058,2,1,3.682727217267322e-11,1.2593341348399179e-05,0.9999999999990152,4.76837158203125e-05
G12_1_FIXTURE_08,E3_vs_E4,97.8516893058,3,1,9.805537169765113e-13,1.6015809374547718e-07,0.9999999999991487,4.673004150390625e-05
G12_1_FIXTURE_08,E3_vs_E4,97.8516893058,4,1,4.1694205853811386e-13,1.8067401942600814e-07,0.9999999999989215,3.24249267578125e-05
G12_1_FIXTURE_08,E3_vs_E4,97.8516893058,5,1,4.419293718818138e-13,1.2059729297131394e-07,0.9999999999990216,3.910064697265625e-05
G12_1_FIXTURE_08,E3_vs_E4,97.8516893058,6,1,6.886667817694489e-13,1.8726815959740906e-07,0.9999999999991201,3.814697265625e-05
G12_1_FIXTURE_08,E3_vs_E4,97.8516893058,7,1,1.8270616362319247e-13,7.430401424181332e-08,0.9999999999989876,3.62396240234375e-05
G12_1_FIXTURE_08,E3_vs_E4,97.8516893058,8,1,3.629463136105563e-13,5.462292627326365e-08,0.9999999999985641,4.38690185546875e-05
G12_1_FIXTURE_08,E3_vs_E4,97.8516893058,9,1,1.2535575428466608e-13,3.361256554340608e-08,0.9999999999990988,4.76837158203125e-05
G12_1_FIXTURE_08,E3_vs_E4,97.8516893058,10,1,5.028595272866183e-13,1.13738660208456e-07,0.9999999999991311,4.38690185546875e-05
G12_1_FIXTURE_08,E3_vs_E4,97.8516893058,11,1,1.8828311160279364e-13,2.6404591705816993e-08,0.9999999999991496,3.814697265625e-05
G12_1_FIXTURE_08,E3_vs_E4,97.8516893058,12,1,6.503391084848545e-14,1.9886152092651183e-08,0.9999999999992264,3.910064697265625e-05
G12_1_FIXTURE_08,E3_vs_E4,97.8516893058,13,1,2.4962895555676006e-13,5.8336409893694485e-08,0.9999999999991197,3.62396240234375e-05
G12_1_FIXTURE_08,E3_vs_E4,97.8516893058,14,1,1.170739928841266e-13,8.007046216167157e-09,0.9999999999991994,3.814697265625e-05
G12_1_FIXTURE_08,E3_vs_E4,97.8516893058,15,1,1.6776660310857812e-13,5.387874850307575e-08,0.9999999999991117,3.337860107421875e-05
G12_1_FIXTURE_08,E3_vs_E4,97.8516893058,16,1,1.3459488377075852e-13,4.1814318349400054e-08,0.9999999999991193,4.1961669921875e-05
G12_1_FIXTURE_08,E3_vs_E4,97.8516893058,17,1,5.765399923737105e-13,9.472610125807468e-08,0.9999999999991492,4.9591064453125e-05
G12_1_FIXTURE_08,E3_vs_E4,97.8516893058,18,1,2.0563768174688068e-13,5.2686695909288234e-08,0.9999999999991191,4.291534423828125e-05
G12_1_FIXTURE_08,E3_vs_E4,97.8516893058,19,1,9.626554117571741e-14,3.384901790868915e-08,0.9999999999990079,4.1961669921875e-05
G12_1_FIXTURE_08,E3_vs_E4,97.8516893058,20,1,5.3132982671013596e-14,1.899422323288838e-08,0.9999999999991075,3.814697265625e-05
G12_1_FIXTURE_08,E3_vs_E4,97.8516893058,21,1,1.6505172224471649e-13,4.499115808837169e-08,0.9999999999991344,5.054473876953125e-05
G12_1_FIXTURE_08,E3_vs_E4,97.8516893058,22,1,1.1008671480597892e-13,3.18243530814024e-08,0.9999999999991317,3.62396240234375e-05
G12_1_FIXTURE_08,E3_vs_E4,97.8516893058,23,1,9.047905430861588e-14,2.4461617641625272e-08,0.9999999999991213,3.62396240234375e-05
G12_1_FIXTURE_08,E3_vs_E4,97.8516893058,24,1,3.744948917641774e-14,1.0817625900085004e-08,0.9999999999991587,4.863739013671875e-05
G12_1_FIXTURE_08,E3_vs_E4,97.8516893058,25,1,2.8867451760873693e-13,4.746903138250734e-08,0.9999999999990785,3.910064697265625e-05
G12_1_FIXTURE_08,E3_vs_E4,97.8516893058,26,1,7.526552753501876e-14,2.0801297435403543e-08,0.9999999999989541,4.38690185546875e-05
G12_1_FIXTURE_08,E3_vs_E4,97.8516893058,27,1,3.431936557838237e-13,6.280358813234334e-08,0.9999999999991785,4.76837158203125e-05
G12_1_FIXTURE_08,E3_vs_E4,97.8516893058,28,1,3.360173748282515e-13,5.933740139865695e-08,0.9999999999992017,4.100799560546875e-05
G12_1_FIXTURE_08,E3_vs_E4,97.8516893058,29,1,1.8934584359193219e-13,3.6365944324455446e-08,0.9999999999991986,4.100799560546875e-05
G12_1_FIXTURE_08,E3_vs_E4,97.8516893058,30,1,1.1321027149840173e-13,2.423099174780896e-08,0.9999999999988446,3.528594970703125e-05
G12_1_FIXTURE_08,E3_vs_E4,97.8516893058,31,1,3.6291523482464174e-14,8.60405370301659e-09,0.9999999999991127,4.57763671875e-05
G12_1_FIXTURE_08,E3_vs_E4,97.8516893058,32,1,9.436814390097709e-14,2.294145007211007e-09,0.9999999999991029,4.00543212890625e-05
G12_1_FIXTURE_08,E3_vs_E4,97.8516893058,33,1,1.467248173440811e-13,3.6493833712987825e-08,0.9999999999991608,4.1961669921875e-05
G12_1_FIXTURE_08,E3_vs_E4,97.8516893058,34,1,2.863126103108101e-13,4.944777091671175e-08,0.9999999999991755,3.719329833984375e-05
G12_1_FIXTURE_08,E3_vs_E4,97.8516893058,35,1,1.3397467400988253e-13,2.583179472691495e-08,0.9999999999991057,4.9591064453125e-05
G12_1_FIXTURE_08,E3_vs_E4,97.8516893058,36,1,3.4379974033062706e-14,3.46538515461417e-09,0.9999999999991841,4.673004150390625e-05
G12_1_FIXTURE_08,E3_vs_E4,97.8516893058,37,1,4.532204267232525e-14,1.5743450322049102e-08,0.9999999999991328,3.910064697265625e-05
G12_1_FIXTURE_08,E3_vs_E4,97.8516893058,38,1,1.0063487062793418e-13,1.1428005019077994e-08,0.9999999999990534,6.103515625e-05
G12_1_FIXTURE_08,E3_vs_E4,97.8516893058,39,1,8.166123249933553e-14,2.1297274373417198e-08,0.9999999999990538,3.62396240234375e-05
G12_1_FIXTURE_08,E3_vs_E4,97.8516893058,40,1,1.9310012746536024e-14,4.210301458818996e-09,0.9999999999991406,3.4332275390625e-05
G12_1_FIXTURE_08,E3_vs_E4,97.8516893058,41,1,2.358657734193284e-14,4.898074679572997e-09,0.9999999999991048,4.100799560546875e-05
G12_1_FIXTURE_08,E3_vs_E4,97.8516893058,42,1,1.4306830130126127e-13,2.8249174142914654e-08,0.9999999999992129,4.100799560546875e-05
G12_1_FIXTURE_08,E3_vs_E4,97.8516893058,43,1,1.99000429003112e-14,6.88379733228793e-09,0.999999999999186,4.100799560546875e-05
G12_1_FIXTURE_08,E3_vs_E4,97.8516893058,44,1,1.4843039420561862e-13,2.6951316310533206e-08,0.9999999999991732,4.00543212890625e-05
G12_1_FIXTURE_08,E3_vs_E4,97.8516893058,45,1,1.7205821469245004e-13,2.9431055206959565e-08,0.9999999999984767,4.00543212890625e-05
G12_1_FIXTURE_08,E3_vs_E4,97.8516893058,46,1,2.0457568939493533e-14,7.668269729052199e-10,0.9999999999991412,4.00543212890625e-05
G12_1_FIXTURE_08,E3_vs_E4,97.8516893058,47,1,9.78667633007375e-14,1.9848597211137575e-08,0.999999999999148,4.00543212890625e-05
G12_1_FIXTURE_08,E3_vs_E4,97.8516893058,48,1,5.84461413288149e-14,7.055874472476804e-09,0.9999999999991407,4.9591064453125e-05
G12_1_FIXTURE_08,E3_vs_E4,97.8516893058,49,1,6.729257193748463e-14,1.5278302439489765e-08,0.9999999999990787,4.673004150390625e-05
G12_1_FIXTURE_08,E3_vs_E4,97.8516893058,50,1,1.1804796837492663e-13,2.087407597153087e-08,0.9999999999989625,4.1961669921875e-05
G12_1_FIXTURE_08,E3_vs_E4,97.8516893058,51,1,1.9775269232810175e-14,3.1236696563770663e-09,0.9999999999991487,4.1961669921875e-05
G12_1_FIXTURE_08,E3_vs_E4,97.8516893058,52,1,8.508797500932723e-14,1.597804963619949e-08,0.9999999999991682,4.38690185546875e-05
G12_1_FIXTURE_08,E3_vs_E4,97.8516893058,53,1,3.158928062976485e-14,8.599403052275342e-09,0.9999999999991495,3.4332275390625e-05
G12_1_FIXTURE_08,E3_vs_E4,97.8516893058,54,1,2.1331666874726525e-13,2.7530756679754447e-08,0.9999999999991352,6.866455078125e-05
G12_1_FIXTURE_08,E3_vs_E4,97.8516893058,55,1,3.9624831945169724e-15,5.900724939591519e-10,0.9999999999990555,4.00543212890625e-05
G12_1_FIXTURE_08,E3_vs_E4,97.8516893058,56,1,6.094739740151083e-14,1.4262795524873969e-08,0.999999999999075,3.910064697265625e-05
G12_1_FIXTURE_08,E3_vs_E4,97.8516893058,57,1,1.1999859868014396e-13,1.9818784377349536e-08,0.9999999999990423,4.1961669921875e-05
G12_1_FIXTURE_08,E3_vs_E4,97.8516893058,58,1,5.66415046758849e-14,1.2927899190398606e-08,0.9999999999988703,3.910064697265625e-05
G12_1_FIXTURE_08,E3_vs_E4,97.8516893058,59,1,3.295094856829043e-14,6.284130912956754e-09,0.9999999999991525,4.9591064453125e-05
G12_1_FIXTURE_08,E3_vs_E4,97.8516893058,60,1,1.3507743947809379e-14,2.9555932191688977e-10,0.99999999999909,4.863739013671875e-05
G12_1_FIXTURE_08,E3_vs_E4,97.8516893058,61,1,3.791146314966618e-14,9.05444169678948e-09,0.9999999999988473,3.814697265625e-05
G12_1_FIXTURE_08,E3_vs_E4,97.8516893058,62,1,7.385518839688744e-14,1.3113178675241196e-08,0.999999999999035,4.1961669921875e-05
G12_1_FIXTURE_08,E3_vs_E4,97.8516893058,63,1,4.9279610105665684e-14,7.638098987008176e-09,0.9999999999991149,4.9591064453125e-05
G12_1_FIXTURE_08,E3_vs_E4,97.8516893058,64,1,4.3465747041866e-14,1.9541165222847212e-05,0.9999999999991448,4.9591064453125e-05
G12_1_FIXTURE_08,E0_vs_E3,97.8516893058,0,1,0.003639031873429831,0.015223149013824155,0.9999338582067723,0.7979698181152344
G12_1_FIXTURE_08,E0_vs_E3,97.8516893058,1,1,0.000302582163226354,0.1130383672516011,0.9999523334685838,0.3283557891845703
G12_1_FIXTURE_08,E0_vs_E3,97.8516893058,2,1,0.0005005426687696174,0.08175534735735557,0.9999434375451858,0.2510716915130615
G12_1_FIXTURE_08,E0_vs_E3,97.8516893058,3,1,2.245467128103843e-05,0.001628498526630301,0.9999536495333,0.17206859588623047
G12_1_FIXTURE_08,E0_vs_E3,97.8516893058,4,1,7.148661825101997e-06,0.0007290922477828574,0.9999583822235565,0.15221500396728516
G12_1_FIXTURE_08,E0_vs_E3,97.8516893058,5,1,3.1639129437824255e-06,0.0002546264532057342,0.9999548999890332,0.14614778757095337
G12_1_FIXTURE_08,E0_vs_E3,97.8516893058,6,1,1.21498476293899e-06,0.00014947482213356015,0.9999529713414429,0.15845060348510742
G12_1_FIXTURE_08,E0_vs_E3,97.8516893058,7,1,6.950719440392639e-06,0.0005238504280311472,0.9998572815954668,0.1926136016845703
G12_1_FIXTURE_08,E0_vs_E3,97.8516893058,8,1,2.1986503297136104e-06,0.00022601730411751352,0.9998314899692591,0.2244563102722168
G12_1_FIXTURE_08,E0_vs_E3,97.8516893058,9,1,4.647482355769374e-06,0.00035569309535297966,0.9999475681971531,0.1779012680053711
G12_1_FIXTURE_08,E0_vs_E3,97.8516893058,10,1,7.279956364590905e-07,1.595529011325222e-05,0.9999286678364409,0.15253162384033203
G12_1_FIXTURE_08,E0_vs_E3,97.8516893058,11,1,1.666031303037274e-06,0.00016853412674416998,0.9999586534546311,0.1586599349975586
G12_1_FIXTURE_08,E0_vs_E3,97.8516893058,12,1,8.473916725242905e-07,4.5232413008222325e-05,0.9999670858310408,0.14411687850952148
G12_1_FIXTURE_08,E0_vs_E3,97.8516893058,13,1,1.1275226136300955e-06,0.00012353820814553712,0.9999502720517566,0.1399824619293213
G12_1_FIXTURE_08,E0_vs_E3,97.8516893058,14,1,1.0100764394624923e-06,0.0001238890271099682,0.9999309661274246,0.17330646514892578
G12_1_FIXTURE_08,E0_vs_E3,97.8516893058,15,1,8.167557823584265e-07,4.716776270136634e-05,0.999961840287654,0.19896841049194336
G12_1_FIXTURE_08,E0_vs_E3,97.8516893058,16,1,3.8748750003543544e-06,0.00023861229818236598,0.9999580083252196,0.16875457763671875
G12_1_FIXTURE_08,E0_vs_E3,97.8516893058,17,1,1.011145278676745e-06,0.0001136788793205507,0.9999674668482788,0.14657974243164062
G12_1_FIXTURE_08,E0_vs_E3,97.8516893058,18,1,4.927507216688973e-07,3.006564461637039e-05,0.9999690505994515,0.12737178802490234
G12_1_FIXTURE_08,E0_vs_E3,97.8516893058,19,1,8.090265139628987e-07,9.266505486304815e-05,0.99994441556551,0.1594982147216797
G12_1_FIXTURE_08,E0_vs_E3,97.8516893058,20,1,4.2678999999189985e-07,2.8735038731017744e-05,0.9999204879037706,0.19785404205322266
G12_1_FIXTURE_08,E0_vs_E3,97.8516893058,21,1,7.274387728925115e-07,4.8712558265953014e-05,0.9999693669558551,0.19211196899414062
G12_1_FIXTURE_08,E0_vs_E3,97.8516893058,22,1,1.260695489946526e-06,0.00010980495392788007,0.9999585165131852,0.14330673217773438
G12_1_FIXTURE_08,E0_vs_E3,97.8516893058,23,1,1.4161833995640584e-06,0.00011466061484131387,0.9999593442709763,0.1638927459716797
G12_1_FIXTURE_08,E0_vs_E3,97.8516893058,24,1,7.337806756343124e-07,5.8248423189796684e-05,0.999965948386186,0.14008617401123047
G12_1_FIXTURE_08,E0_vs_E3,97.8516893058,25,1,9.628949756919995e-07,9.324616108143309e-05,0.9999597404980541,0.15854740142822266
G12_1_FIXTURE_08,E0_vs_E3,97.8516893058,26,1,8.09092992079613e-07,1.5140853740735084e-05,0.9999604237293301,0.1535968780517578
G12_1_FIXTURE_08,E0_vs_E3,97.8516893058,27,1,6.81855852171241e-07,3.2487653860959614e-05,0.9999713197736924,0.173431396484375
G12_1_FIXTURE_08,E0_vs_E3,97.8516893058,28,1,1.1834491489815015e-06,8.529645052201694e-05,0.9999687704645434,0.1630845069885254
G12_1_FIXTURE_08,E0_vs_E3,97.8516893058,29,1,3.2995734807878083e-07,3.187807738568786e-05,0.9999779090516583,0.13883543014526367
G12_1_FIXTURE_08,E0_vs_E3,97.8516893058,30,1,4.45696405380687e-07,1.4293951334371814e-05,0.9999639838791275,0.1804962158203125
G12_1_FIXTURE_08,E0_vs_E3,97.8516893058,31,1,1.2749687114058298e-06,0.00011203262642663406,0.9999295134363223,0.16586089134216309
G12_1_FIXTURE_08,E0_vs_E3,97.8516893058,32,1,6.464987102838486e-07,2.81813064646906e-05,0.9999663954164255,0.17804908752441406
G12_1_FIXTURE_08,E0_vs_E3,97.8516893058,33,1,2.090910132378322e-06,0.00012078873751128483,0.9999674274769556,0.1834087371826172
G12_1_FIXTURE_08,E0_vs_E3,97.8516893058,34,1,1.420530215821595e-06,0.00010727700479604336,0.9999435804980595,0.19206809997558594
G12_1_FIXTURE_08,E0_vs_E3,97.8516893058,35,1,3.641615680923958e-07,4.583420980198852e-05,0.9999705618530984,0.14568567276000977
G12_1_FIXTURE_08,E0_vs_E3,97.8516893058,36,1,1.034740894022191e-06,7.943563406646306e-05,0.9999653278800161,0.1397991180419922
G12_1_FIXTURE_08,E0_vs_E3,97.8516893058,37,1,2.8239559953841836e-07,2.2615118410992084e-05,0.9999513042835465,0.224090576171875
G12_1_FIXTURE_08,E0_vs_E3,97.8516893058,38,1,2.124519481913772e-07,5.473389026079776e-06,0.9999712702426145,0.1602802276611328
G12_1_FIXTURE_08,E0_vs_E3,97.8516893058,39,1,2.70441895009292e-07,2.5083807252298715e-05,0.9999454170048837,0.18466567993164062
G12_1_FIXTURE_08,E0_vs_E3,97.8516893058,40,1,5.719360742766111e-07,4.9891963216586394e-05,0.9999582853197689,0.1595478057861328
G12_1_FIXTURE_08,E0_vs_E3,97.8516893058,41,1,2.0170665985032095e-07,7.646534831636702e-06,0.9999637556282983,0.25423240661621094
G12_1_FIXTURE_08,E0_vs_E3,97.8516893058,42,1,8.775107684464657e-07,6.681376001900475e-05,0.9999641694338827,0.17756175994873047
G12_1_FIXTURE_08,E0_vs_E3,97.8516893058,43,1,8.033300095947759e-07,6.1921948348882e-05,0.999956644496068,0.18106365203857422
G12_1_FIXTURE_08,E0_vs_E3,97.8516893058,44,1,2.100856987670706e-07,2.3815418950184387e-05,0.999944495944029,0.19983482360839844
G12_1_FIXTURE_08,E0_vs_E3,97.8516893058,45,1,2.6686476150367396e-07,2.760746794237194e-05,0.9999634418708351,0.19529247283935547
G12_1_FIXTURE_08,E0_vs_E3,97.8516893058,46,1,3.3257494178081e-07,2.966100219901533e-05,0.9999699480245412,0.15447711944580078
G12_1_FIXTURE_08,E0_vs_E3,97.8516893058,47,1,3.2742180771233654e-07,3.3217127841549295e-05,0.9999493762070005,0.15728473663330078
G12_1_FIXTURE_08,E0_vs_E3,97.8516893058,48,1,3.7158555924065857e-07,2.04854081342459e-05,0.999899748040289,0.22794723510742188
G12_1_FIXTURE_08,E0_vs_E3,97.8516893058,49,1,1.7541970408070038e-07,1.5874623658250725e-05,0.9999645471279932,0.16549968719482422
G12_1_FIXTURE_08,E0_vs_E3,97.8516893058,50,1,2.50355261536304e-07,2.274871731919618e-05,0.9999359331368272,0.17020797729492188
G12_1_FIXTURE_08,E0_vs_E3,97.8516893058,51,1,9.47923599979758e-08,2.0352791404063767e-06,0.9999630007377065,0.15435218811035156
G12_1_FIXTURE_08,E0_vs_E3,97.8516893058,52,1,3.943227776737022e-07,3.5436800729097466e-05,0.999972026576946,0.14775753021240234
G12_1_FIXTURE_08,E0_vs_E3,97.8516893058,53,1,7.527822513634334e-08,3.63765613621618e-06,0.9999669935378782,0.17230796813964844
G12_1_FIXTURE_08,E0_vs_E3,97.8516893058,54,1,1.601877813022328e-07,2.0383797269934057e-05,0.9999687123793697,0.149505615234375
G12_1_FIXTURE_08,E0_vs_E3,97.8516893058,55,1,2.6563246287044733e-07,2.241939807058629e-05,0.9999345446517264,0.17618560791015625
G12_1_FIXTURE_08,E0_vs_E3,97.8516893058,56,1,7.37304948141271e-08,2.712973997305373e-06,0.9999595582636956,0.17261886596679688
G12_1_FIXTURE_08,E0_vs_E3,97.8516893058,57,1,1.2221090570907424e-07,1.300500563430467e-05,0.9999404600588214,0.15670764446258545
G12_1_FIXTURE_08,E0_vs_E3,97.8516893058,58,1,4.522682105810163e-07,3.567636227659344e-05,0.9999639763045791,0.1624307632446289
G12_1_FIXTURE_08,E0_vs_E3,97.8516893058,59,1,3.7966897848678376e-07,2.9960708771979358e-05,0.9999599065242687,0.16222667694091797
G12_1_FIXTURE_08,E0_vs_E3,97.8516893058,60,1,5.466077663616335e-08,2.207563140705726e-06,0.9999595937970356,0.17027854919433594
G12_1_FIXTURE_08,E0_vs_E3,97.8516893058,61,1,2.202066471839494e-07,1.7075951005488302e-05,0.9999453306524607,0.16500282287597656
G12_1_FIXTURE_08,E0_vs_E3,97.8516893058,62,1,4.9257929740139465e-08,7.908418724953141e-06,0.9999478902675123,0.17871856689453125
G12_1_FIXTURE_08,E0_vs_E3,97.8516893058,63,1,4.215575369584496e-07,3.2546901800697156e-05,0.9999130546895201,0.17205429077148438
G12_1_FIXTURE_08,E0_vs_E3,97.8516893058,64,1,1.366702665583146e-07,0.06741084664671249,0.9999578751123793,0.1762676239013672
G12_1_FIXTURE_09,E3_vs_E4,NO_HOOK,0,1,1.1453592449612732e-12,4.909471899239293e-06,0.9999999999999267,1.621246337890625e-05
G12_1_FIXTURE_09,E3_vs_E4,NO_HOOK,1,1,7.570252259677401e-13,1.8078262549181545e-06,0.9999999999998618,1.4781951904296875e-05
G12_1_FIXTURE_09,E3_vs_E4,NO_HOOK,2,1,9.259749551422797e-13,4.1064406985924506e-08,0.9999999999998169,1.7642974853515625e-05
G12_1_FIXTURE_09,E3_vs_E4,NO_HOOK,3,1,1.07728198708433e-12,1.492393638002909e-06,0.9999999999998597,1.52587890625e-05
G12_1_FIXTURE_09,E3_vs_E4,NO_HOOK,4,1,8.341110990362023e-13,1.2560914566250858e-06,0.9999999999998206,1.52587890625e-05
G12_1_FIXTURE_09,E3_vs_E4,NO_HOOK,5,1,8.630683301284783e-13,3.118047651184952e-07,0.9999999999998443,1.6689300537109375e-05
G12_1_FIXTURE_09,E3_vs_E4,NO_HOOK,6,1,9.773736161716285e-13,4.377791272602849e-06,0.9999999999996793,1.3589859008789062e-05
G12_1_FIXTURE_09,E3_vs_E4,NO_HOOK,7,1,7.035597487984262e-13,2.264276716346103e-06,0.9999999999997978,1.621246337890625e-05
G12_1_FIXTURE_09,E3_vs_E4,NO_HOOK,8,1,8.326495724219695e-13,1.4312114586800817e-06,0.9999999999998012,1.71661376953125e-05
G12_1_FIXTURE_09,E3_vs_E4,0,0,1,1.1453592449612732e-12,4.909471899239293e-06,0.9999999999999267,1.621246337890625e-05
G12_1_FIXTURE_09,E3_vs_E4,0,1,1,7.570252259677401e-13,1.8078262549181545e-06,0.9999999999998618,1.4781951904296875e-05
G12_1_FIXTURE_09,E3_vs_E4,0,2,1,9.259749551422797e-13,4.1064406985924506e-08,0.9999999999998169,1.7642974853515625e-05
G12_1_FIXTURE_09,E3_vs_E4,0,3,1,1.07728198708433e-12,1.492393638002909e-06,0.9999999999998597,1.52587890625e-05
G12_1_FIXTURE_09,E3_vs_E4,0,4,1,8.341110990362023e-13,1.2560914566250858e-06,0.9999999999998206,1.52587890625e-05
G12_1_FIXTURE_09,E3_vs_E4,0,5,1,8.630683301284783e-13,3.118047651184952e-07,0.9999999999998443,1.6689300537109375e-05
G12_1_FIXTURE_09,E3_vs_E4,0,6,1,9.773736161716285e-13,4.377791272602849e-06,0.9999999999996793,1.3589859008789062e-05
G12_1_FIXTURE_09,E3_vs_E4,0,7,1,7.035597487984262e-13,2.264276716346103e-06,0.9999999999997978,1.621246337890625e-05
G12_1_FIXTURE_09,E3_vs_E4,0,8,1,8.326495724219695e-13,1.4312114586800817e-06,0.9999999999998012,1.71661376953125e-05
G12_1_FIXTURE_09,E0_vs_E3,0,0,1,4.330511229614391e-05,0.03550199145418098,0.999989653326058,0.10441064834594727
G12_1_FIXTURE_09,E0_vs_E3,0,1,1,3.8997724385500104e-05,0.002430903423874753,0.9999843354314406,0.10509872436523438
G12_1_FIXTURE_09,E0_vs_E3,0,2,1,3.736043741956065e-05,0.0003553887445661985,0.9999934025377875,0.09463882446289062
G12_1_FIXTURE_09,E0_vs_E3,0,3,1,5.521123300480481e-05,0.0006656512232297018,0.9999927003969605,0.1217508316040039
G12_1_FIXTURE_09,E0_vs_E3,0,4,1,4.2899359520117294e-05,0.03280638963384774,0.9999910025480068,0.09573936462402344
G12_1_FIXTURE_09,E0_vs_E3,0,5,1,3.465876303849809e-05,0.029964918980066813,0.9999918607589737,0.08434581756591797
G12_1_FIXTURE_09,E0_vs_E3,0,6,1,3.917216205867716e-05,0.030474606466448506,0.9999898848770695,0.08599090576171875
G12_1_FIXTURE_09,E0_vs_E3,0,7,1,4.403599883320044e-05,0.009530924226316628,0.9999887498007367,0.08356237411499023
G12_1_FIXTURE_09,E0_vs_E3,0,8,1,3.617396295993786e-05,0.03898695529565188,0.9999910301065088,0.08022403717041016
G12_1_FIXTURE_09,E3_NOHOOK_vs_ALPHA0,0,0,1,0.0,0.0,1.0,0.0
G12_1_FIXTURE_09,E3_NOHOOK_vs_ALPHA0,0,1,1,0.0,0.0,1.0,0.0
G12_1_FIXTURE_09,E3_NOHOOK_vs_ALPHA0,0,2,1,0.0,0.0,1.0000000000000002,0.0
G12_1_FIXTURE_09,E3_NOHOOK_vs_ALPHA0,0,3,1,0.0,0.0,1.0,0.0
G12_1_FIXTURE_09,E3_NOHOOK_vs_ALPHA0,0,4,1,0.0,0.0,1.0,0.0
G12_1_FIXTURE_09,E3_NOHOOK_vs_ALPHA0,0,5,1,0.0,0.0,0.9999999999999999,0.0
G12_1_FIXTURE_09,E3_NOHOOK_vs_ALPHA0,0,6,1,0.0,0.0,1.0,0.0
G12_1_FIXTURE_09,E3_NOHOOK_vs_ALPHA0,0,7,1,0.0,0.0,1.0,0.0
G12_1_FIXTURE_09,E3_NOHOOK_vs_ALPHA0,0,8,1,0.0,0.0,1.0,0.0
G12_1_FIXTURE_09,E4_NOHOOK_vs_ALPHA0,0,0,1,0.0,0.0,1.0,0.0
G12_1_FIXTURE_09,E4_NOHOOK_vs_ALPHA0,0,1,1,0.0,0.0,1.0,0.0
G12_1_FIXTURE_09,E4_NOHOOK_vs_ALPHA0,0,2,1,0.0,0.0,1.0,0.0
G12_1_FIXTURE_09,E4_NOHOOK_vs_ALPHA0,0,3,1,0.0,0.0,1.0,0.0
G12_1_FIXTURE_09,E4_NOHOOK_vs_ALPHA0,0,4,1,0.0,0.0,1.0000000000000002,0.0
G12_1_FIXTURE_09,E4_NOHOOK_vs_ALPHA0,0,5,1,0.0,0.0,1.0,0.0
G12_1_FIXTURE_09,E4_NOHOOK_vs_ALPHA0,0,6,1,0.0,0.0,1.0,0.0
G12_1_FIXTURE_09,E4_NOHOOK_vs_ALPHA0,0,7,1,0.0,0.0,1.0,0.0
G12_1_FIXTURE_09,E4_NOHOOK_vs_ALPHA0,0,8,1,0.0,0.0,0.9999999999999999,0.0
G12_1_FIXTURE_09,E3_vs_E4,0.01,0,1,7.263160885916896e-13,3.120258455169278e-06,0.999999999999926,1.6689300537109375e-05
G12_1_FIXTURE_09,E3_vs_E4,0.01,1,1,7.671857478531239e-13,8.773653501492618e-07,0.9999999999998457,1.71661376953125e-05
G12_1_FIXTURE_09,E3_vs_E4,0.01,2,1,7.973734836131505e-13,1.7507929968019198e-06,0.9999999999998397,2.384185791015625e-05
G12_1_FIXTURE_09,E3_vs_E4,0.01,3,1,1.0295775827806947e-12,1.2758018090863743e-06,0.9999999999998732,2.47955322265625e-05
G12_1_FIXTURE_09,E3_vs_E4,0.01,4,1,9.413698991057834e-13,2.0761525831858307e-08,0.9999999999998365,1.7404556274414062e-05
G12_1_FIXTURE_09,E3_vs_E4,0.01,5,1,8.837746871421614e-13,1.931232041840758e-06,0.9999999999998287,1.4543533325195312e-05
G12_1_FIXTURE_09,E3_vs_E4,0.01,6,1,1.4278272777052962e-12,3.036649456333862e-07,0.9999999999993794,1.728534698486328e-05
G12_1_FIXTURE_09,E3_vs_E4,0.01,7,1,7.896669466388886e-13,9.009982893104507e-07,0.9999999999998037,1.2874603271484375e-05
G12_1_FIXTURE_09,E3_vs_E4,0.01,8,1,7.845289514639819e-13,6.634009981354438e-07,0.9999999999998207,1.811981201171875e-05
G12_1_FIXTURE_09,E3_vs_E4,0.1,0,1,6.387540375001315e-13,5.789526760224817e-07,0.9999999999999267,1.5735626220703125e-05
G12_1_FIXTURE_09,E3_vs_E4,0.1,1,1,7.12973848495319e-13,1.9559439756733354e-07,0.9999999999998589,2.288818359375e-05
G12_1_FIXTURE_09,E3_vs_E4,0.1,2,1,7.415581921004672e-13,1.3443280444391803e-07,0.999999999999848,2.09808349609375e-05
G12_1_FIXTURE_09,E3_vs_E4,0.1,3,1,9.329072666605096e-13,6.500415388188685e-07,0.9999999999998654,2.384185791015625e-05
G12_1_FIXTURE_09,E3_vs_E4,0.1,4,1,1.0137014343846597e-12,4.612056054398295e-06,0.9999999999998614,1.33514404296875e-05
G12_1_FIXTURE_09,E3_vs_E4,0.1,5,1,1.103397269328913e-12,1.4843362645677871e-06,0.9999999999997307,2.288818359375e-05
G12_1_FIXTURE_09,E3_vs_E4,0.1,6,1,9.541715123064456e-13,5.347269274480482e-06,0.9999999999996568,1.4781951904296875e-05
G12_1_FIXTURE_09,E3_vs_E4,0.1,7,1,9.158140106900256e-13,1.6764323600426678e-06,0.9999999999997953,1.430511474609375e-05
G12_1_FIXTURE_09,E3_vs_E4,0.1,8,1,7.658145287608487e-13,1.4569522868157492e-06,0.9999999999998518,1.4781951904296875e-05
G12_1_FIXTURE_09,E3_vs_E4,97.8516893058,0,1,6.092132227292267e-13,1.5136953734895542e-07,0.9999999999999228,1.52587890625e-05
G12_1_FIXTURE_09,E3_vs_E4,97.8516893058,1,1,8.399889500446828e-13,9.006803480815506e-07,0.9999999999998576,1.811981201171875e-05
G12_1_FIXTURE_09,E3_vs_E4,97.8516893058,2,1,7.404587441017276e-13,3.532627552260692e-06,0.9999999999998018,1.621246337890625e-05
G12_1_FIXTURE_09,E3_vs_E4,97.8516893058,3,1,9.823081395999573e-13,2.9131595624676265e-07,0.9999999999998691,1.52587890625e-05
G12_1_FIXTURE_09,E3_vs_E4,97.8516893058,4,1,1.3064917810436738e-12,8.476739257190502e-07,0.9999999999998408,1.8835067749023438e-05
G12_1_FIXTURE_09,E3_vs_E4,97.8516893058,5,1,8.27959865526796e-13,2.4269739107296573e-06,0.999999999999842,2.0503997802734375e-05
G12_1_FIXTURE_09,E3_vs_E4,97.8516893058,6,1,9.254127671461489e-13,3.821313629970291e-06,0.999999999999399,1.7881393432617188e-05
G12_1_FIXTURE_09,E3_vs_E4,97.8516893058,7,1,7.65163066751996e-13,3.831672472642822e-07,0.9999999999998089,1.7404556274414062e-05
G12_1_FIXTURE_09,E3_vs_E4,97.8516893058,8,1,8.215065859612335e-13,4.793606425579355e-06,0.9999999999997835,1.52587890625e-05
G12_1_FIXTURE_09,E0_vs_E3,97.8516893058,0,1,4.454904107925524e-05,0.006089837098949502,0.9999902180756487,0.08177375793457031
G12_1_FIXTURE_09,E0_vs_E3,97.8516893058,1,0,5.154085904095592e-05,0.011346686063923528,0.9999853838601381,0.10158538818359375
G12_1_FIXTURE_09,E0_vs_E3,97.8516893058,2,1,4.528770372049987e-05,0.008292778520866406,0.9999901026070825,0.0776972770690918
G12_1_FIXTURE_09,E0_vs_E3,97.8516893058,3,1,5.634253414892241e-05,0.001043088019619276,0.9999903795519814,0.11790609359741211
G12_1_FIXTURE_09,E0_vs_E3,97.8516893058,4,1,4.61542688900279e-05,0.05042434470450452,0.9999920575654764,0.08643150329589844
G12_1_FIXTURE_09,E0_vs_E3,97.8516893058,5,1,3.8146263610634485e-05,0.022869166807963026,0.9999905717790198,0.07755088806152344
G12_1_FIXTURE_09,E0_vs_E3,97.8516893058,6,1,4.211303211056972e-05,0.002499868785372783,0.9999881195431413,0.07705879211425781
G12_1_FIXTURE_09,E0_vs_E3,97.8516893058,7,1,4.366920411177043e-05,0.030457004490109796,0.9999865971812458,0.09824991226196289
G12_1_FIXTURE_09,E0_vs_E3,97.8516893058,8,1,3.0130106397877296e-05,0.020359282906659004,0.9999932431258477,0.066436767578125
G12_1_FIXTURE_10,E3_vs_E4,NO_HOOK,0,1,5.067182114939645e-12,7.390033802678886e-06,0.9999999999994967,3.0517578125e-05
G12_1_FIXTURE_10,E3_vs_E4,NO_HOOK,1,1,8.983183601360964e-12,3.72783841129376e-07,0.9999999999994468,3.24249267578125e-05
G12_1_FIXTURE_10,E3_vs_E4,NO_HOOK,2,1,6.975992775418052e-12,5.742838899536196e-06,0.9999999999994856,2.86102294921875e-05
G12_1_FIXTURE_10,E3_vs_E4,NO_HOOK,3,1,1.3106105745157061e-11,5.9923781385862185e-06,0.9999999999994503,3.24249267578125e-05
G12_1_FIXTURE_10,E3_vs_E4,NO_HOOK,4,1,5.049646611132837e-12,1.7930589777392925e-06,0.9999999999995146,2.6702880859375e-05
G12_1_FIXTURE_10,E3_vs_E4,NO_HOOK,5,1,3.98476065480313e-12,1.9529328465495155e-06,0.9999999999991994,2.3365020751953125e-05
G12_1_FIXTURE_10,E3_vs_E4,NO_HOOK,6,1,6.509907123483373e-12,6.003938088028349e-06,0.9999999999994648,2.956390380859375e-05
G12_1_FIXTURE_10,E3_vs_E4,NO_HOOK,7,1,8.238171409040425e-12,3.128781672856462e-06,0.9999999999994694,3.4332275390625e-05
G12_1_FIXTURE_10,E3_vs_E4,NO_HOOK,8,1,7.568046307215528e-12,3.7703040760561635e-06,0.9999999999995404,3.4332275390625e-05
G12_1_FIXTURE_10,E3_vs_E4,NO_HOOK,9,1,5.440534358252538e-12,1.2793661330334771e-06,0.9999999999994911,2.956390380859375e-05
G12_1_FIXTURE_10,E3_vs_E4,NO_HOOK,10,1,6.410457764085478e-12,3.796364218544568e-07,0.9999999999995058,3.24249267578125e-05
G12_1_FIXTURE_10,E3_vs_E4,NO_HOOK,11,1,6.236808456652439e-12,2.545052419478111e-06,0.9999999999995145,3.528594970703125e-05
G12_1_FIXTURE_10,E3_vs_E4,NO_HOOK,12,1,4.115427519407242e-12,6.216673654080296e-06,0.9999999999995127,3.147125244140625e-05
G12_1_FIXTURE_10,E3_vs_E4,NO_HOOK,13,1,4.8942856647053124e-12,7.018158042271239e-06,0.9999999999995096,3.2901763916015625e-05
G12_1_FIXTURE_10,E3_vs_E4,NO_HOOK,14,1,3.9309801715930636e-12,1.9222379297190173e-06,0.9999999999995687,2.956390380859375e-05
G12_1_FIXTURE_10,E3_vs_E4,NO_HOOK,15,1,5.694715310733108e-12,4.6073778161570544e-06,0.99999999999953,3.24249267578125e-05
G12_1_FIXTURE_10,E3_vs_E4,NO_HOOK,16,1,3.820201775020567e-12,1.2605102412521774e-05,0.9999999999995715,3.62396240234375e-05
G12_1_FIXTURE_10,E3_vs_E4,NO_HOOK,17,1,4.340728300226407e-12,2.1641845133757442e-06,0.9999999999995569,3.528594970703125e-05
G12_1_FIXTURE_10,E3_vs_E4,NO_HOOK,18,1,5.579314007383931e-12,1.047548430221923e-06,0.9999999999995353,2.956390380859375e-05
G12_1_FIXTURE_10,E3_vs_E4,NO_HOOK,19,1,6.06847206718491e-12,3.422688124032902e-06,0.9999999999995474,3.337860107421875e-05
G12_1_FIXTURE_10,E3_vs_E4,NO_HOOK,20,1,3.5879764925607276e-12,3.6114649404339616e-07,0.9999999999995053,2.288818359375e-05
G12_1_FIXTURE_10,E3_vs_E4,NO_HOOK,21,1,5.796068105162677e-12,5.558525097981715e-06,0.9999999999995082,3.24249267578125e-05
G12_1_FIXTURE_10,E3_vs_E4,NO_HOOK,22,1,3.823271675512214e-12,2.1807117356331673e-07,0.9999999999995879,2.86102294921875e-05
G12_1_FIXTURE_10,E3_vs_E4,NO_HOOK,23,1,4.979257771034174e-12,1.277291776347056e-06,0.9999999999995387,3.0517578125e-05
G12_1_FIXTURE_10,E3_vs_E4,NO_HOOK,24,1,4.3901605412645085e-12,4.646078743064663e-06,0.9999999999995461,3.337860107421875e-05
G12_1_FIXTURE_10,E3_vs_E4,NO_HOOK,25,1,3.843537615849074e-12,4.374555713226869e-06,0.9999999999995657,2.765655517578125e-05
G12_1_FIXTURE_10,E3_vs_E4,NO_HOOK,26,1,1.4279975780729943e-11,1.9661050849606454e-06,0.9999999999994352,3.528594970703125e-05
G12_1_FIXTURE_10,E3_vs_E4,NO_HOOK,27,1,6.792245177083349e-12,6.68370091716497e-07,0.999999999999541,2.6226043701171875e-05
G12_1_FIXTURE_10,E3_vs_E4,NO_HOOK,28,1,5.009151736153986e-12,7.254391526601012e-06,0.9999999999995041,2.956390380859375e-05
G12_1_FIXTURE_10,E3_vs_E4,NO_HOOK,29,1,7.989032415698376e-12,1.0961794842501149e-05,0.9999999999995604,3.814697265625e-05
G12_1_FIXTURE_10,E3_vs_E4,NO_HOOK,30,1,4.350863606910717e-12,5.73937786185752e-07,0.999999999999529,2.86102294921875e-05
G12_1_FIXTURE_10,E3_vs_E4,NO_HOOK,31,1,7.210150862141882e-12,6.296195749655453e-06,0.9999999999995539,3.337860107421875e-05
G12_1_FIXTURE_10,E3_vs_E4,NO_HOOK,32,1,7.2636994804521735e-12,1.7739493856083755e-06,0.9999999999995499,3.910064697265625e-05
G12_1_FIXTURE_10,E3_vs_E4,0,0,1,5.067182114939645e-12,7.390033802678886e-06,0.9999999999994967,3.0517578125e-05
G12_1_FIXTURE_10,E3_vs_E4,0,1,1,8.983183601360964e-12,3.72783841129376e-07,0.9999999999994468,3.24249267578125e-05
G12_1_FIXTURE_10,E3_vs_E4,0,2,1,6.975992775418052e-12,5.742838899536196e-06,0.9999999999994856,2.86102294921875e-05
G12_1_FIXTURE_10,E3_vs_E4,0,3,1,1.3106105745157061e-11,5.9923781385862185e-06,0.9999999999994503,3.24249267578125e-05
G12_1_FIXTURE_10,E3_vs_E4,0,4,1,5.049646611132837e-12,1.7930589777392925e-06,0.9999999999995146,2.6702880859375e-05
G12_1_FIXTURE_10,E3_vs_E4,0,5,1,3.98476065480313e-12,1.9529328465495155e-06,0.9999999999991994,2.3365020751953125e-05
G12_1_FIXTURE_10,E3_vs_E4,0,6,1,6.509907123483373e-12,6.003938088028349e-06,0.9999999999994648,2.956390380859375e-05
G12_1_FIXTURE_10,E3_vs_E4,0,7,1,8.238171409040425e-12,3.128781672856462e-06,0.9999999999994694,3.4332275390625e-05
G12_1_FIXTURE_10,E3_vs_E4,0,8,1,7.568046307215528e-12,3.7703040760561635e-06,0.9999999999995404,3.4332275390625e-05
G12_1_FIXTURE_10,E3_vs_E4,0,9,1,5.440534358252538e-12,1.2793661330334771e-06,0.9999999999994911,2.956390380859375e-05
G12_1_FIXTURE_10,E3_vs_E4,0,10,1,6.410457764085478e-12,3.796364218544568e-07,0.9999999999995058,3.24249267578125e-05
G12_1_FIXTURE_10,E3_vs_E4,0,11,1,6.236808456652439e-12,2.545052419478111e-06,0.9999999999995145,3.528594970703125e-05
G12_1_FIXTURE_10,E3_vs_E4,0,12,1,4.115427519407242e-12,6.216673654080296e-06,0.9999999999995127,3.147125244140625e-05
G12_1_FIXTURE_10,E3_vs_E4,0,13,1,4.8942856647053124e-12,7.018158042271239e-06,0.9999999999995096,3.2901763916015625e-05
G12_1_FIXTURE_10,E3_vs_E4,0,14,1,3.9309801715930636e-12,1.9222379297190173e-06,0.9999999999995687,2.956390380859375e-05
G12_1_FIXTURE_10,E3_vs_E4,0,15,1,5.694715310733108e-12,4.6073778161570544e-06,0.99999999999953,3.24249267578125e-05
G12_1_FIXTURE_10,E3_vs_E4,0,16,1,3.820201775020567e-12,1.2605102412521774e-05,0.9999999999995715,3.62396240234375e-05
G12_1_FIXTURE_10,E3_vs_E4,0,17,1,4.340728300226407e-12,2.1641845133757442e-06,0.9999999999995569,3.528594970703125e-05
G12_1_FIXTURE_10,E3_vs_E4,0,18,1,5.579314007383931e-12,1.047548430221923e-06,0.9999999999995353,2.956390380859375e-05
G12_1_FIXTURE_10,E3_vs_E4,0,19,1,6.06847206718491e-12,3.422688124032902e-06,0.9999999999995474,3.337860107421875e-05
G12_1_FIXTURE_10,E3_vs_E4,0,20,1,3.5879764925607276e-12,3.6114649404339616e-07,0.9999999999995053,2.288818359375e-05
G12_1_FIXTURE_10,E3_vs_E4,0,21,1,5.796068105162677e-12,5.558525097981715e-06,0.9999999999995082,3.24249267578125e-05
G12_1_FIXTURE_10,E3_vs_E4,0,22,1,3.823271675512214e-12,2.1807117356331673e-07,0.9999999999995879,2.86102294921875e-05
G12_1_FIXTURE_10,E3_vs_E4,0,23,1,4.979257771034174e-12,1.277291776347056e-06,0.9999999999995387,3.0517578125e-05
G12_1_FIXTURE_10,E3_vs_E4,0,24,1,4.3901605412645085e-12,4.646078743064663e-06,0.9999999999995461,3.337860107421875e-05
G12_1_FIXTURE_10,E3_vs_E4,0,25,1,3.843537615849074e-12,4.374555713226869e-06,0.9999999999995657,2.765655517578125e-05
G12_1_FIXTURE_10,E3_vs_E4,0,26,1,1.4279975780729943e-11,1.9661050849606454e-06,0.9999999999994352,3.528594970703125e-05
G12_1_FIXTURE_10,E3_vs_E4,0,27,1,6.792245177083349e-12,6.68370091716497e-07,0.999999999999541,2.6226043701171875e-05
G12_1_FIXTURE_10,E3_vs_E4,0,28,1,5.009151736153986e-12,7.254391526601012e-06,0.9999999999995041,2.956390380859375e-05
G12_1_FIXTURE_10,E3_vs_E4,0,29,1,7.989032415698376e-12,1.0961794842501149e-05,0.9999999999995604,3.814697265625e-05
G12_1_FIXTURE_10,E3_vs_E4,0,30,1,4.350863606910717e-12,5.73937786185752e-07,0.999999999999529,2.86102294921875e-05
G12_1_FIXTURE_10,E3_vs_E4,0,31,1,7.210150862141882e-12,6.296195749655453e-06,0.9999999999995539,3.337860107421875e-05
G12_1_FIXTURE_10,E3_vs_E4,0,32,1,7.2636994804521735e-12,1.7739493856083755e-06,0.9999999999995499,3.910064697265625e-05
G12_1_FIXTURE_10,E0_vs_E3,0,0,0,3.84967778055544e-05,0.00651631071378489,0.9999914465429025,0.11148595809936523
G12_1_FIXTURE_10,E0_vs_E3,0,1,1,6.8711413064921e-05,0.007231502030313308,0.9999783867899282,0.10794031620025635
G12_1_FIXTURE_10,E0_vs_E3,0,2,1,6.306884050358535e-05,0.004840592811353517,0.9999902503162097,0.09331369400024414
G12_1_FIXTURE_10,E0_vs_E3,0,3,1,0.0001283805484418156,0.020007013837872734,0.9999793901267028,0.13791275024414062
G12_1_FIXTURE_10,E0_vs_E3,0,4,1,5.1060647873086955e-05,0.010819441742469849,0.9999922297114063,0.08543777465820312
G12_1_FIXTURE_10,E0_vs_E3,0,5,1,3.432583321732362e-05,0.0034339943939407647,0.9999831284627761,0.09972000122070312
G12_1_FIXTURE_10,E0_vs_E3,0,6,1,5.707082089929737e-05,0.035307271221318715,0.9999897951872166,0.10465717315673828
G12_1_FIXTURE_10,E0_vs_E3,0,7,1,6.223710322136384e-05,0.018106884167440995,0.9999922360103054,0.10678768157958984
G12_1_FIXTURE_10,E0_vs_E3,0,8,1,4.474346538210673e-05,0.00044072904649716804,0.9999938766248011,0.1022958755493164
G12_1_FIXTURE_10,E0_vs_E3,0,9,1,6.699569256630435e-05,0.03646854218195905,0.9999830675566982,0.12045049667358398
G12_1_FIXTURE_10,E0_vs_E3,0,10,1,3.9229541073293754e-05,0.02802694889839863,0.9999920897464759,0.10350799560546875
G12_1_FIXTURE_10,E0_vs_E3,0,11,1,4.1827949273160096e-05,0.024165630098014645,0.9999922345878265,0.09506893157958984
G12_1_FIXTURE_10,E0_vs_E3,0,12,1,3.962895667473693e-05,0.027283658728904925,0.9999927353364867,0.10127449035644531
G12_1_FIXTURE_10,E0_vs_E3,0,13,1,3.790049415271953e-05,0.030849044892717004,0.9999908498772355,0.09267044067382812
G12_1_FIXTURE_10,E0_vs_E3,0,14,1,3.259448370563039e-05,0.002086375311337818,0.9999926532560512,0.07274937629699707
G12_1_FIXTURE_10,E0_vs_E3,0,15,1,3.6073957496413284e-05,0.012660137390692938,0.999990481279165,0.09147560596466064
G12_1_FIXTURE_10,E0_vs_E3,0,16,1,4.258996147837006e-05,0.006917999630518423,0.9999924234371027,0.09827232360839844
G12_1_FIXTURE_10,E0_vs_E3,0,17,0,3.943702192916467e-05,0.01971347134055179,0.9999932088802205,0.07599735260009766
G12_1_FIXTURE_10,E0_vs_E3,0,18,1,4.152675692559944e-05,0.03953480898021944,0.9999903112586872,0.08603191375732422
G12_1_FIXTURE_10,E0_vs_E3,0,19,1,3.684705047891088e-05,0.01113667336679569,0.9999938000097929,0.10541725158691406
G12_1_FIXTURE_10,E0_vs_E3,0,20,1,4.775078798583627e-05,0.009640314360160218,0.9999849636159878,0.10837745666503906
G12_1_FIXTURE_10,E0_vs_E3,0,21,1,4.7103483728268514e-05,0.018602027074701155,0.999987011578556,0.09133434295654297
G12_1_FIXTURE_10,E0_vs_E3,0,22,1,3.997334933323349e-05,0.00514060173245845,0.9999862182503769,0.1002054214477539
G12_1_FIXTURE_10,E0_vs_E3,0,23,1,3.905424343859183e-05,0.010348541492307461,0.9999934598560831,0.10048389434814453
G12_1_FIXTURE_10,E0_vs_E3,0,24,1,3.424191544483693e-05,0.007460557733308448,0.9999926778385211,0.1110982894897461
G12_1_FIXTURE_10,E0_vs_E3,0,25,1,2.9199739309360005e-05,0.035681778124235564,0.9999913567495786,0.08163696527481079
G12_1_FIXTURE_10,E0_vs_E3,0,26,1,5.822005040091396e-05,0.01093544903354271,0.9999933874365728,0.07358741760253906
G12_1_FIXTURE_10,E0_vs_E3,0,27,1,9.10055907879573e-05,0.00952979454403824,0.9999869742640963,0.11495780944824219
G12_1_FIXTURE_10,E0_vs_E3,0,28,1,3.474306211328316e-05,0.0049416939933593085,0.9999925476085882,0.1161203384399414
G12_1_FIXTURE_10,E0_vs_E3,0,29,1,7.568623469719418e-05,0.021492927389218153,0.9999907374584749,0.09605026245117188
G12_1_FIXTURE_10,E0_vs_E3,0,30,1,6.00516681152518e-05,0.004059727038979943,0.9999885122344062,0.09095478057861328
G12_1_FIXTURE_10,E0_vs_E3,0,31,1,0.00014832785319788253,0.061758334603588594,0.9999897797562534,0.14214324951171875
G12_1_FIXTURE_10,E0_vs_E3,0,32,1,4.345623695076059e-05,0.012131659161545016,0.9999933008423285,0.08009624481201172
G12_1_FIXTURE_10,E3_NOHOOK_vs_ALPHA0,0,0,1,0.0,0.0,1.0,0.0
G12_1_FIXTURE_10,E3_NOHOOK_vs_ALPHA0,0,1,1,0.0,0.0,1.0,0.0
G12_1_FIXTURE_10,E3_NOHOOK_vs_ALPHA0,0,2,1,0.0,0.0,1.0,0.0
G12_1_FIXTURE_10,E3_NOHOOK_vs_ALPHA0,0,3,1,0.0,0.0,0.9999999999999998,0.0
G12_1_FIXTURE_10,E3_NOHOOK_vs_ALPHA0,0,4,1,0.0,0.0,1.0,0.0
G12_1_FIXTURE_10,E3_NOHOOK_vs_ALPHA0,0,5,1,0.0,0.0,1.0000000000000002,0.0
G12_1_FIXTURE_10,E3_NOHOOK_vs_ALPHA0,0,6,1,0.0,0.0,0.9999999999999998,0.0
G12_1_FIXTURE_10,E3_NOHOOK_vs_ALPHA0,0,7,1,0.0,0.0,0.9999999999999998,0.0
G12_1_FIXTURE_10,E3_NOHOOK_vs_ALPHA0,0,8,1,0.0,0.0,1.0,0.0
G12_1_FIXTURE_10,E3_NOHOOK_vs_ALPHA0,0,9,1,0.0,0.0,0.9999999999999999,0.0
G12_1_FIXTURE_10,E3_NOHOOK_vs_ALPHA0,0,10,1,0.0,0.0,1.0,0.0
G12_1_FIXTURE_10,E3_NOHOOK_vs_ALPHA0,0,11,1,0.0,0.0,1.0,0.0
G12_1_FIXTURE_10,E3_NOHOOK_vs_ALPHA0,0,12,1,0.0,0.0,1.0000000000000002,0.0
G12_1_FIXTURE_10,E3_NOHOOK_vs_ALPHA0,0,13,1,0.0,0.0,1.0,0.0
G12_1_FIXTURE_10,E3_NOHOOK_vs_ALPHA0,0,14,1,0.0,0.0,1.0,0.0
G12_1_FIXTURE_10,E3_NOHOOK_vs_ALPHA0,0,15,1,0.0,0.0,1.0,0.0
G12_1_FIXTURE_10,E3_NOHOOK_vs_ALPHA0,0,16,1,0.0,0.0,0.9999999999999999,0.0
G12_1_FIXTURE_10,E3_NOHOOK_vs_ALPHA0,0,17,1,0.0,0.0,1.0,0.0
G12_1_FIXTURE_10,E3_NOHOOK_vs_ALPHA0,0,18,1,0.0,0.0,1.0000000000000002,0.0
G12_1_FIXTURE_10,E3_NOHOOK_vs_ALPHA0,0,19,1,0.0,0.0,1.0,0.0
G12_1_FIXTURE_10,E3_NOHOOK_vs_ALPHA0,0,20,1,0.0,0.0,1.0,0.0
G12_1_FIXTURE_10,E3_NOHOOK_vs_ALPHA0,0,21,1,0.0,0.0,1.0,0.0
G12_1_FIXTURE_10,E3_NOHOOK_vs_ALPHA0,0,22,1,0.0,0.0,1.0,0.0
G12_1_FIXTURE_10,E3_NOHOOK_vs_ALPHA0,0,23,1,0.0,0.0,1.0,0.0
G12_1_FIXTURE_10,E3_NOHOOK_vs_ALPHA0,0,24,1,0.0,0.0,1.0000000000000002,0.0
G12_1_FIXTURE_10,E3_NOHOOK_vs_ALPHA0,0,25,1,0.0,0.0,1.0000000000000002,0.0
G12_1_FIXTURE_10,E3_NOHOOK_vs_ALPHA0,0,26,1,0.0,0.0,0.9999999999999998,0.0
G12_1_FIXTURE_10,E3_NOHOOK_vs_ALPHA0,0,27,1,0.0,0.0,1.0,0.0
G12_1_FIXTURE_10,E3_NOHOOK_vs_ALPHA0,0,28,1,0.0,0.0,1.0,0.0
G12_1_FIXTURE_10,E3_NOHOOK_vs_ALPHA0,0,29,1,0.0,0.0,1.0,0.0
G12_1_FIXTURE_10,E3_NOHOOK_vs_ALPHA0,0,30,1,0.0,0.0,1.0,0.0
G12_1_FIXTURE_10,E3_NOHOOK_vs_ALPHA0,0,31,1,0.0,0.0,1.0,0.0
G12_1_FIXTURE_10,E3_NOHOOK_vs_ALPHA0,0,32,1,0.0,0.0,1.0,0.0
G12_1_FIXTURE_10,E4_NOHOOK_vs_ALPHA0,0,0,1,0.0,0.0,1.0,0.0
G12_1_FIXTURE_10,E4_NOHOOK_vs_ALPHA0,0,1,1,0.0,0.0,0.9999999999999998,0.0
G12_1_FIXTURE_10,E4_NOHOOK_vs_ALPHA0,0,2,1,0.0,0.0,1.0000000000000002,0.0
G12_1_FIXTURE_10,E4_NOHOOK_vs_ALPHA0,0,3,1,0.0,0.0,0.9999999999999998,0.0
G12_1_FIXTURE_10,E4_NOHOOK_vs_ALPHA0,0,4,1,0.0,0.0,1.0,0.0
G12_1_FIXTURE_10,E4_NOHOOK_vs_ALPHA0,0,5,1,0.0,0.0,1.0,0.0
G12_1_FIXTURE_10,E4_NOHOOK_vs_ALPHA0,0,6,1,0.0,0.0,1.0,0.0
G12_1_FIXTURE_10,E4_NOHOOK_vs_ALPHA0,0,7,1,0.0,0.0,1.0000000000000002,0.0
G12_1_FIXTURE_10,E4_NOHOOK_vs_ALPHA0,0,8,1,0.0,0.0,1.0,0.0
G12_1_FIXTURE_10,E4_NOHOOK_vs_ALPHA0,0,9,1,0.0,0.0,1.0,0.0
G12_1_FIXTURE_10,E4_NOHOOK_vs_ALPHA0,0,10,1,0.0,0.0,0.9999999999999998,0.0
G12_1_FIXTURE_10,E4_NOHOOK_vs_ALPHA0,0,11,1,0.0,0.0,0.9999999999999998,0.0
G12_1_FIXTURE_10,E4_NOHOOK_vs_ALPHA0,0,12,1,0.0,0.0,1.0,0.0
G12_1_FIXTURE_10,E4_NOHOOK_vs_ALPHA0,0,13,1,0.0,0.0,1.0000000000000002,0.0
G12_1_FIXTURE_10,E4_NOHOOK_vs_ALPHA0,0,14,1,0.0,0.0,1.0000000000000002,0.0
G12_1_FIXTURE_10,E4_NOHOOK_vs_ALPHA0,0,15,1,0.0,0.0,1.0000000000000002,0.0
G12_1_FIXTURE_10,E4_NOHOOK_vs_ALPHA0,0,16,1,0.0,0.0,1.0,0.0
G12_1_FIXTURE_10,E4_NOHOOK_vs_ALPHA0,0,17,1,0.0,0.0,1.0,0.0
G12_1_FIXTURE_10,E4_NOHOOK_vs_ALPHA0,0,18,1,0.0,0.0,0.9999999999999999,0.0
G12_1_FIXTURE_10,E4_NOHOOK_vs_ALPHA0,0,19,1,0.0,0.0,1.0,0.0
G12_1_FIXTURE_10,E4_NOHOOK_vs_ALPHA0,0,20,1,0.0,0.0,1.0,0.0
G12_1_FIXTURE_10,E4_NOHOOK_vs_ALPHA0,0,21,1,0.0,0.0,1.0,0.0
G12_1_FIXTURE_10,E4_NOHOOK_vs_ALPHA0,0,22,1,0.0,0.0,1.0,0.0
G12_1_FIXTURE_10,E4_NOHOOK_vs_ALPHA0,0,23,1,0.0,0.0,1.0000000000000002,0.0
G12_1_FIXTURE_10,E4_NOHOOK_vs_ALPHA0,0,24,1,0.0,0.0,1.0,0.0
G12_1_FIXTURE_10,E4_NOHOOK_vs_ALPHA0,0,25,1,0.0,0.0,0.9999999999999999,0.0
G12_1_FIXTURE_10,E4_NOHOOK_vs_ALPHA0,0,26,1,0.0,0.0,1.0,0.0
G12_1_FIXTURE_10,E4_NOHOOK_vs_ALPHA0,0,27,1,0.0,0.0,1.0000000000000002,0.0
G12_1_FIXTURE_10,E4_NOHOOK_vs_ALPHA0,0,28,1,0.0,0.0,1.0000000000000002,0.0
G12_1_FIXTURE_10,E4_NOHOOK_vs_ALPHA0,0,29,1,0.0,0.0,1.0,0.0
G12_1_FIXTURE_10,E4_NOHOOK_vs_ALPHA0,0,30,1,0.0,0.0,1.0,0.0
G12_1_FIXTURE_10,E4_NOHOOK_vs_ALPHA0,0,31,1,0.0,0.0,1.0000000000000002,0.0
G12_1_FIXTURE_10,E4_NOHOOK_vs_ALPHA0,0,32,1,0.0,0.0,1.0000000000000002,0.0
G12_1_FIXTURE_10,E3_vs_E4,0.01,0,1,7.462724667123014e-12,1.5897498322203774e-06,0.9999999999994961,2.765655517578125e-05
G12_1_FIXTURE_10,E3_vs_E4,0.01,1,1,8.440755049063987e-12,1.2301579399576212e-06,0.9999999999994258,3.528594970703125e-05
G12_1_FIXTURE_10,E3_vs_E4,0.01,2,1,7.261435370926518e-12,4.853015420636098e-06,0.9999999999995016,3.528594970703125e-05
G12_1_FIXTURE_10,E3_vs_E4,0.01,3,1,1.2374589148751745e-11,3.942812348611824e-06,0.999999999999456,4.291534423828125e-05
G12_1_FIXTURE_10,E3_vs_E4,0.01,4,1,4.4761841496287926e-12,1.2434350331602673e-06,0.9999999999995012,2.5272369384765625e-05
G12_1_FIXTURE_10,E3_vs_E4,0.01,5,1,3.767378287182945e-12,2.9963369687635577e-06,0.9999999999992487,2.5272369384765625e-05
G12_1_FIXTURE_10,E3_vs_E4,0.01,6,1,8.989949913923142e-12,3.900995835692811e-06,0.9999999999994572,3.814697265625e-05
G12_1_FIXTURE_10,E3_vs_E4,0.01,7,1,6.57476495034387e-12,1.9867856142496976e-06,0.9999999999994683,2.956390380859375e-05
G12_1_FIXTURE_10,E3_vs_E4,0.01,8,1,9.251971599618445e-12,1.5134326751820026e-06,0.999999999999527,3.147125244140625e-05
G12_1_FIXTURE_10,E3_vs_E4,0.01,9,1,4.781401173556383e-12,6.656211493094588e-07,0.9999999999994739,2.574920654296875e-05
G12_1_FIXTURE_10,E3_vs_E4,0.01,10,1,5.728205225706473e-12,6.790699870862227e-06,0.9999999999994972,3.528594970703125e-05
G12_1_FIXTURE_10,E3_vs_E4,0.01,11,1,5.289915390685079e-12,6.279801779029981e-06,0.9999999999995403,2.86102294921875e-05
G12_1_FIXTURE_10,E3_vs_E4,0.01,12,1,4.5395113989122966e-12,4.157442129226752e-06,0.9999999999995051,2.574920654296875e-05
G12_1_FIXTURE_10,E3_vs_E4,0.01,13,1,5.365987357679146e-12,1.233057146166061e-06,0.9999999999995264,3.4332275390625e-05
G12_1_FIXTURE_10,E3_vs_E4,0.01,14,1,4.679417575812312e-12,5.111648508915323e-06,0.9999999999995259,4.38690185546875e-05
G12_1_FIXTURE_10,E3_vs_E4,0.01,15,1,5.15084938211427e-12,1.3082834366073826e-05,0.9999999999995394,3.814697265625e-05
G12_1_FIXTURE_10,E3_vs_E4,0.01,16,1,4.014034151960533e-12,6.44222595269639e-07,0.9999999999995636,2.6226043701171875e-05
G12_1_FIXTURE_10,E3_vs_E4,0.01,17,1,4.452291683499475e-12,1.7268426759642352e-06,0.9999999999995434,3.147125244140625e-05
G12_1_FIXTURE_10,E3_vs_E4,0.01,18,1,4.60304809845643e-12,2.1514601691308144e-06,0.9999999999995796,2.86102294921875e-05
G12_1_FIXTURE_10,E3_vs_E4,0.01,19,1,5.163035090012126e-12,5.191444962804326e-07,0.9999999999995516,4.00543212890625e-05
G12_1_FIXTURE_10,E3_vs_E4,0.01,20,1,4.2524907358139525e-12,2.927530861285277e-06,0.9999999999994975,2.384185791015625e-05
G12_1_FIXTURE_10,E3_vs_E4,0.01,21,1,4.097492656876213e-12,5.6480546195558645e-06,0.9999999999994863,2.6702880859375e-05
G12_1_FIXTURE_10,E3_vs_E4,0.01,22,1,4.421468765297696e-12,5.3912413555679e-07,0.9999999999995755,3.147125244140625e-05
G12_1_FIXTURE_10,E3_vs_E4,0.01,23,1,4.477061674173961e-12,1.8312298628586632e-06,0.9999999999995258,2.86102294921875e-05
G12_1_FIXTURE_10,E3_vs_E4,0.01,24,1,4.010297250808533e-12,4.1230926335344975e-06,0.9999999999995388,2.574920654296875e-05
G12_1_FIXTURE_10,E3_vs_E4,0.01,25,1,3.497734974842315e-12,3.282405845794756e-06,0.9999999999995582,2.86102294921875e-05
G12_1_FIXTURE_10,E3_vs_E4,0.01,26,1,2.7121671740874805e-11,1.7941629959494776e-06,0.999999999999446,3.910064697265625e-05
G12_1_FIXTURE_10,E3_vs_E4,0.01,27,1,6.3967618625145465e-12,5.473094617514107e-07,0.9999999999995439,3.1948089599609375e-05
G12_1_FIXTURE_10,E3_vs_E4,0.01,28,1,5.385483102534288e-12,2.571037828857925e-06,0.9999999999995075,3.528594970703125e-05
G12_1_FIXTURE_10,E3_vs_E4,0.01,29,1,8.322213845116765e-12,5.1805887988365384e-06,0.9999999999995649,3.719329833984375e-05
G12_1_FIXTURE_10,E3_vs_E4,0.01,30,1,4.502411141659294e-12,5.283105437570157e-07,0.9999999999995375,2.4318695068359375e-05
G12_1_FIXTURE_10,E3_vs_E4,0.01,31,1,7.62412948257993e-12,2.129623757340937e-06,0.9999999999995587,3.147125244140625e-05
G12_1_FIXTURE_10,E3_vs_E4,0.01,32,1,4.843171727742912e-12,1.8256482707812438e-06,0.9999999999995621,2.765655517578125e-05
G12_1_FIXTURE_10,E3_vs_E4,0.1,0,1,5.665199823512085e-12,4.821797940479655e-06,0.9999999999994974,2.8133392333984375e-05
G12_1_FIXTURE_10,E3_vs_E4,0.1,1,1,7.491265723376572e-12,5.98848796329321e-07,0.9999999999994315,2.86102294921875e-05
G12_1_FIXTURE_10,E3_vs_E4,0.1,2,1,4.6354558232988765e-12,3.45802891210667e-06,0.999999999999462,2.574920654296875e-05
G12_1_FIXTURE_10,E3_vs_E4,0.1,3,1,1.1680240054236929e-11,1.2932311038937883e-05,0.9999999999994459,3.24249267578125e-05
G12_1_FIXTURE_10,E3_vs_E4,0.1,4,1,5.236650309947927e-12,1.51522891833622e-06,0.9999999999995102,2.956390380859375e-05
G12_1_FIXTURE_10,E3_vs_E4,0.1,5,1,3.2867220080505905e-12,5.005993015672061e-06,0.9999999999992683,2.0503997802734375e-05
G12_1_FIXTURE_10,E3_vs_E4,0.1,6,1,7.465136848929942e-12,1.531581722602482e-05,0.9999999999994503,3.528594970703125e-05
G12_1_FIXTURE_10,E3_vs_E4,0.1,7,1,6.8101338877355e-12,3.0588507815565436e-06,0.9999999999994932,3.147125244140625e-05
G12_1_FIXTURE_10,E3_vs_E4,0.1,8,1,6.818314200937142e-12,6.685316193966173e-07,0.999999999999538,2.956390380859375e-05
G12_1_FIXTURE_10,E3_vs_E4,0.1,9,1,4.454547127932674e-12,7.115785578548639e-07,0.9999999999994974,3.0040740966796875e-05
G12_1_FIXTURE_10,E3_vs_E4,0.1,10,1,5.078724265683392e-12,3.1974694660874547e-06,0.9999999999995205,2.8133392333984375e-05
G12_1_FIXTURE_10,E3_vs_E4,0.1,11,1,5.652427011156301e-12,3.7898322045037958e-06,0.9999999999995486,3.814697265625e-05
G12_1_FIXTURE_10,E3_vs_E4,0.1,12,1,4.306754465808082e-12,3.2171919475132427e-06,0.9999999999995314,3.0517578125e-05
G12_1_FIXTURE_10,E3_vs_E4,0.1,13,1,4.9974347774207234e-12,3.8984446604217737e-07,0.9999999999995317,2.574920654296875e-05
G12_1_FIXTURE_10,E3_vs_E4,0.1,14,1,4.860514553797106e-12,2.8273492826969004e-06,0.9999999999995409,3.0517578125e-05
G12_1_FIXTURE_10,E3_vs_E4,0.1,15,1,4.598551334966233e-12,8.27170205930372e-06,0.9999999999995468,2.765655517578125e-05
G12_1_FIXTURE_10,E3_vs_E4,0.1,16,1,3.789132264292462e-12,1.196295617234e-06,0.9999999999995599,2.956390380859375e-05
G12_1_FIXTURE_10,E3_vs_E4,0.1,17,1,4.691844777596631e-12,5.360761946349157e-06,0.9999999999995588,2.6226043701171875e-05
G12_1_FIXTURE_10,E3_vs_E4,0.1,18,1,5.083427537473726e-12,1.5723894666308524e-06,0.9999999999995755,2.574920654296875e-05
G12_1_FIXTURE_10,E3_vs_E4,0.1,19,1,5.165960705872599e-12,1.034898005514151e-06,0.9999999999995465,3.910064697265625e-05
G12_1_FIXTURE_10,E3_vs_E4,0.1,20,1,4.30845130084851e-12,9.862873646682147e-07,0.9999999999994867,2.384185791015625e-05
G12_1_FIXTURE_10,E3_vs_E4,0.1,21,1,4.9634307475952175e-12,4.2527986288121156e-07,0.9999999999995197,2.86102294921875e-05
G12_1_FIXTURE_10,E3_vs_E4,0.1,22,1,3.7538625974707275e-12,8.334185075398182e-06,0.9999999999995648,3.719329833984375e-05
G12_1_FIXTURE_10,E3_vs_E4,0.1,23,1,4.287123898440793e-12,2.2724297252807446e-06,0.9999999999995403,2.765655517578125e-05
G12_1_FIXTURE_10,E3_vs_E4,0.1,24,1,3.948530370031842e-12,1.0205821610043131e-07,0.9999999999995421,2.6226043701171875e-05
G12_1_FIXTURE_10,E3_vs_E4,0.1,25,1,3.761570573415e-12,4.8814974462629834e-06,0.9999999999995636,2.574920654296875e-05
G12_1_FIXTURE_10,E3_vs_E4,0.1,26,1,1.8969041703483606e-11,1.6249963863401717e-07,0.9999999999994353,3.62396240234375e-05
G12_1_FIXTURE_10,E3_vs_E4,0.1,27,1,4.879505703883816e-12,1.3818505983920204e-06,0.999999999999505,3.719329833984375e-05
G12_1_FIXTURE_10,E3_vs_E4,0.1,28,1,5.149199966817113e-12,9.451055531073393e-06,0.9999999999995248,3.528594970703125e-05
G12_1_FIXTURE_10,E3_vs_E4,0.1,29,1,5.783309854049373e-12,6.973843522217749e-06,0.9999999999995695,2.86102294921875e-05
G12_1_FIXTURE_10,E3_vs_E4,0.1,30,1,4.401671850489781e-12,5.29443118679751e-07,0.9999999999995433,3.147125244140625e-05
G12_1_FIXTURE_10,E3_vs_E4,0.1,31,1,7.880738471802188e-12,5.596856730960553e-06,0.9999999999995522,3.528594970703125e-05
G12_1_FIXTURE_10,E3_vs_E4,0.1,32,1,3.9192154060059295e-12,3.526654149155206e-06,0.9999999999995755,2.86102294921875e-05
G12_1_FIXTURE_10,E3_vs_E4,97.8516893058,0,1,6.894971782061137e-12,8.37758359750751e-06,0.9999999999994567,3.814697265625e-05
G12_1_FIXTURE_10,E3_vs_E4,97.8516893058,1,1,8.560134848825403e-12,2.047752616363141e-07,0.9999999999993856,3.0517578125e-05
G12_1_FIXTURE_10,E3_vs_E4,97.8516893058,2,1,3.976572257045891e-12,1.504471057955925e-06,0.9999999999994956,3.0517578125e-05
G12_1_FIXTURE_10,E3_vs_E4,97.8516893058,3,1,1.267643298602153e-11,7.27084595730787e-06,0.9999999999994267,3.337860107421875e-05
G12_1_FIXTURE_10,E3_vs_E4,97.8516893058,4,1,4.380267701844624e-12,3.135402661058606e-06,0.9999999999995273,2.956390380859375e-05
G12_1_FIXTURE_10,E3_vs_E4,97.8516893058,5,1,3.771537664298907e-12,1.0938502022384e-05,0.9999999999993257,2.384185791015625e-05
G12_1_FIXTURE_10,E3_vs_E4,97.8516893058,6,1,5.362049052480637e-12,4.032883126114939e-06,0.999999999999442,3.0517578125e-05
G12_1_FIXTURE_10,E3_vs_E4,97.8516893058,7,1,7.423242796085455e-12,1.2557778212851645e-06,0.9999999999994889,3.147125244140625e-05
G12_1_FIXTURE_10,E3_vs_E4,97.8516893058,8,1,8.146453791167605e-12,6.088623472066956e-07,0.9999999999995127,3.337860107421875e-05
G12_1_FIXTURE_10,E3_vs_E4,97.8516893058,9,1,6.8289063668767214e-12,7.857489201512635e-07,0.9999999999994784,2.956390380859375e-05
G12_1_FIXTURE_10,E3_vs_E4,97.8516893058,10,1,5.187498454589307e-12,5.061510641723999e-07,0.9999999999995042,3.24249267578125e-05
G12_1_FIXTURE_10,E3_vs_E4,97.8516893058,11,1,6.704722933137291e-12,8.393513901694405e-07,0.9999999999995488,3.62396240234375e-05
G12_1_FIXTURE_10,E3_vs_E4,97.8516893058,12,1,4.166870247868302e-12,4.083678346589181e-06,0.9999999999994946,2.7894973754882812e-05
G12_1_FIXTURE_10,E3_vs_E4,97.8516893058,13,1,5.6389009338464356e-12,4.033087980914729e-06,0.9999999999995288,3.147125244140625e-05
G12_1_FIXTURE_10,E3_vs_E4,97.8516893058,14,1,5.3912465052037925e-12,1.3806280918515768e-07,0.9999999999995454,3.0040740966796875e-05
G12_1_FIXTURE_10,E3_vs_E4,97.8516893058,15,1,5.828352615709769e-12,1.3602664381551222e-06,0.9999999999995361,3.337860107421875e-05
G12_1_FIXTURE_10,E3_vs_E4,97.8516893058,16,1,3.700874193004008e-12,2.1597491617342257e-07,0.9999999999995695,2.574920654296875e-05
G12_1_FIXTURE_10,E3_vs_E4,97.8516893058,17,1,4.846931319281332e-12,7.145227911564689e-06,0.9999999999995541,2.7179718017578125e-05
G12_1_FIXTURE_10,E3_vs_E4,97.8516893058,18,1,5.294591754949349e-12,1.0750203873755027e-06,0.9999999999995709,3.24249267578125e-05
G12_1_FIXTURE_10,E3_vs_E4,97.8516893058,19,1,5.0644391003442106e-12,4.38765272292585e-06,0.9999999999995485,3.4332275390625e-05
G12_1_FIXTURE_10,E3_vs_E4,97.8516893058,20,1,4.159003632053089e-12,2.781041184007904e-06,0.9999999999995001,3.1948089599609375e-05
G12_1_FIXTURE_10,E3_vs_E4,97.8516893058,21,1,6.341953026891264e-12,1.3652570949318488e-06,0.9999999999995118,3.0517578125e-05
G12_1_FIXTURE_10,E3_vs_E4,97.8516893058,22,1,4.061181936431022e-12,3.168267824094073e-06,0.9999999999995938,2.956390380859375e-05
G12_1_FIXTURE_10,E3_vs_E4,97.8516893058,23,1,4.5462572066836945e-12,5.060541690582454e-06,0.9999999999995468,2.6226043701171875e-05
G12_1_FIXTURE_10,E3_vs_E4,97.8516893058,24,1,4.526183731061563e-12,1.827916523922113e-06,0.9999999999995075,2.86102294921875e-05
G12_1_FIXTURE_10,E3_vs_E4,97.8516893058,25,1,4.1326157535493696e-12,5.5341991043178496e-06,0.9999999999995791,3.24249267578125e-05
G12_1_FIXTURE_10,E3_vs_E4,97.8516893058,26,1,8.288480825341408e-12,2.2828218746440143e-06,0.999999999999436,3.62396240234375e-05
G12_1_FIXTURE_10,E3_vs_E4,97.8516893058,27,1,8.430125550446697e-12,3.639769392549397e-06,0.9999999999995471,3.814697265625e-05
G12_1_FIXTURE_10,E3_vs_E4,97.8516893058,28,1,8.63820552508748e-12,6.59047344697683e-06,0.9999999999995215,3.62396240234375e-05
G12_1_FIXTURE_10,E3_vs_E4,97.8516893058,29,1,8.111569741400645e-12,1.978004885216933e-06,0.9999999999995287,2.765655517578125e-05
G12_1_FIXTURE_10,E3_vs_E4,97.8516893058,30,1,5.338180322386678e-12,2.8440082822100976e-06,0.9999999999995443,4.100799560546875e-05
G12_1_FIXTURE_10,E3_vs_E4,97.8516893058,31,1,7.887851358495882e-12,2.1428101248943676e-07,0.9999999999995755,3.4332275390625e-05
G12_1_FIXTURE_10,E3_vs_E4,97.8516893058,32,1,7.0842173666090205e-12,2.254251157296494e-06,0.9999999999995887,3.147125244140625e-05
G12_1_FIXTURE_10,E0_vs_E3,97.8516893058,0,1,5.465694453632338e-05,0.022407415897024663,0.9999935164575584,0.11054229736328125
G12_1_FIXTURE_10,E0_vs_E3,97.8516893058,1,1,8.94308818067692e-05,0.003862640014817842,0.9999787533284928,0.13782906532287598
G12_1_FIXTURE_10,E0_vs_E3,97.8516893058,2,1,5.61543142044604e-05,0.012475246505237791,0.9999864719358303,0.10583877563476562
G12_1_FIXTURE_10,E0_vs_E3,97.8516893058,3,1,0.00014971374562547835,0.0068747819026135915,0.9999848991898331,0.10047721862792969
G12_1_FIXTURE_10,E0_vs_E3,97.8516893058,4,1,2.6909501787420137e-05,0.0009594028610280247,0.9999944703763689,0.06831145286560059
G12_1_FIXTURE_10,E0_vs_E3,97.8516893058,5,1,2.9728461560687427e-05,0.014664481229686999,0.9999846668094008,0.08219385147094727
G12_1_FIXTURE_10,E0_vs_E3,97.8516893058,6,1,7.54108025912125e-05,0.02512009208949273,0.9999889727139201,0.11085224151611328
G12_1_FIXTURE_10,E0_vs_E3,97.8516893058,7,1,5.61440500596133e-05,0.0019408975299537445,0.9999908958229654,0.0922698974609375
G12_1_FIXTURE_10,E0_vs_E3,97.8516893058,8,1,6.087800804685051e-05,0.014407275191663516,0.9999833326632774,0.13631343841552734
G12_1_FIXTURE_10,E0_vs_E3,97.8516893058,9,1,5.263080313162779e-05,0.008612185514390802,0.999984691009099,0.10872173309326172
G12_1_FIXTURE_10,E0_vs_E3,97.8516893058,10,1,3.4488206305511654e-05,0.021395518464805363,0.9999898135963674,0.08920764923095703
G12_1_FIXTURE_10,E0_vs_E3,97.8516893058,11,1,5.8131619907824295e-05,0.029156680569197846,0.9999917792796835,0.09179115295410156
G12_1_FIXTURE_10,E0_vs_E3,97.8516893058,12,1,3.131639749082427e-05,0.02445702881867895,0.9999930078132995,0.08130693435668945
G12_1_FIXTURE_10,E0_vs_E3,97.8516893058,13,1,5.126646307602442e-05,0.017620732778039994,0.9999902026294624,0.08353996276855469
G12_1_FIXTURE_10,E0_vs_E3,97.8516893058,14,1,3.3176210801902635e-05,0.035920574511614234,0.9999941444682445,0.07732439041137695
G12_1_FIXTURE_10,E0_vs_E3,97.8516893058,15,1,4.7344090757888075e-05,0.0028949084001599346,0.9999913431104749,0.0959787368774414
G12_1_FIXTURE_10,E0_vs_E3,97.8516893058,16,1,3.76348314367764e-05,0.005440554794681418,0.9999918622243864,0.07037591934204102
G12_1_FIXTURE_10,E0_vs_E3,97.8516893058,17,1,3.7713715080436416e-05,0.013726173268521435,0.9999939165906193,0.073028564453125
G12_1_FIXTURE_10,E0_vs_E3,97.8516893058,18,1,5.112742743675579e-05,0.016829890608265785,0.9999902607415248,0.0762166976928711
G12_1_FIXTURE_10,E0_vs_E3,97.8516893058,19,1,3.0922497436872956e-05,0.027020324577035737,0.9999951835446661,0.09956979751586914
G12_1_FIXTURE_10,E0_vs_E3,97.8516893058,20,1,5.655545658668666e-05,0.006377754912445965,0.9999848243464878,0.09669828414916992
G12_1_FIXTURE_10,E0_vs_E3,97.8516893058,21,0,3.902726991644968e-05,0.007260487894821921,0.9999901323509621,0.0859079360961914
G12_1_FIXTURE_10,E0_vs_E3,97.8516893058,22,1,4.9409627347487355e-05,0.0005798276695934135,0.9999890298500705,0.07907295227050781
G12_1_FIXTURE_10,E0_vs_E3,97.8516893058,23,1,3.021593106037941e-05,0.019582673290766905,0.999993940819737,0.08426761627197266
G12_1_FIXTURE_10,E0_vs_E3,97.8516893058,24,1,3.762224539427276e-05,0.018752793131104895,0.9999926915135182,0.10870122909545898
G12_1_FIXTURE_10,E0_vs_E3,97.8516893058,25,1,3.597070049745911e-05,0.022042324446561068,0.9999900832594973,0.08061981201171875
G12_1_FIXTURE_10,E0_vs_E3,97.8516893058,26,1,6.182233019780151e-05,0.019899219870014306,0.9999930514277764,0.09938240051269531
G12_1_FIXTURE_10,E0_vs_E3,97.8516893058,27,1,9.645282065195017e-05,0.021646215303235294,0.9999881492661475,0.1122751235961914
G12_1_FIXTURE_10,E0_vs_E3,97.8516893058,28,1,3.150942628434761e-05,0.014789632886994752,0.9999941994471429,0.08974504470825195
G12_1_FIXTURE_10,E0_vs_E3,97.8516893058,29,1,6.16577277669473e-05,0.021093041103148025,0.9999917506109409,0.10169029235839844
G12_1_FIXTURE_10,E0_vs_E3,97.8516893058,30,0,4.863161057054241e-05,0.02938458962651147,0.999992099023358,0.07653999328613281
G12_1_FIXTURE_10,E0_vs_E3,97.8516893058,31,1,0.00013682250207087683,0.026520747077981355,0.9999860218512768,0.17421531677246094
G12_1_FIXTURE_10,E0_vs_E3,97.8516893058,32,1,4.658165177490409e-05,0.022102141791998875,0.9999920200765439,0.09001541137695312
G12_1_FIXTURE_11,E3_vs_E4,NO_HOOK,0,1,1.228518839570682e-13,1.3706808008606686e-06,0.9999999999999765,6.67572021484375e-06
G12_1_FIXTURE_11,E3_vs_E4,NO_HOOK,1,1,5.441787521137654e-13,1.793363177071683e-06,0.9999999999998361,8.106231689453125e-06
G12_1_FIXTURE_11,E3_vs_E4,NO_HOOK,2,1,7.163420399012218e-13,1.3958414672998742e-06,0.9999999999999123,1.2278556823730469e-05
G12_1_FIXTURE_11,E3_vs_E4,0,0,1,1.228518839570682e-13,1.3706808008606686e-06,0.9999999999999765,6.67572021484375e-06
G12_1_FIXTURE_11,E3_vs_E4,0,1,1,5.441787521137654e-13,1.793363177071683e-06,0.9999999999998361,8.106231689453125e-06
G12_1_FIXTURE_11,E3_vs_E4,0,2,1,7.163420399012218e-13,1.3958414672998742e-06,0.9999999999999123,1.2278556823730469e-05
G12_1_FIXTURE_11,E0_vs_E3,0,0,1,4.9977548782986054e-05,0.007830142267835072,0.9999910427415306,0.0801849365234375
G12_1_FIXTURE_11,E0_vs_E3,0,1,1,5.124841899814821e-05,0.012529092833673872,0.9999874689976204,0.08611392974853516
G12_1_FIXTURE_11,E0_vs_E3,0,2,1,3.079370013921947e-05,0.02074347744349403,0.999993910727624,0.07972192764282227
G12_1_FIXTURE_11,E3_NOHOOK_vs_ALPHA0,0,0,1,0.0,0.0,1.0000000000000002,0.0
G12_1_FIXTURE_11,E3_NOHOOK_vs_ALPHA0,0,1,1,0.0,0.0,1.0000000000000002,0.0
G12_1_FIXTURE_11,E3_NOHOOK_vs_ALPHA0,0,2,1,0.0,0.0,0.9999999999999998,0.0
G12_1_FIXTURE_11,E4_NOHOOK_vs_ALPHA0,0,0,1,0.0,0.0,0.9999999999999998,0.0
G12_1_FIXTURE_11,E4_NOHOOK_vs_ALPHA0,0,1,1,0.0,0.0,1.0,0.0
G12_1_FIXTURE_11,E4_NOHOOK_vs_ALPHA0,0,2,1,0.0,0.0,1.0,0.0
G12_1_FIXTURE_11,E3_vs_E4,0.01,0,1,1.3194184905243734e-13,4.588001090155558e-09,0.9999999999999767,6.198883056640625e-06
G12_1_FIXTURE_11,E3_vs_E4,0.01,1,1,4.248112688648753e-13,1.584418036770785e-06,0.9999999999998247,9.059906005859375e-06
G12_1_FIXTURE_11,E3_vs_E4,0.01,2,1,6.878386259638933e-13,2.437147188061317e-06,0.9999999999998977,9.357929229736328e-06
G12_1_FIXTURE_11,E3_vs_E4,0.1,0,1,1.4977230442329197e-13,4.904475048306267e-08,0.9999999999999767,1.0251998901367188e-05
G12_1_FIXTURE_11,E3_vs_E4,0.1,1,1,4.140080560340308e-13,1.679811754584648e-06,0.9999999999998407,8.58306884765625e-06
G12_1_FIXTURE_11,E3_vs_E4,0.1,2,1,4.5421995605242604e-13,1.0713112565952088e-06,0.9999999999999256,9.298324584960938e-06
G12_1_FIXTURE_11,E3_vs_E4,97.8516893058,0,1,1.5586469026368028e-13,2.0263378530671616e-06,0.9999999999999765,6.079673767089844e-06
G12_1_FIXTURE_11,E3_vs_E4,97.8516893058,1,1,4.761863640256342e-13,1.4148712530470675e-06,0.9999999999997835,9.894371032714844e-06
G12_1_FIXTURE_11,E3_vs_E4,97.8516893058,2,1,4.2367125223057155e-13,1.338546748996805e-07,0.9999999999998941,1.2874603271484375e-05
G12_1_FIXTURE_11,E0_vs_E3,97.8516893058,0,1,5.444294342282839e-05,0.010168286327669307,0.9999847370141047,0.12013578414916992
G12_1_FIXTURE_11,E0_vs_E3,97.8516893058,1,1,4.383050721024875e-05,0.002162626381608135,0.9999847213964341,0.08828401565551758
G12_1_FIXTURE_11,E0_vs_E3,97.8516893058,2,1,4.695155476698706e-05,0.00010474096224299956,0.9999927710184209,0.09912967681884766
