route,S,N,R,K_reference,K_fresh,controller_split_role,subspace_sd,generic_random_mean,scenario,learned_advantage,measurement_sd,rejection_rate,wilson_low,wilson_high,mean_contrast,contrast_bias,contrast_sd,random_mean_interval_width_approx,leave_one_subspace_rejection_stability,minimum_attainable_p,minimum_attainable_p_after_one_deletion
ROUTE_1,20,100,2,31,16,REQUIRED_FULL_47_IDENTITY_DESIGN,0.1,0.15,NULL,0.0,0.10392304845413262,0.0501,0.04716208578848323,0.053210708254799705,-8.09597725440681e-05,-8.09597725440681e-05,0.14902776699427722,0.12626992431599512,0.0501,0.047619047619047616,0.05
ROUTE_1,20,100,2,31,16,REQUIRED_FULL_47_IDENTITY_DESIGN,0.1,0.15,MODEST_0_05,0.05,0.10392304845413262,0.08855,0.08469134114891107,0.09256668532165745,0.05108634992731537,0.0010863499273153707,0.14840264494815777,0.1263628060223162,0.08855,0.047619047619047616,0.05
ROUTE_1,20,100,2,31,16,REQUIRED_FULL_47_IDENTITY_DESIGN,0.1,0.15,MODEST_0_10,0.1,0.10392304845413262,0.14605,0.1412235619745754,0.1510123803495411,0.09893942534187058,-0.0010605746581294206,0.14656190560327811,0.12627358946378822,0.14605,0.047619047619047616,0.05
ROUTE_1,20,100,2,31,16,REQUIRED_FULL_47_IDENTITY_DESIGN,0.1,0.15,TWENTY_FIVE_PERCENT_OF_OBSERVED,0.1812934780863693,0.10392304845413262,0.29345,0.2871795325761906,0.29979979751858615,0.17944293203914544,-0.0018505460472238722,0.14799990230818033,0.1266565218102786,0.29345,0.047619047619047616,0.05
ROUTE_1,20,100,2,31,16,REQUIRED_FULL_47_IDENTITY_DESIGN,0.1,0.15,FIFTY_PERCENT_OF_OBSERVED,0.3625869561727386,0.10392304845413262,0.72015,0.7138865033229815,0.7263289432015154,0.36350408267209433,0.0009171264993557138,0.1487232009430037,0.12626684989072415,0.72015,0.047619047619047616,0.05
ROUTE_1,20,100,2,31,16,REQUIRED_FULL_47_IDENTITY_DESIGN,0.1,0.35,NULL,0.0,0.10392304845413262,0.04895,0.04604537572539664,0.05202786000081535,0.0010979456298538686,0.0010979456298538686,0.1481363502133409,0.12640317312711577,0.04895,0.047619047619047616,0.05
ROUTE_1,20,100,2,31,16,REQUIRED_FULL_47_IDENTITY_DESIGN,0.1,0.35,MODEST_0_05,0.05,0.10392304845413262,0.08725,0.08341779998187722,0.09124072578243712,0.050418798245510196,0.0004187982455101935,0.146706415436792,0.12655323067467222,0.08725,0.047619047619047616,0.05
ROUTE_1,20,100,2,31,16,REQUIRED_FULL_47_IDENTITY_DESIGN,0.1,0.35,MODEST_0_10,0.1,0.10392304845413262,0.14925,0.14437891487609403,0.1542557984172633,0.10007148340903785,7.148340903784245e-05,0.14777345380290358,0.12619086735952142,0.14925,0.047619047619047616,0.05
ROUTE_1,20,100,2,31,16,REQUIRED_FULL_47_IDENTITY_DESIGN,0.1,0.35,TWENTY_FIVE_PERCENT_OF_OBSERVED,0.1812934780863693,0.10392304845413262,0.29715,0.29085581877255656,0.30352209025540516,0.18039881824039092,-0.0008946598459783905,0.1479288364317649,0.12624157373297135,0.29715,0.047619047619047616,0.05
ROUTE_1,20,100,2,31,16,REQUIRED_FULL_47_IDENTITY_DESIGN,0.1,0.35,FIFTY_PERCENT_OF_OBSERVED,0.3625869561727386,0.10392304845413262,0.7195,0.7132322199552952,0.7256834762160749,0.36214898326861816,-0.00043797290412045387,0.1458992299395668,0.12626273605186467,0.7195,0.047619047619047616,0.05
ROUTE_1,20,100,2,31,16,REQUIRED_FULL_47_IDENTITY_DESIGN,0.1,0.55,NULL,0.0,0.10392304845413262,0.0476,0.04473503763636102,0.05063871658720246,0.0009123593706255828,0.0009123593706255828,0.1479158222738313,0.12634057819707264,0.0476,0.047619047619047616,0.05
ROUTE_1,20,100,2,31,16,REQUIRED_FULL_47_IDENTITY_DESIGN,0.1,0.55,MODEST_0_05,0.05,0.10392304845413262,0.08605,0.08224245445818024,0.09001653219266878,0.05088096097982771,0.0008809609798277052,0.1470154228837414,0.12643416097669335,0.08605,0.047619047619047616,0.05
ROUTE_1,20,100,2,31,16,REQUIRED_FULL_47_IDENTITY_DESIGN,0.1,0.55,MODEST_0_10,0.1,0.10392304845413262,0.14905,0.14418168214117116,0.1540531079666086,0.09828403769074223,-0.0017159623092577736,0.14754434203669384,0.126350472659321,0.14905,0.047619047619047616,0.05
ROUTE_1,20,100,2,31,16,REQUIRED_FULL_47_IDENTITY_DESIGN,0.1,0.55,TWENTY_FIVE_PERCENT_OF_OBSERVED,0.1812934780863693,0.10392304845413262,0.29245,0.2861860276961317,0.29879368647075727,0.1790317078840073,-0.0022617702023620123,0.14378436020264015,0.12655478455792624,0.29245,0.047619047619047616,0.05
ROUTE_1,20,100,2,31,16,REQUIRED_FULL_47_IDENTITY_DESIGN,0.1,0.55,FIFTY_PERCENT_OF_OBSERVED,0.3625869561727386,0.10392304845413262,0.7135,0.7071934389159195,0.7197245616881239,0.3378649064465564,-0.024722049726182194,0.11609912462833244,0.12616807131308985,0.7135,0.047619047619047616,0.05
ROUTE_1,20,100,2,31,16,REQUIRED_FULL_47_IDENTITY_DESIGN,0.2,0.15,NULL,0.0,0.10392304845413262,0.04855,0.04565706083709486,0.05161632851796202,0.0005595190902397699,0.0005595190902397699,0.22855387457152668,0.1975520398128026,0.04855,0.047619047619047616,0.05
ROUTE_1,20,100,2,31,16,REQUIRED_FULL_47_IDENTITY_DESIGN,0.2,0.15,MODEST_0_05,0.05,0.10392304845413262,0.0736,0.07006244953437875,0.07730131881426729,0.05191106348255308,0.0019110634825530784,0.22986283356010595,0.19786759872189616,0.0736,0.047619047619047616,0.05
ROUTE_1,20,100,2,31,16,REQUIRED_FULL_47_IDENTITY_DESIGN,0.2,0.15,MODEST_0_10,0.1,0.10392304845413262,0.1042,0.10004152137576822,0.10851049436624421,0.10160886499510376,0.001608864995103751,0.23043650322595038,0.19792668806484004,0.1042,0.047619047619047616,0.05
ROUTE_1,20,100,2,31,16,REQUIRED_FULL_47_IDENTITY_DESIGN,0.2,0.15,TWENTY_FIVE_PERCENT_OF_OBSERVED,0.1812934780863693,0.10392304845413262,0.17285,0.1676726056637956,0.1781530435277136,0.18063630658768265,-0.0006571714986866595,0.2289404459404016,0.19744662352660358,0.17285,0.047619047619047616,0.05
ROUTE_1,20,100,2,31,16,REQUIRED_FULL_47_IDENTITY_DESIGN,0.2,0.15,FIFTY_PERCENT_OF_OBSERVED,0.3625869561727386,0.10392304845413262,0.4161,0.40928548290160593,0.4229467407486085,0.3619147098280661,-0.0006722463446725002,0.22947248225864328,0.19769930089544935,0.4161,0.047619047619047616,0.05
ROUTE_1,20,100,2,31,16,REQUIRED_FULL_47_IDENTITY_DESIGN,0.2,0.35,NULL,0.0,0.10392304845413262,0.0478,0.0449291212096122,0.05084455619952883,-0.0023243464742708857,-0.0023243464742708857,0.23247988100954914,0.1973597271247689,0.0478,0.047619047619047616,0.05
ROUTE_1,20,100,2,31,16,REQUIRED_FULL_47_IDENTITY_DESIGN,0.2,0.35,MODEST_0_05,0.05,0.10392304845413262,0.07085,0.06737592824480618,0.07448889630214842,0.04993154670070927,-6.845329929073413e-05,0.23082706576144985,0.19724390429172273,0.07085,0.047619047619047616,0.05
ROUTE_1,20,100,2,31,16,REQUIRED_FULL_47_IDENTITY_DESIGN,0.2,0.35,MODEST_0_10,0.1,0.10392304845413262,0.1027,0.09856886629930472,0.10698372555087601,0.1006249528675905,0.0006249528675904975,0.22887360903170256,0.19749755991549678,0.1027,0.047619047619047616,0.05
ROUTE_1,20,100,2,31,16,REQUIRED_FULL_47_IDENTITY_DESIGN,0.2,0.35,TWENTY_FIVE_PERCENT_OF_OBSERVED,0.1812934780863693,0.10392304845413262,0.1706,0.16545017063608217,0.17587634271767952,0.1775651980275924,-0.0037282800587769005,0.22923863031030214,0.19713476285134077,0.1706,0.047619047619047616,0.05
ROUTE_1,20,100,2,31,16,REQUIRED_FULL_47_IDENTITY_DESIGN,0.2,0.35,FIFTY_PERCENT_OF_OBSERVED,0.3625869561727386,0.10392304845413262,0.40955,0.4027528095236726,0.41638192979887684,0.35116681309950437,-0.011420143073234246,0.2120890192566475,0.19728531541318312,0.40955,0.047619047619047616,0.05
ROUTE_1,20,100,2,31,16,REQUIRED_FULL_47_IDENTITY_DESIGN,0.2,0.55,NULL,0.0,0.10392304845413262,0.04435,0.04158325255133507,0.04729174990659308,-0.0009312842267588359,-0.0009312842267588359,0.22698555141383392,0.193572389007978,0.04435,0.047619047619047616,0.05
ROUTE_1,20,100,2,31,16,REQUIRED_FULL_47_IDENTITY_DESIGN,0.2,0.55,MODEST_0_05,0.05,0.10392304845413262,0.06645,0.06308075483452504,0.06998575962972327,0.04806235815308446,-0.0019376418469155415,0.22542988949587436,0.19349061452107422,0.06645,0.047619047619047616,0.05
ROUTE_1,20,100,2,31,16,REQUIRED_FULL_47_IDENTITY_DESIGN,0.2,0.55,MODEST_0_10,0.1,0.10392304845413262,0.09455,0.09057245398239565,0.09868326805549958,0.09735070733859945,-0.002649292661400557,0.22064100428328853,0.19350411223671948,0.09455,0.047619047619047616,0.05
ROUTE_1,20,100,2,31,16,REQUIRED_FULL_47_IDENTITY_DESIGN,0.2,0.55,TWENTY_FIVE_PERCENT_OF_OBSERVED,0.1812934780863693,0.10392304845413262,0.1494,0.14452684143657227,0.15440781424596825,0.1700138753695398,-0.011279602716829512,0.20852839471754706,0.19297623651517912,0.1494,0.047619047619047616,0.05
ROUTE_1,20,100,2,31,16,REQUIRED_FULL_47_IDENTITY_DESIGN,0.2,0.55,FIFTY_PERCENT_OF_OBSERVED,0.3625869561727386,0.10392304845413262,0.32725,0.32078092334541713,0.333785425111967,0.3111730646020997,-0.051413891570638914,0.16748403896141728,0.1935638041432139,0.32725,0.047619047619047616,0.05
ROUTE_2,20,100,2,31,16,REQUIRED_FULL_47_IDENTITY_DESIGN,0.1,0.15,NULL,0.0,0.10392304845413262,0.04875,0.04585121135293896,0.051822101187695466,1.3045601340366453e-05,1.3045601340366453e-05,0.12228219734438314,0.1262211431029733,0.04875,0.047619047619047616,0.05
ROUTE_2,20,100,2,31,16,REQUIRED_FULL_47_IDENTITY_DESIGN,0.1,0.15,MODEST_0_05,0.05,0.10392304845413262,0.09765,0.09361300675393257,0.10184152466041484,0.05049110760252991,0.0004911076025299055,0.1223688273578191,0.12613655262457407,0.09765,0.047619047619047616,0.05
ROUTE_2,20,100,2,31,16,REQUIRED_FULL_47_IDENTITY_DESIGN,0.1,0.15,MODEST_0_10,0.1,0.10392304845413262,0.18445,0.17913553327848494,0.18988566067652266,0.10163399804369574,0.001633998043695739,0.12164690753838163,0.12640037107808147,0.18445,0.047619047619047616,0.05
ROUTE_2,20,100,2,31,16,REQUIRED_FULL_47_IDENTITY_DESIGN,0.1,0.15,TWENTY_FIVE_PERCENT_OF_OBSERVED,0.1812934780863693,0.10392304845413262,0.378,0.37130395682312045,0.3847428999745691,0.18037154075564546,-0.0009219373307238488,0.12261503945451811,0.12629203051356425,0.378,0.047619047619047616,0.05
ROUTE_2,20,100,2,31,16,REQUIRED_FULL_47_IDENTITY_DESIGN,0.1,0.15,FIFTY_PERCENT_OF_OBSERVED,0.3625869561727386,0.10392304845413262,0.85095,0.8459468920333912,0.8558183178588288,0.36287797691424734,0.0002910207415087185,0.12173444810967152,0.126261844188427,0.85095,0.047619047619047616,0.05
ROUTE_2,20,100,2,31,16,REQUIRED_FULL_47_IDENTITY_DESIGN,0.1,0.35,NULL,0.0,0.10392304845413262,0.04575,0.04294045562026573,0.04873400913670532,-0.00017951942984905647,-0.00017951942984905647,0.12289094545468539,0.12660369324756987,0.04575,0.047619047619047616,0.05
ROUTE_2,20,100,2,31,16,REQUIRED_FULL_47_IDENTITY_DESIGN,0.1,0.35,MODEST_0_05,0.05,0.10392304845413262,0.09875,0.09469222117849808,0.10296188775652589,0.051863412743643436,0.0018634127436434333,0.12257077293335875,0.1262829054098254,0.09875,0.047619047619047616,0.05
ROUTE_2,20,100,2,31,16,REQUIRED_FULL_47_IDENTITY_DESIGN,0.1,0.35,MODEST_0_10,0.1,0.10392304845413262,0.18365,0.1783447231796654,0.189076778033032,0.1005663032290671,0.0005663032290670889,0.1230213383899492,0.12622676887918394,0.18365,0.047619047619047616,0.05
ROUTE_2,20,100,2,31,16,REQUIRED_FULL_47_IDENTITY_DESIGN,0.1,0.35,TWENTY_FIVE_PERCENT_OF_OBSERVED,0.1812934780863693,0.10392304845413262,0.3777,0.37100506159338714,0.38444191042593606,0.18000440187269973,-0.0012890762136695821,0.12154414319860499,0.1261364028051346,0.3777,0.047619047619047616,0.05
ROUTE_2,20,100,2,31,16,REQUIRED_FULL_47_IDENTITY_DESIGN,0.1,0.35,FIFTY_PERCENT_OF_OBSERVED,0.3625869561727386,0.10392304845413262,0.84855,0.8435148075687018,0.8534513240965877,0.3611125102003338,-0.0014744459724048142,0.12100668429869317,0.12618333532592227,0.84855,0.047619047619047616,0.05
ROUTE_2,20,100,2,31,16,REQUIRED_FULL_47_IDENTITY_DESIGN,0.1,0.55,NULL,0.0,0.10392304845413262,0.0485,0.04560852538273074,0.05156488317593174,0.00017416936830609865,0.00017416936830609865,0.1226518119203821,0.12615824121197922,0.0485,0.047619047619047616,0.05
ROUTE_2,20,100,2,31,16,REQUIRED_FULL_47_IDENTITY_DESIGN,0.1,0.55,MODEST_0_05,0.05,0.10392304845413262,0.10415,0.09999242844328812,0.10845960650232991,0.05152688689202248,0.0015268868920224749,0.12321075552046518,0.1260137618870857,0.10415,0.047619047619047616,0.05
ROUTE_2,20,100,2,31,16,REQUIRED_FULL_47_IDENTITY_DESIGN,0.1,0.55,MODEST_0_10,0.1,0.10392304845413262,0.18025,0.17498420857839256,0.1856385984794863,0.0991911386827344,-0.0008088613172656106,0.12149591137956518,0.12630349810911512,0.18025,0.047619047619047616,0.05
ROUTE_2,20,100,2,31,16,REQUIRED_FULL_47_IDENTITY_DESIGN,0.1,0.55,TWENTY_FIVE_PERCENT_OF_OBSERVED,0.1812934780863693,0.10392304845413262,0.3766,0.369909135832575,0.38333825866607163,0.17877760387453048,-0.0025158742118388255,0.11991558460779796,0.12641245013649102,0.3766,0.047619047619047616,0.05
ROUTE_2,20,100,2,31,16,REQUIRED_FULL_47_IDENTITY_DESIGN,0.1,0.55,FIFTY_PERCENT_OF_OBSERVED,0.3625869561727386,0.10392304845413262,0.83895,0.8337907181030518,0.8439791006545149,0.33879065960220806,-0.023796296570530562,0.10104197981838499,0.12605266760137654,0.83895,0.047619047619047616,0.05
ROUTE_2,20,100,2,31,16,REQUIRED_FULL_47_IDENTITY_DESIGN,0.2,0.15,NULL,0.0,0.10392304845413262,0.05015,0.047210648502146166,0.05326212633753116,0.002963533785250576,0.002963533785250576,0.21621474439245852,0.19761680388536243,0.05015,0.047619047619047616,0.05
ROUTE_2,20,100,2,31,16,REQUIRED_FULL_47_IDENTITY_DESIGN,0.2,0.15,MODEST_0_05,0.05,0.10392304845413262,0.06895,0.06552068673465783,0.07254486754930997,0.04969968975265905,-0.00030031024734095135,0.21533536335141057,0.19776775076604008,0.06895,0.047619047619047616,0.05
ROUTE_2,20,100,2,31,16,REQUIRED_FULL_47_IDENTITY_DESIGN,0.2,0.15,MODEST_0_10,0.1,0.10392304845413262,0.10845,0.1042155106705662,0.11283487276496934,0.09869832154971588,-0.00130167845028413,0.21543590155683903,0.19740688928616024,0.10845,0.047619047619047616,0.05
ROUTE_2,20,100,2,31,16,REQUIRED_FULL_47_IDENTITY_DESIGN,0.2,0.15,TWENTY_FIVE_PERCENT_OF_OBSERVED,0.1812934780863693,0.10392304845413262,0.18745,0.18210140793993285,0.19291863379873814,0.1806864987937443,-0.000606979292625015,0.21552008048426063,0.19722938871360293,0.18745,0.047619047619047616,0.05
ROUTE_2,20,100,2,31,16,REQUIRED_FULL_47_IDENTITY_DESIGN,0.2,0.15,FIFTY_PERCENT_OF_OBSERVED,0.3625869561727386,0.10392304845413262,0.4546,0.44770848126711754,0.4615089556067768,0.36238721463119017,-0.00019974154154844825,0.211852296909435,0.19743158676631292,0.4546,0.047619047619047616,0.05
ROUTE_2,20,100,2,31,16,REQUIRED_FULL_47_IDENTITY_DESIGN,0.2,0.35,NULL,0.0,0.10392304845413262,0.04715,0.044298402141307855,0.0501755249147061,1.6988608571166087e-05,1.6988608571166087e-05,0.21622929635509774,0.1972424006549754,0.04715,0.047619047619047616,0.05
ROUTE_2,20,100,2,31,16,REQUIRED_FULL_47_IDENTITY_DESIGN,0.2,0.35,MODEST_0_05,0.05,0.10392304845413262,0.07485,0.071284086283497,0.07857920197500876,0.05189738231037282,0.0018973823103728138,0.21472546149262436,0.19694717605275716,0.07485,0.047619047619047616,0.05
ROUTE_2,20,100,2,31,16,REQUIRED_FULL_47_IDENTITY_DESIGN,0.2,0.35,MODEST_0_10,0.1,0.10392304845413262,0.10665,0.10244744312826268,0.11100363163707483,0.0997614338000203,-0.00023856619997970896,0.21341775404712973,0.19722776004964487,0.10665,0.047619047619047616,0.05
ROUTE_2,20,100,2,31,16,REQUIRED_FULL_47_IDENTITY_DESIGN,0.2,0.35,TWENTY_FIVE_PERCENT_OF_OBSERVED,0.1812934780863693,0.10392304845413262,0.18985,0.18447448567309502,0.19534463429250662,0.18055012164752599,-0.0007433564388433234,0.2125925776195195,0.1971596357743603,0.18985,0.047619047619047616,0.05
ROUTE_2,20,100,2,31,16,REQUIRED_FULL_47_IDENTITY_DESIGN,0.2,0.35,FIFTY_PERCENT_OF_OBSERVED,0.3625869561727386,0.10392304845413262,0.45125,0.444363514023114,0.4581552094923561,0.3539628337972818,-0.008624122375456844,0.1977340448555168,0.1972420887438198,0.45125,0.047619047619047616,0.05
ROUTE_2,20,100,2,31,16,REQUIRED_FULL_47_IDENTITY_DESIGN,0.2,0.55,NULL,0.0,0.10392304845413262,0.04375,0.041001829948874635,0.046673402952320836,-7.39165598928941e-05,-7.39165598928941e-05,0.21216361471267464,0.19364294879256572,0.04375,0.047619047619047616,0.05
ROUTE_2,20,100,2,31,16,REQUIRED_FULL_47_IDENTITY_DESIGN,0.2,0.55,MODEST_0_05,0.05,0.10392304845413262,0.06425,0.06093477076047865,0.06773258866241652,0.0465035063685088,-0.003496493631491203,0.2094677806027401,0.1934984206963154,0.06425,0.047619047619047616,0.05
ROUTE_2,20,100,2,31,16,REQUIRED_FULL_47_IDENTITY_DESIGN,0.2,0.55,MODEST_0_10,0.1,0.10392304845413262,0.08985,0.08596513747812844,0.09389238969869419,0.09464086645188774,-0.005359133548112266,0.2029439900174342,0.19366446472657922,0.08985,0.047619047619047616,0.05
ROUTE_2,20,100,2,31,16,REQUIRED_FULL_47_IDENTITY_DESIGN,0.2,0.55,TWENTY_FIVE_PERCENT_OF_OBSERVED,0.1812934780863693,0.10392304845413262,0.15675,0.15177730914367002,0.16185452360884575,0.16820080863325473,-0.013092669453114575,0.1962692899796065,0.1935830364150889,0.15675,0.047619047619047616,0.05
ROUTE_2,20,100,2,31,16,REQUIRED_FULL_47_IDENTITY_DESIGN,0.2,0.55,FIFTY_PERCENT_OF_OBSERVED,0.3625869561727386,0.10392304845413262,0.35725,0.35063689066972903,0.36391793562428887,0.3106739542901392,-0.0519130018825994,0.16010364293161322,0.1934827134404133,0.35725,0.047619047619047616,0.05
ROUTE_1,20,100,2,20,12,PLANNING_SENSITIVITY_ONLY_NOT_AN_AUTHORIZED_IDENTITY_CHANGE,0.1,0.15,NULL,0.0,0.1493987951758648,0.04745,0.04458948435925219,0.050484327475128106,-0.000205764537431914,-0.000205764537431914,0.18488069740370439,0.15765340159068164,0.04745,0.047619047619047616,0.05
ROUTE_1,20,100,2,20,12,PLANNING_SENSITIVITY_ONLY_NOT_AN_AUTHORIZED_IDENTITY_CHANGE,0.1,0.15,MODEST_0_05,0.05,0.1493987951758648,0.07755,0.07392382577923749,0.08133842548456528,0.05006147256157202,6.147256157201797e-05,0.1836831185200763,0.15739188522748573,0.07755,0.047619047619047616,0.05
ROUTE_1,20,100,2,20,12,PLANNING_SENSITIVITY_ONLY_NOT_AN_AUTHORIZED_IDENTITY_CHANGE,0.1,0.15,MODEST_0_10,0.1,0.1493987951758648,0.12305,0.11856963050729806,0.1276751454753992,0.100594138113793,0.0005941381137929969,0.18570521505081122,0.1578467613565109,0.12305,0.047619047619047616,0.05
ROUTE_1,20,100,2,20,12,PLANNING_SENSITIVITY_ONLY_NOT_AN_AUTHORIZED_IDENTITY_CHANGE,0.1,0.15,TWENTY_FIVE_PERCENT_OF_OBSERVED,0.1812934780863693,0.1493987951758648,0.22695,0.2211977592946164,0.2328071115956223,0.18001710534281384,-0.001276372743555465,0.18588892578599794,0.15771735086854735,0.22695,0.047619047619047616,0.05
ROUTE_1,20,100,2,20,12,PLANNING_SENSITIVITY_ONLY_NOT_AN_AUTHORIZED_IDENTITY_CHANGE,0.1,0.15,FIFTY_PERCENT_OF_OBSERVED,0.3625869561727386,0.1493987951758648,0.55345,0.5465505781703345,0.560328893175268,0.3623934126146593,-0.00019354355807932322,0.18395039543724773,0.15754558342563094,0.55345,0.047619047619047616,0.05
ROUTE_1,20,100,2,20,12,PLANNING_SENSITIVITY_ONLY_NOT_AN_AUTHORIZED_IDENTITY_CHANGE,0.1,0.35,NULL,0.0,0.1493987951758648,0.0504,0.04745347452539701,0.053519204296252273,0.0013916154550301116,0.0013916154550301116,0.1842922377104236,0.1577916036835307,0.0504,0.047619047619047616,0.05
ROUTE_1,20,100,2,20,12,PLANNING_SENSITIVITY_ONLY_NOT_AN_AUTHORIZED_IDENTITY_CHANGE,0.1,0.35,MODEST_0_05,0.05,0.1493987951758648,0.0782,0.07455951801976089,0.08200248359716898,0.049359770462068284,-0.0006402295379317191,0.18449819547375554,0.15773159598912403,0.0782,0.047619047619047616,0.05
ROUTE_1,20,100,2,20,12,PLANNING_SENSITIVITY_ONLY_NOT_AN_AUTHORIZED_IDENTITY_CHANGE,0.1,0.35,MODEST_0_10,0.1,0.1493987951758648,0.1225,0.11802849414709958,0.12711649307525938,0.10040650768834107,0.0004065076883410651,0.18467455004453745,0.15778104414271613,0.1225,0.047619047619047616,0.05
ROUTE_1,20,100,2,20,12,PLANNING_SENSITIVITY_ONLY_NOT_AN_AUTHORIZED_IDENTITY_CHANGE,0.1,0.35,TWENTY_FIVE_PERCENT_OF_OBSERVED,0.1812934780863693,0.1493987951758648,0.2272,0.22144545486373285,0.23305932000847784,0.18291165507118953,0.0016181769848202243,0.18452357145248097,0.1574628690731322,0.2272,0.047619047619047616,0.05
ROUTE_1,20,100,2,20,12,PLANNING_SENSITIVITY_ONLY_NOT_AN_AUTHORIZED_IDENTITY_CHANGE,0.1,0.35,FIFTY_PERCENT_OF_OBSERVED,0.3625869561727386,0.1493987951758648,0.55105,0.5441475450747691,0.5579328480439026,0.35660004134036133,-0.005986914832377288,0.17661602184090897,0.1575872783317143,0.55105,0.047619047619047616,0.05
ROUTE_1,20,100,2,20,12,PLANNING_SENSITIVITY_ONLY_NOT_AN_AUTHORIZED_IDENTITY_CHANGE,0.1,0.55,NULL,0.0,0.1493987951758648,0.04745,0.04458948435925219,0.050484327475128106,-9.466476662933086e-05,-9.466476662933086e-05,0.182495951703858,0.15656933916012722,0.04745,0.047619047619047616,0.05
ROUTE_1,20,100,2,20,12,PLANNING_SENSITIVITY_ONLY_NOT_AN_AUTHORIZED_IDENTITY_CHANGE,0.1,0.55,MODEST_0_05,0.05,0.1493987951758648,0.07675,0.07314154034945192,0.08052101817204063,0.0493393269125175,-0.0006606730874825009,0.18139274107913136,0.15658334832801085,0.07675,0.047619047619047616,0.05
ROUTE_1,20,100,2,20,12,PLANNING_SENSITIVITY_ONLY_NOT_AN_AUTHORIZED_IDENTITY_CHANGE,0.1,0.55,MODEST_0_10,0.1,0.1493987951758648,0.1224,0.1179301089058831,0.12701491672368712,0.09789013772923333,-0.002109862270766677,0.1804676097819852,0.15683204339299892,0.1224,0.047619047619047616,0.05
ROUTE_1,20,100,2,20,12,PLANNING_SENSITIVITY_ONLY_NOT_AN_AUTHORIZED_IDENTITY_CHANGE,0.1,0.55,TWENTY_FIVE_PERCENT_OF_OBSERVED,0.1812934780863693,0.1493987951758648,0.21985,0.2141644482235766,0.22564314957865877,0.17571650586683862,-0.005576972219530685,0.1741239681559386,0.15673091785456297,0.21985,0.047619047619047616,0.05
ROUTE_1,20,100,2,20,12,PLANNING_SENSITIVITY_ONLY_NOT_AN_AUTHORIZED_IDENTITY_CHANGE,0.1,0.55,FIFTY_PERCENT_OF_OBSERVED,0.3625869561727386,0.1493987951758648,0.52555,0.5186252902675045,0.5324648966900284,0.32502695865466047,-0.03755999751807815,0.13971409901564333,0.1570066144777363,0.52555,0.047619047619047616,0.05
ROUTE_1,20,100,2,20,12,PLANNING_SENSITIVITY_ONLY_NOT_AN_AUTHORIZED_IDENTITY_CHANGE,0.2,0.15,NULL,0.0,0.1493987951758648,0.04795,0.04507469324573276,0.05099892655259144,-0.003913216825130675,-0.003913216825130675,0.257521916440271,0.21919935662799286,0.04795,0.047619047619047616,0.05
ROUTE_1,20,100,2,20,12,PLANNING_SENSITIVITY_ONLY_NOT_AN_AUTHORIZED_IDENTITY_CHANGE,0.2,0.15,MODEST_0_05,0.05,0.1493987951758648,0.06925,0.065813569279078,0.07285186978325614,0.04835231098495151,-0.001647689015048491,0.2585484981614302,0.21850092234195803,0.06925,0.047619047619047616,0.05
ROUTE_1,20,100,2,20,12,PLANNING_SENSITIVITY_ONLY_NOT_AN_AUTHORIZED_IDENTITY_CHANGE,0.2,0.15,MODEST_0_10,0.1,0.1493987951758648,0.0974,0.0933677529976084,0.10158687443476704,0.09753490718346233,-0.002465092816537673,0.25675670075835955,0.21886125343995466,0.0974,0.047619047619047616,0.05
ROUTE_1,20,100,2,20,12,PLANNING_SENSITIVITY_ONLY_NOT_AN_AUTHORIZED_IDENTITY_CHANGE,0.2,0.15,TWENTY_FIVE_PERCENT_OF_OBSERVED,0.1812934780863693,0.1493987951758648,0.1553,0.15034662927124276,0.16038576038583574,0.18224838190049164,0.000954903814122332,0.25447795189687555,0.21881188506319824,0.1553,0.047619047619047616,0.05
ROUTE_1,20,100,2,20,12,PLANNING_SENSITIVITY_ONLY_NOT_AN_AUTHORIZED_IDENTITY_CHANGE,0.2,0.15,FIFTY_PERCENT_OF_OBSERVED,0.3625869561727386,0.1493987951758648,0.3543,0.3476997701371851,0.36095618916956373,0.36013350629359586,-0.002453449879142755,0.24828443002748174,0.21877648466744887,0.3543,0.047619047619047616,0.05
ROUTE_1,20,100,2,20,12,PLANNING_SENSITIVITY_ONLY_NOT_AN_AUTHORIZED_IDENTITY_CHANGE,0.2,0.35,NULL,0.0,0.1493987951758648,0.0472,0.044346913581891106,0.050226994270517245,-0.0010564261021116482,-0.0010564261021116482,0.2571537007648836,0.2176669223487674,0.0472,0.047619047619047616,0.05
ROUTE_1,20,100,2,20,12,PLANNING_SENSITIVITY_ONLY_NOT_AN_AUTHORIZED_IDENTITY_CHANGE,0.2,0.35,MODEST_0_05,0.05,0.1493987951758648,0.0723,0.06879226966426277,0.07597199797812912,0.0483398569646093,-0.0016601430353907001,0.257068899166411,0.21812372471129537,0.0723,0.047619047619047616,0.05
ROUTE_1,20,100,2,20,12,PLANNING_SENSITIVITY_ONLY_NOT_AN_AUTHORIZED_IDENTITY_CHANGE,0.2,0.35,MODEST_0_10,0.1,0.1493987951758648,0.0959,0.09189640578207929,0.10005879775846448,0.09853549508918497,-0.0014645049108150399,0.2535410347539397,0.21791606615056563,0.0959,0.047619047619047616,0.05
ROUTE_1,20,100,2,20,12,PLANNING_SENSITIVITY_ONLY_NOT_AN_AUTHORIZED_IDENTITY_CHANGE,0.2,0.35,TWENTY_FIVE_PERCENT_OF_OBSERVED,0.1812934780863693,0.1493987951758648,0.1559,0.15093861625006372,0.16099354296374746,0.17876001693999882,-0.002533461146370486,0.24857327097037157,0.21784712637996176,0.1559,0.047619047619047616,0.05
ROUTE_1,20,100,2,20,12,PLANNING_SENSITIVITY_ONLY_NOT_AN_AUTHORIZED_IDENTITY_CHANGE,0.2,0.35,FIFTY_PERCENT_OF_OBSERVED,0.3625869561727386,0.1493987951758648,0.3516,0.3450117995326065,0.35824519676884536,0.3476349841160506,-0.014951972056688023,0.23031368679202635,0.21833163292188312,0.3516,0.047619047619047616,0.05
ROUTE_1,20,100,2,20,12,PLANNING_SENSITIVITY_ONLY_NOT_AN_AUTHORIZED_IDENTITY_CHANGE,0.2,0.55,NULL,0.0,0.1493987951758648,0.0394,0.036791057649980294,0.04218584596490328,-0.001393258646078242,-0.001393258646078242,0.24767664802388895,0.2119407511893448,0.0394,0.047619047619047616,0.05
ROUTE_1,20,100,2,20,12,PLANNING_SENSITIVITY_ONLY_NOT_AN_AUTHORIZED_IDENTITY_CHANGE,0.2,0.55,MODEST_0_05,0.05,0.1493987951758648,0.0544,0.05134140522919611,0.05762973730400432,0.043398654917271906,-0.006601345082728097,0.24379549905055845,0.21132392338275097,0.0544,0.047619047619047616,0.05
ROUTE_1,20,100,2,20,12,PLANNING_SENSITIVITY_ONLY_NOT_AN_AUTHORIZED_IDENTITY_CHANGE,0.2,0.55,MODEST_0_10,0.1,0.1493987951758648,0.07555,0.07196833294204474,0.07929468646598248,0.09359749650678875,-0.0064025034932112534,0.23931043301566146,0.21219763330051872,0.07555,0.047619047619047616,0.05
ROUTE_1,20,100,2,20,12,PLANNING_SENSITIVITY_ONLY_NOT_AN_AUTHORIZED_IDENTITY_CHANGE,0.2,0.55,TWENTY_FIVE_PERCENT_OF_OBSERVED,0.1812934780863693,0.1493987951758648,0.1167,0.11232380878715183,0.12122340605345798,0.16793668878750026,-0.013356789298869048,0.225428087831444,0.21196034423171226,0.1167,0.047619047619047616,0.05
ROUTE_1,20,100,2,20,12,PLANNING_SENSITIVITY_ONLY_NOT_AN_AUTHORIZED_IDENTITY_CHANGE,0.2,0.55,FIFTY_PERCENT_OF_OBSERVED,0.3625869561727386,0.1493987951758648,0.2403,0.2344287397632309,0.24627100376430985,0.30571550225823974,-0.05687145391449888,0.17992757096506723,0.21208341127294245,0.2403,0.047619047619047616,0.05
ROUTE_2,20,100,2,20,12,PLANNING_SENSITIVITY_ONLY_NOT_AN_AUTHORIZED_IDENTITY_CHANGE,0.1,0.15,NULL,0.0,0.1493987951758648,0.04665,0.043813337911588535,0.04966078118048152,-0.0023087557850066174,-0.0023087557850066174,0.14076607269357516,0.1574942668086675,0.04665,0.047619047619047616,0.05
ROUTE_2,20,100,2,20,12,PLANNING_SENSITIVITY_ONLY_NOT_AN_AUTHORIZED_IDENTITY_CHANGE,0.1,0.15,MODEST_0_05,0.05,0.1493987951758648,0.0917,0.08777827780660061,0.09577853883681445,0.050738465722400955,0.0007384657224009522,0.1401796530194592,0.15729241315784465,0.0917,0.047619047619047616,0.05
ROUTE_2,20,100,2,20,12,PLANNING_SENSITIVITY_ONLY_NOT_AN_AUTHORIZED_IDENTITY_CHANGE,0.1,0.15,MODEST_0_10,0.1,0.1493987951758648,0.15155,0.14664731009817308,0.15658651982932617,0.10038476460964135,0.00038476460964134707,0.14016014720193207,0.15782994104461115,0.15155,0.047619047619047616,0.05
ROUTE_2,20,100,2,20,12,PLANNING_SENSITIVITY_ONLY_NOT_AN_AUTHORIZED_IDENTITY_CHANGE,0.1,0.15,TWENTY_FIVE_PERCENT_OF_OBSERVED,0.1812934780863693,0.1493987951758648,0.3115,0.30511850051568823,0.31795389707746324,0.18038011444257718,-0.0009133636437921311,0.1407358833144397,0.15807985777334396,0.3115,0.047619047619047616,0.05
ROUTE_2,20,100,2,20,12,PLANNING_SENSITIVITY_ONLY_NOT_AN_AUTHORIZED_IDENTITY_CHANGE,0.1,0.15,FIFTY_PERCENT_OF_OBSERVED,0.3625869561727386,0.1493987951758648,0.7515,0.7454629940557461,0.7574404118080332,0.36130048477674526,-0.0012864713959933605,0.14017083447090103,0.15754680505425253,0.7515,0.047619047619047616,0.05
ROUTE_2,20,100,2,20,12,PLANNING_SENSITIVITY_ONLY_NOT_AN_AUTHORIZED_IDENTITY_CHANGE,0.1,0.35,NULL,0.0,0.1493987951758648,0.04785,0.044977644332797204,0.050896013872738205,0.0001814464669332487,0.0001814464669332487,0.1409818077074382,0.15792166842758523,0.04785,0.047619047619047616,0.05
ROUTE_2,20,100,2,20,12,PLANNING_SENSITIVITY_ONLY_NOT_AN_AUTHORIZED_IDENTITY_CHANGE,0.1,0.35,MODEST_0_05,0.05,0.1493987951758648,0.09075,0.08684714332366761,0.09481003818825401,0.04955285318580519,-0.0004471468141948112,0.1408206544898428,0.15768464722992032,0.09075,0.047619047619047616,0.05
ROUTE_2,20,100,2,20,12,PLANNING_SENSITIVITY_ONLY_NOT_AN_AUTHORIZED_IDENTITY_CHANGE,0.1,0.35,MODEST_0_10,0.1,0.1493987951758648,0.15685,0.15187598232536742,0.16195581201993714,0.10003763493400653,3.763493400651963e-05,0.14025663595152135,0.1575637860133723,0.15685,0.047619047619047616,0.05
ROUTE_2,20,100,2,20,12,PLANNING_SENSITIVITY_ONLY_NOT_AN_AUTHORIZED_IDENTITY_CHANGE,0.1,0.35,TWENTY_FIVE_PERCENT_OF_OBSERVED,0.1812934780863693,0.1493987951758648,0.315,0.3085983034996105,0.32147274984114826,0.18115303922116094,-0.0001404388652083699,0.14098515504296308,0.1578129879736763,0.315,0.047619047619047616,0.05
ROUTE_2,20,100,2,20,12,PLANNING_SENSITIVITY_ONLY_NOT_AN_AUTHORIZED_IDENTITY_CHANGE,0.1,0.35,FIFTY_PERCENT_OF_OBSERVED,0.3625869561727386,0.1493987951758648,0.74875,0.7426915102029951,0.7547129518590928,0.35690328808628147,-0.00568366808645715,0.1354362611437469,0.15708251355098296,0.74875,0.047619047619047616,0.05
ROUTE_2,20,100,2,20,12,PLANNING_SENSITIVITY_ONLY_NOT_AN_AUTHORIZED_IDENTITY_CHANGE,0.1,0.55,NULL,0.0,0.1493987951758648,0.04605,0.043231382675472406,0.049042966859864985,0.0005866283892106719,0.0005866283892106719,0.13966443383561755,0.15661235153531555,0.04605,0.047619047619047616,0.05
ROUTE_2,20,100,2,20,12,PLANNING_SENSITIVITY_ONLY_NOT_AN_AUTHORIZED_IDENTITY_CHANGE,0.1,0.55,MODEST_0_05,0.05,0.1493987951758648,0.0882,0.08434843936831174,0.09220972152749604,0.04875393157386929,-0.00124606842613071,0.13933751317081744,0.15616356473944354,0.0882,0.047619047619047616,0.05
ROUTE_2,20,100,2,20,12,PLANNING_SENSITIVITY_ONLY_NOT_AN_AUTHORIZED_IDENTITY_CHANGE,0.1,0.55,MODEST_0_10,0.1,0.1493987951758648,0.15275,0.14783097884185076,0.15780239019911385,0.09769556361493648,-0.0023044363850635297,0.13895224824551228,0.1570735007241147,0.15275,0.047619047619047616,0.05
ROUTE_2,20,100,2,20,12,PLANNING_SENSITIVITY_ONLY_NOT_AN_AUTHORIZED_IDENTITY_CHANGE,0.1,0.55,TWENTY_FIVE_PERCENT_OF_OBSERVED,0.1812934780863693,0.1493987951758648,0.30575,0.299402610604651,0.31217199540314566,0.17724224293943266,-0.004051235146936644,0.13407082714499152,0.15759579399647217,0.30575,0.047619047619047616,0.05
ROUTE_2,20,100,2,20,12,PLANNING_SENSITIVITY_ONLY_NOT_AN_AUTHORIZED_IDENTITY_CHANGE,0.1,0.55,FIFTY_PERCENT_OF_OBSERVED,0.3625869561727386,0.1493987951758648,0.7085,0.7021621531059894,0.714757767858615,0.32643989329713236,-0.03614706287560626,0.11675609327330887,0.15709425215007145,0.7085,0.047619047619047616,0.05
ROUTE_2,20,100,2,20,12,PLANNING_SENSITIVITY_ONLY_NOT_AN_AUTHORIZED_IDENTITY_CHANGE,0.2,0.15,NULL,0.0,0.1493987951758648,0.0496,0.04667650466678262,0.05269648141255642,0.0002458597271886525,0.0002458597271886525,0.22746922193354152,0.2187807589417254,0.0496,0.047619047619047616,0.05
ROUTE_2,20,100,2,20,12,PLANNING_SENSITIVITY_ONLY_NOT_AN_AUTHORIZED_IDENTITY_CHANGE,0.2,0.15,MODEST_0_05,0.05,0.1493987951758648,0.07235,0.06884111656274722,0.07602313187603907,0.051649295343186546,0.0016492953431865437,0.22555679049570668,0.21896320612093725,0.07235,0.047619047619047616,0.05
ROUTE_2,20,100,2,20,12,PLANNING_SENSITIVITY_ONLY_NOT_AN_AUTHORIZED_IDENTITY_CHANGE,0.2,0.15,MODEST_0_10,0.1,0.1493987951758648,0.10475,0.10058156362179721,0.10907024088055348,0.1028246242676042,0.0028246242676042005,0.2254395022187784,0.21861235121439937,0.10475,0.047619047619047616,0.05
ROUTE_2,20,100,2,20,12,PLANNING_SENSITIVITY_ONLY_NOT_AN_AUTHORIZED_IDENTITY_CHANGE,0.2,0.15,TWENTY_FIVE_PERCENT_OF_OBSERVED,0.1812934780863693,0.1493987951758648,0.17815,0.17290894776180926,0.18351466584750525,0.1811525750032377,-0.00014090308313161048,0.22669295934705447,0.21857880912745456,0.17815,0.047619047619047616,0.05
ROUTE_2,20,100,2,20,12,PLANNING_SENSITIVITY_ONLY_NOT_AN_AUTHORIZED_IDENTITY_CHANGE,0.2,0.15,FIFTY_PERCENT_OF_OBSERVED,0.3625869561727386,0.1493987951758648,0.4235,0.41666740028430177,0.43036198123228225,0.3616217432201307,-0.00096521295260793,0.22022799324104714,0.218183695063383,0.4235,0.047619047619047616,0.05
ROUTE_2,20,100,2,20,12,PLANNING_SENSITIVITY_ONLY_NOT_AN_AUTHORIZED_IDENTITY_CHANGE,0.2,0.35,NULL,0.0,0.1493987951758648,0.04405,0.04129252323745938,0.04698259444210243,-0.0013117576811938992,-0.0013117576811938992,0.22494973915665994,0.2188065122482165,0.04405,0.047619047619047616,0.05
ROUTE_2,20,100,2,20,12,PLANNING_SENSITIVITY_ONLY_NOT_AN_AUTHORIZED_IDENTITY_CHANGE,0.2,0.35,MODEST_0_05,0.05,0.1493987951758648,0.0672,0.06381259066928285,0.07075363574088131,0.04575917362914306,-0.0042408263708569455,0.22534901108220892,0.21758012676989816,0.0672,0.047619047619047616,0.05
ROUTE_2,20,100,2,20,12,PLANNING_SENSITIVITY_ONLY_NOT_AN_AUTHORIZED_IDENTITY_CHANGE,0.2,0.35,MODEST_0_10,0.1,0.1493987951758648,0.1027,0.09856886629930472,0.10698372555087601,0.09959318339998993,-0.0004068166000100737,0.22358977747843256,0.21791102813942576,0.1027,0.047619047619047616,0.05
ROUTE_2,20,100,2,20,12,PLANNING_SENSITIVITY_ONLY_NOT_AN_AUTHORIZED_IDENTITY_CHANGE,0.2,0.35,TWENTY_FIVE_PERCENT_OF_OBSERVED,0.1812934780863693,0.1493987951758648,0.1694,0.16426500631133586,0.17466196792896047,0.177761918817196,-0.003531559269173312,0.22013252240102302,0.21823175202523884,0.1694,0.047619047619047616,0.05
ROUTE_2,20,100,2,20,12,PLANNING_SENSITIVITY_ONLY_NOT_AN_AUTHORIZED_IDENTITY_CHANGE,0.2,0.35,FIFTY_PERCENT_OF_OBSERVED,0.3625869561727386,0.1493987951758648,0.415,0.4081883057857014,0.42184434034383633,0.34936174990635,-0.013225206266388623,0.2070052751809132,0.21701924005242498,0.415,0.047619047619047616,0.05
ROUTE_2,20,100,2,20,12,PLANNING_SENSITIVITY_ONLY_NOT_AN_AUTHORIZED_IDENTITY_CHANGE,0.2,0.55,NULL,0.0,0.1493987951758648,0.039,0.03640428633331529,0.04177277091041317,0.00024835562077802373,0.00024835562077802373,0.21937906513668565,0.21175225689588237,0.039,0.047619047619047616,0.05
ROUTE_2,20,100,2,20,12,PLANNING_SENSITIVITY_ONLY_NOT_AN_AUTHORIZED_IDENTITY_CHANGE,0.2,0.55,MODEST_0_05,0.05,0.1493987951758648,0.05735,0.0542118257832737,0.060658183737195726,0.047523535582641406,-0.0024764644173585967,0.21695267299295273,0.21223963938422405,0.05735,0.047619047619047616,0.05
ROUTE_2,20,100,2,20,12,PLANNING_SENSITIVITY_ONLY_NOT_AN_AUTHORIZED_IDENTITY_CHANGE,0.2,0.55,MODEST_0_10,0.1,0.1493987951758648,0.083,0.07925614533852156,0.0869040127322697,0.09548173883806933,-0.004518261161930673,0.212255009567898,0.21230561803323092,0.083,0.047619047619047616,0.05
ROUTE_2,20,100,2,20,12,PLANNING_SENSITIVITY_ONLY_NOT_AN_AUTHORIZED_IDENTITY_CHANGE,0.2,0.55,TWENTY_FIVE_PERCENT_OF_OBSERVED,0.1812934780863693,0.1493987951758648,0.1391,0.13437333359243017,0.1439652780328661,0.16926729901532672,-0.012026179071042586,0.20221125862477146,0.21225258615038523,0.1391,0.047619047619047616,0.05
ROUTE_2,20,100,2,20,12,PLANNING_SENSITIVITY_ONLY_NOT_AN_AUTHORIZED_IDENTITY_CHANGE,0.2,0.55,FIFTY_PERCENT_OF_OBSERVED,0.3625869561727386,0.1493987951758648,0.301,0.29468167094358977,0.3073947594067399,0.30424067386524895,-0.05834628230748967,0.16812285605338706,0.21203993592687792,0.301,0.047619047619047616,0.05
ROUTE_1,20,100,4,31,16,REQUIRED_FULL_47_IDENTITY_DESIGN,0.1,0.15,NULL,0.0,0.07348469228349534,0.045,0.042213288002687636,0.04796146480836757,-0.0015427373708635282,-0.0015427373708635282,0.12627886574248967,0.10885909164318187,0.045,0.047619047619047616,0.05
ROUTE_1,20,100,4,31,16,REQUIRED_FULL_47_IDENTITY_DESIGN,0.1,0.15,MODEST_0_05,0.05,0.07348469228349534,0.0987,0.09464316253675356,0.10291096560187601,0.05014613620321245,0.00014613620321244497,0.12813438024511584,0.10864619407202175,0.0987,0.047619047619047616,0.05
ROUTE_1,20,100,4,31,16,REQUIRED_FULL_47_IDENTITY_DESIGN,0.1,0.15,MODEST_0_10,0.1,0.07348469228349534,0.169,0.16386997249347174,0.1742571553756695,0.09857193352530577,-0.001428066474694234,0.12714964923232125,0.10885092087571557,0.169,0.047619047619047616,0.05
ROUTE_1,20,100,4,31,16,REQUIRED_FULL_47_IDENTITY_DESIGN,0.1,0.15,TWENTY_FIVE_PERCENT_OF_OBSERVED,0.1812934780863693,0.07348469228349534,0.35805,0.3514334452143097,0.3647210738220184,0.1805469079981377,-0.0007465700882316184,0.1267246772170806,0.10871052287393904,0.35805,0.047619047619047616,0.05
ROUTE_1,20,100,4,31,16,REQUIRED_FULL_47_IDENTITY_DESIGN,0.1,0.15,FIFTY_PERCENT_OF_OBSERVED,0.3625869561727386,0.07348469228349534,0.8267,0.8213916553871706,0.8318828682537706,0.36378903473085705,0.0012020785581184357,0.12721639942324336,0.10870874504157896,0.8267,0.047619047619047616,0.05
ROUTE_1,20,100,4,31,16,REQUIRED_FULL_47_IDENTITY_DESIGN,0.1,0.35,NULL,0.0,0.07348469228349534,0.0499,0.04696784327638812,0.05300502758131726,0.00038061374752667416,0.00038061374752667416,0.12852434088813158,0.10869023646289563,0.0499,0.047619047619047616,0.05
ROUTE_1,20,100,4,31,16,REQUIRED_FULL_47_IDENTITY_DESIGN,0.1,0.35,MODEST_0_05,0.05,0.07348469228349534,0.0942,0.09022924814227412,0.0983266083208604,0.05151025478683457,0.0015102547868345653,0.12530865908898087,0.10863251475581304,0.0942,0.047619047619047616,0.05
ROUTE_1,20,100,4,31,16,REQUIRED_FULL_47_IDENTITY_DESIGN,0.1,0.35,MODEST_0_10,0.1,0.07348469228349534,0.1707,0.16554893856981356,0.1759775363767369,0.09864746622917474,-0.0013525337708252677,0.12696948664026386,0.10878239664757107,0.1707,0.047619047619047616,0.05
ROUTE_1,20,100,4,31,16,REQUIRED_FULL_47_IDENTITY_DESIGN,0.1,0.35,TWENTY_FIVE_PERCENT_OF_OBSERVED,0.1812934780863693,0.07348469228349534,0.36245,0.3558148539995942,0.36913797511944013,0.18179395996354464,0.0005004818771753294,0.12637326884143985,0.1086497165202802,0.36245,0.047619047619047616,0.05
ROUTE_1,20,100,4,31,16,REQUIRED_FULL_47_IDENTITY_DESIGN,0.1,0.35,FIFTY_PERCENT_OF_OBSERVED,0.3625869561727386,0.07348469228349534,0.8226,0.8172439473912761,0.8278321509453251,0.36082324516769637,-0.0017637110050422455,0.1263512535300204,0.10873590005079782,0.8226,0.047619047619047616,0.05
ROUTE_1,20,100,4,31,16,REQUIRED_FULL_47_IDENTITY_DESIGN,0.1,0.55,NULL,0.0,0.07348469228349534,0.04635,0.04352234354311674,0.04935189077058699,-0.00033882738065450714,-0.00033882738065450714,0.12603717249232066,0.10896850122778202,0.04635,0.047619047619047616,0.05
ROUTE_1,20,100,4,31,16,REQUIRED_FULL_47_IDENTITY_DESIGN,0.1,0.55,MODEST_0_05,0.05,0.07348469228349534,0.09355,0.08959191107295109,0.09766419503705634,0.05019091069714452,0.0001909106971445182,0.12693638293784926,0.10873024628681736,0.09355,0.047619047619047616,0.05
ROUTE_1,20,100,4,31,16,REQUIRED_FULL_47_IDENTITY_DESIGN,0.1,0.55,MODEST_0_10,0.1,0.07348469228349534,0.1754,0.1701917571471366,0.1807329126604865,0.10049938124491459,0.0004993812449145818,0.12656460235938843,0.10859371260412591,0.1754,0.047619047619047616,0.05
ROUTE_1,20,100,4,31,16,REQUIRED_FULL_47_IDENTITY_DESIGN,0.1,0.55,TWENTY_FIVE_PERCENT_OF_OBSERVED,0.1812934780863693,0.07348469228349534,0.366,0.35935029451022704,0.372701171152809,0.1806687155775819,-0.000624762508787402,0.12643017809977175,0.10867211676464895,0.366,0.047619047619047616,0.05
ROUTE_1,20,100,4,31,16,REQUIRED_FULL_47_IDENTITY_DESIGN,0.1,0.55,FIFTY_PERCENT_OF_OBSERVED,0.3625869561727386,0.07348469228349534,0.8245,0.8191659243891174,0.8297094442104707,0.3449441844446361,-0.017642771728102524,0.1030597313994671,0.10879084324572429,0.8245,0.047619047619047616,0.05
ROUTE_1,20,100,4,31,16,REQUIRED_FULL_47_IDENTITY_DESIGN,0.2,0.15,NULL,0.0,0.07348469228349534,0.04805,0.045171745705301206,0.05110183568581177,0.002746345949923131,0.002746345949923131,0.21834813441323236,0.18696647039003197,0.04805,0.047619047619047616,0.05
ROUTE_1,20,100,4,31,16,REQUIRED_FULL_47_IDENTITY_DESIGN,0.2,0.15,MODEST_0_05,0.05,0.07348469228349534,0.0745,0.0709419977813309,0.07822142490241413,0.05013150116574393,0.00013150116574392468,0.21790066401913902,0.18693702349610697,0.0745,0.047619047619047616,0.05
ROUTE_1,20,100,4,31,16,REQUIRED_FULL_47_IDENTITY_DESIGN,0.2,0.15,MODEST_0_10,0.1,0.07348469228349534,0.11035,0.10608220882911332,0.11476744486940901,0.10190030646068189,0.001900306460681886,0.21977126348111342,0.18677187089954284,0.11035,0.047619047619047616,0.05
ROUTE_1,20,100,4,31,16,REQUIRED_FULL_47_IDENTITY_DESIGN,0.2,0.15,TWENTY_FIVE_PERCENT_OF_OBSERVED,0.1812934780863693,0.07348469228349534,0.17775,0.17251369078000442,0.18311007645815494,0.17956327868987226,-0.0017301993964970452,0.21555187274575455,0.18651138043759646,0.17775,0.047619047619047616,0.05
ROUTE_1,20,100,4,31,16,REQUIRED_FULL_47_IDENTITY_DESIGN,0.2,0.15,FIFTY_PERCENT_OF_OBSERVED,0.3625869561727386,0.07348469228349534,0.44425,0.4373750492818133,0.4511463627384423,0.3625013535952655,-8.560257747314282e-05,0.21653597025673416,0.18670999607870556,0.44425,0.047619047619047616,0.05
ROUTE_1,20,100,4,31,16,REQUIRED_FULL_47_IDENTITY_DESIGN,0.2,0.35,NULL,0.0,0.07348469228349534,0.04895,0.04604537572539664,0.05202786000081535,-0.0003949617022627112,-0.0003949617022627112,0.2183048181742846,0.18637723106785625,0.04895,0.047619047619047616,0.05
ROUTE_1,20,100,4,31,16,REQUIRED_FULL_47_IDENTITY_DESIGN,0.2,0.35,MODEST_0_05,0.05,0.07348469228349534,0.0721,0.06859688705622768,0.07576745740058666,0.05107915568101808,0.0010791556810180805,0.21691980477429412,0.1867296333548185,0.0721,0.047619047619047616,0.05
ROUTE_1,20,100,4,31,16,REQUIRED_FULL_47_IDENTITY_DESIGN,0.2,0.35,MODEST_0_10,0.1,0.07348469228349534,0.1062,0.10200548551300001,0.110545762084788,0.09919557871482962,-0.0008044212851703869,0.21858119933137832,0.1865485893752012,0.1062,0.047619047619047616,0.05
ROUTE_1,20,100,4,31,16,REQUIRED_FULL_47_IDENTITY_DESIGN,0.2,0.35,TWENTY_FIVE_PERCENT_OF_OBSERVED,0.1812934780863693,0.07348469228349534,0.18575,0.18042068062704733,0.1912000140342144,0.18002392044994836,-0.0012695576364209482,0.21670341316511452,0.18652737901908595,0.18575,0.047619047619047616,0.05
ROUTE_1,20,100,4,31,16,REQUIRED_FULL_47_IDENTITY_DESIGN,0.2,0.35,FIFTY_PERCENT_OF_OBSERVED,0.3625869561727386,0.07348469228349534,0.4503,0.4434149986104483,0.45720408977352844,0.35336111927341374,-0.00922583689932488,0.20345408894595005,0.18590830948943643,0.4503,0.047619047619047616,0.05
ROUTE_1,20,100,4,31,16,REQUIRED_FULL_47_IDENTITY_DESIGN,0.2,0.55,NULL,0.0,0.07348469228349534,0.04935,0.046433745719324244,0.05243933637804286,-0.0013191385799695902,-0.0013191385799695902,0.2165544395517525,0.18377815121588278,0.04935,0.047619047619047616,0.05
ROUTE_1,20,100,4,31,16,REQUIRED_FULL_47_IDENTITY_DESIGN,0.2,0.55,MODEST_0_05,0.05,0.07348469228349534,0.0668,0.06342226266456888,0.07034411737444016,0.047158315222775145,-0.002841684777224858,0.21138059342718088,0.18393401377707683,0.0668,0.047619047619047616,0.05
ROUTE_1,20,100,4,31,16,REQUIRED_FULL_47_IDENTITY_DESIGN,0.2,0.55,MODEST_0_10,0.1,0.07348469228349534,0.09925,0.09518282548848728,0.10347109141048058,0.09671528663881385,-0.003284713361186159,0.20999636273973502,0.18394400745361444,0.09925,0.047619047619047616,0.05
ROUTE_1,20,100,4,31,16,REQUIRED_FULL_47_IDENTITY_DESIGN,0.2,0.55,TWENTY_FIVE_PERCENT_OF_OBSERVED,0.1812934780863693,0.07348469228349534,0.1659,0.16080881966186206,0.171119498830827,0.17111074109978344,-0.010182736986585866,0.19940240063141626,0.18382916177340733,0.1659,0.047619047619047616,0.05
ROUTE_1,20,100,4,31,16,REQUIRED_FULL_47_IDENTITY_DESIGN,0.2,0.55,FIFTY_PERCENT_OF_OBSERVED,0.3625869561727386,0.07348469228349534,0.3698,0.36313514238770656,0.3765148638013031,0.3139667874377107,-0.04862016873502789,0.15948173843892485,0.1839970498708687,0.3698,0.047619047619047616,0.05
ROUTE_2,20,100,4,31,16,REQUIRED_FULL_47_IDENTITY_DESIGN,0.1,0.15,NULL,0.0,0.07348469228349534,0.04745,0.04458948435925219,0.050484327475128106,-0.00035914459294429825,-0.00035914459294429825,0.11334091684069358,0.10871007677927569,0.04745,0.047619047619047616,0.05
ROUTE_2,20,100,4,31,16,REQUIRED_FULL_47_IDENTITY_DESIGN,0.1,0.15,MODEST_0_05,0.05,0.07348469228349534,0.10515,0.1009743445393328,0.10947730633417302,0.05062572087737917,0.0006257208773791656,0.11317149155826954,0.10854928158785633,0.10515,0.047619047619047616,0.05
ROUTE_2,20,100,4,31,16,REQUIRED_FULL_47_IDENTITY_DESIGN,0.1,0.15,MODEST_0_10,0.1,0.07348469228349534,0.1986,0.19312909749084192,0.2041866618437779,0.09925009380089116,-0.000749906199108849,0.11319964787284671,0.10869272455413319,0.1986,0.047619047619047616,0.05
ROUTE_2,20,100,4,31,16,REQUIRED_FULL_47_IDENTITY_DESIGN,0.1,0.15,TWENTY_FIVE_PERCENT_OF_OBSERVED,0.1812934780863693,0.07348469228349534,0.4257,0.41886232808055934,0.4325662084773778,0.1818677147945645,0.0005742367081952027,0.11266264235638784,0.10881120319859365,0.4257,0.047619047619047616,0.05
ROUTE_2,20,100,4,31,16,REQUIRED_FULL_47_IDENTITY_DESIGN,0.1,0.15,FIFTY_PERCENT_OF_OBSERVED,0.3625869561727386,0.07348469228349534,0.8925,0.8881315685899539,0.8967176831060039,0.36198823379284356,-0.0005987223798950558,0.11314049710896563,0.10884809033263375,0.8925,0.047619047619047616,0.05
ROUTE_2,20,100,4,31,16,REQUIRED_FULL_47_IDENTITY_DESIGN,0.1,0.35,NULL,0.0,0.07348469228349534,0.04685,0.04400735261717353,0.049866689660474105,4.08728602105648e-05,4.08728602105648e-05,0.11265432331906687,0.10862475821178214,0.04685,0.047619047619047616,0.05
ROUTE_2,20,100,4,31,16,REQUIRED_FULL_47_IDENTITY_DESIGN,0.1,0.35,MODEST_0_05,0.05,0.07348469228349534,0.1055,0.10131804358901465,0.1098334728592519,0.05019922558005013,0.00019922558005013025,0.11445207768639752,0.10885549399107886,0.1055,0.047619047619047616,0.05
ROUTE_2,20,100,4,31,16,REQUIRED_FULL_47_IDENTITY_DESIGN,0.1,0.35,MODEST_0_10,0.1,0.07348469228349534,0.20035,0.19486052780375732,0.20595455940466614,0.10089661365596218,0.0008966136559621779,0.11270606306382012,0.10863069008390491,0.20035,0.047619047619047616,0.05
ROUTE_2,20,100,4,31,16,REQUIRED_FULL_47_IDENTITY_DESIGN,0.1,0.35,TWENTY_FIVE_PERCENT_OF_OBSERVED,0.1812934780863693,0.07348469228349534,0.4281,0.4212569529274301,0.43497066185743777,0.18203154778562672,0.0007380696992574098,0.11256839558278038,0.10896030599299797,0.4281,0.047619047619047616,0.05
ROUTE_2,20,100,4,31,16,REQUIRED_FULL_47_IDENTITY_DESIGN,0.1,0.35,FIFTY_PERCENT_OF_OBSERVED,0.3625869561727386,0.07348469228349534,0.89355,0.8891998629906605,0.8977489854295796,0.3622059900163663,-0.0003809661563723421,0.11235575141462269,0.10862536968485702,0.89355,0.047619047619047616,0.05
ROUTE_2,20,100,4,31,16,REQUIRED_FULL_47_IDENTITY_DESIGN,0.1,0.55,NULL,0.0,0.07348469228349534,0.048,0.045123219032845246,0.05105038156187333,0.0013073457345248343,0.0013073457345248343,0.11279334589511092,0.1088851281093863,0.048,0.047619047619047616,0.05
ROUTE_2,20,100,4,31,16,REQUIRED_FULL_47_IDENTITY_DESIGN,0.1,0.55,MODEST_0_05,0.05,0.07348469228349534,0.1065,0.10230012126777116,0.11085101110838316,0.051311750295942316,0.0013117502959423127,0.11244140547074337,0.10855287483205128,0.1065,0.047619047619047616,0.05
ROUTE_2,20,100,4,31,16,REQUIRED_FULL_47_IDENTITY_DESIGN,0.1,0.55,MODEST_0_10,0.1,0.07348469228349534,0.19165,0.1862545112611626,0.19716391737463707,0.09897344873175593,-0.0010265512682440803,0.1120548941746584,0.10871930850338718,0.19165,0.047619047619047616,0.05
ROUTE_2,20,100,4,31,16,REQUIRED_FULL_47_IDENTITY_DESIGN,0.1,0.55,TWENTY_FIVE_PERCENT_OF_OBSERVED,0.1812934780863693,0.07348469228349534,0.4303,0.4234521703895546,0.43717459943666637,0.18121251031766905,-8.096776870025746e-05,0.11093217444277546,0.1086881018046063,0.4303,0.047619047619047616,0.05
ROUTE_2,20,100,4,31,16,REQUIRED_FULL_47_IDENTITY_DESIGN,0.1,0.55,FIFTY_PERCENT_OF_OBSERVED,0.3625869561727386,0.07348469228349534,0.89565,0.891336843862247,0.8998111980065574,0.34489720496411513,-0.017689751208623483,0.09345167919715153,0.10863120835043902,0.89565,0.047619047619047616,0.05
ROUTE_2,20,100,4,31,16,REQUIRED_FULL_47_IDENTITY_DESIGN,0.2,0.15,NULL,0.0,0.07348469228349534,0.04895,0.04604537572539664,0.05202786000081535,0.0026666773587725053,0.0026666773587725053,0.21134453875703293,0.18686431473879933,0.04895,0.047619047619047616,0.05
ROUTE_2,20,100,4,31,16,REQUIRED_FULL_47_IDENTITY_DESIGN,0.2,0.15,MODEST_0_05,0.05,0.07348469228349534,0.0725,0.06898766024212771,0.07617653058584173,0.048036688011365666,-0.0019633119886343364,0.20954251072419303,0.1866210154921506,0.0725,0.047619047619047616,0.05
ROUTE_2,20,100,4,31,16,REQUIRED_FULL_47_IDENTITY_DESIGN,0.2,0.15,MODEST_0_10,0.1,0.07348469228349534,0.1103,0.10603307994695943,0.1147165929551685,0.10081896020867584,0.0008189602086758341,0.20931232535424382,0.18676994210445563,0.1103,0.047619047619047616,0.05
ROUTE_2,20,100,4,31,16,REQUIRED_FULL_47_IDENTITY_DESIGN,0.2,0.15,TWENTY_FIVE_PERCENT_OF_OBSERVED,0.1812934780863693,0.07348469228349534,0.192,0.18660064877882537,0.19751764543173506,0.17900683651881025,-0.0022866415675590612,0.2111489597895099,0.1866737337614861,0.192,0.047619047619047616,0.05
ROUTE_2,20,100,4,31,16,REQUIRED_FULL_47_IDENTITY_DESIGN,0.2,0.15,FIFTY_PERCENT_OF_OBSERVED,0.3625869561727386,0.07348469228349534,0.4687,0.46179074396933345,0.47562127748777866,0.36215502020355117,-0.0004319359691874469,0.2083850487095617,0.18673761360907312,0.4687,0.047619047619047616,0.05
ROUTE_2,20,100,4,31,16,REQUIRED_FULL_47_IDENTITY_DESIGN,0.2,0.35,NULL,0.0,0.07348469228349534,0.04845,0.045559990800755165,0.05151343696151292,2.3749307177568825e-05,2.3749307177568825e-05,0.21036717405862854,0.18645891228601963,0.04845,0.047619047619047616,0.05
ROUTE_2,20,100,4,31,16,REQUIRED_FULL_47_IDENTITY_DESIGN,0.2,0.35,MODEST_0_05,0.05,0.07348469228349534,0.0745,0.0709419977813309,0.07822142490241413,0.048064692408597044,-0.0019353075914029585,0.21065332268591,0.18616343857590817,0.0745,0.047619047619047616,0.05
ROUTE_2,20,100,4,31,16,REQUIRED_FULL_47_IDENTITY_DESIGN,0.2,0.35,MODEST_0_10,0.1,0.07348469228349534,0.11,0.10573831257260288,0.11441147555115871,0.09970126006440953,-0.0002987399355904724,0.21031856393488477,0.18632511749953196,0.11,0.047619047619047616,0.05
ROUTE_2,20,100,4,31,16,REQUIRED_FULL_47_IDENTITY_DESIGN,0.2,0.35,TWENTY_FIVE_PERCENT_OF_OBSERVED,0.1812934780863693,0.07348469228349534,0.193,0.18758965132244437,0.19852825881600383,0.1803951064123738,-0.0008983716739955072,0.20896560759950705,0.18647606611489084,0.193,0.047619047619047616,0.05
ROUTE_2,20,100,4,31,16,REQUIRED_FULL_47_IDENTITY_DESIGN,0.2,0.35,FIFTY_PERCENT_OF_OBSERVED,0.3625869561727386,0.07348469228349534,0.46165,0.45474891783151217,0.4685658113339911,0.3524377753953082,-0.010149180777430433,0.19559286479499288,0.18664167153452133,0.46165,0.047619047619047616,0.05
ROUTE_2,20,100,4,31,16,REQUIRED_FULL_47_IDENTITY_DESIGN,0.2,0.55,NULL,0.0,0.07348469228349534,0.04325,0.04051742215405172,0.04615800278319985,0.00011484525477865141,0.00011484525477865141,0.20703858726646884,0.1838419700225278,0.04325,0.047619047619047616,0.05
ROUTE_2,20,100,4,31,16,REQUIRED_FULL_47_IDENTITY_DESIGN,0.2,0.55,MODEST_0_05,0.05,0.07348469228349534,0.0695,0.06605765261158714,0.07310769043271895,0.04765455520347394,-0.0023454447965260625,0.20547355542632018,0.1835033681052124,0.0695,0.047619047619047616,0.05
ROUTE_2,20,100,4,31,16,REQUIRED_FULL_47_IDENTITY_DESIGN,0.2,0.55,MODEST_0_10,0.1,0.07348469228349534,0.0954,0.09140602419795518,0.09954937137864467,0.09536943597122714,-0.004630564028772863,0.20104807423035873,0.1838744189032801,0.0954,0.047619047619047616,0.05
ROUTE_2,20,100,4,31,16,REQUIRED_FULL_47_IDENTITY_DESIGN,0.2,0.55,TWENTY_FIVE_PERCENT_OF_OBSERVED,0.1812934780863693,0.07348469228349534,0.1745,0.16930259774749323,0.17982241772503083,0.1728191183412171,-0.008474359745152205,0.19236058801825093,0.18365078630793114,0.1745,0.047619047619047616,0.05
ROUTE_2,20,100,4,31,16,REQUIRED_FULL_47_IDENTITY_DESIGN,0.2,0.55,FIFTY_PERCENT_OF_OBSERVED,0.3625869561727386,0.07348469228349534,0.3957,0.38894357358454934,0.40249648513675407,0.31338727153353574,-0.04919968463920288,0.15743622825461928,0.18408477950953006,0.3957,0.047619047619047616,0.05
ROUTE_1,20,100,4,20,12,PLANNING_SENSITIVITY_ONLY_NOT_AN_AUTHORIZED_IDENTITY_CHANGE,0.1,0.15,NULL,0.0,0.10564090116995406,0.0473,0.044443939182034535,0.05032993026316259,-0.0003481306681420103,-0.0003481306681420103,0.14987792984831083,0.12759468718737665,0.0473,0.047619047619047616,0.05
ROUTE_1,20,100,4,20,12,PLANNING_SENSITIVITY_ONLY_NOT_AN_AUTHORIZED_IDENTITY_CHANGE,0.1,0.15,MODEST_0_05,0.05,0.10564090116995406,0.0893,0.08542619282974798,0.09333154558673637,0.050781986828903565,0.0007819868289035622,0.1488875939878633,0.12721485971215551,0.0893,0.047619047619047616,0.05
ROUTE_1,20,100,4,20,12,PLANNING_SENSITIVITY_ONLY_NOT_AN_AUTHORIZED_IDENTITY_CHANGE,0.1,0.15,MODEST_0_10,0.1,0.10564090116995406,0.1451,0.14028697058315948,0.15004933660946357,0.0988985051553802,-0.0011014948446197992,0.14840293785606473,0.12744231565795933,0.1451,0.047619047619047616,0.05
ROUTE_1,20,100,4,20,12,PLANNING_SENSITIVITY_ONLY_NOT_AN_AUTHORIZED_IDENTITY_CHANGE,0.1,0.15,TWENTY_FIVE_PERCENT_OF_OBSERVED,0.1812934780863693,0.10564090116995406,0.29305,0.2867821262156272,0.2993973575079945,0.18139442245499596,0.00010094436862664868,0.14921980941091956,0.1274033236486742,0.29305,0.047619047619047616,0.05
ROUTE_1,20,100,4,20,12,PLANNING_SENSITIVITY_ONLY_NOT_AN_AUTHORIZED_IDENTITY_CHANGE,0.1,0.15,FIFTY_PERCENT_OF_OBSERVED,0.3625869561727386,0.10564090116995406,0.71415,0.7078475745761019,0.7203701763810684,0.3640087099543187,0.001421753781580104,0.15025748129774427,0.12745110166626583,0.71415,0.047619047619047616,0.05
ROUTE_1,20,100,4,20,12,PLANNING_SENSITIVITY_ONLY_NOT_AN_AUTHORIZED_IDENTITY_CHANGE,0.1,0.35,NULL,0.0,0.10564090116995406,0.0468,0.043958847562615394,0.04981521391863784,-0.0010892791154159525,-0.0010892791154159525,0.14952377855085433,0.12752600256928628,0.0468,0.047619047619047616,0.05
ROUTE_1,20,100,4,20,12,PLANNING_SENSITIVITY_ONLY_NOT_AN_AUTHORIZED_IDENTITY_CHANGE,0.1,0.35,MODEST_0_05,0.05,0.10564090116995406,0.0852,0.0814100545436769,0.08914925856846749,0.04747381330166309,-0.0025261866983369158,0.14919222201795893,0.12753646122048107,0.0852,0.047619047619047616,0.05
ROUTE_1,20,100,4,20,12,PLANNING_SENSITIVITY_ONLY_NOT_AN_AUTHORIZED_IDENTITY_CHANGE,0.1,0.35,MODEST_0_10,0.1,0.10564090116995406,0.14615,0.14132215467952514,0.15111374923738008,0.09936514005007618,-0.0006348599499238217,0.14964418965603699,0.1274323833503495,0.14615,0.047619047619047616,0.05
ROUTE_1,20,100,4,20,12,PLANNING_SENSITIVITY_ONLY_NOT_AN_AUTHORIZED_IDENTITY_CHANGE,0.1,0.35,TWENTY_FIVE_PERCENT_OF_OBSERVED,0.1812934780863693,0.10564090116995406,0.2954,0.28911697251285295,0.3017616086413051,0.18286245732844691,0.001568979242077606,0.1491127843165297,0.1273888183786134,0.2954,0.047619047619047616,0.05
ROUTE_1,20,100,4,20,12,PLANNING_SENSITIVITY_ONLY_NOT_AN_AUTHORIZED_IDENTITY_CHANGE,0.1,0.35,FIFTY_PERCENT_OF_OBSERVED,0.3625869561727386,0.10564090116995406,0.7105,0.7041745559298924,0.7167445968904875,0.36155272011182843,-0.0010342360609101875,0.1461041373446313,0.12760916069704442,0.7105,0.047619047619047616,0.05
ROUTE_1,20,100,4,20,12,PLANNING_SENSITIVITY_ONLY_NOT_AN_AUTHORIZED_IDENTITY_CHANGE,0.1,0.55,NULL,0.0,0.10564090116995406,0.0485,0.04560852538273074,0.05156488317593174,-0.0005427519543961277,-0.0005427519543961277,0.14900297888575176,0.12748462980136152,0.0485,0.047619047619047616,0.05
ROUTE_1,20,100,4,20,12,PLANNING_SENSITIVITY_ONLY_NOT_AN_AUTHORIZED_IDENTITY_CHANGE,0.1,0.55,MODEST_0_05,0.05,0.10564090116995406,0.0912,0.08728819070875211,0.09526881797071902,0.05067102120363435,0.0006710212036343463,0.14924164912837934,0.12701062643474684,0.0912,0.047619047619047616,0.05
ROUTE_1,20,100,4,20,12,PLANNING_SENSITIVITY_ONLY_NOT_AN_AUTHORIZED_IDENTITY_CHANGE,0.1,0.55,MODEST_0_10,0.1,0.10564090116995406,0.1486,0.1437379197069869,0.1535970432332434,0.09971141385306122,-0.0002885861469387879,0.14767991019016635,0.12722044205450037,0.1486,0.047619047619047616,0.05
ROUTE_1,20,100,4,20,12,PLANNING_SENSITIVITY_ONLY_NOT_AN_AUTHORIZED_IDENTITY_CHANGE,0.1,0.55,TWENTY_FIVE_PERCENT_OF_OBSERVED,0.1812934780863693,0.10564090116995406,0.28675,0.28052375587302353,0.29305814750490516,0.1795917032945899,-0.001701774791779409,0.1444648778093044,0.1273597239018068,0.28675,0.047619047619047616,0.05
ROUTE_1,20,100,4,20,12,PLANNING_SENSITIVITY_ONLY_NOT_AN_AUTHORIZED_IDENTITY_CHANGE,0.1,0.55,FIFTY_PERCENT_OF_OBSERVED,0.3625869561727386,0.10564090116995406,0.70415,0.697785685440577,0.7104359062377156,0.33780003563255107,-0.02478692054018755,0.11694533333827735,0.12740403494247204,0.70415,0.047619047619047616,0.05
ROUTE_1,20,100,4,20,12,PLANNING_SENSITIVITY_ONLY_NOT_AN_AUTHORIZED_IDENTITY_CHANGE,0.2,0.15,NULL,0.0,0.10564090116995406,0.04735,0.04449245333886584,0.05038139690272568,-0.0016888677388889202,-0.0016888677388889202,0.23188240794241857,0.19825377887711426,0.04735,0.047619047619047616,0.05
ROUTE_1,20,100,4,20,12,PLANNING_SENSITIVITY_ONLY_NOT_AN_AUTHORIZED_IDENTITY_CHANGE,0.2,0.15,MODEST_0_05,0.05,0.10564090116995406,0.0718,0.06830382815454715,0.07546063152390085,0.04896134529161431,-0.0010386547083856904,0.23225455376846596,0.19804712897644874,0.0718,0.047619047619047616,0.05
ROUTE_1,20,100,4,20,12,PLANNING_SENSITIVITY_ONLY_NOT_AN_AUTHORIZED_IDENTITY_CHANGE,0.2,0.15,MODEST_0_10,0.1,0.10564090116995406,0.1022,0.09807804288871354,0.10647474099752328,0.09803033708337063,-0.0019696629166293805,0.23274998379871498,0.19794511275997748,0.1022,0.047619047619047616,0.05
ROUTE_1,20,100,4,20,12,PLANNING_SENSITIVITY_ONLY_NOT_AN_AUTHORIZED_IDENTITY_CHANGE,0.2,0.15,TWENTY_FIVE_PERCENT_OF_OBSERVED,0.1812934780863693,0.10564090116995406,0.16955,0.1644131467011816,0.17481376992829792,0.18023466377241898,-0.0010588143139503292,0.2303665581512457,0.19839699577587092,0.16955,0.047619047619047616,0.05
ROUTE_1,20,100,4,20,12,PLANNING_SENSITIVITY_ONLY_NOT_AN_AUTHORIZED_IDENTITY_CHANGE,0.2,0.15,FIFTY_PERCENT_OF_OBSERVED,0.3625869561727386,0.10564090116995406,0.4142,0.40739038079657813,0.4210425725906494,0.3612850651062685,-0.0013018910664701067,0.22845546282602822,0.1980454047192992,0.4142,0.047619047619047616,0.05
ROUTE_1,20,100,4,20,12,PLANNING_SENSITIVITY_ONLY_NOT_AN_AUTHORIZED_IDENTITY_CHANGE,0.2,0.35,NULL,0.0,0.10564090116995406,0.0466,0.04376483653680459,0.049609301758871086,-0.0008977041429065042,-0.0008977041429065042,0.23148827083793036,0.19769533294058667,0.0466,0.047619047619047616,0.05
ROUTE_1,20,100,4,20,12,PLANNING_SENSITIVITY_ONLY_NOT_AN_AUTHORIZED_IDENTITY_CHANGE,0.2,0.35,MODEST_0_05,0.05,0.10564090116995406,0.06985,0.06639939135921241,0.07346581725985438,0.04841582496762462,-0.0015841750323753803,0.22887034042143484,0.19780522292849842,0.06985,0.047619047619047616,0.05
ROUTE_1,20,100,4,20,12,PLANNING_SENSITIVITY_ONLY_NOT_AN_AUTHORIZED_IDENTITY_CHANGE,0.2,0.35,MODEST_0_10,0.1,0.10564090116995406,0.09785,0.09380921571643014,0.10204523888349482,0.09766698005010578,-0.0023330199498942245,0.22995548935693164,0.19756865520625652,0.09785,0.047619047619047616,0.05
ROUTE_1,20,100,4,20,12,PLANNING_SENSITIVITY_ONLY_NOT_AN_AUTHORIZED_IDENTITY_CHANGE,0.2,0.35,TWENTY_FIVE_PERCENT_OF_OBSERVED,0.1812934780863693,0.10564090116995406,0.1708,0.16564770715372615,0.17607872938561311,0.18017014125976666,-0.00112333682660265,0.22697791312598445,0.19764475727008896,0.1708,0.047619047619047616,0.05
ROUTE_1,20,100,4,20,12,PLANNING_SENSITIVITY_ONLY_NOT_AN_AUTHORIZED_IDENTITY_CHANGE,0.2,0.35,FIFTY_PERCENT_OF_OBSERVED,0.3625869561727386,0.10564090116995406,0.4064,0.3996115866263572,0.4132243625233456,0.35083219551023515,-0.011754760662503472,0.21237594029818924,0.19796748397912228,0.4064,0.047619047619047616,0.05
ROUTE_1,20,100,4,20,12,PLANNING_SENSITIVITY_ONLY_NOT_AN_AUTHORIZED_IDENTITY_CHANGE,0.2,0.55,NULL,0.0,0.10564090116995406,0.04325,0.04051742215405172,0.04615800278319985,-0.0006280367439802564,-0.0006280367439802564,0.22719008173587407,0.19431056449805992,0.04325,0.047619047619047616,0.05
ROUTE_1,20,100,4,20,12,PLANNING_SENSITIVITY_ONLY_NOT_AN_AUTHORIZED_IDENTITY_CHANGE,0.2,0.55,MODEST_0_05,0.05,0.10564090116995406,0.064,0.06069097983179302,0.0674764756091302,0.044495074814522764,-0.0055049251854772385,0.2266669911784802,0.19410719824827274,0.064,0.047619047619047616,0.05
ROUTE_1,20,100,4,20,12,PLANNING_SENSITIVITY_ONLY_NOT_AN_AUTHORIZED_IDENTITY_CHANGE,0.2,0.55,MODEST_0_10,0.1,0.10564090116995406,0.0894,0.08552417941840357,0.09343352059086954,0.09520370999484377,-0.004796290005156231,0.2194989626272061,0.1940451724548218,0.0894,0.047619047619047616,0.05
ROUTE_1,20,100,4,20,12,PLANNING_SENSITIVITY_ONLY_NOT_AN_AUTHORIZED_IDENTITY_CHANGE,0.2,0.55,TWENTY_FIVE_PERCENT_OF_OBSERVED,0.1812934780863693,0.10564090116995406,0.1506,0.1457103156573226,0.15562387913868334,0.16978131970665464,-0.011512158379714671,0.21025224268685716,0.19420529870892994,0.1506,0.047619047619047616,0.05
ROUTE_1,20,100,4,20,12,PLANNING_SENSITIVITY_ONLY_NOT_AN_AUTHORIZED_IDENTITY_CHANGE,0.2,0.55,FIFTY_PERCENT_OF_OBSERVED,0.3625869561727386,0.10564090116995406,0.33155,0.32505847232036417,0.33810622462693757,0.3123249457639868,-0.050262010408751834,0.16764356251352083,0.19380755118157414,0.33155,0.047619047619047616,0.05
ROUTE_2,20,100,4,20,12,PLANNING_SENSITIVITY_ONLY_NOT_AN_AUTHORIZED_IDENTITY_CHANGE,0.1,0.15,NULL,0.0,0.10564090116995406,0.04815,0.04526880170100473,0.051204741282897016,-0.00026998118112221356,-0.00026998118112221356,0.12331625508701692,0.12777016103017502,0.04815,0.047619047619047616,0.05
ROUTE_2,20,100,4,20,12,PLANNING_SENSITIVITY_ONLY_NOT_AN_AUTHORIZED_IDENTITY_CHANGE,0.1,0.15,MODEST_0_05,0.05,0.10564090116995406,0.0992,0.0951337635968394,0.10342017250573407,0.050646868155573704,0.0006468681555737016,0.12310949704337223,0.127868185119208,0.0992,0.047619047619047616,0.05
ROUTE_2,20,100,4,20,12,PLANNING_SENSITIVITY_ONLY_NOT_AN_AUTHORIZED_IDENTITY_CHANGE,0.1,0.15,MODEST_0_10,0.1,0.10564090116995406,0.17665,0.17142678529130861,0.18199740442617424,0.09959479784275779,-0.00040520215724221265,0.12280960697535974,0.12746546663091887,0.17665,0.047619047619047616,0.05
ROUTE_2,20,100,4,20,12,PLANNING_SENSITIVITY_ONLY_NOT_AN_AUTHORIZED_IDENTITY_CHANGE,0.1,0.15,TWENTY_FIVE_PERCENT_OF_OBSERVED,0.1812934780863693,0.10564090116995406,0.37195,0.3652767665838851,0.3786724138500833,0.18015830662423066,-0.001135171462138651,0.1232199282156094,0.12745475890357685,0.37195,0.047619047619047616,0.05
ROUTE_2,20,100,4,20,12,PLANNING_SENSITIVITY_ONLY_NOT_AN_AUTHORIZED_IDENTITY_CHANGE,0.1,0.15,FIFTY_PERCENT_OF_OBSERVED,0.3625869561727386,0.10564090116995406,0.8442,0.8391077523157536,0.8491600500632238,0.3619030867113513,-0.0006838694613873209,0.12342691803913676,0.12764410598529738,0.8442,0.047619047619047616,0.05
ROUTE_2,20,100,4,20,12,PLANNING_SENSITIVITY_ONLY_NOT_AN_AUTHORIZED_IDENTITY_CHANGE,0.1,0.35,NULL,0.0,0.10564090116995406,0.0466,0.04376483653680459,0.049609301758871086,-0.0005975006664716235,-0.0005975006664716235,0.12315921779031792,0.12732514559626257,0.0466,0.047619047619047616,0.05
ROUTE_2,20,100,4,20,12,PLANNING_SENSITIVITY_ONLY_NOT_AN_AUTHORIZED_IDENTITY_CHANGE,0.1,0.35,MODEST_0_05,0.05,0.10564090116995406,0.0979,0.09385826878259126,0.10209616661372808,0.050265250502650904,0.00026525050265090167,0.1236620429665187,0.1275475622955249,0.0979,0.047619047619047616,0.05
ROUTE_2,20,100,4,20,12,PLANNING_SENSITIVITY_ONLY_NOT_AN_AUTHORIZED_IDENTITY_CHANGE,0.1,0.35,MODEST_0_10,0.1,0.10564090116995406,0.17965,0.1743912493178535,0.1850317881832927,0.09991685113780178,-8.314886219822071e-05,0.12422772876428209,0.1275122701164177,0.17965,0.047619047619047616,0.05
ROUTE_2,20,100,4,20,12,PLANNING_SENSITIVITY_ONLY_NOT_AN_AUTHORIZED_IDENTITY_CHANGE,0.1,0.35,TWENTY_FIVE_PERCENT_OF_OBSERVED,0.1812934780863693,0.10564090116995406,0.37845,0.3717523047942901,0.3851943791709489,0.18207913244168242,0.000785654355313109,0.12417557617961392,0.1278292418674314,0.37845,0.047619047619047616,0.05
ROUTE_2,20,100,4,20,12,PLANNING_SENSITIVITY_ONLY_NOT_AN_AUTHORIZED_IDENTITY_CHANGE,0.1,0.35,FIFTY_PERCENT_OF_OBSERVED,0.3625869561727386,0.10564090116995406,0.8453,0.8402220484299058,0.8502453314697483,0.36079745266873714,-0.0017895035040014773,0.12085704509785926,0.12728950555580504,0.8453,0.047619047619047616,0.05
ROUTE_2,20,100,4,20,12,PLANNING_SENSITIVITY_ONLY_NOT_AN_AUTHORIZED_IDENTITY_CHANGE,0.1,0.55,NULL,0.0,0.10564090116995406,0.047,0.04415287327396069,0.0500211113928701,0.0006531379962816346,0.0006531379962816346,0.12328856108532979,0.12759524846918416,0.047,0.047619047619047616,0.05
ROUTE_2,20,100,4,20,12,PLANNING_SENSITIVITY_ONLY_NOT_AN_AUTHORIZED_IDENTITY_CHANGE,0.1,0.55,MODEST_0_05,0.05,0.10564090116995406,0.09375,0.08978800850352468,0.09786802079206032,0.04888732493239738,-0.0011126750676026254,0.12254325328172802,0.12753657012945946,0.09375,0.047619047619047616,0.05
ROUTE_2,20,100,4,20,12,PLANNING_SENSITIVITY_ONLY_NOT_AN_AUTHORIZED_IDENTITY_CHANGE,0.1,0.55,MODEST_0_10,0.1,0.10564090116995406,0.1806,0.17533011162237694,0.18599256101026268,0.0988779051821138,-0.0011220948178862072,0.1227744232739674,0.1267869674117409,0.1806,0.047619047619047616,0.05
ROUTE_2,20,100,4,20,12,PLANNING_SENSITIVITY_ONLY_NOT_AN_AUTHORIZED_IDENTITY_CHANGE,0.1,0.55,TWENTY_FIVE_PERCENT_OF_OBSERVED,0.1812934780863693,0.10564090116995406,0.369,0.3623382952676236,0.37571201817907574,0.17832887581813717,-0.0029646022682321416,0.1191715139730825,0.12727085171319058,0.369,0.047619047619047616,0.05
ROUTE_2,20,100,4,20,12,PLANNING_SENSITIVITY_ONLY_NOT_AN_AUTHORIZED_IDENTITY_CHANGE,0.1,0.55,FIFTY_PERCENT_OF_OBSERVED,0.3625869561727386,0.10564090116995406,0.83315,0.8279188932194987,0.8382531531563187,0.3375415435041353,-0.02504541266860333,0.10159438358632747,0.12695830166047153,0.83315,0.047619047619047616,0.05
ROUTE_2,20,100,4,20,12,PLANNING_SENSITIVITY_ONLY_NOT_AN_AUTHORIZED_IDENTITY_CHANGE,0.2,0.15,NULL,0.0,0.10564090116995406,0.04555,0.04274652319098948,0.048528018380404006,-0.002295328389917628,-0.002295328389917628,0.2157205709323144,0.1980596298052337,0.04555,0.047619047619047616,0.05
ROUTE_2,20,100,4,20,12,PLANNING_SENSITIVITY_ONLY_NOT_AN_AUTHORIZED_IDENTITY_CHANGE,0.2,0.15,MODEST_0_05,0.05,0.10564090116995406,0.0723,0.06879226966426277,0.07597199797812912,0.049902508264417056,-9.749173558294688e-05,0.21508751941377913,0.19825987822400046,0.0723,0.047619047619047616,0.05
ROUTE_2,20,100,4,20,12,PLANNING_SENSITIVITY_ONLY_NOT_AN_AUTHORIZED_IDENTITY_CHANGE,0.2,0.15,MODEST_0_10,0.1,0.10564090116995406,0.10905,0.10480494983794449,0.1134452031543237,0.10019093188275922,0.00019093188275921824,0.21482654179441413,0.1981913839817996,0.10905,0.047619047619047616,0.05
ROUTE_2,20,100,4,20,12,PLANNING_SENSITIVITY_ONLY_NOT_AN_AUTHORIZED_IDENTITY_CHANGE,0.2,0.15,TWENTY_FIVE_PERCENT_OF_OBSERVED,0.1812934780863693,0.10564090116995406,0.1809,0.17562660587768103,0.1862959515333249,0.1799348620064626,-0.0013586160799066993,0.21447461079452013,0.19845796382455302,0.1809,0.047619047619047616,0.05
ROUTE_2,20,100,4,20,12,PLANNING_SENSITIVITY_ONLY_NOT_AN_AUTHORIZED_IDENTITY_CHANGE,0.2,0.15,FIFTY_PERCENT_OF_OBSERVED,0.3625869561727386,0.10564090116995406,0.4458,0.4389223760111011,0.4526984406973806,0.3602246975325549,-0.00236225864018369,0.21295215845996626,0.19828178598715948,0.4458,0.047619047619047616,0.05
ROUTE_2,20,100,4,20,12,PLANNING_SENSITIVITY_ONLY_NOT_AN_AUTHORIZED_IDENTITY_CHANGE,0.2,0.35,NULL,0.0,0.10564090116995406,0.0499,0.04696784327638812,0.05300502758131726,0.0017002728075957204,0.0017002728075957204,0.21703184266355402,0.1977938548210691,0.0499,0.047619047619047616,0.05
ROUTE_2,20,100,4,20,12,PLANNING_SENSITIVITY_ONLY_NOT_AN_AUTHORIZED_IDENTITY_CHANGE,0.2,0.35,MODEST_0_05,0.05,0.10564090116995406,0.0695,0.06605765261158714,0.07310769043271895,0.04888253464948966,-0.001117465350510341,0.21347712247892797,0.19739073329958678,0.0695,0.047619047619047616,0.05
ROUTE_2,20,100,4,20,12,PLANNING_SENSITIVITY_ONLY_NOT_AN_AUTHORIZED_IDENTITY_CHANGE,0.2,0.35,MODEST_0_10,0.1,0.10564090116995406,0.10825,0.10401904014573485,0.11263142010422311,0.09907104059646674,-0.0009289594035332693,0.21499970471439678,0.19733190436828527,0.10825,0.047619047619047616,0.05
ROUTE_2,20,100,4,20,12,PLANNING_SENSITIVITY_ONLY_NOT_AN_AUTHORIZED_IDENTITY_CHANGE,0.2,0.35,TWENTY_FIVE_PERCENT_OF_OBSERVED,0.1812934780863693,0.10564090116995406,0.183,0.17770221807908523,0.18841953278048504,0.17954132367243333,-0.0017521544139359746,0.21157523610643172,0.19823733500690185,0.183,0.047619047619047616,0.05
ROUTE_2,20,100,4,20,12,PLANNING_SENSITIVITY_ONLY_NOT_AN_AUTHORIZED_IDENTITY_CHANGE,0.2,0.35,FIFTY_PERCENT_OF_OBSERVED,0.3625869561727386,0.10564090116995406,0.4509,0.4440140580240444,0.45780479991666506,0.3526849859172491,-0.0099019702554895,0.19944810602977928,0.19772653374970278,0.4509,0.047619047619047616,0.05
ROUTE_2,20,100,4,20,12,PLANNING_SENSITIVITY_ONLY_NOT_AN_AUTHORIZED_IDENTITY_CHANGE,0.2,0.55,NULL,0.0,0.10564090116995406,0.0422,0.039500502230284694,0.045075325982684704,-0.00013643895125681977,-0.00013643895125681977,0.2124422976428473,0.19409083794298157,0.0422,0.047619047619047616,0.05
ROUTE_2,20,100,4,20,12,PLANNING_SENSITIVITY_ONLY_NOT_AN_AUTHORIZED_IDENTITY_CHANGE,0.2,0.55,MODEST_0_05,0.05,0.10564090116995406,0.0694,0.06596001769656515,0.07300536375495217,0.04961029480247557,-0.00038970519752443145,0.21022228927289213,0.19385335129776005,0.0694,0.047619047619047616,0.05
ROUTE_2,20,100,4,20,12,PLANNING_SENSITIVITY_ONLY_NOT_AN_AUTHORIZED_IDENTITY_CHANGE,0.2,0.55,MODEST_0_10,0.1,0.10564090116995406,0.09685,0.0928282239925572,0.10102661467947997,0.09616785215227447,-0.0038321478477255366,0.2050515965556134,0.19400202558106253,0.09685,0.047619047619047616,0.05
ROUTE_2,20,100,4,20,12,PLANNING_SENSITIVITY_ONLY_NOT_AN_AUTHORIZED_IDENTITY_CHANGE,0.2,0.55,TWENTY_FIVE_PERCENT_OF_OBSERVED,0.1812934780863693,0.10564090116995406,0.1577,0.15271473338477748,0.16281673449923173,0.17062226427246538,-0.01067121381390393,0.1971560595408677,0.1937997012465019,0.1577,0.047619047619047616,0.05
ROUTE_2,20,100,4,20,12,PLANNING_SENSITIVITY_ONLY_NOT_AN_AUTHORIZED_IDENTITY_CHANGE,0.2,0.55,FIFTY_PERCENT_OF_OBSERVED,0.3625869561727386,0.10564090116995406,0.364,0.357358448853622,0.37069378495363847,0.3108003428918731,-0.051786613280865534,0.16195340017252338,0.19415284123387397,0.364,0.047619047619047616,0.05
ROUTE_1,20,150,2,31,16,REQUIRED_FULL_47_IDENTITY_DESIGN,0.1,0.15,NULL,0.0,0.08485281374238571,0.04675,0.04391034342589855,0.04976373725896029,-0.0002058274824297307,-0.0002058274824297307,0.13404608725213263,0.11484698254138587,0.04675,0.047619047619047616,0.05
ROUTE_1,20,150,2,31,16,REQUIRED_FULL_47_IDENTITY_DESIGN,0.1,0.15,MODEST_0_05,0.05,0.08485281374238571,0.08985,0.08596513747812844,0.09389238969869419,0.04598815721665229,-0.004011842783347715,0.13375301959777605,0.11514893341666022,0.08985,0.047619047619047616,0.05
ROUTE_1,20,150,2,31,16,REQUIRED_FULL_47_IDENTITY_DESIGN,0.1,0.15,MODEST_0_10,0.1,0.08485281374238571,0.1636,0.15853805875168625,0.16879114310686089,0.09928695742075791,-0.0007130425792420958,0.1346068755206288,0.11476369853300557,0.1636,0.047619047619047616,0.05
ROUTE_1,20,150,2,31,16,REQUIRED_FULL_47_IDENTITY_DESIGN,0.1,0.15,TWENTY_FIVE_PERCENT_OF_OBSERVED,0.1812934780863693,0.08485281374238571,0.3372,0.33067990494475136,0.3437826219951163,0.18159130965979117,0.00029783157342186395,0.1350007877439458,0.11495684090929113,0.3372,0.047619047619047616,0.05
ROUTE_1,20,150,2,31,16,REQUIRED_FULL_47_IDENTITY_DESIGN,0.1,0.15,FIFTY_PERCENT_OF_OBSERVED,0.3625869561727386,0.08485281374238571,0.7888,0.7830881066510574,0.7944009733229364,0.3623299707279356,-0.0002569854448030151,0.1343281011191802,0.11485370666115814,0.7888,0.047619047619047616,0.05
ROUTE_1,20,150,2,31,16,REQUIRED_FULL_47_IDENTITY_DESIGN,0.1,0.35,NULL,0.0,0.08485281374238571,0.04695,0.044104365474235976,0.049969638396200416,-0.0009825935798161616,-0.0009825935798161616,0.1336525879595858,0.11512990098054975,0.04695,0.047619047619047616,0.05
ROUTE_1,20,150,2,31,16,REQUIRED_FULL_47_IDENTITY_DESIGN,0.1,0.35,MODEST_0_05,0.05,0.08485281374238571,0.09185,0.08792531096864059,0.09593144806395762,0.050152468939213164,0.00015246893921316146,0.134282941339441,0.11495161502692652,0.09185,0.047619047619047616,0.05
ROUTE_1,20,150,2,31,16,REQUIRED_FULL_47_IDENTITY_DESIGN,0.1,0.35,MODEST_0_10,0.1,0.08485281374238571,0.1619,0.15685990252864787,0.16706995225249002,0.09964138590364548,-0.0003586140963545287,0.13498637685841797,0.11496144663039981,0.1619,0.047619047619047616,0.05
ROUTE_1,20,150,2,31,16,REQUIRED_FULL_47_IDENTITY_DESIGN,0.1,0.35,TWENTY_FIVE_PERCENT_OF_OBSERVED,0.1812934780863693,0.08485281374238571,0.3461,0.33953702272838276,0.3527220859696863,0.18401548131261403,0.002722003226244718,0.13530951888664222,0.11488009819605796,0.3461,0.047619047619047616,0.05
ROUTE_1,20,150,2,31,16,REQUIRED_FULL_47_IDENTITY_DESIGN,0.1,0.35,FIFTY_PERCENT_OF_OBSERVED,0.3625869561727386,0.08485281374238571,0.7891,0.7833909921987418,0.7946979725536186,0.3622234598883375,-0.00036349628440113246,0.13234185635159165,0.11490893823962632,0.7891,0.047619047619047616,0.05
ROUTE_1,20,150,2,31,16,REQUIRED_FULL_47_IDENTITY_DESIGN,0.1,0.55,NULL,0.0,0.08485281374238571,0.04805,0.045171745705301206,0.05110183568581177,-0.000590637272438334,-0.000590637272438334,0.13372249742983988,0.11490542454376129,0.04805,0.047619047619047616,0.05
ROUTE_1,20,150,2,31,16,REQUIRED_FULL_47_IDENTITY_DESIGN,0.1,0.55,MODEST_0_05,0.05,0.08485281374238571,0.09465,0.09067051590712508,0.09878516772355894,0.0488518621973185,-0.001148137802681505,0.13529422560461118,0.11476898085343937,0.09465,0.047619047619047616,0.05
ROUTE_1,20,150,2,31,16,REQUIRED_FULL_47_IDENTITY_DESIGN,0.1,0.55,MODEST_0_10,0.1,0.08485281374238571,0.1647,0.15962403005905867,0.16990474932016508,0.10023123104241677,0.00023123104241676296,0.13396975395427296,0.11486447161709185,0.1647,0.047619047619047616,0.05
ROUTE_1,20,150,2,31,16,REQUIRED_FULL_47_IDENTITY_DESIGN,0.1,0.55,TWENTY_FIVE_PERCENT_OF_OBSERVED,0.1812934780863693,0.08485281374238571,0.33655,0.33003313793928785,0.3431296386474528,0.18076650417395332,-0.00052697391241599,0.13172128957246604,0.11503738730985921,0.33655,0.047619047619047616,0.05
ROUTE_1,20,150,2,31,16,REQUIRED_FULL_47_IDENTITY_DESIGN,0.1,0.55,FIFTY_PERCENT_OF_OBSERVED,0.3625869561727386,0.08485281374238571,0.78845,0.7827347459718209,0.7940544684274123,0.34246647715740286,-0.020120479015335757,0.10707195686790813,0.11470486890373477,0.78845,0.047619047619047616,0.05
ROUTE_1,20,150,2,31,16,REQUIRED_FULL_47_IDENTITY_DESIGN,0.2,0.15,NULL,0.0,0.08485281374238571,0.0462,0.043376858902333025,0.049197433022187535,-0.002070809102319461,-0.002070809102319461,0.22330053071202702,0.19056392978080292,0.0462,0.047619047619047616,0.05
ROUTE_1,20,150,2,31,16,REQUIRED_FULL_47_IDENTITY_DESIGN,0.2,0.15,MODEST_0_05,0.05,0.08485281374238571,0.0697,0.06625292875078098,0.07331233747910265,0.051235051832650126,0.0012350518326501234,0.22187161777299427,0.19035200365746127,0.0697,0.047619047619047616,0.05
ROUTE_1,20,150,2,31,16,REQUIRED_FULL_47_IDENTITY_DESIGN,0.2,0.15,MODEST_0_10,0.1,0.08485281374238571,0.1056,0.10141624600735391,0.10993523203370142,0.0979346634328944,-0.0020653365671055995,0.22402985244385692,0.1902287265508465,0.1056,0.047619047619047616,0.05
ROUTE_1,20,150,2,31,16,REQUIRED_FULL_47_IDENTITY_DESIGN,0.2,0.15,TWENTY_FIVE_PERCENT_OF_OBSERVED,0.1812934780863693,0.08485281374238571,0.18405,0.17874012346853455,0.1894812241153179,0.18304473022052678,0.0017512521341574716,0.22346526815723464,0.1901860266945108,0.18405,0.047619047619047616,0.05
ROUTE_1,20,150,2,31,16,REQUIRED_FULL_47_IDENTITY_DESIGN,0.2,0.15,FIFTY_PERCENT_OF_OBSERVED,0.3625869561727386,0.08485281374238571,0.4349,0.4280426165708712,0.4417823865236336,0.3614696914765973,-0.001117264696141318,0.21990997047198427,0.1901971267520872,0.4349,0.047619047619047616,0.05
ROUTE_1,20,150,2,31,16,REQUIRED_FULL_47_IDENTITY_DESIGN,0.2,0.35,NULL,0.0,0.08485281374238571,0.0492,0.04628810055440988,0.052285039153774054,-0.0007588930269109127,-0.0007588930269109127,0.22419154014580317,0.19028825605424055,0.0492,0.047619047619047616,0.05
ROUTE_1,20,150,2,31,16,REQUIRED_FULL_47_IDENTITY_DESIGN,0.2,0.35,MODEST_0_05,0.05,0.08485281374238571,0.06905,0.06561831212738652,0.07264720374937007,0.048903329821311556,-0.001096670178688447,0.22221322310134398,0.18997089367832076,0.06905,0.047619047619047616,0.05
ROUTE_1,20,150,2,31,16,REQUIRED_FULL_47_IDENTITY_DESIGN,0.2,0.35,MODEST_0_10,0.1,0.08485281374238571,0.10035,0.09626226864043033,0.10459122577921409,0.09887158234015635,-0.0011284176598436585,0.22039505752273902,0.1903907991877479,0.10035,0.047619047619047616,0.05
ROUTE_1,20,150,2,31,16,REQUIRED_FULL_47_IDENTITY_DESIGN,0.2,0.35,TWENTY_FIVE_PERCENT_OF_OBSERVED,0.1812934780863693,0.08485281374238571,0.1835,0.1781964505309069,0.18892510829260725,0.18224909983468215,0.000955621748312846,0.22104504789761095,0.19007056456534466,0.1835,0.047619047619047616,0.05
ROUTE_1,20,150,2,31,16,REQUIRED_FULL_47_IDENTITY_DESIGN,0.2,0.35,FIFTY_PERCENT_OF_OBSERVED,0.3625869561727386,0.08485281374238571,0.4289,0.42205519782509704,0.435772109702081,0.3512906778484339,-0.011296278324304743,0.205285027206251,0.1901645844661106,0.4289,0.047619047619047616,0.05
ROUTE_1,20,150,2,31,16,REQUIRED_FULL_47_IDENTITY_DESIGN,0.2,0.55,NULL,0.0,0.08485281374238571,0.04415,0.0413894290232337,0.04708565024911689,-0.0006096070305464982,-0.0006096070305464982,0.21953538537009756,0.1871042101778574,0.04415,0.047619047619047616,0.05
ROUTE_1,20,150,2,31,16,REQUIRED_FULL_47_IDENTITY_DESIGN,0.2,0.55,MODEST_0_05,0.05,0.08485281374238571,0.0672,0.06381259066928285,0.07075363574088131,0.04991285305552616,-8.714694447384264e-05,0.21558653897393393,0.18702599583157722,0.0672,0.047619047619047616,0.05
ROUTE_1,20,150,2,31,16,REQUIRED_FULL_47_IDENTITY_DESIGN,0.2,0.55,MODEST_0_10,0.1,0.08485281374238571,0.09805,0.09400542995875791,0.1022489478267446,0.0961693640893669,-0.0038306359106331095,0.2124494457379389,0.18713285009745473,0.09805,0.047619047619047616,0.05
ROUTE_1,20,150,2,31,16,REQUIRED_FULL_47_IDENTITY_DESIGN,0.2,0.55,TWENTY_FIVE_PERCENT_OF_OBSERVED,0.1812934780863693,0.08485281374238571,0.15925,0.15424435341959813,0.16438651915263713,0.1711890185658024,-0.010104459520566905,0.201340622462991,0.1870184180024906,0.15925,0.047619047619047616,0.05
ROUTE_1,20,150,2,31,16,REQUIRED_FULL_47_IDENTITY_DESIGN,0.2,0.55,FIFTY_PERCENT_OF_OBSERVED,0.3625869561727386,0.08485281374238571,0.35815,0.35153301594742736,0.3648214646816895,0.3127244167600862,-0.049862539412652396,0.16255988067650817,0.1870469305501659,0.35815,0.047619047619047616,0.05
ROUTE_2,20,150,2,31,16,REQUIRED_FULL_47_IDENTITY_DESIGN,0.1,0.15,NULL,0.0,0.08485281374238571,0.0478,0.0449291212096122,0.05084455619952883,0.0008356423203165548,0.0008356423203165548,0.11630377031255648,0.11479314613412238,0.0478,0.047619047619047616,0.05
ROUTE_2,20,150,2,31,16,REQUIRED_FULL_47_IDENTITY_DESIGN,0.1,0.15,MODEST_0_05,0.05,0.08485281374238571,0.10175,0.09763632843875743,0.1060166282799299,0.050623185144062305,0.0006231851440623021,0.1160579303869725,0.11443479000080628,0.10175,0.047619047619047616,0.05
ROUTE_2,20,150,2,31,16,REQUIRED_FULL_47_IDENTITY_DESIGN,0.1,0.15,MODEST_0_10,0.1,0.08485281374238571,0.18935,0.18398006704704123,0.19483924495461652,0.09992040986680777,-7.95901331922394e-05,0.1157681181567384,0.11528365752156525,0.18935,0.047619047619047616,0.05
ROUTE_2,20,150,2,31,16,REQUIRED_FULL_47_IDENTITY_DESIGN,0.1,0.15,TWENTY_FIVE_PERCENT_OF_OBSERVED,0.1812934780863693,0.08485281374238571,0.407,0.4002098924662973,0.41382582624013814,0.18174040872081207,0.0004469306344427604,0.11700682863135001,0.11489137257960293,0.407,0.047619047619047616,0.05
ROUTE_2,20,150,2,31,16,REQUIRED_FULL_47_IDENTITY_DESIGN,0.1,0.15,FIFTY_PERCENT_OF_OBSERVED,0.3625869561727386,0.08485281374238571,0.8816,0.8770489550714322,0.8860044830105489,0.3635449647966972,0.0009580086239585617,0.1163746662475952,0.11485213997551402,0.8816,0.047619047619047616,0.05
ROUTE_2,20,150,2,31,16,REQUIRED_FULL_47_IDENTITY_DESIGN,0.1,0.35,NULL,0.0,0.08485281374238571,0.04885,0.04594829181213581,0.05192498232128739,0.0003838043521476721,0.0003838043521476721,0.11664768907839117,0.11520791695367544,0.04885,0.047619047619047616,0.05
ROUTE_2,20,150,2,31,16,REQUIRED_FULL_47_IDENTITY_DESIGN,0.1,0.35,MODEST_0_05,0.05,0.08485281374238571,0.10095,0.09685112104925797,0.10520214292711913,0.0510719522075136,0.0010719522075135976,0.11685797935950196,0.1153416869921673,0.10095,0.047619047619047616,0.05
ROUTE_2,20,150,2,31,16,REQUIRED_FULL_47_IDENTITY_DESIGN,0.1,0.35,MODEST_0_10,0.1,0.08485281374238571,0.1939,0.18847980179319565,0.19943776268035154,0.09983129853774075,-0.00016870146225925198,0.11618057457079066,0.11495426014445968,0.1939,0.047619047619047616,0.05
ROUTE_2,20,150,2,31,16,REQUIRED_FULL_47_IDENTITY_DESIGN,0.1,0.35,TWENTY_FIVE_PERCENT_OF_OBSERVED,0.1812934780863693,0.08485281374238571,0.39735,0.39058842100433694,0.40415100399798126,0.17827674415564365,-0.003016733930725657,0.1155100349372733,0.11503109832456061,0.39735,0.047619047619047616,0.05
ROUTE_2,20,150,2,31,16,REQUIRED_FULL_47_IDENTITY_DESIGN,0.1,0.35,FIFTY_PERCENT_OF_OBSERVED,0.3625869561727386,0.08485281374238571,0.87855,0.8739501078144566,0.8830045016874667,0.36207901486772515,-0.0005079413050134707,0.1160402105618857,0.11478866360121631,0.87855,0.047619047619047616,0.05
ROUTE_2,20,150,2,31,16,REQUIRED_FULL_47_IDENTITY_DESIGN,0.1,0.55,NULL,0.0,0.08485281374238571,0.04725,0.04439542592925541,0.050278462719547334,-0.0020641184482354386,-0.0020641184482354386,0.11617543875452567,0.11501865818630341,0.04725,0.047619047619047616,0.05
ROUTE_2,20,150,2,31,16,REQUIRED_FULL_47_IDENTITY_DESIGN,0.1,0.55,MODEST_0_05,0.05,0.08485281374238571,0.1009,0.09680204826920877,0.10515123491077394,0.04864515640511513,-0.001354843594884872,0.11670939638211483,0.11512813374160068,0.1009,0.047619047619047616,0.05
ROUTE_2,20,150,2,31,16,REQUIRED_FULL_47_IDENTITY_DESIGN,0.1,0.55,MODEST_0_10,0.1,0.08485281374238571,0.1881,0.1827440835633104,0.1935757085284876,0.09946168963093584,-0.0005383103690641683,0.11573691907123082,0.11486521102991779,0.1881,0.047619047619047616,0.05
ROUTE_2,20,150,2,31,16,REQUIRED_FULL_47_IDENTITY_DESIGN,0.1,0.55,TWENTY_FIVE_PERCENT_OF_OBSERVED,0.1812934780863693,0.08485281374238571,0.408,0.4012070922326785,0.41482824240164473,0.18046734221681732,-0.0008261358695519916,0.11419230739609162,0.11481655426509438,0.408,0.047619047619047616,0.05
ROUTE_2,20,150,2,31,16,REQUIRED_FULL_47_IDENTITY_DESIGN,0.1,0.55,FIFTY_PERCENT_OF_OBSERVED,0.3625869561727386,0.08485281374238571,0.88115,0.8765916887937361,0.8855619221206953,0.3433541720812915,-0.01923278409144713,0.09659269344374878,0.11462652633156033,0.88115,0.047619047619047616,0.05
ROUTE_2,20,150,2,31,16,REQUIRED_FULL_47_IDENTITY_DESIGN,0.2,0.15,NULL,0.0,0.08485281374238571,0.05025,0.047307776423977946,0.05336496000848817,0.0010251560670390715,0.0010251560670390715,0.21531213516170025,0.19050476272391598,0.05025,0.047619047619047616,0.05
ROUTE_2,20,150,2,31,16,REQUIRED_FULL_47_IDENTITY_DESIGN,0.2,0.15,MODEST_0_05,0.05,0.08485281374238571,0.0751,0.0715284494678986,0.0788347427725791,0.05040739291770645,0.00040739291770644503,0.21341854497523444,0.19035977434312693,0.0751,0.047619047619047616,0.05
ROUTE_2,20,150,2,31,16,REQUIRED_FULL_47_IDENTITY_DESIGN,0.2,0.15,MODEST_0_10,0.1,0.08485281374238571,0.10865,0.10441198580164386,0.11303832081946923,0.09878255433654594,-0.001217445663454067,0.21247245878277027,0.1905795648918157,0.10865,0.047619047619047616,0.05
ROUTE_2,20,150,2,31,16,REQUIRED_FULL_47_IDENTITY_DESIGN,0.2,0.15,TWENTY_FIVE_PERCENT_OF_OBSERVED,0.1812934780863693,0.08485281374238571,0.1865,0.18116215710252392,0.19195824950465362,0.17832973888079293,-0.0029637392055763823,0.21035203389162077,0.19031194355751682,0.1865,0.047619047619047616,0.05
ROUTE_2,20,150,2,31,16,REQUIRED_FULL_47_IDENTITY_DESIGN,0.2,0.15,FIFTY_PERCENT_OF_OBSERVED,0.3625869561727386,0.08485281374238571,0.4663,0.45939337082894555,0.47321957240123586,0.3619154197298274,-0.0006715364429112358,0.20870883166252197,0.19029900033561567,0.4663,0.047619047619047616,0.05
ROUTE_2,20,150,2,31,16,REQUIRED_FULL_47_IDENTITY_DESIGN,0.2,0.35,NULL,0.0,0.08485281374238571,0.0487,0.04580267242176145,0.05177065932247858,0.001014793672978444,0.001014793672978444,0.21263239705076317,0.1901839920930423,0.0487,0.047619047619047616,0.05
ROUTE_2,20,150,2,31,16,REQUIRED_FULL_47_IDENTITY_DESIGN,0.2,0.35,MODEST_0_05,0.05,0.08485281374238571,0.07535,0.07177282446916372,0.07909027175328595,0.051505711960081905,0.0015057119600819027,0.21108546050182206,0.190160182996415,0.07535,0.047619047619047616,0.05
ROUTE_2,20,150,2,31,16,REQUIRED_FULL_47_IDENTITY_DESIGN,0.2,0.35,MODEST_0_10,0.1,0.08485281374238571,0.1079,0.103675227844813,0.11227536683038422,0.10155588741273311,0.0015558874127331035,0.21036241909019243,0.19038653169722022,0.1079,0.047619047619047616,0.05
ROUTE_2,20,150,2,31,16,REQUIRED_FULL_47_IDENTITY_DESIGN,0.2,0.35,TWENTY_FIVE_PERCENT_OF_OBSERVED,0.1812934780863693,0.08485281374238571,0.19395,0.18852925593037376,0.1994882893395679,0.17897825486365282,-0.0023152232227164893,0.2108027861686279,0.1903060934288089,0.19395,0.047619047619047616,0.05
ROUTE_2,20,150,2,31,16,REQUIRED_FULL_47_IDENTITY_DESIGN,0.2,0.35,FIFTY_PERCENT_OF_OBSERVED,0.3625869561727386,0.08485281374238571,0.45535,0.44845739768818577,0.4622597511316244,0.3525883160771912,-0.009998640095547406,0.19669177976060603,0.19031639210606668,0.45535,0.047619047619047616,0.05
ROUTE_2,20,150,2,31,16,REQUIRED_FULL_47_IDENTITY_DESIGN,0.2,0.55,NULL,0.0,0.08485281374238571,0.0439,0.041147172068042644,0.046828003222336,-0.00010158938736589409,-0.00010158938736589409,0.20823592321110482,0.18702467124351968,0.0439,0.047619047619047616,0.05
ROUTE_2,20,150,2,31,16,REQUIRED_FULL_47_IDENTITY_DESIGN,0.2,0.55,MODEST_0_05,0.05,0.08485281374238571,0.06535,0.06200762408678999,0.06885931285678178,0.046471410256391,-0.0035285897436089994,0.20558647951768783,0.18694920021332068,0.06535,0.047619047619047616,0.05
ROUTE_2,20,150,2,31,16,REQUIRED_FULL_47_IDENTITY_DESIGN,0.2,0.55,MODEST_0_10,0.1,0.08485281374238571,0.09325,0.08929777544654165,0.09735844588509947,0.09738824438967274,-0.0026117556103272682,0.2025182813194484,0.18707782215118807,0.09325,0.047619047619047616,0.05
ROUTE_2,20,150,2,31,16,REQUIRED_FULL_47_IDENTITY_DESIGN,0.2,0.55,TWENTY_FIVE_PERCENT_OF_OBSERVED,0.1812934780863693,0.08485281374238571,0.17165,0.16648726630417587,0.17693884377386798,0.1713126573581495,-0.00998082072821982,0.19601181838442158,0.18673907628887698,0.17165,0.047619047619047616,0.05
ROUTE_2,20,150,2,31,16,REQUIRED_FULL_47_IDENTITY_DESIGN,0.2,0.55,FIFTY_PERCENT_OF_OBSERVED,0.3625869561727386,0.08485281374238571,0.384,0.37728243396747674,0.3907621183975396,0.3149907845534137,-0.04759617161932489,0.15648387641517153,0.1867766085384481,0.384,0.047619047619047616,0.05
ROUTE_1,20,150,2,20,12,PLANNING_SENSITIVITY_ONLY_NOT_AN_AUTHORIZED_IDENTITY_CHANGE,0.1,0.15,NULL,0.0,0.12198360545581527,0.0486,0.04570559716257019,0.05166777298888107,0.0005635822924689995,0.0005635822924689995,0.16248953368374205,0.13816184020657818,0.0486,0.047619047619047616,0.05
ROUTE_1,20,150,2,20,12,PLANNING_SENSITIVITY_ONLY_NOT_AN_AUTHORIZED_IDENTITY_CHANGE,0.1,0.15,MODEST_0_05,0.05,0.12198360545581527,0.0859,0.08209555207204847,0.0898634921896174,0.05129130356075443,0.0012913035607544296,0.16130981131905467,0.1382367857225075,0.0859,0.047619047619047616,0.05
ROUTE_1,20,150,2,20,12,PLANNING_SENSITIVITY_ONLY_NOT_AN_AUTHORIZED_IDENTITY_CHANGE,0.1,0.15,MODEST_0_10,0.1,0.12198360545581527,0.1363,0.13161465621505233,0.14112503081215813,0.09956377772124572,-0.00043622227875428354,0.16197820872919447,0.1382060115831364,0.1363,0.047619047619047616,0.05
ROUTE_1,20,150,2,20,12,PLANNING_SENSITIVITY_ONLY_NOT_AN_AUTHORIZED_IDENTITY_CHANGE,0.1,0.15,TWENTY_FIVE_PERCENT_OF_OBSERVED,0.1812934780863693,0.12198360545581527,0.26915,0.26304802799230514,0.2753406350547984,0.18293342234907206,0.0016399442627027527,0.16225039609270586,0.13809925778813112,0.26915,0.047619047619047616,0.05
ROUTE_1,20,150,2,20,12,PLANNING_SENSITIVITY_ONLY_NOT_AN_AUTHORIZED_IDENTITY_CHANGE,0.1,0.15,FIFTY_PERCENT_OF_OBSERVED,0.3625869561727386,0.12198360545581527,0.6503,0.6436626776058914,0.6568795963556435,0.3618853091360141,-0.0007016470367245398,0.16215940359110917,0.13829608128281443,0.6503,0.047619047619047616,0.05
ROUTE_1,20,150,2,20,12,PLANNING_SENSITIVITY_ONLY_NOT_AN_AUTHORIZED_IDENTITY_CHANGE,0.1,0.35,NULL,0.0,0.12198360545581527,0.0476,0.04473503763636102,0.05063871658720246,0.001228035644905494,0.001228035644905494,0.16191579428300204,0.13816562758788506,0.0476,0.047619047619047616,0.05
ROUTE_1,20,150,2,20,12,PLANNING_SENSITIVITY_ONLY_NOT_AN_AUTHORIZED_IDENTITY_CHANGE,0.1,0.35,MODEST_0_05,0.05,0.12198360545581527,0.0821,0.07837522902750017,0.08598527470819207,0.05100662827587934,0.0010066282758793357,0.1606703867791497,0.1381295271083535,0.0821,0.047619047619047616,0.05
ROUTE_1,20,150,2,20,12,PLANNING_SENSITIVITY_ONLY_NOT_AN_AUTHORIZED_IDENTITY_CHANGE,0.1,0.35,MODEST_0_10,0.1,0.12198360545581527,0.1395,0.13476748422991694,0.1443709737665345,0.10100417321947927,0.0010041732194792652,0.1610921038884676,0.1382148434707016,0.1395,0.047619047619047616,0.05
ROUTE_1,20,150,2,20,12,PLANNING_SENSITIVITY_ONLY_NOT_AN_AUTHORIZED_IDENTITY_CHANGE,0.1,0.35,TWENTY_FIVE_PERCENT_OF_OBSERVED,0.1812934780863693,0.12198360545581527,0.2606,0.25456279268471055,0.2667291541789523,0.18085383094433538,-0.00043964714203392763,0.15970058369972603,0.13807909906592158,0.2606,0.047619047619047616,0.05
ROUTE_1,20,150,2,20,12,PLANNING_SENSITIVITY_ONLY_NOT_AN_AUTHORIZED_IDENTITY_CHANGE,0.1,0.35,FIFTY_PERCENT_OF_OBSERVED,0.3625869561727386,0.12198360545581527,0.65255,0.6459221516741733,0.6591192581251091,0.360704181541438,-0.0018827746313005989,0.15550556561735884,0.13837690818537507,0.65255,0.047619047619047616,0.05
ROUTE_1,20,150,2,20,12,PLANNING_SENSITIVITY_ONLY_NOT_AN_AUTHORIZED_IDENTITY_CHANGE,0.1,0.55,NULL,0.0,0.12198360545581527,0.04605,0.043231382675472406,0.049042966859864985,0.00035203428665912936,0.00035203428665912936,0.16161927608581578,0.1379784339002052,0.04605,0.047619047619047616,0.05
ROUTE_1,20,150,2,20,12,PLANNING_SENSITIVITY_ONLY_NOT_AN_AUTHORIZED_IDENTITY_CHANGE,0.1,0.55,MODEST_0_05,0.05,0.12198360545581527,0.08185,0.07813055401860743,0.08573004573511288,0.047871812820977536,-0.002128187179022467,0.1616876602921627,0.1377600460005216,0.08185,0.047619047619047616,0.05
ROUTE_1,20,150,2,20,12,PLANNING_SENSITIVITY_ONLY_NOT_AN_AUTHORIZED_IDENTITY_CHANGE,0.1,0.55,MODEST_0_10,0.1,0.12198360545581527,0.133,0.12836422217088855,0.13777673229429221,0.09824956326469857,-0.0017504367353014388,0.1602316295798655,0.13764777102301295,0.133,0.047619047619047616,0.05
ROUTE_1,20,150,2,20,12,PLANNING_SENSITIVITY_ONLY_NOT_AN_AUTHORIZED_IDENTITY_CHANGE,0.1,0.55,TWENTY_FIVE_PERCENT_OF_OBSERVED,0.1812934780863693,0.12198360545581527,0.2629,0.2568450801671297,0.2690459833306752,0.18062458587133692,-0.000668892215032385,0.15407251558642052,0.13816232277693352,0.2629,0.047619047619047616,0.05
ROUTE_1,20,150,2,20,12,PLANNING_SENSITIVITY_ONLY_NOT_AN_AUTHORIZED_IDENTITY_CHANGE,0.1,0.55,FIFTY_PERCENT_OF_OBSERVED,0.3625869561727386,0.12198360545581527,0.63825,0.631564673219569,0.644882228810918,0.3331427225692339,-0.029444233603504733,0.12459987165329077,0.1382279988994508,0.63825,0.047619047619047616,0.05
ROUTE_1,20,150,2,20,12,PLANNING_SENSITIVITY_ONLY_NOT_AN_AUTHORIZED_IDENTITY_CHANGE,0.2,0.15,NULL,0.0,0.12198360545581527,0.0484,0.04551145709244874,0.05146198987342495,0.001918525821858137,0.001918525821858137,0.23922188191724925,0.2054779507115837,0.0484,0.047619047619047616,0.05
ROUTE_1,20,150,2,20,12,PLANNING_SENSITIVITY_ONLY_NOT_AN_AUTHORIZED_IDENTITY_CHANGE,0.2,0.15,MODEST_0_05,0.05,0.12198360545581527,0.0685,0.06508139886065914,0.07208432825575917,0.04669850599294451,-0.00330149400705549,0.24112054994204798,0.2053673108422864,0.0685,0.047619047619047616,0.05
ROUTE_1,20,150,2,20,12,PLANNING_SENSITIVITY_ONLY_NOT_AN_AUTHORIZED_IDENTITY_CHANGE,0.2,0.15,MODEST_0_10,0.1,0.12198360545581527,0.09845,0.09439787422542592,0.10265634993123168,0.09881163758720084,-0.0011883624127991682,0.23913267092228757,0.20523319983052046,0.09845,0.047619047619047616,0.05
ROUTE_1,20,150,2,20,12,PLANNING_SENSITIVITY_ONLY_NOT_AN_AUTHORIZED_IDENTITY_CHANGE,0.2,0.15,TWENTY_FIVE_PERCENT_OF_OBSERVED,0.1812934780863693,0.12198360545581527,0.17225,0.16707992440581562,0.1775459552289609,0.18295355468608726,0.0016600765997179523,0.24047714289721206,0.20497068495909232,0.17225,0.047619047619047616,0.05
ROUTE_1,20,150,2,20,12,PLANNING_SENSITIVITY_ONLY_NOT_AN_AUTHORIZED_IDENTITY_CHANGE,0.2,0.15,FIFTY_PERCENT_OF_OBSERVED,0.3625869561727386,0.12198360545581527,0.3927,0.38595314864907504,0.39948806228856504,0.3635834241451406,0.0009964679724019931,0.2377278043988582,0.20511909103426126,0.3927,0.047619047619047616,0.05
ROUTE_1,20,150,2,20,12,PLANNING_SENSITIVITY_ONLY_NOT_AN_AUTHORIZED_IDENTITY_CHANGE,0.2,0.35,NULL,0.0,0.12198360545581527,0.0494,0.04648229581148323,0.052490767082278254,0.0026186534129567984,0.0026186534129567984,0.24063883770239797,0.20478392549839336,0.0494,0.047619047619047616,0.05
ROUTE_1,20,150,2,20,12,PLANNING_SENSITIVITY_ONLY_NOT_AN_AUTHORIZED_IDENTITY_CHANGE,0.2,0.35,MODEST_0_05,0.05,0.12198360545581527,0.07045,0.06698528867511719,0.0740796895006823,0.05066744202945503,0.000667442029455026,0.23814904677551751,0.20506309205660778,0.07045,0.047619047619047616,0.05
ROUTE_1,20,150,2,20,12,PLANNING_SENSITIVITY_ONLY_NOT_AN_AUTHORIZED_IDENTITY_CHANGE,0.2,0.35,MODEST_0_10,0.1,0.12198360545581527,0.10125,0.09714556436967584,0.1055075843850676,0.10272038863970602,0.0027203886397060145,0.2394430752505361,0.20489368379671735,0.10125,0.047619047619047616,0.05
ROUTE_1,20,150,2,20,12,PLANNING_SENSITIVITY_ONLY_NOT_AN_AUTHORIZED_IDENTITY_CHANGE,0.2,0.35,TWENTY_FIVE_PERCENT_OF_OBSERVED,0.1812934780863693,0.12198360545581527,0.16615,0.1610556630507039,0.17137255942395713,0.18216504601577016,0.0008715679294008516,0.23588522730090697,0.20505870187822584,0.16615,0.047619047619047616,0.05
ROUTE_1,20,150,2,20,12,PLANNING_SENSITIVITY_ONLY_NOT_AN_AUTHORIZED_IDENTITY_CHANGE,0.2,0.35,FIFTY_PERCENT_OF_OBSERVED,0.3625869561727386,0.12198360545581527,0.3853,0.37857791387665096,0.3920661391946194,0.3492938257786582,-0.013293130394080421,0.21717640686660158,0.20473927566646677,0.3853,0.047619047619047616,0.05
ROUTE_1,20,150,2,20,12,PLANNING_SENSITIVITY_ONLY_NOT_AN_AUTHORIZED_IDENTITY_CHANGE,0.2,0.55,NULL,0.0,0.12198360545581527,0.04115,0.03848405163497844,0.04399217985370877,0.0006073071921213208,0.0006073071921213208,0.23556226320588067,0.20088091840639566,0.04115,0.047619047619047616,0.05
ROUTE_1,20,150,2,20,12,PLANNING_SENSITIVITY_ONLY_NOT_AN_AUTHORIZED_IDENTITY_CHANGE,0.2,0.55,MODEST_0_05,0.05,0.12198360545581527,0.0586,0.05542883876246742,0.061940690667861745,0.04735631973046103,-0.00264368026953897,0.23069340531541438,0.20035260554023643,0.0586,0.047619047619047616,0.05
ROUTE_1,20,150,2,20,12,PLANNING_SENSITIVITY_ONLY_NOT_AN_AUTHORIZED_IDENTITY_CHANGE,0.2,0.55,MODEST_0_10,0.1,0.12198360545581527,0.0868,0.08297701919372835,0.09078167940303652,0.09515482368224432,-0.0048451763177556895,0.22718241370277376,0.2003004656329217,0.0868,0.047619047619047616,0.05
ROUTE_1,20,150,2,20,12,PLANNING_SENSITIVITY_ONLY_NOT_AN_AUTHORIZED_IDENTITY_CHANGE,0.2,0.55,TWENTY_FIVE_PERCENT_OF_OBSERVED,0.1812934780863693,0.12198360545581527,0.13815,0.13343727949975112,0.14300169699405177,0.171701867376575,-0.009591610709794307,0.21456414815375843,0.20054421878817622,0.13815,0.047619047619047616,0.05
ROUTE_1,20,150,2,20,12,PLANNING_SENSITIVITY_ONLY_NOT_AN_AUTHORIZED_IDENTITY_CHANGE,0.2,0.55,FIFTY_PERCENT_OF_OBSERVED,0.3625869561727386,0.12198360545581527,0.2929,0.28663310034517,0.29924644098926856,0.3083215883402288,-0.05426536783250979,0.17456985214886567,0.2005161640851068,0.2929,0.047619047619047616,0.05
ROUTE_2,20,150,2,20,12,PLANNING_SENSITIVITY_ONLY_NOT_AN_AUTHORIZED_IDENTITY_CHANGE,0.1,0.15,NULL,0.0,0.12198360545581527,0.04955,0.04662795118239311,0.05264505410055154,-0.0014813778904111754,-0.0014813778904111754,0.13030975634009093,0.13805109062779575,0.04955,0.047619047619047616,0.05
ROUTE_2,20,150,2,20,12,PLANNING_SENSITIVITY_ONLY_NOT_AN_AUTHORIZED_IDENTITY_CHANGE,0.1,0.15,MODEST_0_05,0.05,0.12198360545581527,0.09585,0.09184736609424543,0.10000785664990394,0.05036349872944831,0.00036349872944830414,0.12861105875693238,0.13856152180367673,0.09585,0.047619047619047616,0.05
ROUTE_2,20,150,2,20,12,PLANNING_SENSITIVITY_ONLY_NOT_AN_AUTHORIZED_IDENTITY_CHANGE,0.1,0.15,MODEST_0_10,0.1,0.12198360545581527,0.17,0.16485757671296564,0.17526916708406343,0.09939336047737447,-0.0006066395226255322,0.12971652456283655,0.13850343509719343,0.17,0.047619047619047616,0.05
ROUTE_2,20,150,2,20,12,PLANNING_SENSITIVITY_ONLY_NOT_AN_AUTHORIZED_IDENTITY_CHANGE,0.1,0.15,TWENTY_FIVE_PERCENT_OF_OBSERVED,0.1812934780863693,0.12198360545581527,0.3553,0.3486953734300206,0.36196020180461613,0.18032253897360806,-0.0009709391127612488,0.13164125259348114,0.13823751354575523,0.3553,0.047619047619047616,0.05
ROUTE_2,20,150,2,20,12,PLANNING_SENSITIVITY_ONLY_NOT_AN_AUTHORIZED_IDENTITY_CHANGE,0.1,0.15,FIFTY_PERCENT_OF_OBSERVED,0.3625869561727386,0.12198360545581527,0.81495,0.8095077022813115,0.8202713342069481,0.3615985487649891,-0.0009884074077495253,0.1290142467638945,0.13779998114232128,0.81495,0.047619047619047616,0.05
ROUTE_2,20,150,2,20,12,PLANNING_SENSITIVITY_ONLY_NOT_AN_AUTHORIZED_IDENTITY_CHANGE,0.1,0.35,NULL,0.0,0.12198360545581527,0.04805,0.045171745705301206,0.05110183568581177,0.0012475181730955843,0.0012475181730955843,0.12933533608586628,0.1379658450004517,0.04805,0.047619047619047616,0.05
ROUTE_2,20,150,2,20,12,PLANNING_SENSITIVITY_ONLY_NOT_AN_AUTHORIZED_IDENTITY_CHANGE,0.1,0.35,MODEST_0_05,0.05,0.12198360545581527,0.0959,0.09189640578207929,0.10005879775846448,0.051843618520126276,0.0018436185201262736,0.12903279638431286,0.13828577481194163,0.0959,0.047619047619047616,0.05
ROUTE_2,20,150,2,20,12,PLANNING_SENSITIVITY_ONLY_NOT_AN_AUTHORIZED_IDENTITY_CHANGE,0.1,0.35,MODEST_0_10,0.1,0.12198360545581527,0.1686,0.16347494920345054,0.1738523322945356,0.09830183192637769,-0.0016981680736223165,0.13066966363717533,0.13845607384873954,0.1686,0.047619047619047616,0.05
ROUTE_2,20,150,2,20,12,PLANNING_SENSITIVITY_ONLY_NOT_AN_AUTHORIZED_IDENTITY_CHANGE,0.1,0.35,TWENTY_FIVE_PERCENT_OF_OBSERVED,0.1812934780863693,0.12198360545581527,0.3517,0.34511134987034975,0.3583456080238909,0.1801239937992406,-0.0011694842871287081,0.129110941353646,0.13834134804947704,0.3517,0.047619047619047616,0.05
ROUTE_2,20,150,2,20,12,PLANNING_SENSITIVITY_ONLY_NOT_AN_AUTHORIZED_IDENTITY_CHANGE,0.1,0.35,FIFTY_PERCENT_OF_OBSERVED,0.3625869561727386,0.12198360545581527,0.81205,0.8065759219218739,0.8174042283755113,0.35923741190240255,-0.003349544270336069,0.12616018984012384,0.13817416870716132,0.81205,0.047619047619047616,0.05
ROUTE_2,20,150,2,20,12,PLANNING_SENSITIVITY_ONLY_NOT_AN_AUTHORIZED_IDENTITY_CHANGE,0.1,0.55,NULL,0.0,0.12198360545581527,0.0482,0.045317331021641365,0.05125619275865478,0.0003400068274089896,0.0003400068274089896,0.12913349327845755,0.13757009699229852,0.0482,0.047619047619047616,0.05
ROUTE_2,20,150,2,20,12,PLANNING_SENSITIVITY_ONLY_NOT_AN_AUTHORIZED_IDENTITY_CHANGE,0.1,0.55,MODEST_0_05,0.05,0.12198360545581527,0.09755,0.09351490425713614,0.10173966556442247,0.050745611868495404,0.0007456118684954008,0.12953158843018384,0.1382029004725754,0.09755,0.047619047619047616,0.05
ROUTE_2,20,150,2,20,12,PLANNING_SENSITIVITY_ONLY_NOT_AN_AUTHORIZED_IDENTITY_CHANGE,0.1,0.55,MODEST_0_10,0.1,0.12198360545581527,0.1716,0.1664378791773002,0.17688825010434925,0.1002113354661912,0.00021133546619118981,0.12919446955932762,0.13759895674212427,0.1716,0.047619047619047616,0.05
ROUTE_2,20,150,2,20,12,PLANNING_SENSITIVITY_ONLY_NOT_AN_AUTHORIZED_IDENTITY_CHANGE,0.1,0.55,TWENTY_FIVE_PERCENT_OF_OBSERVED,0.1812934780863693,0.12198360545581527,0.3466,0.34003468965856365,0.35322422700344924,0.17823865362292413,-0.0030548244634451827,0.12393673665071167,0.13772632817222813,0.3466,0.047619047619047616,0.05
ROUTE_2,20,150,2,20,12,PLANNING_SENSITIVITY_ONLY_NOT_AN_AUTHORIZED_IDENTITY_CHANGE,0.1,0.55,FIFTY_PERCENT_OF_OBSERVED,0.3625869561727386,0.12198360545581527,0.7905,0.7848045189086866,0.7960839081427166,0.33308743544313335,-0.029499520729605266,0.10694183315138737,0.1381596300535057,0.7905,0.047619047619047616,0.05
ROUTE_2,20,150,2,20,12,PLANNING_SENSITIVITY_ONLY_NOT_AN_AUTHORIZED_IDENTITY_CHANGE,0.2,0.15,NULL,0.0,0.12198360545581527,0.04485,0.0420678805221547,0.04780692989971733,-0.0027326233646337472,-0.0027326233646337472,0.22024530524806296,0.20526232819364656,0.04485,0.047619047619047616,0.05
ROUTE_2,20,150,2,20,12,PLANNING_SENSITIVITY_ONLY_NOT_AN_AUTHORIZED_IDENTITY_CHANGE,0.2,0.15,MODEST_0_05,0.05,0.12198360545581527,0.07275,0.06923190962578964,0.07643218518415175,0.04830491269170592,-0.0016950873082940826,0.21992767721996387,0.20547490974759156,0.07275,0.047619047619047616,0.05
ROUTE_2,20,150,2,20,12,PLANNING_SENSITIVITY_ONLY_NOT_AN_AUTHORIZED_IDENTITY_CHANGE,0.2,0.15,MODEST_0_10,0.1,0.12198360545581527,0.10585,0.10166175726821042,0.11018962475481686,0.1019379210321343,0.0019379210321342905,0.22072023096824067,0.2052484900372657,0.10585,0.047619047619047616,0.05
ROUTE_2,20,150,2,20,12,PLANNING_SENSITIVITY_ONLY_NOT_AN_AUTHORIZED_IDENTITY_CHANGE,0.2,0.15,TWENTY_FIVE_PERCENT_OF_OBSERVED,0.1812934780863693,0.12198360545581527,0.1827,0.17740568579340793,0.18811618028779603,0.18129400461637293,5.265300036250142e-07,0.22033893749335992,0.20510183208561605,0.1827,0.047619047619047616,0.05
ROUTE_2,20,150,2,20,12,PLANNING_SENSITIVITY_ONLY_NOT_AN_AUTHORIZED_IDENTITY_CHANGE,0.2,0.15,FIFTY_PERCENT_OF_OBSERVED,0.3625869561727386,0.12198360545581527,0.4423,0.4354285087894213,0.44919365217145324,0.35909680934555926,-0.0034901468271793523,0.21726137844266147,0.20471881920093304,0.4423,0.047619047619047616,0.05
ROUTE_2,20,150,2,20,12,PLANNING_SENSITIVITY_ONLY_NOT_AN_AUTHORIZED_IDENTITY_CHANGE,0.2,0.35,NULL,0.0,0.12198360545581527,0.04585,0.04303742752895447,0.048836998820805375,0.0014344968155968786,0.0014344968155968786,0.21949975596866592,0.20426717171081366,0.04585,0.047619047619047616,0.05
ROUTE_2,20,150,2,20,12,PLANNING_SENSITIVITY_ONLY_NOT_AN_AUTHORIZED_IDENTITY_CHANGE,0.2,0.35,MODEST_0_05,0.05,0.12198360545581527,0.07195,0.06845035534878731,0.07561404671884385,0.05092030630219271,0.0009203063021927041,0.21989582450292022,0.20474411111037508,0.07195,0.047619047619047616,0.05
ROUTE_2,20,150,2,20,12,PLANNING_SENSITIVITY_ONLY_NOT_AN_AUTHORIZED_IDENTITY_CHANGE,0.2,0.35,MODEST_0_10,0.1,0.12198360545581527,0.10585,0.10166175726821042,0.11018962475481686,0.1002855110784251,0.00028551107842508805,0.21728809783877132,0.20481167357553917,0.10585,0.047619047619047616,0.05
ROUTE_2,20,150,2,20,12,PLANNING_SENSITIVITY_ONLY_NOT_AN_AUTHORIZED_IDENTITY_CHANGE,0.2,0.35,TWENTY_FIVE_PERCENT_OF_OBSERVED,0.1812934780863693,0.12198360545581527,0.18315,0.1778504862443201,0.18857120700443336,0.18057720478563793,-0.0007162733007313737,0.2165664968688858,0.20463009270653362,0.18315,0.047619047619047616,0.05
ROUTE_2,20,150,2,20,12,PLANNING_SENSITIVITY_ONLY_NOT_AN_AUTHORIZED_IDENTITY_CHANGE,0.2,0.35,FIFTY_PERCENT_OF_OBSERVED,0.3625869561727386,0.12198360545581527,0.43135,0.42449993652324847,0.4382264300272547,0.3488748989914285,-0.013712057181310133,0.20138988525017013,0.20472875546020095,0.43135,0.047619047619047616,0.05
ROUTE_2,20,150,2,20,12,PLANNING_SENSITIVITY_ONLY_NOT_AN_AUTHORIZED_IDENTITY_CHANGE,0.2,0.55,NULL,0.0,0.12198360545581527,0.0436,0.040856496924348236,0.046518793587664066,-0.0009952670037115152,-0.0009952670037115152,0.2155542931091592,0.2004069941369816,0.0436,0.047619047619047616,0.05
ROUTE_2,20,150,2,20,12,PLANNING_SENSITIVITY_ONLY_NOT_AN_AUTHORIZED_IDENTITY_CHANGE,0.2,0.55,MODEST_0_05,0.05,0.12198360545581527,0.0599,0.056694974786159286,0.063274055350424,0.04618698931969453,-0.0038130106803054703,0.2094622365210811,0.20012824417222597,0.0599,0.047619047619047616,0.05
ROUTE_2,20,150,2,20,12,PLANNING_SENSITIVITY_ONLY_NOT_AN_AUTHORIZED_IDENTITY_CHANGE,0.2,0.55,MODEST_0_10,0.1,0.12198360545581527,0.0866,0.08278112669053322,0.09057764872065407,0.09354665457040336,-0.006453345429596649,0.2071524664174661,0.20028789342237718,0.0866,0.047619047619047616,0.05
ROUTE_2,20,150,2,20,12,PLANNING_SENSITIVITY_ONLY_NOT_AN_AUTHORIZED_IDENTITY_CHANGE,0.2,0.55,TWENTY_FIVE_PERCENT_OF_OBSERVED,0.1812934780863693,0.12198360545581527,0.1511,0.1462034621449299,0.1561305406150199,0.17101329231170906,-0.01028018577466025,0.19673390211286254,0.19994715002160357,0.1511,0.047619047619047616,0.05
ROUTE_2,20,150,2,20,12,PLANNING_SENSITIVITY_ONLY_NOT_AN_AUTHORIZED_IDENTITY_CHANGE,0.2,0.55,FIFTY_PERCENT_OF_OBSERVED,0.3625869561727386,0.12198360545581527,0.3395,0.3329685761961692,0.34609306737784046,0.3106390721317248,-0.0519478840410138,0.16450296224923824,0.20045810039591247,0.3395,0.047619047619047616,0.05
ROUTE_1,20,150,4,31,16,REQUIRED_FULL_47_IDENTITY_DESIGN,0.1,0.15,NULL,0.0,0.060000000000000005,0.04845,0.045559990800755165,0.05151343696151292,0.0010427979126375404,0.0010427979126375404,0.11931211650891103,0.10229692132621634,0.04845,0.047619047619047616,0.05
ROUTE_1,20,150,4,31,16,REQUIRED_FULL_47_IDENTITY_DESIGN,0.1,0.15,MODEST_0_05,0.05,0.060000000000000005,0.10095,0.09685112104925797,0.10520214292711913,0.050053123815457845,5.312381545784228e-05,0.1195659018955651,0.10220598039235766,0.10095,0.047619047619047616,0.05
ROUTE_1,20,150,4,31,16,REQUIRED_FULL_47_IDENTITY_DESIGN,0.1,0.15,MODEST_0_10,0.1,0.060000000000000005,0.18695,0.18160705882019987,0.19241317495452723,0.09996219100266043,-3.7808997339572326e-05,0.11919875664184759,0.10225434142430863,0.18695,0.047619047619047616,0.05
ROUTE_1,20,150,4,31,16,REQUIRED_FULL_47_IDENTITY_DESIGN,0.1,0.15,TWENTY_FIVE_PERCENT_OF_OBSERVED,0.1812934780863693,0.060000000000000005,0.3916,0.384856726513778,0.3983849069031855,0.1815533357855798,0.0002598576992104973,0.11970779691055752,0.102124964987513,0.3916,0.047619047619047616,0.05
ROUTE_1,20,150,4,31,16,REQUIRED_FULL_47_IDENTITY_DESIGN,0.1,0.15,FIFTY_PERCENT_OF_OBSERVED,0.3625869561727386,0.060000000000000005,0.8718,0.8670952478306058,0.8763619541580749,0.36431288194719424,0.0017259257744556278,0.11875292584826727,0.1020425606546323,0.8718,0.047619047619047616,0.05
ROUTE_1,20,150,4,31,16,REQUIRED_FULL_47_IDENTITY_DESIGN,0.1,0.35,NULL,0.0,0.060000000000000005,0.04935,0.046433745719324244,0.05243933637804286,-0.0002988430552367985,-0.0002988430552367985,0.11985631865387285,0.10235390986805953,0.04935,0.047619047619047616,0.05
ROUTE_1,20,150,4,31,16,REQUIRED_FULL_47_IDENTITY_DESIGN,0.1,0.35,MODEST_0_05,0.05,0.060000000000000005,0.1007,0.09660576031862587,0.10494759967577928,0.05051234357875566,0.0005123435787556599,0.11958003766573483,0.10255933387928823,0.1007,0.047619047619047616,0.05
ROUTE_1,20,150,4,31,16,REQUIRED_FULL_47_IDENTITY_DESIGN,0.1,0.35,MODEST_0_10,0.1,0.060000000000000005,0.1878,0.18244746099247905,0.19327244632095264,0.10040107213074363,0.0004010721307436266,0.11852471673166418,0.10224581276011709,0.1878,0.047619047619047616,0.05
ROUTE_1,20,150,4,31,16,REQUIRED_FULL_47_IDENTITY_DESIGN,0.1,0.35,TWENTY_FIVE_PERCENT_OF_OBSERVED,0.1812934780863693,0.060000000000000005,0.39165,0.3849065631021222,0.3984350511112357,0.18145214714309532,0.00015866905672601295,0.11945808651573857,0.10238023633667465,0.39165,0.047619047619047616,0.05
ROUTE_1,20,150,4,31,16,REQUIRED_FULL_47_IDENTITY_DESIGN,0.1,0.35,FIFTY_PERCENT_OF_OBSERVED,0.3625869561727386,0.060000000000000005,0.8676,0.8628321518418586,0.8722266632496934,0.36348534433216073,0.0008983881594221144,0.11779919427064363,0.10216589257482178,0.8676,0.047619047619047616,0.05
ROUTE_1,20,150,4,31,16,REQUIRED_FULL_47_IDENTITY_DESIGN,0.1,0.55,NULL,0.0,0.060000000000000005,0.04755,0.04468651897958429,0.050587254447584794,0.0009003279559899586,0.0009003279559899586,0.11966445299815254,0.10231625792683963,0.04755,0.047619047619047616,0.05
ROUTE_1,20,150,4,31,16,REQUIRED_FULL_47_IDENTITY_DESIGN,0.1,0.55,MODEST_0_05,0.05,0.060000000000000005,0.102,0.09788172223254471,0.10627113846811456,0.05114198920407675,0.0011419892040767446,0.11950286686961416,0.10219113104443332,0.102,0.047619047619047616,0.05
ROUTE_1,20,150,4,31,16,REQUIRED_FULL_47_IDENTITY_DESIGN,0.1,0.55,MODEST_0_10,0.1,0.060000000000000005,0.182,0.17671379815113336,0.18740833678054913,0.09963927457775604,-0.0003607254222439682,0.11884487704627157,0.10226910038118393,0.182,0.047619047619047616,0.05
ROUTE_1,20,150,4,31,16,REQUIRED_FULL_47_IDENTITY_DESIGN,0.1,0.55,TWENTY_FIVE_PERCENT_OF_OBSERVED,0.1812934780863693,0.060000000000000005,0.3945,0.38774737155942895,0.4012931480484092,0.1811266398698774,-0.00016683821649191022,0.1184021953053539,0.10216562034935545,0.3945,0.047619047619047616,0.05
ROUTE_1,20,150,4,31,16,REQUIRED_FULL_47_IDENTITY_DESIGN,0.1,0.55,FIFTY_PERCENT_OF_OBSERVED,0.3625869561727386,0.060000000000000005,0.86455,0.8597373192891975,0.8692226672222967,0.34750732335703943,-0.015079632815699184,0.09759623578088043,0.10207962791856605,0.86455,0.047619047619047616,0.05
ROUTE_1,20,150,4,31,16,REQUIRED_FULL_47_IDENTITY_DESIGN,0.2,0.15,NULL,0.0,0.060000000000000005,0.04495,0.04216481786980424,0.04790995414485657,-0.0009821801365401343,-0.0009821801365401343,0.21232979873871968,0.18284495516334806,0.04495,0.047619047619047616,0.05
ROUTE_1,20,150,4,31,16,REQUIRED_FULL_47_IDENTITY_DESIGN,0.2,0.15,MODEST_0_05,0.05,0.060000000000000005,0.06975,0.06630174909693295,0.0733634979293451,0.051615661594139384,0.001615661594139381,0.2124918898698363,0.18315880076027719,0.06975,0.047619047619047616,0.05
ROUTE_1,20,150,4,31,16,REQUIRED_FULL_47_IDENTITY_DESIGN,0.2,0.15,MODEST_0_10,0.1,0.060000000000000005,0.10835,0.10411727483167017,0.11273314701107658,0.09931854415088473,-0.0006814558491152756,0.21280909679839238,0.18304238930409,0.10835,0.047619047619047616,0.05
ROUTE_1,20,150,4,31,16,REQUIRED_FULL_47_IDENTITY_DESIGN,0.2,0.15,TWENTY_FIVE_PERCENT_OF_OBSERVED,0.1812934780863693,0.060000000000000005,0.18925,0.18388118504803228,0.19473816536083674,0.18030210973975513,-0.0009913683466141743,0.21687924784918755,0.1831106484512184,0.18925,0.047619047619047616,0.05
ROUTE_1,20,150,4,31,16,REQUIRED_FULL_47_IDENTITY_DESIGN,0.2,0.15,FIFTY_PERCENT_OF_OBSERVED,0.3625869561727386,0.060000000000000005,0.46175,0.4548487921855738,0.4686658985727182,0.3620943288483703,-0.0004926273243683332,0.2134847320332369,0.1824988771078756,0.46175,0.047619047619047616,0.05
ROUTE_1,20,150,4,31,16,REQUIRED_FULL_47_IDENTITY_DESIGN,0.2,0.35,NULL,0.0,0.060000000000000005,0.0477,0.04483207763642848,0.05074163817992376,-0.00210112636582125,-0.00210112636582125,0.21339934964703636,0.1829653045846351,0.0477,0.047619047619047616,0.05
ROUTE_1,20,150,4,31,16,REQUIRED_FULL_47_IDENTITY_DESIGN,0.2,0.35,MODEST_0_05,0.05,0.060000000000000005,0.0767,0.07309265139211343,0.08046992633298475,0.05096632230080146,0.0009663223008014588,0.2141722862636333,0.18289852274450233,0.0767,0.047619047619047616,0.05
ROUTE_1,20,150,4,31,16,REQUIRED_FULL_47_IDENTITY_DESIGN,0.2,0.35,MODEST_0_10,0.1,0.060000000000000005,0.10775,0.10352788405968985,0.11212276822632422,0.09891306573982178,-0.001086934260178224,0.2130630637588361,0.18309285960531232,0.10775,0.047619047619047616,0.05
ROUTE_1,20,150,4,31,16,REQUIRED_FULL_47_IDENTITY_DESIGN,0.2,0.35,TWENTY_FIVE_PERCENT_OF_OBSERVED,0.1812934780863693,0.060000000000000005,0.18585,0.1805195422470186,0.19130111400703187,0.1794269084767788,-0.0018665696095905016,0.21263436804181957,0.18311761383575864,0.18585,0.047619047619047616,0.05
ROUTE_1,20,150,4,31,16,REQUIRED_FULL_47_IDENTITY_DESIGN,0.2,0.35,FIFTY_PERCENT_OF_OBSERVED,0.3625869561727386,0.060000000000000005,0.45555,0.44865711139832726,0.46245996060706046,0.35401362872028597,-0.00857332745245265,0.19891479848967217,0.18287499487185904,0.45555,0.047619047619047616,0.05
ROUTE_1,20,150,4,31,16,REQUIRED_FULL_47_IDENTITY_DESIGN,0.2,0.55,NULL,0.0,0.060000000000000005,0.04615,0.043328365889907745,0.04914594523821842,-2.390083115537682e-05,-2.390083115537682e-05,0.20969106694362036,0.18056413842801586,0.04615,0.047619047619047616,0.05
ROUTE_1,20,150,4,31,16,REQUIRED_FULL_47_IDENTITY_DESIGN,0.2,0.55,MODEST_0_05,0.05,0.060000000000000005,0.0694,0.06596001769656515,0.07300536375495217,0.05009201905966957,9.201905966956664e-05,0.20910617000214657,0.18049769029425977,0.0694,0.047619047619047616,0.05
ROUTE_1,20,150,4,31,16,REQUIRED_FULL_47_IDENTITY_DESIGN,0.2,0.55,MODEST_0_10,0.1,0.060000000000000005,0.1021,0.09797988193700699,0.10637294035644107,0.09514904325256754,-0.004850956747432467,0.20631042592249874,0.1804762608662209,0.1021,0.047619047619047616,0.05
ROUTE_1,20,150,4,31,16,REQUIRED_FULL_47_IDENTITY_DESIGN,0.2,0.55,TWENTY_FIVE_PERCENT_OF_OBSERVED,0.1812934780863693,0.060000000000000005,0.1758,0.17058695548992636,0.18113756068885184,0.17180959928761344,-0.009483878798755868,0.1981054770037386,0.18035034667517771,0.1758,0.047619047619047616,0.05
ROUTE_1,20,150,4,31,16,REQUIRED_FULL_47_IDENTITY_DESIGN,0.2,0.55,FIFTY_PERCENT_OF_OBSERVED,0.3625869561727386,0.060000000000000005,0.3969,0.3901398182654241,0.40369977956934466,0.3180096772157562,-0.044577278956982436,0.15653316881062296,0.18061576630416223,0.3969,0.047619047619047616,0.05
ROUTE_2,20,150,4,31,16,REQUIRED_FULL_47_IDENTITY_DESIGN,0.1,0.15,NULL,0.0,0.060000000000000005,0.0481,0.04522027326179008,0.05115328892571727,-0.00045825860195090326,-0.00045825860195090326,0.10963153799852998,0.10205657161709701,0.0481,0.047619047619047616,0.05
ROUTE_2,20,150,4,31,16,REQUIRED_FULL_47_IDENTITY_DESIGN,0.1,0.15,MODEST_0_05,0.05,0.060000000000000005,0.1086,0.1043628665876501,0.1129874592370686,0.05047913674335942,0.0004791367433594207,0.10976979316165718,0.10194860380422796,0.1086,0.047619047619047616,0.05
ROUTE_2,20,150,4,31,16,REQUIRED_FULL_47_IDENTITY_DESIGN,0.1,0.15,MODEST_0_10,0.1,0.060000000000000005,0.20455,0.19901663232418543,0.21019684178136677,0.10003568077911433,3.568077911432488e-05,0.10965442991673414,0.10219627852974258,0.20455,0.047619047619047616,0.05
ROUTE_2,20,150,4,31,16,REQUIRED_FULL_47_IDENTITY_DESIGN,0.1,0.15,TWENTY_FIVE_PERCENT_OF_OBSERVED,0.1812934780863693,0.060000000000000005,0.44055,0.43368170500521913,0.4474411280818517,0.18123362737599427,-5.985071037503675e-05,0.10943248979677987,0.10227415626170366,0.44055,0.047619047619047616,0.05
ROUTE_2,20,150,4,31,16,REQUIRED_FULL_47_IDENTITY_DESIGN,0.1,0.15,FIFTY_PERCENT_OF_OBSERVED,0.3625869561727386,0.060000000000000005,0.90855,0.9044763170792463,0.9124667702593106,0.3630407583563272,0.0004538021835885919,0.11056652790132145,0.10244023585580048,0.90855,0.047619047619047616,0.05
ROUTE_2,20,150,4,31,16,REQUIRED_FULL_47_IDENTITY_DESIGN,0.1,0.35,NULL,0.0,0.060000000000000005,0.0472,0.044346913581891106,0.050226994270517245,-0.00016162821983146963,-0.00016162821983146963,0.10975134537470912,0.10216404851760046,0.0472,0.047619047619047616,0.05
ROUTE_2,20,150,4,31,16,REQUIRED_FULL_47_IDENTITY_DESIGN,0.1,0.35,MODEST_0_05,0.05,0.060000000000000005,0.10635,0.10215280206103547,0.1106983879259357,0.050494796341217146,0.0004947963412171436,0.10952632918725907,0.10207187437156144,0.10635,0.047619047619047616,0.05
ROUTE_2,20,150,4,31,16,REQUIRED_FULL_47_IDENTITY_DESIGN,0.1,0.35,MODEST_0_10,0.1,0.060000000000000005,0.2081,0.20253025698825586,0.213781853661298,0.10104917443964537,0.0010491744396453617,0.10920772214255348,0.10228433016687037,0.2081,0.047619047619047616,0.05
ROUTE_2,20,150,4,31,16,REQUIRED_FULL_47_IDENTITY_DESIGN,0.1,0.35,TWENTY_FIVE_PERCENT_OF_OBSERVED,0.1812934780863693,0.060000000000000005,0.44975,0.4428658697093568,0.4566534299142817,0.18336973689654876,0.002076258810179449,0.10911626234574429,0.10206911334727148,0.44975,0.047619047619047616,0.05
ROUTE_2,20,150,4,31,16,REQUIRED_FULL_47_IDENTITY_DESIGN,0.1,0.35,FIFTY_PERCENT_OF_OBSERVED,0.3625869561727386,0.060000000000000005,0.91,0.9059546606033478,0.9138878698306464,0.3616116949990039,-0.0009752611737346983,0.10862118154112345,0.10222312440404038,0.91,0.047619047619047616,0.05
ROUTE_2,20,150,4,31,16,REQUIRED_FULL_47_IDENTITY_DESIGN,0.1,0.55,NULL,0.0,0.060000000000000005,0.0466,0.04376483653680459,0.049609301758871086,-0.001270533185720904,-0.001270533185720904,0.10936814741285837,0.10211127662118297,0.0466,0.047619047619047616,0.05
ROUTE_2,20,150,4,31,16,REQUIRED_FULL_47_IDENTITY_DESIGN,0.1,0.55,MODEST_0_05,0.05,0.060000000000000005,0.1042,0.10004152137576822,0.10851049436624421,0.049440216253964706,-0.0005597837460352972,0.10876586758023905,0.10235705323146371,0.1042,0.047619047619047616,0.05
ROUTE_2,20,150,4,31,16,REQUIRED_FULL_47_IDENTITY_DESIGN,0.1,0.55,MODEST_0_10,0.1,0.060000000000000005,0.20345,0.19792803791390234,0.20908585867097323,0.09968845898581169,-0.0003115410141883157,0.10892907207951748,0.10223829171070345,0.20345,0.047619047619047616,0.05
ROUTE_2,20,150,4,31,16,REQUIRED_FULL_47_IDENTITY_DESIGN,0.1,0.55,TWENTY_FIVE_PERCENT_OF_OBSERVED,0.1812934780863693,0.060000000000000005,0.44485,0.43797400642427536,0.45174717515271307,0.1813838202017124,9.034211534308945e-05,0.10815917029340039,0.1020751417634373,0.44485,0.047619047619047616,0.05
ROUTE_2,20,150,4,31,16,REQUIRED_FULL_47_IDENTITY_DESIGN,0.1,0.55,FIFTY_PERCENT_OF_OBSERVED,0.3625869561727386,0.060000000000000005,0.9126,0.9086062656999107,0.9164352661465917,0.34672479470772405,-0.015862161465014568,0.09049946933765582,0.10219808374389465,0.9126,0.047619047619047616,0.05
ROUTE_2,20,150,4,31,16,REQUIRED_FULL_47_IDENTITY_DESIGN,0.2,0.15,NULL,0.0,0.060000000000000005,0.04535,0.042552606025212034,0.048322012360603905,0.0016331794602925352,0.0016331794602925352,0.20732790776005805,0.1827747200524858,0.04535,0.047619047619047616,0.05
ROUTE_2,20,150,4,31,16,REQUIRED_FULL_47_IDENTITY_DESIGN,0.2,0.15,MODEST_0_05,0.05,0.060000000000000005,0.07685,0.07323931963996606,0.08062320047431527,0.05224518417695635,0.0022451841769563496,0.2081815860141774,0.18296711542861263,0.07685,0.047619047619047616,0.05
ROUTE_2,20,150,4,31,16,REQUIRED_FULL_47_IDENTITY_DESIGN,0.2,0.15,MODEST_0_10,0.1,0.060000000000000005,0.1104,0.10613133799265631,0.11481829650226041,0.09906441154026348,-0.0009355884597365277,0.20732022349630877,0.18262989178645317,0.1104,0.047619047619047616,0.05
ROUTE_2,20,150,4,31,16,REQUIRED_FULL_47_IDENTITY_DESIGN,0.2,0.15,TWENTY_FIVE_PERCENT_OF_OBSERVED,0.1812934780863693,0.060000000000000005,0.19395,0.18852925593037376,0.1994882893395679,0.1790773800823456,-0.0022160980040236977,0.20861568070659067,0.1831986706584565,0.19395,0.047619047619047616,0.05
ROUTE_2,20,150,4,31,16,REQUIRED_FULL_47_IDENTITY_DESIGN,0.2,0.15,FIFTY_PERCENT_OF_OBSERVED,0.3625869561727386,0.060000000000000005,0.47405,0.4671354659175465,0.48097450075376535,0.3639639870847934,0.0013770309120547664,0.20712964552633423,0.18280004871104927,0.47405,0.047619047619047616,0.05
ROUTE_2,20,150,4,31,16,REQUIRED_FULL_47_IDENTITY_DESIGN,0.2,0.35,NULL,0.0,0.060000000000000005,0.0484,0.04551145709244874,0.05146198987342495,0.0013039215658214693,0.0013039215658214693,0.20866089056955706,0.18288384703751034,0.0484,0.047619047619047616,0.05
ROUTE_2,20,150,4,31,16,REQUIRED_FULL_47_IDENTITY_DESIGN,0.2,0.35,MODEST_0_05,0.05,0.060000000000000005,0.074,0.07045334058278283,0.07771027413701831,0.05368028865165345,0.0036802886516534503,0.20758544134603144,0.18272498643685697,0.074,0.047619047619047616,0.05
ROUTE_2,20,150,4,31,16,REQUIRED_FULL_47_IDENTITY_DESIGN,0.2,0.35,MODEST_0_10,0.1,0.060000000000000005,0.1095,0.10524705623870556,0.11390292392111215,0.09850463442339728,-0.0014953655766027224,0.20882223254587998,0.18274842419547402,0.1095,0.047619047619047616,0.05
ROUTE_2,20,150,4,31,16,REQUIRED_FULL_47_IDENTITY_DESIGN,0.2,0.35,TWENTY_FIVE_PERCENT_OF_OBSERVED,0.1812934780863693,0.060000000000000005,0.1935,0.18808417374311948,0.19903354435927262,0.18143338213671828,0.00013990405034897124,0.2055330003118285,0.18289256286258693,0.1935,0.047619047619047616,0.05
ROUTE_2,20,150,4,31,16,REQUIRED_FULL_47_IDENTITY_DESIGN,0.2,0.35,FIFTY_PERCENT_OF_OBSERVED,0.3625869561727386,0.060000000000000005,0.4718,0.46488758854704637,0.47872324228651797,0.3553331101993363,-0.00725384597340234,0.1949493147663624,0.18269713746662594,0.4718,0.047619047619047616,0.05
ROUTE_2,20,150,4,31,16,REQUIRED_FULL_47_IDENTITY_DESIGN,0.2,0.55,NULL,0.0,0.060000000000000005,0.0426,0.03988784585872582,0.045487828725398693,-0.002344535794129492,-0.002344535794129492,0.2055870127719689,0.18048144597962215,0.0426,0.047619047619047616,0.05
ROUTE_2,20,150,4,31,16,REQUIRED_FULL_47_IDENTITY_DESIGN,0.2,0.55,MODEST_0_05,0.05,0.060000000000000005,0.06765,0.06425175183396292,0.07121430174375076,0.04813626981430029,-0.0018637301856997135,0.20253260082739954,0.18023111401823433,0.06765,0.047619047619047616,0.05
ROUTE_2,20,150,4,31,16,REQUIRED_FULL_47_IDENTITY_DESIGN,0.2,0.55,MODEST_0_10,0.1,0.060000000000000005,0.10095,0.09685112104925797,0.10520214292711913,0.0953181770497805,-0.0046818229502195025,0.1998385175200144,0.18060642034741117,0.10095,0.047619047619047616,0.05
ROUTE_2,20,150,4,31,16,REQUIRED_FULL_47_IDENTITY_DESIGN,0.2,0.55,TWENTY_FIVE_PERCENT_OF_OBSERVED,0.1812934780863693,0.060000000000000005,0.17995,0.1746877261990537,0.18533519608045884,0.17398149993571413,-0.0073119781506551795,0.19246748787317305,0.18056621277758128,0.17995,0.047619047619047616,0.05
ROUTE_2,20,150,4,31,16,REQUIRED_FULL_47_IDENTITY_DESIGN,0.2,0.55,FIFTY_PERCENT_OF_OBSERVED,0.3625869561727386,0.060000000000000005,0.41015,0.4033511704950215,0.41698333838426055,0.3171495760650171,-0.045437380107721526,0.15373330339767816,0.18045757641820775,0.41015,0.047619047619047616,0.05
ROUTE_1,20,150,4,20,12,PLANNING_SENSITIVITY_ONLY_NOT_AN_AUTHORIZED_IDENTITY_CHANGE,0.1,0.15,NULL,0.0,0.08625543461139132,0.0463,0.04347384773037624,0.049300405786933094,0.0004650058585079059,0.0004650058585079059,0.13439620073075642,0.11590876996269715,0.0463,0.047619047619047616,0.05
ROUTE_1,20,150,4,20,12,PLANNING_SENSITIVITY_ONLY_NOT_AN_AUTHORIZED_IDENTITY_CHANGE,0.1,0.15,MODEST_0_05,0.05,0.08625543461139132,0.0884,0.0845443809725379,0.09241370310884743,0.04856498628866145,-0.0014350137113385494,0.13479365087366993,0.1156893597435079,0.0884,0.047619047619047616,0.05
ROUTE_1,20,150,4,20,12,PLANNING_SENSITIVITY_ONLY_NOT_AN_AUTHORIZED_IDENTITY_CHANGE,0.1,0.15,MODEST_0_10,0.1,0.08625543461139132,0.1618,0.15676119366751298,0.16696869952083618,0.09890919673633783,-0.0010908032636621767,0.13473662399989905,0.11565402539418686,0.1618,0.047619047619047616,0.05
ROUTE_1,20,150,4,20,12,PLANNING_SENSITIVITY_ONLY_NOT_AN_AUTHORIZED_IDENTITY_CHANGE,0.1,0.15,TWENTY_FIVE_PERCENT_OF_OBSERVED,0.1812934780863693,0.08625543461139132,0.3357,0.3291873866324013,0.3422757164156347,0.18233523202548205,0.0010417539391127384,0.1360083123351387,0.11578778178793885,0.3357,0.047619047619047616,0.05
ROUTE_1,20,150,4,20,12,PLANNING_SENSITIVITY_ONLY_NOT_AN_AUTHORIZED_IDENTITY_CHANGE,0.1,0.15,FIFTY_PERCENT_OF_OBSERVED,0.3625869561727386,0.08625543461139132,0.7751,0.7692611088094341,0.7808332329524972,0.36078481540950474,-0.0018021407632338726,0.13652554181050605,0.11565188691592078,0.7751,0.047619047619047616,0.05
ROUTE_1,20,150,4,20,12,PLANNING_SENSITIVITY_ONLY_NOT_AN_AUTHORIZED_IDENTITY_CHANGE,0.1,0.35,NULL,0.0,0.08625543461139132,0.04675,0.04391034342589855,0.04976373725896029,0.0011008346162503632,0.0011008346162503632,0.13456828023922576,0.11576196792689677,0.04675,0.047619047619047616,0.05
ROUTE_1,20,150,4,20,12,PLANNING_SENSITIVITY_ONLY_NOT_AN_AUTHORIZED_IDENTITY_CHANGE,0.1,0.35,MODEST_0_05,0.05,0.08625543461139132,0.09215,0.08821938698507131,0.09623725682589321,0.049553609442211884,-0.00044639055778811915,0.13530458540983645,0.11547371936397657,0.09215,0.047619047619047616,0.05
ROUTE_1,20,150,4,20,12,PLANNING_SENSITIVITY_ONLY_NOT_AN_AUTHORIZED_IDENTITY_CHANGE,0.1,0.35,MODEST_0_10,0.1,0.08625543461139132,0.1612,0.1561689550792692,0.16636116855234728,0.09853503195472707,-0.0014649680452729352,0.13533578183534856,0.11606069423575059,0.1612,0.047619047619047616,0.05
ROUTE_1,20,150,4,20,12,PLANNING_SENSITIVITY_ONLY_NOT_AN_AUTHORIZED_IDENTITY_CHANGE,0.1,0.35,TWENTY_FIVE_PERCENT_OF_OBSERVED,0.1812934780863693,0.08625543461139132,0.33375,0.3272472234962529,0.34031662849240185,0.18107028221032823,-0.00022319587604108237,0.13606949147866979,0.11567268387015299,0.33375,0.047619047619047616,0.05
ROUTE_1,20,150,4,20,12,PLANNING_SENSITIVITY_ONLY_NOT_AN_AUTHORIZED_IDENTITY_CHANGE,0.1,0.35,FIFTY_PERCENT_OF_OBSERVED,0.3625869561727386,0.08625543461139132,0.77675,0.7709259191783254,0.7824677888646207,0.3602561785836103,-0.002330777589128308,0.133511680118274,0.11547821568370908,0.77675,0.047619047619047616,0.05
ROUTE_1,20,150,4,20,12,PLANNING_SENSITIVITY_ONLY_NOT_AN_AUTHORIZED_IDENTITY_CHANGE,0.1,0.55,NULL,0.0,0.08625543461139132,0.04755,0.04468651897958429,0.050587254447584794,-0.00046377168868538517,-0.00046377168868538517,0.13642653785718703,0.11582857289361712,0.04755,0.047619047619047616,0.05
ROUTE_1,20,150,4,20,12,PLANNING_SENSITIVITY_ONLY_NOT_AN_AUTHORIZED_IDENTITY_CHANGE,0.1,0.55,MODEST_0_05,0.05,0.08625543461139132,0.09475,0.09076857921192924,0.09888706601154357,0.050455283067767996,0.0004552830677679934,0.13559450222667535,0.11566513432769202,0.09475,0.047619047619047616,0.05
ROUTE_1,20,150,4,20,12,PLANNING_SENSITIVITY_ONLY_NOT_AN_AUTHORIZED_IDENTITY_CHANGE,0.1,0.55,MODEST_0_10,0.1,0.08625543461139132,0.16155,0.1565144245492226,0.1667155646571546,0.09895075910190122,-0.0010492408980987827,0.13438083696727418,0.11576043793035969,0.16155,0.047619047619047616,0.05
ROUTE_1,20,150,4,20,12,PLANNING_SENSITIVITY_ONLY_NOT_AN_AUTHORIZED_IDENTITY_CHANGE,0.1,0.55,TWENTY_FIVE_PERCENT_OF_OBSERVED,0.1812934780863693,0.08625543461139132,0.33175,0.3252574430725395,0.3383071770603397,0.18069826295311858,-0.0005952151332507261,0.1335428466571101,0.11579443142380837,0.33175,0.047619047619047616,0.05
ROUTE_1,20,150,4,20,12,PLANNING_SENSITIVITY_ONLY_NOT_AN_AUTHORIZED_IDENTITY_CHANGE,0.1,0.55,FIFTY_PERCENT_OF_OBSERVED,0.3625869561727386,0.08625543461139132,0.78065,0.77486144644845,0.7863307637132584,0.34153967331182933,-0.02104728286090929,0.1079286403142377,0.11572801205817733,0.78065,0.047619047619047616,0.05
ROUTE_1,20,150,4,20,12,PLANNING_SENSITIVITY_ONLY_NOT_AN_AUTHORIZED_IDENTITY_CHANGE,0.2,0.15,NULL,0.0,0.08625543461139132,0.0456,0.04279500487108835,0.04857951749669953,0.0018660718060243924,0.0018660718060243924,0.22131847997597012,0.19088299092239003,0.0456,0.047619047619047616,0.05
ROUTE_1,20,150,4,20,12,PLANNING_SENSITIVITY_ONLY_NOT_AN_AUTHORIZED_IDENTITY_CHANGE,0.2,0.15,MODEST_0_05,0.05,0.08625543461139132,0.0726,0.06908535851024862,0.07627879391050961,0.04829408748055761,-0.0017059125194423957,0.2245699398010464,0.19081346893176485,0.0726,0.047619047619047616,0.05
ROUTE_1,20,150,4,20,12,PLANNING_SENSITIVITY_ONLY_NOT_AN_AUTHORIZED_IDENTITY_CHANGE,0.2,0.15,MODEST_0_10,0.1,0.08625543461139132,0.1035,0.09935424802778026,0.10779803656471071,0.1007661637234285,0.0007661637234284979,0.22185605865143185,0.19110516125689578,0.1035,0.047619047619047616,0.05
ROUTE_1,20,150,4,20,12,PLANNING_SENSITIVITY_ONLY_NOT_AN_AUTHORIZED_IDENTITY_CHANGE,0.2,0.15,TWENTY_FIVE_PERCENT_OF_OBSERVED,0.1812934780863693,0.08625543461139132,0.17995,0.1746877261990537,0.18533519608045884,0.18155051036256684,0.00025703227619752744,0.2230280104181197,0.1909595864719978,0.17995,0.047619047619047616,0.05
ROUTE_1,20,150,4,20,12,PLANNING_SENSITIVITY_ONLY_NOT_AN_AUTHORIZED_IDENTITY_CHANGE,0.2,0.15,FIFTY_PERCENT_OF_OBSERVED,0.3625869561727386,0.08625543461139132,0.43405,0.4271943365737267,0.44093099298207356,0.36275249724620723,0.00016554107346861135,0.21889938835892497,0.19088641636382456,0.43405,0.047619047619047616,0.05
ROUTE_1,20,150,4,20,12,PLANNING_SENSITIVITY_ONLY_NOT_AN_AUTHORIZED_IDENTITY_CHANGE,0.2,0.35,NULL,0.0,0.08625543461139132,0.04555,0.04274652319098948,0.048528018380404006,-4.840146922926829e-05,-4.840146922926829e-05,0.2238456159083363,0.19036182728867457,0.04555,0.047619047619047616,0.05
ROUTE_1,20,150,4,20,12,PLANNING_SENSITIVITY_ONLY_NOT_AN_AUTHORIZED_IDENTITY_CHANGE,0.2,0.35,MODEST_0_05,0.05,0.08625543461139132,0.0707,0.0672294345503234,0.07433544760744804,0.04632678866526078,-0.003673211334739225,0.2209115979171405,0.19057026488698628,0.0707,0.047619047619047616,0.05
ROUTE_1,20,150,4,20,12,PLANNING_SENSITIVITY_ONLY_NOT_AN_AUTHORIZED_IDENTITY_CHANGE,0.2,0.35,MODEST_0_10,0.1,0.08625543461139132,0.1054,0.10121984236491814,0.10973171249055962,0.10183070161222389,0.0018307016122238867,0.22036991456076171,0.19068048066014281,0.1054,0.047619047619047616,0.05
ROUTE_1,20,150,4,20,12,PLANNING_SENSITIVITY_ONLY_NOT_AN_AUTHORIZED_IDENTITY_CHANGE,0.2,0.35,TWENTY_FIVE_PERCENT_OF_OBSERVED,0.1812934780863693,0.08625543461139132,0.18305,0.1777516406511342,0.18847009100483048,0.18094135735431455,-0.00035212073205476146,0.2206015758128992,0.19032873670705833,0.18305,0.047619047619047616,0.05
ROUTE_1,20,150,4,20,12,PLANNING_SENSITIVITY_ONLY_NOT_AN_AUTHORIZED_IDENTITY_CHANGE,0.2,0.35,FIFTY_PERCENT_OF_OBSERVED,0.3625869561727386,0.08625543461139132,0.42885,0.42200530698313227,0.4357220197476514,0.3527590709517803,-0.009827885220958343,0.2066953955912867,0.1907703316034486,0.42885,0.047619047619047616,0.05
ROUTE_1,20,150,4,20,12,PLANNING_SENSITIVITY_ONLY_NOT_AN_AUTHORIZED_IDENTITY_CHANGE,0.2,0.55,NULL,0.0,0.08625543461139132,0.04505,0.04226175910621945,0.04801297450123015,-0.0008030959140424095,-0.0008030959140424095,0.21952129319556193,0.1878394251122191,0.04505,0.047619047619047616,0.05
ROUTE_1,20,150,4,20,12,PLANNING_SENSITIVITY_ONLY_NOT_AN_AUTHORIZED_IDENTITY_CHANGE,0.2,0.55,MODEST_0_05,0.05,0.08625543461139132,0.0653,0.061958851958824175,0.06880810418835316,0.048403261613652396,-0.001596738386347607,0.21736856453189823,0.187428169781077,0.0653,0.047619047619047616,0.05
ROUTE_1,20,150,4,20,12,PLANNING_SENSITIVITY_ONLY_NOT_AN_AUTHORIZED_IDENTITY_CHANGE,0.2,0.55,MODEST_0_10,0.1,0.08625543461139132,0.09585,0.09184736609424543,0.10000785664990394,0.09644883143912132,-0.003551168560878684,0.211824164999375,0.18779801882123753,0.09585,0.047619047619047616,0.05
ROUTE_1,20,150,4,20,12,PLANNING_SENSITIVITY_ONLY_NOT_AN_AUTHORIZED_IDENTITY_CHANGE,0.2,0.55,TWENTY_FIVE_PERCENT_OF_OBSERVED,0.1812934780863693,0.08625543461139132,0.1614,0.15636636516167862,0.16656368165551538,0.17198178013472878,-0.009311697951640524,0.20457745313537118,0.18769996019677035,0.1614,0.047619047619047616,0.05
ROUTE_1,20,150,4,20,12,PLANNING_SENSITIVITY_ONLY_NOT_AN_AUTHORIZED_IDENTITY_CHANGE,0.2,0.55,FIFTY_PERCENT_OF_OBSERVED,0.3625869561727386,0.08625543461139132,0.3566,0.3499897049351769,0.3632653710057139,0.31413704589616315,-0.04844991027657547,0.16255901397079098,0.18784683376903788,0.3566,0.047619047619047616,0.05
ROUTE_2,20,150,4,20,12,PLANNING_SENSITIVITY_ONLY_NOT_AN_AUTHORIZED_IDENTITY_CHANGE,0.1,0.15,NULL,0.0,0.08625543461139132,0.04865,0.04575413435788266,0.05171921658996299,0.00013604017100151758,0.00013604017100151758,0.1164543391796754,0.11539277990957066,0.04865,0.047619047619047616,0.05
ROUTE_2,20,150,4,20,12,PLANNING_SENSITIVITY_ONLY_NOT_AN_AUTHORIZED_IDENTITY_CHANGE,0.1,0.15,MODEST_0_05,0.05,0.08625543461139132,0.10035,0.09626226864043033,0.10459122577921409,0.05066927188186084,0.0006692718818608404,0.11549144430314769,0.11566466770701385,0.10035,0.047619047619047616,0.05
ROUTE_2,20,150,4,20,12,PLANNING_SENSITIVITY_ONLY_NOT_AN_AUTHORIZED_IDENTITY_CHANGE,0.1,0.15,MODEST_0_10,0.1,0.08625543461139132,0.1874,0.1820519723718029,0.1928680885704737,0.09946858938024294,-0.0005314106197570612,0.1156839060299636,0.11578225299893803,0.1874,0.047619047619047616,0.05
ROUTE_2,20,150,4,20,12,PLANNING_SENSITIVITY_ONLY_NOT_AN_AUTHORIZED_IDENTITY_CHANGE,0.1,0.15,TWENTY_FIVE_PERCENT_OF_OBSERVED,0.1812934780863693,0.08625543461139132,0.40355,0.3967697777295721,0.41036726602565055,0.18092098188159253,-0.0003724962047767788,0.1165598757023137,0.11575687020721194,0.40355,0.047619047619047616,0.05
ROUTE_2,20,150,4,20,12,PLANNING_SENSITIVITY_ONLY_NOT_AN_AUTHORIZED_IDENTITY_CHANGE,0.1,0.15,FIFTY_PERCENT_OF_OBSERVED,0.3625869561727386,0.08625543461139132,0.8809,0.8763376609187364,0.8853160460137232,0.3624444584397108,-0.00014249773302782431,0.11648813014362286,0.11558279861988269,0.8809,0.047619047619047616,0.05
ROUTE_2,20,150,4,20,12,PLANNING_SENSITIVITY_ONLY_NOT_AN_AUTHORIZED_IDENTITY_CHANGE,0.1,0.35,NULL,0.0,0.08625543461139132,0.0497,0.04677361416941829,0.052799333502709545,-0.0006624625225005144,-0.0006624625225005144,0.11705049827266399,0.11514420332465412,0.0497,0.047619047619047616,0.05
ROUTE_2,20,150,4,20,12,PLANNING_SENSITIVITY_ONLY_NOT_AN_AUTHORIZED_IDENTITY_CHANGE,0.1,0.35,MODEST_0_05,0.05,0.08625543461139132,0.10055,0.09645854768965081,0.10479486991557116,0.049562193093153906,-0.00043780690684609713,0.11672568835904737,0.11587416999918615,0.10055,0.047619047619047616,0.05
ROUTE_2,20,150,4,20,12,PLANNING_SENSITIVITY_ONLY_NOT_AN_AUTHORIZED_IDENTITY_CHANGE,0.1,0.35,MODEST_0_10,0.1,0.08625543461139132,0.19295,0.18754019985438244,0.19847772948767137,0.10061878287930415,0.0006187828793041417,0.11781922510103429,0.11550156640309352,0.19295,0.047619047619047616,0.05
ROUTE_2,20,150,4,20,12,PLANNING_SENSITIVITY_ONLY_NOT_AN_AUTHORIZED_IDENTITY_CHANGE,0.1,0.35,TWENTY_FIVE_PERCENT_OF_OBSERVED,0.1812934780863693,0.08625543461139132,0.39835,0.3915853374047051,0.405153703525501,0.17984668978998997,-0.0014467882963793421,0.11728268074987727,0.11534217585427176,0.39835,0.047619047619047616,0.05
ROUTE_2,20,150,4,20,12,PLANNING_SENSITIVITY_ONLY_NOT_AN_AUTHORIZED_IDENTITY_CHANGE,0.1,0.35,FIFTY_PERCENT_OF_OBSERVED,0.3625869561727386,0.08625543461139132,0.87645,0.8718170143514773,0.8809384017018814,0.36192898437037885,-0.0006579718023597692,0.1149217108734615,0.11588786431567613,0.87645,0.047619047619047616,0.05
ROUTE_2,20,150,4,20,12,PLANNING_SENSITIVITY_ONLY_NOT_AN_AUTHORIZED_IDENTITY_CHANGE,0.1,0.55,NULL,0.0,0.08625543461139132,0.0449,0.04211634870911121,0.04785844250915522,-0.0005686685454064371,-0.0005686685454064371,0.11593685785577114,0.11571207422740462,0.0449,0.047619047619047616,0.05
ROUTE_2,20,150,4,20,12,PLANNING_SENSITIVITY_ONLY_NOT_AN_AUTHORIZED_IDENTITY_CHANGE,0.1,0.55,MODEST_0_05,0.05,0.08625543461139132,0.1043,0.10013970815103813,0.10861226918376306,0.050578014611210094,0.0005780146112100912,0.1166322891304469,0.1158017318415002,0.1043,0.047619047619047616,0.05
ROUTE_2,20,150,4,20,12,PLANNING_SENSITIVITY_ONLY_NOT_AN_AUTHORIZED_IDENTITY_CHANGE,0.1,0.55,MODEST_0_10,0.1,0.08625543461139132,0.189,0.18363398257221938,0.19448546385467766,0.09881016558555102,-0.0011898344144489897,0.11606111778078347,0.11581253722655302,0.189,0.047619047619047616,0.05
ROUTE_2,20,150,4,20,12,PLANNING_SENSITIVITY_ONLY_NOT_AN_AUTHORIZED_IDENTITY_CHANGE,0.1,0.55,TWENTY_FIVE_PERCENT_OF_OBSERVED,0.1812934780863693,0.08625543461139132,0.4148,0.40798882280045173,0.42164390014350855,0.1812708740726647,-2.260401370460241e-05,0.11522787429304071,0.11569222913489224,0.4148,0.047619047619047616,0.05
ROUTE_2,20,150,4,20,12,PLANNING_SENSITIVITY_ONLY_NOT_AN_AUTHORIZED_IDENTITY_CHANGE,0.1,0.55,FIFTY_PERCENT_OF_OBSERVED,0.3625869561727386,0.08625543461139132,0.8768,0.872172499914409,0.8812827817137104,0.34207315755281864,-0.020513798619919976,0.09564344740485657,0.11536863532035646,0.8768,0.047619047619047616,0.05
ROUTE_2,20,150,4,20,12,PLANNING_SENSITIVITY_ONLY_NOT_AN_AUTHORIZED_IDENTITY_CHANGE,0.2,0.15,NULL,0.0,0.08625543461139132,0.0479,0.04502616834527764,0.050947470656652165,0.0002477250583012563,0.0002477250583012563,0.21392658651468477,0.19077336387817573,0.0479,0.047619047619047616,0.05
ROUTE_2,20,150,4,20,12,PLANNING_SENSITIVITY_ONLY_NOT_AN_AUTHORIZED_IDENTITY_CHANGE,0.2,0.15,MODEST_0_05,0.05,0.08625543461139132,0.0763,0.07270155629784492,0.08006117505609817,0.04982711301616603,-0.00017288698383396972,0.21363889555292714,0.1909332580560205,0.0763,0.047619047619047616,0.05
ROUTE_2,20,150,4,20,12,PLANNING_SENSITIVITY_ONLY_NOT_AN_AUTHORIZED_IDENTITY_CHANGE,0.2,0.15,MODEST_0_10,0.1,0.08625543461139132,0.1083,0.1040681573444948,0.11268228370185755,0.0998403596054772,-0.00015964039452280587,0.21188265437178033,0.191065321622681,0.1083,0.047619047619047616,0.05
ROUTE_2,20,150,4,20,12,PLANNING_SENSITIVITY_ONLY_NOT_AN_AUTHORIZED_IDENTITY_CHANGE,0.2,0.15,TWENTY_FIVE_PERCENT_OF_OBSERVED,0.1812934780863693,0.08625543461139132,0.1898,0.1844250431638828,0.19529409600532444,0.18323006536539238,0.001936587279023072,0.21276250048442355,0.19067247297133752,0.1898,0.047619047619047616,0.05
ROUTE_2,20,150,4,20,12,PLANNING_SENSITIVITY_ONLY_NOT_AN_AUTHORIZED_IDENTITY_CHANGE,0.2,0.15,FIFTY_PERCENT_OF_OBSERVED,0.3625869561727386,0.08625543461139132,0.45785,0.4509538996552089,0.46476228898432065,0.36025816365176655,-0.0023287925209720672,0.21004825211826855,0.19086218725653292,0.45785,0.047619047619047616,0.05
ROUTE_2,20,150,4,20,12,PLANNING_SENSITIVITY_ONLY_NOT_AN_AUTHORIZED_IDENTITY_CHANGE,0.2,0.35,NULL,0.0,0.08625543461139132,0.0472,0.044346913581891106,0.050226994270517245,-0.002200575613816572,-0.002200575613816572,0.21412299295291679,0.19070887680000112,0.0472,0.047619047619047616,0.05
ROUTE_2,20,150,4,20,12,PLANNING_SENSITIVITY_ONLY_NOT_AN_AUTHORIZED_IDENTITY_CHANGE,0.2,0.35,MODEST_0_05,0.05,0.08625543461139132,0.06985,0.06639939135921241,0.07346581725985438,0.04688811004454662,-0.0031118899554533827,0.21156240406636231,0.19083087991812087,0.06985,0.047619047619047616,0.05
ROUTE_2,20,150,4,20,12,PLANNING_SENSITIVITY_ONLY_NOT_AN_AUTHORIZED_IDENTITY_CHANGE,0.2,0.35,MODEST_0_10,0.1,0.08625543461139132,0.1095,0.10524705623870556,0.11390292392111215,0.09985764406236101,-0.00014235593763899101,0.2109671365352066,0.1910765537822809,0.1095,0.047619047619047616,0.05
ROUTE_2,20,150,4,20,12,PLANNING_SENSITIVITY_ONLY_NOT_AN_AUTHORIZED_IDENTITY_CHANGE,0.2,0.35,TWENTY_FIVE_PERCENT_OF_OBSERVED,0.1812934780863693,0.08625543461139132,0.19035,0.18496891865227272,0.1958500092772728,0.17825665206702937,-0.003036826019339939,0.21034589218271865,0.19080958134652742,0.19035,0.047619047619047616,0.05
ROUTE_2,20,150,4,20,12,PLANNING_SENSITIVITY_ONLY_NOT_AN_AUTHORIZED_IDENTITY_CHANGE,0.2,0.35,FIFTY_PERCENT_OF_OBSERVED,0.3625869561727386,0.08625543461139132,0.4617,0.4547988549735983,0.4686158549882993,0.35324746068451807,-0.00933949548822055,0.19828120738484217,0.1908091309668227,0.4617,0.047619047619047616,0.05
ROUTE_2,20,150,4,20,12,PLANNING_SENSITIVITY_ONLY_NOT_AN_AUTHORIZED_IDENTITY_CHANGE,0.2,0.55,NULL,0.0,0.08625543461139132,0.04395,0.04119562145444645,0.04687953463232659,-0.002408580126707443,-0.002408580126707443,0.21003135371546855,0.18765423380494803,0.04395,0.047619047619047616,0.05
ROUTE_2,20,150,4,20,12,PLANNING_SENSITIVITY_ONLY_NOT_AN_AUTHORIZED_IDENTITY_CHANGE,0.2,0.55,MODEST_0_05,0.05,0.08625543461139132,0.06715,0.06376379773317711,0.07070244788059266,0.049933576804916925,-6.642319508307765e-05,0.206160590866113,0.18746732075887307,0.06715,0.047619047619047616,0.05
ROUTE_2,20,150,4,20,12,PLANNING_SENSITIVITY_ONLY_NOT_AN_AUTHORIZED_IDENTITY_CHANGE,0.2,0.55,MODEST_0_10,0.1,0.08625543461139132,0.10045,0.09636040752775475,0.10469304848467846,0.0975686460332971,-0.0024313539667029094,0.2027600912715979,0.18763803250583672,0.10045,0.047619047619047616,0.05
ROUTE_2,20,150,4,20,12,PLANNING_SENSITIVITY_ONLY_NOT_AN_AUTHORIZED_IDENTITY_CHANGE,0.2,0.55,TWENTY_FIVE_PERCENT_OF_OBSERVED,0.1812934780863693,0.08625543461139132,0.1655,0.16041387898857298,0.17071459313296097,0.17247192919041798,-0.008821548895951326,0.19400203246278522,0.18760779659022475,0.1655,0.047619047619047616,0.05
ROUTE_2,20,150,4,20,12,PLANNING_SENSITIVITY_ONLY_NOT_AN_AUTHORIZED_IDENTITY_CHANGE,0.2,0.55,FIFTY_PERCENT_OF_OBSERVED,0.3625869561727386,0.08625543461139132,0.3881,0.38136835066078506,0.3948746270085712,0.3152262551994715,-0.04736070097326711,0.1568811845496428,0.18801591371902152,0.3881,0.047619047619047616,0.05
ROUTE_1,20,300,2,31,16,REQUIRED_FULL_47_IDENTITY_DESIGN,0.1,0.15,NULL,0.0,0.06,0.0465,0.04366783655902985,0.04950634014385705,-0.0004913911844675301,-0.0004913911844675301,0.1186354038070234,0.10222591429913679,0.0465,0.047619047619047616,0.05
ROUTE_1,20,300,2,31,16,REQUIRED_FULL_47_IDENTITY_DESIGN,0.1,0.15,MODEST_0_05,0.05,0.06,0.1027,0.09856886629930472,0.10698372555087601,0.05078296625225533,0.0007829662522553238,0.11961656481344252,0.10218089931162576,0.1027,0.047619047619047616,0.05
ROUTE_1,20,300,2,31,16,REQUIRED_FULL_47_IDENTITY_DESIGN,0.1,0.15,MODEST_0_10,0.1,0.06,0.18235,0.1770597382879281,0.18776226221851516,0.09911692961728415,-0.0008830703827158587,0.11955848991204224,0.10237725879061044,0.18235,0.047619047619047616,0.05
ROUTE_1,20,300,2,31,16,REQUIRED_FULL_47_IDENTITY_DESIGN,0.1,0.15,TWENTY_FIVE_PERCENT_OF_OBSERVED,0.1812934780863693,0.06,0.3917,0.3849563997649232,0.3984851952448291,0.18059943347285168,-0.0006940446135176304,0.11925954992049918,0.10203461403979375,0.3917,0.047619047619047616,0.05
ROUTE_1,20,300,2,31,16,REQUIRED_FULL_47_IDENTITY_DESIGN,0.1,0.15,FIFTY_PERCENT_OF_OBSERVED,0.3625869561727386,0.06,0.86375,0.8589256939450617,0.8684345998241222,0.3616333589789916,-0.0009535971937469911,0.1196218399306143,0.10219971169258923,0.86375,0.047619047619047616,0.05
ROUTE_1,20,300,2,31,16,REQUIRED_FULL_47_IDENTITY_DESIGN,0.1,0.35,NULL,0.0,0.06,0.047,0.04415287327396069,0.0500211113928701,-0.00024962207849282066,-0.00024962207849282066,0.11957094518264721,0.10210541479476767,0.047,0.047619047619047616,0.05
ROUTE_1,20,300,2,31,16,REQUIRED_FULL_47_IDENTITY_DESIGN,0.1,0.35,MODEST_0_05,0.05,0.06,0.10235,0.09822528665131106,0.10662743962410895,0.0496267727968784,-0.0003732272031215997,0.12066820180712372,0.10232463301574757,0.10235,0.047619047619047616,0.05
ROUTE_1,20,300,2,31,16,REQUIRED_FULL_47_IDENTITY_DESIGN,0.1,0.35,MODEST_0_10,0.1,0.06,0.18745,0.18210140793993285,0.19291863379873814,0.10068660033855106,0.0006866003385510577,0.11959884800403388,0.10237775782938463,0.18745,0.047619047619047616,0.05
ROUTE_1,20,300,2,31,16,REQUIRED_FULL_47_IDENTITY_DESIGN,0.1,0.35,TWENTY_FIVE_PERCENT_OF_OBSERVED,0.1812934780863693,0.06,0.3903,0.3835610013678656,0.3970811313428438,0.18087630897535042,-0.00041716911101888354,0.11903419068752914,0.10233078248170101,0.3903,0.047619047619047616,0.05
ROUTE_1,20,300,2,31,16,REQUIRED_FULL_47_IDENTITY_DESIGN,0.1,0.35,FIFTY_PERCENT_OF_OBSERVED,0.3625869561727386,0.06,0.8665,0.8617158885847983,0.871143348986077,0.3632316112952445,0.0006446551225058883,0.11823720210630496,0.10207016801842425,0.8665,0.047619047619047616,0.05
ROUTE_1,20,300,2,31,16,REQUIRED_FULL_47_IDENTITY_DESIGN,0.1,0.55,NULL,0.0,0.06,0.0484,0.04551145709244874,0.05146198987342495,-0.0010219559571549735,-0.0010219559571549735,0.11963154914735395,0.1022587711869675,0.0484,0.047619047619047616,0.05
ROUTE_1,20,300,2,31,16,REQUIRED_FULL_47_IDENTITY_DESIGN,0.1,0.55,MODEST_0_05,0.05,0.06,0.09795,0.09390732217851618,0.10214709401419754,0.04979763347062676,-0.00020236652937324212,0.11882431622193095,0.10220969464472157,0.09795,0.047619047619047616,0.05
ROUTE_1,20,300,2,31,16,REQUIRED_FULL_47_IDENTITY_DESIGN,0.1,0.55,MODEST_0_10,0.1,0.06,0.18555,0.18022295915374437,0.1909978123219398,0.09985948982408262,-0.00014051017591738824,0.11930690802829198,0.10228848966283058,0.18555,0.047619047619047616,0.05
ROUTE_1,20,300,2,31,16,REQUIRED_FULL_47_IDENTITY_DESIGN,0.1,0.55,TWENTY_FIVE_PERCENT_OF_OBSERVED,0.1812934780863693,0.06,0.39685,0.3900899738862902,0.4036496431520842,0.18087718597147087,-0.00041629211489843665,0.11902660617083564,0.10223480148306704,0.39685,0.047619047619047616,0.05
ROUTE_1,20,300,2,31,16,REQUIRED_FULL_47_IDENTITY_DESIGN,0.1,0.55,FIFTY_PERCENT_OF_OBSERVED,0.3625869561727386,0.06,0.86275,0.8579112394084538,0.8674494384328424,0.34618896885790207,-0.01639798731483655,0.09775610609066673,0.10214630011585477,0.86275,0.047619047619047616,0.05
ROUTE_1,20,300,2,31,16,REQUIRED_FULL_47_IDENTITY_DESIGN,0.2,0.15,NULL,0.0,0.06,0.0468,0.043958847562615394,0.04981521391863784,0.00048411528567808944,0.00048411528567808944,0.21186869888598564,0.18307364963448916,0.0468,0.047619047619047616,0.05
ROUTE_1,20,300,2,31,16,REQUIRED_FULL_47_IDENTITY_DESIGN,0.2,0.15,MODEST_0_05,0.05,0.06,0.0728,0.06928076098598489,0.07648331462035092,0.050775284783007156,0.0007752847830071533,0.214034953730249,0.18324654957456724,0.0728,0.047619047619047616,0.05
ROUTE_1,20,300,2,31,16,REQUIRED_FULL_47_IDENTITY_DESIGN,0.2,0.15,MODEST_0_10,0.1,0.06,0.10825,0.10401904014573485,0.11263142010422311,0.09956947421780153,-0.0004305257821984737,0.21461154911237038,0.1830425282278073,0.10825,0.047619047619047616,0.05
ROUTE_1,20,300,2,31,16,REQUIRED_FULL_47_IDENTITY_DESIGN,0.2,0.15,TWENTY_FIVE_PERCENT_OF_OBSERVED,0.1812934780863693,0.06,0.1896,0.18422727456321283,0.1950919414204169,0.1804847438167996,-0.0008087342695697053,0.2152673292490743,0.18296016316567212,0.1896,0.047619047619047616,0.05
ROUTE_1,20,300,2,31,16,REQUIRED_FULL_47_IDENTITY_DESIGN,0.2,0.15,FIFTY_PERCENT_OF_OBSERVED,0.3625869561727386,0.06,0.45395,0.4470594331342392,0.46085825338652814,0.36051001176525915,-0.002076944407479464,0.21160223444313692,0.18311487586245945,0.45395,0.047619047619047616,0.05
ROUTE_1,20,300,2,31,16,REQUIRED_FULL_47_IDENTITY_DESIGN,0.2,0.35,NULL,0.0,0.06,0.0456,0.04279500487108835,0.04857951749669953,-0.002202907669611463,-0.002202907669611463,0.21257675220964406,0.18290871696610708,0.0456,0.047619047619047616,0.05
ROUTE_1,20,300,2,31,16,REQUIRED_FULL_47_IDENTITY_DESIGN,0.2,0.35,MODEST_0_05,0.05,0.06,0.07345,0.06991587339781806,0.07714795256164479,0.05092601737610238,0.0009260173761023796,0.21401296464085232,0.18307626763601803,0.07345,0.047619047619047616,0.05
ROUTE_1,20,300,2,31,16,REQUIRED_FULL_47_IDENTITY_DESIGN,0.2,0.35,MODEST_0_10,0.1,0.06,0.10645,0.10225101457042036,0.11080013700933959,0.09752338547074735,-0.0024766145292526576,0.21300505418324137,0.18299951585982624,0.10645,0.047619047619047616,0.05
ROUTE_1,20,300,2,31,16,REQUIRED_FULL_47_IDENTITY_DESIGN,0.2,0.35,TWENTY_FIVE_PERCENT_OF_OBSERVED,0.1812934780863693,0.06,0.18555,0.18022295915374437,0.1909978123219398,0.18026751490111395,-0.0010259631852553575,0.2121969364146647,0.1829706659861139,0.18555,0.047619047619047616,0.05
ROUTE_1,20,300,2,31,16,REQUIRED_FULL_47_IDENTITY_DESIGN,0.2,0.35,FIFTY_PERCENT_OF_OBSERVED,0.3625869561727386,0.06,0.46005,0.4531509661960941,0.4669643774847887,0.35676253148470516,-0.005824424688033458,0.1983682932228118,0.18288818111166283,0.46005,0.047619047619047616,0.05
ROUTE_1,20,300,2,31,16,REQUIRED_FULL_47_IDENTITY_DESIGN,0.2,0.55,NULL,0.0,0.06,0.0441,0.041340975630812515,0.04703412284514369,0.0015554234801002668,0.0015554234801002668,0.2105089375472877,0.18008618723500694,0.0441,0.047619047619047616,0.05
ROUTE_1,20,300,2,31,16,REQUIRED_FULL_47_IDENTITY_DESIGN,0.2,0.55,MODEST_0_05,0.05,0.06,0.0717,0.06820614587215901,0.07535835221350021,0.05080072700690387,0.0008007270069038674,0.20888688401482344,0.18057636715505912,0.0717,0.047619047619047616,0.05
ROUTE_1,20,300,2,31,16,REQUIRED_FULL_47_IDENTITY_DESIGN,0.2,0.55,MODEST_0_10,0.1,0.06,0.1057,0.1015144496184407,0.1100369900154034,0.09761722094113172,-0.0023827790588682868,0.20728108705600506,0.180523418705782,0.1057,0.047619047619047616,0.05
ROUTE_1,20,300,2,31,16,REQUIRED_FULL_47_IDENTITY_DESIGN,0.2,0.55,TWENTY_FIVE_PERCENT_OF_OBSERVED,0.1812934780863693,0.06,0.1752,0.16999416175150045,0.18053058487054507,0.1724924419966208,-0.008801036089748498,0.19766469579955148,0.18044226334974112,0.1752,0.047619047619047616,0.05
ROUTE_1,20,300,2,31,16,REQUIRED_FULL_47_IDENTITY_DESIGN,0.2,0.55,FIFTY_PERCENT_OF_OBSERVED,0.3625869561727386,0.06,0.3918,0.38505607331387526,0.3985854832886657,0.31693825584093976,-0.04564870033179885,0.1565852494339701,0.18060901157864007,0.3918,0.047619047619047616,0.05
ROUTE_2,20,300,2,31,16,REQUIRED_FULL_47_IDENTITY_DESIGN,0.1,0.15,NULL,0.0,0.06,0.0473,0.044443939182034535,0.05032993026316259,-0.0006562732519215643,-0.0006562732519215643,0.1096543195646005,0.1021172821376161,0.0473,0.047619047619047616,0.05
ROUTE_2,20,300,2,31,16,REQUIRED_FULL_47_IDENTITY_DESIGN,0.1,0.15,MODEST_0_05,0.05,0.06,0.1046,0.10043427574547135,0.10891758636769618,0.04981811921418711,-0.00018188078581289624,0.10951288940903273,0.10224333042406271,0.1046,0.047619047619047616,0.05
ROUTE_2,20,300,2,31,16,REQUIRED_FULL_47_IDENTITY_DESIGN,0.1,0.15,MODEST_0_10,0.1,0.06,0.20615,0.200600156250047,0.21181270334012564,0.09910875231871993,-0.0008912476812800718,0.11010110066168091,0.10217939491133476,0.20615,0.047619047619047616,0.05
ROUTE_2,20,300,2,31,16,REQUIRED_FULL_47_IDENTITY_DESIGN,0.1,0.15,TWENTY_FIVE_PERCENT_OF_OBSERVED,0.1812934780863693,0.06,0.43855,0.43168546398564334,0.44543813724565195,0.18112802531210367,-0.0001654527742656342,0.10972991679072298,0.10218704473749418,0.43855,0.047619047619047616,0.05
ROUTE_2,20,300,2,31,16,REQUIRED_FULL_47_IDENTITY_DESIGN,0.1,0.15,FIFTY_PERCENT_OF_OBSERVED,0.3625869561727386,0.06,0.9091,0.9050370319412248,0.9130058441576704,0.36242173694323065,-0.00016521922950796242,0.10970337346983568,0.10237296382289146,0.9091,0.047619047619047616,0.05
ROUTE_2,20,300,2,31,16,REQUIRED_FULL_47_IDENTITY_DESIGN,0.1,0.35,NULL,0.0,0.06,0.04735,0.04449245333886584,0.05038139690272568,7.799785819821974e-05,7.799785819821974e-05,0.10940400198770572,0.10238514493763427,0.04735,0.047619047619047616,0.05
ROUTE_2,20,300,2,31,16,REQUIRED_FULL_47_IDENTITY_DESIGN,0.1,0.35,MODEST_0_05,0.05,0.06,0.10725,0.10303675700949909,0.1116140873125711,0.05045514258049173,0.00045514258049172973,0.11038623807113902,0.102132547636326,0.10725,0.047619047619047616,0.05
ROUTE_2,20,300,2,31,16,REQUIRED_FULL_47_IDENTITY_DESIGN,0.1,0.35,MODEST_0_10,0.1,0.06,0.2017,0.1961963157108524,0.20731825300021955,0.09939106566401676,-0.0006089343359832466,0.10912861681673017,0.1020364601134073,0.2017,0.047619047619047616,0.05
ROUTE_2,20,300,2,31,16,REQUIRED_FULL_47_IDENTITY_DESIGN,0.1,0.35,TWENTY_FIVE_PERCENT_OF_OBSERVED,0.1812934780863693,0.06,0.4408,0.43393124309772396,0.44769149397131885,0.18174336515376058,0.00044988706739126916,0.1094019960587061,0.10232814999686823,0.4408,0.047619047619047616,0.05
ROUTE_2,20,300,2,31,16,REQUIRED_FULL_47_IDENTITY_DESIGN,0.1,0.35,FIFTY_PERCENT_OF_OBSERVED,0.3625869561727386,0.06,0.9112,0.9071783518685494,0.91506371767891,0.363097762200811,0.000510806028072408,0.10963192991448088,0.10227067769535897,0.9112,0.047619047619047616,0.05
ROUTE_2,20,300,2,31,16,REQUIRED_FULL_47_IDENTITY_DESIGN,0.1,0.55,NULL,0.0,0.06,0.04665,0.043813337911588535,0.04966078118048152,9.979539268884112e-05,9.979539268884112e-05,0.10908086320425575,0.10239483618270351,0.04665,0.047619047619047616,0.05
ROUTE_2,20,300,2,31,16,REQUIRED_FULL_47_IDENTITY_DESIGN,0.1,0.55,MODEST_0_05,0.05,0.06,0.10495,0.10077795167550456,0.1092737760124237,0.04878073401142623,-0.0012192659885737755,0.10950204024457612,0.1022653697975717,0.10495,0.047619047619047616,0.05
ROUTE_2,20,300,2,31,16,REQUIRED_FULL_47_IDENTITY_DESIGN,0.1,0.55,MODEST_0_10,0.1,0.06,0.2065,0.2009465700004829,0.21216615516445045,0.09969599412748668,-0.00030400587251332156,0.11018626111236704,0.1019935867474318,0.2065,0.047619047619047616,0.05
ROUTE_2,20,300,2,31,16,REQUIRED_FULL_47_IDENTITY_DESIGN,0.1,0.55,TWENTY_FIVE_PERCENT_OF_OBSERVED,0.1812934780863693,0.06,0.4429,0.4360274328817915,0.44979449763581564,0.1817409702382232,0.00044749215185388436,0.10889312374001123,0.10237761526834206,0.4429,0.047619047619047616,0.05
ROUTE_2,20,300,2,31,16,REQUIRED_FULL_47_IDENTITY_DESIGN,0.1,0.55,FIFTY_PERCENT_OF_OBSERVED,0.3625869561727386,0.06,0.9096,0.9055468109683099,0.9134958730945292,0.3470113102441628,-0.015575645928575799,0.09061639305739769,0.10207748829324316,0.9096,0.047619047619047616,0.05
ROUTE_2,20,300,2,31,16,REQUIRED_FULL_47_IDENTITY_DESIGN,0.2,0.15,NULL,0.0,0.06,0.0497,0.04677361416941829,0.052799333502709545,0.00038067022638700474,0.00038067022638700474,0.20796022759346666,0.18314298002870752,0.0497,0.047619047619047616,0.05
ROUTE_2,20,300,2,31,16,REQUIRED_FULL_47_IDENTITY_DESIGN,0.2,0.15,MODEST_0_05,0.05,0.06,0.07595,0.07235937236305715,0.0797034934161252,0.053070405062313385,0.003070405062313382,0.20861361672709133,0.1829922136366775,0.07595,0.047619047619047616,0.05
ROUTE_2,20,300,2,31,16,REQUIRED_FULL_47_IDENTITY_DESIGN,0.2,0.15,MODEST_0_10,0.1,0.06,0.10835,0.10411727483167017,0.11273314701107658,0.09867151722196009,-0.001328482778039916,0.20824926650899908,0.18297024262504435,0.10835,0.047619047619047616,0.05
ROUTE_2,20,300,2,31,16,REQUIRED_FULL_47_IDENTITY_DESIGN,0.2,0.15,TWENTY_FIVE_PERCENT_OF_OBSERVED,0.1812934780863693,0.06,0.1922,0.18679844476419571,0.1977197726319423,0.18109434865026605,-0.00019912943610325695,0.20815743085519292,0.1829585946168408,0.1922,0.047619047619047616,0.05
ROUTE_2,20,300,2,31,16,REQUIRED_FULL_47_IDENTITY_DESIGN,0.2,0.15,FIFTY_PERCENT_OF_OBSERVED,0.3625869561727386,0.06,0.46845,0.4615410101069297,0.4753711073682104,0.3606426840515218,-0.001944272121216839,0.20643575517630083,0.1832753237611092,0.46845,0.047619047619047616,0.05
ROUTE_2,20,300,2,31,16,REQUIRED_FULL_47_IDENTITY_DESIGN,0.2,0.35,NULL,0.0,0.06,0.0445,0.041728630608862616,0.04744631423824869,-0.002800793679090844,-0.002800793679090844,0.20792393762932185,0.18320148892181562,0.0445,0.047619047619047616,0.05
ROUTE_2,20,300,2,31,16,REQUIRED_FULL_47_IDENTITY_DESIGN,0.2,0.35,MODEST_0_05,0.05,0.06,0.07715,0.07353266848873885,0.08092973640390883,0.05220800936399697,0.0022080093639969683,0.2087665743226923,0.18248194343837434,0.07715,0.047619047619047616,0.05
ROUTE_2,20,300,2,31,16,REQUIRED_FULL_47_IDENTITY_DESIGN,0.2,0.35,MODEST_0_10,0.1,0.06,0.11245,0.1081458739315122,0.11690297321557447,0.10045705313467608,0.0004570531346760748,0.20861811398965238,0.1829595864240139,0.11245,0.047619047619047616,0.05
ROUTE_2,20,300,2,31,16,REQUIRED_FULL_47_IDENTITY_DESIGN,0.2,0.35,TWENTY_FIVE_PERCENT_OF_OBSERVED,0.1812934780863693,0.06,0.1945,0.18907326067471603,0.2000440733555639,0.17857135260932525,-0.002722125477044063,0.2086681371201017,0.18276814001105166,0.1945,0.047619047619047616,0.05
ROUTE_2,20,300,2,31,16,REQUIRED_FULL_47_IDENTITY_DESIGN,0.2,0.35,FIFTY_PERCENT_OF_OBSERVED,0.3625869561727386,0.06,0.4777,0.4707823220780452,0.4846262427300571,0.3568192702490307,-0.00576768592370791,0.19206792277155096,0.18286636527920083,0.4777,0.047619047619047616,0.05
ROUTE_2,20,300,2,31,16,REQUIRED_FULL_47_IDENTITY_DESIGN,0.2,0.55,NULL,0.0,0.06,0.04325,0.04051742215405172,0.04615800278319985,-0.0014525097140030195,-0.0014525097140030195,0.20767945954338393,0.18076143598118305,0.04325,0.047619047619047616,0.05
ROUTE_2,20,300,2,31,16,REQUIRED_FULL_47_IDENTITY_DESIGN,0.2,0.55,MODEST_0_05,0.05,0.06,0.0716,0.06810846560531483,0.07525607088755559,0.049817915395749035,-0.00018208460425096773,0.2032512385003959,0.18045328475168176,0.0716,0.047619047619047616,0.05
ROUTE_2,20,300,2,31,16,REQUIRED_FULL_47_IDENTITY_DESIGN,0.2,0.55,MODEST_0_10,0.1,0.06,0.09825,0.09420164946652829,0.1024526515045518,0.09403103015071096,-0.005968969849289046,0.2008498866503781,0.18078047267896477,0.09825,0.047619047619047616,0.05
ROUTE_2,20,300,2,31,16,REQUIRED_FULL_47_IDENTITY_DESIGN,0.2,0.55,TWENTY_FIVE_PERCENT_OF_OBSERVED,0.1812934780863693,0.06,0.1776,0.17236547196702154,0.1829583528819547,0.1720156469595808,-0.00927783112678851,0.19380762327489626,0.1802325874775225,0.1776,0.047619047619047616,0.05
ROUTE_2,20,300,2,31,16,REQUIRED_FULL_47_IDENTITY_DESIGN,0.2,0.55,FIFTY_PERCENT_OF_OBSERVED,0.3625869561727386,0.06,0.4027,0.3959222667775624,0.40951510343895553,0.3161785884442541,-0.0464083677284845,0.1550137931876007,0.18067373794057026,0.4027,0.047619047619047616,0.05
ROUTE_1,20,300,2,20,12,PLANNING_SENSITIVITY_ONLY_NOT_AN_AUTHORIZED_IDENTITY_CHANGE,0.1,0.15,NULL,0.0,0.0862554346113913,0.04585,0.04303742752895447,0.048836998820805375,-0.0005662394887654447,-0.0005662394887654447,0.1341541639634119,0.11583970639042562,0.04585,0.047619047619047616,0.05
ROUTE_1,20,300,2,20,12,PLANNING_SENSITIVITY_ONLY_NOT_AN_AUTHORIZED_IDENTITY_CHANGE,0.1,0.15,MODEST_0_05,0.05,0.0862554346113913,0.0937,0.08973898362104166,0.09781706487814898,0.049984903042143966,-1.5096957856036708e-05,0.13500817281204613,0.11563311142224181,0.0937,0.047619047619047616,0.05
ROUTE_1,20,300,2,20,12,PLANNING_SENSITIVITY_ONLY_NOT_AN_AUTHORIZED_IDENTITY_CHANGE,0.1,0.15,MODEST_0_10,0.1,0.0862554346113913,0.16415,0.15908103409942537,0.16934795651946005,0.09981825854679208,-0.00018174145320792867,0.13603215364846202,0.11569545904845017,0.16415,0.047619047619047616,0.05
ROUTE_1,20,300,2,20,12,PLANNING_SENSITIVITY_ONLY_NOT_AN_AUTHORIZED_IDENTITY_CHANGE,0.1,0.15,TWENTY_FIVE_PERCENT_OF_OBSERVED,0.1812934780863693,0.0862554346113913,0.33335,0.3268492568219718,0.3399147487955278,0.18207164665062692,0.0007781685642576086,0.13542044622067237,0.11558404793392031,0.33335,0.047619047619047616,0.05
ROUTE_1,20,300,2,20,12,PLANNING_SENSITIVITY_ONLY_NOT_AN_AUTHORIZED_IDENTITY_CHANGE,0.1,0.15,FIFTY_PERCENT_OF_OBSERVED,0.3625869561727386,0.0862554346113913,0.7811,0.7753155933193396,0.7867764440099183,0.3624149919614983,-0.00017196421124032746,0.13572309098772858,0.11579087745524078,0.7811,0.047619047619047616,0.05
ROUTE_1,20,300,2,20,12,PLANNING_SENSITIVITY_ONLY_NOT_AN_AUTHORIZED_IDENTITY_CHANGE,0.1,0.35,NULL,0.0,0.0862554346113913,0.05055,0.04759918006122787,0.053673441149604574,-0.0006057304399076343,-0.0006057304399076343,0.13591848674098012,0.11574641282199297,0.05055,0.047619047619047616,0.05
ROUTE_1,20,300,2,20,12,PLANNING_SENSITIVITY_ONLY_NOT_AN_AUTHORIZED_IDENTITY_CHANGE,0.1,0.35,MODEST_0_05,0.05,0.0862554346113913,0.0954,0.09140602419795518,0.09954937137864467,0.0506287020835485,0.0006287020835484963,0.13683200577740476,0.11547194396884249,0.0954,0.047619047619047616,0.05
ROUTE_1,20,300,2,20,12,PLANNING_SENSITIVITY_ONLY_NOT_AN_AUTHORIZED_IDENTITY_CHANGE,0.1,0.35,MODEST_0_10,0.1,0.0862554346113913,0.16295,0.15789638730177766,0.16813306420364246,0.09968606161074757,-0.00031393838925243556,0.13498251425644567,0.11572219366039331,0.16295,0.047619047619047616,0.05
ROUTE_1,20,300,2,20,12,PLANNING_SENSITIVITY_ONLY_NOT_AN_AUTHORIZED_IDENTITY_CHANGE,0.1,0.35,TWENTY_FIVE_PERCENT_OF_OBSERVED,0.1812934780863693,0.0862554346113913,0.3372,0.33067990494475136,0.3437826219951163,0.18212959248664004,0.0008361144002707321,0.13486002582412276,0.11571702768614782,0.3372,0.047619047619047616,0.05
ROUTE_1,20,300,2,20,12,PLANNING_SENSITIVITY_ONLY_NOT_AN_AUTHORIZED_IDENTITY_CHANGE,0.1,0.35,FIFTY_PERCENT_OF_OBSERVED,0.3625869561727386,0.0862554346113913,0.78245,0.7766780935370207,0.7881134252948857,0.3612009339026643,-0.0013860222700743385,0.13309238063899695,0.11571528446168776,0.78245,0.047619047619047616,0.05
ROUTE_1,20,300,2,20,12,PLANNING_SENSITIVITY_ONLY_NOT_AN_AUTHORIZED_IDENTITY_CHANGE,0.1,0.55,NULL,0.0,0.0862554346113913,0.0449,0.04211634870911121,0.04785844250915522,-0.0015566769317396695,-0.0015566769317396695,0.13510180820008552,0.11582953755859944,0.0449,0.047619047619047616,0.05
ROUTE_1,20,300,2,20,12,PLANNING_SENSITIVITY_ONLY_NOT_AN_AUTHORIZED_IDENTITY_CHANGE,0.1,0.55,MODEST_0_05,0.05,0.0862554346113913,0.09365,0.08968995908828431,0.0977661086145119,0.05036807067973121,0.00036807067973120694,0.13560492699620136,0.11558427252766998,0.09365,0.047619047619047616,0.05
ROUTE_1,20,300,2,20,12,PLANNING_SENSITIVITY_ONLY_NOT_AN_AUTHORIZED_IDENTITY_CHANGE,0.1,0.55,MODEST_0_10,0.1,0.0862554346113913,0.1667,0.16159873326915367,0.1719292779658456,0.10057686833253883,0.0005768683325388241,0.13486935661646,0.1156311384621931,0.1667,0.047619047619047616,0.05
ROUTE_1,20,300,2,20,12,PLANNING_SENSITIVITY_ONLY_NOT_AN_AUTHORIZED_IDENTITY_CHANGE,0.1,0.55,TWENTY_FIVE_PERCENT_OF_OBSERVED,0.1812934780863693,0.0862554346113913,0.33475,0.3282421632945401,0.34132130462200244,0.18200542329751998,0.0007119452111506719,0.13221805954585322,0.11576941832065839,0.33475,0.047619047619047616,0.05
ROUTE_1,20,300,2,20,12,PLANNING_SENSITIVITY_ONLY_NOT_AN_AUTHORIZED_IDENTITY_CHANGE,0.1,0.55,FIFTY_PERCENT_OF_OBSERVED,0.3625869561727386,0.0862554346113913,0.7824,0.7766276289670139,0.7880639090684981,0.34189086936574353,-0.020696086806995084,0.10899553072009571,0.11564740347213957,0.7824,0.047619047619047616,0.05
ROUTE_1,20,300,2,20,12,PLANNING_SENSITIVITY_ONLY_NOT_AN_AUTHORIZED_IDENTITY_CHANGE,0.2,0.15,NULL,0.0,0.0862554346113913,0.04925,0.04633664808955941,0.05233647241501892,-0.0006969886403855819,-0.0006969886403855819,0.22368629827504846,0.19100419107128866,0.04925,0.047619047619047616,0.05
ROUTE_1,20,300,2,20,12,PLANNING_SENSITIVITY_ONLY_NOT_AN_AUTHORIZED_IDENTITY_CHANGE,0.2,0.15,MODEST_0_05,0.05,0.0862554346113913,0.0711,0.06762009464104637,0.07474463388788016,0.04804782013527919,-0.0019521798647208141,0.22253171762192173,0.19129137216594824,0.0711,0.047619047619047616,0.05
ROUTE_1,20,300,2,20,12,PLANNING_SENSITIVITY_ONLY_NOT_AN_AUTHORIZED_IDENTITY_CHANGE,0.2,0.15,MODEST_0_10,0.1,0.0862554346113913,0.1042,0.10004152137576822,0.10851049436624421,0.0989052431947282,-0.0010947568052718099,0.2246880377055382,0.19093604517364332,0.1042,0.047619047619047616,0.05
ROUTE_1,20,300,2,20,12,PLANNING_SENSITIVITY_ONLY_NOT_AN_AUTHORIZED_IDENTITY_CHANGE,0.2,0.15,TWENTY_FIVE_PERCENT_OF_OBSERVED,0.1812934780863693,0.0862554346113913,0.17925,0.1739959553808354,0.18462723574915568,0.18193339743103734,0.0006399193446680329,0.2208695850895914,0.1909614588488452,0.17925,0.047619047619047616,0.05
ROUTE_1,20,300,2,20,12,PLANNING_SENSITIVITY_ONLY_NOT_AN_AUTHORIZED_IDENTITY_CHANGE,0.2,0.15,FIFTY_PERCENT_OF_OBSERVED,0.3625869561727386,0.0862554346113913,0.43745,0.4305875797506752,0.44433644395994354,0.36355075007188814,0.0009637938991495232,0.22077921144508206,0.19085413782607288,0.43745,0.047619047619047616,0.05
ROUTE_1,20,300,2,20,12,PLANNING_SENSITIVITY_ONLY_NOT_AN_AUTHORIZED_IDENTITY_CHANGE,0.2,0.35,NULL,0.0,0.0862554346113913,0.04785,0.044977644332797204,0.050896013872738205,-0.0004156577747642338,-0.0004156577747642338,0.2236317619880919,0.19068892420237454,0.04785,0.047619047619047616,0.05
ROUTE_1,20,300,2,20,12,PLANNING_SENSITIVITY_ONLY_NOT_AN_AUTHORIZED_IDENTITY_CHANGE,0.2,0.35,MODEST_0_05,0.05,0.0862554346113913,0.07465,0.07108860428065987,0.07837476079226834,0.052131804831802825,0.002131804831802822,0.22328227762387112,0.19080303610874355,0.07465,0.047619047619047616,0.05
ROUTE_1,20,300,2,20,12,PLANNING_SENSITIVITY_ONLY_NOT_AN_AUTHORIZED_IDENTITY_CHANGE,0.2,0.35,MODEST_0_10,0.1,0.0862554346113913,0.1064,0.10220190816811409,0.11074926261525145,0.10019180846007525,0.00019180846007524344,0.22222666388996853,0.19004796097428492,0.1064,0.047619047619047616,0.05
ROUTE_1,20,300,2,20,12,PLANNING_SENSITIVITY_ONLY_NOT_AN_AUTHORIZED_IDENTITY_CHANGE,0.2,0.35,TWENTY_FIVE_PERCENT_OF_OBSERVED,0.1812934780863693,0.0862554346113913,0.17785,0.17261250409680587,0.18321122473414234,0.17917052041521533,-0.0021229576711539744,0.2207897771376362,0.19052567048065544,0.17785,0.047619047619047616,0.05
ROUTE_1,20,300,2,20,12,PLANNING_SENSITIVITY_ONLY_NOT_AN_AUTHORIZED_IDENTITY_CHANGE,0.2,0.35,FIFTY_PERCENT_OF_OBSERVED,0.3625869561727386,0.0862554346113913,0.4352,0.4283420144158972,0.4420828734569739,0.3547160126632316,-0.007870943509507011,0.20798907188554802,0.19062565427721218,0.4352,0.047619047619047616,0.05
ROUTE_1,20,300,2,20,12,PLANNING_SENSITIVITY_ONLY_NOT_AN_AUTHORIZED_IDENTITY_CHANGE,0.2,0.55,NULL,0.0,0.0862554346113913,0.04335,0.040614295548894744,0.046261090981145614,7.974932333840927e-05,7.974932333840927e-05,0.21916960842622252,0.18759067622926956,0.04335,0.047619047619047616,0.05
ROUTE_1,20,300,2,20,12,PLANNING_SENSITIVITY_ONLY_NOT_AN_AUTHORIZED_IDENTITY_CHANGE,0.2,0.55,MODEST_0_05,0.05,0.0862554346113913,0.06615,0.0627880556684722,0.06967857401740979,0.04849725494993195,-0.0015027450500680536,0.21727506469525273,0.18745566170817235,0.06615,0.047619047619047616,0.05
ROUTE_1,20,300,2,20,12,PLANNING_SENSITIVITY_ONLY_NOT_AN_AUTHORIZED_IDENTITY_CHANGE,0.2,0.55,MODEST_0_10,0.1,0.0862554346113913,0.0966,0.09258299689947441,0.10077193779059082,0.09729179649526787,-0.0027082035047321373,0.2153067571300437,0.1878123844324941,0.0966,0.047619047619047616,0.05
ROUTE_1,20,300,2,20,12,PLANNING_SENSITIVITY_ONLY_NOT_AN_AUTHORIZED_IDENTITY_CHANGE,0.2,0.55,TWENTY_FIVE_PERCENT_OF_OBSERVED,0.1812934780863693,0.0862554346113913,0.15995,0.15493520534924612,0.1650953983725106,0.17071091474829492,-0.010582563338074391,0.20303804752120092,0.18780885698482405,0.15995,0.047619047619047616,0.05
ROUTE_1,20,300,2,20,12,PLANNING_SENSITIVITY_ONLY_NOT_AN_AUTHORIZED_IDENTITY_CHANGE,0.2,0.55,FIFTY_PERCENT_OF_OBSERVED,0.3625869561727386,0.0862554346113913,0.3555,0.3488944978818112,0.362161000538403,0.3135689822588371,-0.0490179739139015,0.1625522267938188,0.18753847061802842,0.3555,0.047619047619047616,0.05
ROUTE_2,20,300,2,20,12,PLANNING_SENSITIVITY_ONLY_NOT_AN_AUTHORIZED_IDENTITY_CHANGE,0.1,0.15,NULL,0.0,0.0862554346113913,0.0473,0.044443939182034535,0.05032993026316259,0.0007600034011050581,0.0007600034011050581,0.11670038983944955,0.11590212835500593,0.0473,0.047619047619047616,0.05
ROUTE_2,20,300,2,20,12,PLANNING_SENSITIVITY_ONLY_NOT_AN_AUTHORIZED_IDENTITY_CHANGE,0.1,0.15,MODEST_0_05,0.05,0.0862554346113913,0.10145,0.09734186622531585,0.10571120571500514,0.05091310882362491,0.0009131088236249071,0.11646067811374661,0.11576814045005686,0.10145,0.047619047619047616,0.05
ROUTE_2,20,300,2,20,12,PLANNING_SENSITIVITY_ONLY_NOT_AN_AUTHORIZED_IDENTITY_CHANGE,0.1,0.15,MODEST_0_10,0.1,0.0862554346113913,0.1915,0.18610616873969565,0.1970123175069209,0.09962029896944671,-0.0003797010305532922,0.11711960554723576,0.11556023568877873,0.1915,0.047619047619047616,0.05
ROUTE_2,20,300,2,20,12,PLANNING_SENSITIVITY_ONLY_NOT_AN_AUTHORIZED_IDENTITY_CHANGE,0.1,0.15,TWENTY_FIVE_PERCENT_OF_OBSERVED,0.1812934780863693,0.0862554346113913,0.4099,0.40310185214973365,0.41673275274757643,0.18155738348671688,0.0002639054003475694,0.1170068030105088,0.11578070003342761,0.4099,0.047619047619047616,0.05
ROUTE_2,20,300,2,20,12,PLANNING_SENSITIVITY_ONLY_NOT_AN_AUTHORIZED_IDENTITY_CHANGE,0.1,0.15,FIFTY_PERCENT_OF_OBSERVED,0.3625869561727386,0.0862554346113913,0.876,0.8713599789693129,0.8804956099164964,0.3613363658413452,-0.0012505903313934086,0.118434108013364,0.11595576549833328,0.876,0.047619047619047616,0.05
ROUTE_2,20,300,2,20,12,PLANNING_SENSITIVITY_ONLY_NOT_AN_AUTHORIZED_IDENTITY_CHANGE,0.1,0.35,NULL,0.0,0.0862554346113913,0.04845,0.045559990800755165,0.05151343696151292,0.0005366664657639925,0.0005366664657639925,0.11673576940787839,0.11528177345501743,0.04845,0.047619047619047616,0.05
ROUTE_2,20,300,2,20,12,PLANNING_SENSITIVITY_ONLY_NOT_AN_AUTHORIZED_IDENTITY_CHANGE,0.1,0.35,MODEST_0_05,0.05,0.0862554346113913,0.1045,0.10033608533742595,0.10881581518295279,0.05035160322406837,0.00035160322406836697,0.11740417452341799,0.11579829045065063,0.1045,0.047619047619047616,0.05
ROUTE_2,20,300,2,20,12,PLANNING_SENSITIVITY_ONLY_NOT_AN_AUTHORIZED_IDENTITY_CHANGE,0.1,0.35,MODEST_0_10,0.1,0.0862554346113913,0.1913,0.18590838070087232,0.19681018236016665,0.10089711116809374,0.0008971111680937394,0.11642533231236266,0.1155767739311121,0.1913,0.047619047619047616,0.05
ROUTE_2,20,300,2,20,12,PLANNING_SENSITIVITY_ONLY_NOT_AN_AUTHORIZED_IDENTITY_CHANGE,0.1,0.35,TWENTY_FIVE_PERCENT_OF_OBSERVED,0.1812934780863693,0.0862554346113913,0.4065,0.3997113035357225,0.413324607206769,0.18103378886785887,-0.00025968921851043936,0.1171111625945595,0.11579128738283789,0.4065,0.047619047619047616,0.05
ROUTE_2,20,300,2,20,12,PLANNING_SENSITIVITY_ONLY_NOT_AN_AUTHORIZED_IDENTITY_CHANGE,0.1,0.35,FIFTY_PERCENT_OF_OBSERVED,0.3625869561727386,0.0862554346113913,0.87625,0.8716138850911981,0.8807416077765831,0.36130736212437403,-0.0012795940483645851,0.11468144451349514,0.1161648034202213,0.87625,0.047619047619047616,0.05
ROUTE_2,20,300,2,20,12,PLANNING_SENSITIVITY_ONLY_NOT_AN_AUTHORIZED_IDENTITY_CHANGE,0.1,0.55,NULL,0.0,0.0862554346113913,0.046,0.04318289247636304,0.04899147626257996,-0.0006779665937947222,-0.0006779665937947222,0.11747600388247466,0.1159004253391839,0.046,0.047619047619047616,0.05
ROUTE_2,20,300,2,20,12,PLANNING_SENSITIVITY_ONLY_NOT_AN_AUTHORIZED_IDENTITY_CHANGE,0.1,0.55,MODEST_0_05,0.05,0.0862554346113913,0.10845,0.1042155106705662,0.11283487276496934,0.05164891169274015,0.001648911692740146,0.11742816014315338,0.11567830816146907,0.10845,0.047619047619047616,0.05
ROUTE_2,20,300,2,20,12,PLANNING_SENSITIVITY_ONLY_NOT_AN_AUTHORIZED_IDENTITY_CHANGE,0.1,0.55,MODEST_0_10,0.1,0.0862554346113913,0.18995,0.18457337112206904,0.19544571043632145,0.09934461411514967,-0.0006553858848503402,0.11633753823446809,0.11577033698505562,0.18995,0.047619047619047616,0.05
ROUTE_2,20,300,2,20,12,PLANNING_SENSITIVITY_ONLY_NOT_AN_AUTHORIZED_IDENTITY_CHANGE,0.1,0.55,TWENTY_FIVE_PERCENT_OF_OBSERVED,0.1812934780863693,0.0862554346113913,0.40585,0.3990631488511445,0.41267301153821995,0.18049609716411907,-0.0007973809222502348,0.1133633615934412,0.11553936925886732,0.40585,0.047619047619047616,0.05
ROUTE_2,20,300,2,20,12,PLANNING_SENSITIVITY_ONLY_NOT_AN_AUTHORIZED_IDENTITY_CHANGE,0.1,0.55,FIFTY_PERCENT_OF_OBSERVED,0.3625869561727386,0.0862554346113913,0.87705,0.872426425485496,0.8815287601245955,0.3420869329769254,-0.020500023195813233,0.09681326742751459,0.11576254434756394,0.87705,0.047619047619047616,0.05
ROUTE_2,20,300,2,20,12,PLANNING_SENSITIVITY_ONLY_NOT_AN_AUTHORIZED_IDENTITY_CHANGE,0.2,0.15,NULL,0.0,0.0862554346113913,0.0496,0.04667650466678262,0.05269648141255642,0.0006581427963096964,0.0006581427963096964,0.21176789856280753,0.19075799553259917,0.0496,0.047619047619047616,0.05
ROUTE_2,20,300,2,20,12,PLANNING_SENSITIVITY_ONLY_NOT_AN_AUTHORIZED_IDENTITY_CHANGE,0.2,0.15,MODEST_0_05,0.05,0.0862554346113913,0.0713,0.06781543693706214,0.07494921477744197,0.046890055225709465,-0.003109944774290538,0.2131604587156986,0.19090468178105358,0.0713,0.047619047619047616,0.05
ROUTE_2,20,300,2,20,12,PLANNING_SENSITIVITY_ONLY_NOT_AN_AUTHORIZED_IDENTITY_CHANGE,0.2,0.15,MODEST_0_10,0.1,0.0862554346113913,0.11135,0.10706484534244494,0.1157844242839652,0.09989552096400141,-0.00010447903599859754,0.21262705491391418,0.19099510330804587,0.11135,0.047619047619047616,0.05
ROUTE_2,20,300,2,20,12,PLANNING_SENSITIVITY_ONLY_NOT_AN_AUTHORIZED_IDENTITY_CHANGE,0.2,0.15,TWENTY_FIVE_PERCENT_OF_OBSERVED,0.1812934780863693,0.0862554346113913,0.19115,0.18576004116559247,0.1966585795062633,0.18046562321686313,-0.0008278548695061783,0.2123460429017368,0.19113855420957587,0.19115,0.047619047619047616,0.05
ROUTE_2,20,300,2,20,12,PLANNING_SENSITIVITY_ONLY_NOT_AN_AUTHORIZED_IDENTITY_CHANGE,0.2,0.15,FIFTY_PERCENT_OF_OBSERVED,0.3625869561727386,0.0862554346113913,0.45935,0.4524518848742933,0.466263727657068,0.3601115751468534,-0.002475381025885237,0.20900681576674193,0.19088061086412988,0.45935,0.047619047619047616,0.05
ROUTE_2,20,300,2,20,12,PLANNING_SENSITIVITY_ONLY_NOT_AN_AUTHORIZED_IDENTITY_CHANGE,0.2,0.35,NULL,0.0,0.0862554346113913,0.0487,0.04580267242176145,0.05177065932247858,-0.0012597681098616364,-0.0012597681098616364,0.21232419094764104,0.1904459612594024,0.0487,0.047619047619047616,0.05
ROUTE_2,20,300,2,20,12,PLANNING_SENSITIVITY_ONLY_NOT_AN_AUTHORIZED_IDENTITY_CHANGE,0.2,0.35,MODEST_0_05,0.05,0.0862554346113913,0.0742,0.0706487976986529,0.07791474020672581,0.05239511462185553,0.002395114621855529,0.2131325027124074,0.19095595891613595,0.0742,0.047619047619047616,0.05
ROUTE_2,20,300,2,20,12,PLANNING_SENSITIVITY_ONLY_NOT_AN_AUTHORIZED_IDENTITY_CHANGE,0.2,0.35,MODEST_0_10,0.1,0.0862554346113913,0.11225,0.10794931334611937,0.11669961061538978,0.10271987783341992,0.002719877833419912,0.2104322601832162,0.19051211209246152,0.11225,0.047619047619047616,0.05
ROUTE_2,20,300,2,20,12,PLANNING_SENSITIVITY_ONLY_NOT_AN_AUTHORIZED_IDENTITY_CHANGE,0.2,0.35,TWENTY_FIVE_PERCENT_OF_OBSERVED,0.1812934780863693,0.0862554346113913,0.1869,0.1815576247110205,0.1923626282673122,0.17758508530990083,-0.0037083927764684776,0.21026619884737624,0.19049180569134658,0.1869,0.047619047619047616,0.05
ROUTE_2,20,300,2,20,12,PLANNING_SENSITIVITY_ONLY_NOT_AN_AUTHORIZED_IDENTITY_CHANGE,0.2,0.35,FIFTY_PERCENT_OF_OBSERVED,0.3625869561727386,0.0862554346113913,0.4542,0.4473090656284151,0.4611085248743241,0.35055041541714627,-0.012036540755592351,0.19619753432010634,0.1903108826564299,0.4542,0.047619047619047616,0.05
ROUTE_2,20,300,2,20,12,PLANNING_SENSITIVITY_ONLY_NOT_AN_AUTHORIZED_IDENTITY_CHANGE,0.2,0.55,NULL,0.0,0.0862554346113913,0.04615,0.043328365889907745,0.04914594523821842,0.0016105731482992948,0.0016105731482992948,0.20838336013440234,0.18735829822318362,0.04615,0.047619047619047616,0.05
ROUTE_2,20,300,2,20,12,PLANNING_SENSITIVITY_ONLY_NOT_AN_AUTHORIZED_IDENTITY_CHANGE,0.2,0.55,MODEST_0_05,0.05,0.0862554346113913,0.0664,0.06303197023684112,0.06993456343101281,0.04849902362981887,-0.00150097637018113,0.20632969662168066,0.18737457685467546,0.0664,0.047619047619047616,0.05
ROUTE_2,20,300,2,20,12,PLANNING_SENSITIVITY_ONLY_NOT_AN_AUTHORIZED_IDENTITY_CHANGE,0.2,0.55,MODEST_0_10,0.1,0.0862554346113913,0.10215,0.09802896225705615,0.1064238408327863,0.10034612205084577,0.0003461220508457624,0.20390447091916142,0.18752896626112764,0.10215,0.047619047619047616,0.05
ROUTE_2,20,300,2,20,12,PLANNING_SENSITIVITY_ONLY_NOT_AN_AUTHORIZED_IDENTITY_CHANGE,0.2,0.55,TWENTY_FIVE_PERCENT_OF_OBSERVED,0.1812934780863693,0.0862554346113913,0.1662,0.16110503223236208,0.17142317103869328,0.17201435440229243,-0.009279123684076879,0.19260572447965835,0.1874077807640722,0.1662,0.047619047619047616,0.05
ROUTE_2,20,300,2,20,12,PLANNING_SENSITIVITY_ONLY_NOT_AN_AUTHORIZED_IDENTITY_CHANGE,0.2,0.55,FIFTY_PERCENT_OF_OBSERVED,0.3625869561727386,0.0862554346113913,0.38455,0.3778305154173206,0.39131382570803397,0.31575837923386924,-0.04682857693886938,0.1565215578610044,0.1873504496067718,0.38455,0.047619047619047616,0.05
ROUTE_1,20,300,4,31,16,REQUIRED_FULL_47_IDENTITY_DESIGN,0.1,0.15,NULL,0.0,0.042426406871192854,0.04755,0.04468651897958429,0.050587254447584794,0.00016724983847694468,0.00016724983847694468,0.11104292783767071,0.09518175385167343,0.04755,0.047619047619047616,0.05
ROUTE_1,20,300,4,31,16,REQUIRED_FULL_47_IDENTITY_DESIGN,0.1,0.15,MODEST_0_05,0.05,0.042426406871192854,0.1071,0.10288942458308564,0.11146147734980136,0.05114053973013406,0.0011405397301340603,0.11189530590642943,0.09524895007377057,0.1071,0.047619047619047616,0.05
ROUTE_1,20,300,4,31,16,REQUIRED_FULL_47_IDENTITY_DESIGN,0.1,0.15,MODEST_0_10,0.1,0.042426406871192854,0.20335,0.19782907796500426,0.20898485702708258,0.10009064396977681,9.064396977680189e-05,0.11134410056707746,0.09513182541954854,0.20335,0.047619047619047616,0.05
ROUTE_1,20,300,4,31,16,REQUIRED_FULL_47_IDENTITY_DESIGN,0.1,0.15,TWENTY_FIVE_PERCENT_OF_OBSERVED,0.1812934780863693,0.042426406871192854,0.4303,0.4234521703895546,0.43717459943666637,0.18141251430518382,0.0001190362188145111,0.11182356269691762,0.09528530508735143,0.4303,0.047619047619047616,0.05
ROUTE_1,20,300,4,31,16,REQUIRED_FULL_47_IDENTITY_DESIGN,0.1,0.15,FIFTY_PERCENT_OF_OBSERVED,0.3625869561727386,0.042426406871192854,0.90535,0.9012148322764411,0.909329484092875,0.36205510481171665,-0.0005318513610219622,0.110644139143498,0.09507969882283665,0.90535,0.047619047619047616,0.05
ROUTE_1,20,300,4,31,16,REQUIRED_FULL_47_IDENTITY_DESIGN,0.1,0.35,NULL,0.0,0.042426406871192854,0.048,0.045123219032845246,0.05105038156187333,-0.0006953344536246675,-0.0006953344536246675,0.11137292478347564,0.09525216091612967,0.048,0.047619047619047616,0.05
ROUTE_1,20,300,4,31,16,REQUIRED_FULL_47_IDENTITY_DESIGN,0.1,0.35,MODEST_0_05,0.05,0.042426406871192854,0.10225,0.09812712383177664,0.10652564085085457,0.049874456581728135,-0.00012554341827186732,0.1106999345463292,0.09547082746445053,0.10225,0.047619047619047616,0.05
ROUTE_1,20,300,4,31,16,REQUIRED_FULL_47_IDENTITY_DESIGN,0.1,0.35,MODEST_0_10,0.1,0.042426406871192854,0.1974,0.1919419274313661,0.20297429278978837,0.09884642691794904,-0.0011535730820509682,0.11052881178586993,0.09542128158231165,0.1974,0.047619047619047616,0.05
ROUTE_1,20,300,4,31,16,REQUIRED_FULL_47_IDENTITY_DESIGN,0.1,0.35,TWENTY_FIVE_PERCENT_OF_OBSERVED,0.1812934780863693,0.042426406871192854,0.44065,0.43378152002992787,0.44754127464993176,0.18246820316181736,0.001174725075448052,0.1111430724916657,0.09505924053652091,0.44065,0.047619047619047616,0.05
ROUTE_1,20,300,4,31,16,REQUIRED_FULL_47_IDENTITY_DESIGN,0.1,0.35,FIFTY_PERCENT_OF_OBSERVED,0.3625869561727386,0.042426406871192854,0.9038,0.8996355627009005,0.9078093489801895,0.36282170074259795,0.00023474456985933534,0.11059422315078019,0.09521529652495253,0.9038,0.047619047619047616,0.05
ROUTE_1,20,300,4,31,16,REQUIRED_FULL_47_IDENTITY_DESIGN,0.1,0.55,NULL,0.0,0.042426406871192854,0.04575,0.04294045562026573,0.04873400913670532,-0.00041303205821058547,-0.00041303205821058547,0.11144684592856356,0.09514557008873789,0.04575,0.047619047619047616,0.05
ROUTE_1,20,300,4,31,16,REQUIRED_FULL_47_IDENTITY_DESIGN,0.1,0.55,MODEST_0_05,0.05,0.042426406871192854,0.1042,0.10004152137576822,0.10851049436624421,0.04983541839681359,-0.00016458160318641446,0.11115365497635266,0.0950400752469568,0.1042,0.047619047619047616,0.05
ROUTE_1,20,300,4,31,16,REQUIRED_FULL_47_IDENTITY_DESIGN,0.1,0.55,MODEST_0_10,0.1,0.042426406871192854,0.20045,0.1949594716898569,0.20605557711135536,0.09948100861715438,-0.0005189913828456266,0.11189027135120828,0.09514168138754298,0.20045,0.047619047619047616,0.05
ROUTE_1,20,300,4,31,16,REQUIRED_FULL_47_IDENTITY_DESIGN,0.1,0.55,TWENTY_FIVE_PERCENT_OF_OBSERVED,0.1812934780863693,0.042426406871192854,0.43315,0.42629618015723275,0.4400294950634684,0.18110886683804378,-0.000184611248325528,0.11151227750804325,0.09552012129225933,0.43315,0.047619047619047616,0.05
ROUTE_1,20,300,4,31,16,REQUIRED_FULL_47_IDENTITY_DESIGN,0.1,0.55,FIFTY_PERCENT_OF_OBSERVED,0.3625869561727386,0.042426406871192854,0.90115,0.8969362689118879,0.9052096605602994,0.3485636029267446,-0.014023353245994019,0.09249647951932642,0.09511654211846551,0.90115,0.047619047619047616,0.05
ROUTE_1,20,300,4,31,16,REQUIRED_FULL_47_IDENTITY_DESIGN,0.2,0.15,NULL,0.0,0.042426406871192854,0.0452,0.042407178225349784,0.04816749777128297,-0.002908932990088069,-0.002908932990088069,0.20942103249479546,0.17906392457166193,0.0452,0.047619047619047616,0.05
ROUTE_1,20,300,4,31,16,REQUIRED_FULL_47_IDENTITY_DESIGN,0.2,0.15,MODEST_0_05,0.05,0.042426406871192854,0.075,0.07143070277307793,0.078732527874611,0.05060950610272854,0.0006095061027285367,0.21013736612521866,0.17953751601467643,0.075,0.047619047619047616,0.05
ROUTE_1,20,300,4,31,16,REQUIRED_FULL_47_IDENTITY_DESIGN,0.2,0.15,MODEST_0_10,0.1,0.042426406871192854,0.1096,0.10534530523682681,0.11400463651577969,0.1009829063471856,0.0009829063471855914,0.20988453299552517,0.1794342700743444,0.1096,0.047619047619047616,0.05
ROUTE_1,20,300,4,31,16,REQUIRED_FULL_47_IDENTITY_DESIGN,0.2,0.15,TWENTY_FIVE_PERCENT_OF_OBSERVED,0.1812934780863693,0.042426406871192854,0.1961,0.19065591579150815,0.20166080372339218,0.18317114087918668,0.0018776627928173695,0.21014667507952803,0.17943192236524666,0.1961,0.047619047619047616,0.05
ROUTE_1,20,300,4,31,16,REQUIRED_FULL_47_IDENTITY_DESIGN,0.2,0.15,FIFTY_PERCENT_OF_OBSERVED,0.3625869561727386,0.042426406871192854,0.47395,0.4670355572649788,0.48087444781354416,0.3623616489123404,-0.00022530726039821092,0.21017131599489247,0.17908778322543512,0.47395,0.047619047619047616,0.05
ROUTE_1,20,300,4,31,16,REQUIRED_FULL_47_IDENTITY_DESIGN,0.2,0.35,NULL,0.0,0.042426406871192854,0.04465,0.041874017542767476,0.04760086969352701,0.0010932796290116324,0.0010932796290116324,0.20810511709840457,0.17921660662786495,0.04465,0.047619047619047616,0.05
ROUTE_1,20,300,4,31,16,REQUIRED_FULL_47_IDENTITY_DESIGN,0.2,0.35,MODEST_0_05,0.05,0.042426406871192854,0.07495,0.07138183013576241,0.07868141971553214,0.049204394685178864,-0.0007956053148211392,0.20935035538089408,0.17907824271990627,0.07495,0.047619047619047616,0.05
ROUTE_1,20,300,4,31,16,REQUIRED_FULL_47_IDENTITY_DESIGN,0.2,0.35,MODEST_0_10,0.1,0.042426406871192854,0.106,0.10180906759328677,0.11034225681892366,0.10040857841997784,0.00040857841997783695,0.2078714074812908,0.17896113068824096,0.106,0.047619047619047616,0.05
ROUTE_1,20,300,4,31,16,REQUIRED_FULL_47_IDENTITY_DESIGN,0.2,0.35,TWENTY_FIVE_PERCENT_OF_OBSERVED,0.1812934780863693,0.042426406871192854,0.18995,0.18457337112206904,0.19544571043632145,0.17912276334553812,-0.002170714740831192,0.20804216778188045,0.17918361916522668,0.18995,0.047619047619047616,0.05
ROUTE_1,20,300,4,31,16,REQUIRED_FULL_47_IDENTITY_DESIGN,0.2,0.35,FIFTY_PERCENT_OF_OBSERVED,0.3625869561727386,0.042426406871192854,0.4689,0.46199053231358295,0.47582141232910674,0.3550348167666444,-0.007552139406094227,0.19532903799435022,0.17886005146816816,0.4689,0.047619047619047616,0.05
ROUTE_1,20,300,4,31,16,REQUIRED_FULL_47_IDENTITY_DESIGN,0.2,0.55,NULL,0.0,0.042426406871192854,0.04495,0.04216481786980424,0.04790995414485657,-0.0011613563282394364,-0.0011613563282394364,0.2064518290447936,0.17690484844540105,0.04495,0.047619047619047616,0.05
ROUTE_1,20,300,4,31,16,REQUIRED_FULL_47_IDENTITY_DESIGN,0.2,0.55,MODEST_0_05,0.05,0.042426406871192854,0.0693,0.06586238489019756,0.07290303496853097,0.047236751468845276,-0.0027632485311547272,0.20514684601870659,0.1771209197382551,0.0693,0.047619047619047616,0.05
ROUTE_1,20,300,4,31,16,REQUIRED_FULL_47_IDENTITY_DESIGN,0.2,0.55,MODEST_0_10,0.1,0.042426406871192854,0.10225,0.09812712383177664,0.10652564085085457,0.09759864040149555,-0.00240135959850446,0.2019202110984178,0.17687440631152146,0.10225,0.047619047619047616,0.05
ROUTE_1,20,300,4,31,16,REQUIRED_FULL_47_IDENTITY_DESIGN,0.2,0.55,TWENTY_FIVE_PERCENT_OF_OBSERVED,0.1812934780863693,0.042426406871192854,0.18055,0.1752806964451639,0.18594199539108128,0.17352373483381567,-0.00776974325255364,0.19373437862190934,0.17729039288828077,0.18055,0.047619047619047616,0.05
ROUTE_1,20,300,4,31,16,REQUIRED_FULL_47_IDENTITY_DESIGN,0.2,0.55,FIFTY_PERCENT_OF_OBSERVED,0.3625869561727386,0.042426406871192854,0.4091,0.4023040456762357,0.4159308664787642,0.3175804176968182,-0.0450065384759204,0.15415092415570697,0.17691324567854463,0.4091,0.047619047619047616,0.05
ROUTE_2,20,300,4,31,16,REQUIRED_FULL_47_IDENTITY_DESIGN,0.1,0.15,NULL,0.0,0.042426406871192854,0.04445,0.04168017026797711,0.04739479378273983,0.00022625950192899872,0.00022625950192899872,0.10556981352551068,0.09532944525080632,0.04445,0.047619047619047616,0.05
ROUTE_2,20,300,4,31,16,REQUIRED_FULL_47_IDENTITY_DESIGN,0.1,0.15,MODEST_0_05,0.05,0.042426406871192854,0.1073,0.10308586840282971,0.11166495671563487,0.049611852518255214,-0.0003881474817447883,0.105593984600064,0.09517762996625051,0.1073,0.047619047619047616,0.05
ROUTE_2,20,300,4,31,16,REQUIRED_FULL_47_IDENTITY_DESIGN,0.1,0.15,MODEST_0_10,0.1,0.042426406871192854,0.2135,0.20787617254271482,0.2192338641174331,0.10016636360305341,0.0001663636030534016,0.10668781391666246,0.09523728513523082,0.2135,0.047619047619047616,0.05
ROUTE_2,20,300,4,31,16,REQUIRED_FULL_47_IDENTITY_DESIGN,0.1,0.15,TWENTY_FIVE_PERCENT_OF_OBSERVED,0.1812934780863693,0.042426406871192854,0.4656,0.45869416726095746,0.4725190448197025,0.1814423637525225,0.00014888566615320342,0.10613138083762545,0.0951372080326816,0.4656,0.047619047619047616,0.05
ROUTE_2,20,300,4,31,16,REQUIRED_FULL_47_IDENTITY_DESIGN,0.1,0.15,FIFTY_PERCENT_OF_OBSERVED,0.3625869561727386,0.042426406871192854,0.9263,0.9225964394480999,0.9298398306104654,0.3627701399365051,0.00018318376376647016,0.10693228104760305,0.09514285837595028,0.9263,0.047619047619047616,0.05
ROUTE_2,20,300,4,31,16,REQUIRED_FULL_47_IDENTITY_DESIGN,0.1,0.35,NULL,0.0,0.042426406871192854,0.04605,0.043231382675472406,0.049042966859864985,-9.55573339934665e-05,-9.55573339934665e-05,0.10578412688027719,0.09521895638023392,0.04605,0.047619047619047616,0.05
ROUTE_2,20,300,4,31,16,REQUIRED_FULL_47_IDENTITY_DESIGN,0.1,0.35,MODEST_0_05,0.05,0.042426406871192854,0.1103,0.10603307994695943,0.1147165929551685,0.05010416133849953,0.00010416133849952547,0.10622700605212723,0.0951738804570944,0.1103,0.047619047619047616,0.05
ROUTE_2,20,300,4,31,16,REQUIRED_FULL_47_IDENTITY_DESIGN,0.1,0.35,MODEST_0_10,0.1,0.042426406871192854,0.21445,0.2088168106717176,0.22019286111992376,0.10063066819328391,0.0006306681932839037,0.10644856867297321,0.09527654197527557,0.21445,0.047619047619047616,0.05
ROUTE_2,20,300,4,31,16,REQUIRED_FULL_47_IDENTITY_DESIGN,0.1,0.35,TWENTY_FIVE_PERCENT_OF_OBSERVED,0.1812934780863693,0.042426406871192854,0.4673,0.46039225678294565,0.4742203023751235,0.18265760832233185,0.0013641302359625462,0.10578105807569922,0.09525942177500736,0.4673,0.047619047619047616,0.05
ROUTE_2,20,300,4,31,16,REQUIRED_FULL_47_IDENTITY_DESIGN,0.1,0.35,FIFTY_PERCENT_OF_OBSERVED,0.3625869561727386,0.042426406871192854,0.9244,0.9206542110289154,0.9279827887666628,0.3632733620993838,0.0006864059266452061,0.10560131446282449,0.09527437033523076,0.9244,0.047619047619047616,0.05
ROUTE_2,20,300,4,31,16,REQUIRED_FULL_47_IDENTITY_DESIGN,0.1,0.55,NULL,0.0,0.042426406871192854,0.0467,0.043861840208422015,0.049712259680042434,0.0015085684714659636,0.0015085684714659636,0.10516371861522951,0.09520593691707774,0.0467,0.047619047619047616,0.05
ROUTE_2,20,300,4,31,16,REQUIRED_FULL_47_IDENTITY_DESIGN,0.1,0.55,MODEST_0_05,0.05,0.042426406871192854,0.1101,0.10583656723558865,0.11451318248096173,0.05022455359629945,0.00022455359629944965,0.10660756269762958,0.09529209262081796,0.1101,0.047619047619047616,0.05
ROUTE_2,20,300,4,31,16,REQUIRED_FULL_47_IDENTITY_DESIGN,0.1,0.55,MODEST_0_10,0.1,0.042426406871192854,0.21915,0.21347115493167876,0.22493671172103522,0.1001689475317916,0.0001689475317915995,0.10715134174866899,0.09506895639553126,0.21915,0.047619047619047616,0.05
ROUTE_2,20,300,4,31,16,REQUIRED_FULL_47_IDENTITY_DESIGN,0.1,0.55,TWENTY_FIVE_PERCENT_OF_OBSERVED,0.1812934780863693,0.042426406871192854,0.4652,0.45829462850446556,0.4721187372050393,0.18179774046095185,0.000504262374582537,0.10531061943319524,0.09529647912558711,0.4652,0.047619047619047616,0.05
ROUTE_2,20,300,4,31,16,REQUIRED_FULL_47_IDENTITY_DESIGN,0.1,0.55,FIFTY_PERCENT_OF_OBSERVED,0.3625869561727386,0.042426406871192854,0.9251,0.9213696889175232,0.9286670420275766,0.3491130058173689,-0.01347395035536969,0.08865470659413922,0.09507184939032393,0.9251,0.047619047619047616,0.05
ROUTE_2,20,300,4,31,16,REQUIRED_FULL_47_IDENTITY_DESIGN,0.2,0.15,NULL,0.0,0.042426406871192854,0.04835,0.04546292425909533,0.05141054191038397,0.00017240943957539921,0.00017240943957539921,0.205773789414818,0.17904035918755348,0.04835,0.047619047619047616,0.05
ROUTE_2,20,300,4,31,16,REQUIRED_FULL_47_IDENTITY_DESIGN,0.2,0.15,MODEST_0_05,0.05,0.042426406871192854,0.07355,0.07001359033557945,0.07725019721667219,0.04973171315690894,-0.00026828684309106177,0.2072873094384571,0.17916438336192422,0.07355,0.047619047619047616,0.05
ROUTE_2,20,300,4,31,16,REQUIRED_FULL_47_IDENTITY_DESIGN,0.2,0.15,MODEST_0_10,0.1,0.042426406871192854,0.11155,0.10726138603498997,0.11598780677699772,0.10074612669586977,0.0007461266958697643,0.20658523187395889,0.17992138788108328,0.11155,0.047619047619047616,0.05
ROUTE_2,20,300,4,31,16,REQUIRED_FULL_47_IDENTITY_DESIGN,0.2,0.15,TWENTY_FIVE_PERCENT_OF_OBSERVED,0.1812934780863693,0.042426406871192854,0.1932,0.18778745860280585,0.19873037472121993,0.18041169324172474,-0.0008817848446445731,0.20629347581696938,0.17938832023640913,0.1932,0.047619047619047616,0.05
ROUTE_2,20,300,4,31,16,REQUIRED_FULL_47_IDENTITY_DESIGN,0.2,0.15,FIFTY_PERCENT_OF_OBSERVED,0.3625869561727386,0.042426406871192854,0.47695,0.4700329378352238,0.4838759150269626,0.3604098663679101,-0.0021770898048285026,0.2046539736295568,0.17931863578153343,0.47695,0.047619047619047616,0.05
ROUTE_2,20,300,4,31,16,REQUIRED_FULL_47_IDENTITY_DESIGN,0.2,0.35,NULL,0.0,0.042426406871192854,0.04765,0.04478355718908839,0.05069017783086945,-0.00048239786195684175,-0.00048239786195684175,0.2055635083807247,0.17931821821635416,0.04765,0.047619047619047616,0.05
ROUTE_2,20,300,4,31,16,REQUIRED_FULL_47_IDENTITY_DESIGN,0.2,0.35,MODEST_0_05,0.05,0.042426406871192854,0.07605,0.07245713688083795,0.07980569049113316,0.05008283349109406,8.283349109405869e-05,0.20617740232709642,0.17924596926542444,0.07605,0.047619047619047616,0.05
ROUTE_2,20,300,4,31,16,REQUIRED_FULL_47_IDENTITY_DESIGN,0.2,0.35,MODEST_0_10,0.1,0.042426406871192854,0.11405,0.10971851588563492,0.11852971674607224,0.10012109102770385,0.00012109102770384295,0.20648958179588772,0.17916334532611286,0.11405,0.047619047619047616,0.05
ROUTE_2,20,300,4,31,16,REQUIRED_FULL_47_IDENTITY_DESIGN,0.2,0.35,TWENTY_FIVE_PERCENT_OF_OBSERVED,0.1812934780863693,0.042426406871192854,0.19615,0.1907053760530951,0.20171132425819963,0.1785003284954989,-0.002793149590870403,0.20622414788508642,0.17899620168230662,0.19615,0.047619047619047616,0.05
ROUTE_2,20,300,4,31,16,REQUIRED_FULL_47_IDENTITY_DESIGN,0.2,0.35,FIFTY_PERCENT_OF_OBSERVED,0.3625869561727386,0.042426406871192854,0.4846,0.477677390266495,0.491528524444033,0.35801715720969435,-0.004569798963044269,0.19333084934054268,0.17885179309852306,0.4846,0.047619047619047616,0.05
ROUTE_2,20,300,4,31,16,REQUIRED_FULL_47_IDENTITY_DESIGN,0.2,0.55,NULL,0.0,0.042426406871192854,0.0479,0.04502616834527764,0.050947470656652165,-0.0025769471696382913,-0.0025769471696382913,0.2055459385001368,0.17678209788701707,0.0479,0.047619047619047616,0.05
ROUTE_2,20,300,4,31,16,REQUIRED_FULL_47_IDENTITY_DESIGN,0.2,0.55,MODEST_0_05,0.05,0.042426406871192854,0.0685,0.06508139886065914,0.07208432825575917,0.046200621912502564,-0.003799378087497439,0.2012893442952847,0.17708112663325679,0.0685,0.047619047619047616,0.05
ROUTE_2,20,300,4,31,16,REQUIRED_FULL_47_IDENTITY_DESIGN,0.2,0.55,MODEST_0_10,0.1,0.042426406871192854,0.10755,0.1033314297453534,0.11191929935508312,0.09734118914527978,-0.0026588108547202227,0.20097865351775823,0.17696632303407508,0.10755,0.047619047619047616,0.05
ROUTE_2,20,300,4,31,16,REQUIRED_FULL_47_IDENTITY_DESIGN,0.2,0.55,TWENTY_FIVE_PERCENT_OF_OBSERVED,0.1812934780863693,0.042426406871192854,0.18,0.17473713954741799,0.1853857635284889,0.17203700188278773,-0.009256476203581582,0.19160741235753326,0.17704194784678806,0.18,0.047619047619047616,0.05
ROUTE_2,20,300,4,31,16,REQUIRED_FULL_47_IDENTITY_DESIGN,0.2,0.55,FIFTY_PERCENT_OF_OBSERVED,0.3625869561727386,0.042426406871192854,0.4167,0.4098839578998262,0.4235480353071209,0.31666753026423566,-0.04591942590850295,0.15292321441573273,0.17689897685922026,0.4167,0.047619047619047616,0.05
ROUTE_1,20,300,4,20,12,PLANNING_SENSITIVITY_ONLY_NOT_AN_AUTHORIZED_IDENTITY_CHANGE,0.1,0.15,NULL,0.0,0.060991802727907635,0.0471,0.04424989160887549,0.050124054650744085,0.0007496356616197124,0.0007496356616197124,0.11942846492420894,0.1025340869293225,0.0471,0.047619047619047616,0.05
ROUTE_1,20,300,4,20,12,PLANNING_SENSITIVITY_ONLY_NOT_AN_AUTHORIZED_IDENTITY_CHANGE,0.1,0.15,MODEST_0_05,0.05,0.060991802727907635,0.0984,0.0943488175441885,0.10260542581607474,0.04933273336165349,-0.0006672666383465142,0.11888842909836868,0.10269276722373273,0.0984,0.047619047619047616,0.05
ROUTE_1,20,300,4,20,12,PLANNING_SENSITIVITY_ONLY_NOT_AN_AUTHORIZED_IDENTITY_CHANGE,0.1,0.15,MODEST_0_10,0.1,0.060991802727907635,0.18665,0.18131045635816934,0.1921098926381914,0.10143055153682197,0.001430551536821964,0.12009611612445206,0.10259627747913984,0.18665,0.047619047619047616,0.05
ROUTE_1,20,300,4,20,12,PLANNING_SENSITIVITY_ONLY_NOT_AN_AUTHORIZED_IDENTITY_CHANGE,0.1,0.15,TWENTY_FIVE_PERCENT_OF_OBSERVED,0.1812934780863693,0.060991802727907635,0.39415,0.38739848734676363,0.4009421666863138,0.1826996370471507,0.0014061589607813896,0.12044816602084983,0.10272839987519655,0.39415,0.047619047619047616,0.05
ROUTE_1,20,300,4,20,12,PLANNING_SENSITIVITY_ONLY_NOT_AN_AUTHORIZED_IDENTITY_CHANGE,0.1,0.15,FIFTY_PERCENT_OF_OBSERVED,0.3625869561727386,0.060991802727907635,0.8634,0.8585706251417373,0.8680898030526858,0.3640205740782162,0.00143361790547758,0.12004876276947823,0.10265521157043056,0.8634,0.047619047619047616,0.05
ROUTE_1,20,300,4,20,12,PLANNING_SENSITIVITY_ONLY_NOT_AN_AUTHORIZED_IDENTITY_CHANGE,0.1,0.35,NULL,0.0,0.060991802727907635,0.04925,0.04633664808955941,0.05233647241501892,0.0003410627301637289,0.0003410627301637289,0.12006572266713833,0.10275739285803917,0.04925,0.047619047619047616,0.05
ROUTE_1,20,300,4,20,12,PLANNING_SENSITIVITY_ONLY_NOT_AN_AUTHORIZED_IDENTITY_CHANGE,0.1,0.35,MODEST_0_05,0.05,0.060991802727907635,0.1018,0.0976854065718575,0.10606753094322423,0.04952473163859032,-0.00047526836140968087,0.11978730353542522,0.10276695582184124,0.1018,0.047619047619047616,0.05
ROUTE_1,20,300,4,20,12,PLANNING_SENSITIVITY_ONLY_NOT_AN_AUTHORIZED_IDENTITY_CHANGE,0.1,0.35,MODEST_0_10,0.1,0.060991802727907635,0.18945,0.18407894962191607,0.19494032397253047,0.1006642221929848,0.0006642221929848008,0.12053625267006701,0.10264446157180677,0.18945,0.047619047619047616,0.05
ROUTE_1,20,300,4,20,12,PLANNING_SENSITIVITY_ONLY_NOT_AN_AUTHORIZED_IDENTITY_CHANGE,0.1,0.35,TWENTY_FIVE_PERCENT_OF_OBSERVED,0.1812934780863693,0.060991802727907635,0.39405,0.38729880681092993,0.4008418856293587,0.1818591517921972,0.0005656737058278849,0.11962299324092729,0.10256275226970299,0.39405,0.047619047619047616,0.05
ROUTE_1,20,300,4,20,12,PLANNING_SENSITIVITY_ONLY_NOT_AN_AUTHORIZED_IDENTITY_CHANGE,0.1,0.35,FIFTY_PERCENT_OF_OBSERVED,0.3625869561727386,0.060991802727907635,0.85805,0.8531444287695955,0.8628180542106278,0.3601603068081141,-0.0024266493646245,0.11880341234046583,0.10255474513525274,0.85805,0.047619047619047616,0.05
ROUTE_1,20,300,4,20,12,PLANNING_SENSITIVITY_ONLY_NOT_AN_AUTHORIZED_IDENTITY_CHANGE,0.1,0.55,NULL,0.0,0.060991802727907635,0.0464,0.04357084028642462,0.04940337482367349,0.00044481743017701767,0.00044481743017701767,0.12087909444070116,0.10262708065610933,0.0464,0.047619047619047616,0.05
ROUTE_1,20,300,4,20,12,PLANNING_SENSITIVITY_ONLY_NOT_AN_AUTHORIZED_IDENTITY_CHANGE,0.1,0.55,MODEST_0_05,0.05,0.060991802727907635,0.1001,0.0960169270094839,0.10433666342818858,0.04925775743236333,-0.0007422425676366709,0.11938091104935465,0.10249724170881881,0.1001,0.047619047619047616,0.05
ROUTE_1,20,300,4,20,12,PLANNING_SENSITIVITY_ONLY_NOT_AN_AUTHORIZED_IDENTITY_CHANGE,0.1,0.55,MODEST_0_10,0.1,0.060991802727907635,0.1827,0.17740568579340793,0.18811618028779603,0.09960617908449697,-0.00039382091550303755,0.12066612651260705,0.10270280097725085,0.1827,0.047619047619047616,0.05
ROUTE_1,20,300,4,20,12,PLANNING_SENSITIVITY_ONLY_NOT_AN_AUTHORIZED_IDENTITY_CHANGE,0.1,0.55,TWENTY_FIVE_PERCENT_OF_OBSERVED,0.1812934780863693,0.060991802727907635,0.3922,0.3854547704869419,0.39898663248675426,0.18082915201436997,-0.00046432607199933806,0.11965652736963733,0.1026295604819912,0.3922,0.047619047619047616,0.05
ROUTE_1,20,300,4,20,12,PLANNING_SENSITIVITY_ONLY_NOT_AN_AUTHORIZED_IDENTITY_CHANGE,0.1,0.55,FIFTY_PERCENT_OF_OBSERVED,0.3625869561727386,0.060991802727907635,0.8588,0.8539049674052338,0.8635572275209055,0.3468331669515727,-0.015753789221165937,0.09762578738411112,0.10274890862845742,0.8588,0.047619047619047616,0.05
ROUTE_1,20,300,4,20,12,PLANNING_SENSITIVITY_ONLY_NOT_AN_AUTHORIZED_IDENTITY_CHANGE,0.2,0.15,NULL,0.0,0.060991802727907635,0.04905,0.0461424630826958,0.05213073423630496,0.0004222789508422073,0.0004222789508422073,0.21349738116544806,0.18332036992435682,0.04905,0.047619047619047616,0.05
ROUTE_1,20,300,4,20,12,PLANNING_SENSITIVITY_ONLY_NOT_AN_AUTHORIZED_IDENTITY_CHANGE,0.2,0.15,MODEST_0_05,0.05,0.060991802727907635,0.0733,0.06976930164763141,0.07699458192264828,0.04961024895604115,-0.00038975104395885113,0.21289573416259233,0.18283963340495718,0.0733,0.047619047619047616,0.05
ROUTE_1,20,300,4,20,12,PLANNING_SENSITIVITY_ONLY_NOT_AN_AUTHORIZED_IDENTITY_CHANGE,0.2,0.15,MODEST_0_10,0.1,0.060991802727907635,0.10845,0.1042155106705662,0.11283487276496934,0.10007172625616623,7.17262561662213e-05,0.21271303716708423,0.18331164640041242,0.10845,0.047619047619047616,0.05
ROUTE_1,20,300,4,20,12,PLANNING_SENSITIVITY_ONLY_NOT_AN_AUTHORIZED_IDENTITY_CHANGE,0.2,0.15,TWENTY_FIVE_PERCENT_OF_OBSERVED,0.1812934780863693,0.060991802727907635,0.1845,0.1791849601729848,0.1899362145784172,0.17959167907425855,-0.0017017990121107607,0.21312846739890298,0.18345908660139018,0.1845,0.047619047619047616,0.05
ROUTE_1,20,300,4,20,12,PLANNING_SENSITIVITY_ONLY_NOT_AN_AUTHORIZED_IDENTITY_CHANGE,0.2,0.15,FIFTY_PERCENT_OF_OBSERVED,0.3625869561727386,0.060991802727907635,0.4546,0.44770848126711754,0.4615089556067768,0.3602462944037276,-0.002340661769011043,0.21302581065585263,0.18308031459646576,0.4546,0.047619047619047616,0.05
ROUTE_1,20,300,4,20,12,PLANNING_SENSITIVITY_ONLY_NOT_AN_AUTHORIZED_IDENTITY_CHANGE,0.2,0.35,NULL,0.0,0.060991802727907635,0.0476,0.04473503763636102,0.05063871658720246,-0.0018276747380028702,-0.0018276747380028702,0.2127207344693443,0.18332443443702753,0.0476,0.047619047619047616,0.05
ROUTE_1,20,300,4,20,12,PLANNING_SENSITIVITY_ONLY_NOT_AN_AUTHORIZED_IDENTITY_CHANGE,0.2,0.35,MODEST_0_05,0.05,0.060991802727907635,0.0723,0.06879226966426277,0.07597199797812912,0.04806894935949379,-0.0019310506405062142,0.21552842355295787,0.18287379791041913,0.0723,0.047619047619047616,0.05
ROUTE_1,20,300,4,20,12,PLANNING_SENSITIVITY_ONLY_NOT_AN_AUTHORIZED_IDENTITY_CHANGE,0.2,0.35,MODEST_0_10,0.1,0.060991802727907635,0.1087,0.10446110530283022,0.11308918211467726,0.09942434542101847,-0.0005756545789815382,0.21410045559328664,0.18289165898339946,0.1087,0.047619047619047616,0.05
ROUTE_1,20,300,4,20,12,PLANNING_SENSITIVITY_ONLY_NOT_AN_AUTHORIZED_IDENTITY_CHANGE,0.2,0.35,TWENTY_FIVE_PERCENT_OF_OBSERVED,0.1812934780863693,0.060991802727907635,0.1869,0.1815576247110205,0.1923626282673122,0.17976619864554233,-0.0015272794408269785,0.21014853963141994,0.1832521533830234,0.1869,0.047619047619047616,0.05
ROUTE_1,20,300,4,20,12,PLANNING_SENSITIVITY_ONLY_NOT_AN_AUTHORIZED_IDENTITY_CHANGE,0.2,0.35,FIFTY_PERCENT_OF_OBSERVED,0.3625869561727386,0.060991802727907635,0.45535,0.44845739768818577,0.4622597511316244,0.35588289890234465,-0.0067040572703939705,0.1990876789826492,0.18319989930199798,0.45535,0.047619047619047616,0.05
ROUTE_1,20,300,4,20,12,PLANNING_SENSITIVITY_ONLY_NOT_AN_AUTHORIZED_IDENTITY_CHANGE,0.2,0.55,NULL,0.0,0.060991802727907635,0.0444,0.04163171091493803,0.04734327233938451,-0.001240836136360381,-0.001240836136360381,0.21048870074779932,0.1807211737181174,0.0444,0.047619047619047616,0.05
ROUTE_1,20,300,4,20,12,PLANNING_SENSITIVITY_ONLY_NOT_AN_AUTHORIZED_IDENTITY_CHANGE,0.2,0.55,MODEST_0_05,0.05,0.060991802727907635,0.06885,0.06542306346970245,0.07244252922147656,0.048706028695813766,-0.0012939713041862366,0.2083237128182033,0.18106614399628285,0.06885,0.047619047619047616,0.05
ROUTE_1,20,300,4,20,12,PLANNING_SENSITIVITY_ONLY_NOT_AN_AUTHORIZED_IDENTITY_CHANGE,0.2,0.55,MODEST_0_10,0.1,0.060991802727907635,0.10215,0.09802896225705615,0.1064238408327863,0.0983334801093081,-0.0016665198906919004,0.20488290660313788,0.18070814027066287,0.10215,0.047619047619047616,0.05
ROUTE_1,20,300,4,20,12,PLANNING_SENSITIVITY_ONLY_NOT_AN_AUTHORIZED_IDENTITY_CHANGE,0.2,0.55,TWENTY_FIVE_PERCENT_OF_OBSERVED,0.1812934780863693,0.060991802727907635,0.16935,0.1642156265093775,0.17461136693452445,0.1727246256815737,-0.008568852404795602,0.1967123108444945,0.18096298768301278,0.16935,0.047619047619047616,0.05
ROUTE_1,20,300,4,20,12,PLANNING_SENSITIVITY_ONLY_NOT_AN_AUTHORIZED_IDENTITY_CHANGE,0.2,0.55,FIFTY_PERCENT_OF_OBSERVED,0.3625869561727386,0.060991802727907635,0.39435,0.3875978493088701,0.4011427279097848,0.3181514769677647,-0.04443547920497393,0.15501083258481177,0.18039159543574057,0.39435,0.047619047619047616,0.05
ROUTE_2,20,300,4,20,12,PLANNING_SENSITIVITY_ONLY_NOT_AN_AUTHORIZED_IDENTITY_CHANGE,0.1,0.15,NULL,0.0,0.060991802727907635,0.04805,0.045171745705301206,0.05110183568581177,0.00035773634900535683,0.00035773634900535683,0.10967847680373229,0.10267276502251324,0.04805,0.047619047619047616,0.05
ROUTE_2,20,300,4,20,12,PLANNING_SENSITIVITY_ONLY_NOT_AN_AUTHORIZED_IDENTITY_CHANGE,0.1,0.15,MODEST_0_05,0.05,0.060991802727907635,0.1048,0.1006306601836112,0.1091211251151339,0.048799785813911124,-0.0012002141860888785,0.11023779522361923,0.10274111911026962,0.1048,0.047619047619047616,0.05
ROUTE_2,20,300,4,20,12,PLANNING_SENSITIVITY_ONLY_NOT_AN_AUTHORIZED_IDENTITY_CHANGE,0.1,0.15,MODEST_0_10,0.1,0.060991802727907635,0.2017,0.1961963157108524,0.20731825300021955,0.09963148069050617,-0.00036851930949383105,0.10920758290846497,0.10269865874772689,0.2017,0.047619047619047616,0.05
ROUTE_2,20,300,4,20,12,PLANNING_SENSITIVITY_ONLY_NOT_AN_AUTHORIZED_IDENTITY_CHANGE,0.1,0.15,TWENTY_FIVE_PERCENT_OF_OBSERVED,0.1812934780863693,0.060991802727907635,0.43895,0.4320847031229901,0.44583874447946037,0.18092576110931155,-0.0003677169770577582,0.11040713772461155,0.10248054581492823,0.43895,0.047619047619047616,0.05
ROUTE_2,20,300,4,20,12,PLANNING_SENSITIVITY_ONLY_NOT_AN_AUTHORIZED_IDENTITY_CHANGE,0.1,0.15,FIFTY_PERCENT_OF_OBSERVED,0.3625869561727386,0.060991802727907635,0.912,0.9079942661253079,0.9158474961644619,0.3633852657309295,0.0007983095581908795,0.10939196608768877,0.10231726223457115,0.912,0.047619047619047616,0.05
ROUTE_2,20,300,4,20,12,PLANNING_SENSITIVITY_ONLY_NOT_AN_AUTHORIZED_IDENTITY_CHANGE,0.1,0.35,NULL,0.0,0.060991802727907635,0.05005,0.04711352390789289,0.05315928933899566,0.00029068236479065163,0.00029068236479065163,0.11028778554828499,0.10256072594686214,0.05005,0.047619047619047616,0.05
ROUTE_2,20,300,4,20,12,PLANNING_SENSITIVITY_ONLY_NOT_AN_AUTHORIZED_IDENTITY_CHANGE,0.1,0.35,MODEST_0_05,0.05,0.060991802727907635,0.10705,0.10284031435940724,0.11141060677708539,0.04981851823384699,-0.00018148176615301326,0.11061765542546947,0.10255703134490239,0.10705,0.047619047619047616,0.05
ROUTE_2,20,300,4,20,12,PLANNING_SENSITIVITY_ONLY_NOT_AN_AUTHORIZED_IDENTITY_CHANGE,0.1,0.35,MODEST_0_10,0.1,0.060991802727907635,0.2056,0.20005580473690096,0.2112572660929334,0.10064310998125495,0.0006431099812549412,0.1104152904361712,0.10257329703874415,0.2056,0.047619047619047616,0.05
ROUTE_2,20,300,4,20,12,PLANNING_SENSITIVITY_ONLY_NOT_AN_AUTHORIZED_IDENTITY_CHANGE,0.1,0.35,TWENTY_FIVE_PERCENT_OF_OBSERVED,0.1812934780863693,0.060991802727907635,0.43845,0.43158565490999995,0.44533798472850655,0.18025528258809131,-0.001038195498277994,0.11004982283788502,0.10256135869889037,0.43845,0.047619047619047616,0.05
ROUTE_2,20,300,4,20,12,PLANNING_SENSITIVITY_ONLY_NOT_AN_AUTHORIZED_IDENTITY_CHANGE,0.1,0.35,FIFTY_PERCENT_OF_OBSERVED,0.3625869561727386,0.060991802727907635,0.91185,0.9078412748157778,0.9157005450848088,0.36220797529094884,-0.00037898088178978107,0.10927681070385085,0.10282162026361477,0.91185,0.047619047619047616,0.05
ROUTE_2,20,300,4,20,12,PLANNING_SENSITIVITY_ONLY_NOT_AN_AUTHORIZED_IDENTITY_CHANGE,0.1,0.55,NULL,0.0,0.060991802727907635,0.0466,0.04376483653680459,0.049609301758871086,-0.000482567617720951,-0.000482567617720951,0.1092286746605249,0.1025987667606774,0.0466,0.047619047619047616,0.05
ROUTE_2,20,300,4,20,12,PLANNING_SENSITIVITY_ONLY_NOT_AN_AUTHORIZED_IDENTITY_CHANGE,0.1,0.55,MODEST_0_05,0.05,0.060991802727907635,0.1052,0.1010234435054517,0.10952818816444851,0.05123183983224234,0.001231839832242336,0.10981477354022107,0.102644550761706,0.1052,0.047619047619047616,0.05
ROUTE_2,20,300,4,20,12,PLANNING_SENSITIVITY_ONLY_NOT_AN_AUTHORIZED_IDENTITY_CHANGE,0.1,0.55,MODEST_0_10,0.1,0.060991802727907635,0.20545,0.19990734798586324,0.21110578045478795,0.10013308003825311,0.00013308003825310277,0.11006368409743711,0.10282301294799592,0.20545,0.047619047619047616,0.05
ROUTE_2,20,300,4,20,12,PLANNING_SENSITIVITY_ONLY_NOT_AN_AUTHORIZED_IDENTITY_CHANGE,0.1,0.55,TWENTY_FIVE_PERCENT_OF_OBSERVED,0.1812934780863693,0.060991802727907635,0.4397,0.43283328872668553,0.4465898708216806,0.17999288796049465,-0.0013005901258746622,0.10814892396436374,0.10260258882797445,0.4397,0.047619047619047616,0.05
ROUTE_2,20,300,4,20,12,PLANNING_SENSITIVITY_ONLY_NOT_AN_AUTHORIZED_IDENTITY_CHANGE,0.1,0.55,FIFTY_PERCENT_OF_OBSERVED,0.3625869561727386,0.060991802727907635,0.90995,0.9059036781095395,0.9138388715280603,0.3469421948391543,-0.015644761333584334,0.09136938033251599,0.10278521247017668,0.90995,0.047619047619047616,0.05
ROUTE_2,20,300,4,20,12,PLANNING_SENSITIVITY_ONLY_NOT_AN_AUTHORIZED_IDENTITY_CHANGE,0.2,0.15,NULL,0.0,0.060991802727907635,0.0479,0.04502616834527764,0.050947470656652165,0.0012208675219531327,0.0012208675219531327,0.20894791358553647,0.18320156615988223,0.0479,0.047619047619047616,0.05
ROUTE_2,20,300,4,20,12,PLANNING_SENSITIVITY_ONLY_NOT_AN_AUTHORIZED_IDENTITY_CHANGE,0.2,0.15,MODEST_0_05,0.05,0.060991802727907635,0.07605,0.07245713688083795,0.07980569049113316,0.05307558934813926,0.003075589348139257,0.20874281224239657,0.18329405199022966,0.07605,0.047619047619047616,0.05
ROUTE_2,20,300,4,20,12,PLANNING_SENSITIVITY_ONLY_NOT_AN_AUTHORIZED_IDENTITY_CHANGE,0.2,0.15,MODEST_0_10,0.1,0.060991802727907635,0.108,0.10377345848431536,0.11237709778367065,0.09875845257459256,-0.001241547425407441,0.20802090626344827,0.18334444299127645,0.108,0.047619047619047616,0.05
ROUTE_2,20,300,4,20,12,PLANNING_SENSITIVITY_ONLY_NOT_AN_AUTHORIZED_IDENTITY_CHANGE,0.2,0.15,TWENTY_FIVE_PERCENT_OF_OBSERVED,0.1812934780863693,0.060991802727907635,0.1992,0.19372271200708832,0.20479281688426418,0.18166978959458374,0.00037631150821443304,0.21019978932516337,0.18339113311423827,0.1992,0.047619047619047616,0.05
ROUTE_2,20,300,4,20,12,PLANNING_SENSITIVITY_ONLY_NOT_AN_AUTHORIZED_IDENTITY_CHANGE,0.2,0.15,FIFTY_PERCENT_OF_OBSERVED,0.3625869561727386,0.060991802727907635,0.47955,0.47263087004601756,0.486476984228677,0.36357035351829214,0.0009833973455535272,0.20695832969434738,0.18312165274705464,0.47955,0.047619047619047616,0.05
ROUTE_2,20,300,4,20,12,PLANNING_SENSITIVITY_ONLY_NOT_AN_AUTHORIZED_IDENTITY_CHANGE,0.2,0.35,NULL,0.0,0.060991802727907635,0.04795,0.04507469324573276,0.05099892655259144,0.0008020479789059254,0.0008020479789059254,0.20971806994505066,0.18347117976154653,0.04795,0.047619047619047616,0.05
ROUTE_2,20,300,4,20,12,PLANNING_SENSITIVITY_ONLY_NOT_AN_AUTHORIZED_IDENTITY_CHANGE,0.2,0.35,MODEST_0_05,0.05,0.060991802727907635,0.0723,0.06879226966426277,0.07597199797812912,0.04845976471688317,-0.0015402352831168295,0.20681421700033198,0.18310499784815173,0.0723,0.047619047619047616,0.05
ROUTE_2,20,300,4,20,12,PLANNING_SENSITIVITY_ONLY_NOT_AN_AUTHORIZED_IDENTITY_CHANGE,0.2,0.35,MODEST_0_10,0.1,0.060991802727907635,0.1133,0.10898130529794788,0.11776721538784345,0.09903129620026828,-0.0009687037997317266,0.2091370127137331,0.1831073774342008,0.1133,0.047619047619047616,0.05
ROUTE_2,20,300,4,20,12,PLANNING_SENSITIVITY_ONLY_NOT_AN_AUTHORIZED_IDENTITY_CHANGE,0.2,0.35,TWENTY_FIVE_PERCENT_OF_OBSERVED,0.1812934780863693,0.060991802727907635,0.19265,0.18724349400625756,0.19817455055742988,0.1799859096026345,-0.0013075684837348112,0.2058652271462823,0.18311640749589497,0.19265,0.047619047619047616,0.05
ROUTE_2,20,300,4,20,12,PLANNING_SENSITIVITY_ONLY_NOT_AN_AUTHORIZED_IDENTITY_CHANGE,0.2,0.35,FIFTY_PERCENT_OF_OBSERVED,0.3625869561727386,0.060991802727907635,0.4591,0.45220221629686996,0.4660134922525194,0.3499250315839249,-0.012661924588813711,0.1946674581844395,0.18364022981660483,0.4591,0.047619047619047616,0.05
ROUTE_2,20,300,4,20,12,PLANNING_SENSITIVITY_ONLY_NOT_AN_AUTHORIZED_IDENTITY_CHANGE,0.2,0.55,NULL,0.0,0.060991802727907635,0.04585,0.04303742752895447,0.048836998820805375,-0.00044412599973220123,-0.00044412599973220123,0.20437156760018416,0.1805212213240079,0.04585,0.047619047619047616,0.05
ROUTE_2,20,300,4,20,12,PLANNING_SENSITIVITY_ONLY_NOT_AN_AUTHORIZED_IDENTITY_CHANGE,0.2,0.55,MODEST_0_05,0.05,0.060991802727907635,0.06855,0.06513020648445988,0.07213550142835279,0.04857901391014889,-0.0014209860898511117,0.20462244037852365,0.18062204721437378,0.06855,0.047619047619047616,0.05
ROUTE_2,20,300,4,20,12,PLANNING_SENSITIVITY_ONLY_NOT_AN_AUTHORIZED_IDENTITY_CHANGE,0.2,0.55,MODEST_0_10,0.1,0.060991802727907635,0.10505,0.10087614750691133,0.10937554177380572,0.09634220918139898,-0.0036577908186010283,0.2015405880209255,0.18057176038382408,0.10505,0.047619047619047616,0.05
ROUTE_2,20,300,4,20,12,PLANNING_SENSITIVITY_ONLY_NOT_AN_AUTHORIZED_IDENTITY_CHANGE,0.2,0.55,TWENTY_FIVE_PERCENT_OF_OBSERVED,0.1812934780863693,0.060991802727907635,0.176,0.17078455843031948,0.18133988093403625,0.17323847453191282,-0.008055003554456486,0.1910616083904384,0.1805644491359187,0.176,0.047619047619047616,0.05
ROUTE_2,20,300,4,20,12,PLANNING_SENSITIVITY_ONLY_NOT_AN_AUTHORIZED_IDENTITY_CHANGE,0.2,0.55,FIFTY_PERCENT_OF_OBSERVED,0.3625869561727386,0.060991802727907635,0.4061,0.3993124376523721,0.4129236267189643,0.3164959370708146,-0.046091019101924036,0.1543771516533462,0.18051215135011217,0.4061,0.047619047619047616,0.05
ROUTE_1,39,100,2,31,16,REQUIRED_FULL_47_IDENTITY_DESIGN,0.1,0.15,NULL,0.0,0.10392304845413262,0.05055,0.04759918006122787,0.053673441149604574,-0.00039900529679169237,-0.00039900529679169237,0.14671693409539718,0.09051860303518608,0.02615,0.025,0.02564102564102564
ROUTE_1,39,100,2,31,16,REQUIRED_FULL_47_IDENTITY_DESIGN,0.1,0.15,MODEST_0_05,0.05,0.10392304845413262,0.092,0.08807234736383104,0.09608435405795032,0.04967157738150299,-0.0003284226184970124,0.14540490742146475,0.09061441813207416,0.0499,0.025,0.02564102564102564
ROUTE_1,39,100,2,31,16,REQUIRED_FULL_47_IDENTITY_DESIGN,0.1,0.15,MODEST_0_10,0.1,0.10392304845413262,0.16335,0.158291258611868,0.16853803926470723,0.09981677767027589,-0.00018322232972411978,0.1460063195731531,0.0904572937132012,0.093,0.025,0.02564102564102564
ROUTE_1,39,100,2,31,16,REQUIRED_FULL_47_IDENTITY_DESIGN,0.1,0.15,TWENTY_FIVE_PERCENT_OF_OBSERVED,0.1812934780863693,0.10392304845413262,0.3291,0.32262118855888455,0.3356444493650921,0.18224736994529817,0.000953891858928857,0.1463641376287913,0.09046445936671658,0.2115,0.025,0.02564102564102564
ROUTE_1,39,100,2,31,16,REQUIRED_FULL_47_IDENTITY_DESIGN,0.1,0.15,FIFTY_PERCENT_OF_OBSERVED,0.3625869561727386,0.10392304845413262,0.76915,0.763258770462472,0.7749378565285268,0.36261542285465453,2.846668191591739e-05,0.14503807130855098,0.0904710862386921,0.63255,0.025,0.02564102564102564
ROUTE_1,39,100,2,31,16,REQUIRED_FULL_47_IDENTITY_DESIGN,0.1,0.35,NULL,0.0,0.10392304845413262,0.0486,0.04570559716257019,0.05166777298888107,-3.85543160429608e-05,-3.85543160429608e-05,0.14470681937896682,0.09046298421282006,0.02445,0.025,0.02564102564102564
ROUTE_1,39,100,2,31,16,REQUIRED_FULL_47_IDENTITY_DESIGN,0.1,0.35,MODEST_0_05,0.05,0.10392304845413262,0.09355,0.08959191107295109,0.09766419503705634,0.04961033847866686,-0.0003896615213331428,0.14493299946499352,0.09055254432627413,0.05045,0.025,0.02564102564102564
ROUTE_1,39,100,2,31,16,REQUIRED_FULL_47_IDENTITY_DESIGN,0.1,0.35,MODEST_0_10,0.1,0.10392304845413262,0.1615,0.15646507124629197,0.16666493716369082,0.10088018732585893,0.0008801873258589277,0.14544702510065177,0.09057857704603377,0.09295,0.025,0.02564102564102564
ROUTE_1,39,100,2,31,16,REQUIRED_FULL_47_IDENTITY_DESIGN,0.1,0.35,TWENTY_FIVE_PERCENT_OF_OBSERVED,0.1812934780863693,0.10392304845413262,0.32975,0.3232677953792152,0.33629759289788846,0.18270855327552427,0.0014150751891549573,0.1476265002677931,0.09052731265788735,0.2165,0.025,0.02564102564102564
ROUTE_1,39,100,2,31,16,REQUIRED_FULL_47_IDENTITY_DESIGN,0.1,0.35,FIFTY_PERCENT_OF_OBSERVED,0.3625869561727386,0.10392304845413262,0.76485,0.758921968898433,0.7706763096026483,0.36167978847758514,-0.0009071676951534768,0.14314598655044136,0.09046936977236994,0.6307,0.025,0.02564102564102564
ROUTE_1,39,100,2,31,16,REQUIRED_FULL_47_IDENTITY_DESIGN,0.1,0.55,NULL,0.0,0.10392304845413262,0.04975,0.04682217018525079,0.052850758283271425,-3.844965160428528e-05,-3.844965160428528e-05,0.1450198591187547,0.09045039046552521,0.02615,0.025,0.02564102564102564
ROUTE_1,39,100,2,31,16,REQUIRED_FULL_47_IDENTITY_DESIGN,0.1,0.55,MODEST_0_05,0.05,0.10392304845413262,0.09255,0.08861150835981843,0.09664498182230122,0.04998691062179773,-1.3089378202275903e-05,0.14460408544749725,0.09054110788687197,0.0488,0.025,0.02564102564102564
ROUTE_1,39,100,2,31,16,REQUIRED_FULL_47_IDENTITY_DESIGN,0.1,0.55,MODEST_0_10,0.1,0.10392304845413262,0.1639,0.15883422456298013,0.16909486207393337,0.10024129469408849,0.00024129469408848414,0.14561090669828708,0.09035234239119562,0.09395,0.025,0.02564102564102564
ROUTE_1,39,100,2,31,16,REQUIRED_FULL_47_IDENTITY_DESIGN,0.1,0.55,TWENTY_FIVE_PERCENT_OF_OBSERVED,0.1812934780863693,0.10392304845413262,0.3245,0.3180456062021696,0.3310217984535232,0.18045734044166012,-0.0008361376447091895,0.14180799608297404,0.09050858544223483,0.21065,0.025,0.02564102564102564
ROUTE_1,39,100,2,31,16,REQUIRED_FULL_47_IDENTITY_DESIGN,0.1,0.55,FIFTY_PERCENT_OF_OBSERVED,0.3625869561727386,0.10392304845413262,0.7649,0.7589723919678932,0.7707258673295825,0.338086955726885,-0.024500000445853598,0.11359901702821255,0.09051214045958779,0.62015,0.025,0.02564102564102564
ROUTE_1,39,100,2,31,16,REQUIRED_FULL_47_IDENTITY_DESIGN,0.2,0.15,NULL,0.0,0.10392304845413262,0.04995,0.04701640265065933,0.05305644900344045,-0.00039978534080267086,-0.00039978534080267086,0.22838878059725087,0.14146610181525757,0.0239,0.025,0.02564102564102564
ROUTE_1,39,100,2,31,16,REQUIRED_FULL_47_IDENTITY_DESIGN,0.2,0.15,MODEST_0_05,0.05,0.10392304845413262,0.0777,0.07407051723653178,0.0814916764164542,0.04872942465818041,-0.0012705753418195895,0.22981549104023055,0.1414523290054907,0.04035,0.025,0.02564102564102564
ROUTE_1,39,100,2,31,16,REQUIRED_FULL_47_IDENTITY_DESIGN,0.2,0.15,MODEST_0_10,0.1,0.10392304845413262,0.1094,0.10514880837763653,0.11380121018939239,0.09975495237174928,-0.00024504762825072746,0.2289118289850333,0.14153396765177387,0.0607,0.025,0.02564102564102564
ROUTE_1,39,100,2,31,16,REQUIRED_FULL_47_IDENTITY_DESIGN,0.2,0.15,TWENTY_FIVE_PERCENT_OF_OBSERVED,0.1812934780863693,0.10392304845413262,0.18915,0.1837823036252389,0.19463708519084133,0.18128358342118267,-9.894665186638285e-06,0.22715527772101402,0.1414360764918078,0.11055,0.025,0.02564102564102564
ROUTE_1,39,100,2,31,16,REQUIRED_FULL_47_IDENTITY_DESIGN,0.2,0.15,FIFTY_PERCENT_OF_OBSERVED,0.3625869561727386,0.10392304845413262,0.4577,0.4508041045985113,0.4646121416518352,0.36563425584300896,0.0030472996702703425,0.2232961090894962,0.14148662771330248,0.324,0.025,0.02564102564102564
ROUTE_1,39,100,2,31,16,REQUIRED_FULL_47_IDENTITY_DESIGN,0.2,0.35,NULL,0.0,0.10392304845413262,0.04925,0.04633664808955941,0.05233647241501892,9.437920129206225e-05,9.437920129206225e-05,0.2278957688515252,0.14134017254884182,0.0229,0.025,0.02564102564102564
ROUTE_1,39,100,2,31,16,REQUIRED_FULL_47_IDENTITY_DESIGN,0.2,0.35,MODEST_0_05,0.05,0.10392304845413262,0.07695,0.07333710076219695,0.08072538094487318,0.053655872104972864,0.0036558721049728612,0.22634854438115368,0.14112335549155858,0.0415,0.025,0.02564102564102564
ROUTE_1,39,100,2,31,16,REQUIRED_FULL_47_IDENTITY_DESIGN,0.2,0.35,MODEST_0_10,0.1,0.10392304845413262,0.1136,0.1092761822232197,0.11807222324093795,0.09927840467957084,-0.0007215953204291609,0.22784136223847537,0.14099793929968493,0.06385,0.025,0.02564102564102564
ROUTE_1,39,100,2,31,16,REQUIRED_FULL_47_IDENTITY_DESIGN,0.2,0.35,TWENTY_FIVE_PERCENT_OF_OBSERVED,0.1812934780863693,0.10392304845413262,0.1914,0.1860072744358853,0.1969112502179424,0.18044153783361358,-0.0008519402527557285,0.2259571538463153,0.14118788175916444,0.1109,0.025,0.02564102564102564
ROUTE_1,39,100,2,31,16,REQUIRED_FULL_47_IDENTITY_DESIGN,0.2,0.35,FIFTY_PERCENT_OF_OBSERVED,0.3625869561727386,0.10392304845413262,0.45245,0.44556167501492394,0.45935658761401166,0.35383050528510823,-0.008756450887630385,0.20872875796748963,0.14131929043579897,0.3117,0.025,0.02564102564102564
ROUTE_1,39,100,2,31,16,REQUIRED_FULL_47_IDENTITY_DESIGN,0.2,0.55,NULL,0.0,0.10392304845413262,0.0458,0.042988941101338385,0.04878550445202706,0.002919650960266549,0.002919650960266549,0.22410082167864256,0.13869582647144316,0.0192,0.025,0.02564102564102564
ROUTE_1,39,100,2,31,16,REQUIRED_FULL_47_IDENTITY_DESIGN,0.2,0.55,MODEST_0_05,0.05,0.10392304845413262,0.07035,0.06688763393561502,0.07397738264739569,0.04713847183542318,-0.0028615281645768195,0.2224446240814182,0.13844044982028197,0.03035,0.025,0.02564102564102564
ROUTE_1,39,100,2,31,16,REQUIRED_FULL_47_IDENTITY_DESIGN,0.2,0.55,MODEST_0_10,0.1,0.10392304845413262,0.10355,0.0994033369970972,0.10784892839178815,0.09704851271627422,-0.0029514872837257816,0.21830236463843442,0.13848214852338053,0.0458,0.025,0.02564102564102564
ROUTE_1,39,100,2,31,16,REQUIRED_FULL_47_IDENTITY_DESIGN,0.2,0.55,TWENTY_FIVE_PERCENT_OF_OBSERVED,0.1812934780863693,0.10392304845413262,0.1765,0.17127857674722663,0.18184567058107298,0.17131014473824707,-0.009983333348122236,0.20754137714110737,0.13840953038426976,0.0799,0.025,0.02564102564102564
ROUTE_1,39,100,2,31,16,REQUIRED_FULL_47_IDENTITY_DESIGN,0.2,0.55,FIFTY_PERCENT_OF_OBSERVED,0.3625869561727386,0.10392304845413262,0.38885,0.3821158289680998,0.39562686064717223,0.3122275951851973,-0.05035936098754129,0.1634891542700712,0.13874638799810057,0.18395,0.025,0.02564102564102564
ROUTE_2,39,100,2,31,16,REQUIRED_FULL_47_IDENTITY_DESIGN,0.1,0.15,NULL,0.0,0.10392304845413262,0.0501,0.04716208578848323,0.053210708254799705,-0.0013659428066260407,-0.0013659428066260407,0.12208755682694458,0.0905563898958885,0.0256,0.025,0.02564102564102564
ROUTE_2,39,100,2,31,16,REQUIRED_FULL_47_IDENTITY_DESIGN,0.1,0.15,MODEST_0_05,0.05,0.10392304845413262,0.1099,0.10564005903988066,0.11430976749109215,0.050785247059199595,0.0007852470591995925,0.12220342371442781,0.09061828443458896,0.06105,0.025,0.02564102564102564
ROUTE_2,39,100,2,31,16,REQUIRED_FULL_47_IDENTITY_DESIGN,0.1,0.15,MODEST_0_10,0.1,0.10392304845413262,0.19135,0.1859578274972579,0.19686071636017546,0.09819797246950655,-0.0018020275304934524,0.12029946149400848,0.0906443120454402,0.11215,0.025,0.02564102564102564
ROUTE_2,39,100,2,31,16,REQUIRED_FULL_47_IDENTITY_DESIGN,0.1,0.15,TWENTY_FIVE_PERCENT_OF_OBSERVED,0.1812934780863693,0.10392304845413262,0.4148,0.40798882280045173,0.42164390014350855,0.18177017955659067,0.0004767014702213579,0.12058553641485045,0.09045283997081854,0.28665,0.025,0.02564102564102564
ROUTE_2,39,100,2,31,16,REQUIRED_FULL_47_IDENTITY_DESIGN,0.1,0.15,FIFTY_PERCENT_OF_OBSERVED,0.3625869561727386,0.10392304845413262,0.8898,0.8853851117181503,0.8940651769725106,0.36317002004069965,0.0005830638679610312,0.12064748777326276,0.09052354063066703,0.79155,0.025,0.02564102564102564
ROUTE_2,39,100,2,31,16,REQUIRED_FULL_47_IDENTITY_DESIGN,0.1,0.35,NULL,0.0,0.10392304845413262,0.05065,0.047696321199886975,0.053776261603734256,-0.0005214972828675484,-0.0005214972828675484,0.12180182234628639,0.09068502488380129,0.0263,0.025,0.02564102564102564
ROUTE_2,39,100,2,31,16,REQUIRED_FULL_47_IDENTITY_DESIGN,0.1,0.35,MODEST_0_05,0.05,0.10392304845413262,0.10475,0.10058156362179721,0.10907024088055348,0.04939482460689268,-0.0006051753931073239,0.12105431901772581,0.09047052195264497,0.055,0.025,0.02564102564102564
ROUTE_2,39,100,2,31,16,REQUIRED_FULL_47_IDENTITY_DESIGN,0.1,0.35,MODEST_0_10,0.1,0.10392304845413262,0.19515,0.1897161971485042,0.20070088723490273,0.099262757402429,-0.0007372425975710056,0.1213092802724196,0.09057521214671224,0.1169,0.025,0.02564102564102564
ROUTE_2,39,100,2,31,16,REQUIRED_FULL_47_IDENTITY_DESIGN,0.1,0.35,TWENTY_FIVE_PERCENT_OF_OBSERVED,0.1812934780863693,0.10392304845413262,0.41535,0.40853740379675585,0.42219510790754267,0.18091389269836333,-0.0003795853880059763,0.12160846274280285,0.09044739365806867,0.28525,0.025,0.02564102564102564
ROUTE_2,39,100,2,31,16,REQUIRED_FULL_47_IDENTITY_DESIGN,0.1,0.35,FIFTY_PERCENT_OF_OBSERVED,0.3625869561727386,0.10392304845413262,0.88575,0.881266959820719,0.8900848843619964,0.3613686607828133,-0.0012182953899252946,0.11955566943761191,0.09046161423488731,0.78505,0.025,0.02564102564102564
ROUTE_2,39,100,2,31,16,REQUIRED_FULL_47_IDENTITY_DESIGN,0.1,0.55,NULL,0.0,0.10392304845413262,0.04875,0.04585121135293896,0.051822101187695466,-1.7875990652961614e-05,-1.7875990652961614e-05,0.12021900570436288,0.0907612291934498,0.0253,0.025,0.02564102564102564
ROUTE_2,39,100,2,31,16,REQUIRED_FULL_47_IDENTITY_DESIGN,0.1,0.55,MODEST_0_05,0.05,0.10392304845413262,0.10475,0.10058156362179721,0.10907024088055348,0.049985506819362535,-1.4493180637467629e-05,0.12019117334483562,0.09029502340209714,0.0568,0.025,0.02564102564102564
ROUTE_2,39,100,2,31,16,REQUIRED_FULL_47_IDENTITY_DESIGN,0.1,0.55,MODEST_0_10,0.1,0.10392304845413262,0.1992,0.19372271200708832,0.20479281688426418,0.10007840566335764,7.840566335763632e-05,0.120888011747458,0.09029208801992425,0.12075,0.025,0.02564102564102564
ROUTE_2,39,100,2,31,16,REQUIRED_FULL_47_IDENTITY_DESIGN,0.1,0.55,TWENTY_FIVE_PERCENT_OF_OBSERVED,0.1812934780863693,0.10392304845413262,0.42025,0.4134251476806985,0.42710548207025023,0.1810264998733791,-0.00026697821299020985,0.11779645586854016,0.09041710668277023,0.29045,0.025,0.02564102564102564
ROUTE_2,39,100,2,31,16,REQUIRED_FULL_47_IDENTITY_DESIGN,0.1,0.55,FIFTY_PERCENT_OF_OBSERVED,0.3625869561727386,0.10392304845413262,0.8873,0.882842829709665,0.8916084191612762,0.3388435259945452,-0.023743430178193414,0.09860544206247616,0.09041272554635374,0.7761,0.025,0.02564102564102564
ROUTE_2,39,100,2,31,16,REQUIRED_FULL_47_IDENTITY_DESIGN,0.2,0.15,NULL,0.0,0.10392304845413262,0.0506,0.047647750219849766,0.05372485178737707,-0.0005790088271034156,-0.0005790088271034156,0.21324551107958736,0.14143431287942054,0.02415,0.025,0.02564102564102564
ROUTE_2,39,100,2,31,16,REQUIRED_FULL_47_IDENTITY_DESIGN,0.2,0.15,MODEST_0_05,0.05,0.10392304845413262,0.07615,0.07255490325687995,0.07990788570787992,0.04924354969993131,-0.0007564503000686909,0.21342570765704372,0.14132415747879096,0.04005,0.025,0.02564102564102564
ROUTE_2,39,100,2,31,16,REQUIRED_FULL_47_IDENTITY_DESIGN,0.2,0.15,MODEST_0_10,0.1,0.10392304845413262,0.11635,0.11197967091373243,0.12086767835211665,0.100650403719969,0.0006504037199689949,0.2138479029310747,0.14144870659211575,0.06455,0.025,0.02564102564102564
ROUTE_2,39,100,2,31,16,REQUIRED_FULL_47_IDENTITY_DESIGN,0.2,0.15,TWENTY_FIVE_PERCENT_OF_OBSERVED,0.1812934780863693,0.10392304845413262,0.2026,0.1970868952986833,0.20822732774748767,0.1789377271544229,-0.0023557509319463987,0.21218318763294863,0.14157773646082383,0.1164,0.025,0.02564102564102564
ROUTE_2,39,100,2,31,16,REQUIRED_FULL_47_IDENTITY_DESIGN,0.2,0.15,FIFTY_PERCENT_OF_OBSERVED,0.3625869561727386,0.10392304845413262,0.49985,0.49292117538610625,0.5067788822247106,0.3646354025198715,0.0020484463471328596,0.21137208146155237,0.1415803873961226,0.35345,0.025,0.02564102564102564
ROUTE_2,39,100,2,31,16,REQUIRED_FULL_47_IDENTITY_DESIGN,0.2,0.35,NULL,0.0,0.10392304845413262,0.0511,0.04813349679507237,0.05423891317609837,0.0004058953439156606,0.0004058953439156606,0.21381917446886664,0.14109249803908194,0.02555,0.025,0.02564102564102564
ROUTE_2,39,100,2,31,16,REQUIRED_FULL_47_IDENTITY_DESIGN,0.2,0.35,MODEST_0_05,0.05,0.10392304845413262,0.0794,0.07573330158268084,0.08322823914771436,0.050749572811170575,0.0007495728111705721,0.2129844311642033,0.14092594394183833,0.0411,0.025,0.02564102564102564
ROUTE_2,39,100,2,31,16,REQUIRED_FULL_47_IDENTITY_DESIGN,0.2,0.35,MODEST_0_10,0.1,0.10392304845413262,0.11805,0.1136513173324377,0.12259537901082061,0.10029975989651223,0.00029975989651222223,0.21405060162781198,0.14117987727377299,0.06505,0.025,0.02564102564102564
ROUTE_2,39,100,2,31,16,REQUIRED_FULL_47_IDENTITY_DESIGN,0.2,0.35,TWENTY_FIVE_PERCENT_OF_OBSERVED,0.1812934780863693,0.10392304845413262,0.20245,0.196938462361514,0.2080758182954738,0.1786287364155429,-0.0026647416708264204,0.20949679165524257,0.1410417124618288,0.11885,0.025,0.02564102564102564
ROUTE_2,39,100,2,31,16,REQUIRED_FULL_47_IDENTITY_DESIGN,0.2,0.35,FIFTY_PERCENT_OF_OBSERVED,0.3625869561727386,0.10392304845413262,0.49215,0.48522350758719784,0.4990795073788829,0.3525554757713811,-0.01003148040135754,0.1949125833981362,0.14117638051762743,0.3447,0.025,0.02564102564102564
ROUTE_2,39,100,2,31,16,REQUIRED_FULL_47_IDENTITY_DESIGN,0.2,0.55,NULL,0.0,0.10392304845413262,0.047,0.04415287327396069,0.0500211113928701,-0.00020180648356961514,-0.00020180648356961514,0.2098375581704314,0.138416381677274,0.01955,0.025,0.02564102564102564
ROUTE_2,39,100,2,31,16,REQUIRED_FULL_47_IDENTITY_DESIGN,0.2,0.55,MODEST_0_05,0.05,0.10392304845413262,0.0711,0.06762009464104637,0.07474463388788016,0.048674886859232554,-0.001325113140767449,0.2067012536271948,0.13853259608161772,0.03175,0.025,0.02564102564102564
ROUTE_2,39,100,2,31,16,REQUIRED_FULL_47_IDENTITY_DESIGN,0.2,0.55,MODEST_0_10,0.1,0.10392304845413262,0.10305,0.09891246110764194,0.10733999631729953,0.09784231026947741,-0.002157689730522591,0.20174989931041995,0.1386249478929414,0.047,0.025,0.02564102564102564
ROUTE_2,39,100,2,31,16,REQUIRED_FULL_47_IDENTITY_DESIGN,0.2,0.55,TWENTY_FIVE_PERCENT_OF_OBSERVED,0.1812934780863693,0.10392304845413262,0.1738,0.1686110647808641,0.17911421954213855,0.16980444638637754,-0.01148903169999177,0.19279969274400963,0.13869793222719765,0.0849,0.025,0.02564102564102564
ROUTE_2,39,100,2,31,16,REQUIRED_FULL_47_IDENTITY_DESIGN,0.2,0.55,FIFTY_PERCENT_OF_OBSERVED,0.3625869561727386,0.10392304845413262,0.41445,0.4076397303640113,0.42129312700518823,0.3123215430350775,-0.05026541313766114,0.15615492953371302,0.13854908133212002,0.23255,0.025,0.02564102564102564
ROUTE_1,39,100,2,20,12,PLANNING_SENSITIVITY_ONLY_NOT_AN_AUTHORIZED_IDENTITY_CHANGE,0.1,0.15,NULL,0.0,0.1493987951758648,0.05065,0.047696321199886975,0.053776261603734256,0.002913789285752241,0.002913789285752241,0.18004891221056538,0.1129700589199069,0.0231,0.025,0.02564102564102564
ROUTE_1,39,100,2,20,12,PLANNING_SENSITIVITY_ONLY_NOT_AN_AUTHORIZED_IDENTITY_CHANGE,0.1,0.15,MODEST_0_05,0.05,0.1493987951758648,0.08865,0.08478931648748932,0.09266867157586796,0.05176032090544944,0.0017603209054494404,0.1835225420805963,0.11288075062957777,0.04845,0.025,0.02564102564102564
ROUTE_1,39,100,2,20,12,PLANNING_SENSITIVITY_ONLY_NOT_AN_AUTHORIZED_IDENTITY_CHANGE,0.1,0.15,MODEST_0_10,0.1,0.1493987951758648,0.12725,0.12270290671645323,0.13194025616337274,0.0985723966922521,-0.00142760330774791,0.18139244124446666,0.11278746663630548,0.07165,0.025,0.02564102564102564
ROUTE_1,39,100,2,20,12,PLANNING_SENSITIVITY_ONLY_NOT_AN_AUTHORIZED_IDENTITY_CHANGE,0.1,0.15,TWENTY_FIVE_PERCENT_OF_OBSERVED,0.1812934780863693,0.1493987951758648,0.24775,0.2418157916558433,0.25378109053446146,0.18105827719781256,-0.00023520088855674692,0.18200288076288262,0.11273522309938884,0.15375,0.025,0.02564102564102564
ROUTE_1,39,100,2,20,12,PLANNING_SENSITIVITY_ONLY_NOT_AN_AUTHORIZED_IDENTITY_CHANGE,0.1,0.15,FIFTY_PERCENT_OF_OBSERVED,0.3625869561727386,0.1493987951758648,0.6004,0.5935929635745226,0.6071684755854118,0.3612489417434439,-0.0013380144292947094,0.18292931616860902,0.11294751519077989,0.45515,0.025,0.02564102564102564
ROUTE_1,39,100,2,20,12,PLANNING_SENSITIVITY_ONLY_NOT_AN_AUTHORIZED_IDENTITY_CHANGE,0.1,0.35,NULL,0.0,0.1493987951758648,0.0506,0.047647750219849766,0.05372485178737707,-8.861364099507157e-05,-8.861364099507157e-05,0.18246446474881262,0.11282968625699294,0.02635,0.025,0.02564102564102564
ROUTE_1,39,100,2,20,12,PLANNING_SENSITIVITY_ONLY_NOT_AN_AUTHORIZED_IDENTITY_CHANGE,0.1,0.35,MODEST_0_05,0.05,0.1493987951758648,0.08335,0.07959876007454497,0.087261263571007,0.05096261242020296,0.0009626124202029573,0.1807123499109718,0.11277114825623759,0.04295,0.025,0.02564102564102564
ROUTE_1,39,100,2,20,12,PLANNING_SENSITIVITY_ONLY_NOT_AN_AUTHORIZED_IDENTITY_CHANGE,0.1,0.35,MODEST_0_10,0.1,0.1493987951758648,0.13305,0.12841346406209994,0.13782747119947522,0.10021967382358166,0.00021967382358165088,0.1834631971218638,0.11290390270137735,0.0762,0.025,0.02564102564102564
ROUTE_1,39,100,2,20,12,PLANNING_SENSITIVITY_ONLY_NOT_AN_AUTHORIZED_IDENTITY_CHANGE,0.1,0.35,TWENTY_FIVE_PERCENT_OF_OBSERVED,0.1812934780863693,0.1493987951758648,0.2454,0.23948538631612945,0.25141239844363905,0.18104484926612846,-0.0002486288202408482,0.18206647238202794,0.11275796876130449,0.1499,0.025,0.02564102564102564
ROUTE_1,39,100,2,20,12,PLANNING_SENSITIVITY_ONLY_NOT_AN_AUTHORIZED_IDENTITY_CHANGE,0.1,0.35,FIFTY_PERCENT_OF_OBSERVED,0.3625869561727386,0.1493987951758648,0.60715,0.6003615102209611,0.6138973364522157,0.35759047960039453,-0.0049964765723440885,0.17159606913633596,0.11276759764997095,0.4564,0.025,0.02564102564102564
ROUTE_1,39,100,2,20,12,PLANNING_SENSITIVITY_ONLY_NOT_AN_AUTHORIZED_IDENTITY_CHANGE,0.1,0.55,NULL,0.0,0.1493987951758648,0.0502,0.047259212047703,0.05331354358836872,-0.0016105033155659869,-0.0016105033155659869,0.18248469744820933,0.11226898375291383,0.0252,0.025,0.02564102564102564
ROUTE_1,39,100,2,20,12,PLANNING_SENSITIVITY_ONLY_NOT_AN_AUTHORIZED_IDENTITY_CHANGE,0.1,0.55,MODEST_0_05,0.05,0.1493987951758648,0.0837,0.07994139488939479,0.08761849433091791,0.04883832206691678,-0.0011616779330832216,0.1820284206814748,0.11233958847306401,0.042,0.025,0.02564102564102564
ROUTE_1,39,100,2,20,12,PLANNING_SENSITIVITY_ONLY_NOT_AN_AUTHORIZED_IDENTITY_CHANGE,0.1,0.55,MODEST_0_10,0.1,0.1493987951758648,0.1325,0.12787181543524012,0.13726933106599676,0.0972190241264381,-0.0027809758735619083,0.17858010677916727,0.11223046999427067,0.0711,0.025,0.02564102564102564
ROUTE_1,39,100,2,20,12,PLANNING_SENSITIVITY_ONLY_NOT_AN_AUTHORIZED_IDENTITY_CHANGE,0.1,0.55,TWENTY_FIVE_PERCENT_OF_OBSERVED,0.1812934780863693,0.1493987951758648,0.24425,0.2383450625182792,0.25025316392441826,0.1774151951416754,-0.003878282944693917,0.17166611992905803,0.11227759692396026,0.1432,0.025,0.02564102564102564
ROUTE_1,39,100,2,20,12,PLANNING_SENSITIVITY_ONLY_NOT_AN_AUTHORIZED_IDENTITY_CHANGE,0.1,0.55,FIFTY_PERCENT_OF_OBSERVED,0.3625869561727386,0.1493987951758648,0.5967,0.589883367828416,0.6034794923983334,0.3271242637659393,-0.035462692406799334,0.13535004622473215,0.11216390581412278,0.40465,0.025,0.02564102564102564
ROUTE_1,39,100,2,20,12,PLANNING_SENSITIVITY_ONLY_NOT_AN_AUTHORIZED_IDENTITY_CHANGE,0.2,0.15,NULL,0.0,0.1493987951758648,0.0513,0.04832781816968915,0.054444514987059135,0.002899834922824749,0.002899834922824749,0.2533665419070958,0.15661308903862203,0.0264,0.025,0.02564102564102564
ROUTE_1,39,100,2,20,12,PLANNING_SENSITIVITY_ONLY_NOT_AN_AUTHORIZED_IDENTITY_CHANGE,0.2,0.15,MODEST_0_05,0.05,0.1493987951758648,0.0751,0.0715284494678986,0.0788347427725791,0.05222063700793219,0.002220637007932187,0.2543910671379538,0.15683847844488547,0.04015,0.025,0.02564102564102564
ROUTE_1,39,100,2,20,12,PLANNING_SENSITIVITY_ONLY_NOT_AN_AUTHORIZED_IDENTITY_CHANGE,0.2,0.15,MODEST_0_10,0.1,0.1493987951758648,0.10405,0.099894243489603,0.10835782986322624,0.10278428029535644,0.002784280295356434,0.25274312980975744,0.15675149396696528,0.0577,0.025,0.02564102564102564
ROUTE_1,39,100,2,20,12,PLANNING_SENSITIVITY_ONLY_NOT_AN_AUTHORIZED_IDENTITY_CHANGE,0.2,0.15,TWENTY_FIVE_PERCENT_OF_OBSERVED,0.1812934780863693,0.1493987951758648,0.1695,0.16436376640729566,0.17476316942578946,0.18043497557880603,-0.0008585025075632802,0.25174294740815695,0.1565438858840148,0.0965,0.025,0.02564102564102564
ROUTE_1,39,100,2,20,12,PLANNING_SENSITIVITY_ONLY_NOT_AN_AUTHORIZED_IDENTITY_CHANGE,0.2,0.15,FIFTY_PERCENT_OF_OBSERVED,0.3625869561727386,0.1493987951758648,0.3904,0.38366067074380733,0.3971814235596908,0.35909410656575985,-0.003492849606978765,0.24501699115294193,0.15640766567806197,0.2619,0.025,0.02564102564102564
ROUTE_1,39,100,2,20,12,PLANNING_SENSITIVITY_ONLY_NOT_AN_AUTHORIZED_IDENTITY_CHANGE,0.2,0.35,NULL,0.0,0.1493987951758648,0.05115,0.04818207592646934,0.05429031484109578,0.0012764264613617886,0.0012764264613617886,0.2519012792061602,0.15605224132539475,0.02665,0.025,0.02564102564102564
ROUTE_1,39,100,2,20,12,PLANNING_SENSITIVITY_ONLY_NOT_AN_AUTHORIZED_IDENTITY_CHANGE,0.2,0.35,MODEST_0_05,0.05,0.1493987951758648,0.07505,0.07147957588393483,0.0787836355601485,0.05075168861940974,0.0007516886194097391,0.25068841906663325,0.1559410483971527,0.0382,0.025,0.02564102564102564
ROUTE_1,39,100,2,20,12,PLANNING_SENSITIVITY_ONLY_NOT_AN_AUTHORIZED_IDENTITY_CHANGE,0.2,0.35,MODEST_0_10,0.1,0.1493987951758648,0.1014,0.09729279028918557,0.10566030085474105,0.09751090805767479,-0.0024890919423252167,0.25072771880537825,0.15620799697804488,0.0552,0.025,0.02564102564102564
ROUTE_1,39,100,2,20,12,PLANNING_SENSITIVITY_ONLY_NOT_AN_AUTHORIZED_IDENTITY_CHANGE,0.2,0.35,TWENTY_FIVE_PERCENT_OF_OBSERVED,0.1812934780863693,0.1493987951758648,0.16985,0.16470943190354997,0.17511736950429585,0.18032114779612848,-0.0009723302902408248,0.24505192836847622,0.1559533238092965,0.09465,0.025,0.02564102564102564
ROUTE_1,39,100,2,20,12,PLANNING_SENSITIVITY_ONLY_NOT_AN_AUTHORIZED_IDENTITY_CHANGE,0.2,0.35,FIFTY_PERCENT_OF_OBSERVED,0.3625869561727386,0.1493987951758648,0.39365,0.3869000876366469,0.40044075843248655,0.3478739436660664,-0.01471301250667223,0.22654603585241598,0.15615401187071726,0.2503,0.025,0.02564102564102564
ROUTE_1,39,100,2,20,12,PLANNING_SENSITIVITY_ONLY_NOT_AN_AUTHORIZED_IDENTITY_CHANGE,0.2,0.55,NULL,0.0,0.1493987951758648,0.04205,0.039355265877011526,0.0449206199467747,0.0001432965416326847,0.0001432965416326847,0.24309233179966575,0.15177638433249294,0.01405,0.025,0.02564102564102564
ROUTE_1,39,100,2,20,12,PLANNING_SENSITIVITY_ONLY_NOT_AN_AUTHORIZED_IDENTITY_CHANGE,0.2,0.55,MODEST_0_05,0.05,0.1493987951758648,0.0593,0.05611054911468762,0.062658711465163,0.046287779554949324,-0.003712220445050679,0.2429757388150455,0.1517400054980001,0.02135,0.025,0.02564102564102564
ROUTE_1,39,100,2,20,12,PLANNING_SENSITIVITY_ONLY_NOT_AN_AUTHORIZED_IDENTITY_CHANGE,0.2,0.55,MODEST_0_10,0.1,0.1493987951758648,0.0827,0.07896249163341164,0.08659778165901326,0.09475169432718078,-0.005248305672819226,0.23424174411277215,0.15162760444899495,0.03045,0.025,0.02564102564102564
ROUTE_1,39,100,2,20,12,PLANNING_SENSITIVITY_ONLY_NOT_AN_AUTHORIZED_IDENTITY_CHANGE,0.2,0.55,TWENTY_FIVE_PERCENT_OF_OBSERVED,0.1812934780863693,0.1493987951758648,0.13495,0.13028481871031966,0.13975538681424227,0.16892182748716436,-0.012371650599204947,0.2245677844595455,0.1517047469929825,0.05105,0.025,0.02564102564102564
ROUTE_1,39,100,2,20,12,PLANNING_SENSITIVITY_ONLY_NOT_AN_AUTHORIZED_IDENTITY_CHANGE,0.2,0.55,FIFTY_PERCENT_OF_OBSERVED,0.3625869561727386,0.1493987951758648,0.2818,0.27560750614028406,0.2880762983946,0.30350858933981983,-0.05907836683291878,0.17832141648851188,0.15168123680451945,0.1104,0.025,0.02564102564102564
ROUTE_2,39,100,2,20,12,PLANNING_SENSITIVITY_ONLY_NOT_AN_AUTHORIZED_IDENTITY_CHANGE,0.1,0.15,NULL,0.0,0.1493987951758648,0.0503,0.04735634162979811,0.053416375599062385,0.0002767957628642356,0.0002767957628642356,0.14024716571547075,0.11251824494830444,0.0254,0.025,0.02564102564102564
ROUTE_2,39,100,2,20,12,PLANNING_SENSITIVITY_ONLY_NOT_AN_AUTHORIZED_IDENTITY_CHANGE,0.1,0.15,MODEST_0_05,0.05,0.1493987951758648,0.1,0.09591879259651172,0.104234836248372,0.05087941626318703,0.0008794162631870286,0.1390804815209547,0.1132818776607173,0.0522,0.025,0.02564102564102564
ROUTE_2,39,100,2,20,12,PLANNING_SENSITIVITY_ONLY_NOT_AN_AUTHORIZED_IDENTITY_CHANGE,0.1,0.15,MODEST_0_10,0.1,0.1493987951758648,0.1724,0.16722809255314314,0.17769772947081658,0.1010762611293857,0.0010762611293856916,0.13864868373528963,0.11266425316797977,0.0973,0.025,0.02564102564102564
ROUTE_2,39,100,2,20,12,PLANNING_SENSITIVITY_ONLY_NOT_AN_AUTHORIZED_IDENTITY_CHANGE,0.1,0.15,TWENTY_FIVE_PERCENT_OF_OBSERVED,0.1812934780863693,0.1493987951758648,0.34725,0.3406816686782908,0.3538769983368492,0.1815564333951886,0.00026295530881928486,0.13932911900977546,0.11318665619240101,0.22805,0.025,0.02564102564102564
ROUTE_2,39,100,2,20,12,PLANNING_SENSITIVITY_ONLY_NOT_AN_AUTHORIZED_IDENTITY_CHANGE,0.1,0.15,FIFTY_PERCENT_OF_OBSERVED,0.3625869561727386,0.1493987951758648,0.801,0.7954092326183249,0.8064751616759003,0.3618974639162961,-0.0006894922564424921,0.13746589521165323,0.11314367017181967,0.67115,0.025,0.02564102564102564
ROUTE_2,39,100,2,20,12,PLANNING_SENSITIVITY_ONLY_NOT_AN_AUTHORIZED_IDENTITY_CHANGE,0.1,0.35,NULL,0.0,0.1493987951758648,0.04945,0.04653084675352752,0.05254219693662836,0.0011639560474031477,0.0011639560474031477,0.1392594787476896,0.11243601664881561,0.02415,0.025,0.02564102564102564
ROUTE_2,39,100,2,20,12,PLANNING_SENSITIVITY_ONLY_NOT_AN_AUTHORIZED_IDENTITY_CHANGE,0.1,0.35,MODEST_0_05,0.05,0.1493987951758648,0.09775,0.09371111057430051,0.10194338243283566,0.04991957043702264,-8.042956297736603e-05,0.13936485163749018,0.11320346861941238,0.0527,0.025,0.02564102564102564
ROUTE_2,39,100,2,20,12,PLANNING_SENSITIVITY_ONLY_NOT_AN_AUTHORIZED_IDENTITY_CHANGE,0.1,0.35,MODEST_0_10,0.1,0.1493987951758648,0.1715,0.1663391054081992,0.17678706228066152,0.10035564146024745,0.00035564146024744114,0.13897425539413436,0.11239760120246804,0.10045,0.025,0.02564102564102564
ROUTE_2,39,100,2,20,12,PLANNING_SENSITIVITY_ONLY_NOT_AN_AUTHORIZED_IDENTITY_CHANGE,0.1,0.35,TWENTY_FIVE_PERCENT_OF_OBSERVED,0.1812934780863693,0.1493987951758648,0.3449,0.3383426549261161,0.3515169146584875,0.181525063170542,0.00023158508417270296,0.13881250694801264,0.11240220540178682,0.23025,0.025,0.02564102564102564
ROUTE_2,39,100,2,20,12,PLANNING_SENSITIVITY_ONLY_NOT_AN_AUTHORIZED_IDENTITY_CHANGE,0.1,0.35,FIFTY_PERCENT_OF_OBSERVED,0.3625869561727386,0.1493987951758648,0.79515,0.7895001739221107,0.8006864671939707,0.35531720462953525,-0.007269751543203362,0.13358932753688488,0.11315977955083252,0.6673,0.025,0.02564102564102564
ROUTE_2,39,100,2,20,12,PLANNING_SENSITIVITY_ONLY_NOT_AN_AUTHORIZED_IDENTITY_CHANGE,0.1,0.55,NULL,0.0,0.1493987951758648,0.04965,0.04672505899619379,0.05274790787953965,-1.3519070595011406e-05,-1.3519070595011406e-05,0.1388426431407186,0.11280252331814951,0.02255,0.025,0.02564102564102564
ROUTE_2,39,100,2,20,12,PLANNING_SENSITIVITY_ONLY_NOT_AN_AUTHORIZED_IDENTITY_CHANGE,0.1,0.55,MODEST_0_05,0.05,0.1493987951758648,0.0932,0.08924875407265095,0.09730748646259577,0.048983568750915855,-0.0010164312490841473,0.13823661492891764,0.11207710474870712,0.04665,0.025,0.02564102564102564
ROUTE_2,39,100,2,20,12,PLANNING_SENSITIVITY_ONLY_NOT_AN_AUTHORIZED_IDENTITY_CHANGE,0.1,0.55,MODEST_0_10,0.1,0.1493987951758648,0.16615,0.1610556630507039,0.17137255942395713,0.09844348947986886,-0.0015565105201311435,0.13690839163455074,0.11222536003542598,0.0945,0.025,0.02564102564102564
ROUTE_2,39,100,2,20,12,PLANNING_SENSITIVITY_ONLY_NOT_AN_AUTHORIZED_IDENTITY_CHANGE,0.1,0.55,TWENTY_FIVE_PERCENT_OF_OBSERVED,0.1812934780863693,0.1493987951758648,0.33625,0.3297346347674272,0.34282825704094705,0.17682804348457845,-0.0044654346017908575,0.13167099437789853,0.11249929031422352,0.2107,0.025,0.02564102564102564
ROUTE_2,39,100,2,20,12,PLANNING_SENSITIVITY_ONLY_NOT_AN_AUTHORIZED_IDENTITY_CHANGE,0.1,0.55,FIFTY_PERCENT_OF_OBSERVED,0.3625869561727386,0.1493987951758648,0.7683,0.7624014283853876,0.7740955250669067,0.32664187013447943,-0.03594508603825919,0.1140149027981531,0.1124107905139872,0.6114,0.025,0.02564102564102564
ROUTE_2,39,100,2,20,12,PLANNING_SENSITIVITY_ONLY_NOT_AN_AUTHORIZED_IDENTITY_CHANGE,0.2,0.15,NULL,0.0,0.1493987951758648,0.04865,0.04575413435788266,0.05171921658996299,0.0013874277618468028,0.0013874277618468028,0.2231058466869664,0.15686947550713742,0.0242,0.025,0.02564102564102564
ROUTE_2,39,100,2,20,12,PLANNING_SENSITIVITY_ONLY_NOT_AN_AUTHORIZED_IDENTITY_CHANGE,0.2,0.15,MODEST_0_05,0.05,0.1493987951758648,0.07335,0.06981815840955494,0.07704570595711913,0.04792394833116824,-0.002076051668831763,0.22345187550497492,0.15670171042398703,0.03795,0.025,0.02564102564102564
ROUTE_2,39,100,2,20,12,PLANNING_SENSITIVITY_ONLY_NOT_AN_AUTHORIZED_IDENTITY_CHANGE,0.2,0.15,MODEST_0_10,0.1,0.1493987951758648,0.10835,0.10411727483167017,0.11273314701107658,0.09640205289304385,-0.0035979471069561564,0.2230996383542113,0.15672705981019602,0.0589,0.025,0.02564102564102564
ROUTE_2,39,100,2,20,12,PLANNING_SENSITIVITY_ONLY_NOT_AN_AUTHORIZED_IDENTITY_CHANGE,0.2,0.15,TWENTY_FIVE_PERCENT_OF_OBSERVED,0.1812934780863693,0.1493987951758648,0.1918,0.1864028550605135,0.19731551596446936,0.17980894768304365,-0.0014845304033256623,0.22406749750320276,0.15670311524694236,0.1125,0.025,0.02564102564102564
ROUTE_2,39,100,2,20,12,PLANNING_SENSITIVITY_ONLY_NOT_AN_AUTHORIZED_IDENTITY_CHANGE,0.2,0.15,FIFTY_PERCENT_OF_OBSERVED,0.3625869561727386,0.1493987951758648,0.4592,0.4523020835179226,0.46611358662425556,0.3588474676427654,-0.0037394885299731895,0.22005343282686432,0.15645988487773385,0.32045,0.025,0.02564102564102564
ROUTE_2,39,100,2,20,12,PLANNING_SENSITIVITY_ONLY_NOT_AN_AUTHORIZED_IDENTITY_CHANGE,0.2,0.35,NULL,0.0,0.1493987951758648,0.05045,0.04750204221284436,0.053570617405199306,-0.0010372554007097527,-0.0010372554007097527,0.22415325189250257,0.156159170058298,0.02535,0.025,0.02564102564102564
ROUTE_2,39,100,2,20,12,PLANNING_SENSITIVITY_ONLY_NOT_AN_AUTHORIZED_IDENTITY_CHANGE,0.2,0.35,MODEST_0_05,0.05,0.1493987951758648,0.0785,0.07485293997625359,0.0823089464190426,0.0519521049088092,0.0019521049088091977,0.2242458622983386,0.15602545420991132,0.03975,0.025,0.02564102564102564
ROUTE_2,39,100,2,20,12,PLANNING_SENSITIVITY_ONLY_NOT_AN_AUTHORIZED_IDENTITY_CHANGE,0.2,0.35,MODEST_0_10,0.1,0.1493987951758648,0.1118,0.10750706814149105,0.11624202865246858,0.09787430979257179,-0.002125690207428213,0.222326361056273,0.15643766677157708,0.0605,0.025,0.02564102564102564
ROUTE_2,39,100,2,20,12,PLANNING_SENSITIVITY_ONLY_NOT_AN_AUTHORIZED_IDENTITY_CHANGE,0.2,0.35,TWENTY_FIVE_PERCENT_OF_OBSERVED,0.1812934780863693,0.1493987951758648,0.1901,0.18472170037125368,0.19559732357631993,0.17983552407602152,-0.0014579540103477895,0.21783584352688515,0.1563225399544389,0.1112,0.025,0.02564102564102564
ROUTE_2,39,100,2,20,12,PLANNING_SENSITIVITY_ONLY_NOT_AN_AUTHORIZED_IDENTITY_CHANGE,0.2,0.35,FIFTY_PERCENT_OF_OBSERVED,0.3625869561727386,0.1493987951758648,0.45665,0.4497555568507818,0.4635610926752825,0.3490297868054615,-0.013557169367277133,0.20100610485663528,0.15592390662204134,0.30685,0.025,0.02564102564102564
ROUTE_2,39,100,2,20,12,PLANNING_SENSITIVITY_ONLY_NOT_AN_AUTHORIZED_IDENTITY_CHANGE,0.2,0.55,NULL,0.0,0.1493987951758648,0.0408,0.03814534201689153,0.043631023897034965,0.00045476081841328903,0.00045476081841328903,0.21700968211117047,0.1518997895048581,0.0175,0.025,0.02564102564102564
ROUTE_2,39,100,2,20,12,PLANNING_SENSITIVITY_ONLY_NOT_AN_AUTHORIZED_IDENTITY_CHANGE,0.2,0.55,MODEST_0_05,0.05,0.1493987951758648,0.05975,0.05654885957719734,0.06312022817020278,0.04636343742470494,-0.0036365625752950645,0.21583004117640803,0.15183357827546137,0.0261,0.025,0.02564102564102564
ROUTE_2,39,100,2,20,12,PLANNING_SENSITIVITY_ONLY_NOT_AN_AUTHORIZED_IDENTITY_CHANGE,0.2,0.55,MODEST_0_10,0.1,0.1493987951758648,0.0873,0.08346677755437842,0.09129172900633034,0.09228343253689635,-0.00771656746310366,0.21102321140762012,0.15192077216563293,0.03915,0.025,0.02564102564102564
ROUTE_2,39,100,2,20,12,PLANNING_SENSITIVITY_ONLY_NOT_AN_AUTHORIZED_IDENTITY_CHANGE,0.2,0.55,TWENTY_FIVE_PERCENT_OF_OBSERVED,0.1812934780863693,0.1493987951758648,0.14885,0.14398445247267563,0.15385041444952666,0.16816896070351506,-0.01312451738285425,0.19854351033190124,0.1519313316068467,0.06815,0.025,0.02564102564102564
ROUTE_2,39,100,2,20,12,PLANNING_SENSITIVITY_ONLY_NOT_AN_AUTHORIZED_IDENTITY_CHANGE,0.2,0.55,FIFTY_PERCENT_OF_OBSERVED,0.3625869561727386,0.1493987951758648,0.3378,0.33127693293559946,0.3443853635610009,0.3025058233382894,-0.060081132834449213,0.16560437928573113,0.1519373226725906,0.18195,0.025,0.02564102564102564
ROUTE_1,39,100,4,31,16,REQUIRED_FULL_47_IDENTITY_DESIGN,0.1,0.15,NULL,0.0,0.07348469228349534,0.05035,0.04740490766399351,0.05346779036126138,0.0009662381588954913,0.0009662381588954913,0.12575633432547734,0.07791209259049595,0.02475,0.025,0.02564102564102564
ROUTE_1,39,100,4,31,16,REQUIRED_FULL_47_IDENTITY_DESIGN,0.1,0.15,MODEST_0_05,0.05,0.07348469228349534,0.10305,0.09891246110764194,0.10733999631729953,0.050279646565233,0.0002796465652329938,0.1261150085931159,0.07808191175714307,0.0551,0.025,0.02564102564102564
ROUTE_1,39,100,4,31,16,REQUIRED_FULL_47_IDENTITY_DESIGN,0.1,0.15,MODEST_0_10,0.1,0.07348469228349534,0.1972,0.191744073428535,0.2027722236070419,0.1017319117457778,0.0017319117457777894,0.1256293019501799,0.07791876677498151,0.11505,0.025,0.02564102564102564
ROUTE_1,39,100,4,31,16,REQUIRED_FULL_47_IDENTITY_DESIGN,0.1,0.15,TWENTY_FIVE_PERCENT_OF_OBSERVED,0.1812934780863693,0.07348469228349534,0.40615,0.39936229563195824,0.4129737495357726,0.18353761725277473,0.0022441391664054233,0.12436314390573448,0.07796231796056054,0.2733,0.025,0.02564102564102564
ROUTE_1,39,100,4,31,16,REQUIRED_FULL_47_IDENTITY_DESIGN,0.1,0.15,FIFTY_PERCENT_OF_OBSERVED,0.3625869561727386,0.07348469228349534,0.86065,0.8557811605699249,0.8653803238228069,0.3611945471615528,-0.0013924090111858134,0.12597708560928725,0.07784987772002147,0.75445,0.025,0.02564102564102564
ROUTE_1,39,100,4,31,16,REQUIRED_FULL_47_IDENTITY_DESIGN,0.1,0.35,NULL,0.0,0.07348469228349534,0.0488,0.04589975115015081,0.05187354218687801,-7.924598576451825e-06,-7.924598576451825e-06,0.1256437086627225,0.07783189438144072,0.0238,0.025,0.02564102564102564
ROUTE_1,39,100,4,31,16,REQUIRED_FULL_47_IDENTITY_DESIGN,0.1,0.35,MODEST_0_05,0.05,0.07348469228349534,0.1045,0.10033608533742595,0.10881581518295279,0.04995380218405625,-4.619781594375483e-05,0.12592109188652484,0.07780349007631429,0.056,0.025,0.02564102564102564
ROUTE_1,39,100,4,31,16,REQUIRED_FULL_47_IDENTITY_DESIGN,0.1,0.35,MODEST_0_10,0.1,0.07348469228349534,0.191,0.18561170291202317,0.19650697537064948,0.10003953447567326,3.953447567325852e-05,0.12623838915617733,0.07793076931224562,0.1118,0.025,0.02564102564102564
ROUTE_1,39,100,4,31,16,REQUIRED_FULL_47_IDENTITY_DESIGN,0.1,0.35,TWENTY_FIVE_PERCENT_OF_OBSERVED,0.1812934780863693,0.07348469228349534,0.393,0.3862521791155156,0.3997889166004908,0.18055303953862645,-0.000740438547742861,0.12605298712121227,0.07782240446123985,0.26815,0.025,0.02564102564102564
ROUTE_1,39,100,4,31,16,REQUIRED_FULL_47_IDENTITY_DESIGN,0.1,0.35,FIFTY_PERCENT_OF_OBSERVED,0.3625869561727386,0.07348469228349534,0.8665,0.8617158885847983,0.871143348986077,0.3614857933929357,-0.0011011627798029333,0.12400160581959904,0.07789578774230398,0.7555,0.025,0.02564102564102564
ROUTE_1,39,100,4,31,16,REQUIRED_FULL_47_IDENTITY_DESIGN,0.1,0.55,NULL,0.0,0.07348469228349534,0.04905,0.0461424630826958,0.05213073423630496,-8.963131519833256e-05,-8.963131519833256e-05,0.12594452618889626,0.0779412040145658,0.02475,0.025,0.02564102564102564
ROUTE_1,39,100,4,31,16,REQUIRED_FULL_47_IDENTITY_DESIGN,0.1,0.55,MODEST_0_05,0.05,0.07348469228349534,0.10405,0.099894243489603,0.10835782986322624,0.049870425461532523,-0.0001295745384674793,0.12453333706340096,0.07791830128354543,0.05555,0.025,0.02564102564102564
ROUTE_1,39,100,4,31,16,REQUIRED_FULL_47_IDENTITY_DESIGN,0.1,0.55,MODEST_0_10,0.1,0.07348469228349534,0.19175,0.18635340698548003,0.19726498324310843,0.10083377568809121,0.000833775688091204,0.12461419220013285,0.0778559405527158,0.11215,0.025,0.02564102564102564
ROUTE_1,39,100,4,31,16,REQUIRED_FULL_47_IDENTITY_DESIGN,0.1,0.55,TWENTY_FIVE_PERCENT_OF_OBSERVED,0.1812934780863693,0.07348469228349534,0.39255,0.38580363441952303,0.39933763412893386,0.18097577231657358,-0.0003177057697957286,0.12344177399357145,0.07789500517674924,0.26425,0.025,0.02564102564102564
ROUTE_1,39,100,4,31,16,REQUIRED_FULL_47_IDENTITY_DESIGN,0.1,0.55,FIFTY_PERCENT_OF_OBSERVED,0.3625869561727386,0.07348469228349534,0.86985,0.8651157540339784,0.8744421968953209,0.3448001580579276,-0.017786798114811042,0.10099755930525846,0.07776965740223803,0.7568,0.025,0.02564102564102564
ROUTE_1,39,100,4,31,16,REQUIRED_FULL_47_IDENTITY_DESIGN,0.2,0.15,NULL,0.0,0.07348469228349534,0.0493,0.0463851964782741,0.05238790482269861,0.0005056670374246335,0.0005056670374246335,0.21605725540477344,0.1339229433400926,0.0236,0.025,0.02564102564102564
ROUTE_1,39,100,4,31,16,REQUIRED_FULL_47_IDENTITY_DESIGN,0.2,0.15,MODEST_0_05,0.05,0.07348469228349534,0.07735,0.07372824350304213,0.08113408457518312,0.04868206222190339,-0.0013179377780966131,0.21627257854736087,0.13385394467005435,0.0391,0.025,0.02564102564102564
ROUTE_1,39,100,4,31,16,REQUIRED_FULL_47_IDENTITY_DESIGN,0.2,0.15,MODEST_0_10,0.1,0.07348469228349534,0.11015,0.1058856949905088,0.11456403552243598,0.0986499864003007,-0.0013500135996993012,0.21428260663960666,0.13371189798551508,0.06005,0.025,0.02564102564102564
ROUTE_1,39,100,4,31,16,REQUIRED_FULL_47_IDENTITY_DESIGN,0.2,0.15,TWENTY_FIVE_PERCENT_OF_OBSERVED,0.1812934780863693,0.07348469228349534,0.19735,0.1918924637246215,0.2029237757001386,0.18149411881082736,0.00020064072445805103,0.21532030951681105,0.1339010469838196,0.11885,0.025,0.02564102564102564
ROUTE_1,39,100,4,31,16,REQUIRED_FULL_47_IDENTITY_DESIGN,0.2,0.15,FIFTY_PERCENT_OF_OBSERVED,0.3625869561727386,0.07348469228349534,0.4847,0.4777773285078424,0.4916285477954745,0.35975619945841697,-0.002830756714321647,0.21209773520290873,0.13374225728149938,0.3362,0.025,0.02564102564102564
ROUTE_1,39,100,4,31,16,REQUIRED_FULL_47_IDENTITY_DESIGN,0.2,0.35,NULL,0.0,0.07348469228349534,0.04765,0.04478355718908839,0.05069017783086945,-0.001385950393746138,-0.001385950393746138,0.21456176799106338,0.13346228925403156,0.0243,0.025,0.02564102564102564
ROUTE_1,39,100,4,31,16,REQUIRED_FULL_47_IDENTITY_DESIGN,0.2,0.35,MODEST_0_05,0.05,0.07348469228349534,0.0771,0.07348377587286159,0.08087864822339169,0.05010225338189744,0.00010225338189743388,0.21516327834570598,0.13347105585298769,0.0399,0.025,0.02564102564102564
ROUTE_1,39,100,4,31,16,REQUIRED_FULL_47_IDENTITY_DESIGN,0.2,0.35,MODEST_0_10,0.1,0.07348469228349534,0.11445,0.11011171969240174,0.11893635931046051,0.10072973701634731,0.0007297370163473066,0.2134519279303932,0.13370550451529467,0.06245,0.025,0.02564102564102564
ROUTE_1,39,100,4,31,16,REQUIRED_FULL_47_IDENTITY_DESIGN,0.2,0.35,TWENTY_FIVE_PERCENT_OF_OBSERVED,0.1812934780863693,0.07348469228349534,0.19995,0.19446475766301677,0.20555048317425154,0.17850133932109782,-0.0027921387652714846,0.21190432113343402,0.1335568753040822,0.11655,0.025,0.02564102564102564
ROUTE_1,39,100,4,31,16,REQUIRED_FULL_47_IDENTITY_DESIGN,0.2,0.35,FIFTY_PERCENT_OF_OBSERVED,0.3625869561727386,0.07348469228349534,0.48415,0.47722767161451485,0.4910784159284637,0.3538284676703562,-0.008758488502382422,0.19878057730846277,0.13360352125322603,0.34055,0.025,0.02564102564102564
ROUTE_1,39,100,4,31,16,REQUIRED_FULL_47_IDENTITY_DESIGN,0.2,0.55,NULL,0.0,0.07348469228349534,0.0477,0.04483207763642848,0.05074163817992376,-0.0003465186465466189,-0.0003465186465466189,0.21363816785762021,0.13178825987885928,0.02065,0.025,0.02564102564102564
ROUTE_1,39,100,4,31,16,REQUIRED_FULL_47_IDENTITY_DESIGN,0.2,0.55,MODEST_0_05,0.05,0.07348469228349534,0.07335,0.06981815840955494,0.07704570595711913,0.04993101284977174,-6.898715022825991e-05,0.20895950573070118,0.13177922950256157,0.03245,0.025,0.02564102564102564
ROUTE_1,39,100,4,31,16,REQUIRED_FULL_47_IDENTITY_DESIGN,0.2,0.55,MODEST_0_10,0.1,0.07348469228349534,0.1106,0.10632785745737532,0.11502170022311896,0.09540721287359,-0.004592787126410008,0.2063174820607784,0.13163217647268868,0.0521,0.025,0.02564102564102564
ROUTE_1,39,100,4,31,16,REQUIRED_FULL_47_IDENTITY_DESIGN,0.2,0.55,TWENTY_FIVE_PERCENT_OF_OBSERVED,0.1812934780863693,0.07348469228349534,0.19325,0.18783691077471676,0.19878090334570342,0.17234648629736918,-0.00894699178900013,0.19796994717048194,0.13158170499546074,0.0933,0.025,0.02564102564102564
ROUTE_1,39,100,4,31,16,REQUIRED_FULL_47_IDENTITY_DESIGN,0.2,0.55,FIFTY_PERCENT_OF_OBSERVED,0.3625869561727386,0.07348469228349534,0.4499,0.4430156312929911,0.4568036107198306,0.31646604251807287,-0.04612091365466575,0.1561408836295896,0.13157625422039412,0.2383,0.025,0.02564102564102564
ROUTE_2,39,100,4,31,16,REQUIRED_FULL_47_IDENTITY_DESIGN,0.1,0.15,NULL,0.0,0.07348469228349534,0.04875,0.04585121135293896,0.051822101187695466,0.0005275378531205992,0.0005275378531205992,0.11174944562883113,0.0778697607102857,0.026,0.025,0.02564102564102564
ROUTE_2,39,100,4,31,16,REQUIRED_FULL_47_IDENTITY_DESIGN,0.1,0.15,MODEST_0_05,0.05,0.07348469228349534,0.1096,0.10534530523682681,0.11400463651577969,0.04984150134928261,-0.00015849865071738967,0.11150772931942086,0.07769625831128568,0.0604,0.025,0.02564102564102564
ROUTE_2,39,100,4,31,16,REQUIRED_FULL_47_IDENTITY_DESIGN,0.1,0.15,MODEST_0_10,0.1,0.07348469228349534,0.2184,0.21272836729532496,0.22417978741147315,0.09957532956258767,-0.00042467043741233057,0.11219291690584993,0.07795949296595044,0.1297,0.025,0.02564102564102564
ROUTE_2,39,100,4,31,16,REQUIRED_FULL_47_IDENTITY_DESIGN,0.1,0.15,TWENTY_FIVE_PERCENT_OF_OBSERVED,0.1812934780863693,0.07348469228349534,0.472,0.465087394162642,0.4789233598564998,0.18299391345058139,0.0017004353642120773,0.11246711357845914,0.07779119848510113,0.3338,0.025,0.02564102564102564
ROUTE_2,39,100,4,31,16,REQUIRED_FULL_47_IDENTITY_DESIGN,0.1,0.15,FIFTY_PERCENT_OF_OBSERVED,0.3625869561727386,0.07348469228349534,0.93025,0.926636502070655,0.933698250903067,0.36326846770074,0.0006815115280013884,0.11100163311437311,0.07775000899320118,0.8503,0.025,0.02564102564102564
ROUTE_2,39,100,4,31,16,REQUIRED_FULL_47_IDENTITY_DESIGN,0.1,0.35,NULL,0.0,0.07348469228349534,0.05055,0.04759918006122787,0.053673441149604574,0.00017905156222024546,0.00017905156222024546,0.11191823075625892,0.07772171736594753,0.02655,0.025,0.02564102564102564
ROUTE_2,39,100,4,31,16,REQUIRED_FULL_47_IDENTITY_DESIGN,0.1,0.35,MODEST_0_05,0.05,0.07348469228349534,0.11525,0.11089817873465194,0.11974959301052057,0.05090761636659669,0.0009076163665966905,0.112396627786844,0.07784650142301053,0.0629,0.025,0.02564102564102564
ROUTE_2,39,100,4,31,16,REQUIRED_FULL_47_IDENTITY_DESIGN,0.1,0.35,MODEST_0_10,0.1,0.07348469228349534,0.21965,0.2139663619844684,0.22544131263218947,0.10003931153688542,3.9311536885411336e-05,0.11220490294558438,0.0779044104305062,0.1326,0.025,0.02564102564102564
ROUTE_2,39,100,4,31,16,REQUIRED_FULL_47_IDENTITY_DESIGN,0.1,0.35,TWENTY_FIVE_PERCENT_OF_OBSERVED,0.1812934780863693,0.07348469228349534,0.4623,0.45539810612953996,0.46921637338909034,0.18178162378476045,0.00048814569839114585,0.11136550206807916,0.07798302236566715,0.32545,0.025,0.02564102564102564
ROUTE_2,39,100,4,31,16,REQUIRED_FULL_47_IDENTITY_DESIGN,0.1,0.35,FIFTY_PERCENT_OF_OBSERVED,0.3625869561727386,0.07348469228349534,0.92995,0.9263295503445056,0.93340531785085,0.36262806737888276,4.111120614413988e-05,0.11020474606613445,0.07787186169487145,0.8536,0.025,0.02564102564102564
ROUTE_2,39,100,4,31,16,REQUIRED_FULL_47_IDENTITY_DESIGN,0.1,0.55,NULL,0.0,0.07348469228349534,0.0494,0.04648229581148323,0.052490767082278254,0.00014997605994545985,0.00014997605994545985,0.11123817908707528,0.07787851547585364,0.02465,0.025,0.02564102564102564
ROUTE_2,39,100,4,31,16,REQUIRED_FULL_47_IDENTITY_DESIGN,0.1,0.55,MODEST_0_05,0.05,0.07348469228349534,0.11405,0.10971851588563492,0.11852971674607224,0.04982423969183762,-0.00017576030816238153,0.11242233718830835,0.0779226296798056,0.0621,0.025,0.02564102564102564
ROUTE_2,39,100,4,31,16,REQUIRED_FULL_47_IDENTITY_DESIGN,0.1,0.55,MODEST_0_10,0.1,0.07348469228349534,0.21405,0.20842074698976282,0.21978907843072337,0.09903739441100727,-0.0009626055889927349,0.11117373369264846,0.07794736385129358,0.12725,0.025,0.02564102564102564
ROUTE_2,39,100,4,31,16,REQUIRED_FULL_47_IDENTITY_DESIGN,0.1,0.55,TWENTY_FIVE_PERCENT_OF_OBSERVED,0.1812934780863693,0.07348469228349534,0.4689,0.46199053231358295,0.47582141232910674,0.18090437808316812,-0.00038910000320119265,0.11023833779618268,0.07801819629707357,0.32805,0.025,0.02564102564102564
ROUTE_2,39,100,4,31,16,REQUIRED_FULL_47_IDENTITY_DESIGN,0.1,0.55,FIFTY_PERCENT_OF_OBSERVED,0.3625869561727386,0.07348469228349534,0.9293,0.925664552392552,0.9327705654496765,0.34478540248789996,-0.017801553684838656,0.09156627262631292,0.07781082414787464,0.8463,0.025,0.02564102564102564
ROUTE_2,39,100,4,31,16,REQUIRED_FULL_47_IDENTITY_DESIGN,0.2,0.15,NULL,0.0,0.07348469228349534,0.0517,0.04871649951539003,0.05485568001251338,0.00019725274782871565,0.00019725274782871565,0.20815619632795415,0.1335844737027686,0.0269,0.025,0.02564102564102564
ROUTE_2,39,100,4,31,16,REQUIRED_FULL_47_IDENTITY_DESIGN,0.2,0.15,MODEST_0_05,0.05,0.07348469228349534,0.0786,0.07495075085738204,0.08241109713070294,0.05252013615970842,0.0025201361597084193,0.20629643684413726,0.13368946370140777,0.0403,0.025,0.02564102564102564
ROUTE_2,39,100,4,31,16,REQUIRED_FULL_47_IDENTITY_DESIGN,0.2,0.15,MODEST_0_10,0.1,0.07348469228349534,0.1199,0.11547080023599245,0.1244751855738583,0.10137494060719114,0.0013749406071911358,0.2068889997221149,0.13361086884866097,0.0659,0.025,0.02564102564102564
ROUTE_2,39,100,4,31,16,REQUIRED_FULL_47_IDENTITY_DESIGN,0.2,0.15,TWENTY_FIVE_PERCENT_OF_OBSERVED,0.1812934780863693,0.07348469228349534,0.2101,0.2045100519627175,0.21580129054261193,0.18335222335360396,0.002058745267234652,0.20656376479344246,0.133776335510302,0.12865,0.025,0.02564102564102564
ROUTE_2,39,100,4,31,16,REQUIRED_FULL_47_IDENTITY_DESIGN,0.2,0.15,FIFTY_PERCENT_OF_OBSERVED,0.3625869561727386,0.07348469228349534,0.51975,0.5128227600001106,0.5266696545756734,0.36492639267632065,0.0023394365035820375,0.20556475050983009,0.1336552924662095,0.3749,0.025,0.02564102564102564
ROUTE_2,39,100,4,31,16,REQUIRED_FULL_47_IDENTITY_DESIGN,0.2,0.35,NULL,0.0,0.07348469228349534,0.04945,0.04653084675352752,0.05254219693662836,0.00032567049919801877,0.00032567049919801877,0.20807714258778104,0.13373195310176875,0.02425,0.025,0.02564102564102564
ROUTE_2,39,100,4,31,16,REQUIRED_FULL_47_IDENTITY_DESIGN,0.2,0.35,MODEST_0_05,0.05,0.07348469228349534,0.07905,0.07539092175550577,0.0828707534001287,0.0492140173088182,-0.0007859826911818038,0.2088700688980936,0.13349432641832773,0.0429,0.025,0.02564102564102564
ROUTE_2,39,100,4,31,16,REQUIRED_FULL_47_IDENTITY_DESIGN,0.2,0.35,MODEST_0_10,0.1,0.07348469228349534,0.11455,0.11021002332979339,0.11903801726585765,0.09685730530167987,-0.0031426946983201393,0.20666986667488996,0.13350748409641425,0.0627,0.025,0.02564102564102564
ROUTE_2,39,100,4,31,16,REQUIRED_FULL_47_IDENTITY_DESIGN,0.2,0.35,TWENTY_FIVE_PERCENT_OF_OBSERVED,0.1812934780863693,0.07348469228349534,0.20915,0.20356962366851125,0.2148420837053248,0.1813590647829007,6.558669653139448e-05,0.20545556975255097,0.1337607285895184,0.126,0.025,0.02564102564102564
ROUTE_2,39,100,4,31,16,REQUIRED_FULL_47_IDENTITY_DESIGN,0.2,0.35,FIFTY_PERCENT_OF_OBSERVED,0.3625869561727386,0.07348469228349534,0.51285,0.5059209667633344,0.5197740979100238,0.3537503539081914,-0.008836602264547244,0.19209355194875258,0.13354100170797176,0.3622,0.025,0.02564102564102564
ROUTE_2,39,100,4,31,16,REQUIRED_FULL_47_IDENTITY_DESIGN,0.2,0.55,NULL,0.0,0.07348469228349534,0.04765,0.04478355718908839,0.05069017783086945,0.00011711058199427669,0.00011711058199427669,0.20605950318636232,0.13145136421216502,0.0214,0.025,0.02564102564102564
ROUTE_2,39,100,4,31,16,REQUIRED_FULL_47_IDENTITY_DESIGN,0.2,0.55,MODEST_0_05,0.05,0.07348469228349534,0.0717,0.06820614587215901,0.07535835221350021,0.047406477534705935,-0.002593522465294068,0.20224574131306414,0.13179653786029447,0.03435,0.025,0.02564102564102564
ROUTE_2,39,100,4,31,16,REQUIRED_FULL_47_IDENTITY_DESIGN,0.2,0.55,MODEST_0_10,0.1,0.07348469228349534,0.11155,0.10726138603498997,0.11598780677699772,0.09807283027553038,-0.0019271697244696295,0.20006512289235437,0.13156949378145374,0.05405,0.025,0.02564102564102564
ROUTE_2,39,100,4,31,16,REQUIRED_FULL_47_IDENTITY_DESIGN,0.2,0.55,TWENTY_FIVE_PERCENT_OF_OBSERVED,0.1812934780863693,0.07348469228349534,0.19245,0.1870456929298528,0.19797242844825713,0.17122927556635922,-0.010064202520010085,0.19116721134761872,0.13174615637575005,0.0978,0.025,0.02564102564102564
ROUTE_2,39,100,4,31,16,REQUIRED_FULL_47_IDENTITY_DESIGN,0.2,0.55,FIFTY_PERCENT_OF_OBSERVED,0.3625869561727386,0.07348469228349534,0.45785,0.4509538996552089,0.46476228898432065,0.3161388105116263,-0.04644814566111233,0.15155138242580676,0.1318174490337013,0.26035,0.025,0.02564102564102564
ROUTE_1,39,100,4,20,12,PLANNING_SENSITIVITY_ONLY_NOT_AN_AUTHORIZED_IDENTITY_CHANGE,0.1,0.15,NULL,0.0,0.10564090116995406,0.0494,0.04648229581148323,0.052490767082278254,-0.00047745698750705835,-0.00047745698750705835,0.14779984552165404,0.09137140943776345,0.02555,0.025,0.02564102564102564
ROUTE_1,39,100,4,20,12,PLANNING_SENSITIVITY_ONLY_NOT_AN_AUTHORIZED_IDENTITY_CHANGE,0.1,0.15,MODEST_0_05,0.05,0.10564090116995406,0.09315,0.08919973305101106,0.09725652668784127,0.04984288330310346,-0.00015711669689654623,0.14711545302350956,0.09130570013944674,0.0504,0.025,0.02564102564102564
ROUTE_1,39,100,4,20,12,PLANNING_SENSITIVITY_ONLY_NOT_AN_AUTHORIZED_IDENTITY_CHANGE,0.1,0.15,MODEST_0_10,0.1,0.10564090116995406,0.1592,0.15419500817633078,0.1643358835995101,0.09984371763331878,-0.00015628236668122075,0.14733516620688283,0.09135346167525266,0.0905,0.025,0.02564102564102564
ROUTE_1,39,100,4,20,12,PLANNING_SENSITIVITY_ONLY_NOT_AN_AUTHORIZED_IDENTITY_CHANGE,0.1,0.15,TWENTY_FIVE_PERCENT_OF_OBSERVED,0.1812934780863693,0.10564090116995406,0.32415,0.3176974932036859,0.33067004587724613,0.18282833817946478,0.0015348600930954748,0.14780234871541517,0.09130505163847667,0.2106,0.025,0.02564102564102564
ROUTE_1,39,100,4,20,12,PLANNING_SENSITIVITY_ONLY_NOT_AN_AUTHORIZED_IDENTITY_CHANGE,0.1,0.15,FIFTY_PERCENT_OF_OBSERVED,0.3625869561727386,0.10564090116995406,0.75545,0.7494444215137711,0.761357467265165,0.3603054314737893,-0.002281524698949322,0.14637355155708492,0.09126103857003305,0.61835,0.025,0.02564102564102564
ROUTE_1,39,100,4,20,12,PLANNING_SENSITIVITY_ONLY_NOT_AN_AUTHORIZED_IDENTITY_CHANGE,0.1,0.35,NULL,0.0,0.10564090116995406,0.0507,0.04774489300018943,0.0538276705998262,0.0017267876669845705,0.0017267876669845705,0.14617384608582493,0.09132364710611253,0.0245,0.025,0.02564102564102564
ROUTE_1,39,100,4,20,12,PLANNING_SENSITIVITY_ONLY_NOT_AN_AUTHORIZED_IDENTITY_CHANGE,0.1,0.35,MODEST_0_05,0.05,0.10564090116995406,0.09195,0.08802333487330086,0.09603338575208614,0.05007417037894752,7.41703789475176e-05,0.14722922885846942,0.09131009540736369,0.0494,0.025,0.02564102564102564
ROUTE_1,39,100,4,20,12,PLANNING_SENSITIVITY_ONLY_NOT_AN_AUTHORIZED_IDENTITY_CHANGE,0.1,0.35,MODEST_0_10,0.1,0.10564090116995406,0.15685,0.15187598232536742,0.16195581201993714,0.09978972849990517,-0.00021027150009483853,0.1467883935573753,0.09133479685277707,0.0909,0.025,0.02564102564102564
ROUTE_1,39,100,4,20,12,PLANNING_SENSITIVITY_ONLY_NOT_AN_AUTHORIZED_IDENTITY_CHANGE,0.1,0.35,TWENTY_FIVE_PERCENT_OF_OBSERVED,0.1812934780863693,0.10564090116995406,0.31765,0.31123329327433186,0.32413674227532946,0.17997106879333086,-0.0013224092930384512,0.14592989977934145,0.09132215080062077,0.20335,0.025,0.02564102564102564
ROUTE_1,39,100,4,20,12,PLANNING_SENSITIVITY_ONLY_NOT_AN_AUTHORIZED_IDENTITY_CHANGE,0.1,0.35,FIFTY_PERCENT_OF_OBSERVED,0.3625869561727386,0.10564090116995406,0.7639,0.7579639521182399,0.7697346912513482,0.36173759018346546,-0.0008493659892731542,0.1436780604642567,0.09121621712302937,0.62745,0.025,0.02564102564102564
ROUTE_1,39,100,4,20,12,PLANNING_SENSITIVITY_ONLY_NOT_AN_AUTHORIZED_IDENTITY_CHANGE,0.1,0.55,NULL,0.0,0.10564090116995406,0.04985,0.046919284739933544,0.052953605321377446,0.0009694304753214482,0.0009694304753214482,0.1467768697101201,0.09110215547909808,0.02275,0.025,0.02564102564102564
ROUTE_1,39,100,4,20,12,PLANNING_SENSITIVITY_ONLY_NOT_AN_AUTHORIZED_IDENTITY_CHANGE,0.1,0.55,MODEST_0_05,0.05,0.10564090116995406,0.093,0.08905267210214139,0.09710364524752778,0.050542751706004876,0.0005427517060048737,0.14529983415436096,0.0913972606183832,0.04785,0.025,0.02564102564102564
ROUTE_1,39,100,4,20,12,PLANNING_SENSITIVITY_ONLY_NOT_AN_AUTHORIZED_IDENTITY_CHANGE,0.1,0.55,MODEST_0_10,0.1,0.10564090116995406,0.1654,0.16031514550577533,0.17061336502296984,0.09947360597559102,-0.0005263940244089882,0.14756714283838732,0.09123662117475324,0.09325,0.025,0.02564102564102564
ROUTE_1,39,100,4,20,12,PLANNING_SENSITIVITY_ONLY_NOT_AN_AUTHORIZED_IDENTITY_CHANGE,0.1,0.55,TWENTY_FIVE_PERCENT_OF_OBSERVED,0.1812934780863693,0.10564090116995406,0.32185,0.3154099966002816,0.32835842584650854,0.18033531080286144,-0.0009581672835078658,0.14335147501003553,0.09116445000479637,0.2104,0.025,0.02564102564102564
ROUTE_1,39,100,4,20,12,PLANNING_SENSITIVITY_ONLY_NOT_AN_AUTHORIZED_IDENTITY_CHANGE,0.1,0.55,FIFTY_PERCENT_OF_OBSERVED,0.3625869561727386,0.10564090116995406,0.75865,0.7526703802047773,0.7645302795433998,0.3371620921101421,-0.02542486406259653,0.11590751414206958,0.09124748143206711,0.6109,0.025,0.02564102564102564
ROUTE_1,39,100,4,20,12,PLANNING_SENSITIVITY_ONLY_NOT_AN_AUTHORIZED_IDENTITY_CHANGE,0.2,0.15,NULL,0.0,0.10564090116995406,0.04765,0.04478355718908839,0.05069017783086945,-0.002182407831868603,-0.002182407831868603,0.2288391558964704,0.14185662204093166,0.025,0.025,0.02564102564102564
ROUTE_1,39,100,4,20,12,PLANNING_SENSITIVITY_ONLY_NOT_AN_AUTHORIZED_IDENTITY_CHANGE,0.2,0.15,MODEST_0_05,0.05,0.10564090116995406,0.07535,0.07177282446916372,0.07909027175328595,0.05029752953353999,0.00029752953353998773,0.22894197564802923,0.14208943255726025,0.03855,0.025,0.02564102564102564
ROUTE_1,39,100,4,20,12,PLANNING_SENSITIVITY_ONLY_NOT_AN_AUTHORIZED_IDENTITY_CHANGE,0.2,0.15,MODEST_0_10,0.1,0.10564090116995406,0.11075,0.1064752500023188,0.11517425006735865,0.1012554194986667,0.0012554194986666989,0.23070595865870652,0.14194911612909974,0.05935,0.025,0.02564102564102564
ROUTE_1,39,100,4,20,12,PLANNING_SENSITIVITY_ONLY_NOT_AN_AUTHORIZED_IDENTITY_CHANGE,0.2,0.15,TWENTY_FIVE_PERCENT_OF_OBSERVED,0.1812934780863693,0.10564090116995406,0.1894,0.18402950826251727,0.19488978453553493,0.18166285091432463,0.0003693728279553221,0.2289665088173418,0.14180894463800484,0.1108,0.025,0.02564102564102564
ROUTE_1,39,100,4,20,12,PLANNING_SENSITIVITY_ONLY_NOT_AN_AUTHORIZED_IDENTITY_CHANGE,0.2,0.15,FIFTY_PERCENT_OF_OBSERVED,0.3625869561727386,0.10564090116995406,0.4473,0.44041985349629686,0.45420038710401656,0.36350782959329525,0.0009208734205566338,0.22557494414208495,0.14196938720656946,0.3139,0.025,0.02564102564102564
ROUTE_1,39,100,4,20,12,PLANNING_SENSITIVITY_ONLY_NOT_AN_AUTHORIZED_IDENTITY_CHANGE,0.2,0.35,NULL,0.0,0.10564090116995406,0.04775,0.04488059897704676,0.05079309763569988,-0.0028318178052599676,-0.0028318178052599676,0.22837499826083366,0.14161471880639812,0.0239,0.025,0.02564102564102564
ROUTE_1,39,100,4,20,12,PLANNING_SENSITIVITY_ONLY_NOT_AN_AUTHORIZED_IDENTITY_CHANGE,0.2,0.35,MODEST_0_05,0.05,0.10564090116995406,0.0773,0.07367934906765622,0.08108299821417461,0.049286613925921915,-0.0007133860740780873,0.23104272935081108,0.1416770055786405,0.04215,0.025,0.02564102564102564
ROUTE_1,39,100,4,20,12,PLANNING_SENSITIVITY_ONLY_NOT_AN_AUTHORIZED_IDENTITY_CHANGE,0.2,0.35,MODEST_0_10,0.1,0.10564090116995406,0.10735,0.10313498008812398,0.11171582582673499,0.10006224837355694,6.224837355693624e-05,0.22699350942482177,0.14150396986014624,0.05825,0.025,0.02564102564102564
ROUTE_1,39,100,4,20,12,PLANNING_SENSITIVITY_ONLY_NOT_AN_AUTHORIZED_IDENTITY_CHANGE,0.2,0.35,TWENTY_FIVE_PERCENT_OF_OBSERVED,0.1812934780863693,0.10564090116995406,0.19085,0.18546336594131732,0.1963553699521721,0.1807410769323633,-0.0005524011540060103,0.22416803722106649,0.14182361622162445,0.1131,0.025,0.02564102564102564
ROUTE_1,39,100,4,20,12,PLANNING_SENSITIVITY_ONLY_NOT_AN_AUTHORIZED_IDENTITY_CHANGE,0.2,0.35,FIFTY_PERCENT_OF_OBSERVED,0.3625869561727386,0.10564090116995406,0.4506,0.4437145270518122,0.4575044461105309,0.3535770292247781,-0.00900992694796049,0.21012836609184496,0.14176572414291674,0.30995,0.025,0.02564102564102564
ROUTE_1,39,100,4,20,12,PLANNING_SENSITIVITY_ONLY_NOT_AN_AUTHORIZED_IDENTITY_CHANGE,0.2,0.55,NULL,0.0,0.10564090116995406,0.0458,0.042988941101338385,0.04878550445202706,0.0006348541180613395,0.0006348541180613395,0.22381126608257862,0.13897533237551427,0.0178,0.025,0.02564102564102564
ROUTE_1,39,100,4,20,12,PLANNING_SENSITIVITY_ONLY_NOT_AN_AUTHORIZED_IDENTITY_CHANGE,0.2,0.55,MODEST_0_05,0.05,0.10564090116995406,0.06875,0.06532544233681103,0.07234018876157922,0.045663174323994284,-0.004336825676005719,0.22138594986851598,0.13885475199384223,0.02905,0.025,0.02564102564102564
ROUTE_1,39,100,4,20,12,PLANNING_SENSITIVITY_ONLY_NOT_AN_AUTHORIZED_IDENTITY_CHANGE,0.2,0.55,MODEST_0_10,0.1,0.10564090116995406,0.0999,0.09582065946575787,0.10413300778633706,0.09602759906994515,-0.0039724009300548535,0.21573459964866007,0.13920015967782542,0.0432,0.025,0.02564102564102564
ROUTE_1,39,100,4,20,12,PLANNING_SENSITIVITY_ONLY_NOT_AN_AUTHORIZED_IDENTITY_CHANGE,0.2,0.55,TWENTY_FIVE_PERCENT_OF_OBSERVED,0.1812934780863693,0.10564090116995406,0.17215,0.1669811464448755,0.17744477159711225,0.1726267927413812,-0.008666685344988101,0.2066268303988617,0.13890752565611877,0.0751,0.025,0.02564102564102564
ROUTE_1,39,100,4,20,12,PLANNING_SENSITIVITY_ONLY_NOT_AN_AUTHORIZED_IDENTITY_CHANGE,0.2,0.55,FIFTY_PERCENT_OF_OBSERVED,0.3625869561727386,0.10564090116995406,0.392,0.385255421305038,0.3987860584830807,0.31248769810231336,-0.05009925807042526,0.16396436854193805,0.13907299989865715,0.1837,0.025,0.02564102564102564
ROUTE_2,39,100,4,20,12,PLANNING_SENSITIVITY_ONLY_NOT_AN_AUTHORIZED_IDENTITY_CHANGE,0.1,0.15,NULL,0.0,0.10564090116995406,0.05105,0.04808491847371529,0.05418751070106106,-0.0006488825891987973,-0.0006488825891987973,0.12272776004904347,0.09145154332725454,0.02605,0.025,0.02564102564102564
ROUTE_2,39,100,4,20,12,PLANNING_SENSITIVITY_ONLY_NOT_AN_AUTHORIZED_IDENTITY_CHANGE,0.1,0.15,MODEST_0_05,0.05,0.10564090116995406,0.1078,0.10357699836461065,0.11217363471779782,0.05093470862017879,0.0009347086201787896,0.12147286948295578,0.09132815690364064,0.0585,0.025,0.02564102564102564
ROUTE_2,39,100,4,20,12,PLANNING_SENSITIVITY_ONLY_NOT_AN_AUTHORIZED_IDENTITY_CHANGE,0.1,0.15,MODEST_0_10,0.1,0.10564090116995406,0.19365,0.1882325332097487,0.19918512728182652,0.0985183377091611,-0.0014816622908389032,0.12194516169987457,0.09121202658833226,0.1129,0.025,0.02564102564102564
ROUTE_2,39,100,4,20,12,PLANNING_SENSITIVITY_ONLY_NOT_AN_AUTHORIZED_IDENTITY_CHANGE,0.1,0.15,TWENTY_FIVE_PERCENT_OF_OBSERVED,0.1812934780863693,0.10564090116995406,0.4165,0.4096844650772398,0.42334760494412965,0.18235008297997105,0.001056604893601737,0.12199392445149923,0.09133875622887441,0.28465,0.025,0.02564102564102564
ROUTE_2,39,100,4,20,12,PLANNING_SENSITIVITY_ONLY_NOT_AN_AUTHORIZED_IDENTITY_CHANGE,0.1,0.15,FIFTY_PERCENT_OF_OBSERVED,0.3625869561727386,0.10564090116995406,0.8854,0.8809111541584566,0.8897408244494979,0.36268472192443235,9.776575169373469e-05,0.1214657742144094,0.09123129029062366,0.78645,0.025,0.02564102564102564
ROUTE_2,39,100,4,20,12,PLANNING_SENSITIVITY_ONLY_NOT_AN_AUTHORIZED_IDENTITY_CHANGE,0.1,0.35,NULL,0.0,0.10564090116995406,0.04955,0.04662795118239311,0.05264505410055154,0.0006125583593695593,0.0006125583593695593,0.121632968369597,0.09149055513097341,0.0246,0.025,0.02564102564102564
ROUTE_2,39,100,4,20,12,PLANNING_SENSITIVITY_ONLY_NOT_AN_AUTHORIZED_IDENTITY_CHANGE,0.1,0.35,MODEST_0_05,0.05,0.10564090116995406,0.10285,0.09871611936479095,0.10713641487457294,0.048857587139226485,-0.0011424128607735173,0.12156464790389387,0.09098488135629265,0.0566,0.025,0.02564102564102564
ROUTE_2,39,100,4,20,12,PLANNING_SENSITIVITY_ONLY_NOT_AN_AUTHORIZED_IDENTITY_CHANGE,0.1,0.35,MODEST_0_10,0.1,0.10564090116995406,0.19215,0.18674899555546395,0.1976692410442796,0.09982409637205993,-0.00017590362794007997,0.12213156709077665,0.09147286273455851,0.1162,0.025,0.02564102564102564
ROUTE_2,39,100,4,20,12,PLANNING_SENSITIVITY_ONLY_NOT_AN_AUTHORIZED_IDENTITY_CHANGE,0.1,0.35,TWENTY_FIVE_PERCENT_OF_OBSERVED,0.1812934780863693,0.10564090116995406,0.41415,0.40734051110042946,0.4209924614904037,0.18128496261692456,-8.51546944474757e-06,0.12239310752271072,0.09118953448760089,0.27975,0.025,0.02564102564102564
ROUTE_2,39,100,4,20,12,PLANNING_SENSITIVITY_ONLY_NOT_AN_AUTHORIZED_IDENTITY_CHANGE,0.1,0.35,FIFTY_PERCENT_OF_OBSERVED,0.3625869561727386,0.10564090116995406,0.88425,0.8797421705250953,0.8886102497657883,0.36146435694992507,-0.0011225992228135473,0.12029074822607984,0.09152894889983462,0.7824,0.025,0.02564102564102564
ROUTE_2,39,100,4,20,12,PLANNING_SENSITIVITY_ONLY_NOT_AN_AUTHORIZED_IDENTITY_CHANGE,0.1,0.55,NULL,0.0,0.10564090116995406,0.0483,0.04541439230198211,0.05135909307110282,-0.00018085959792666956,-0.00018085959792666956,0.12226662166479522,0.09120796056311056,0.02355,0.025,0.02564102564102564
ROUTE_2,39,100,4,20,12,PLANNING_SENSITIVITY_ONLY_NOT_AN_AUTHORIZED_IDENTITY_CHANGE,0.1,0.55,MODEST_0_05,0.05,0.10564090116995406,0.1069,0.10269298544627561,0.11125799330103384,0.049910312902289304,-8.968709771069866e-05,0.12120447482645612,0.09128299978143166,0.056,0.025,0.02564102564102564
ROUTE_2,39,100,4,20,12,PLANNING_SENSITIVITY_ONLY_NOT_AN_AUTHORIZED_IDENTITY_CHANGE,0.1,0.55,MODEST_0_10,0.1,0.10564090116995406,0.1931,0.18768855468108556,0.19862931705015144,0.09931855356363278,-0.0006814464363672224,0.12062638445714566,0.09120650017864858,0.1137,0.025,0.02564102564102564
ROUTE_2,39,100,4,20,12,PLANNING_SENSITIVITY_ONLY_NOT_AN_AUTHORIZED_IDENTITY_CHANGE,0.1,0.55,TWENTY_FIVE_PERCENT_OF_OBSERVED,0.1812934780863693,0.10564090116995406,0.407,0.4002098924662973,0.41382582624013814,0.17843795500424597,-0.0028555230821233346,0.11968919782150325,0.09099627404612963,0.2733,0.025,0.02564102564102564
ROUTE_2,39,100,4,20,12,PLANNING_SENSITIVITY_ONLY_NOT_AN_AUTHORIZED_IDENTITY_CHANGE,0.1,0.55,FIFTY_PERCENT_OF_OBSERVED,0.3625869561727386,0.10564090116995406,0.8798,0.8752200136876689,0.884234115724114,0.3369934412534593,-0.025593514919279303,0.10062603770317805,0.0912848168541604,0.76485,0.025,0.02564102564102564
ROUTE_2,39,100,4,20,12,PLANNING_SENSITIVITY_ONLY_NOT_AN_AUTHORIZED_IDENTITY_CHANGE,0.2,0.15,NULL,0.0,0.10564090116995406,0.04955,0.04662795118239311,0.05264505410055154,-0.0017883149267901824,-0.0017883149267901824,0.21395829255245144,0.14200981242714786,0.02535,0.025,0.02564102564102564
ROUTE_2,39,100,4,20,12,PLANNING_SENSITIVITY_ONLY_NOT_AN_AUTHORIZED_IDENTITY_CHANGE,0.2,0.15,MODEST_0_05,0.05,0.10564090116995406,0.0794,0.07573330158268084,0.08322823914771436,0.04885431187802068,-0.0011456881219793213,0.21304099512435112,0.14205449019509997,0.0411,0.025,0.02564102564102564
ROUTE_2,39,100,4,20,12,PLANNING_SENSITIVITY_ONLY_NOT_AN_AUTHORIZED_IDENTITY_CHANGE,0.2,0.15,MODEST_0_10,0.1,0.10564090116995406,0.11375,0.10942362434495818,0.11822472350838263,0.09887296885594124,-0.0011270311440587655,0.21232485884747201,0.1419514610843367,0.06175,0.025,0.02564102564102564
ROUTE_2,39,100,4,20,12,PLANNING_SENSITIVITY_ONLY_NOT_AN_AUTHORIZED_IDENTITY_CHANGE,0.2,0.15,TWENTY_FIVE_PERCENT_OF_OBSERVED,0.1812934780863693,0.10564090116995406,0.20475,0.19921456545155639,0.21039883183957334,0.18144094472446762,0.00014746663809830918,0.21337030763452422,0.14177764485660074,0.12045,0.025,0.02564102564102564
ROUTE_2,39,100,4,20,12,PLANNING_SENSITIVITY_ONLY_NOT_AN_AUTHORIZED_IDENTITY_CHANGE,0.2,0.15,FIFTY_PERCENT_OF_OBSERVED,0.3625869561727386,0.10564090116995406,0.49755,0.4906216999227112,0.5044792410539637,0.36363354026153527,0.0010465840887966538,0.20786713458501327,0.14208527068491328,0.35025,0.025,0.02564102564102564
ROUTE_2,39,100,4,20,12,PLANNING_SENSITIVITY_ONLY_NOT_AN_AUTHORIZED_IDENTITY_CHANGE,0.2,0.35,NULL,0.0,0.10564090116995406,0.0517,0.04871649951539003,0.05485568001251338,0.0008694774906089539,0.0008694774906089539,0.21404146642839214,0.14170388742693452,0.02645,0.025,0.02564102564102564
ROUTE_2,39,100,4,20,12,PLANNING_SENSITIVITY_ONLY_NOT_AN_AUTHORIZED_IDENTITY_CHANGE,0.2,0.35,MODEST_0_05,0.05,0.10564090116995406,0.0791,0.0754398318408405,0.0829218241111884,0.04766973443810688,-0.0023302655618931203,0.2133913821113006,0.14156183896628138,0.0423,0.025,0.02564102564102564
ROUTE_2,39,100,4,20,12,PLANNING_SENSITIVITY_ONLY_NOT_AN_AUTHORIZED_IDENTITY_CHANGE,0.2,0.35,MODEST_0_10,0.1,0.10564090116995406,0.11515,0.11079986761997565,0.11964794253240807,0.09950034454508609,-0.0004996554549139137,0.21109630670843033,0.1416736627815231,0.0651,0.025,0.02564102564102564
ROUTE_2,39,100,4,20,12,PLANNING_SENSITIVITY_ONLY_NOT_AN_AUTHORIZED_IDENTITY_CHANGE,0.2,0.35,TWENTY_FIVE_PERCENT_OF_OBSERVED,0.1812934780863693,0.10564090116995406,0.2017,0.1961963157108524,0.20731825300021955,0.1801579903228713,-0.0011354877634980054,0.209966825459572,0.1415934543787306,0.11985,0.025,0.02564102564102564
ROUTE_2,39,100,4,20,12,PLANNING_SENSITIVITY_ONLY_NOT_AN_AUTHORIZED_IDENTITY_CHANGE,0.2,0.35,FIFTY_PERCENT_OF_OBSERVED,0.3625869561727386,0.10564090116995406,0.49665,0.48972194507974887,0.503579341561827,0.35349299219490915,-0.009093963977829467,0.1956431866442505,0.14166710068411084,0.34485,0.025,0.02564102564102564
ROUTE_2,39,100,4,20,12,PLANNING_SENSITIVITY_ONLY_NOT_AN_AUTHORIZED_IDENTITY_CHANGE,0.2,0.55,NULL,0.0,0.10564090116995406,0.0454,0.0426010838804632,0.04837351530174713,-0.0008218174556482614,-0.0008218174556482614,0.2087650450990222,0.13883952231954155,0.0187,0.025,0.02564102564102564
ROUTE_2,39,100,4,20,12,PLANNING_SENSITIVITY_ONLY_NOT_AN_AUTHORIZED_IDENTITY_CHANGE,0.2,0.55,MODEST_0_05,0.05,0.10564090116995406,0.0715,0.06801078735790951,0.07515378754217215,0.04878415251279369,-0.001215847487206316,0.2076448949324672,0.13883293535935257,0.0311,0.025,0.02564102564102564
ROUTE_2,39,100,4,20,12,PLANNING_SENSITIVITY_ONLY_NOT_AN_AUTHORIZED_IDENTITY_CHANGE,0.2,0.55,MODEST_0_10,0.1,0.10564090116995406,0.0996,0.09552626778393575,0.10382751468979282,0.09561405688341032,-0.004385943116589686,0.2012764792161913,0.13901726878049342,0.04695,0.025,0.02564102564102564
ROUTE_2,39,100,4,20,12,PLANNING_SENSITIVITY_ONLY_NOT_AN_AUTHORIZED_IDENTITY_CHANGE,0.2,0.55,TWENTY_FIVE_PERCENT_OF_OBSERVED,0.1812934780863693,0.10564090116995406,0.1789,0.1736500812398752,0.1842732443153552,0.17212219545660581,-0.009171282629763494,0.19231185549567892,0.13872650351899127,0.08475,0.025,0.02564102564102564
ROUTE_2,39,100,4,20,12,PLANNING_SENSITIVITY_ONLY_NOT_AN_AUTHORIZED_IDENTITY_CHANGE,0.2,0.55,FIFTY_PERCENT_OF_OBSERVED,0.3625869561727386,0.10564090116995406,0.4061,0.3993124376523721,0.4129236267189643,0.3117812900340766,-0.050805666138662,0.1568977964258087,0.13911010857235412,0.22655,0.025,0.02564102564102564
ROUTE_1,39,150,2,31,16,REQUIRED_FULL_47_IDENTITY_DESIGN,0.1,0.15,NULL,0.0,0.08485281374238571,0.05055,0.04759918006122787,0.053673441149604574,-0.000342432944487065,-0.000342432944487065,0.13333744117213678,0.08229803851476195,0.02515,0.025,0.02564102564102564
ROUTE_1,39,150,2,31,16,REQUIRED_FULL_47_IDENTITY_DESIGN,0.1,0.15,MODEST_0_05,0.05,0.08485281374238571,0.10345,0.09930515936468795,0.10774714443140862,0.0516235709498329,0.0016235709498328976,0.13312632567046873,0.08222733989539197,0.058,0.025,0.02564102564102564
ROUTE_1,39,150,2,31,16,REQUIRED_FULL_47_IDENTITY_DESIGN,0.1,0.15,MODEST_0_10,0.1,0.08485281374238571,0.1727,0.1675244331836232,0.17800127361870283,0.09927730779969537,-0.000722692200304631,0.13163464071991246,0.0823377802358606,0.09885,0.025,0.02564102564102564
ROUTE_1,39,150,2,31,16,REQUIRED_FULL_47_IDENTITY_DESIGN,0.1,0.15,TWENTY_FIVE_PERCENT_OF_OBSERVED,0.1812934780863693,0.08485281374238571,0.3696,0.3629359287594166,0.3763141542440155,0.18127438761689135,-1.9090469477955896e-05,0.13354675338070393,0.08227924819706853,0.2451,0.025,0.02564102564102564
ROUTE_1,39,150,2,31,16,REQUIRED_FULL_47_IDENTITY_DESIGN,0.1,0.15,FIFTY_PERCENT_OF_OBSERVED,0.3625869561727386,0.08485281374238571,0.83285,0.8276152400985824,0.8379569214988686,0.363583390216135,0.000996434043396388,0.1317570224142603,0.08243281394377124,0.71425,0.025,0.02564102564102564
ROUTE_1,39,150,2,31,16,REQUIRED_FULL_47_IDENTITY_DESIGN,0.1,0.35,NULL,0.0,0.08485281374238571,0.05085,0.047890613311229645,0.053981892677969136,-0.0003066917079543962,-0.0003066917079543962,0.13283371578587658,0.08235030186438212,0.024,0.025,0.02564102564102564
ROUTE_1,39,150,2,31,16,REQUIRED_FULL_47_IDENTITY_DESIGN,0.1,0.35,MODEST_0_05,0.05,0.08485281374238571,0.09965,0.09557533225981617,0.10387843101030682,0.05070104706555242,0.000701047065552414,0.13233099101387832,0.08242179571174049,0.05435,0.025,0.02564102564102564
ROUTE_1,39,150,2,31,16,REQUIRED_FULL_47_IDENTITY_DESIGN,0.1,0.35,MODEST_0_10,0.1,0.08485281374238571,0.1752,0.16999416175150045,0.18053058487054507,0.09850921780873437,-0.0014907821912656383,0.13289125147930533,0.08228098604127995,0.1031,0.025,0.02564102564102564
ROUTE_1,39,150,2,31,16,REQUIRED_FULL_47_IDENTITY_DESIGN,0.1,0.35,TWENTY_FIVE_PERCENT_OF_OBSERVED,0.1812934780863693,0.08485281374238571,0.37125,0.3645794779964443,0.3779699712880027,0.18162506001369966,0.00033158192733034886,0.13244118441137212,0.08230979843341324,0.24585,0.025,0.02564102564102564
ROUTE_1,39,150,2,31,16,REQUIRED_FULL_47_IDENTITY_DESIGN,0.1,0.35,FIFTY_PERCENT_OF_OBSERVED,0.3625869561727386,0.08485281374238571,0.83535,0.8301458673576249,0.8404253340595459,0.3624331192270776,-0.00015383694566101225,0.13113008078610933,0.08240988497418887,0.7183,0.025,0.02564102564102564
ROUTE_1,39,150,2,31,16,REQUIRED_FULL_47_IDENTITY_DESIGN,0.1,0.55,NULL,0.0,0.08485281374238571,0.0496,0.04667650466678262,0.05269648141255642,0.0009851329566530193,0.0009851329566530193,0.13223142087906098,0.08220365383137732,0.02575,0.025,0.02564102564102564
ROUTE_1,39,150,2,31,16,REQUIRED_FULL_47_IDENTITY_DESIGN,0.1,0.55,MODEST_0_05,0.05,0.08485281374238571,0.0986,0.09454504623208046,0.10280912031376033,0.04996152408543515,-3.8475914564850555e-05,0.1320460406360654,0.08227383535271508,0.05265,0.025,0.02564102564102564
ROUTE_1,39,150,2,31,16,REQUIRED_FULL_47_IDENTITY_DESIGN,0.1,0.55,MODEST_0_10,0.1,0.08485281374238571,0.1813,0.17602194004975275,0.18670046373240828,0.1006637740326635,0.0006637740326634889,0.133672313899345,0.0822529763111384,0.10435,0.025,0.02564102564102564
ROUTE_1,39,150,2,31,16,REQUIRED_FULL_47_IDENTITY_DESIGN,0.1,0.55,TWENTY_FIVE_PERCENT_OF_OBSERVED,0.1812934780863693,0.08485281374238571,0.36695,0.36029646464449244,0.37365463615003697,0.1810658363881901,-0.00022764169817920954,0.12941994501551438,0.08243770194016527,0.2429,0.025,0.02564102564102564
ROUTE_1,39,150,2,31,16,REQUIRED_FULL_47_IDENTITY_DESIGN,0.1,0.55,FIFTY_PERCENT_OF_OBSERVED,0.3625869561727386,0.08485281374238571,0.83025,0.8249838296996963,0.8353893304852467,0.34155683724181,-0.0210301189309286,0.10570632501401357,0.08244244167438673,0.70855,0.025,0.02564102564102564
ROUTE_1,39,150,2,31,16,REQUIRED_FULL_47_IDENTITY_DESIGN,0.2,0.15,NULL,0.0,0.08485281374238571,0.0483,0.04541439230198211,0.05135909307110282,-0.001982359157411723,-0.001982359157411723,0.22145063854505947,0.13628666498586892,0.025,0.025,0.02564102564102564
ROUTE_1,39,150,2,31,16,REQUIRED_FULL_47_IDENTITY_DESIGN,0.2,0.15,MODEST_0_05,0.05,0.08485281374238571,0.0756,0.07201721123333708,0.07934578897108453,0.047491358027618086,-0.002508641972381917,0.22060364263265647,0.1361076591555855,0.03955,0.025,0.02564102564102564
ROUTE_1,39,150,2,31,16,REQUIRED_FULL_47_IDENTITY_DESIGN,0.2,0.15,MODEST_0_10,0.1,0.08485281374238571,0.11565,0.11129143381480254,0.1201561843015251,0.09861876970250893,-0.0013812302974910706,0.22165376469686127,0.13626173675659856,0.06215,0.025,0.02564102564102564
ROUTE_1,39,150,2,31,16,REQUIRED_FULL_47_IDENTITY_DESIGN,0.2,0.15,TWENTY_FIVE_PERCENT_OF_OBSERVED,0.1812934780863693,0.08485281374238571,0.1934,0.18798526813415456,0.19893248837544875,0.18028990172070802,-0.001003576365661285,0.2193250796125429,0.13648614243503354,0.1146,0.025,0.02564102564102564
ROUTE_1,39,150,2,31,16,REQUIRED_FULL_47_IDENTITY_DESIGN,0.2,0.15,FIFTY_PERCENT_OF_OBSERVED,0.3625869561727386,0.08485281374238571,0.47725,0.4703326896561241,0.48417604798442865,0.3641771232972093,0.0015901671244706872,0.21713690480925732,0.13634905842057865,0.33625,0.025,0.02564102564102564
ROUTE_1,39,150,2,31,16,REQUIRED_FULL_47_IDENTITY_DESIGN,0.2,0.35,NULL,0.0,0.08485281374238571,0.05095,0.047987764265624094,0.054084703316363475,0.0012522959508781137,0.0012522959508781137,0.21858595702873185,0.13616785517078506,0.0249,0.025,0.02564102564102564
ROUTE_1,39,150,2,31,16,REQUIRED_FULL_47_IDENTITY_DESIGN,0.2,0.35,MODEST_0_05,0.05,0.08485281374238571,0.07695,0.07333710076219695,0.08072538094487318,0.04867828027923426,-0.0013217197207657447,0.22002685639631428,0.13613654459158023,0.0409,0.025,0.02564102564102564
ROUTE_1,39,150,2,31,16,REQUIRED_FULL_47_IDENTITY_DESIGN,0.2,0.35,MODEST_0_10,0.1,0.08485281374238571,0.1148,0.11045578710986326,0.11929215746775973,0.0997212984061611,-0.0002787015938389009,0.2191500639489296,0.1361208279717198,0.06335,0.025,0.02564102564102564
ROUTE_1,39,150,2,31,16,REQUIRED_FULL_47_IDENTITY_DESIGN,0.2,0.35,TWENTY_FIVE_PERCENT_OF_OBSERVED,0.1812934780863693,0.08485281374238571,0.1981,0.19263443372363362,0.20368151764704231,0.18287479894636827,0.001581320859998958,0.21705599934997627,0.13630832139665433,0.11575,0.025,0.02564102564102564
ROUTE_1,39,150,2,31,16,REQUIRED_FULL_47_IDENTITY_DESIGN,0.2,0.35,FIFTY_PERCENT_OF_OBSERVED,0.3625869561727386,0.08485281374238571,0.4753,0.4683843475470251,0.4822251390341465,0.3518242570824367,-0.01076269909030192,0.20119062931178355,0.1361758413612429,0.3295,0.025,0.02564102564102564
ROUTE_1,39,150,2,31,16,REQUIRED_FULL_47_IDENTITY_DESIGN,0.2,0.55,NULL,0.0,0.08485281374238571,0.05025,0.047307776423977946,0.05336496000848817,5.753405195713768e-05,5.753405195713768e-05,0.21627686424249437,0.13405823940627634,0.0214,0.025,0.02564102564102564
ROUTE_1,39,150,2,31,16,REQUIRED_FULL_47_IDENTITY_DESIGN,0.2,0.55,MODEST_0_05,0.05,0.08485281374238571,0.0755,0.07191945511955347,0.07924358349207936,0.05099397526380397,0.000993975263803966,0.21485449525397768,0.1341863066849899,0.03485,0.025,0.02564102564102564
ROUTE_1,39,150,2,31,16,REQUIRED_FULL_47_IDENTITY_DESIGN,0.2,0.55,MODEST_0_10,0.1,0.08485281374238571,0.1031,0.09896154731385057,0.10739089090748527,0.09481963859413699,-0.005180361405863018,0.2088504983551562,0.13411088372540542,0.04805,0.025,0.02564102564102564
ROUTE_1,39,150,2,31,16,REQUIRED_FULL_47_IDENTITY_DESIGN,0.2,0.55,TWENTY_FIVE_PERCENT_OF_OBSERVED,0.1812934780863693,0.08485281374238571,0.184,0.17869069791124892,0.18943066887620919,0.1706931923472278,-0.010600285739141513,0.20074847846088612,0.13419803800432437,0.0838,0.025,0.02564102564102564
ROUTE_1,39,150,2,31,16,REQUIRED_FULL_47_IDENTITY_DESIGN,0.2,0.55,FIFTY_PERCENT_OF_OBSERVED,0.3625869561727386,0.08485281374238571,0.42765,0.4208079482132227,0.4345198394040956,0.31342247572869375,-0.04916448044404487,0.1590133075958296,0.13413181690457407,0.2207,0.025,0.02564102564102564
ROUTE_2,39,150,2,31,16,REQUIRED_FULL_47_IDENTITY_DESIGN,0.1,0.15,NULL,0.0,0.08485281374238571,0.0517,0.04871649951539003,0.05485568001251338,-0.00017136986585084967,-0.00017136986585084967,0.11561485755531627,0.08237268497256053,0.0261,0.025,0.02564102564102564
ROUTE_2,39,150,2,31,16,REQUIRED_FULL_47_IDENTITY_DESIGN,0.1,0.15,MODEST_0_05,0.05,0.08485281374238571,0.1104,0.10613133799265631,0.11481829650226041,0.05112587530184982,0.0011258753018498144,0.11482218601429105,0.08248872412220366,0.06235,0.025,0.02564102564102564
ROUTE_2,39,150,2,31,16,REQUIRED_FULL_47_IDENTITY_DESIGN,0.1,0.15,MODEST_0_10,0.1,0.08485281374238571,0.2068,0.20124350116354778,0.21246910877975195,0.10017940523358258,0.00017940523358257743,0.11475102417398843,0.08241626258306925,0.1233,0.025,0.02564102564102564
ROUTE_2,39,150,2,31,16,REQUIRED_FULL_47_IDENTITY_DESIGN,0.1,0.15,TWENTY_FIVE_PERCENT_OF_OBSERVED,0.1812934780863693,0.08485281374238571,0.4426,0.4357279695635941,0.4494940761756467,0.1804313416836177,-0.0008621364027515954,0.11547628588014819,0.08248851218617997,0.30735,0.025,0.02564102564102564
ROUTE_2,39,150,2,31,16,REQUIRED_FULL_47_IDENTITY_DESIGN,0.1,0.15,FIFTY_PERCENT_OF_OBSERVED,0.3625869561727386,0.08485281374238571,0.9146,0.9106466667663626,0.9183940969359152,0.3632169536567496,0.0006299974840109912,0.11506775137779789,0.08219169022619059,0.8288,0.025,0.02564102564102564
ROUTE_2,39,150,2,31,16,REQUIRED_FULL_47_IDENTITY_DESIGN,0.1,0.35,NULL,0.0,0.08485281374238571,0.0505,0.047550610725174164,0.0536220296892639,0.0010535561774672477,0.0010535561774672477,0.11459026150701218,0.08224054551510317,0.0248,0.025,0.02564102564102564
ROUTE_2,39,150,2,31,16,REQUIRED_FULL_47_IDENTITY_DESIGN,0.1,0.35,MODEST_0_05,0.05,0.08485281374238571,0.10725,0.10303675700949909,0.1116140873125711,0.04928300549658658,-0.0007169945034134206,0.11449202936247851,0.08245769068009218,0.0589,0.025,0.02564102564102564
ROUTE_2,39,150,2,31,16,REQUIRED_FULL_47_IDENTITY_DESIGN,0.1,0.35,MODEST_0_10,0.1,0.08485281374238571,0.208,0.20243127265709984,0.21368087639966518,0.09982483793732135,-0.0001751620626786604,0.11465183925221939,0.08202131016099895,0.1242,0.025,0.02564102564102564
ROUTE_2,39,150,2,31,16,REQUIRED_FULL_47_IDENTITY_DESIGN,0.1,0.35,TWENTY_FIVE_PERCENT_OF_OBSERVED,0.1812934780863693,0.08485281374238571,0.44475,0.4378741795281674,0.45164704045603216,0.18171497239534462,0.00042149430897531204,0.11513551970859609,0.08233516332111378,0.31145,0.025,0.02564102564102564
ROUTE_2,39,150,2,31,16,REQUIRED_FULL_47_IDENTITY_DESIGN,0.1,0.35,FIFTY_PERCENT_OF_OBSERVED,0.3625869561727386,0.08485281374238571,0.91365,0.9096773983871231,0.9174637301836615,0.36291773237164754,0.00033077619890892196,0.11365745018747933,0.08242978666896561,0.8296,0.025,0.02564102564102564
ROUTE_2,39,150,2,31,16,REQUIRED_FULL_47_IDENTITY_DESIGN,0.1,0.55,NULL,0.0,0.08485281374238571,0.04845,0.045559990800755165,0.05151343696151292,8.942384036928484e-05,8.942384036928484e-05,0.11379766274710074,0.0824254377584105,0.0244,0.025,0.02564102564102564
ROUTE_2,39,150,2,31,16,REQUIRED_FULL_47_IDENTITY_DESIGN,0.1,0.55,MODEST_0_05,0.05,0.08485281374238571,0.1081,0.10387169028170334,0.11247882757907146,0.04932842368234484,-0.0006715763176551662,0.11446612103888881,0.08216622284366246,0.0592,0.025,0.02564102564102564
ROUTE_2,39,150,2,31,16,REQUIRED_FULL_47_IDENTITY_DESIGN,0.1,0.55,MODEST_0_10,0.1,0.08485281374238571,0.21825,0.21257981307943336,0.22402839923818157,0.10230704045536168,0.0023070404553616752,0.11496430987239566,0.08215052588779785,0.1319,0.025,0.02564102564102564
ROUTE_2,39,150,2,31,16,REQUIRED_FULL_47_IDENTITY_DESIGN,0.1,0.55,TWENTY_FIVE_PERCENT_OF_OBSERVED,0.1812934780863693,0.08485281374238571,0.4446,0.43772443971323716,0.4514968378817792,0.1797034466929172,-0.001590031393452096,0.11256720595592715,0.08230417951735851,0.3072,0.025,0.02564102564102564
ROUTE_2,39,150,2,31,16,REQUIRED_FULL_47_IDENTITY_DESIGN,0.1,0.55,FIFTY_PERCENT_OF_OBSERVED,0.3625869561727386,0.08485281374238571,0.9118,0.9077902784725039,0.9156515606316883,0.341895130667524,-0.02069182550521459,0.09457632575531669,0.08219504697474256,0.82415,0.025,0.02564102564102564
ROUTE_2,39,150,2,31,16,REQUIRED_FULL_47_IDENTITY_DESIGN,0.2,0.15,NULL,0.0,0.08485281374238571,0.0494,0.04648229581148323,0.052490767082278254,-0.0020851139780786792,-0.0020851139780786792,0.20949576514531706,0.13625134229875982,0.02465,0.025,0.02564102564102564
ROUTE_2,39,150,2,31,16,REQUIRED_FULL_47_IDENTITY_DESIGN,0.2,0.15,MODEST_0_05,0.05,0.08485281374238571,0.07735,0.07372824350304213,0.08113408457518312,0.05070639852478764,0.0007063985247876339,0.21038829224254182,0.13645445620253355,0.0421,0.025,0.02564102564102564
ROUTE_2,39,150,2,31,16,REQUIRED_FULL_47_IDENTITY_DESIGN,0.2,0.15,MODEST_0_10,0.1,0.08485281374238571,0.1148,0.11045578710986326,0.11929215746775973,0.10009953734899357,9.953734899356692e-05,0.20888575052911926,0.13652343615416845,0.0641,0.025,0.02564102564102564
ROUTE_2,39,150,2,31,16,REQUIRED_FULL_47_IDENTITY_DESIGN,0.2,0.15,TWENTY_FIVE_PERCENT_OF_OBSERVED,0.1812934780863693,0.08485281374238571,0.2114,0.20579702871124717,0.2171138145003364,0.1809910626406449,-0.00030241544572440215,0.20984625650758715,0.13626490547639533,0.1259,0.025,0.02564102564102564
ROUTE_2,39,150,2,31,16,REQUIRED_FULL_47_IDENTITY_DESIGN,0.2,0.15,FIFTY_PERCENT_OF_OBSERVED,0.3625869561727386,0.08485281374238571,0.5083,0.5013705069095822,0.5152263052918864,0.36128476542527194,-0.0013021907474666805,0.2073967598378089,0.13642484503203373,0.3617,0.025,0.02564102564102564
ROUTE_2,39,150,2,31,16,REQUIRED_FULL_47_IDENTITY_DESIGN,0.2,0.35,NULL,0.0,0.08485281374238571,0.04975,0.04682217018525079,0.052850758283271425,-0.0018727507862588758,-0.0018727507862588758,0.20809190632059804,0.1362256792497046,0.02505,0.025,0.02564102564102564
ROUTE_2,39,150,2,31,16,REQUIRED_FULL_47_IDENTITY_DESIGN,0.2,0.35,MODEST_0_05,0.05,0.08485281374238571,0.081,0.07729873780124324,0.08486218841377244,0.04951080857551972,-0.0004891914244802842,0.2097383384018992,0.13591855457736252,0.0417,0.025,0.02564102564102564
ROUTE_2,39,150,2,31,16,REQUIRED_FULL_47_IDENTITY_DESIGN,0.2,0.35,MODEST_0_10,0.1,0.08485281374238571,0.1168,0.11242213624991088,0.12132504018348772,0.09877475577169748,-0.00122524422830253,0.20846146139016877,0.13608754597862574,0.06315,0.025,0.02564102564102564
ROUTE_2,39,150,2,31,16,REQUIRED_FULL_47_IDENTITY_DESIGN,0.2,0.35,TWENTY_FIVE_PERCENT_OF_OBSERVED,0.1812934780863693,0.08485281374238571,0.2075,0.20193635877631194,0.2131759823165092,0.17784204197457065,-0.003451436111798656,0.2074926531255013,0.13614988733270128,0.12415,0.025,0.02564102564102564
ROUTE_2,39,150,2,31,16,REQUIRED_FULL_47_IDENTITY_DESIGN,0.2,0.35,FIFTY_PERCENT_OF_OBSERVED,0.3625869561727386,0.08485281374238571,0.51115,0.5042207277750821,0.5180749898208667,0.3565608731601368,-0.006026083012601824,0.1936225900855237,0.1362372790722047,0.3622,0.025,0.02564102564102564
ROUTE_2,39,150,2,31,16,REQUIRED_FULL_47_IDENTITY_DESIGN,0.2,0.55,NULL,0.0,0.08485281374238571,0.0475,0.0446380012200997,0.05053579141067499,-0.00016191189632775398,-0.00016191189632775398,0.2076877723317632,0.13400909376420714,0.0219,0.025,0.02564102564102564
ROUTE_2,39,150,2,31,16,REQUIRED_FULL_47_IDENTITY_DESIGN,0.2,0.55,MODEST_0_05,0.05,0.08485281374238571,0.07085,0.06737592824480618,0.07448889630214842,0.0514854179183209,0.0014854179183208943,0.20349413318854565,0.13401353438645042,0.03275,0.025,0.02564102564102564
ROUTE_2,39,150,2,31,16,REQUIRED_FULL_47_IDENTITY_DESIGN,0.2,0.55,MODEST_0_10,0.1,0.08485281374238571,0.1101,0.10583656723558865,0.11451318248096173,0.09811879768815213,-0.0018812023118478793,0.20039641157365606,0.13406033814631188,0.05105,0.025,0.02564102564102564
ROUTE_2,39,150,2,31,16,REQUIRED_FULL_47_IDENTITY_DESIGN,0.2,0.55,TWENTY_FIVE_PERCENT_OF_OBSERVED,0.1812934780863693,0.08485281374238571,0.1873,0.18195310167266635,0.19276699767682146,0.17125892693028827,-0.01003455115608104,0.1917678412518956,0.13409396343487742,0.0942,0.025,0.02564102564102564
ROUTE_2,39,150,2,31,16,REQUIRED_FULL_47_IDENTITY_DESIGN,0.2,0.55,FIFTY_PERCENT_OF_OBSERVED,0.3625869561727386,0.08485281374238571,0.44335,0.43647663262797287,0.45024512505718384,0.31393509830673344,-0.04865185786600518,0.15510851435149697,0.13384713439657525,0.2468,0.025,0.02564102564102564
ROUTE_1,39,150,2,20,12,PLANNING_SENSITIVITY_ONLY_NOT_AN_AUTHORIZED_IDENTITY_CHANGE,0.1,0.15,NULL,0.0,0.12198360545581527,0.0508,0.047842039057003814,0.05393048613580057,-0.0008996496689171664,-0.0008996496689171664,0.16087248443545207,0.09895393825788493,0.0245,0.025,0.02564102564102564
ROUTE_1,39,150,2,20,12,PLANNING_SENSITIVITY_ONLY_NOT_AN_AUTHORIZED_IDENTITY_CHANGE,0.1,0.15,MODEST_0_05,0.05,0.12198360545581527,0.08985,0.08596513747812844,0.09389238969869419,0.04955179389195248,-0.0004482061080475219,0.16103461203027236,0.09903104607182289,0.05015,0.025,0.02564102564102564
ROUTE_1,39,150,2,20,12,PLANNING_SENSITIVITY_ONLY_NOT_AN_AUTHORIZED_IDENTITY_CHANGE,0.1,0.15,MODEST_0_10,0.1,0.12198360545581527,0.15145,0.1465486759034123,0.15648519243129821,0.10090094551630815,0.0009009455163081492,0.16045349017138746,0.09920047108387657,0.0852,0.025,0.02564102564102564
ROUTE_1,39,150,2,20,12,PLANNING_SENSITIVITY_ONLY_NOT_AN_AUTHORIZED_IDENTITY_CHANGE,0.1,0.15,TWENTY_FIVE_PERCENT_OF_OBSERVED,0.1812934780863693,0.12198360545581527,0.28955,0.2833050720290949,0.29587575594691956,0.18137374650674665,8.02684203773385e-05,0.15970273672775392,0.09891283285748305,0.1854,0.025,0.02564102564102564
ROUTE_1,39,150,2,20,12,PLANNING_SENSITIVITY_ONLY_NOT_AN_AUTHORIZED_IDENTITY_CHANGE,0.1,0.15,FIFTY_PERCENT_OF_OBSERVED,0.3625869561727386,0.12198360545581527,0.70385,0.6974838855937535,0.7101378213061726,0.3639195742585046,0.0013326180857659575,0.16068008236649267,0.09897538302453794,0.5593,0.025,0.02564102564102564
ROUTE_1,39,150,2,20,12,PLANNING_SENSITIVITY_ONLY_NOT_AN_AUTHORIZED_IDENTITY_CHANGE,0.1,0.35,NULL,0.0,0.12198360545581527,0.0513,0.04832781816968915,0.054444514987059135,0.0009610090493789425,0.0009610090493789425,0.16018769164549435,0.09906595021391994,0.02475,0.025,0.02564102564102564
ROUTE_1,39,150,2,20,12,PLANNING_SENSITIVITY_ONLY_NOT_AN_AUTHORIZED_IDENTITY_CHANGE,0.1,0.35,MODEST_0_05,0.05,0.12198360545581527,0.08995,0.08606313223600487,0.09399435653360655,0.04952943690482167,-0.0004705630951783307,0.15872900880643723,0.0989957863253174,0.0488,0.025,0.02564102564102564
ROUTE_1,39,150,2,20,12,PLANNING_SENSITIVITY_ONLY_NOT_AN_AUTHORIZED_IDENTITY_CHANGE,0.1,0.35,MODEST_0_10,0.1,0.12198360545581527,0.14845,0.1435900023553734,0.15344501819567374,0.10053662850761501,0.0005366285076150029,0.15892585037416063,0.09901905632876686,0.08295,0.025,0.02564102564102564
ROUTE_1,39,150,2,20,12,PLANNING_SENSITIVITY_ONLY_NOT_AN_AUTHORIZED_IDENTITY_CHANGE,0.1,0.35,TWENTY_FIVE_PERCENT_OF_OBSERVED,0.1812934780863693,0.12198360545581527,0.29045,0.2841991284376152,0.29678135387349824,0.1821841222344589,0.0008906441480895921,0.1606895151363055,0.09889901764724521,0.18615,0.025,0.02564102564102564
ROUTE_1,39,150,2,20,12,PLANNING_SENSITIVITY_ONLY_NOT_AN_AUTHORIZED_IDENTITY_CHANGE,0.1,0.35,FIFTY_PERCENT_OF_OBSERVED,0.3625869561727386,0.12198360545581527,0.70055,0.6941643028328132,0.7068586715050832,0.36063674427147974,-0.0019502119012588803,0.15494281818251038,0.09892617715239826,0.5583,0.025,0.02564102564102564
ROUTE_1,39,150,2,20,12,PLANNING_SENSITIVITY_ONLY_NOT_AN_AUTHORIZED_IDENTITY_CHANGE,0.1,0.55,NULL,0.0,0.12198360545581527,0.0468,0.043958847562615394,0.04981521391863784,-0.0008148862775215248,-0.0008148862775215248,0.1589870255692164,0.09890231955203609,0.02325,0.025,0.02564102564102564
ROUTE_1,39,150,2,20,12,PLANNING_SENSITIVITY_ONLY_NOT_AN_AUTHORIZED_IDENTITY_CHANGE,0.1,0.55,MODEST_0_05,0.05,0.12198360545581527,0.089,0.0851322420285451,0.09302561160957289,0.048985717224941,-0.0010142827750590014,0.15851433537739573,0.09874471441541742,0.04545,0.025,0.02564102564102564
ROUTE_1,39,150,2,20,12,PLANNING_SENSITIVITY_ONLY_NOT_AN_AUTHORIZED_IDENTITY_CHANGE,0.1,0.55,MODEST_0_10,0.1,0.12198360545581527,0.1467,0.14186442857987924,0.15167126409736426,0.09776847005649433,-0.0022315299435056724,0.15859035834148105,0.09885906383397915,0.08495,0.025,0.02564102564102564
ROUTE_1,39,150,2,20,12,PLANNING_SENSITIVITY_ONLY_NOT_AN_AUTHORIZED_IDENTITY_CHANGE,0.1,0.55,TWENTY_FIVE_PERCENT_OF_OBSERVED,0.1812934780863693,0.12198360545581527,0.29355,0.28727888508376925,0.2999004066037963,0.17988215964657012,-0.0014113184397991918,0.1540524752821351,0.09888993592080363,0.1817,0.025,0.02564102564102564
ROUTE_1,39,150,2,20,12,PLANNING_SENSITIVITY_ONLY_NOT_AN_AUTHORIZED_IDENTITY_CHANGE,0.1,0.55,FIFTY_PERCENT_OF_OBSERVED,0.3625869561727386,0.12198360545581527,0.7003,0.6939128353335431,0.7066102350223815,0.3331906900694925,-0.029396266103246138,0.12298879417241486,0.09870831177064501,0.53845,0.025,0.02564102564102564
ROUTE_1,39,150,2,20,12,PLANNING_SENSITIVITY_ONLY_NOT_AN_AUTHORIZED_IDENTITY_CHANGE,0.2,0.15,NULL,0.0,0.12198360545581527,0.04865,0.04575413435788266,0.05171921658996299,-0.0024129397780924037,-0.0024129397780924037,0.2378650232464755,0.14692889944348636,0.0242,0.025,0.02564102564102564
ROUTE_1,39,150,2,20,12,PLANNING_SENSITIVITY_ONLY_NOT_AN_AUTHORIZED_IDENTITY_CHANGE,0.2,0.15,MODEST_0_05,0.05,0.12198360545581527,0.07405,0.07050220413929646,0.07776139137689907,0.047072239173995715,-0.0029277608260042873,0.23738502851556997,0.1471448825398742,0.03985,0.025,0.02564102564102564
ROUTE_1,39,150,2,20,12,PLANNING_SENSITIVITY_ONLY_NOT_AN_AUTHORIZED_IDENTITY_CHANGE,0.2,0.15,MODEST_0_10,0.1,0.12198360545581527,0.10725,0.10303675700949909,0.1116140873125711,0.09888952729894639,-0.0011104727010536192,0.23710908754914237,0.14695161584417263,0.0597,0.025,0.02564102564102564
ROUTE_1,39,150,2,20,12,PLANNING_SENSITIVITY_ONLY_NOT_AN_AUTHORIZED_IDENTITY_CHANGE,0.2,0.15,TWENTY_FIVE_PERCENT_OF_OBSERVED,0.1812934780863693,0.12198360545581527,0.17875,0.17350185177082236,0.18412153139522483,0.17815711181559915,-0.003136366270770158,0.23648221872122147,0.14699231037253682,0.10525,0.025,0.02564102564102564
ROUTE_1,39,150,2,20,12,PLANNING_SENSITIVITY_ONLY_NOT_AN_AUTHORIZED_IDENTITY_CHANGE,0.2,0.15,FIFTY_PERCENT_OF_OBSERVED,0.3625869561727386,0.12198360545581527,0.4241,0.4172660031861566,0.43096314788716006,0.36009591275149416,-0.0024910434212444543,0.23395677952960522,0.14711439299063517,0.2933,0.025,0.02564102564102564
ROUTE_1,39,150,2,20,12,PLANNING_SENSITIVITY_ONLY_NOT_AN_AUTHORIZED_IDENTITY_CHANGE,0.2,0.35,NULL,0.0,0.12198360545581527,0.04815,0.04526880170100473,0.051204741282897016,-0.0005165796830294393,-0.0005165796830294393,0.2357878569377727,0.14662287502326837,0.02365,0.025,0.02564102564102564
ROUTE_1,39,150,2,20,12,PLANNING_SENSITIVITY_ONLY_NOT_AN_AUTHORIZED_IDENTITY_CHANGE,0.2,0.35,MODEST_0_05,0.05,0.12198360545581527,0.07415,0.07059993269767952,0.07786362441130477,0.04877787498899445,-0.001222125011005555,0.23602061099416755,0.1466816626627281,0.03755,0.025,0.02564102564102564
ROUTE_1,39,150,2,20,12,PLANNING_SENSITIVITY_ONLY_NOT_AN_AUTHORIZED_IDENTITY_CHANGE,0.2,0.35,MODEST_0_10,0.1,0.12198360545581527,0.10745,0.10323320433388619,0.11181756317376154,0.09851531765926784,-0.0014846823407321658,0.23369307084811236,0.14672758079463222,0.0566,0.025,0.02564102564102564
ROUTE_1,39,150,2,20,12,PLANNING_SENSITIVITY_ONLY_NOT_AN_AUTHORIZED_IDENTITY_CHANGE,0.2,0.35,TWENTY_FIVE_PERCENT_OF_OBSERVED,0.1812934780863693,0.12198360545581527,0.18215,0.17686205730641405,0.18756002001445163,0.18062481801376887,-0.000668660072600441,0.23231446603951425,0.1466908856011951,0.106,0.025,0.02564102564102564
ROUTE_1,39,150,2,20,12,PLANNING_SENSITIVITY_ONLY_NOT_AN_AUTHORIZED_IDENTITY_CHANGE,0.2,0.35,FIFTY_PERCENT_OF_OBSERVED,0.3625869561727386,0.12198360545581527,0.4307,0.42385131568448614,0.43757530051289,0.35016523459140453,-0.012421721581334089,0.21632022326098005,0.14676113239510089,0.28905,0.025,0.02564102564102564
ROUTE_1,39,150,2,20,12,PLANNING_SENSITIVITY_ONLY_NOT_AN_AUTHORIZED_IDENTITY_CHANGE,0.2,0.55,NULL,0.0,0.12198360545581527,0.04475,0.041970947075657385,0.04770390175342588,-0.004205185359868779,-0.004205185359868779,0.23217407731571452,0.14364553020442616,0.018,0.025,0.02564102564102564
ROUTE_1,39,150,2,20,12,PLANNING_SENSITIVITY_ONLY_NOT_AN_AUTHORIZED_IDENTITY_CHANGE,0.2,0.55,MODEST_0_05,0.05,0.12198360545581527,0.06785,0.06444694879932694,0.07141902796396427,0.047873199896979836,-0.002126800103020167,0.22950296251054017,0.14342459549966172,0.02675,0.025,0.02564102564102564
ROUTE_1,39,150,2,20,12,PLANNING_SENSITIVITY_ONLY_NOT_AN_AUTHORIZED_IDENTITY_CHANGE,0.2,0.55,MODEST_0_10,0.1,0.12198360545581527,0.09255,0.08861150835981843,0.09664498182230122,0.09371782838196907,-0.006282171618030935,0.22349151791509256,0.14367062525005028,0.03865,0.025,0.02564102564102564
ROUTE_1,39,150,2,20,12,PLANNING_SENSITIVITY_ONLY_NOT_AN_AUTHORIZED_IDENTITY_CHANGE,0.2,0.55,TWENTY_FIVE_PERCENT_OF_OBSERVED,0.1812934780863693,0.12198360545581527,0.15665,0.1516786366825667,0.16175323447716033,0.170017463600902,-0.011276014485467306,0.21191636605219064,0.14367080311673833,0.0625,0.025,0.02564102564102564
ROUTE_1,39,150,2,20,12,PLANNING_SENSITIVITY_ONLY_NOT_AN_AUTHORIZED_IDENTITY_CHANGE,0.2,0.55,FIFTY_PERCENT_OF_OBSERVED,0.3625869561727386,0.12198360545581527,0.3492,0.34262268703006166,0.3558352310444595,0.30769500135922634,-0.05489195481351228,0.16880176566101612,0.14331293127819014,0.1562,0.025,0.02564102564102564
ROUTE_2,39,150,2,20,12,PLANNING_SENSITIVITY_ONLY_NOT_AN_AUTHORIZED_IDENTITY_CHANGE,0.1,0.15,NULL,0.0,0.12198360545581527,0.0526,0.04959121814298659,0.05578061572001583,0.0027817100180157757,0.0027817100180157757,0.12818068563755647,0.098990070573511,0.0255,0.025,0.02564102564102564
ROUTE_2,39,150,2,20,12,PLANNING_SENSITIVITY_ONLY_NOT_AN_AUTHORIZED_IDENTITY_CHANGE,0.1,0.15,MODEST_0_05,0.05,0.12198360545581527,0.10255,0.09842161601836417,0.10683103344263338,0.04964901513676241,-0.00035098486323759115,0.12813392407900626,0.09894579964753025,0.05525,0.025,0.02564102564102564
ROUTE_2,39,150,2,20,12,PLANNING_SENSITIVITY_ONLY_NOT_AN_AUTHORIZED_IDENTITY_CHANGE,0.1,0.15,MODEST_0_10,0.1,0.12198360545581527,0.1869,0.1815576247110205,0.1923626282673122,0.10046486576193686,0.0004648657619368557,0.12727766489185954,0.09915168585362656,0.10825,0.025,0.02564102564102564
ROUTE_2,39,150,2,20,12,PLANNING_SENSITIVITY_ONLY_NOT_AN_AUTHORIZED_IDENTITY_CHANGE,0.1,0.15,TWENTY_FIVE_PERCENT_OF_OBSERVED,0.1812934780863693,0.12198360545581527,0.3841,0.37738208446297505,0.39086242949482997,0.18057870605638474,-0.0007147720299845728,0.12762805136172461,0.09906837029326003,0.25615,0.025,0.02564102564102564
ROUTE_2,39,150,2,20,12,PLANNING_SENSITIVITY_ONLY_NOT_AN_AUTHORIZED_IDENTITY_CHANGE,0.1,0.15,FIFTY_PERCENT_OF_OBSERVED,0.3625869561727386,0.12198360545581527,0.8571,0.8521811455720371,0.861881702276693,0.3635187862269049,0.0009318300541663049,0.12795811841270635,0.09923346159374129,0.74735,0.025,0.02564102564102564
ROUTE_2,39,150,2,20,12,PLANNING_SENSITIVITY_ONLY_NOT_AN_AUTHORIZED_IDENTITY_CHANGE,0.1,0.35,NULL,0.0,0.12198360545581527,0.0499,0.04696784327638812,0.05300502758131726,0.0003919522910033764,0.0003919522910033764,0.1274900546048145,0.09877520206580775,0.0242,0.025,0.02564102564102564
ROUTE_2,39,150,2,20,12,PLANNING_SENSITIVITY_ONLY_NOT_AN_AUTHORIZED_IDENTITY_CHANGE,0.1,0.35,MODEST_0_05,0.05,0.12198360545581527,0.10335,0.09920698295796271,0.10764535924534507,0.05013070530861304,0.0001307053086130397,0.1275441542514083,0.09923691844690741,0.0547,0.025,0.02564102564102564
ROUTE_2,39,150,2,20,12,PLANNING_SENSITIVITY_ONLY_NOT_AN_AUTHORIZED_IDENTITY_CHANGE,0.1,0.35,MODEST_0_10,0.1,0.12198360545581527,0.18505,0.1797286657930519,0.19049229771868836,0.09955636046045602,-0.0004436395395439885,0.1285905114315896,0.09883175424445487,0.1105,0.025,0.02564102564102564
ROUTE_2,39,150,2,20,12,PLANNING_SENSITIVITY_ONLY_NOT_AN_AUTHORIZED_IDENTITY_CHANGE,0.1,0.35,TWENTY_FIVE_PERCENT_OF_OBSERVED,0.1812934780863693,0.12198360545581527,0.3844,0.37768103775547074,0.39116336098070065,0.18158673837453504,0.0002932602881657309,0.12855465576478103,0.09916924195649396,0.2603,0.025,0.02564102564102564
ROUTE_2,39,150,2,20,12,PLANNING_SENSITIVITY_ONLY_NOT_AN_AUTHORIZED_IDENTITY_CHANGE,0.1,0.35,FIFTY_PERCENT_OF_OBSERVED,0.3625869561727386,0.12198360545581527,0.8606,0.8557304489161376,0.8653310546801999,0.36121737061339426,-0.001369585559344355,0.12358116887393455,0.09934265220368185,0.74775,0.025,0.02564102564102564
ROUTE_2,39,150,2,20,12,PLANNING_SENSITIVITY_ONLY_NOT_AN_AUTHORIZED_IDENTITY_CHANGE,0.1,0.55,NULL,0.0,0.12198360545581527,0.05035,0.04740490766399351,0.05346779036126138,-0.000753168458531351,-0.000753168458531351,0.12767634248811507,0.09923235674011674,0.02395,0.025,0.02564102564102564
ROUTE_2,39,150,2,20,12,PLANNING_SENSITIVITY_ONLY_NOT_AN_AUTHORIZED_IDENTITY_CHANGE,0.1,0.55,MODEST_0_05,0.05,0.12198360545581527,0.099,0.09493751927248965,0.10321649364450626,0.04907711043268646,-0.0009228895673135395,0.1272247907304456,0.09915038313260856,0.0519,0.025,0.02564102564102564
ROUTE_2,39,150,2,20,12,PLANNING_SENSITIVITY_ONLY_NOT_AN_AUTHORIZED_IDENTITY_CHANGE,0.1,0.55,MODEST_0_10,0.1,0.12198360545581527,0.18275,0.17745510746618515,0.1881667394114132,0.09811137053105905,-0.0018886294689409583,0.12687796226936787,0.09869194312186558,0.107,0.025,0.02564102564102564
ROUTE_2,39,150,2,20,12,PLANNING_SENSITIVITY_ONLY_NOT_AN_AUTHORIZED_IDENTITY_CHANGE,0.1,0.55,TWENTY_FIVE_PERCENT_OF_OBSERVED,0.1812934780863693,0.12198360545581527,0.3807,0.37399413678586557,0.38745168301712096,0.17777970610440808,-0.0035137719819612334,0.12311793855925417,0.0985770461210859,0.25285,0.025,0.02564102564102564
ROUTE_2,39,150,2,20,12,PLANNING_SENSITIVITY_ONLY_NOT_AN_AUTHORIZED_IDENTITY_CHANGE,0.1,0.55,FIFTY_PERCENT_OF_OBSERVED,0.3625869561727386,0.12198360545581527,0.8481,0.8430588401879284,0.8530074643098113,0.33529317816228504,-0.027293778010453573,0.10511355529464574,0.09873425323269003,0.7131,0.025,0.02564102564102564
ROUTE_2,39,150,2,20,12,PLANNING_SENSITIVITY_ONLY_NOT_AN_AUTHORIZED_IDENTITY_CHANGE,0.2,0.15,NULL,0.0,0.12198360545581527,0.04885,0.04594829181213581,0.05192498232128739,0.0009700300760217607,0.0009700300760217607,0.21492997945183298,0.14708824756424538,0.02515,0.025,0.02564102564102564
ROUTE_2,39,150,2,20,12,PLANNING_SENSITIVITY_ONLY_NOT_AN_AUTHORIZED_IDENTITY_CHANGE,0.2,0.15,MODEST_0_05,0.05,0.12198360545581527,0.08255,0.07881567036751665,0.0864446605357251,0.05168643730557877,0.0016864373055787696,0.21795548252715818,0.14711497301990836,0.04345,0.025,0.02564102564102564
ROUTE_2,39,150,2,20,12,PLANNING_SENSITIVITY_ONLY_NOT_AN_AUTHORIZED_IDENTITY_CHANGE,0.2,0.15,MODEST_0_10,0.1,0.12198360545581527,0.11625,0.11188134816793864,0.12076603950512167,0.10154738114843437,0.0015473811484343625,0.21749595750720152,0.14719369798210993,0.06425,0.025,0.02564102564102564
ROUTE_2,39,150,2,20,12,PLANNING_SENSITIVITY_ONLY_NOT_AN_AUTHORIZED_IDENTITY_CHANGE,0.2,0.15,TWENTY_FIVE_PERCENT_OF_OBSERVED,0.1812934780863693,0.12198360545581527,0.19635,0.1909032184818766,0.2019134050149957,0.18060609408860173,-0.0006873839977675766,0.21544816137552733,0.14690979615385227,0.1161,0.025,0.02564102564102564
ROUTE_2,39,150,2,20,12,PLANNING_SENSITIVITY_ONLY_NOT_AN_AUTHORIZED_IDENTITY_CHANGE,0.2,0.15,FIFTY_PERCENT_OF_OBSERVED,0.3625869561727386,0.12198360545581527,0.48605,0.4791265219233821,0.4929788358825832,0.36230016317605807,-0.0002867929966805516,0.2138959919124194,0.14714309856283955,0.34395,0.025,0.02564102564102564
ROUTE_2,39,150,2,20,12,PLANNING_SENSITIVITY_ONLY_NOT_AN_AUTHORIZED_IDENTITY_CHANGE,0.2,0.35,NULL,0.0,0.12198360545581527,0.0495,0.04657939854423662,0.05259362594231365,-0.001252178929778674,-0.001252178929778674,0.21750898183828818,0.14670216248349655,0.0237,0.025,0.02564102564102564
ROUTE_2,39,150,2,20,12,PLANNING_SENSITIVITY_ONLY_NOT_AN_AUTHORIZED_IDENTITY_CHANGE,0.2,0.35,MODEST_0_05,0.05,0.12198360545581527,0.07875,0.07509747050804963,0.08256431986921853,0.05074046167693686,0.0007404616769368585,0.21706545703748176,0.1463140759038526,0.041,0.025,0.02564102564102564
ROUTE_2,39,150,2,20,12,PLANNING_SENSITIVITY_ONLY_NOT_AN_AUTHORIZED_IDENTITY_CHANGE,0.2,0.35,MODEST_0_10,0.1,0.12198360545581527,0.11505,0.11070155756984887,0.11954629098974609,0.09919280285805014,-0.0008071971419498641,0.21431319502000337,0.1465792349038323,0.0611,0.025,0.02564102564102564
ROUTE_2,39,150,2,20,12,PLANNING_SENSITIVITY_ONLY_NOT_AN_AUTHORIZED_IDENTITY_CHANGE,0.2,0.35,TWENTY_FIVE_PERCENT_OF_OBSERVED,0.1812934780863693,0.12198360545581527,0.2009,0.19540472585246904,0.2065101501162927,0.17853540865757755,-0.002758069428791754,0.21354853967011558,0.14646021586555805,0.1147,0.025,0.02564102564102564
ROUTE_2,39,150,2,20,12,PLANNING_SENSITIVITY_ONLY_NOT_AN_AUTHORIZED_IDENTITY_CHANGE,0.2,0.35,FIFTY_PERCENT_OF_OBSERVED,0.3625869561727386,0.12198360545581527,0.48405,0.4771277348994576,0.49097839105073215,0.3515653183174505,-0.011021637855288091,0.19865040083293317,0.14654073926013,0.33835,0.025,0.02564102564102564
ROUTE_2,39,150,2,20,12,PLANNING_SENSITIVITY_ONLY_NOT_AN_AUTHORIZED_IDENTITY_CHANGE,0.2,0.55,NULL,0.0,0.12198360545581527,0.0422,0.039500502230284694,0.045075325982684704,0.0003655641632988111,0.0003655641632988111,0.21249137209518154,0.14348095006129205,0.0184,0.025,0.02564102564102564
ROUTE_2,39,150,2,20,12,PLANNING_SENSITIVITY_ONLY_NOT_AN_AUTHORIZED_IDENTITY_CHANGE,0.2,0.55,MODEST_0_05,0.05,0.12198360545581527,0.066,0.0626417136847662,0.0695249736119326,0.04677304802004963,-0.0032269519799503696,0.20913417652978966,0.1434939029531239,0.02855,0.025,0.02564102564102564
ROUTE_2,39,150,2,20,12,PLANNING_SENSITIVITY_ONLY_NOT_AN_AUTHORIZED_IDENTITY_CHANGE,0.2,0.55,MODEST_0_10,0.1,0.12198360545581527,0.09825,0.09420164946652829,0.1024526515045518,0.09619007954435366,-0.0038099204556463484,0.20409977272621566,0.1437140160612433,0.04505,0.025,0.02564102564102564
ROUTE_2,39,150,2,20,12,PLANNING_SENSITIVITY_ONLY_NOT_AN_AUTHORIZED_IDENTITY_CHANGE,0.2,0.55,TWENTY_FIVE_PERCENT_OF_OBSERVED,0.1812934780863693,0.12198360545581527,0.16405,0.15898230977337188,0.1692467192527248,0.16892320628637175,-0.012370271799997556,0.1953038464253341,0.1435395541754098,0.07925,0.025,0.02564102564102564
ROUTE_2,39,150,2,20,12,PLANNING_SENSITIVITY_ONLY_NOT_AN_AUTHORIZED_IDENTITY_CHANGE,0.2,0.55,FIFTY_PERCENT_OF_OBSERVED,0.3625869561727386,0.12198360545581527,0.38725,0.38052122893246915,0.3940220751981824,0.3088746700410419,-0.05371228613169671,0.15969283972901732,0.14342447822117038,0.20825,0.025,0.02564102564102564
ROUTE_1,39,150,4,31,16,REQUIRED_FULL_47_IDENTITY_DESIGN,0.1,0.15,NULL,0.0,0.060000000000000005,0.05045,0.04750204221284436,0.053570617405199306,0.0005351255792474442,0.0005351255792474442,0.11795157070416246,0.07323479173399723,0.02445,0.025,0.02564102564102564
ROUTE_1,39,150,4,31,16,REQUIRED_FULL_47_IDENTITY_DESIGN,0.1,0.15,MODEST_0_05,0.05,0.060000000000000005,0.11015,0.1058856949905088,0.11456403552243598,0.05067513946877118,0.0006751394687711798,0.11912126359032685,0.07323569465475649,0.06015,0.025,0.02564102564102564
ROUTE_1,39,150,4,31,16,REQUIRED_FULL_47_IDENTITY_DESIGN,0.1,0.15,MODEST_0_10,0.1,0.060000000000000005,0.2066,0.20104554653307777,0.21226714022464438,0.10086892581515965,0.0008689258151596407,0.1187529919289259,0.07320284558848163,0.1227,0.025,0.02564102564102564
ROUTE_1,39,150,4,31,16,REQUIRED_FULL_47_IDENTITY_DESIGN,0.1,0.15,TWENTY_FIVE_PERCENT_OF_OBSERVED,0.1812934780863693,0.060000000000000005,0.43065,0.42380142227296774,0.4375252131280139,0.18048595092682884,-0.0008075271595404665,0.11816696463145801,0.07324778189573349,0.29585,0.025,0.02564102564102564
ROUTE_1,39,150,4,31,16,REQUIRED_FULL_47_IDENTITY_DESIGN,0.1,0.15,FIFTY_PERCENT_OF_OBSERVED,0.3625869561727386,0.060000000000000005,0.89945,0.8952051300844288,0.9035414523103491,0.3610407320116239,-0.0015462241611147176,0.11803354816930163,0.07328583654522111,0.8036,0.025,0.02564102564102564
ROUTE_1,39,150,4,31,16,REQUIRED_FULL_47_IDENTITY_DESIGN,0.1,0.35,NULL,0.0,0.060000000000000005,0.05185,0.04886226819656871,0.05500985372051786,0.00028092896041301903,0.00028092896041301903,0.11792203012221364,0.07325258062395797,0.0256,0.025,0.02564102564102564
ROUTE_1,39,150,4,31,16,REQUIRED_FULL_47_IDENTITY_DESIGN,0.1,0.35,MODEST_0_05,0.05,0.060000000000000005,0.1097,0.10544355537063643,0.11410634797475885,0.051679990050119855,0.001679990050119852,0.11757647417263821,0.07321628261433506,0.0615,0.025,0.02564102564102564
ROUTE_1,39,150,4,31,16,REQUIRED_FULL_47_IDENTITY_DESIGN,0.1,0.35,MODEST_0_10,0.1,0.060000000000000005,0.20645,0.20089708192996814,0.21211566243857083,0.10098455604393958,0.0009845560439395717,0.11848958763106332,0.07314458590042568,0.12605,0.025,0.02564102564102564
ROUTE_1,39,150,4,31,16,REQUIRED_FULL_47_IDENTITY_DESIGN,0.1,0.35,TWENTY_FIVE_PERCENT_OF_OBSERVED,0.1812934780863693,0.060000000000000005,0.43565,0.42879111597963504,0.4425335990607856,0.18265564934016848,0.0013621712537991715,0.11851155993004983,0.07313623964586799,0.30155,0.025,0.02564102564102564
ROUTE_1,39,150,4,31,16,REQUIRED_FULL_47_IDENTITY_DESIGN,0.1,0.35,FIFTY_PERCENT_OF_OBSERVED,0.3625869561727386,0.060000000000000005,0.9031,0.8989224509473307,0.9071227295842378,0.3633465416806718,0.0007595855079332026,0.11688734144300432,0.07319350489970827,0.81225,0.025,0.02564102564102564
ROUTE_1,39,150,4,31,16,REQUIRED_FULL_47_IDENTITY_DESIGN,0.1,0.55,NULL,0.0,0.060000000000000005,0.04945,0.04653084675352752,0.05254219693662836,0.000546714961251193,0.000546714961251193,0.11781557840635698,0.07319721194461204,0.0257,0.025,0.02564102564102564
ROUTE_1,39,150,4,31,16,REQUIRED_FULL_47_IDENTITY_DESIGN,0.1,0.55,MODEST_0_05,0.05,0.060000000000000005,0.10965,0.10539443016185568,0.11405549238714519,0.05103121449905666,0.0010312144990566596,0.11796831405004148,0.07328406424414077,0.06005,0.025,0.02564102564102564
ROUTE_1,39,150,4,31,16,REQUIRED_FULL_47_IDENTITY_DESIGN,0.1,0.55,MODEST_0_10,0.1,0.060000000000000005,0.19755,0.19209031937519672,0.20312584323514093,0.09827454576815083,-0.00172545423184918,0.11841666333165388,0.07322096401360093,0.1195,0.025,0.02564102564102564
ROUTE_1,39,150,4,31,16,REQUIRED_FULL_47_IDENTITY_DESIGN,0.1,0.55,TWENTY_FIVE_PERCENT_OF_OBSERVED,0.1812934780863693,0.060000000000000005,0.4362,0.42934002570423246,0.4430844780965264,0.18129136428010514,-2.113806264164575e-06,0.11726331056076983,0.0731440919118397,0.30115,0.025,0.02564102564102564
ROUTE_1,39,150,4,31,16,REQUIRED_FULL_47_IDENTITY_DESIGN,0.1,0.55,FIFTY_PERCENT_OF_OBSERVED,0.3625869561727386,0.060000000000000005,0.9029,0.8987187167954981,0.9069265405504928,0.3472008996642709,-0.015386056508467694,0.0959642959546642,0.07323018950887901,0.8069,0.025,0.02564102564102564
ROUTE_1,39,150,4,31,16,REQUIRED_FULL_47_IDENTITY_DESIGN,0.2,0.15,NULL,0.0,0.060000000000000005,0.05245,0.04944541404447439,0.05562647742934486,0.002543316189655645,0.002543316189655645,0.2121124325628872,0.131125738417483,0.0266,0.025,0.02564102564102564
ROUTE_1,39,150,4,31,16,REQUIRED_FULL_47_IDENTITY_DESIGN,0.2,0.15,MODEST_0_05,0.05,0.060000000000000005,0.07785,0.07421721275339457,0.08164492328877457,0.049488290435587286,-0.000511709564412717,0.21194288865702807,0.13110042240606587,0.04035,0.025,0.02564102564102564
ROUTE_1,39,150,4,31,16,REQUIRED_FULL_47_IDENTITY_DESIGN,0.2,0.15,MODEST_0_10,0.1,0.060000000000000005,0.1166,0.11222548237056013,0.12112177087726089,0.10040125635788018,0.00040125635788017255,0.20998384764687197,0.13103868424839216,0.06345,0.025,0.02564102564102564
ROUTE_1,39,150,4,31,16,REQUIRED_FULL_47_IDENTITY_DESIGN,0.2,0.15,TWENTY_FIVE_PERCENT_OF_OBSERVED,0.1812934780863693,0.060000000000000005,0.20455,0.19901663232418543,0.21019684178136677,0.1794826693577411,-0.0018108087286282104,0.21203370099776045,0.1311143068800531,0.1205,0.025,0.02564102564102564
ROUTE_1,39,150,4,31,16,REQUIRED_FULL_47_IDENTITY_DESIGN,0.2,0.15,FIFTY_PERCENT_OF_OBSERVED,0.3625869561727386,0.060000000000000005,0.49655,0.48962197370500377,0.5034793513437834,0.35981389280167453,-0.0027730633710640884,0.20923508719329892,0.13110776332086485,0.35495,0.025,0.02564102564102564
ROUTE_1,39,150,4,31,16,REQUIRED_FULL_47_IDENTITY_DESIGN,0.2,0.35,NULL,0.0,0.060000000000000005,0.04855,0.04565706083709486,0.05161632851796202,-0.001352568048637762,-0.001352568048637762,0.21200176273420795,0.13099624308091326,0.0255,0.025,0.02564102564102564
ROUTE_1,39,150,4,31,16,REQUIRED_FULL_47_IDENTITY_DESIGN,0.2,0.35,MODEST_0_05,0.05,0.060000000000000005,0.0797,0.07602678708801007,0.08353463842075147,0.05060780501136161,0.000607805011361609,0.2110602095820216,0.13095663929942805,0.0412,0.025,0.02564102564102564
ROUTE_1,39,150,4,31,16,REQUIRED_FULL_47_IDENTITY_DESIGN,0.2,0.35,MODEST_0_10,0.1,0.060000000000000005,0.11555,0.11119311845394658,0.12005453806959226,0.09909630520911802,-0.0009036947908819815,0.2106247559245566,0.13103658459833603,0.0643,0.025,0.02564102564102564
ROUTE_1,39,150,4,31,16,REQUIRED_FULL_47_IDENTITY_DESIGN,0.2,0.35,TWENTY_FIVE_PERCENT_OF_OBSERVED,0.1812934780863693,0.060000000000000005,0.20615,0.200600156250047,0.21181270334012564,0.1817893627746931,0.0004958846883237888,0.2102966010112992,0.13094985495410663,0.1243,0.025,0.02564102564102564
ROUTE_1,39,150,4,31,16,REQUIRED_FULL_47_IDENTITY_DESIGN,0.2,0.35,FIFTY_PERCENT_OF_OBSERVED,0.3625869561727386,0.060000000000000005,0.49395,0.4870228152349903,0.5008795084012886,0.3529225908836183,-0.009664365289120291,0.19686432861770908,0.13104485166902602,0.3477,0.025,0.02564102564102564
ROUTE_1,39,150,4,31,16,REQUIRED_FULL_47_IDENTITY_DESIGN,0.2,0.55,NULL,0.0,0.060000000000000005,0.04825,0.04536586122239952,0.05130764335429101,0.0006969390054674686,0.0006969390054674686,0.20933701586103198,0.12930276868979115,0.0218,0.025,0.02564102564102564
ROUTE_1,39,150,4,31,16,REQUIRED_FULL_47_IDENTITY_DESIGN,0.2,0.55,MODEST_0_05,0.05,0.060000000000000005,0.0741,0.07055106817774483,0.0778125081348451,0.04823694472782533,-0.0017630552721746712,0.20599771572845582,0.1291668902734072,0.03455,0.025,0.02564102564102564
ROUTE_1,39,150,4,31,16,REQUIRED_FULL_47_IDENTITY_DESIGN,0.2,0.55,MODEST_0_10,0.1,0.060000000000000005,0.1123,0.10799845308012991,0.1167504516777736,0.09743710703978398,-0.002562892960216029,0.20249170035735112,0.12919149777402214,0.05455,0.025,0.02564102564102564
ROUTE_1,39,150,4,31,16,REQUIRED_FULL_47_IDENTITY_DESIGN,0.2,0.55,TWENTY_FIVE_PERCENT_OF_OBSERVED,0.1812934780863693,0.060000000000000005,0.1963,0.190853757667396,0.2018628850330819,0.17436966284941152,-0.0069238152369577866,0.19324861812591532,0.1293441640783796,0.0998,0.025,0.02564102564102564
ROUTE_1,39,150,4,31,16,REQUIRED_FULL_47_IDENTITY_DESIGN,0.2,0.55,FIFTY_PERCENT_OF_OBSERVED,0.3625869561727386,0.060000000000000005,0.46465,0.45774527000661813,0.4715683069425485,0.31693607084084596,-0.045650885331892654,0.1527367107797467,0.1292143114099109,0.25435,0.025,0.02564102564102564
ROUTE_2,39,150,4,31,16,REQUIRED_FULL_47_IDENTITY_DESIGN,0.1,0.15,NULL,0.0,0.060000000000000005,0.0491,0.046191008049740606,0.05218217006565454,0.00048309853437021843,0.00048309853437021843,0.10743285991681258,0.07318463591080147,0.0245,0.025,0.02564102564102564
ROUTE_2,39,150,4,31,16,REQUIRED_FULL_47_IDENTITY_DESIGN,0.1,0.15,MODEST_0_05,0.05,0.060000000000000005,0.11695,0.11256962940306495,0.1214774894195168,0.050585689001015975,0.0005856890010159724,0.10849210791186306,0.0731423481588695,0.0638,0.025,0.02564102564102564
ROUTE_2,39,150,4,31,16,REQUIRED_FULL_47_IDENTITY_DESIGN,0.1,0.15,MODEST_0_10,0.1,0.060000000000000005,0.2225,0.21678927427819256,0.22831730573294545,0.1000502430332293,5.024303322929968e-05,0.10785956104274458,0.07327764708737187,0.13425,0.025,0.02564102564102564
ROUTE_2,39,150,4,31,16,REQUIRED_FULL_47_IDENTITY_DESIGN,0.1,0.15,TWENTY_FIVE_PERCENT_OF_OBSERVED,0.1812934780863693,0.060000000000000005,0.48335,0.47642818566504,0.4902782091356283,0.18171313547150633,0.00041965738513702333,0.1081285692969624,0.07317097370310896,0.34495,0.025,0.02564102564102564
ROUTE_2,39,150,4,31,16,REQUIRED_FULL_47_IDENTITY_DESIGN,0.1,0.15,FIFTY_PERCENT_OF_OBSERVED,0.3625869561727386,0.060000000000000005,0.9412,0.9378541472755468,0.9443764001085464,0.36165468181080246,-0.0009322743619361584,0.10782975224720907,0.07318945368962622,0.86755,0.025,0.02564102564102564
ROUTE_2,39,150,4,31,16,REQUIRED_FULL_47_IDENTITY_DESIGN,0.1,0.35,NULL,0.0,0.060000000000000005,0.05225,0.04925101951400144,0.055420948774240246,0.0009688821480180794,0.0009688821480180794,0.10797865700575011,0.07318669262845828,0.02635,0.025,0.02564102564102564
ROUTE_2,39,150,4,31,16,REQUIRED_FULL_47_IDENTITY_DESIGN,0.1,0.35,MODEST_0_05,0.05,0.060000000000000005,0.117,0.11261879430927252,0.12152830530970363,0.04998069877947455,-1.9301220525451412e-05,0.10954030719291252,0.07315728227927104,0.0653,0.025,0.02564102564102564
ROUTE_2,39,150,4,31,16,REQUIRED_FULL_47_IDENTITY_DESIGN,0.1,0.35,MODEST_0_10,0.1,0.060000000000000005,0.22235,0.21664069015264173,0.2281659474693131,0.10018637570629044,0.00018637570629043143,0.10833673425928088,0.07331034522133963,0.1328,0.025,0.02564102564102564
ROUTE_2,39,150,4,31,16,REQUIRED_FULL_47_IDENTITY_DESIGN,0.1,0.35,TWENTY_FIVE_PERCENT_OF_OBSERVED,0.1812934780863693,0.060000000000000005,0.47925,0.47233109905071347,0.48617687044561486,0.1800290403526827,-0.0012644377336866186,0.10809108192896856,0.07313577069313751,0.33575,0.025,0.02564102564102564
ROUTE_2,39,150,4,31,16,REQUIRED_FULL_47_IDENTITY_DESIGN,0.1,0.35,FIFTY_PERCENT_OF_OBSERVED,0.3625869561727386,0.060000000000000005,0.9401,0.936725944649576,0.9433050252138407,0.36179694156608866,-0.000790014606649958,0.1070583986216205,0.0733361379018429,0.8701,0.025,0.02564102564102564
ROUTE_2,39,150,4,31,16,REQUIRED_FULL_47_IDENTITY_DESIGN,0.1,0.55,NULL,0.0,0.060000000000000005,0.0532,0.050174504232808705,0.05639709918692639,0.0018289827717448944,0.0018289827717448944,0.10843222241809099,0.0731805501607696,0.027,0.025,0.02564102564102564
ROUTE_2,39,150,4,31,16,REQUIRED_FULL_47_IDENTITY_DESIGN,0.1,0.55,MODEST_0_05,0.05,0.060000000000000005,0.1141,0.1097676654198736,0.11858054800822793,0.04960148576461169,-0.0003985142353883156,0.10867438553076197,0.07313474427893746,0.06485,0.025,0.02564102564102564
ROUTE_2,39,150,4,31,16,REQUIRED_FULL_47_IDENTITY_DESIGN,0.1,0.55,MODEST_0_10,0.1,0.060000000000000005,0.21645,0.2107972489698819,0.222211654677535,0.09955316018287008,-0.0004468398171299237,0.10737538843437497,0.07305676100964587,0.13075,0.025,0.02564102564102564
ROUTE_2,39,150,4,31,16,REQUIRED_FULL_47_IDENTITY_DESIGN,0.1,0.55,TWENTY_FIVE_PERCENT_OF_OBSERVED,0.1812934780863693,0.060000000000000005,0.48445,0.4775274834247798,0.491378488896565,0.18098656553970477,-0.0003069125466645395,0.10798929587497703,0.07332767180857004,0.34165,0.025,0.02564102564102564
ROUTE_2,39,150,4,31,16,REQUIRED_FULL_47_IDENTITY_DESIGN,0.1,0.55,FIFTY_PERCENT_OF_OBSERVED,0.3625869561727386,0.060000000000000005,0.9408,0.9374438550052522,0.9439868460076859,0.3468164935225583,-0.01577046265018034,0.08936722745978239,0.07333603037013134,0.8666,0.025,0.02564102564102564
ROUTE_2,39,150,4,31,16,REQUIRED_FULL_47_IDENTITY_DESIGN,0.2,0.15,NULL,0.0,0.060000000000000005,0.0487,0.04580267242176145,0.05177065932247858,0.000760213725815226,0.000760213725815226,0.20556683244222662,0.13105116389711907,0.02445,0.025,0.02564102564102564
ROUTE_2,39,150,4,31,16,REQUIRED_FULL_47_IDENTITY_DESIGN,0.2,0.15,MODEST_0_05,0.05,0.060000000000000005,0.07665,0.0730437628939352,0.08041883403476859,0.050345822294629215,0.0003458222946292125,0.20562008096569231,0.13109073555158746,0.0404,0.025,0.02564102564102564
ROUTE_2,39,150,4,31,16,REQUIRED_FULL_47_IDENTITY_DESIGN,0.2,0.15,MODEST_0_10,0.1,0.060000000000000005,0.11745,0.11306129017793236,0.12198563660859328,0.09985182183627438,-0.00014817816372562909,0.20542240103884868,0.13090256637203138,0.0656,0.025,0.02564102564102564
ROUTE_2,39,150,4,31,16,REQUIRED_FULL_47_IDENTITY_DESIGN,0.2,0.15,TWENTY_FIVE_PERCENT_OF_OBSERVED,0.1812934780863693,0.060000000000000005,0.21125,0.2056485269946956,0.21696237382770478,0.1812784985809976,-1.4979505371714996e-05,0.2061781496779123,0.13109536983958983,0.12725,0.025,0.02564102564102564
ROUTE_2,39,150,4,31,16,REQUIRED_FULL_47_IDENTITY_DESIGN,0.2,0.15,FIFTY_PERCENT_OF_OBSERVED,0.3625869561727386,0.060000000000000005,0.5178,0.5108721192515142,0.5247210442648886,0.3622504943207362,-0.0003364618520024232,0.20444910806061414,0.13104895368137126,0.37605,0.025,0.02564102564102564
ROUTE_2,39,150,4,31,16,REQUIRED_FULL_47_IDENTITY_DESIGN,0.2,0.35,NULL,0.0,0.060000000000000005,0.05195,0.04895945128659082,0.05511263222328454,-0.00036384516379439554,-0.00036384516379439554,0.20775318553194314,0.13083127673468486,0.02535,0.025,0.02564102564102564
ROUTE_2,39,150,4,31,16,REQUIRED_FULL_47_IDENTITY_DESIGN,0.2,0.35,MODEST_0_05,0.05,0.060000000000000005,0.0821,0.07837522902750017,0.08598527470819207,0.050914827162156964,0.0009148271621569615,0.2062154919569275,0.13090936588154306,0.0427,0.025,0.02564102564102564
ROUTE_2,39,150,4,31,16,REQUIRED_FULL_47_IDENTITY_DESIGN,0.2,0.35,MODEST_0_10,0.1,0.060000000000000005,0.11705,0.11266795947614981,0.12157912093922073,0.10032815865324635,0.00032815865324634097,0.20551111093332822,0.13096339919474748,0.0641,0.025,0.02564102564102564
ROUTE_2,39,150,4,31,16,REQUIRED_FULL_47_IDENTITY_DESIGN,0.2,0.35,TWENTY_FIVE_PERCENT_OF_OBSERVED,0.1812934780863693,0.060000000000000005,0.21225,0.20663856003603484,0.21797195671425332,0.18044423862579134,-0.0008492394605779663,0.2037514413549053,0.1310907076463902,0.1269,0.025,0.02564102564102564
ROUTE_2,39,150,4,31,16,REQUIRED_FULL_47_IDENTITY_DESIGN,0.2,0.35,FIFTY_PERCENT_OF_OBSERVED,0.3625869561727386,0.060000000000000005,0.5139,0.5069711544185826,0.5208235069790577,0.35400451067948835,-0.008582445493250268,0.19133862894684814,0.13091979218106004,0.362,0.025,0.02564102564102564
ROUTE_2,39,150,4,31,16,REQUIRED_FULL_47_IDENTITY_DESIGN,0.2,0.55,NULL,0.0,0.060000000000000005,0.04605,0.043231382675472406,0.049042966859864985,-0.0005938415681122283,-0.0005938415681122283,0.2033300528131616,0.1293490930944771,0.02155,0.025,0.02564102564102564
ROUTE_2,39,150,4,31,16,REQUIRED_FULL_47_IDENTITY_DESIGN,0.2,0.55,MODEST_0_05,0.05,0.060000000000000005,0.0733,0.06976930164763141,0.07699458192264828,0.04872379462639691,-0.0012762053736030954,0.20006546896438818,0.12916806354016835,0.0346,0.025,0.02564102564102564
ROUTE_2,39,150,4,31,16,REQUIRED_FULL_47_IDENTITY_DESIGN,0.2,0.55,MODEST_0_10,0.1,0.060000000000000005,0.1165,0.11212715700130355,0.12102013465372871,0.09734151719208087,-0.002658482807919138,0.1986681989471632,0.12915846111388357,0.0551,0.025,0.02564102564102564
ROUTE_2,39,150,4,31,16,REQUIRED_FULL_47_IDENTITY_DESIGN,0.2,0.55,TWENTY_FIVE_PERCENT_OF_OBSERVED,0.1812934780863693,0.060000000000000005,0.19875,0.19327749928170818,0.20433820244209483,0.17288852280332076,-0.008404955283048549,0.18826832336549557,0.1293394161182698,0.10135,0.025,0.02564102564102564
ROUTE_2,39,150,4,31,16,REQUIRED_FULL_47_IDENTITY_DESIGN,0.2,0.55,FIFTY_PERCENT_OF_OBSERVED,0.3625869561727386,0.060000000000000005,0.4682,0.4612912779868002,0.4751209355063681,0.3178227936094997,-0.044764162563238896,0.14943377200755098,0.1291833176155785,0.268,0.025,0.02564102564102564
ROUTE_1,39,150,4,20,12,PLANNING_SENSITIVITY_ONLY_NOT_AN_AUTHORIZED_IDENTITY_CHANGE,0.1,0.15,NULL,0.0,0.08625543461139132,0.05035,0.04740490766399351,0.05346779036126138,-0.00028515972729763515,-0.00028515972729763515,0.13425915618129988,0.08285823793907099,0.025,0.025,0.02564102564102564
ROUTE_1,39,150,4,20,12,PLANNING_SENSITIVITY_ONLY_NOT_AN_AUTHORIZED_IDENTITY_CHANGE,0.1,0.15,MODEST_0_05,0.05,0.08625543461139132,0.0962,0.09219065101981049,0.1003644372990996,0.048393079627755554,-0.0016069203722444483,0.13361740112515652,0.08288618256740517,0.05255,0.025,0.02564102564102564
ROUTE_1,39,150,4,20,12,PLANNING_SENSITIVITY_ONLY_NOT_AN_AUTHORIZED_IDENTITY_CHANGE,0.1,0.15,MODEST_0_10,0.1,0.08625543461139132,0.17875,0.17350185177082236,0.18412153139522483,0.1000070271752832,7.027175283197407e-06,0.1348189551944719,0.08293790922498337,0.10405,0.025,0.02564102564102564
ROUTE_1,39,150,4,20,12,PLANNING_SENSITIVITY_ONLY_NOT_AN_AUTHORIZED_IDENTITY_CHANGE,0.1,0.15,TWENTY_FIVE_PERCENT_OF_OBSERVED,0.1812934780863693,0.08625543461139132,0.36665,0.359997671057304,0.37335354495885903,0.18099039011178064,-0.0003030879745886672,0.13363299836537157,0.08284656284519576,0.24235,0.025,0.02564102564102564
ROUTE_1,39,150,4,20,12,PLANNING_SENSITIVITY_ONLY_NOT_AN_AUTHORIZED_IDENTITY_CHANGE,0.1,0.15,FIFTY_PERCENT_OF_OBSERVED,0.3625869561727386,0.08625543461139132,0.8298,0.8245284384294507,0.8349448945879427,0.364000916474206,0.0014139603014673985,0.13365552127326671,0.08293715886494575,0.70835,0.025,0.02564102564102564
ROUTE_1,39,150,4,20,12,PLANNING_SENSITIVITY_ONLY_NOT_AN_AUTHORIZED_IDENTITY_CHANGE,0.1,0.35,NULL,0.0,0.08625543461139132,0.04835,0.04546292425909533,0.05141054191038397,-0.00018801072525363542,-0.00018801072525363542,0.13325303885882628,0.0828781019109481,0.02515,0.025,0.02564102564102564
ROUTE_1,39,150,4,20,12,PLANNING_SENSITIVITY_ONLY_NOT_AN_AUTHORIZED_IDENTITY_CHANGE,0.1,0.35,MODEST_0_05,0.05,0.08625543461139132,0.0976,0.09356395533997462,0.10179059527797839,0.04891819895461465,-0.0010818010453853555,0.1339699248204518,0.08283880037739826,0.04995,0.025,0.02564102564102564
ROUTE_1,39,150,4,20,12,PLANNING_SENSITIVITY_ONLY_NOT_AN_AUTHORIZED_IDENTITY_CHANGE,0.1,0.35,MODEST_0_10,0.1,0.08625543461139132,0.17945,0.17419360112354887,0.1848295131920198,0.1009956385628731,0.0009956385628730885,0.13374174405423464,0.082764677916174,0.1061,0.025,0.02564102564102564
ROUTE_1,39,150,4,20,12,PLANNING_SENSITIVITY_ONLY_NOT_AN_AUTHORIZED_IDENTITY_CHANGE,0.1,0.35,TWENTY_FIVE_PERCENT_OF_OBSERVED,0.1812934780863693,0.08625543461139132,0.3694,0.36273671636303,0.3761134434548245,0.1816974735857053,0.00040399549933597956,0.13464813273381598,0.08289812523494662,0.2475,0.025,0.02564102564102564
ROUTE_1,39,150,4,20,12,PLANNING_SENSITIVITY_ONLY_NOT_AN_AUTHORIZED_IDENTITY_CHANGE,0.1,0.35,FIFTY_PERCENT_OF_OBSERVED,0.3625869561727386,0.08625543461139132,0.8222,0.8168393493264042,0.8274369026390419,0.35990403415906846,-0.0026829220136701526,0.13233264191412394,0.08292463027063406,0.69965,0.025,0.02564102564102564
ROUTE_1,39,150,4,20,12,PLANNING_SENSITIVITY_ONLY_NOT_AN_AUTHORIZED_IDENTITY_CHANGE,0.1,0.55,NULL,0.0,0.08625543461139132,0.0505,0.047550610725174164,0.0536220296892639,0.0003538476621218526,0.0003538476621218526,0.1337763937045847,0.0828075193218929,0.02565,0.025,0.02564102564102564
ROUTE_1,39,150,4,20,12,PLANNING_SENSITIVITY_ONLY_NOT_AN_AUTHORIZED_IDENTITY_CHANGE,0.1,0.55,MODEST_0_05,0.05,0.08625543461139132,0.1005,0.09640947744948691,0.1047439593593407,0.05052744275016616,0.0005274427501661544,0.1339363218386424,0.08279820443506282,0.05405,0.025,0.02564102564102564
ROUTE_1,39,150,4,20,12,PLANNING_SENSITIVITY_ONLY_NOT_AN_AUTHORIZED_IDENTITY_CHANGE,0.1,0.55,MODEST_0_10,0.1,0.08625543461139132,0.17985,0.17458889996055268,0.18523406072617107,0.10167272655407866,0.0016727265540786573,0.13309002309604095,0.08285790898248953,0.1059,0.025,0.02564102564102564
ROUTE_1,39,150,4,20,12,PLANNING_SENSITIVITY_ONLY_NOT_AN_AUTHORIZED_IDENTITY_CHANGE,0.1,0.55,TWENTY_FIVE_PERCENT_OF_OBSERVED,0.1812934780863693,0.08625543461139132,0.35895,0.35232959312085754,0.36562458025056954,0.17906235959712943,-0.002231118489239875,0.13136725162709592,0.08297206267681453,0.2384,0.025,0.02564102564102564
ROUTE_1,39,150,4,20,12,PLANNING_SENSITIVITY_ONLY_NOT_AN_AUTHORIZED_IDENTITY_CHANGE,0.1,0.55,FIFTY_PERCENT_OF_OBSERVED,0.3625869561727386,0.08625543461139132,0.83015,0.8248826304957041,0.8352905680964501,0.3419173222762635,-0.020669633896475137,0.10662968130507904,0.0828637454930345,0.7039,0.025,0.02564102564102564
ROUTE_1,39,150,4,20,12,PLANNING_SENSITIVITY_ONLY_NOT_AN_AUTHORIZED_IDENTITY_CHANGE,0.2,0.15,NULL,0.0,0.08625543461139132,0.05205,0.04905663754190329,0.05521540756076084,-0.0006323644021488572,-0.0006323644021488572,0.2199325761263916,0.13668615769286113,0.0257,0.025,0.02564102564102564
ROUTE_1,39,150,4,20,12,PLANNING_SENSITIVITY_ONLY_NOT_AN_AUTHORIZED_IDENTITY_CHANGE,0.2,0.15,MODEST_0_05,0.05,0.08625543461139132,0.0731,0.06957387949206222,0.0767900808926399,0.04803941361103296,-0.0019605863889670394,0.2206351245591451,0.13642752704476094,0.0385,0.025,0.02564102564102564
ROUTE_1,39,150,4,20,12,PLANNING_SENSITIVITY_ONLY_NOT_AN_AUTHORIZED_IDENTITY_CHANGE,0.2,0.15,MODEST_0_10,0.1,0.08625543461139132,0.11135,0.10706484534244494,0.1157844242839652,0.09872550664508653,-0.0012744933549134752,0.21990339423779415,0.13682566348580383,0.06125,0.025,0.02564102564102564
ROUTE_1,39,150,4,20,12,PLANNING_SENSITIVITY_ONLY_NOT_AN_AUTHORIZED_IDENTITY_CHANGE,0.2,0.15,TWENTY_FIVE_PERCENT_OF_OBSERVED,0.1812934780863693,0.08625543461139132,0.19745,0.19199139127540304,0.20302480974214582,0.1832969205424338,0.002003442456064486,0.22094067209340595,0.13657187279584113,0.1197,0.025,0.02564102564102564
ROUTE_1,39,150,4,20,12,PLANNING_SENSITIVITY_ONLY_NOT_AN_AUTHORIZED_IDENTITY_CHANGE,0.2,0.15,FIFTY_PERCENT_OF_OBSERVED,0.3625869561727386,0.08625543461139132,0.4704,0.463488980426114,0.47732238810840744,0.3610058535708173,-0.0015811026019212915,0.2182324649361705,0.1365660542695855,0.3294,0.025,0.02564102564102564
ROUTE_1,39,150,4,20,12,PLANNING_SENSITIVITY_ONLY_NOT_AN_AUTHORIZED_IDENTITY_CHANGE,0.2,0.35,NULL,0.0,0.08625543461139132,0.05065,0.047696321199886975,0.053776261603734256,-0.0009577976409981707,-0.0009577976409981707,0.2221478703769659,0.1367225651385553,0.0252,0.025,0.02564102564102564
ROUTE_1,39,150,4,20,12,PLANNING_SENSITIVITY_ONLY_NOT_AN_AUTHORIZED_IDENTITY_CHANGE,0.2,0.35,MODEST_0_05,0.05,0.08625543461139132,0.07795,0.07431501201465028,0.08174708562030765,0.04997100009298187,-2.8999907018135984e-05,0.22179953827722534,0.13642061019162832,0.04205,0.025,0.02564102564102564
ROUTE_1,39,150,4,20,12,PLANNING_SENSITIVITY_ONLY_NOT_AN_AUTHORIZED_IDENTITY_CHANGE,0.2,0.35,MODEST_0_10,0.1,0.08625543461139132,0.1141,0.1097676654198736,0.11858054800822793,0.09826118306912508,-0.001738816930874923,0.22057029709998952,0.1363565168209393,0.06265,0.025,0.02564102564102564
ROUTE_1,39,150,4,20,12,PLANNING_SENSITIVITY_ONLY_NOT_AN_AUTHORIZED_IDENTITY_CHANGE,0.2,0.35,TWENTY_FIVE_PERCENT_OF_OBSERVED,0.1812934780863693,0.08625543461139132,0.20095,0.19545419921070836,0.20656065755444777,0.1806957684525413,-0.0005977096338280197,0.2178301283979601,0.13646520615304894,0.1192,0.025,0.02564102564102564
ROUTE_1,39,150,4,20,12,PLANNING_SENSITIVITY_ONLY_NOT_AN_AUTHORIZED_IDENTITY_CHANGE,0.2,0.35,FIFTY_PERCENT_OF_OBSERVED,0.3625869561727386,0.08625543461139132,0.47185,0.46493753984653763,0.478773271783421,0.3537218449481028,-0.008865111224635791,0.2042795115587939,0.1365968760463242,0.32975,0.025,0.02564102564102564
ROUTE_1,39,150,4,20,12,PLANNING_SENSITIVITY_ONLY_NOT_AN_AUTHORIZED_IDENTITY_CHANGE,0.2,0.55,NULL,0.0,0.08625543461139132,0.0472,0.044346913581891106,0.050226994270517245,-0.00514244538047362,-0.00514244538047362,0.2185131893595111,0.13423852915290804,0.02075,0.025,0.02564102564102564
ROUTE_1,39,150,4,20,12,PLANNING_SENSITIVITY_ONLY_NOT_AN_AUTHORIZED_IDENTITY_CHANGE,0.2,0.55,MODEST_0_05,0.05,0.08625543461139132,0.0717,0.06820614587215901,0.07535835221350021,0.04869137039369947,-0.0013086296063005362,0.21454443259716643,0.1343209457160886,0.033,0.025,0.02564102564102564
ROUTE_1,39,150,4,20,12,PLANNING_SENSITIVITY_ONLY_NOT_AN_AUTHORIZED_IDENTITY_CHANGE,0.2,0.55,MODEST_0_10,0.1,0.08625543461139132,0.10825,0.10401904014573485,0.11263142010422311,0.09611563888058525,-0.0038843611194147587,0.21036944194135748,0.13422669924650366,0.04825,0.025,0.02564102564102564
ROUTE_1,39,150,4,20,12,PLANNING_SENSITIVITY_ONLY_NOT_AN_AUTHORIZED_IDENTITY_CHANGE,0.2,0.55,TWENTY_FIVE_PERCENT_OF_OBSERVED,0.1812934780863693,0.08625543461139132,0.182,0.17671379815113336,0.18740833678054913,0.1701197178331927,-0.011173760253176596,0.2008805033008489,0.1343191487203553,0.08535,0.025,0.02564102564102564
ROUTE_1,39,150,4,20,12,PLANNING_SENSITIVITY_ONLY_NOT_AN_AUTHORIZED_IDENTITY_CHANGE,0.2,0.55,FIFTY_PERCENT_OF_OBSERVED,0.3625869561727386,0.08625543461139132,0.4187,0.4118789496774817,0.42555227538524093,0.31272599331482975,-0.049860962857908864,0.15899064658452286,0.13419493899882307,0.2152,0.025,0.02564102564102564
ROUTE_2,39,150,4,20,12,PLANNING_SENSITIVITY_ONLY_NOT_AN_AUTHORIZED_IDENTITY_CHANGE,0.1,0.15,NULL,0.0,0.08625543461139132,0.04905,0.0461424630826958,0.05213073423630496,-0.0005963735551778593,-0.0005963735551778593,0.11525111108361084,0.08292941548858815,0.02425,0.025,0.02564102564102564
ROUTE_2,39,150,4,20,12,PLANNING_SENSITIVITY_ONLY_NOT_AN_AUTHORIZED_IDENTITY_CHANGE,0.1,0.15,MODEST_0_05,0.05,0.08625543461139132,0.1075,0.10328231689399607,0.11186843141004606,0.05007529786934728,7.529786934727667e-05,0.11466130083897101,0.08277919422478511,0.0563,0.025,0.02564102564102564
ROUTE_2,39,150,4,20,12,PLANNING_SENSITIVITY_ONLY_NOT_AN_AUTHORIZED_IDENTITY_CHANGE,0.1,0.15,MODEST_0_10,0.1,0.08625543461139132,0.20575,0.20020426266845134,0.21140875055056615,0.09991393530489688,-8.606469510312464e-05,0.11505397236980562,0.08314243500348388,0.12265,0.025,0.02564102564102564
ROUTE_2,39,150,4,20,12,PLANNING_SENSITIVITY_ONLY_NOT_AN_AUTHORIZED_IDENTITY_CHANGE,0.1,0.15,TWENTY_FIVE_PERCENT_OF_OBSERVED,0.1812934780863693,0.08625543461139132,0.44375,0.4368759260941829,0.45064567796212884,0.18091790540369962,-0.00037557268266968924,0.11541786753181,0.08277023560677822,0.30755,0.025,0.02564102564102564
ROUTE_2,39,150,4,20,12,PLANNING_SENSITIVITY_ONLY_NOT_AN_AUTHORIZED_IDENTITY_CHANGE,0.1,0.15,FIFTY_PERCENT_OF_OBSERVED,0.3625869561727386,0.08625543461139132,0.9122,0.9081982598682593,0.9160434256070881,0.36147534675955745,-0.0011116094131811693,0.11527585550748602,0.08274794210243142,0.82405,0.025,0.02564102564102564
ROUTE_2,39,150,4,20,12,PLANNING_SENSITIVITY_ONLY_NOT_AN_AUTHORIZED_IDENTITY_CHANGE,0.1,0.35,NULL,0.0,0.08625543461139132,0.05005,0.04711352390789289,0.05315928933899566,0.000728415071023113,0.000728415071023113,0.11540005567464186,0.08297437839432042,0.02465,0.025,0.02564102564102564
ROUTE_2,39,150,4,20,12,PLANNING_SENSITIVITY_ONLY_NOT_AN_AUTHORIZED_IDENTITY_CHANGE,0.1,0.35,MODEST_0_05,0.05,0.08625543461139132,0.10915,0.10490319370854569,0.11354692087651129,0.04993244170195656,-6.755829804343944e-05,0.11541052853307551,0.08318379939833881,0.0612,0.025,0.02564102564102564
ROUTE_2,39,150,4,20,12,PLANNING_SENSITIVITY_ONLY_NOT_AN_AUTHORIZED_IDENTITY_CHANGE,0.1,0.35,MODEST_0_10,0.1,0.08625543461139132,0.2106,0.20500503280678017,0.2163061176624932,0.1004479976514368,0.0004479976514367989,0.11574287687832462,0.08301799444661367,0.1261,0.025,0.02564102564102564
ROUTE_2,39,150,4,20,12,PLANNING_SENSITIVITY_ONLY_NOT_AN_AUTHORIZED_IDENTITY_CHANGE,0.1,0.35,TWENTY_FIVE_PERCENT_OF_OBSERVED,0.1812934780863693,0.08625543461139132,0.44205,0.43517896008801465,0.4489432968908879,0.18065000044863255,-0.0006434776377367557,0.11528738429189851,0.08267245845628315,0.30855,0.025,0.02564102564102564
ROUTE_2,39,150,4,20,12,PLANNING_SENSITIVITY_ONLY_NOT_AN_AUTHORIZED_IDENTITY_CHANGE,0.1,0.35,FIFTY_PERCENT_OF_OBSERVED,0.3625869561727386,0.08625543461139132,0.91045,0.9064135196966532,0.9143288379048904,0.35963537477298385,-0.0029515813997547657,0.11310210677859946,0.08271445668160864,0.82155,0.025,0.02564102564102564
ROUTE_2,39,150,4,20,12,PLANNING_SENSITIVITY_ONLY_NOT_AN_AUTHORIZED_IDENTITY_CHANGE,0.1,0.55,NULL,0.0,0.08625543461139132,0.04755,0.04468651897958429,0.050587254447584794,-0.000491132228457376,-0.000491132228457376,0.11517239560353411,0.08278935726990205,0.02295,0.025,0.02564102564102564
ROUTE_2,39,150,4,20,12,PLANNING_SENSITIVITY_ONLY_NOT_AN_AUTHORIZED_IDENTITY_CHANGE,0.1,0.55,MODEST_0_05,0.05,0.08625543461139132,0.10785,0.10362611295971082,0.11222450091909204,0.05006942620294799,6.942620294798918e-05,0.11453279351152462,0.08275888863681657,0.0584,0.025,0.02564102564102564
ROUTE_2,39,150,4,20,12,PLANNING_SENSITIVITY_ONLY_NOT_AN_AUTHORIZED_IDENTITY_CHANGE,0.1,0.55,MODEST_0_10,0.1,0.08625543461139132,0.20995,0.2043615602052249,0.21564983991092135,0.1004873939464259,0.0004873939464258986,0.11416440103201153,0.08310774031173404,0.1218,0.025,0.02564102564102564
ROUTE_2,39,150,4,20,12,PLANNING_SENSITIVITY_ONLY_NOT_AN_AUTHORIZED_IDENTITY_CHANGE,0.1,0.55,TWENTY_FIVE_PERCENT_OF_OBSERVED,0.1812934780863693,0.08625543461139132,0.44405,0.43717539915958037,0.45094608967509775,0.1806085626370463,-0.0006849154493230036,0.11358793768302618,0.0830059786296276,0.31035,0.025,0.02564102564102564
ROUTE_2,39,150,4,20,12,PLANNING_SENSITIVITY_ONLY_NOT_AN_AUTHORIZED_IDENTITY_CHANGE,0.1,0.55,FIFTY_PERCENT_OF_OBSERVED,0.3625869561727386,0.08625543461139132,0.9113,0.9072803358624608,0.9151616952777875,0.3419738096025324,-0.020613146570206242,0.09433836022729666,0.08313973757063502,0.81695,0.025,0.02564102564102564
ROUTE_2,39,150,4,20,12,PLANNING_SENSITIVITY_ONLY_NOT_AN_AUTHORIZED_IDENTITY_CHANGE,0.2,0.15,NULL,0.0,0.08625543461139132,0.0516,0.048619324376531964,0.05475289355858266,0.0018853851627520111,0.0018853851627520111,0.20962462816157104,0.13670792791101435,0.0248,0.025,0.02564102564102564
ROUTE_2,39,150,4,20,12,PLANNING_SENSITIVITY_ONLY_NOT_AN_AUTHORIZED_IDENTITY_CHANGE,0.2,0.15,MODEST_0_05,0.05,0.08625543461139132,0.0814,0.07769016549519966,0.08527060709097112,0.04980971816809217,-0.00019028183190783476,0.20969931357620503,0.13651487536120524,0.0439,0.025,0.02564102564102564
ROUTE_2,39,150,4,20,12,PLANNING_SENSITIVITY_ONLY_NOT_AN_AUTHORIZED_IDENTITY_CHANGE,0.2,0.15,MODEST_0_10,0.1,0.08625543461139132,0.12025,0.11581506583094656,0.12483078555366489,0.10288076348932132,0.002880763489321314,0.21097552671326464,0.1366970869815749,0.06755,0.025,0.02564102564102564
ROUTE_2,39,150,4,20,12,PLANNING_SENSITIVITY_ONLY_NOT_AN_AUTHORIZED_IDENTITY_CHANGE,0.2,0.15,TWENTY_FIVE_PERCENT_OF_OBSERVED,0.1812934780863693,0.08625543461139132,0.21015,0.20455954947138796,0.21585177383033585,0.18317406007778783,0.0018805819914185229,0.2101307615311204,0.13697272444975298,0.12515,0.025,0.02564102564102564
ROUTE_2,39,150,4,20,12,PLANNING_SENSITIVITY_ONLY_NOT_AN_AUTHORIZED_IDENTITY_CHANGE,0.2,0.15,FIFTY_PERCENT_OF_OBSERVED,0.3625869561727386,0.08625543461139132,0.50395,0.4970206039032696,0.5108778790118871,0.3615774853551681,-0.0010094708175705236,0.2070719776059689,0.13664017138499054,0.35965,0.025,0.02564102564102564
ROUTE_2,39,150,4,20,12,PLANNING_SENSITIVITY_ONLY_NOT_AN_AUTHORIZED_IDENTITY_CHANGE,0.2,0.35,NULL,0.0,0.08625543461139132,0.05075,0.047793465619609864,0.053879078776800156,-0.001046264507038672,-0.001046264507038672,0.20989747524379984,0.1365232341692331,0.02545,0.025,0.02564102564102564
ROUTE_2,39,150,4,20,12,PLANNING_SENSITIVITY_ONLY_NOT_AN_AUTHORIZED_IDENTITY_CHANGE,0.2,0.35,MODEST_0_05,0.05,0.08625543461139132,0.0759,0.07231049080206632,0.0796523941807216,0.047938778853470976,-0.002061221146529027,0.20860636345932992,0.13655982601711963,0.03925,0.025,0.02564102564102564
ROUTE_2,39,150,4,20,12,PLANNING_SENSITIVITY_ONLY_NOT_AN_AUTHORIZED_IDENTITY_CHANGE,0.2,0.35,MODEST_0_10,0.1,0.08625543461139132,0.11665,0.11227464544801213,0.12117258859620328,0.09769850627708714,-0.00230149372291287,0.21063472141483935,0.13629741794116637,0.06485,0.025,0.02564102564102564
ROUTE_2,39,150,4,20,12,PLANNING_SENSITIVITY_ONLY_NOT_AN_AUTHORIZED_IDENTITY_CHANGE,0.2,0.35,TWENTY_FIVE_PERCENT_OF_OBSERVED,0.1812934780863693,0.08625543461139132,0.2086,0.20302518640389244,0.2142867322096053,0.18000855870458748,-0.0012849193817818239,0.2080883143528952,0.1365058174316496,0.12465,0.025,0.02564102564102564
ROUTE_2,39,150,4,20,12,PLANNING_SENSITIVITY_ONLY_NOT_AN_AUTHORIZED_IDENTITY_CHANGE,0.2,0.35,FIFTY_PERCENT_OF_OBSERVED,0.3625869561727386,0.08625543461139132,0.50155,0.49462088189990105,0.5084785227883252,0.35347488750275613,-0.009112068669982487,0.19443773070541442,0.13644898538725847,0.3539,0.025,0.02564102564102564
ROUTE_2,39,150,4,20,12,PLANNING_SENSITIVITY_ONLY_NOT_AN_AUTHORIZED_IDENTITY_CHANGE,0.2,0.55,NULL,0.0,0.08625543461139132,0.0454,0.0426010838804632,0.04837351530174713,-0.0028130189605777823,-0.0028130189605777823,0.20699213800414967,0.13427528556006849,0.0193,0.025,0.02564102564102564
ROUTE_2,39,150,4,20,12,PLANNING_SENSITIVITY_ONLY_NOT_AN_AUTHORIZED_IDENTITY_CHANGE,0.2,0.55,MODEST_0_05,0.05,0.08625543461139132,0.07355,0.07001359033557945,0.07725019721667219,0.050218526513639734,0.00021852651363973158,0.20466882923756338,0.1344806511785073,0.0326,0.025,0.02564102564102564
ROUTE_2,39,150,4,20,12,PLANNING_SENSITIVITY_ONLY_NOT_AN_AUTHORIZED_IDENTITY_CHANGE,0.2,0.55,MODEST_0_10,0.1,0.08625543461139132,0.1086,0.1043628665876501,0.1129874592370686,0.09708384433137283,-0.002916155668627171,0.20088762078623823,0.13443723757667211,0.0497,0.025,0.02564102564102564
ROUTE_2,39,150,4,20,12,PLANNING_SENSITIVITY_ONLY_NOT_AN_AUTHORIZED_IDENTITY_CHANGE,0.2,0.55,TWENTY_FIVE_PERCENT_OF_OBSERVED,0.1812934780863693,0.08625543461139132,0.1875,0.18215084365371076,0.19296917888135462,0.17102840149239698,-0.010265076593972328,0.1911899822521157,0.13435884904484746,0.0937,0.025,0.02564102564102564
ROUTE_2,39,150,4,20,12,PLANNING_SENSITIVITY_ONLY_NOT_AN_AUTHORIZED_IDENTITY_CHANGE,0.2,0.55,FIFTY_PERCENT_OF_OBSERVED,0.3625869561727386,0.08625543461139132,0.43685,0.4299887482729486,0.4437355058809375,0.3121868849693487,-0.05040007120338991,0.15445310298281978,0.13444699034051416,0.24215,0.025,0.02564102564102564
ROUTE_1,39,300,2,31,16,REQUIRED_FULL_47_IDENTITY_DESIGN,0.1,0.15,NULL,0.0,0.06,0.04865,0.04575413435788266,0.05171921658996299,-0.0002159347956958181,-0.0002159347956958181,0.11801267204193981,0.07313960726167287,0.02315,0.025,0.02564102564102564
ROUTE_1,39,300,2,31,16,REQUIRED_FULL_47_IDENTITY_DESIGN,0.1,0.15,MODEST_0_05,0.05,0.06,0.10865,0.10441198580164386,0.11303832081946923,0.04936022016842312,-0.0006397798315768838,0.11827035157546825,0.07321459330328081,0.05995,0.025,0.02564102564102564
ROUTE_1,39,300,2,31,16,REQUIRED_FULL_47_IDENTITY_DESIGN,0.1,0.15,MODEST_0_10,0.1,0.06,0.20525,0.19970940748915567,0.21090379776591794,0.10196318289658733,0.001963182896587326,0.11797864833653014,0.07332187715890177,0.1213,0.025,0.02564102564102564
ROUTE_1,39,300,2,31,16,REQUIRED_FULL_47_IDENTITY_DESIGN,0.1,0.15,TWENTY_FIVE_PERCENT_OF_OBSERVED,0.1812934780863693,0.06,0.4347,0.42784301942897285,0.4415820604799544,0.18284037670700024,0.0015468986206309265,0.1171680159487059,0.07327112723982263,0.3005,0.025,0.02564102564102564
ROUTE_1,39,300,2,31,16,REQUIRED_FULL_47_IDENTITY_DESIGN,0.1,0.15,FIFTY_PERCENT_OF_OBSERVED,0.3625869561727386,0.06,0.903,0.8988205832036904,0.9070246357350893,0.36299461109714315,0.00040765492440453244,0.11686361946104601,0.07314466018002828,0.8123,0.025,0.02564102564102564
ROUTE_1,39,300,2,31,16,REQUIRED_FULL_47_IDENTITY_DESIGN,0.1,0.35,NULL,0.0,0.06,0.0482,0.045317331021641365,0.05125619275865478,-0.000167592513646307,-0.000167592513646307,0.11823758040691748,0.07319937687181886,0.0242,0.025,0.02564102564102564
ROUTE_1,39,300,2,31,16,REQUIRED_FULL_47_IDENTITY_DESIGN,0.1,0.35,MODEST_0_05,0.05,0.06,0.106,0.10180906759328677,0.11034225681892366,0.04824819000563425,-0.0017518099943657495,0.11762283467893742,0.07316131682577014,0.05795,0.025,0.02564102564102564
ROUTE_1,39,300,2,31,16,REQUIRED_FULL_47_IDENTITY_DESIGN,0.1,0.35,MODEST_0_10,0.1,0.06,0.20425,0.19871973659137315,0.20989385273581268,0.10051527673790359,0.0005152767379035805,0.11799379533911124,0.07320322060327748,0.12165,0.025,0.02564102564102564
ROUTE_1,39,300,2,31,16,REQUIRED_FULL_47_IDENTITY_DESIGN,0.1,0.35,TWENTY_FIVE_PERCENT_OF_OBSERVED,0.1812934780863693,0.06,0.4341,0.4272442348282424,0.4409810755239521,0.18250844255724888,0.0012149644708795704,0.11823602126024498,0.0732181240969066,0.2987,0.025,0.02564102564102564
ROUTE_1,39,300,2,31,16,REQUIRED_FULL_47_IDENTITY_DESIGN,0.1,0.35,FIFTY_PERCENT_OF_OBSERVED,0.3625869561727386,0.06,0.90095,0.896732586153414,0.9050134201331957,0.3615549004473233,-0.001032055725415315,0.1178116644798981,0.07322335511834113,0.80635,0.025,0.02564102564102564
ROUTE_1,39,300,2,31,16,REQUIRED_FULL_47_IDENTITY_DESIGN,0.1,0.55,NULL,0.0,0.06,0.04975,0.04682217018525079,0.052850758283271425,-0.0007352139531134709,-0.0007352139531134709,0.118535675287842,0.07323790325229833,0.0258,0.025,0.02564102564102564
ROUTE_1,39,300,2,31,16,REQUIRED_FULL_47_IDENTITY_DESIGN,0.1,0.55,MODEST_0_05,0.05,0.06,0.1068,0.10259476763758284,0.11115624951693785,0.04889994941063253,-0.0011000505893674697,0.11797101412497162,0.07323024269071292,0.057,0.025,0.02564102564102564
ROUTE_1,39,300,2,31,16,REQUIRED_FULL_47_IDENTITY_DESIGN,0.1,0.55,MODEST_0_10,0.1,0.06,0.20015,0.19466264165204866,0.20575252237079722,0.09806662522494455,-0.001933374775055452,0.11848958212342199,0.07325945374699942,0.119,0.025,0.02564102564102564
ROUTE_1,39,300,2,31,16,REQUIRED_FULL_47_IDENTITY_DESIGN,0.1,0.55,TWENTY_FIVE_PERCENT_OF_OBSERVED,0.1812934780863693,0.06,0.426,0.41916164716782456,0.43286677416847896,0.1802209529161458,-0.0010725251702235206,0.11697182955195501,0.07320712628988202,0.29725,0.025,0.02564102564102564
ROUTE_1,39,300,2,31,16,REQUIRED_FULL_47_IDENTITY_DESIGN,0.1,0.55,FIFTY_PERCENT_OF_OBSERVED,0.3625869561727386,0.06,0.89865,0.8943906043201988,0.9027562853322688,0.34559257813732913,-0.016994378035409485,0.09709895540282147,0.07311779170826191,0.80345,0.025,0.02564102564102564
ROUTE_1,39,300,2,31,16,REQUIRED_FULL_47_IDENTITY_DESIGN,0.2,0.15,NULL,0.0,0.06,0.05115,0.04818207592646934,0.05429031484109578,0.0019146107134025915,0.0019146107134025915,0.21184860115089818,0.13106419343243814,0.02605,0.025,0.02564102564102564
ROUTE_1,39,300,2,31,16,REQUIRED_FULL_47_IDENTITY_DESIGN,0.2,0.15,MODEST_0_05,0.05,0.06,0.07855,0.07490184519462798,0.0823600219970626,0.051749068770735804,0.001749068770735801,0.21057817888902824,0.13089744994764285,0.04005,0.025,0.02564102564102564
ROUTE_1,39,300,2,31,16,REQUIRED_FULL_47_IDENTITY_DESIGN,0.2,0.15,MODEST_0_10,0.1,0.06,0.1169,0.11252046475767204,0.12142667326851532,0.1003043195330979,0.0003043195330978965,0.21039212734011148,0.1308718690313323,0.064,0.025,0.02564102564102564
ROUTE_1,39,300,2,31,16,REQUIRED_FULL_47_IDENTITY_DESIGN,0.2,0.15,TWENTY_FIVE_PERCENT_OF_OBSERVED,0.1812934780863693,0.06,0.20805,0.20248076475794943,0.21373136509521004,0.1822893911315781,0.000995913045208796,0.21130252617526157,0.13097048024724955,0.1258,0.025,0.02564102564102564
ROUTE_1,39,300,2,31,16,REQUIRED_FULL_47_IDENTITY_DESIGN,0.2,0.15,FIFTY_PERCENT_OF_OBSERVED,0.3625869561727386,0.06,0.49755,0.4906216999227112,0.5044792410539637,0.3633263307996649,0.0007393746269263035,0.20892390033488256,0.1310150194631043,0.35745,0.025,0.02564102564102564
ROUTE_1,39,300,2,31,16,REQUIRED_FULL_47_IDENTITY_DESIGN,0.2,0.35,NULL,0.0,0.06,0.0524,0.04939681423822419,0.05557509643920068,0.0006083848697323278,0.0006083848697323278,0.21150561352843258,0.13095951518642102,0.02645,0.025,0.02564102564102564
ROUTE_1,39,300,2,31,16,REQUIRED_FULL_47_IDENTITY_DESIGN,0.2,0.35,MODEST_0_05,0.05,0.06,0.08125,0.07754337692599826,0.08511745327098937,0.05023503836759119,0.00023503836759118657,0.2129578511697951,0.13085491742464417,0.0438,0.025,0.02564102564102564
ROUTE_1,39,300,2,31,16,REQUIRED_FULL_47_IDENTITY_DESIGN,0.2,0.35,MODEST_0_10,0.1,0.06,0.12025,0.11581506583094656,0.12483078555366489,0.10120574848652682,0.0012057484865268114,0.2105938701388519,0.13079559980439917,0.0648,0.025,0.02564102564102564
ROUTE_1,39,300,2,31,16,REQUIRED_FULL_47_IDENTITY_DESIGN,0.2,0.35,TWENTY_FIVE_PERCENT_OF_OBSERVED,0.1812934780863693,0.06,0.2023,0.19679003062535966,0.20792430764244502,0.1793576286116872,-0.0019358494746821164,0.2089769273921357,0.13081443997881997,0.1228,0.025,0.02564102564102564
ROUTE_1,39,300,2,31,16,REQUIRED_FULL_47_IDENTITY_DESIGN,0.2,0.35,FIFTY_PERCENT_OF_OBSERVED,0.3625869561727386,0.06,0.49985,0.49292117538610625,0.5067788822247106,0.3550044441687046,-0.007582512004034037,0.19589042100463072,0.13083437813717932,0.35695,0.025,0.02564102564102564
ROUTE_1,39,300,2,31,16,REQUIRED_FULL_47_IDENTITY_DESIGN,0.2,0.55,NULL,0.0,0.06,0.0497,0.04677361416941829,0.052799333502709545,-0.0013922369884618406,-0.0013922369884618406,0.20830031216855188,0.12928400413163674,0.0208,0.025,0.02564102564102564
ROUTE_1,39,300,2,31,16,REQUIRED_FULL_47_IDENTITY_DESIGN,0.2,0.55,MODEST_0_05,0.05,0.06,0.07645,0.07284821350106967,0.08021446024205657,0.046826548034530915,-0.0031734519654690874,0.20918995821121697,0.12929019687874976,0.035,0.025,0.02564102564102564
ROUTE_1,39,300,2,31,16,REQUIRED_FULL_47_IDENTITY_DESIGN,0.2,0.55,MODEST_0_10,0.1,0.06,0.1094,0.10514880837763653,0.11380121018939239,0.09555897406840297,-0.004441025931597037,0.200814826284888,0.12944400270864695,0.05165,0.025,0.02564102564102564
ROUTE_1,39,300,2,31,16,REQUIRED_FULL_47_IDENTITY_DESIGN,0.2,0.55,TWENTY_FIVE_PERCENT_OF_OBSERVED,0.1812934780863693,0.06,0.2008,0.19530577953982953,0.20640913483614348,0.17530316553826705,-0.005990312548102256,0.1932534705548325,0.1289999552823932,0.1002,0.025,0.02564102564102564
ROUTE_1,39,300,2,31,16,REQUIRED_FULL_47_IDENTITY_DESIGN,0.2,0.55,FIFTY_PERCENT_OF_OBSERVED,0.3625869561727386,0.06,0.46765,0.46074187345614104,0.4745705512766889,0.31669307703300703,-0.045893879139731586,0.1548107642443928,0.12922201131495056,0.25425,0.025,0.02564102564102564
ROUTE_2,39,300,2,31,16,REQUIRED_FULL_47_IDENTITY_DESIGN,0.1,0.15,NULL,0.0,0.06,0.0495,0.04657939854423662,0.05259362594231365,0.0003126734682542005,0.0003126734682542005,0.10719753359875955,0.07323116369036353,0.02385,0.025,0.02564102564102564
ROUTE_2,39,300,2,31,16,REQUIRED_FULL_47_IDENTITY_DESIGN,0.1,0.15,MODEST_0_05,0.05,0.06,0.11385,0.10952192044515134,0.11832638900097826,0.050992927431796925,0.0009929274317969222,0.10848654491744018,0.07329420451574063,0.06415,0.025,0.02564102564102564
ROUTE_2,39,300,2,31,16,REQUIRED_FULL_47_IDENTITY_DESIGN,0.1,0.15,MODEST_0_10,0.1,0.06,0.2279,0.22213901809847486,0.23376548792325724,0.10039449196200782,0.00039449196200781744,0.10809281338039513,0.07324028093212406,0.13705,0.025,0.02564102564102564
ROUTE_2,39,300,2,31,16,REQUIRED_FULL_47_IDENTITY_DESIGN,0.1,0.15,TWENTY_FIVE_PERCENT_OF_OBSERVED,0.1812934780863693,0.06,0.4836,0.47667802311614127,0.4905282756664989,0.18127382361660058,-1.9654469768731753e-05,0.10945602145298039,0.07313770000319678,0.3468,0.025,0.02564102564102564
ROUTE_2,39,300,2,31,16,REQUIRED_FULL_47_IDENTITY_DESIGN,0.1,0.15,FIFTY_PERCENT_OF_OBSERVED,0.3625869561727386,0.06,0.941,0.9376489958501165,0.9441816283483991,0.36343242514067353,0.0008454689679349148,0.10837642131323506,0.0731951492803816,0.8703,0.025,0.02564102564102564
ROUTE_2,39,300,2,31,16,REQUIRED_FULL_47_IDENTITY_DESIGN,0.1,0.35,NULL,0.0,0.06,0.04935,0.046433745719324244,0.05243933637804286,-0.00036247335854087547,-0.00036247335854087547,0.10848296170117593,0.07307041587677517,0.02505,0.025,0.02564102564102564
ROUTE_2,39,300,2,31,16,REQUIRED_FULL_47_IDENTITY_DESIGN,0.1,0.35,MODEST_0_05,0.05,0.06,0.11355,0.10922703539087608,0.11802138927688718,0.04836392830146986,-0.0016360716985301393,0.10892940230523321,0.07339213788824211,0.06165,0.025,0.02564102564102564
ROUTE_2,39,300,2,31,16,REQUIRED_FULL_47_IDENTITY_DESIGN,0.1,0.35,MODEST_0_10,0.1,0.06,0.22555,0.21981071863935847,0.23139468995183732,0.10047836185531078,0.00047836185531077713,0.10822538704180112,0.07313763160895026,0.13955,0.025,0.02564102564102564
ROUTE_2,39,300,2,31,16,REQUIRED_FULL_47_IDENTITY_DESIGN,0.1,0.35,TWENTY_FIVE_PERCENT_OF_OBSERVED,0.1812934780863693,0.06,0.48635,0.4794263495490658,0.49327889303526584,0.18203899517967165,0.0007455170933023392,0.10744816282865843,0.07316743602262514,0.34675,0.025,0.02564102564102564
ROUTE_2,39,300,2,31,16,REQUIRED_FULL_47_IDENTITY_DESIGN,0.1,0.35,FIFTY_PERCENT_OF_OBSERVED,0.3625869561727386,0.06,0.94,0.9366233964342431,0.9432076118363847,0.36250782428739287,-7.913188534575122e-05,0.10760009774323058,0.07323097407054596,0.8677,0.025,0.02564102564102564
ROUTE_2,39,300,2,31,16,REQUIRED_FULL_47_IDENTITY_DESIGN,0.1,0.55,NULL,0.0,0.06,0.04705,0.044201381985967424,0.05007258347725776,-0.0005225797392656224,-0.0005225797392656224,0.10777948140176619,0.07333117896226364,0.02415,0.025,0.02564102564102564
ROUTE_2,39,300,2,31,16,REQUIRED_FULL_47_IDENTITY_DESIGN,0.1,0.55,MODEST_0_05,0.05,0.06,0.11025,0.1059839513463622,0.11466574075937135,0.049294462397260035,-0.0007055376027399682,0.10791912692518245,0.07329757033261745,0.06005,0.025,0.02564102564102564
ROUTE_2,39,300,2,31,16,REQUIRED_FULL_47_IDENTITY_DESIGN,0.1,0.55,MODEST_0_10,0.1,0.06,0.21855,0.21287692261610047,0.22433117447988077,0.09822710644933516,-0.0017728935506648447,0.10732364253125844,0.07322930985513086,0.13115,0.025,0.02564102564102564
ROUTE_2,39,300,2,31,16,REQUIRED_FULL_47_IDENTITY_DESIGN,0.1,0.55,TWENTY_FIVE_PERCENT_OF_OBSERVED,0.1812934780863693,0.06,0.4912,0.48427390920412217,0.4981294706304653,0.18137228014716578,7.88020607964679e-05,0.10701690493571023,0.0731464672907247,0.34845,0.025,0.02564102564102564
ROUTE_2,39,300,2,31,16,REQUIRED_FULL_47_IDENTITY_DESIGN,0.1,0.55,FIFTY_PERCENT_OF_OBSERVED,0.3625869561727386,0.06,0.94065,0.9372900062849027,0.9438407523388522,0.34807065544311216,-0.014516300729626452,0.08941767174338099,0.07315328262741813,0.87275,0.025,0.02564102564102564
ROUTE_2,39,300,2,31,16,REQUIRED_FULL_47_IDENTITY_DESIGN,0.2,0.15,NULL,0.0,0.06,0.0502,0.047259212047703,0.05331354358836872,-0.0014747076566480903,-0.0014747076566480903,0.206483494208016,0.131205184500307,0.02485,0.025,0.02564102564102564
ROUTE_2,39,300,2,31,16,REQUIRED_FULL_47_IDENTITY_DESIGN,0.2,0.15,MODEST_0_05,0.05,0.06,0.0811,0.07739659217541336,0.0849642956323911,0.050700109281912126,0.000700109281912123,0.20671931723093165,0.13096299675674256,0.043,0.025,0.02564102564102564
ROUTE_2,39,300,2,31,16,REQUIRED_FULL_47_IDENTITY_DESIGN,0.2,0.15,MODEST_0_10,0.1,0.06,0.1189,0.11448725259043231,0.12345911729153065,0.10024138090736949,0.00024138090736948448,0.2037548314027696,0.13095684870163382,0.0662,0.025,0.02564102564102564
ROUTE_2,39,300,2,31,16,REQUIRED_FULL_47_IDENTITY_DESIGN,0.2,0.15,TWENTY_FIVE_PERCENT_OF_OBSERVED,0.1812934780863693,0.06,0.21285,0.20723260419260311,0.21857768211441778,0.18164039811621907,0.0003469200298497621,0.20603303339104917,0.13119758006069526,0.12505,0.025,0.02564102564102564
ROUTE_2,39,300,2,31,16,REQUIRED_FULL_47_IDENTITY_DESIGN,0.2,0.15,FIFTY_PERCENT_OF_OBSERVED,0.3625869561727386,0.06,0.51815,0.5112222264827656,0.5250708026083978,0.3612255158235497,-0.0013614403491888916,0.2056826962666419,0.13112216830524728,0.37165,0.025,0.02564102564102564
ROUTE_2,39,300,2,31,16,REQUIRED_FULL_47_IDENTITY_DESIGN,0.2,0.35,NULL,0.0,0.06,0.051,0.048036340963523244,0.054136107414858706,-8.43504090906988e-06,-8.43504090906988e-06,0.2058309978538896,0.1308730710101252,0.02515,0.025,0.02564102564102564
ROUTE_2,39,300,2,31,16,REQUIRED_FULL_47_IDENTITY_DESIGN,0.2,0.35,MODEST_0_05,0.05,0.06,0.07975,0.07607570286574696,0.08358570343940898,0.04867768985817744,-0.0013223101418225608,0.20574454795835778,0.13091259534764457,0.0435,0.025,0.02564102564102564
ROUTE_2,39,300,2,31,16,REQUIRED_FULL_47_IDENTITY_DESIGN,0.2,0.35,MODEST_0_10,0.1,0.06,0.12005,0.11561834112145224,0.12462758707758166,0.10119312400832374,0.0011931240083237343,0.20513322231644632,0.13092688433786673,0.067,0.025,0.02564102564102564
ROUTE_2,39,300,2,31,16,REQUIRED_FULL_47_IDENTITY_DESIGN,0.2,0.35,TWENTY_FIVE_PERCENT_OF_OBSERVED,0.1812934780863693,0.06,0.2151,0.2094604312403653,0.2208489909044031,0.18034833605055706,-0.000945142035812252,0.20595020931218047,0.13092181090519062,0.13085,0.025,0.02564102564102564
ROUTE_2,39,300,2,31,16,REQUIRED_FULL_47_IDENTITY_DESIGN,0.2,0.35,FIFTY_PERCENT_OF_OBSERVED,0.3625869561727386,0.06,0.5195,0.5125726719516559,0.5264198386421559,0.35585846542696,-0.006728490745778637,0.19227056410945345,0.13089918507972706,0.3729,0.025,0.02564102564102564
ROUTE_2,39,300,2,31,16,REQUIRED_FULL_47_IDENTITY_DESIGN,0.2,0.55,NULL,0.0,0.06,0.0481,0.04522027326179008,0.05115328892571727,0.001342201975920457,0.001342201975920457,0.20210298524667214,0.12926468228617582,0.02205,0.025,0.02564102564102564
ROUTE_2,39,300,2,31,16,REQUIRED_FULL_47_IDENTITY_DESIGN,0.2,0.55,MODEST_0_05,0.05,0.06,0.0774,0.07377713839229547,0.08118517048232415,0.05074611124066729,0.0007461112406672854,0.20294059535277453,0.12929258661959517,0.03735,0.025,0.02564102564102564
ROUTE_2,39,300,2,31,16,REQUIRED_FULL_47_IDENTITY_DESIGN,0.2,0.55,MODEST_0_10,0.1,0.06,0.117,0.11261879430927252,0.12152830530970363,0.09838445540409545,-0.0016155445959045583,0.19842704442484574,0.1292366137106362,0.0554,0.025,0.02564102564102564
ROUTE_2,39,300,2,31,16,REQUIRED_FULL_47_IDENTITY_DESIGN,0.2,0.55,TWENTY_FIVE_PERCENT_OF_OBSERVED,0.1812934780863693,0.06,0.19625,0.19080429699107898,0.20181236491300458,0.173039068816466,-0.008254409269903312,0.18800385013816198,0.1291751588869803,0.0992,0.025,0.02564102564102564
ROUTE_2,39,300,2,31,16,REQUIRED_FULL_47_IDENTITY_DESIGN,0.2,0.55,FIFTY_PERCENT_OF_OBSERVED,0.3625869561727386,0.06,0.47495,0.4680346563097064,0.48187496469670443,0.31695879400418986,-0.04562816216854876,0.1511576819623834,0.12940589361931792,0.27145,0.025,0.02564102564102564
ROUTE_1,39,300,2,20,12,PLANNING_SENSITIVITY_ONLY_NOT_AN_AUTHORIZED_IDENTITY_CHANGE,0.1,0.15,NULL,0.0,0.0862554346113913,0.05065,0.047696321199886975,0.053776261603734256,-8.443783647860084e-05,-8.443783647860084e-05,0.1334156367096708,0.08287725441113641,0.0252,0.025,0.02564102564102564
ROUTE_1,39,300,2,20,12,PLANNING_SENSITIVITY_ONLY_NOT_AN_AUTHORIZED_IDENTITY_CHANGE,0.1,0.15,MODEST_0_05,0.05,0.0862554346113913,0.09945,0.0953790762907885,0.10367476379375691,0.0493068140040485,-0.0006931859959515008,0.13415335259555836,0.08294966340868441,0.05225,0.025,0.02564102564102564
ROUTE_1,39,300,2,20,12,PLANNING_SENSITIVITY_ONLY_NOT_AN_AUTHORIZED_IDENTITY_CHANGE,0.1,0.15,MODEST_0_10,0.1,0.0862554346113913,0.1823,0.17701031781685755,0.18771170189319125,0.10086726289927163,0.000867262899271623,0.13282196115543532,0.0829477820745507,0.1035,0.025,0.02564102564102564
ROUTE_1,39,300,2,20,12,PLANNING_SENSITIVITY_ONLY_NOT_AN_AUTHORIZED_IDENTITY_CHANGE,0.1,0.15,TWENTY_FIVE_PERCENT_OF_OBSERVED,0.1812934780863693,0.0862554346113913,0.35895,0.35232959312085754,0.36562458025056954,0.1809160197920062,-0.0003774582943631144,0.1341089736995638,0.0828995504022711,0.2422,0.025,0.02564102564102564
ROUTE_1,39,300,2,20,12,PLANNING_SENSITIVITY_ONLY_NOT_AN_AUTHORIZED_IDENTITY_CHANGE,0.1,0.15,FIFTY_PERCENT_OF_OBSERVED,0.3625869561727386,0.0862554346113913,0.8316,0.8263500832032948,0.8367225584842966,0.36365936747455746,0.001072411301818843,0.1344278849787275,0.08280105589101194,0.7125,0.025,0.02564102564102564
ROUTE_1,39,300,2,20,12,PLANNING_SENSITIVITY_ONLY_NOT_AN_AUTHORIZED_IDENTITY_CHANGE,0.1,0.35,NULL,0.0,0.0862554346113913,0.05115,0.04818207592646934,0.05429031484109578,0.001340622211104242,0.001340622211104242,0.1325658474418939,0.08296311638622134,0.0256,0.025,0.02564102564102564
ROUTE_1,39,300,2,20,12,PLANNING_SENSITIVITY_ONLY_NOT_AN_AUTHORIZED_IDENTITY_CHANGE,0.1,0.35,MODEST_0_05,0.05,0.0862554346113913,0.0969,0.09287727041576219,0.10107754905266936,0.05046983522589177,0.0004698352258917654,0.13336358939636872,0.08292147991154242,0.0511,0.025,0.02564102564102564
ROUTE_1,39,300,2,20,12,PLANNING_SENSITIVITY_ONLY_NOT_AN_AUTHORIZED_IDENTITY_CHANGE,0.1,0.35,MODEST_0_10,0.1,0.0862554346113913,0.1796,0.17434183703961564,0.1849812196651362,0.10133899390012785,0.001338993900127844,0.13392942700624577,0.08292640288833626,0.10475,0.025,0.02564102564102564
ROUTE_1,39,300,2,20,12,PLANNING_SENSITIVITY_ONLY_NOT_AN_AUTHORIZED_IDENTITY_CHANGE,0.1,0.35,TWENTY_FIVE_PERCENT_OF_OBSERVED,0.1812934780863693,0.0862554346113913,0.367,0.3603462638464236,0.3737048177445002,0.181532197731016,0.00023871964464669548,0.13434279337641147,0.0828376489350069,0.2458,0.025,0.02564102564102564
ROUTE_1,39,300,2,20,12,PLANNING_SENSITIVITY_ONLY_NOT_AN_AUTHORIZED_IDENTITY_CHANGE,0.1,0.35,FIFTY_PERCENT_OF_OBSERVED,0.3625869561727386,0.0862554346113913,0.8287,0.8234153153068838,0.8338584401898329,0.3619745542089124,-0.0006124019638262257,0.13211645915698556,0.08296274995595333,0.7075,0.025,0.02564102564102564
ROUTE_1,39,300,2,20,12,PLANNING_SENSITIVITY_ONLY_NOT_AN_AUTHORIZED_IDENTITY_CHANGE,0.1,0.55,NULL,0.0,0.0862554346113913,0.0512,0.04823065586678381,0.054341715697175705,-0.000529790123807108,-0.000529790123807108,0.13410112599065038,0.08288693843522495,0.02625,0.025,0.02564102564102564
ROUTE_1,39,300,2,20,12,PLANNING_SENSITIVITY_ONLY_NOT_AN_AUTHORIZED_IDENTITY_CHANGE,0.1,0.55,MODEST_0_05,0.05,0.0862554346113913,0.09845,0.09439787422542592,0.10265634993123168,0.04917370820585162,-0.0008262917941483858,0.13269870313501844,0.08286339022056594,0.05045,0.025,0.02564102564102564
ROUTE_1,39,300,2,20,12,PLANNING_SENSITIVITY_ONLY_NOT_AN_AUTHORIZED_IDENTITY_CHANGE,0.1,0.55,MODEST_0_10,0.1,0.0862554346113913,0.1724,0.16722809255314314,0.17769772947081658,0.09831945706387668,-0.0016805429361233248,0.13394999589894,0.08277309875874195,0.10055,0.025,0.02564102564102564
ROUTE_1,39,300,2,20,12,PLANNING_SENSITIVITY_ONLY_NOT_AN_AUTHORIZED_IDENTITY_CHANGE,0.1,0.55,TWENTY_FIVE_PERCENT_OF_OBSERVED,0.1812934780863693,0.0862554346113913,0.36025,0.3536240738478926,0.36692960022978865,0.17937885827452543,-0.0019146198118438762,0.13183945970732894,0.08285950247439558,0.2398,0.025,0.02564102564102564
ROUTE_1,39,300,2,20,12,PLANNING_SENSITIVITY_ONLY_NOT_AN_AUTHORIZED_IDENTITY_CHANGE,0.1,0.55,FIFTY_PERCENT_OF_OBSERVED,0.3625869561727386,0.0862554346113913,0.82885,0.8235671001969596,0.8340065976889404,0.3433126602830988,-0.019274295889639803,0.10591115762274034,0.08289001977273158,0.7063,0.025,0.02564102564102564
ROUTE_1,39,300,2,20,12,PLANNING_SENSITIVITY_ONLY_NOT_AN_AUTHORIZED_IDENTITY_CHANGE,0.2,0.15,NULL,0.0,0.0862554346113913,0.04845,0.045559990800755165,0.05151343696151292,0.00024449239527739834,0.00024449239527739834,0.22032729858301153,0.136632912111368,0.02445,0.025,0.02564102564102564
ROUTE_1,39,300,2,20,12,PLANNING_SENSITIVITY_ONLY_NOT_AN_AUTHORIZED_IDENTITY_CHANGE,0.2,0.15,MODEST_0_05,0.05,0.0862554346113913,0.07215,0.06864573195939641,0.07581859329381233,0.0482270363392097,-0.0017729636607902999,0.21790150987702053,0.13654963256559025,0.03935,0.025,0.02564102564102564
ROUTE_1,39,300,2,20,12,PLANNING_SENSITIVITY_ONLY_NOT_AN_AUTHORIZED_IDENTITY_CHANGE,0.2,0.15,MODEST_0_10,0.1,0.0862554346113913,0.11455,0.11021002332979339,0.11903801726585765,0.10193996105590754,0.0019399610559075325,0.22084476249771642,0.1368351781192674,0.0635,0.025,0.02564102564102564
ROUTE_1,39,300,2,20,12,PLANNING_SENSITIVITY_ONLY_NOT_AN_AUTHORIZED_IDENTITY_CHANGE,0.2,0.15,TWENTY_FIVE_PERCENT_OF_OBSERVED,0.1812934780863693,0.0862554346113913,0.19825,0.1927828314197512,0.20383306234010792,0.1814293328896584,0.00013585480328909272,0.22049778158566125,0.13677954350925117,0.11715,0.025,0.02564102564102564
ROUTE_1,39,300,2,20,12,PLANNING_SENSITIVITY_ONLY_NOT_AN_AUTHORIZED_IDENTITY_CHANGE,0.2,0.15,FIFTY_PERCENT_OF_OBSERVED,0.3625869561727386,0.0862554346113913,0.47815,0.47123196012804225,0.4850764318476095,0.36437473130460785,0.0017877751318692292,0.21767748491872524,0.13676432378382922,0.3405,0.025,0.02564102564102564
ROUTE_1,39,300,2,20,12,PLANNING_SENSITIVITY_ONLY_NOT_AN_AUTHORIZED_IDENTITY_CHANGE,0.2,0.35,NULL,0.0,0.0862554346113913,0.0494,0.04648229581148323,0.052490767082278254,0.0005178497939612301,0.0005178497939612301,0.21925028126236723,0.13635201198312555,0.0246,0.025,0.02564102564102564
ROUTE_1,39,300,2,20,12,PLANNING_SENSITIVITY_ONLY_NOT_AN_AUTHORIZED_IDENTITY_CHANGE,0.2,0.35,MODEST_0_05,0.05,0.0862554346113913,0.07685,0.07323931963996606,0.08062320047431527,0.05085932026634144,0.0008593202663414387,0.22065737074507563,0.13668224698398257,0.04005,0.025,0.02564102564102564
ROUTE_1,39,300,2,20,12,PLANNING_SENSITIVITY_ONLY_NOT_AN_AUTHORIZED_IDENTITY_CHANGE,0.2,0.35,MODEST_0_10,0.1,0.0862554346113913,0.1114,0.10711398009887406,0.11583527032393044,0.09889365375594884,-0.0011063462440511623,0.2195626281864401,0.13650250044234613,0.062,0.025,0.02564102564102564
ROUTE_1,39,300,2,20,12,PLANNING_SENSITIVITY_ONLY_NOT_AN_AUTHORIZED_IDENTITY_CHANGE,0.2,0.35,TWENTY_FIVE_PERCENT_OF_OBSERVED,0.1812934780863693,0.0862554346113913,0.19875,0.19327749928170818,0.20433820244209483,0.1801322196953715,-0.0011612583909978158,0.21856372359228324,0.1364835816236379,0.1173,0.025,0.02564102564102564
ROUTE_1,39,300,2,20,12,PLANNING_SENSITIVITY_ONLY_NOT_AN_AUTHORIZED_IDENTITY_CHANGE,0.2,0.35,FIFTY_PERCENT_OF_OBSERVED,0.3625869561727386,0.0862554346113913,0.4786,0.47168160380544333,0.485526615337758,0.35648697091012904,-0.006099985262609575,0.2012954084495799,0.13648452581053558,0.33475,0.025,0.02564102564102564
ROUTE_1,39,300,2,20,12,PLANNING_SENSITIVITY_ONLY_NOT_AN_AUTHORIZED_IDENTITY_CHANGE,0.2,0.55,NULL,0.0,0.0862554346113913,0.04705,0.044201381985967424,0.05007258347725776,-2.573341471541939e-05,-2.573341471541939e-05,0.21661376191481807,0.1343800026789917,0.0202,0.025,0.02564102564102564
ROUTE_1,39,300,2,20,12,PLANNING_SENSITIVITY_ONLY_NOT_AN_AUTHORIZED_IDENTITY_CHANGE,0.2,0.55,MODEST_0_05,0.05,0.0862554346113913,0.07355,0.07001359033557945,0.07725019721667219,0.05099742339930818,0.000997423399308174,0.21472062211946807,0.13449613452395728,0.0314,0.025,0.02564102564102564
ROUTE_1,39,300,2,20,12,PLANNING_SENSITIVITY_ONLY_NOT_AN_AUTHORIZED_IDENTITY_CHANGE,0.2,0.55,MODEST_0_10,0.1,0.0862554346113913,0.1056,0.10141624600735391,0.10993523203370142,0.09474682772187992,-0.005253172278120083,0.21132300789972525,0.1342763918433314,0.04755,0.025,0.02564102564102564
ROUTE_1,39,300,2,20,12,PLANNING_SENSITIVITY_ONLY_NOT_AN_AUTHORIZED_IDENTITY_CHANGE,0.2,0.55,TWENTY_FIVE_PERCENT_OF_OBSERVED,0.1812934780863693,0.0862554346113913,0.1801,0.174835966702126,0.18548689796656972,0.17113850388850987,-0.010154974197859434,0.20051218433345497,0.134318865948391,0.0827,0.025,0.02564102564102564
ROUTE_1,39,300,2,20,12,PLANNING_SENSITIVITY_ONLY_NOT_AN_AUTHORIZED_IDENTITY_CHANGE,0.2,0.55,FIFTY_PERCENT_OF_OBSERVED,0.3625869561727386,0.0862554346113913,0.4194,0.41257722407131975,0.42625373214092427,0.31301086081625945,-0.049576095356479166,0.1595498563904346,0.13447512961534636,0.2124,0.025,0.02564102564102564
ROUTE_2,39,300,2,20,12,PLANNING_SENSITIVITY_ONLY_NOT_AN_AUTHORIZED_IDENTITY_CHANGE,0.1,0.15,NULL,0.0,0.0862554346113913,0.04825,0.04536586122239952,0.05130764335429101,-0.000778747067285118,-0.000778747067285118,0.11440906741269607,0.0828286379045232,0.0222,0.025,0.02564102564102564
ROUTE_2,39,300,2,20,12,PLANNING_SENSITIVITY_ONLY_NOT_AN_AUTHORIZED_IDENTITY_CHANGE,0.1,0.15,MODEST_0_05,0.05,0.0862554346113913,0.1129,0.10858815129243757,0.11736052302219863,0.05044151528996864,0.00044151528996863587,0.11590975926210212,0.08270327318112305,0.06275,0.025,0.02564102564102564
ROUTE_2,39,300,2,20,12,PLANNING_SENSITIVITY_ONLY_NOT_AN_AUTHORIZED_IDENTITY_CHANGE,0.1,0.15,MODEST_0_10,0.1,0.0862554346113913,0.20915,0.20356962366851125,0.2148420837053248,0.10010671827600455,0.00010671827600454431,0.11580955848604398,0.08275799422002106,0.1253,0.025,0.02564102564102564
ROUTE_2,39,300,2,20,12,PLANNING_SENSITIVITY_ONLY_NOT_AN_AUTHORIZED_IDENTITY_CHANGE,0.1,0.15,TWENTY_FIVE_PERCENT_OF_OBSERVED,0.1812934780863693,0.0862554346113913,0.4438,0.4369258380952351,0.45069574675747104,0.1814403874910959,0.0001469094047265862,0.11525120677243551,0.08309886065972551,0.30625,0.025,0.02564102564102564
ROUTE_2,39,300,2,20,12,PLANNING_SENSITIVITY_ONLY_NOT_AN_AUTHORIZED_IDENTITY_CHANGE,0.1,0.15,FIFTY_PERCENT_OF_OBSERVED,0.3625869561727386,0.0862554346113913,0.9135,0.9095243689533197,0.9173168172282817,0.36173281148009134,-0.000854144692647274,0.11536961607793651,0.0829387305959666,0.82465,0.025,0.02564102564102564
ROUTE_2,39,300,2,20,12,PLANNING_SENSITIVITY_ONLY_NOT_AN_AUTHORIZED_IDENTITY_CHANGE,0.1,0.35,NULL,0.0,0.0862554346113913,0.0505,0.047550610725174164,0.0536220296892639,-6.37042089442184e-05,-6.37042089442184e-05,0.1152330913455524,0.0826962725643242,0.0261,0.025,0.02564102564102564
ROUTE_2,39,300,2,20,12,PLANNING_SENSITIVITY_ONLY_NOT_AN_AUTHORIZED_IDENTITY_CHANGE,0.1,0.35,MODEST_0_05,0.05,0.0862554346113913,0.1067,0.1024965510039646,0.1110545045577673,0.0488411235991602,-0.001158876400839802,0.11570281139915223,0.08298586501898085,0.059,0.025,0.02564102564102564
ROUTE_2,39,300,2,20,12,PLANNING_SENSITIVITY_ONLY_NOT_AN_AUTHORIZED_IDENTITY_CHANGE,0.1,0.35,MODEST_0_10,0.1,0.0862554346113913,0.20565,0.2001052905829636,0.21130776104326515,0.09848276030709613,-0.0015172396929038767,0.1151940593399584,0.08269889860686921,0.1244,0.025,0.02564102564102564
ROUTE_2,39,300,2,20,12,PLANNING_SENSITIVITY_ONLY_NOT_AN_AUTHORIZED_IDENTITY_CHANGE,0.1,0.35,TWENTY_FIVE_PERCENT_OF_OBSERVED,0.1812934780863693,0.0862554346113913,0.4476,0.4407193566034251,0.4545007687752547,0.1812495036367813,-4.397444958800789e-05,0.11496370004239431,0.0827484193721113,0.3136,0.025,0.02564102564102564
ROUTE_2,39,300,2,20,12,PLANNING_SENSITIVITY_ONLY_NOT_AN_AUTHORIZED_IDENTITY_CHANGE,0.1,0.35,FIFTY_PERCENT_OF_OBSERVED,0.3625869561727386,0.0862554346113913,0.91085,0.9068214197188282,0.9147207842538707,0.362033967127667,-0.0005529890450716168,0.11478343450180278,0.08290193848141997,0.82635,0.025,0.02564102564102564
ROUTE_2,39,300,2,20,12,PLANNING_SENSITIVITY_ONLY_NOT_AN_AUTHORIZED_IDENTITY_CHANGE,0.1,0.55,NULL,0.0,0.0862554346113913,0.048,0.045123219032845246,0.05105038156187333,-0.001001032208414584,-0.001001032208414584,0.11509262327923772,0.08289234741661912,0.0245,0.025,0.02564102564102564
ROUTE_2,39,300,2,20,12,PLANNING_SENSITIVITY_ONLY_NOT_AN_AUTHORIZED_IDENTITY_CHANGE,0.1,0.55,MODEST_0_05,0.05,0.0862554346113913,0.1036,0.0994524262724427,0.10789981991283702,0.04870571740232499,-0.0012942825976750144,0.11410488171690576,0.08269395319492599,0.0561,0.025,0.02564102564102564
ROUTE_2,39,300,2,20,12,PLANNING_SENSITIVITY_ONLY_NOT_AN_AUTHORIZED_IDENTITY_CHANGE,0.1,0.55,MODEST_0_10,0.1,0.0862554346113913,0.20785,0.20228279713163655,0.21352940953594535,0.10036599063730828,0.0003659906373082722,0.11416335497061429,0.08298872232661327,0.12195,0.025,0.02564102564102564
ROUTE_2,39,300,2,20,12,PLANNING_SENSITIVITY_ONLY_NOT_AN_AUTHORIZED_IDENTITY_CHANGE,0.1,0.55,TWENTY_FIVE_PERCENT_OF_OBSERVED,0.1812934780863693,0.0862554346113913,0.44895,0.44206715195609736,0.45585245492523097,0.1805320987051194,-0.0007613793812498992,0.11350319102849218,0.08295020015136247,0.31075,0.025,0.02564102564102564
ROUTE_2,39,300,2,20,12,PLANNING_SENSITIVITY_ONLY_NOT_AN_AUTHORIZED_IDENTITY_CHANGE,0.1,0.55,FIFTY_PERCENT_OF_OBSERVED,0.3625869561727386,0.0862554346113913,0.9129,0.9089122862008865,0.9167291304239824,0.34238914296750855,-0.020197813205230064,0.0944439924935288,0.08298492874873853,0.8173,0.025,0.02564102564102564
ROUTE_2,39,300,2,20,12,PLANNING_SENSITIVITY_ONLY_NOT_AN_AUTHORIZED_IDENTITY_CHANGE,0.2,0.15,NULL,0.0,0.0862554346113913,0.04915,0.04623955387405831,0.05223360503773123,0.0006135858945670763,0.0006135858945670763,0.20974784982940392,0.1368707183758492,0.02585,0.025,0.02564102564102564
ROUTE_2,39,300,2,20,12,PLANNING_SENSITIVITY_ONLY_NOT_AN_AUTHORIZED_IDENTITY_CHANGE,0.2,0.15,MODEST_0_05,0.05,0.0862554346113913,0.07645,0.07284821350106967,0.08021446024205657,0.0507545576785788,0.0007545576785788002,0.2094411057564219,0.13654698541273325,0.04025,0.025,0.02564102564102564
ROUTE_2,39,300,2,20,12,PLANNING_SENSITIVITY_ONLY_NOT_AN_AUTHORIZED_IDENTITY_CHANGE,0.2,0.15,MODEST_0_10,0.1,0.0862554346113913,0.1145,0.11016087137704239,0.11898718842221429,0.09833349318112179,-0.0016665068188782134,0.20991797544282031,0.13681987459389006,0.06185,0.025,0.02564102564102564
ROUTE_2,39,300,2,20,12,PLANNING_SENSITIVITY_ONLY_NOT_AN_AUTHORIZED_IDENTITY_CHANGE,0.2,0.15,TWENTY_FIVE_PERCENT_OF_OBSERVED,0.1812934780863693,0.0862554346113913,0.2082,0.2026292418371017,0.2138828304052409,0.18181257076481622,0.0005190926784469085,0.20960021355374414,0.13687645545897478,0.12255,0.025,0.02564102564102564
ROUTE_2,39,300,2,20,12,PLANNING_SENSITIVITY_ONLY_NOT_AN_AUTHORIZED_IDENTITY_CHANGE,0.2,0.15,FIFTY_PERCENT_OF_OBSERVED,0.3625869561727386,0.0862554346113913,0.506,0.4990704928522428,0.5129272027150839,0.3617381470699398,-0.0008488091027988309,0.20841039449965654,0.13676426805436984,0.361,0.025,0.02564102564102564
ROUTE_2,39,300,2,20,12,PLANNING_SENSITIVITY_ONLY_NOT_AN_AUTHORIZED_IDENTITY_CHANGE,0.2,0.35,NULL,0.0,0.0862554346113913,0.0508,0.047842039057003814,0.05393048613580057,0.000664835003970545,0.000664835003970545,0.20955156497009023,0.13662285429790005,0.0236,0.025,0.02564102564102564
ROUTE_2,39,300,2,20,12,PLANNING_SENSITIVITY_ONLY_NOT_AN_AUTHORIZED_IDENTITY_CHANGE,0.2,0.35,MODEST_0_05,0.05,0.0862554346113913,0.0785,0.07485293997625359,0.0823089464190426,0.04796550191404902,-0.002034498085950985,0.210890115665096,0.13626577322835004,0.04175,0.025,0.02564102564102564
ROUTE_2,39,300,2,20,12,PLANNING_SENSITIVITY_ONLY_NOT_AN_AUTHORIZED_IDENTITY_CHANGE,0.2,0.35,MODEST_0_10,0.1,0.0862554346113913,0.1193,0.11488065945759215,0.12386555679552591,0.10063344483676581,0.0006334448367658063,0.20841517383277552,0.13653520562992488,0.0654,0.025,0.02564102564102564
ROUTE_2,39,300,2,20,12,PLANNING_SENSITIVITY_ONLY_NOT_AN_AUTHORIZED_IDENTITY_CHANGE,0.2,0.35,TWENTY_FIVE_PERCENT_OF_OBSERVED,0.1812934780863693,0.0862554346113913,0.205,0.19946198482541672,0.21065131644768498,0.1792546026582708,-0.0020388754280984966,0.2096482949753846,0.1367213344118572,0.1247,0.025,0.02564102564102564
ROUTE_2,39,300,2,20,12,PLANNING_SENSITIVITY_ONLY_NOT_AN_AUTHORIZED_IDENTITY_CHANGE,0.2,0.35,FIFTY_PERCENT_OF_OBSERVED,0.3625869561727386,0.0862554346113913,0.5039,0.4969706080667992,0.5108278940519632,0.3536155012389344,-0.00897145493380419,0.1933838823509116,0.13648533619335868,0.35825,0.025,0.02564102564102564
ROUTE_2,39,300,2,20,12,PLANNING_SENSITIVITY_ONLY_NOT_AN_AUTHORIZED_IDENTITY_CHANGE,0.2,0.55,NULL,0.0,0.0862554346113913,0.04525,0.04245565319614067,0.04821900359688648,-0.0019193955212260083,-0.0019193955212260083,0.20554403076696928,0.1343614706684308,0.0198,0.025,0.02564102564102564
ROUTE_2,39,300,2,20,12,PLANNING_SENSITIVITY_ONLY_NOT_AN_AUTHORIZED_IDENTITY_CHANGE,0.2,0.55,MODEST_0_05,0.05,0.0862554346113913,0.0726,0.06908535851024862,0.07627879391050961,0.048330218160890864,-0.0016697818391091385,0.20478800118176196,0.13433913114976204,0.03245,0.025,0.02564102564102564
ROUTE_2,39,300,2,20,12,PLANNING_SENSITIVITY_ONLY_NOT_AN_AUTHORIZED_IDENTITY_CHANGE,0.2,0.55,MODEST_0_10,0.1,0.0862554346113913,0.10335,0.09920698295796271,0.10764535924534507,0.09523551771815156,-0.004764482281848448,0.19866013430223914,0.1344277173427994,0.04725,0.025,0.02564102564102564
ROUTE_2,39,300,2,20,12,PLANNING_SENSITIVITY_ONLY_NOT_AN_AUTHORIZED_IDENTITY_CHANGE,0.2,0.55,TWENTY_FIVE_PERCENT_OF_OBSERVED,0.1812934780863693,0.0862554346113913,0.18405,0.17874012346853455,0.1894812241153179,0.16931596911116084,-0.011977508975208467,0.19248043584144262,0.13421688698235626,0.08995,0.025,0.02564102564102564
ROUTE_2,39,300,2,20,12,PLANNING_SENSITIVITY_ONLY_NOT_AN_AUTHORIZED_IDENTITY_CHANGE,0.2,0.55,FIFTY_PERCENT_OF_OBSERVED,0.3625869561727386,0.0862554346113913,0.44735,0.44046977050471736,0.45425045089199056,0.3156699726495151,-0.04691698352322354,0.15384916619436598,0.134272797355836,0.2481,0.025,0.02564102564102564
ROUTE_1,39,300,4,31,16,REQUIRED_FULL_47_IDENTITY_DESIGN,0.1,0.15,NULL,0.0,0.042426406871192854,0.04785,0.044977644332797204,0.050896013872738205,-0.00024978415798565637,-0.00024978415798565637,0.1095359575949208,0.06819065805650772,0.0234,0.025,0.02564102564102564
ROUTE_1,39,300,4,31,16,REQUIRED_FULL_47_IDENTITY_DESIGN,0.1,0.15,MODEST_0_05,0.05,0.042426406871192854,0.1153,0.11094733469081967,0.11980041785074723,0.0495799485761197,-0.00042005142388030353,0.11022838134550485,0.06823213898117118,0.06225,0.025,0.02564102564102564
ROUTE_1,39,300,4,31,16,REQUIRED_FULL_47_IDENTITY_DESIGN,0.1,0.15,MODEST_0_10,0.1,0.042426406871192854,0.2292,0.2234271250470939,0.2350768816808923,0.10194962486508127,0.0019496248650812675,0.1096254652544016,0.06821588650892914,0.13815,0.025,0.02564102564102564
ROUTE_1,39,300,4,31,16,REQUIRED_FULL_47_IDENTITY_DESIGN,0.1,0.15,TWENTY_FIVE_PERCENT_OF_OBSERVED,0.1812934780863693,0.042426406871192854,0.47135,0.46443802998408307,0.4782729736819317,0.1805194933916171,-0.0007739846947522055,0.10956341271288271,0.06817341049953873,0.3279,0.025,0.02564102564102564
ROUTE_1,39,300,4,31,16,REQUIRED_FULL_47_IDENTITY_DESIGN,0.1,0.15,FIFTY_PERCENT_OF_OBSERVED,0.3625869561727386,0.042426406871192854,0.9325,0.9289392486544974,0.9358946401569721,0.3628309391778642,0.0002439830051255698,0.10978292458920695,0.06814532746014611,0.85955,0.025,0.02564102564102564
ROUTE_1,39,300,4,31,16,REQUIRED_FULL_47_IDENTITY_DESIGN,0.1,0.35,NULL,0.0,0.042426406871192854,0.04825,0.04536586122239952,0.05130764335429101,-0.0004122813840368139,-0.0004122813840368139,0.10958634802469266,0.06816434436523776,0.02265,0.025,0.02564102564102564
ROUTE_1,39,300,4,31,16,REQUIRED_FULL_47_IDENTITY_DESIGN,0.1,0.35,MODEST_0_05,0.05,0.042426406871192854,0.11285,0.1085390082689825,0.11730968524925933,0.04905116154359189,-0.0009488384564081132,0.10993469860903746,0.06817001638014389,0.0612,0.025,0.02564102564102564
ROUTE_1,39,300,4,31,16,REQUIRED_FULL_47_IDENTITY_DESIGN,0.1,0.35,MODEST_0_10,0.1,0.042426406871192854,0.21255,0.20693557983831606,0.2182748216903384,0.09971092775153755,-0.00028907224846246027,0.10877716955673315,0.06822446472320662,0.1262,0.025,0.02564102564102564
ROUTE_1,39,300,4,31,16,REQUIRED_FULL_47_IDENTITY_DESIGN,0.1,0.35,TWENTY_FIVE_PERCENT_OF_OBSERVED,0.1812934780863693,0.042426406871192854,0.47435,0.4674351935445593,0.4812746579051188,0.18164116958693502,0.0003476915005657111,0.1095431253509414,0.06820725419697392,0.33275,0.025,0.02564102564102564
ROUTE_1,39,300,4,31,16,REQUIRED_FULL_47_IDENTITY_DESIGN,0.1,0.35,FIFTY_PERCENT_OF_OBSERVED,0.3625869561727386,0.042426406871192854,0.9355,0.9320113129561673,0.9388214236389656,0.36191875703077425,-0.0006681991419643651,0.10929275925494862,0.06816170249326656,0.85845,0.025,0.02564102564102564
ROUTE_1,39,300,4,31,16,REQUIRED_FULL_47_IDENTITY_DESIGN,0.1,0.55,NULL,0.0,0.042426406871192854,0.05,0.047064962861556744,0.05310786958893743,4.4186028777434584e-05,4.4186028777434584e-05,0.10969807938479324,0.06826432235159091,0.02575,0.025,0.02564102564102564
ROUTE_1,39,300,4,31,16,REQUIRED_FULL_47_IDENTITY_DESIGN,0.1,0.55,MODEST_0_05,0.05,0.042426406871192854,0.11685,0.11247130037323892,0.12137585685655404,0.05047629781053853,0.0004762978105385257,0.11065615882447552,0.06815219664795215,0.06425,0.025,0.02564102564102564
ROUTE_1,39,300,4,31,16,REQUIRED_FULL_47_IDENTITY_DESIGN,0.1,0.55,MODEST_0_10,0.1,0.042426406871192854,0.21885,0.2131740365690278,0.22463394530531974,0.10025626242026245,0.00025626242026244306,0.10947250379446183,0.06809939578569033,0.1324,0.025,0.02564102564102564
ROUTE_1,39,300,4,31,16,REQUIRED_FULL_47_IDENTITY_DESIGN,0.1,0.55,TWENTY_FIVE_PERCENT_OF_OBSERVED,0.1812934780863693,0.042426406871192854,0.47085,0.4639385270834049,0.47777266861866596,0.18087559374472012,-0.0004178843416491884,0.10956500805064245,0.0683369112775794,0.3322,0.025,0.02564102564102564
ROUTE_1,39,300,4,31,16,REQUIRED_FULL_47_IDENTITY_DESIGN,0.1,0.55,FIFTY_PERCENT_OF_OBSERVED,0.3625869561727386,0.042426406871192854,0.9336,0.9300654365689871,0.9369680297631588,0.3490249374252386,-0.013562018747500015,0.09098537154166651,0.06808599180527368,0.85935,0.025,0.02564102564102564
ROUTE_1,39,300,4,31,16,REQUIRED_FULL_47_IDENTITY_DESIGN,0.2,0.15,NULL,0.0,0.042426406871192854,0.05015,0.047210648502146166,0.05326212633753116,-0.001691410100571463,-0.001691410100571463,0.20724822766345438,0.12831160243456508,0.02545,0.025,0.02564102564102564
ROUTE_1,39,300,4,31,16,REQUIRED_FULL_47_IDENTITY_DESIGN,0.2,0.15,MODEST_0_05,0.05,0.042426406871192854,0.08095,0.07724981125310021,0.08481113416552105,0.050851493400540855,0.0008514934005408523,0.2081434934552809,0.1283037999113508,0.04195,0.025,0.02564102564102564
ROUTE_1,39,300,4,31,16,REQUIRED_FULL_47_IDENTITY_DESIGN,0.2,0.15,MODEST_0_10,0.1,0.042426406871192854,0.11505,0.11070155756984887,0.11954629098974609,0.09745590902877287,-0.0025440909712271392,0.20630786835386136,0.12823871498175476,0.06535,0.025,0.02564102564102564
ROUTE_1,39,300,4,31,16,REQUIRED_FULL_47_IDENTITY_DESIGN,0.2,0.15,TWENTY_FIVE_PERCENT_OF_OBSERVED,0.1812934780863693,0.042426406871192854,0.2103,0.20470804276544874,0.2160032229254582,0.18188739178527424,0.0005939136989049354,0.205458377179697,0.12816569572942627,0.12855,0.025,0.02564102564102564
ROUTE_1,39,300,4,31,16,REQUIRED_FULL_47_IDENTITY_DESIGN,0.2,0.15,FIFTY_PERCENT_OF_OBSERVED,0.3625869561727386,0.042426406871192854,0.51785,0.510922134362037,0.52477100995076,0.36221020246251606,-0.0003767537102225549,0.20459733124262128,0.12823754931422793,0.3695,0.025,0.02564102564102564
ROUTE_1,39,300,4,31,16,REQUIRED_FULL_47_IDENTITY_DESIGN,0.2,0.35,NULL,0.0,0.042426406871192854,0.0498,0.046870727042488985,0.05290218222242761,0.0037817644074995436,0.0037817644074995436,0.2051839440213181,0.12819397507382982,0.02405,0.025,0.02564102564102564
ROUTE_1,39,300,4,31,16,REQUIRED_FULL_47_IDENTITY_DESIGN,0.2,0.35,MODEST_0_05,0.05,0.042426406871192854,0.0796,0.07592895683976293,0.08343250707620985,0.0501638235846039,0.00016382358460390045,0.20787914396808577,0.12819375927923896,0.0426,0.025,0.02564102564102564
ROUTE_1,39,300,4,31,16,REQUIRED_FULL_47_IDENTITY_DESIGN,0.2,0.35,MODEST_0_10,0.1,0.042426406871192854,0.11725,0.11286462274746212,0.12178238085348594,0.10053366902030794,0.0005336690203079364,0.2062640966522114,0.12815576959669267,0.06385,0.025,0.02564102564102564
ROUTE_1,39,300,4,31,16,REQUIRED_FULL_47_IDENTITY_DESIGN,0.2,0.35,TWENTY_FIVE_PERCENT_OF_OBSERVED,0.1812934780863693,0.042426406871192854,0.20625,0.20069913095394504,0.21191369022901635,0.17859742152181046,-0.0026960565645588463,0.20443652586237274,0.12829421402003552,0.1226,0.025,0.02564102564102564
ROUTE_1,39,300,4,31,16,REQUIRED_FULL_47_IDENTITY_DESIGN,0.2,0.35,FIFTY_PERCENT_OF_OBSERVED,0.3625869561727386,0.042426406871192854,0.51585,0.5089215840715363,0.5227723283854852,0.356272490035725,-0.006314466137013641,0.19212318958190833,0.1283904199114878,0.37205,0.025,0.02564102564102564
ROUTE_1,39,300,4,31,16,REQUIRED_FULL_47_IDENTITY_DESIGN,0.2,0.55,NULL,0.0,0.042426406871192854,0.0476,0.04473503763636102,0.05063871658720246,7.992787326977946e-05,7.992787326977946e-05,0.20397603964484456,0.12669702485894066,0.02135,0.025,0.02564102564102564
ROUTE_1,39,300,4,31,16,REQUIRED_FULL_47_IDENTITY_DESIGN,0.2,0.55,MODEST_0_05,0.05,0.042426406871192854,0.08115,0.0774455200007225,0.08501534860347634,0.051370752646657886,0.0013707526466578829,0.2038044156566255,0.126689672086663,0.03705,0.025,0.02564102564102564
ROUTE_1,39,300,4,31,16,REQUIRED_FULL_47_IDENTITY_DESIGN,0.2,0.55,MODEST_0_10,0.1,0.042426406871192854,0.11765,0.11325796175835591,0.12218888821374731,0.09771324030589063,-0.0022867596941093804,0.20038476935626712,0.1266881810146743,0.05645,0.025,0.02564102564102564
ROUTE_1,39,300,4,31,16,REQUIRED_FULL_47_IDENTITY_DESIGN,0.2,0.55,TWENTY_FIVE_PERCENT_OF_OBSERVED,0.1812934780863693,0.042426406871192854,0.20175,0.19624579121760335,0.20736875828986304,0.17214673107839662,-0.009146747007972689,0.19096209854264506,0.12665447050001222,0.1028,0.025,0.02564102564102564
ROUTE_1,39,300,4,31,16,REQUIRED_FULL_47_IDENTITY_DESIGN,0.2,0.55,FIFTY_PERCENT_OF_OBSERVED,0.3625869561727386,0.042426406871192854,0.48275,0.4758285828604048,0.4896780423835308,0.3171495413394615,-0.04543741483327712,0.1511626762145899,0.12670752625978138,0.2712,0.025,0.02564102564102564
ROUTE_2,39,300,4,31,16,REQUIRED_FULL_47_IDENTITY_DESIGN,0.1,0.15,NULL,0.0,0.042426406871192854,0.0494,0.04648229581148323,0.052490767082278254,-0.0001695214159999555,-0.0001695214159999555,0.10463260991520469,0.06819586453138814,0.0239,0.025,0.02564102564102564
ROUTE_2,39,300,4,31,16,REQUIRED_FULL_47_IDENTITY_DESIGN,0.1,0.15,MODEST_0_05,0.05,0.042426406871192854,0.1148,0.11045578710986326,0.11929215746775973,0.04985988097186413,-0.00014011902813586968,0.1044276801374008,0.06818564337929547,0.0656,0.025,0.02564102564102564
ROUTE_2,39,300,4,31,16,REQUIRED_FULL_47_IDENTITY_DESIGN,0.1,0.15,MODEST_0_10,0.1,0.042426406871192854,0.23275,0.22694504801558554,0.23865759525640237,0.09997279712037899,-2.720287962101886e-05,0.1049699270952325,0.06814713593530723,0.1434,0.025,0.02564102564102564
ROUTE_2,39,300,4,31,16,REQUIRED_FULL_47_IDENTITY_DESIGN,0.1,0.15,TWENTY_FIVE_PERCENT_OF_OBSERVED,0.1812934780863693,0.042426406871192854,0.50515,0.49822052476348033,0.5120774972651418,0.18105476822447222,-0.0002387098618970851,0.10505378785275409,0.06815465897369431,0.36245,0.025,0.02564102564102564
ROUTE_2,39,300,4,31,16,REQUIRED_FULL_47_IDENTITY_DESIGN,0.1,0.15,FIFTY_PERCENT_OF_OBSERVED,0.3625869561727386,0.042426406871192854,0.95305,0.9500303616037995,0.9558956345257639,0.36326204751875923,0.0006750913460206176,0.10538601107298297,0.06818354887784549,0.88845,0.025,0.02564102564102564
ROUTE_2,39,300,4,31,16,REQUIRED_FULL_47_IDENTITY_DESIGN,0.1,0.35,NULL,0.0,0.042426406871192854,0.04935,0.046433745719324244,0.05243933637804286,-0.0007543073642103195,-0.0007543073642103195,0.10502857996800083,0.06832807917683988,0.0252,0.025,0.02564102564102564
ROUTE_2,39,300,4,31,16,REQUIRED_FULL_47_IDENTITY_DESIGN,0.1,0.35,MODEST_0_05,0.05,0.042426406871192854,0.1195,0.11507736899552284,0.12406877044317277,0.05029728714233892,0.0002972871423389187,0.10510432749545667,0.06817055609668848,0.0645,0.025,0.02564102564102564
ROUTE_2,39,300,4,31,16,REQUIRED_FULL_47_IDENTITY_DESIGN,0.1,0.35,MODEST_0_10,0.1,0.042426406871192854,0.23055,0.22476485799278978,0.23643863023784495,0.0997512490779112,-0.0002487509220888001,0.10473431661181933,0.06819931712075476,0.14325,0.025,0.02564102564102564
ROUTE_2,39,300,4,31,16,REQUIRED_FULL_47_IDENTITY_DESIGN,0.1,0.35,TWENTY_FIVE_PERCENT_OF_OBSERVED,0.1812934780863693,0.042426406871192854,0.505,0.49807053247349403,0.5119275471659449,0.1805700751256398,-0.0007234029607295078,0.10469204410914518,0.06818014067922702,0.36085,0.025,0.02564102564102564
ROUTE_2,39,300,4,31,16,REQUIRED_FULL_47_IDENTITY_DESIGN,0.1,0.35,FIFTY_PERCENT_OF_OBSERVED,0.3625869561727386,0.042426406871192854,0.94755,0.9443735225706551,0.9505545859555256,0.3608406982152028,-0.0017462579575358017,0.10483400594802064,0.06824451928736575,0.8831,0.025,0.02564102564102564
ROUTE_2,39,300,4,31,16,REQUIRED_FULL_47_IDENTITY_DESIGN,0.1,0.55,NULL,0.0,0.042426406871192854,0.0482,0.045317331021641365,0.05125619275865478,-0.00034347843803817944,-0.00034347843803817944,0.10416762211685565,0.06811969071996457,0.02345,0.025,0.02564102564102564
ROUTE_2,39,300,4,31,16,REQUIRED_FULL_47_IDENTITY_DESIGN,0.1,0.55,MODEST_0_05,0.05,0.042426406871192854,0.12,0.11556916057400943,0.12457678682863008,0.04981451064858478,-0.00018548935141522033,0.10505440265203385,0.0682043730029801,0.06545,0.025,0.02564102564102564
ROUTE_2,39,300,4,31,16,REQUIRED_FULL_47_IDENTITY_DESIGN,0.1,0.55,MODEST_0_10,0.1,0.042426406871192854,0.23665,0.23081047487813752,0.24259067051261277,0.10009722253714906,9.722253714905538e-05,0.10533879146206153,0.06813242485154543,0.1434,0.025,0.02564102564102564
ROUTE_2,39,300,4,31,16,REQUIRED_FULL_47_IDENTITY_DESIGN,0.1,0.55,TWENTY_FIVE_PERCENT_OF_OBSERVED,0.1812934780863693,0.042426406871192854,0.5031,0.4961706841054595,0.5100281252709927,0.18038889114610324,-0.0009045869402660722,0.10395726365984402,0.06821077389703335,0.3588,0.025,0.02564102564102564
ROUTE_2,39,300,4,31,16,REQUIRED_FULL_47_IDENTITY_DESIGN,0.1,0.55,FIFTY_PERCENT_OF_OBSERVED,0.3625869561727386,0.042426406871192854,0.94995,0.9468407106610043,0.9528864760921071,0.34809989001824077,-0.014487066154497852,0.08775718217665124,0.06816785874034628,0.8854,0.025,0.02564102564102564
ROUTE_2,39,300,4,31,16,REQUIRED_FULL_47_IDENTITY_DESIGN,0.2,0.15,NULL,0.0,0.042426406871192854,0.0501,0.04716208578848323,0.053210708254799705,0.001854767243611261,0.001854767243611261,0.20391233122931005,0.1282528481812965,0.0235,0.025,0.02564102564102564
ROUTE_2,39,300,4,31,16,REQUIRED_FULL_47_IDENTITY_DESIGN,0.2,0.15,MODEST_0_05,0.05,0.042426406871192854,0.0762,0.07260378714069982,0.07995898262045448,0.05039280126037867,0.0003928012603786682,0.20336592116746752,0.12839738521476757,0.04065,0.025,0.02564102564102564
ROUTE_2,39,300,4,31,16,REQUIRED_FULL_47_IDENTITY_DESIGN,0.2,0.15,MODEST_0_10,0.1,0.042426406871192854,0.1196,0.11517572528671174,0.12417037574477266,0.0988317675739961,-0.001168232426003904,0.2056753334513801,0.1283231355512331,0.06525,0.025,0.02564102564102564
ROUTE_2,39,300,4,31,16,REQUIRED_FULL_47_IDENTITY_DESIGN,0.2,0.15,TWENTY_FIVE_PERCENT_OF_OBSERVED,0.1812934780863693,0.042426406871192854,0.21015,0.20455954947138796,0.21585177383033585,0.17912107417098277,-0.0021724039153865338,0.20501280771046496,0.1284417600299182,0.12685,0.025,0.02564102564102564
ROUTE_2,39,300,4,31,16,REQUIRED_FULL_47_IDENTITY_DESIGN,0.2,0.15,FIFTY_PERCENT_OF_OBSERVED,0.3625869561727386,0.042426406871192854,0.51875,0.5118224182209229,0.5256703804269732,0.3607866839490133,-0.0018002722237253077,0.20263496598608902,0.12839756919053466,0.37535,0.025,0.02564102564102564
ROUTE_2,39,300,4,31,16,REQUIRED_FULL_47_IDENTITY_DESIGN,0.2,0.35,NULL,0.0,0.042426406871192854,0.0491,0.046191008049740606,0.05218217006565454,-0.0013275412627329376,-0.0013275412627329376,0.20255799978575503,0.12818484936452795,0.02415,0.025,0.02564102564102564
ROUTE_2,39,300,4,31,16,REQUIRED_FULL_47_IDENTITY_DESIGN,0.2,0.35,MODEST_0_05,0.05,0.042426406871192854,0.07585,0.0722616097069042,0.07960129447948935,0.049769462848661225,-0.00023053715133877772,0.20268679530196176,0.12814966443898518,0.0393,0.025,0.02564102564102564
ROUTE_2,39,300,4,31,16,REQUIRED_FULL_47_IDENTITY_DESIGN,0.2,0.35,MODEST_0_10,0.1,0.042426406871192854,0.1183,0.11389717294482982,0.12284942738040044,0.09808842479924039,-0.001911575200759616,0.203919645459072,0.12812472165892988,0.065,0.025,0.02564102564102564
ROUTE_2,39,300,4,31,16,REQUIRED_FULL_47_IDENTITY_DESIGN,0.2,0.35,TWENTY_FIVE_PERCENT_OF_OBSERVED,0.1812934780863693,0.042426406871192854,0.21115,0.20554952648676236,0.21686141274284923,0.17700923307713243,-0.004284245009236881,0.20281709062388018,0.1281210444469167,0.12925,0.025,0.02564102564102564
ROUTE_2,39,300,4,31,16,REQUIRED_FULL_47_IDENTITY_DESIGN,0.2,0.35,FIFTY_PERCENT_OF_OBSERVED,0.3625869561727386,0.042426406871192854,0.52645,0.5195257667297558,0.5333640745628762,0.35519366636351163,-0.007393289809226988,0.19217191318418617,0.12818192461862243,0.37785,0.025,0.02564102564102564
ROUTE_2,39,300,4,31,16,REQUIRED_FULL_47_IDENTITY_DESIGN,0.2,0.55,NULL,0.0,0.042426406871192854,0.04815,0.04526880170100473,0.051204741282897016,-0.0007113562361698075,-0.0007113562361698075,0.20198124217284485,0.12677208676889315,0.0214,0.025,0.02564102564102564
ROUTE_2,39,300,4,31,16,REQUIRED_FULL_47_IDENTITY_DESIGN,0.2,0.55,MODEST_0_05,0.05,0.042426406871192854,0.0803,0.07661380506507934,0.08414739000041488,0.04985472555358566,-0.00014527444641434378,0.20200651412454076,0.12691662884647678,0.03735,0.025,0.02564102564102564
ROUTE_2,39,300,4,31,16,REQUIRED_FULL_47_IDENTITY_DESIGN,0.2,0.55,MODEST_0_10,0.1,0.042426406871192854,0.117,0.11261879430927252,0.12152830530970363,0.09961870779243721,-0.0003812922075627917,0.19611492196610558,0.12667493629557214,0.0559,0.025,0.02564102564102564
ROUTE_2,39,300,4,31,16,REQUIRED_FULL_47_IDENTITY_DESIGN,0.2,0.55,TWENTY_FIVE_PERCENT_OF_OBSERVED,0.1812934780863693,0.042426406871192854,0.20505,0.19951146909511708,0.210701812974379,0.17366184362740883,-0.007631634458960479,0.18803703312717976,0.12694353828915242,0.10615,0.025,0.02564102564102564
ROUTE_2,39,300,4,31,16,REQUIRED_FULL_47_IDENTITY_DESIGN,0.2,0.55,FIFTY_PERCENT_OF_OBSERVED,0.3625869561727386,0.042426406871192854,0.4897,0.48277459427814023,0.4966293616646155,0.3181678312761848,-0.04441912489655381,0.15016314960273186,0.1267949185951827,0.28715,0.025,0.02564102564102564
ROUTE_1,39,300,4,20,12,PLANNING_SENSITIVITY_ONLY_NOT_AN_AUTHORIZED_IDENTITY_CHANGE,0.1,0.15,NULL,0.0,0.060991802727907635,0.0508,0.047842039057003814,0.05393048613580057,0.0003196884300064843,0.0003196884300064843,0.11888504001747502,0.07340232880551484,0.0245,0.025,0.02564102564102564
ROUTE_1,39,300,4,20,12,PLANNING_SENSITIVITY_ONLY_NOT_AN_AUTHORIZED_IDENTITY_CHANGE,0.1,0.15,MODEST_0_05,0.05,0.060991802727907635,0.1052,0.1010234435054517,0.10952818816444851,0.04804181813216581,-0.0019581818678341897,0.1185976266939185,0.07356587347407242,0.05745,0.025,0.02564102564102564
ROUTE_1,39,300,4,20,12,PLANNING_SENSITIVITY_ONLY_NOT_AN_AUTHORIZED_IDENTITY_CHANGE,0.1,0.15,MODEST_0_10,0.1,0.060991802727907635,0.1961,0.19065591579150815,0.20166080372339218,0.09851330509195637,-0.001486694908043637,0.11825499089983663,0.07354402083133871,0.11665,0.025,0.02564102564102564
ROUTE_1,39,300,4,20,12,PLANNING_SENSITIVITY_ONLY_NOT_AN_AUTHORIZED_IDENTITY_CHANGE,0.1,0.15,TWENTY_FIVE_PERCENT_OF_OBSERVED,0.1812934780863693,0.060991802727907635,0.4234,0.4165676341387613,0.43026178578503393,0.18044587549885846,-0.0008476025875108484,0.118687802109089,0.07352058339648575,0.29455,0.025,0.02564102564102564
ROUTE_1,39,300,4,20,12,PLANNING_SENSITIVITY_ONLY_NOT_AN_AUTHORIZED_IDENTITY_CHANGE,0.1,0.15,FIFTY_PERCENT_OF_OBSERVED,0.3625869561727386,0.060991802727907635,0.90085,0.8966307467230185,0.9049152979708025,0.3633308335079834,0.0007438773352447803,0.11870471607206723,0.07350862041663306,0.80925,0.025,0.02564102564102564
ROUTE_1,39,300,4,20,12,PLANNING_SENSITIVITY_ONLY_NOT_AN_AUTHORIZED_IDENTITY_CHANGE,0.1,0.35,NULL,0.0,0.060991802727907635,0.04885,0.04594829181213581,0.05192498232128739,-0.00021068591081933454,-0.00021068591081933454,0.11833092191823043,0.07351307001121613,0.0243,0.025,0.02564102564102564
ROUTE_1,39,300,4,20,12,PLANNING_SENSITIVITY_ONLY_NOT_AN_AUTHORIZED_IDENTITY_CHANGE,0.1,0.35,MODEST_0_05,0.05,0.060991802727907635,0.11075,0.1064752500023188,0.11517425006735865,0.05118848532711824,0.0011884853271182383,0.11937893691518899,0.07353007519838334,0.0592,0.025,0.02564102564102564
ROUTE_1,39,300,4,20,12,PLANNING_SENSITIVITY_ONLY_NOT_AN_AUTHORIZED_IDENTITY_CHANGE,0.1,0.35,MODEST_0_10,0.1,0.060991802727907635,0.20225,0.1967405536470393,0.20787380382437098,0.09958836750853181,-0.0004116324914681946,0.11859447017659128,0.07337217075041451,0.1203,0.025,0.02564102564102564
ROUTE_1,39,300,4,20,12,PLANNING_SENSITIVITY_ONLY_NOT_AN_AUTHORIZED_IDENTITY_CHANGE,0.1,0.35,TWENTY_FIVE_PERCENT_OF_OBSERVED,0.1812934780863693,0.060991802727907635,0.42705,0.42020928427146964,0.43391873378911605,0.18004443888647506,-0.0012490391998942474,0.11838514346101368,0.07343570314858881,0.29275,0.025,0.02564102564102564
ROUTE_1,39,300,4,20,12,PLANNING_SENSITIVITY_ONLY_NOT_AN_AUTHORIZED_IDENTITY_CHANGE,0.1,0.35,FIFTY_PERCENT_OF_OBSERVED,0.3625869561727386,0.060991802727907635,0.8986,0.8943396991452589,0.9027072097108143,0.3620865261932434,-0.0005004299794952316,0.11815147217052203,0.0734725357630053,0.80025,0.025,0.02564102564102564
ROUTE_1,39,300,4,20,12,PLANNING_SENSITIVITY_ONLY_NOT_AN_AUTHORIZED_IDENTITY_CHANGE,0.1,0.55,NULL,0.0,0.060991802727907635,0.049,0.04609391897416605,0.05207929754844033,-0.000811819630779553,-0.000811819630779553,0.11878792333940123,0.07345139372382328,0.0243,0.025,0.02564102564102564
ROUTE_1,39,300,4,20,12,PLANNING_SENSITIVITY_ONLY_NOT_AN_AUTHORIZED_IDENTITY_CHANGE,0.1,0.55,MODEST_0_05,0.05,0.060991802727907635,0.10675,0.10254565917379858,0.11110537718432768,0.049071415944428196,-0.0009285840555718072,0.1189719831693178,0.07360258312000544,0.05975,0.025,0.02564102564102564
ROUTE_1,39,300,4,20,12,PLANNING_SENSITIVITY_ONLY_NOT_AN_AUTHORIZED_IDENTITY_CHANGE,0.1,0.55,MODEST_0_10,0.1,0.060991802727907635,0.2035,0.19797751808743938,0.2091363592938306,0.10032516548250163,0.00032516548250162425,0.11865764757384535,0.07362371419108037,0.1224,0.025,0.02564102564102564
ROUTE_1,39,300,4,20,12,PLANNING_SENSITIVITY_ONLY_NOT_AN_AUTHORIZED_IDENTITY_CHANGE,0.1,0.55,TWENTY_FIVE_PERCENT_OF_OBSERVED,0.1812934780863693,0.060991802727907635,0.4325,0.425647525974958,0.43937839889261615,0.18265539138767758,0.0013619133013082763,0.11815204952743227,0.0734783678061949,0.299,0.025,0.02564102564102564
ROUTE_1,39,300,4,20,12,PLANNING_SENSITIVITY_ONLY_NOT_AN_AUTHORIZED_IDENTITY_CHANGE,0.1,0.55,FIFTY_PERCENT_OF_OBSERVED,0.3625869561727386,0.060991802727907635,0.8992,0.8949505820723821,0.9032960963404238,0.3468300536505539,-0.0157569025221847,0.09619231479141056,0.07346643601009699,0.8026,0.025,0.02564102564102564
ROUTE_1,39,300,4,20,12,PLANNING_SENSITIVITY_ONLY_NOT_AN_AUTHORIZED_IDENTITY_CHANGE,0.2,0.15,NULL,0.0,0.060991802727907635,0.04945,0.04653084675352752,0.05254219693662836,-0.00014726378025114214,-0.00014726378025114214,0.2103882200113269,0.13125094591159853,0.0258,0.025,0.02564102564102564
ROUTE_1,39,300,4,20,12,PLANNING_SENSITIVITY_ONLY_NOT_AN_AUTHORIZED_IDENTITY_CHANGE,0.2,0.15,MODEST_0_05,0.05,0.060991802727907635,0.0776,0.07397272247994116,0.08138950958025604,0.04739101163791365,-0.0026089883620863535,0.2110131158383228,0.13130797584202253,0.04075,0.025,0.02564102564102564
ROUTE_1,39,300,4,20,12,PLANNING_SENSITIVITY_ONLY_NOT_AN_AUTHORIZED_IDENTITY_CHANGE,0.2,0.15,MODEST_0_10,0.1,0.060991802727907635,0.1157,0.11134059189226247,0.12020700702045953,0.10013990073224889,0.00013990073224888488,0.2103086684624908,0.13114802134928527,0.06265,0.025,0.02564102564102564
ROUTE_1,39,300,4,20,12,PLANNING_SENSITIVITY_ONLY_NOT_AN_AUTHORIZED_IDENTITY_CHANGE,0.2,0.15,TWENTY_FIVE_PERCENT_OF_OBSERVED,0.1812934780863693,0.060991802727907635,0.20805,0.20248076475794943,0.21373136509521004,0.18345256399652152,0.0021590859101522086,0.21209584244875887,0.13127706687692273,0.1237,0.025,0.02564102564102564
ROUTE_1,39,300,4,20,12,PLANNING_SENSITIVITY_ONLY_NOT_AN_AUTHORIZED_IDENTITY_CHANGE,0.2,0.15,FIFTY_PERCENT_OF_OBSERVED,0.3625869561727386,0.060991802727907635,0.4973,0.4903717657703344,0.5042292712243687,0.3620442391440167,-0.0005427170287219396,0.20951224751232145,0.1312751323698809,0.35475,0.025,0.02564102564102564
ROUTE_1,39,300,4,20,12,PLANNING_SENSITIVITY_ONLY_NOT_AN_AUTHORIZED_IDENTITY_CHANGE,0.2,0.35,NULL,0.0,0.060991802727907635,0.04935,0.046433745719324244,0.05243933637804286,0.0006244213244080781,0.0006244213244080781,0.20972751440471277,0.1309394156279011,0.0247,0.025,0.02564102564102564
ROUTE_1,39,300,4,20,12,PLANNING_SENSITIVITY_ONLY_NOT_AN_AUTHORIZED_IDENTITY_CHANGE,0.2,0.35,MODEST_0_05,0.05,0.060991802727907635,0.0807,0.07700518491621354,0.08455585652043578,0.05110346186344621,0.0011034618634462104,0.21249543296658438,0.13116194457506947,0.0426,0.025,0.02564102564102564
ROUTE_1,39,300,4,20,12,PLANNING_SENSITIVITY_ONLY_NOT_AN_AUTHORIZED_IDENTITY_CHANGE,0.2,0.35,MODEST_0_10,0.1,0.060991802727907635,0.11725,0.11286462274746212,0.12178238085348594,0.0999683038080954,-3.1696191904601045e-05,0.21022050726223515,0.13114827776919713,0.0644,0.025,0.02564102564102564
ROUTE_1,39,300,4,20,12,PLANNING_SENSITIVITY_ONLY_NOT_AN_AUTHORIZED_IDENTITY_CHANGE,0.2,0.35,TWENTY_FIVE_PERCENT_OF_OBSERVED,0.1812934780863693,0.060991802727907635,0.2103,0.20470804276544874,0.2160032229254582,0.18373504249058098,0.0024415644042116713,0.21009820848666652,0.13121793102561294,0.1283,0.025,0.02564102564102564
ROUTE_1,39,300,4,20,12,PLANNING_SENSITIVITY_ONLY_NOT_AN_AUTHORIZED_IDENTITY_CHANGE,0.2,0.35,FIFTY_PERCENT_OF_OBSERVED,0.3625869561727386,0.060991802727907635,0.50115,0.49422094375081765,0.5080786145662531,0.3543453133005987,-0.00824164287213991,0.19733052005290905,0.13111644960419125,0.35525,0.025,0.02564102564102564
ROUTE_1,39,300,4,20,12,PLANNING_SENSITIVITY_ONLY_NOT_AN_AUTHORIZED_IDENTITY_CHANGE,0.2,0.55,NULL,0.0,0.060991802727907635,0.04865,0.04575413435788266,0.05171921658996299,0.0006674298572941744,0.0006674298572941744,0.20852093946315325,0.12934838831943354,0.0213,0.025,0.02564102564102564
ROUTE_1,39,300,4,20,12,PLANNING_SENSITIVITY_ONLY_NOT_AN_AUTHORIZED_IDENTITY_CHANGE,0.2,0.55,MODEST_0_05,0.05,0.060991802727907635,0.07745,0.07382603373501366,0.08123625593600035,0.05011213428573428,0.00011213428573427636,0.2075266278588028,0.12946213002166906,0.03425,0.025,0.02564102564102564
ROUTE_1,39,300,4,20,12,PLANNING_SENSITIVITY_ONLY_NOT_AN_AUTHORIZED_IDENTITY_CHANGE,0.2,0.55,MODEST_0_10,0.1,0.060991802727907635,0.11065,0.1063769880253574,0.11507255045153127,0.09542938871381892,-0.004570611286181081,0.2048307719340528,0.1294108161554781,0.05185,0.025,0.02564102564102564
ROUTE_1,39,300,4,20,12,PLANNING_SENSITIVITY_ONLY_NOT_AN_AUTHORIZED_IDENTITY_CHANGE,0.2,0.55,TWENTY_FIVE_PERCENT_OF_OBSERVED,0.1812934780863693,0.060991802727907635,0.19445,0.18902380499905877,0.19999354823482676,0.1722479912609211,-0.009045486825448201,0.19395906572989355,0.12952505575287088,0.09985,0.025,0.02564102564102564
ROUTE_1,39,300,4,20,12,PLANNING_SENSITIVITY_ONLY_NOT_AN_AUTHORIZED_IDENTITY_CHANGE,0.2,0.55,FIFTY_PERCENT_OF_OBSERVED,0.3625869561727386,0.060991802727907635,0.46875,0.46184069095087255,0.47567131130263396,0.31728839948939314,-0.04529855668334548,0.15364010552157767,0.12934907925170516,0.2631,0.025,0.02564102564102564
ROUTE_2,39,300,4,20,12,PLANNING_SENSITIVITY_ONLY_NOT_AN_AUTHORIZED_IDENTITY_CHANGE,0.1,0.15,NULL,0.0,0.060991802727907635,0.05135,0.04837640053004876,0.05449591342309392,2.1147648392289132e-05,2.1147648392289132e-05,0.10973833812568663,0.07358568231244862,0.02615,0.025,0.02564102564102564
ROUTE_2,39,300,4,20,12,PLANNING_SENSITIVITY_ONLY_NOT_AN_AUTHORIZED_IDENTITY_CHANGE,0.1,0.15,MODEST_0_05,0.05,0.060991802727907635,0.1157,0.11134059189226247,0.12020700702045953,0.04977657198692356,-0.00022342801307644045,0.10902256925191403,0.07349258714771723,0.06545,0.025,0.02564102564102564
ROUTE_2,39,300,4,20,12,PLANNING_SENSITIVITY_ONLY_NOT_AN_AUTHORIZED_IDENTITY_CHANGE,0.1,0.15,MODEST_0_10,0.1,0.060991802727907635,0.2226,0.2168883309636091,0.2284182106403177,0.10000052983138422,5.298313842105884e-07,0.10942180055107414,0.07369473860205092,0.13565,0.025,0.02564102564102564
ROUTE_2,39,300,4,20,12,PLANNING_SENSITIVITY_ONLY_NOT_AN_AUTHORIZED_IDENTITY_CHANGE,0.1,0.15,TWENTY_FIVE_PERCENT_OF_OBSERVED,0.1812934780863693,0.060991802727907635,0.4789,0.47198136938305396,0.4858267345385136,0.1815192904368087,0.00022581235043939163,0.10781186183010792,0.07348277582038852,0.33845,0.025,0.02564102564102564
ROUTE_2,39,300,4,20,12,PLANNING_SENSITIVITY_ONLY_NOT_AN_AUTHORIZED_IDENTITY_CHANGE,0.1,0.15,FIFTY_PERCENT_OF_OBSERVED,0.3625869561727386,0.060991802727907635,0.93915,0.9357518403062948,0.9423794944256285,0.36213144909588224,-0.00045550707685637626,0.10863734937371954,0.07352240019655476,0.8661,0.025,0.02564102564102564
ROUTE_2,39,300,4,20,12,PLANNING_SENSITIVITY_ONLY_NOT_AN_AUTHORIZED_IDENTITY_CHANGE,0.1,0.35,NULL,0.0,0.060991802727907635,0.05045,0.04750204221284436,0.053570617405199306,0.00012027988682987312,0.00012027988682987312,0.10905048289332411,0.0735940983430734,0.02545,0.025,0.02564102564102564
ROUTE_2,39,300,4,20,12,PLANNING_SENSITIVITY_ONLY_NOT_AN_AUTHORIZED_IDENTITY_CHANGE,0.1,0.35,MODEST_0_05,0.05,0.060991802727907635,0.11075,0.1064752500023188,0.11517425006735865,0.048827830558431685,-0.0011721694415683173,0.10761479514980722,0.07335423727282125,0.0611,0.025,0.02564102564102564
ROUTE_2,39,300,4,20,12,PLANNING_SENSITIVITY_ONLY_NOT_AN_AUTHORIZED_IDENTITY_CHANGE,0.1,0.35,MODEST_0_10,0.1,0.060991802727907635,0.2197,0.21401588336130342,0.22549177205174878,0.09948420357682294,-0.0005157964231770618,0.10873656352520883,0.07355439078207623,0.13375,0.025,0.02564102564102564
ROUTE_2,39,300,4,20,12,PLANNING_SENSITIVITY_ONLY_NOT_AN_AUTHORIZED_IDENTITY_CHANGE,0.1,0.35,TWENTY_FIVE_PERCENT_OF_OBSERVED,0.1812934780863693,0.060991802727907635,0.48105,0.47412976252159295,0.48797751564493336,0.18097172775399253,-0.00032175033237677453,0.1085845455465632,0.07354657890368452,0.3436,0.025,0.02564102564102564
ROUTE_2,39,300,4,20,12,PLANNING_SENSITIVITY_ONLY_NOT_AN_AUTHORIZED_IDENTITY_CHANGE,0.1,0.35,FIFTY_PERCENT_OF_OBSERVED,0.3625869561727386,0.060991802727907635,0.93995,0.9365721232957485,0.9431589041784849,0.362873307538368,0.00028635136562937813,0.1078312585999431,0.07349757755244259,0.86975,0.025,0.02564102564102564
ROUTE_2,39,300,4,20,12,PLANNING_SENSITIVITY_ONLY_NOT_AN_AUTHORIZED_IDENTITY_CHANGE,0.1,0.55,NULL,0.0,0.060991802727907635,0.05005,0.04711352390789289,0.05315928933899566,0.0002943539686161885,0.0002943539686161885,0.10819432509354021,0.07357618197598378,0.02335,0.025,0.02564102564102564
ROUTE_2,39,300,4,20,12,PLANNING_SENSITIVITY_ONLY_NOT_AN_AUTHORIZED_IDENTITY_CHANGE,0.1,0.55,MODEST_0_05,0.05,0.060991802727907635,0.11555,0.11119311845394658,0.12005453806959226,0.04932130554550689,-0.0006786944544931103,0.10934668447896566,0.07355258806491045,0.06515,0.025,0.02564102564102564
ROUTE_2,39,300,4,20,12,PLANNING_SENSITIVITY_ONLY_NOT_AN_AUTHORIZED_IDENTITY_CHANGE,0.1,0.55,MODEST_0_10,0.1,0.060991802727907635,0.2293,0.22352621346783658,0.23517775485293846,0.10111278612985297,0.0011127861298529662,0.1086299497254635,0.07357790136146714,0.13665,0.025,0.02564102564102564
ROUTE_2,39,300,4,20,12,PLANNING_SENSITIVITY_ONLY_NOT_AN_AUTHORIZED_IDENTITY_CHANGE,0.1,0.55,TWENTY_FIVE_PERCENT_OF_OBSERVED,0.1812934780863693,0.060991802727907635,0.48345,0.4765281204373135,0.4903782359561435,0.18094164816291114,-0.000351829923458169,0.10792007384657205,0.07358391102685455,0.34075,0.025,0.02564102564102564
ROUTE_2,39,300,4,20,12,PLANNING_SENSITIVITY_ONLY_NOT_AN_AUTHORIZED_IDENTITY_CHANGE,0.1,0.55,FIFTY_PERCENT_OF_OBSERVED,0.3625869561727386,0.060991802727907635,0.9373,0.93385555190835,0.9405764933569809,0.3466073201275518,-0.015979636045186818,0.08967262850653997,0.07350323018415782,0.86525,0.025,0.02564102564102564
ROUTE_2,39,300,4,20,12,PLANNING_SENSITIVITY_ONLY_NOT_AN_AUTHORIZED_IDENTITY_CHANGE,0.2,0.15,NULL,0.0,0.060991802727907635,0.0497,0.04677361416941829,0.052799333502709545,-0.0006540020197427083,-0.0006540020197427083,0.20560392351846815,0.13119198461862946,0.02505,0.025,0.02564102564102564
ROUTE_2,39,300,4,20,12,PLANNING_SENSITIVITY_ONLY_NOT_AN_AUTHORIZED_IDENTITY_CHANGE,0.2,0.15,MODEST_0_05,0.05,0.060991802727907635,0.08005,0.07636920665923591,0.08389208442428636,0.048657155871943865,-0.001342844128056138,0.20594181397950298,0.13125599702546703,0.041,0.025,0.02564102564102564
ROUTE_2,39,300,4,20,12,PLANNING_SENSITIVITY_ONLY_NOT_AN_AUTHORIZED_IDENTITY_CHANGE,0.2,0.15,MODEST_0_10,0.1,0.060991802727907635,0.11785,0.11345463747956684,0.12239213567811393,0.09875303165934166,-0.0012469683406583498,0.20465605946726662,0.1311299051766286,0.064,0.025,0.02564102564102564
ROUTE_2,39,300,4,20,12,PLANNING_SENSITIVITY_ONLY_NOT_AN_AUTHORIZED_IDENTITY_CHANGE,0.2,0.15,TWENTY_FIVE_PERCENT_OF_OBSERVED,0.1812934780863693,0.060991802727907635,0.2117,0.20609403557782635,0.21741669241212352,0.18129220396635903,-1.2741200102750483e-06,0.20667180450463016,0.13120790168384525,0.12845,0.025,0.02564102564102564
ROUTE_2,39,300,4,20,12,PLANNING_SENSITIVITY_ONLY_NOT_AN_AUTHORIZED_IDENTITY_CHANGE,0.2,0.15,FIFTY_PERCENT_OF_OBSERVED,0.3625869561727386,0.060991802727907635,0.5156,0.5086715230913418,0.5225224853837077,0.3603979172392851,-0.002189038933453513,0.20511922081983908,0.13140311902964716,0.37125,0.025,0.02564102564102564
ROUTE_2,39,300,4,20,12,PLANNING_SENSITIVITY_ONLY_NOT_AN_AUTHORIZED_IDENTITY_CHANGE,0.2,0.35,NULL,0.0,0.060991802727907635,0.04905,0.0461424630826958,0.05213073423630496,-0.0014132751772679782,-0.0014132751772679782,0.20540884996222367,0.13109658231574378,0.0241,0.025,0.02564102564102564
ROUTE_2,39,300,4,20,12,PLANNING_SENSITIVITY_ONLY_NOT_AN_AUTHORIZED_IDENTITY_CHANGE,0.2,0.35,MODEST_0_05,0.05,0.060991802727907635,0.07945,0.07578221474108467,0.08327930678570496,0.04813565746147298,-0.0018643425385270196,0.20538098831744536,0.13114806119497924,0.0413,0.025,0.02564102564102564
ROUTE_2,39,300,4,20,12,PLANNING_SENSITIVITY_ONLY_NOT_AN_AUTHORIZED_IDENTITY_CHANGE,0.2,0.35,MODEST_0_10,0.1,0.060991802727907635,0.1186,0.1141922081576347,0.1231542769459619,0.09986611616552525,-0.0001338838344747545,0.20492174292730211,0.13116996289079044,0.0667,0.025,0.02564102564102564
ROUTE_2,39,300,4,20,12,PLANNING_SENSITIVITY_ONLY_NOT_AN_AUTHORIZED_IDENTITY_CHANGE,0.2,0.35,TWENTY_FIVE_PERCENT_OF_OBSERVED,0.1812934780863693,0.060991802727907635,0.2118,0.20619303888304535,0.2175176506996933,0.1832424644584944,0.0019489863721250944,0.20232782608071825,0.13124228081344133,0.1255,0.025,0.02564102564102564
ROUTE_2,39,300,4,20,12,PLANNING_SENSITIVITY_ONLY_NOT_AN_AUTHORIZED_IDENTITY_CHANGE,0.2,0.35,FIFTY_PERCENT_OF_OBSERVED,0.3625869561727386,0.060991802727907635,0.5142,0.5072712136519422,0.5211233325240645,0.35432161180225447,-0.008265344370484151,0.19274727431022112,0.13114816429306858,0.3708,0.025,0.02564102564102564
ROUTE_2,39,300,4,20,12,PLANNING_SENSITIVITY_ONLY_NOT_AN_AUTHORIZED_IDENTITY_CHANGE,0.2,0.55,NULL,0.0,0.060991802727907635,0.0502,0.047259212047703,0.05331354358836872,0.001688818714721129,0.001688818714721129,0.20409698102388832,0.12936242880404883,0.02345,0.025,0.02564102564102564
ROUTE_2,39,300,4,20,12,PLANNING_SENSITIVITY_ONLY_NOT_AN_AUTHORIZED_IDENTITY_CHANGE,0.2,0.55,MODEST_0_05,0.05,0.060991802727907635,0.07365,0.07011130921918221,0.07735243992585819,0.04737818975780176,-0.002621810242198243,0.2004803815027248,0.12941858272951992,0.03415,0.025,0.02564102564102564
ROUTE_2,39,300,4,20,12,PLANNING_SENSITIVITY_ONLY_NOT_AN_AUTHORIZED_IDENTITY_CHANGE,0.2,0.55,MODEST_0_10,0.1,0.060991802727907635,0.1083,0.1040681573444948,0.11268228370185755,0.09626356063363148,-0.003736439366368527,0.19692251223245602,0.12923600938301869,0.05245,0.025,0.02564102564102564
ROUTE_2,39,300,4,20,12,PLANNING_SENSITIVITY_ONLY_NOT_AN_AUTHORIZED_IDENTITY_CHANGE,0.2,0.55,TWENTY_FIVE_PERCENT_OF_OBSERVED,0.1812934780863693,0.060991802727907635,0.19735,0.1918924637246215,0.2029237757001386,0.17157226588605845,-0.009721212200310858,0.18946357756850832,0.12931612192597158,0.1027,0.025,0.02564102564102564
ROUTE_2,39,300,4,20,12,PLANNING_SENSITIVITY_ONLY_NOT_AN_AUTHORIZED_IDENTITY_CHANGE,0.2,0.55,FIFTY_PERCENT_OF_OBSERVED,0.3625869561727386,0.060991802727907635,0.4654,0.45849439732450564,0.47231889157057677,0.3148072646656965,-0.047779691507042144,0.15193594375726063,0.12939093274918284,0.26725,0.025,0.02564102564102564
ROUTE_1,79,100,2,31,16,REQUIRED_FULL_47_IDENTITY_DESIGN,0.1,0.15,NULL,0.0,0.10392304845413262,0.05065,0.047696321199886975,0.053776261603734256,0.00018422878932158247,0.00018422878932158247,0.14525233771745444,0.06355905142089964,0.0383,0.0125,0.012658227848101266
ROUTE_1,79,100,2,31,16,REQUIRED_FULL_47_IDENTITY_DESIGN,0.1,0.15,MODEST_0_05,0.05,0.10392304845413262,0.0933,0.0893467971724291,0.09740940495560638,0.04830651063484225,-0.0016934893651577507,0.14512045262424525,0.063593006518136,0.0732,0.0125,0.012658227848101266
ROUTE_1,79,100,2,31,16,REQUIRED_FULL_47_IDENTITY_DESIGN,0.1,0.15,MODEST_0_10,0.1,0.10392304845413262,0.16425,0.15917975910686197,0.1694491931048123,0.10014616848558318,0.00014616848558317297,0.1452125879016963,0.06363301618668687,0.132,0.0125,0.012658227848101266
ROUTE_1,79,100,2,31,16,REQUIRED_FULL_47_IDENTITY_DESIGN,0.1,0.15,TWENTY_FIVE_PERCENT_OF_OBSERVED,0.1812934780863693,0.10392304845413262,0.3346,0.32809292022186165,0.3411706053054978,0.18124248035650553,-5.09977298637776e-05,0.14428869665989255,0.06359128523558549,0.2841,0.0125,0.012658227848101266
ROUTE_1,79,100,2,31,16,REQUIRED_FULL_47_IDENTITY_DESIGN,0.1,0.15,FIFTY_PERCENT_OF_OBSERVED,0.3625869561727386,0.10392304845413262,0.784,0.7782425565088285,0.7896483670113041,0.361975745489649,-0.0006112106830896136,0.14427599121606718,0.06361459598737278,0.7402,0.0125,0.012658227848101266
ROUTE_1,79,100,2,31,16,REQUIRED_FULL_47_IDENTITY_DESIGN,0.1,0.35,NULL,0.0,0.10392304845413262,0.05115,0.04818207592646934,0.05429031484109578,5.9635183843375474e-05,5.9635183843375474e-05,0.14579409377787445,0.06358893913050952,0.0369,0.0125,0.012658227848101266
ROUTE_1,79,100,2,31,16,REQUIRED_FULL_47_IDENTITY_DESIGN,0.1,0.35,MODEST_0_05,0.05,0.10392304845413262,0.098,0.09395637590397996,0.10219802108512818,0.05046759297442949,0.00046759297442948433,0.14517136885792672,0.06361277476154567,0.07675,0.0125,0.012658227848101266
ROUTE_1,79,100,2,31,16,REQUIRED_FULL_47_IDENTITY_DESIGN,0.1,0.35,MODEST_0_10,0.1,0.10392304845413262,0.1663,0.16120377109908296,0.17152439376476125,0.10152809061055888,0.001528090610558877,0.1447940189570153,0.06363736636953207,0.1341,0.0125,0.012658227848101266
ROUTE_1,79,100,2,31,16,REQUIRED_FULL_47_IDENTITY_DESIGN,0.1,0.35,TWENTY_FIVE_PERCENT_OF_OBSERVED,0.1812934780863693,0.10392304845413262,0.3398,0.3332671112728588,0.3463944170795171,0.1821419081567366,0.0008484300703672787,0.14494452610234673,0.06356280673077963,0.28915,0.0125,0.012658227848101266
ROUTE_1,79,100,2,31,16,REQUIRED_FULL_47_IDENTITY_DESIGN,0.1,0.35,FIFTY_PERCENT_OF_OBSERVED,0.3625869561727386,0.10392304845413262,0.7881,0.7823813915204778,0.7937079573039947,0.3612703736180957,-0.0013165825546428978,0.1411907575943752,0.06360678319573514,0.7416,0.0125,0.012658227848101266
ROUTE_1,79,100,2,31,16,REQUIRED_FULL_47_IDENTITY_DESIGN,0.1,0.55,NULL,0.0,0.10392304845413262,0.04965,0.04672505899619379,0.05274790787953965,0.0011378925660251277,0.0011378925660251277,0.1441466822178011,0.06360670769175639,0.03635,0.0125,0.012658227848101266
ROUTE_1,79,100,2,31,16,REQUIRED_FULL_47_IDENTITY_DESIGN,0.1,0.55,MODEST_0_05,0.05,0.10392304845413262,0.09975,0.09567346217753006,0.10398026268538171,0.05157107559147022,0.0015710755914702182,0.14485833320151656,0.06357279289378366,0.07695,0.0125,0.012658227848101266
ROUTE_1,79,100,2,31,16,REQUIRED_FULL_47_IDENTITY_DESIGN,0.1,0.55,MODEST_0_10,0.1,0.10392304845413262,0.1633,0.1582418990977082,0.16848741798247263,0.09864922760786146,-0.001350772392138544,0.14325388008829715,0.06351270405236713,0.13155,0.0125,0.012658227848101266
ROUTE_1,79,100,2,31,16,REQUIRED_FULL_47_IDENTITY_DESIGN,0.1,0.55,TWENTY_FIVE_PERCENT_OF_OBSERVED,0.1812934780863693,0.10392304845413262,0.33745,0.330928665174303,0.3440337657475367,0.1799571208277087,-0.0013363572586606032,0.14145253800445048,0.06362110899693423,0.2869,0.0125,0.012658227848101266
ROUTE_1,79,100,2,31,16,REQUIRED_FULL_47_IDENTITY_DESIGN,0.1,0.55,FIFTY_PERCENT_OF_OBSERVED,0.3625869561727386,0.10392304845413262,0.78835,0.7826337869221464,0.7939554658842981,0.33877718238563376,-0.02380977378710486,0.112486686262884,0.06357365182716727,0.74105,0.0125,0.012658227848101266
ROUTE_1,79,100,2,31,16,REQUIRED_FULL_47_IDENTITY_DESIGN,0.2,0.15,NULL,0.0,0.10392304845413262,0.0503,0.04735634162979811,0.053416375599062385,0.0019715538463225654,0.0019715538463225654,0.22610937183333044,0.09947002156465626,0.0378,0.0125,0.012658227848101266
ROUTE_1,79,100,2,31,16,REQUIRED_FULL_47_IDENTITY_DESIGN,0.2,0.15,MODEST_0_05,0.05,0.10392304845413262,0.08005,0.07636920665923591,0.08389208442428636,0.04851297736253153,-0.0014870226374684714,0.23077236497876594,0.09932902962100369,0.06275,0.0125,0.012658227848101266
ROUTE_1,79,100,2,31,16,REQUIRED_FULL_47_IDENTITY_DESIGN,0.2,0.15,MODEST_0_10,0.1,0.10392304845413262,0.11255,0.10824415587195889,0.11700465286791657,0.09889352065031161,-0.0011064793496883968,0.22622112913258613,0.09926969496707401,0.0897,0.0125,0.012658227848101266
ROUTE_1,79,100,2,31,16,REQUIRED_FULL_47_IDENTITY_DESIGN,0.2,0.15,TWENTY_FIVE_PERCENT_OF_OBSERVED,0.1812934780863693,0.10392304845413262,0.1953,0.1898645704453444,0.20085245632724572,0.18140545704793756,0.00011197896156825426,0.22669971195307054,0.09944659684966346,0.1582,0.0125,0.012658227848101266
ROUTE_1,79,100,2,31,16,REQUIRED_FULL_47_IDENTITY_DESIGN,0.2,0.15,FIFTY_PERCENT_OF_OBSERVED,0.3625869561727386,0.10392304845413262,0.4757,0.4687839988471418,0.4826253341051849,0.36306058752006265,0.0004736313473240328,0.22300043794769733,0.099407165956682,0.4158,0.0125,0.012658227848101266
ROUTE_1,79,100,2,31,16,REQUIRED_FULL_47_IDENTITY_DESIGN,0.2,0.35,NULL,0.0,0.10392304845413262,0.04815,0.04526880170100473,0.051204741282897016,-0.00039608838654608844,-0.00039608838654608844,0.22721188412871182,0.09915313672097965,0.03605,0.0125,0.012658227848101266
ROUTE_1,79,100,2,31,16,REQUIRED_FULL_47_IDENTITY_DESIGN,0.2,0.35,MODEST_0_05,0.05,0.10392304845413262,0.07875,0.07509747050804963,0.08256431986921853,0.04765543038017257,-0.00234456961982743,0.2291944386864983,0.09924733913116524,0.06045,0.0125,0.012658227848101266
ROUTE_1,79,100,2,31,16,REQUIRED_FULL_47_IDENTITY_DESIGN,0.2,0.35,MODEST_0_10,0.1,0.10392304845413262,0.11095,0.10667177731558251,0.11537764593967247,0.10077893142349387,0.0007789314234938616,0.2242653526930307,0.09919506833405507,0.08675,0.0125,0.012658227848101266
ROUTE_1,79,100,2,31,16,REQUIRED_FULL_47_IDENTITY_DESIGN,0.2,0.35,TWENTY_FIVE_PERCENT_OF_OBSERVED,0.1812934780863693,0.10392304845413262,0.19995,0.19446475766301677,0.20555048317425154,0.18100638337832137,-0.00028709470804794135,0.2243605371167329,0.09928786165356396,0.16365,0.0125,0.012658227848101266
ROUTE_1,79,100,2,31,16,REQUIRED_FULL_47_IDENTITY_DESIGN,0.2,0.35,FIFTY_PERCENT_OF_OBSERVED,0.3625869561727386,0.10392304845413262,0.46075,0.45385006122688976,0.4676650136035144,0.34870775304782065,-0.013879203124917971,0.20728139120852798,0.0991599758598141,0.40445,0.0125,0.012658227848101266
ROUTE_1,79,100,2,31,16,REQUIRED_FULL_47_IDENTITY_DESIGN,0.2,0.55,NULL,0.0,0.10392304845413262,0.04665,0.043813337911588535,0.04966078118048152,-0.0014684617690751414,-0.0014684617690751414,0.22230818140284825,0.09736499676449394,0.03215,0.0125,0.012658227848101266
ROUTE_1,79,100,2,31,16,REQUIRED_FULL_47_IDENTITY_DESIGN,0.2,0.55,MODEST_0_05,0.05,0.10392304845413262,0.0722,0.06869457736211046,0.07586972868749267,0.04717741918584646,-0.0028225808141535413,0.21845280681272922,0.09730912066720417,0.04945,0.0125,0.012658227848101266
ROUTE_1,79,100,2,31,16,REQUIRED_FULL_47_IDENTITY_DESIGN,0.2,0.55,MODEST_0_10,0.1,0.10392304845413262,0.105,0.10082704944098651,0.10932465904333612,0.09545305956260074,-0.004546940437399269,0.2144117647585577,0.09737287938178578,0.0754,0.0125,0.012658227848101266
ROUTE_1,79,100,2,31,16,REQUIRED_FULL_47_IDENTITY_DESIGN,0.2,0.55,TWENTY_FIVE_PERCENT_OF_OBSERVED,0.1812934780863693,0.10392304845413262,0.1856,0.18027238930112538,0.19104836297095312,0.17032246737462386,-0.010971010711745444,0.20497933037011024,0.09730969398102904,0.1364,0.0125,0.012658227848101266
ROUTE_1,79,100,2,31,16,REQUIRED_FULL_47_IDENTITY_DESIGN,0.2,0.55,FIFTY_PERCENT_OF_OBSERVED,0.3625869561727386,0.10392304845413262,0.4234,0.4165676341387613,0.43026178578503393,0.3086515445937033,-0.05393541157903531,0.16168802309779035,0.09735626786446205,0.32155,0.0125,0.012658227848101266
ROUTE_2,79,100,2,31,16,REQUIRED_FULL_47_IDENTITY_DESIGN,0.1,0.15,NULL,0.0,0.10392304845413262,0.05065,0.047696321199886975,0.053776261603734256,-2.7272810420508485e-05,-2.7272810420508485e-05,0.12038102917275861,0.063453029597654,0.03575,0.0125,0.012658227848101266
ROUTE_2,79,100,2,31,16,REQUIRED_FULL_47_IDENTITY_DESIGN,0.1,0.15,MODEST_0_05,0.05,0.10392304845413262,0.10905,0.10480494983794449,0.1134452031543237,0.050471429083206176,0.0004714290832061735,0.12021337902788941,0.06350675510147244,0.0851,0.0125,0.012658227848101266
ROUTE_2,79,100,2,31,16,REQUIRED_FULL_47_IDENTITY_DESIGN,0.1,0.15,MODEST_0_10,0.1,0.10392304845413262,0.19525,0.18981511254071073,0.200801933435485,0.09774617745084926,-0.0022538225491507413,0.11925062527196673,0.06379275648570706,0.15805,0.0125,0.012658227848101266
ROUTE_2,79,100,2,31,16,REQUIRED_FULL_47_IDENTITY_DESIGN,0.1,0.15,TWENTY_FIVE_PERCENT_OF_OBSERVED,0.1812934780863693,0.10392304845413262,0.4329,0.4260466963555898,0.4397790748831395,0.18181854913035736,0.0005250710439880513,0.12091431691520067,0.06364253787050073,0.37705,0.0125,0.012658227848101266
ROUTE_2,79,100,2,31,16,REQUIRED_FULL_47_IDENTITY_DESIGN,0.1,0.15,FIFTY_PERCENT_OF_OBSERVED,0.3625869561727386,0.10392304845413262,0.9053,0.9011638829600617,0.90928045261286,0.3628305552149922,0.00024359904225357276,0.12076616962292902,0.06363570387814173,0.8741,0.0125,0.012658227848101266
ROUTE_2,79,100,2,31,16,REQUIRED_FULL_47_IDENTITY_DESIGN,0.1,0.35,NULL,0.0,0.10392304845413262,0.0503,0.04735634162979811,0.053416375599062385,-0.0006128737061974364,-0.0006128737061974364,0.1209953720089996,0.06366359527926954,0.03775,0.0125,0.012658227848101266
ROUTE_2,79,100,2,31,16,REQUIRED_FULL_47_IDENTITY_DESIGN,0.1,0.35,MODEST_0_05,0.05,0.10392304845413262,0.1105,0.10622959716324047,0.11491999892446504,0.05070990860740397,0.0007099086074039695,0.12033592265333401,0.06347256724964481,0.0857,0.0125,0.012658227848101266
ROUTE_2,79,100,2,31,16,REQUIRED_FULL_47_IDENTITY_DESIGN,0.1,0.35,MODEST_0_10,0.1,0.10392304845413262,0.20245,0.196938462361514,0.2080758182954738,0.10001783057654154,1.7830576541533194e-05,0.1202952664863006,0.06364405954487788,0.1649,0.0125,0.012658227848101266
ROUTE_2,79,100,2,31,16,REQUIRED_FULL_47_IDENTITY_DESIGN,0.1,0.35,TWENTY_FIVE_PERCENT_OF_OBSERVED,0.1812934780863693,0.10392304845413262,0.4269,0.42005961989562596,0.43376845577577655,0.18094240587111818,-0.0003510722152511303,0.1211704698960558,0.06372933872262482,0.37045,0.0125,0.012658227848101266
ROUTE_2,79,100,2,31,16,REQUIRED_FULL_47_IDENTITY_DESIGN,0.1,0.35,FIFTY_PERCENT_OF_OBSERVED,0.3625869561727386,0.10392304845413262,0.9035,0.8993299353133348,0.9075150915893886,0.36057620554872527,-0.0020107506240133466,0.11800290846972765,0.06351211053441079,0.875,0.0125,0.012658227848101266
ROUTE_2,79,100,2,31,16,REQUIRED_FULL_47_IDENTITY_DESIGN,0.1,0.55,NULL,0.0,0.10392304845413262,0.04985,0.046919284739933544,0.052953605321377446,0.0002396234580761929,0.0002396234580761929,0.12009497442714293,0.06348077479001388,0.03735,0.0125,0.012658227848101266
ROUTE_2,79,100,2,31,16,REQUIRED_FULL_47_IDENTITY_DESIGN,0.1,0.55,MODEST_0_05,0.05,0.10392304845413262,0.1076,0.10338054288777969,0.11197016700905123,0.050578485606420164,0.0005784856064201607,0.11979283763028856,0.0634612544072841,0.08415,0.0125,0.012658227848101266
ROUTE_2,79,100,2,31,16,REQUIRED_FULL_47_IDENTITY_DESIGN,0.1,0.55,MODEST_0_10,0.1,0.10392304845413262,0.2026,0.1970868952986833,0.20822732774748767,0.10015236314087342,0.00015236314087341274,0.11922999588888933,0.06350351142008627,0.1647,0.0125,0.012658227848101266
ROUTE_2,79,100,2,31,16,REQUIRED_FULL_47_IDENTITY_DESIGN,0.1,0.55,TWENTY_FIVE_PERCENT_OF_OBSERVED,0.1812934780863693,0.10392304845413262,0.42985,0.423003137390673,0.43672380526799853,0.1792819286107252,-0.002011549475644109,0.11703599269714814,0.063393817533392,0.3735,0.0125,0.012658227848101266
ROUTE_2,79,100,2,31,16,REQUIRED_FULL_47_IDENTITY_DESIGN,0.1,0.55,FIFTY_PERCENT_OF_OBSERVED,0.3625869561727386,0.10392304845413262,0.90305,0.8988715169084643,0.9070736828267097,0.3386284330238548,-0.023958523148883804,0.09834133612953393,0.06366933047077708,0.8739,0.0125,0.012658227848101266
ROUTE_2,79,100,2,31,16,REQUIRED_FULL_47_IDENTITY_DESIGN,0.2,0.15,NULL,0.0,0.10392304845413262,0.0519,0.04891085934537876,0.055061243368102204,0.0025438813615946353,0.0025438813615946353,0.21182230949526953,0.0993275873520076,0.03915,0.0125,0.012658227848101266
ROUTE_2,79,100,2,31,16,REQUIRED_FULL_47_IDENTITY_DESIGN,0.2,0.15,MODEST_0_05,0.05,0.10392304845413262,0.07955,0.07588004237000219,0.08338144074957617,0.04922153800774639,-0.0007784619922536137,0.213349357006073,0.09936610813815286,0.0611,0.0125,0.012658227848101266
ROUTE_2,79,100,2,31,16,REQUIRED_FULL_47_IDENTITY_DESIGN,0.2,0.15,MODEST_0_10,0.1,0.10392304845413262,0.1135,0.10917788882957681,0.11797055504179206,0.09867020315397541,-0.0013297968460245918,0.21084160844757333,0.09950754531101759,0.08985,0.0125,0.012658227848101266
ROUTE_2,79,100,2,31,16,REQUIRED_FULL_47_IDENTITY_DESIGN,0.2,0.15,TWENTY_FIVE_PERCENT_OF_OBSERVED,0.1812934780863693,0.10392304845413262,0.21175,0.2061435371669518,0.21746717161939247,0.18343662991406076,0.002143151827691453,0.21208196489596087,0.09944723338076393,0.17315,0.0125,0.012658227848101266
ROUTE_2,79,100,2,31,16,REQUIRED_FULL_47_IDENTITY_DESIGN,0.2,0.15,FIFTY_PERCENT_OF_OBSERVED,0.3625869561727386,0.10392304845413262,0.51765,0.5107220743363851,0.5245711467908346,0.36345761550659206,0.0008706593338534407,0.2087780412421163,0.0995024222449958,0.4612,0.0125,0.012658227848101266
ROUTE_2,79,100,2,31,16,REQUIRED_FULL_47_IDENTITY_DESIGN,0.2,0.35,NULL,0.0,0.10392304845413262,0.05005,0.04711352390789289,0.05315928933899566,0.003040123359170633,0.003040123359170633,0.2112970987924129,0.09921698378056218,0.0373,0.0125,0.012658227848101266
ROUTE_2,79,100,2,31,16,REQUIRED_FULL_47_IDENTITY_DESIGN,0.2,0.35,MODEST_0_05,0.05,0.10392304845413262,0.0813,0.0775923060252502,0.08516850496813179,0.05106625146982215,0.0010662514698221506,0.21146482558824117,0.09927138307451622,0.0628,0.0125,0.012658227848101266
ROUTE_2,79,100,2,31,16,REQUIRED_FULL_47_IDENTITY_DESIGN,0.2,0.35,MODEST_0_10,0.1,0.10392304845413262,0.11645,0.11207799470979149,0.12096931614884637,0.09958257716065526,-0.0004174228393447471,0.21061601789180726,0.09928845610482036,0.093,0.0125,0.012658227848101266
ROUTE_2,79,100,2,31,16,REQUIRED_FULL_47_IDENTITY_DESIGN,0.2,0.35,TWENTY_FIVE_PERCENT_OF_OBSERVED,0.1812934780863693,0.10392304845413262,0.21235,0.20673756613058242,0.21807291221249459,0.18112693742875027,-0.00016654065761903536,0.20815815190070394,0.09926870002960347,0.1726,0.0125,0.012658227848101266
ROUTE_2,79,100,2,31,16,REQUIRED_FULL_47_IDENTITY_DESIGN,0.2,0.35,FIFTY_PERCENT_OF_OBSERVED,0.3625869561727386,0.10392304845413262,0.5065,0.4995704834350295,0.5134270200962411,0.35047510260359316,-0.012111853569145459,0.19502860957453808,0.09926291318940378,0.4485,0.0125,0.012658227848101266
ROUTE_2,79,100,2,31,16,REQUIRED_FULL_47_IDENTITY_DESIGN,0.2,0.55,NULL,0.0,0.10392304845413262,0.04245,0.039742584076003895,0.04533314811893745,-0.0004889406486573049,-0.0004889406486573049,0.20697770413587777,0.09730797838361245,0.0299,0.0125,0.012658227848101266
ROUTE_2,79,100,2,31,16,REQUIRED_FULL_47_IDENTITY_DESIGN,0.2,0.55,MODEST_0_05,0.05,0.10392304845413262,0.06965,0.06620410892864827,0.073261176504841,0.047224606186568714,-0.0027753938134312886,0.20459104400563627,0.09733045629547288,0.0496,0.0125,0.012658227848101266
ROUTE_2,79,100,2,31,16,REQUIRED_FULL_47_IDENTITY_DESIGN,0.2,0.55,MODEST_0_10,0.1,0.10392304845413262,0.1033,0.09915789521472308,0.10759446619219033,0.09626459919087499,-0.003735400809125017,0.20167654186112235,0.0973497666515592,0.07325,0.0125,0.012658227848101266
ROUTE_2,79,100,2,31,16,REQUIRED_FULL_47_IDENTITY_DESIGN,0.2,0.55,TWENTY_FIVE_PERCENT_OF_OBSERVED,0.1812934780863693,0.10392304845413262,0.1875,0.18215084365371076,0.19296917888135462,0.17226333120365936,-0.00903014688270995,0.1915207654075898,0.09731566614284415,0.1406,0.0125,0.012658227848101266
ROUTE_2,79,100,2,31,16,REQUIRED_FULL_47_IDENTITY_DESIGN,0.2,0.55,FIFTY_PERCENT_OF_OBSERVED,0.3625869561727386,0.10392304845413262,0.44185,0.4349793223993773,0.4487430113939477,0.31220319585506057,-0.05038376031767805,0.15376912095658565,0.0974775814975902,0.3501,0.0125,0.012658227848101266
ROUTE_1,79,100,2,20,12,PLANNING_SENSITIVITY_ONLY_NOT_AN_AUTHORIZED_IDENTITY_CHANGE,0.1,0.15,NULL,0.0,0.1493987951758648,0.0522,0.04920242284096893,0.055369564650878375,0.0020468347656716047,0.0020468347656716047,0.1812429231122734,0.07927579887248393,0.03935,0.0125,0.012658227848101266
ROUTE_1,79,100,2,20,12,PLANNING_SENSITIVITY_ONLY_NOT_AN_AUTHORIZED_IDENTITY_CHANGE,0.1,0.15,MODEST_0_05,0.05,0.1493987951758648,0.0893,0.08542619282974798,0.09333154558673637,0.05107970387508614,0.0010797038750861368,0.1805728599307124,0.07927324559988681,0.0677,0.0125,0.012658227848101266
ROUTE_1,79,100,2,20,12,PLANNING_SENSITIVITY_ONLY_NOT_AN_AUTHORIZED_IDENTITY_CHANGE,0.1,0.15,MODEST_0_10,0.1,0.1493987951758648,0.1313,0.12669013010416186,0.13605147728360967,0.09989232762963215,-0.0001076723703678506,0.1804786144574919,0.07925666832925769,0.1059,0.0125,0.012658227848101266
ROUTE_1,79,100,2,20,12,PLANNING_SENSITIVITY_ONLY_NOT_AN_AUTHORIZED_IDENTITY_CHANGE,0.1,0.15,TWENTY_FIVE_PERCENT_OF_OBSERVED,0.1812934780863693,0.1493987951758648,0.2511,0.24513826928919347,0.25715732625953536,0.18027089624017867,-0.00102258184619064,0.18142444787310094,0.07930051212838096,0.20815,0.0125,0.012658227848101266
ROUTE_1,79,100,2,20,12,PLANNING_SENSITIVITY_ONLY_NOT_AN_AUTHORIZED_IDENTITY_CHANGE,0.1,0.15,FIFTY_PERCENT_OF_OBSERVED,0.3625869561727386,0.1493987951758648,0.62655,0.6198224026842458,0.6332289929899542,0.3640655711673614,0.0014786149946227622,0.18049723031955117,0.07923955203637341,0.57155,0.0125,0.012658227848101266
ROUTE_1,79,100,2,20,12,PLANNING_SENSITIVITY_ONLY_NOT_AN_AUTHORIZED_IDENTITY_CHANGE,0.1,0.35,NULL,0.0,0.1493987951758648,0.04935,0.046433745719324244,0.05243933637804286,-0.0013380266039549177,-0.0013380266039549177,0.18189978237529292,0.07928819453680981,0.0369,0.0125,0.012658227848101266
ROUTE_1,79,100,2,20,12,PLANNING_SENSITIVITY_ONLY_NOT_AN_AUTHORIZED_IDENTITY_CHANGE,0.1,0.35,MODEST_0_05,0.05,0.1493987951758648,0.08165,0.07793482157026463,0.0855258549978781,0.048812961601288944,-0.0011870383987110586,0.17966077776917716,0.0792538477518455,0.06085,0.0125,0.012658227848101266
ROUTE_1,79,100,2,20,12,PLANNING_SENSITIVITY_ONLY_NOT_AN_AUTHORIZED_IDENTITY_CHANGE,0.1,0.35,MODEST_0_10,0.1,0.1493987951758648,0.13205,0.12742866836255332,0.13681265097113407,0.09669284230581263,-0.0033071576941873793,0.18069114241258444,0.07927329030538793,0.10485,0.0125,0.012658227848101266
ROUTE_1,79,100,2,20,12,PLANNING_SENSITIVITY_ONLY_NOT_AN_AUTHORIZED_IDENTITY_CHANGE,0.1,0.35,TWENTY_FIVE_PERCENT_OF_OBSERVED,0.1812934780863693,0.1493987951758648,0.25195,0.24598136206759244,0.25801390701984106,0.18145544008545905,0.00016196199908974362,0.18065450811561812,0.07928497770011028,0.20785,0.0125,0.012658227848101266
ROUTE_1,79,100,2,20,12,PLANNING_SENSITIVITY_ONLY_NOT_AN_AUTHORIZED_IDENTITY_CHANGE,0.1,0.35,FIFTY_PERCENT_OF_OBSERVED,0.3625869561727386,0.1493987951758648,0.6232,0.61646107463907,0.6298916076767058,0.3568027385540463,-0.0057842176186923,0.17241723021906352,0.0792788184357469,0.56605,0.0125,0.012658227848101266
ROUTE_1,79,100,2,20,12,PLANNING_SENSITIVITY_ONLY_NOT_AN_AUTHORIZED_IDENTITY_CHANGE,0.1,0.55,NULL,0.0,0.1493987951758648,0.0464,0.04357084028642462,0.04940337482367349,-0.0010753491301876378,-0.0010753491301876378,0.17927016263818046,0.07884726948331025,0.03435,0.0125,0.012658227848101266
ROUTE_1,79,100,2,20,12,PLANNING_SENSITIVITY_ONLY_NOT_AN_AUTHORIZED_IDENTITY_CHANGE,0.1,0.55,MODEST_0_05,0.05,0.1493987951758648,0.08325,0.07950086809607854,0.08715919395668467,0.04746356371841827,-0.002536436281581733,0.17922456461551067,0.07879965727929247,0.0639,0.0125,0.012658227848101266
ROUTE_1,79,100,2,20,12,PLANNING_SENSITIVITY_ONLY_NOT_AN_AUTHORIZED_IDENTITY_CHANGE,0.1,0.55,MODEST_0_10,0.1,0.1493987951758648,0.13885,0.1341269962300965,0.14371171141322786,0.10058554663785758,0.0005855466378575785,0.17640547813944082,0.07876215636529474,0.1111,0.0125,0.012658227848101266
ROUTE_1,79,100,2,20,12,PLANNING_SENSITIVITY_ONLY_NOT_AN_AUTHORIZED_IDENTITY_CHANGE,0.1,0.55,TWENTY_FIVE_PERCENT_OF_OBSERVED,0.1812934780863693,0.1493987951758648,0.2531,0.24712206566257508,0.25917276174192944,0.17564930082064756,-0.00564417726572175,0.17020730601786602,0.07878590100775841,0.2093,0.0125,0.012658227848101266
ROUTE_1,79,100,2,20,12,PLANNING_SENSITIVITY_ONLY_NOT_AN_AUTHORIZED_IDENTITY_CHANGE,0.1,0.55,FIFTY_PERCENT_OF_OBSERVED,0.3625869561727386,0.1493987951758648,0.62,0.6132505728519254,0.6267033384946094,0.3260178641566667,-0.03656909201607189,0.13476388845100046,0.07888270316738487,0.56375,0.0125,0.012658227848101266
ROUTE_1,79,100,2,20,12,PLANNING_SENSITIVITY_ONLY_NOT_AN_AUTHORIZED_IDENTITY_CHANGE,0.2,0.15,NULL,0.0,0.1493987951758648,0.04925,0.04633664808955941,0.05233647241501892,0.002421153903111344,0.002421153903111344,0.24865426523242212,0.1100268657801011,0.0366,0.0125,0.012658227848101266
ROUTE_1,79,100,2,20,12,PLANNING_SENSITIVITY_ONLY_NOT_AN_AUTHORIZED_IDENTITY_CHANGE,0.2,0.15,MODEST_0_05,0.05,0.1493987951758648,0.0731,0.06957387949206222,0.0767900808926399,0.04918034718483416,-0.0008196528151658417,0.24916333552472777,0.1100390244377549,0.0552,0.0125,0.012658227848101266
ROUTE_1,79,100,2,20,12,PLANNING_SENSITIVITY_ONLY_NOT_AN_AUTHORIZED_IDENTITY_CHANGE,0.2,0.15,MODEST_0_10,0.1,0.1493987951758648,0.10835,0.10411727483167017,0.11273314701107658,0.10097611890475577,0.0009761189047557683,0.2501591378381811,0.11002421690725411,0.08505,0.0125,0.012658227848101266
ROUTE_1,79,100,2,20,12,PLANNING_SENSITIVITY_ONLY_NOT_AN_AUTHORIZED_IDENTITY_CHANGE,0.2,0.15,TWENTY_FIVE_PERCENT_OF_OBSERVED,0.1812934780863693,0.1493987951758648,0.17055,0.16540078691317628,0.175825745644191,0.17878371002424878,-0.0025097680621205265,0.2503107801185002,0.11005760168111632,0.1382,0.0125,0.012658227848101266
ROUTE_1,79,100,2,20,12,PLANNING_SENSITIVITY_ONLY_NOT_AN_AUTHORIZED_IDENTITY_CHANGE,0.2,0.15,FIFTY_PERCENT_OF_OBSERVED,0.3625869561727386,0.1493987951758648,0.4081,0.40130681381471495,0.41492848241239716,0.3606262811936166,-0.0019606749791220013,0.24531025378163912,0.11011160731757486,0.35385,0.0125,0.012658227848101266
ROUTE_1,79,100,2,20,12,PLANNING_SENSITIVITY_ONLY_NOT_AN_AUTHORIZED_IDENTITY_CHANGE,0.2,0.35,NULL,0.0,0.1493987951758648,0.05015,0.047210648502146166,0.05326212633753116,0.0008441119335644561,0.0008441119335644561,0.2496421882235665,0.10966618406245586,0.03845,0.0125,0.012658227848101266
ROUTE_1,79,100,2,20,12,PLANNING_SENSITIVITY_ONLY_NOT_AN_AUTHORIZED_IDENTITY_CHANGE,0.2,0.35,MODEST_0_05,0.05,0.1493987951758648,0.0707,0.0672294345503234,0.07433544760744804,0.049579466611412146,-0.00042053338858785705,0.24863915478529897,0.10954714624067724,0.0544,0.0125,0.012658227848101266
ROUTE_1,79,100,2,20,12,PLANNING_SENSITIVITY_ONLY_NOT_AN_AUTHORIZED_IDENTITY_CHANGE,0.2,0.35,MODEST_0_10,0.1,0.1493987951758648,0.10675,0.10254565917379858,0.11110537718432768,0.10003988100935977,3.988100935976846e-05,0.24820880332720482,0.10969048779476763,0.08255,0.0125,0.012658227848101266
ROUTE_1,79,100,2,20,12,PLANNING_SENSITIVITY_ONLY_NOT_AN_AUTHORIZED_IDENTITY_CHANGE,0.2,0.35,TWENTY_FIVE_PERCENT_OF_OBSERVED,0.1812934780863693,0.1493987951758648,0.17125,0.16609217381518832,0.17653408989170044,0.17616520487740667,-0.0051282732089626415,0.24596674563402507,0.1096231004489742,0.13995,0.0125,0.012658227848101266
ROUTE_1,79,100,2,20,12,PLANNING_SENSITIVITY_ONLY_NOT_AN_AUTHORIZED_IDENTITY_CHANGE,0.2,0.35,FIFTY_PERCENT_OF_OBSERVED,0.3625869561727386,0.1493987951758648,0.4046,0.3978167322792123,0.4114199082002925,0.3455148862324604,-0.01707206994027821,0.22538275041886674,0.1096013729410567,0.3464,0.0125,0.012658227848101266
ROUTE_1,79,100,2,20,12,PLANNING_SENSITIVITY_ONLY_NOT_AN_AUTHORIZED_IDENTITY_CHANGE,0.2,0.55,NULL,0.0,0.1493987951758648,0.0423,0.03959733178903444,0.04517845801672373,0.0010242245703950348,0.0010242245703950348,0.2437621232938097,0.10661170784229611,0.0254,0.0125,0.012658227848101266
ROUTE_1,79,100,2,20,12,PLANNING_SENSITIVITY_ONLY_NOT_AN_AUTHORIZED_IDENTITY_CHANGE,0.2,0.55,MODEST_0_05,0.05,0.1493987951758648,0.06145,0.058205169442093266,0.0648632653827161,0.048607507497263815,-0.0013924925027361881,0.2391478523217055,0.10672413508720958,0.03715,0.0125,0.012658227848101266
ROUTE_1,79,100,2,20,12,PLANNING_SENSITIVITY_ONLY_NOT_AN_AUTHORIZED_IDENTITY_CHANGE,0.2,0.55,MODEST_0_10,0.1,0.1493987951758648,0.08605,0.08224245445818024,0.09001653219266878,0.09591758876498037,-0.004082411235019637,0.23383482537246433,0.10660829336127531,0.05235,0.0125,0.012658227848101266
ROUTE_1,79,100,2,20,12,PLANNING_SENSITIVITY_ONLY_NOT_AN_AUTHORIZED_IDENTITY_CHANGE,0.2,0.55,TWENTY_FIVE_PERCENT_OF_OBSERVED,0.1812934780863693,0.1493987951758648,0.1354,0.13072808039721096,0.14021195229490047,0.16526379939298858,-0.016029678693380733,0.22046265565946307,0.10658673262757666,0.0837,0.0125,0.012658227848101266
ROUTE_1,79,100,2,20,12,PLANNING_SENSITIVITY_ONLY_NOT_AN_AUTHORIZED_IDENTITY_CHANGE,0.2,0.55,FIFTY_PERCENT_OF_OBSERVED,0.3625869561727386,0.1493987951758648,0.30725,0.30089360016927746,0.31368042973035093,0.30139041956634993,-0.061196536606388685,0.1776030904914042,0.10661987640388819,0.1939,0.0125,0.012658227848101266
ROUTE_2,79,100,2,20,12,PLANNING_SENSITIVITY_ONLY_NOT_AN_AUTHORIZED_IDENTITY_CHANGE,0.1,0.15,NULL,0.0,0.1493987951758648,0.0467,0.043861840208422015,0.049712259680042434,-0.001381205031773524,-0.001381205031773524,0.13768670696150395,0.07923665246644396,0.03445,0.0125,0.012658227848101266
ROUTE_2,79,100,2,20,12,PLANNING_SENSITIVITY_ONLY_NOT_AN_AUTHORIZED_IDENTITY_CHANGE,0.1,0.15,MODEST_0_05,0.05,0.1493987951758648,0.09725,0.09322060472634323,0.10143408031684904,0.04902857445621903,-0.0009714255437809696,0.1385117502373152,0.07932543215959215,0.07555,0.0125,0.012658227848101266
ROUTE_2,79,100,2,20,12,PLANNING_SENSITIVITY_ONLY_NOT_AN_AUTHORIZED_IDENTITY_CHANGE,0.1,0.15,MODEST_0_10,0.1,0.1493987951758648,0.1712,0.16604278798213376,0.1764834949283606,0.10067185725176628,0.0006718572517662724,0.13750479704364071,0.07904571892303293,0.1377,0.0125,0.012658227848101266
ROUTE_2,79,100,2,20,12,PLANNING_SENSITIVITY_ONLY_NOT_AN_AUTHORIZED_IDENTITY_CHANGE,0.1,0.15,TWENTY_FIVE_PERCENT_OF_OBSERVED,0.1812934780863693,0.1493987951758648,0.35915,0.3525287405533386,0.36582535600366617,0.1811177987930461,-0.00017567929332321097,0.13838593905584193,0.0795687313226803,0.3049,0.0125,0.012658227848101266
ROUTE_2,79,100,2,20,12,PLANNING_SENSITIVITY_ONLY_NOT_AN_AUTHORIZED_IDENTITY_CHANGE,0.1,0.15,FIFTY_PERCENT_OF_OBSERVED,0.3625869561727386,0.1493987951758648,0.819,0.8136029195071522,0.8242745614890529,0.36248865598082836,-9.830019191026107e-05,0.13857621343664575,0.0791487525175367,0.7778,0.0125,0.012658227848101266
ROUTE_2,79,100,2,20,12,PLANNING_SENSITIVITY_ONLY_NOT_AN_AUTHORIZED_IDENTITY_CHANGE,0.1,0.35,NULL,0.0,0.1493987951758648,0.0469,0.0440558585881776,0.04991816448586441,-0.0006245589983128521,-0.0006245589983128521,0.13789391444915022,0.07923845684209374,0.03475,0.0125,0.012658227848101266
ROUTE_2,79,100,2,20,12,PLANNING_SENSITIVITY_ONLY_NOT_AN_AUTHORIZED_IDENTITY_CHANGE,0.1,0.35,MODEST_0_05,0.05,0.1493987951758648,0.0938,0.08983703373548271,0.09791897635649668,0.04788803193422491,-0.0021119680657750925,0.13808481323692473,0.07932215254989064,0.0721,0.0125,0.012658227848101266
ROUTE_2,79,100,2,20,12,PLANNING_SENSITIVITY_ONLY_NOT_AN_AUTHORIZED_IDENTITY_CHANGE,0.1,0.35,MODEST_0_10,0.1,0.1493987951758648,0.17605,0.17083395955745131,0.18139046060329886,0.10098201359473293,0.0009820135947329195,0.1374185503364448,0.07918742130717234,0.1393,0.0125,0.012658227848101266
ROUTE_2,79,100,2,20,12,PLANNING_SENSITIVITY_ONLY_NOT_AN_AUTHORIZED_IDENTITY_CHANGE,0.1,0.35,TWENTY_FIVE_PERCENT_OF_OBSERVED,0.1812934780863693,0.1493987951758648,0.36225,0.35561568592240345,0.36893722001105345,0.18166521704068173,0.0003717389543124172,0.13811353309180846,0.0790333036227131,0.3107,0.0125,0.012658227848101266
ROUTE_2,79,100,2,20,12,PLANNING_SENSITIVITY_ONLY_NOT_AN_AUTHORIZED_IDENTITY_CHANGE,0.1,0.35,FIFTY_PERCENT_OF_OBSERVED,0.3625869561727386,0.1493987951758648,0.821,0.8156256145068589,0.8262510983451218,0.3581676477690738,-0.0044193084036648345,0.13284467382274207,0.07935960401480283,0.77615,0.0125,0.012658227848101266
ROUTE_2,79,100,2,20,12,PLANNING_SENSITIVITY_ONLY_NOT_AN_AUTHORIZED_IDENTITY_CHANGE,0.1,0.55,NULL,0.0,0.1493987951758648,0.0501,0.04716208578848323,0.053210708254799705,-0.00012127523799201789,-0.00012127523799201789,0.13826394368315603,0.0788611254998924,0.03645,0.0125,0.012658227848101266
ROUTE_2,79,100,2,20,12,PLANNING_SENSITIVITY_ONLY_NOT_AN_AUTHORIZED_IDENTITY_CHANGE,0.1,0.55,MODEST_0_05,0.05,0.1493987951758648,0.098,0.09395637590397996,0.10219802108512818,0.05106555551506358,0.0010655555150635779,0.1367463111965729,0.07865359134435333,0.076,0.0125,0.012658227848101266
ROUTE_2,79,100,2,20,12,PLANNING_SENSITIVITY_ONLY_NOT_AN_AUTHORIZED_IDENTITY_CHANGE,0.1,0.55,MODEST_0_10,0.1,0.1493987951758648,0.173,0.16782077958527486,0.17830481199541748,0.09882831708697992,-0.0011716829130200834,0.13648819333456227,0.07883126885250177,0.13875,0.0125,0.012658227848101266
ROUTE_2,79,100,2,20,12,PLANNING_SENSITIVITY_ONLY_NOT_AN_AUTHORIZED_IDENTITY_CHANGE,0.1,0.55,TWENTY_FIVE_PERCENT_OF_OBSERVED,0.1812934780863693,0.1493987951758648,0.34475,0.3381933622138276,0.3513662649815929,0.1759780472998625,-0.005315430786506814,0.1315979820786892,0.07888485342648172,0.29135,0.0125,0.012658227848101266
ROUTE_2,79,100,2,20,12,PLANNING_SENSITIVITY_ONLY_NOT_AN_AUTHORIZED_IDENTITY_CHANGE,0.1,0.55,FIFTY_PERCENT_OF_OBSERVED,0.3625869561727386,0.1493987951758648,0.79115,0.7854608333588722,0.7967273440456581,0.32670721591457663,-0.035879740258161985,0.11331646420652673,0.07860661102989422,0.7374,0.0125,0.012658227848101266
ROUTE_2,79,100,2,20,12,PLANNING_SENSITIVITY_ONLY_NOT_AN_AUTHORIZED_IDENTITY_CHANGE,0.2,0.15,NULL,0.0,0.1493987951758648,0.05375,0.0507092799841526,0.056962112195920775,0.0015804253865577154,0.0015804253865577154,0.22516203311728583,0.10998368139826306,0.04015,0.0125,0.012658227848101266
ROUTE_2,79,100,2,20,12,PLANNING_SENSITIVITY_ONLY_NOT_AN_AUTHORIZED_IDENTITY_CHANGE,0.2,0.15,MODEST_0_05,0.05,0.1493987951758648,0.0767,0.07309265139211343,0.08046992633298475,0.049162010594912375,-0.0008379894050876274,0.2205071615226022,0.1100497751196548,0.0588,0.0125,0.012658227848101266
ROUTE_2,79,100,2,20,12,PLANNING_SENSITIVITY_ONLY_NOT_AN_AUTHORIZED_IDENTITY_CHANGE,0.2,0.15,MODEST_0_10,0.1,0.1493987951758648,0.1161,0.11173386602106944,0.12061357926280769,0.09895215652870473,-0.0010478434712952733,0.22325216161405553,0.11023474936494713,0.0912,0.0125,0.012658227848101266
ROUTE_2,79,100,2,20,12,PLANNING_SENSITIVITY_ONLY_NOT_AN_AUTHORIZED_IDENTITY_CHANGE,0.2,0.15,TWENTY_FIVE_PERCENT_OF_OBSERVED,0.1812934780863693,0.1493987951758648,0.1972,0.191744073428535,0.2027722236070419,0.18233340927667696,0.0010399311903076525,0.22292975809817242,0.1100162161609581,0.1637,0.0125,0.012658227848101266
ROUTE_2,79,100,2,20,12,PLANNING_SENSITIVITY_ONLY_NOT_AN_AUTHORIZED_IDENTITY_CHANGE,0.2,0.15,FIFTY_PERCENT_OF_OBSERVED,0.3625869561727386,0.1493987951758648,0.4764,0.4694833993283248,0.4833256647735233,0.3582657073097453,-0.004321248862993343,0.21693000712129082,0.11026089862505448,0.41735,0.0125,0.012658227848101266
ROUTE_2,79,100,2,20,12,PLANNING_SENSITIVITY_ONLY_NOT_AN_AUTHORIZED_IDENTITY_CHANGE,0.2,0.35,NULL,0.0,0.1493987951758648,0.0505,0.047550610725174164,0.0536220296892639,-0.00022256825780591285,-0.00022256825780591285,0.22134960199172507,0.10993336885567083,0.0378,0.0125,0.012658227848101266
ROUTE_2,79,100,2,20,12,PLANNING_SENSITIVITY_ONLY_NOT_AN_AUTHORIZED_IDENTITY_CHANGE,0.2,0.35,MODEST_0_05,0.05,0.1493987951758648,0.0797,0.07602678708801007,0.08353463842075147,0.04985098331387479,-0.00014901668612521402,0.22132107324411524,0.10974415782756407,0.05915,0.0125,0.012658227848101266
ROUTE_2,79,100,2,20,12,PLANNING_SENSITIVITY_ONLY_NOT_AN_AUTHORIZED_IDENTITY_CHANGE,0.2,0.35,MODEST_0_10,0.1,0.1493987951758648,0.1146,0.11025917555050202,0.11908884584154342,0.0975639242119403,-0.0024360757880597106,0.22156971504740128,0.10956124543539193,0.09,0.0125,0.012658227848101266
ROUTE_2,79,100,2,20,12,PLANNING_SENSITIVITY_ONLY_NOT_AN_AUTHORIZED_IDENTITY_CHANGE,0.2,0.35,TWENTY_FIVE_PERCENT_OF_OBSERVED,0.1812934780863693,0.1493987951758648,0.1982,0.19273336538436592,0.20378254757909875,0.17974506545295427,-0.0015484126334150417,0.21630501561472848,0.1098263720537889,0.1617,0.0125,0.012658227848101266
ROUTE_2,79,100,2,20,12,PLANNING_SENSITIVITY_ONLY_NOT_AN_AUTHORIZED_IDENTITY_CHANGE,0.2,0.35,FIFTY_PERCENT_OF_OBSERVED,0.3625869561727386,0.1493987951758648,0.47445,0.46753510330997144,0.48137470973249546,0.3483777644251766,-0.014209191747562022,0.20167127083824066,0.10946960421791234,0.41355,0.0125,0.012658227848101266
ROUTE_2,79,100,2,20,12,PLANNING_SENSITIVITY_ONLY_NOT_AN_AUTHORIZED_IDENTITY_CHANGE,0.2,0.55,NULL,0.0,0.1493987951758648,0.04285,0.040129969801871355,0.0457456087642251,0.0006617405526264033,0.0006617405526264033,0.21835795547137477,0.10662664773265229,0.0304,0.0125,0.012658227848101266
ROUTE_2,79,100,2,20,12,PLANNING_SENSITIVITY_ONLY_NOT_AN_AUTHORIZED_IDENTITY_CHANGE,0.2,0.55,MODEST_0_05,0.05,0.1493987951758648,0.0599,0.056694974786159286,0.063274055350424,0.05046408593202496,0.0004640859320249602,0.2118457346475752,0.1068029742119919,0.0425,0.0125,0.012658227848101266
ROUTE_2,79,100,2,20,12,PLANNING_SENSITIVITY_ONLY_NOT_AN_AUTHORIZED_IDENTITY_CHANGE,0.2,0.55,MODEST_0_10,0.1,0.1493987951758648,0.08875,0.0848872933335084,0.09277065632263763,0.09452245471762397,-0.0054775452823760395,0.20750764271099026,0.10664743055872772,0.0639,0.0125,0.012658227848101266
ROUTE_2,79,100,2,20,12,PLANNING_SENSITIVITY_ONLY_NOT_AN_AUTHORIZED_IDENTITY_CHANGE,0.2,0.55,TWENTY_FIVE_PERCENT_OF_OBSERVED,0.1812934780863693,0.1493987951758648,0.15075,0.14585825762033255,0.1557758795648565,0.16581435312465242,-0.015479124961716884,0.1980155762405378,0.10663701738437015,0.11225,0.0125,0.012658227848101266
ROUTE_2,79,100,2,20,12,PLANNING_SENSITIVITY_ONLY_NOT_AN_AUTHORIZED_IDENTITY_CHANGE,0.2,0.55,FIFTY_PERCENT_OF_OBSERVED,0.3625869561727386,0.1493987951758648,0.36015,0.35352449652744217,0.3668292159574504,0.303111892404929,-0.059475063767809644,0.1646951356195341,0.10664220466220856,0.28285,0.0125,0.012658227848101266
ROUTE_1,79,100,4,31,16,REQUIRED_FULL_47_IDENTITY_DESIGN,0.1,0.15,NULL,0.0,0.07348469228349534,0.04825,0.04536586122239952,0.05130764335429101,0.00014069681086065685,0.00014069681086065685,0.12406275942141066,0.05476803405984025,0.037,0.0125,0.012658227848101266
ROUTE_1,79,100,4,31,16,REQUIRED_FULL_47_IDENTITY_DESIGN,0.1,0.15,MODEST_0_05,0.05,0.07348469228349534,0.1068,0.10259476763758284,0.11115624951693785,0.048608285477864464,-0.0013917145221355384,0.12586530429264584,0.054749275262075535,0.0823,0.0125,0.012658227848101266
ROUTE_1,79,100,4,31,16,REQUIRED_FULL_47_IDENTITY_DESIGN,0.1,0.15,MODEST_0_10,0.1,0.07348469228349534,0.1962,0.19075483645296537,0.2017618446547238,0.09985159816654313,-0.0001484018334568793,0.1245625559235708,0.054700552165816575,0.15935,0.0125,0.012658227848101266
ROUTE_1,79,100,4,31,16,REQUIRED_FULL_47_IDENTITY_DESIGN,0.1,0.15,TWENTY_FIVE_PERCENT_OF_OBSERVED,0.1812934780863693,0.07348469228349534,0.4129,0.4060937922546092,0.41973966042636424,0.18119616658780538,-9.731149856392896e-05,0.12487826031485998,0.054742380893765596,0.3564,0.0125,0.012658227848101266
ROUTE_1,79,100,4,31,16,REQUIRED_FULL_47_IDENTITY_DESIGN,0.1,0.15,FIFTY_PERCENT_OF_OBSERVED,0.3625869561727386,0.07348469228349534,0.881,0.8764392713036141,0.8854143972216341,0.36231870142745604,-0.0002682547452825812,0.12565763446945963,0.05470471825266536,0.8476,0.0125,0.012658227848101266
ROUTE_1,79,100,4,31,16,REQUIRED_FULL_47_IDENTITY_DESIGN,0.1,0.35,NULL,0.0,0.07348469228349534,0.05165,0.0486679115470404,0.05480428718446862,-0.0004529447654802596,-0.0004529447654802596,0.12496135375717296,0.05478882533123974,0.0399,0.0125,0.012658227848101266
ROUTE_1,79,100,4,31,16,REQUIRED_FULL_47_IDENTITY_DESIGN,0.1,0.35,MODEST_0_05,0.05,0.07348469228349534,0.1061,0.1019072759604815,0.11044401004451772,0.05066728636327551,0.0006672863632755099,0.12505172828891298,0.0547966482752244,0.0842,0.0125,0.012658227848101266
ROUTE_1,79,100,4,31,16,REQUIRED_FULL_47_IDENTITY_DESIGN,0.1,0.35,MODEST_0_10,0.1,0.07348469228349534,0.19395,0.18852925593037376,0.1994882893395679,0.09966669772965202,-0.00033330227034798765,0.12549466019773667,0.05478227415232975,0.1585,0.0125,0.012658227848101266
ROUTE_1,79,100,4,31,16,REQUIRED_FULL_47_IDENTITY_DESIGN,0.1,0.35,TWENTY_FIVE_PERCENT_OF_OBSERVED,0.1812934780863693,0.07348469228349534,0.41335,0.4065426058185451,0.42019067402997784,0.18164209678323529,0.0003486186968659766,0.12499216192792316,0.05475037041394648,0.35935,0.0125,0.012658227848101266
ROUTE_1,79,100,4,31,16,REQUIRED_FULL_47_IDENTITY_DESIGN,0.1,0.35,FIFTY_PERCENT_OF_OBSERVED,0.3625869561727386,0.07348469228349534,0.889,0.8845715057911456,0.893279090157205,0.3629148555394585,0.00032789936671989706,0.12223032954492363,0.054729813922695776,0.8558,0.0125,0.012658227848101266
ROUTE_1,79,100,4,31,16,REQUIRED_FULL_47_IDENTITY_DESIGN,0.1,0.55,NULL,0.0,0.07348469228349534,0.04905,0.0461424630826958,0.05213073423630496,-3.726371013504068e-05,-3.726371013504068e-05,0.12363620141648117,0.05479256313275874,0.03635,0.0125,0.012658227848101266
ROUTE_1,79,100,4,31,16,REQUIRED_FULL_47_IDENTITY_DESIGN,0.1,0.55,MODEST_0_05,0.05,0.07348469228349534,0.10295,0.09881428961942253,0.10723820621273016,0.04994984352077059,-5.0156479229415685e-05,0.12469644500538114,0.05474643118205656,0.0818,0.0125,0.012658227848101266
ROUTE_1,79,100,4,31,16,REQUIRED_FULL_47_IDENTITY_DESIGN,0.1,0.55,MODEST_0_10,0.1,0.07348469228349534,0.19865,0.19317856461815977,0.20423717551285445,0.1006271122103346,0.0006271122103345961,0.12618386232578027,0.054687787950467436,0.16245,0.0125,0.012658227848101266
ROUTE_1,79,100,4,31,16,REQUIRED_FULL_47_IDENTITY_DESIGN,0.1,0.55,TWENTY_FIVE_PERCENT_OF_OBSERVED,0.1812934780863693,0.07348469228349534,0.4205,0.41367454093862394,0.42735599279429665,0.18175059080676995,0.00045711272040063755,0.12263167072951145,0.05467759830845414,0.36235,0.0125,0.012658227848101266
ROUTE_1,79,100,4,31,16,REQUIRED_FULL_47_IDENTITY_DESIGN,0.1,0.55,FIFTY_PERCENT_OF_OBSERVED,0.3625869561727386,0.07348469228349534,0.88615,0.8816736109990218,0.8904780795548486,0.34583219619489514,-0.01675475997784348,0.09952827681202282,0.05473615611240357,0.8532,0.0125,0.012658227848101266
ROUTE_1,79,100,4,31,16,REQUIRED_FULL_47_IDENTITY_DESIGN,0.2,0.15,NULL,0.0,0.07348469228349534,0.05,0.047064962861556744,0.05310786958893743,-0.0007125128338032859,-0.0007125128338032859,0.21377515844486564,0.09392350606200287,0.03635,0.0125,0.012658227848101266
ROUTE_1,79,100,4,31,16,REQUIRED_FULL_47_IDENTITY_DESIGN,0.2,0.15,MODEST_0_05,0.05,0.07348469228349534,0.07835,0.0747062269912932,0.08215571701481983,0.04728748190462908,-0.0027125180953709235,0.21473069074980672,0.09395193416404249,0.0611,0.0125,0.012658227848101266
ROUTE_1,79,100,4,31,16,REQUIRED_FULL_47_IDENTITY_DESIGN,0.2,0.15,MODEST_0_10,0.1,0.07348469228349534,0.1198,0.11537244090804204,0.12437358330901992,0.10091452346706307,0.0009145234670630692,0.21495413035859132,0.09385949948753625,0.0963,0.0125,0.012658227848101266
ROUTE_1,79,100,4,31,16,REQUIRED_FULL_47_IDENTITY_DESIGN,0.2,0.15,TWENTY_FIVE_PERCENT_OF_OBSERVED,0.1812934780863693,0.07348469228349534,0.2039,0.1983733642490457,0.20954035950337943,0.1807293341153385,-0.0005641439710308005,0.2125809469799296,0.09398861901862235,0.16865,0.0125,0.012658227848101266
ROUTE_1,79,100,4,31,16,REQUIRED_FULL_47_IDENTITY_DESIGN,0.2,0.15,FIFTY_PERCENT_OF_OBSERVED,0.3625869561727386,0.07348469228349534,0.4963,0.4893720464805468,0.5032293745862685,0.36049905841420943,-0.002087897758529189,0.21160038753957822,0.09400849690151154,0.439,0.0125,0.012658227848101266
ROUTE_1,79,100,4,31,16,REQUIRED_FULL_47_IDENTITY_DESIGN,0.2,0.35,NULL,0.0,0.07348469228349534,0.04965,0.04672505899619379,0.05274790787953965,0.0002450680581371479,0.0002450680581371479,0.21237440421210094,0.0940068677826166,0.0373,0.0125,0.012658227848101266
ROUTE_1,79,100,4,31,16,REQUIRED_FULL_47_IDENTITY_DESIGN,0.2,0.35,MODEST_0_05,0.05,0.07348469228349534,0.07995,0.07627137032539921,0.08378995916533427,0.053828840925077996,0.0038288409250779934,0.21442619654174744,0.09397040742336339,0.06235,0.0125,0.012658227848101266
ROUTE_1,79,100,4,31,16,REQUIRED_FULL_47_IDENTITY_DESIGN,0.2,0.35,MODEST_0_10,0.1,0.07348469228349534,0.11425,0.10991511563800371,0.11873304017928102,0.09904550128313425,-0.0009544987168657593,0.21371747625919132,0.09394450028195075,0.0908,0.0125,0.012658227848101266
ROUTE_1,79,100,4,31,16,REQUIRED_FULL_47_IDENTITY_DESIGN,0.2,0.35,TWENTY_FIVE_PERCENT_OF_OBSERVED,0.1812934780863693,0.07348469228349534,0.20565,0.2001052905829636,0.21130776104326515,0.1810022217628744,-0.00029125632349491504,0.2103672440228838,0.09387548377546627,0.16695,0.0125,0.012658227848101266
ROUTE_1,79,100,4,31,16,REQUIRED_FULL_47_IDENTITY_DESIGN,0.2,0.35,FIFTY_PERCENT_OF_OBSERVED,0.3625869561727386,0.07348469228349534,0.50115,0.49422094375081765,0.5080786145662531,0.35357516464647204,-0.009011791526266577,0.19848635778634233,0.09390237301279647,0.44405,0.0125,0.012658227848101266
ROUTE_1,79,100,4,31,16,REQUIRED_FULL_47_IDENTITY_DESIGN,0.2,0.55,NULL,0.0,0.07348469228349534,0.0477,0.04483207763642848,0.05074163817992376,-0.000843898963113147,-0.000843898963113147,0.21014896739293762,0.09254147725213091,0.0335,0.0125,0.012658227848101266
ROUTE_1,79,100,4,31,16,REQUIRED_FULL_47_IDENTITY_DESIGN,0.2,0.55,MODEST_0_05,0.05,0.07348469228349534,0.07865,0.0749996569641282,0.08246217182035116,0.04865609562858349,-0.0013439043714165155,0.20966730840058614,0.0925586706717919,0.05795,0.0125,0.012658227848101266
ROUTE_1,79,100,4,31,16,REQUIRED_FULL_47_IDENTITY_DESIGN,0.2,0.55,MODEST_0_10,0.1,0.07348469228349534,0.11445,0.11011171969240174,0.11893635931046051,0.09395686443887596,-0.006043135561124041,0.20573594788250538,0.09256760202290135,0.0856,0.0125,0.012658227848101266
ROUTE_1,79,100,4,31,16,REQUIRED_FULL_47_IDENTITY_DESIGN,0.2,0.55,TWENTY_FIVE_PERCENT_OF_OBSERVED,0.1812934780863693,0.07348469228349534,0.20285,0.19733428619352014,0.20847984083462281,0.1714798704176022,-0.0098136076687671,0.1955080874349699,0.09250747650556679,0.157,0.0125,0.012658227848101266
ROUTE_1,79,100,4,31,16,REQUIRED_FULL_47_IDENTITY_DESIGN,0.2,0.55,FIFTY_PERCENT_OF_OBSERVED,0.3625869561727386,0.07348469228349534,0.4865,0.47957626429817735,0.4934289206753375,0.31525173670277434,-0.047335219469964274,0.15406272636532695,0.09255380346628668,0.3985,0.0125,0.012658227848101266
ROUTE_2,79,100,4,31,16,REQUIRED_FULL_47_IDENTITY_DESIGN,0.1,0.15,NULL,0.0,0.07348469228349534,0.05085,0.047890613311229645,0.053981892677969136,-0.00012210501563880865,-0.00012210501563880865,0.11114288625814837,0.054703441254404815,0.0377,0.0125,0.012658227848101266
ROUTE_2,79,100,4,31,16,REQUIRED_FULL_47_IDENTITY_DESIGN,0.1,0.15,MODEST_0_05,0.05,0.07348469228349534,0.11445,0.11011171969240174,0.11893635931046051,0.04890848036965723,-0.0010915196303427702,0.11143207888398002,0.05469919719055394,0.0911,0.0125,0.012658227848101266
ROUTE_2,79,100,4,31,16,REQUIRED_FULL_47_IDENTITY_DESIGN,0.1,0.15,MODEST_0_10,0.1,0.07348469228349534,0.2197,0.21401588336130342,0.22549177205174878,0.0997652522937644,-0.00023474770623560515,0.11031336881640737,0.054769711764308115,0.1812,0.0125,0.012658227848101266
ROUTE_2,79,100,4,31,16,REQUIRED_FULL_47_IDENTITY_DESIGN,0.1,0.15,TWENTY_FIVE_PERCENT_OF_OBSERVED,0.1812934780863693,0.07348469228349534,0.47735,0.47043260748569476,0.4842760917476468,0.18051920121681553,-0.0007742768695537805,0.11145002168691752,0.054593366630114985,0.4196,0.0125,0.012658227848101266
ROUTE_2,79,100,4,31,16,REQUIRED_FULL_47_IDENTITY_DESIGN,0.1,0.15,FIFTY_PERCENT_OF_OBSERVED,0.3625869561727386,0.07348469228349534,0.94065,0.9372900062849027,0.9438407523388522,0.3629693507603076,0.0003823945875690016,0.11135425568837352,0.05468020939877438,0.92065,0.0125,0.012658227848101266
ROUTE_2,79,100,4,31,16,REQUIRED_FULL_47_IDENTITY_DESIGN,0.1,0.35,NULL,0.0,0.07348469228349534,0.0516,0.048619324376531964,0.05475289355858266,0.0010625455482177943,0.0010625455482177943,0.11082015918869738,0.05471845144500831,0.0381,0.0125,0.012658227848101266
ROUTE_2,79,100,4,31,16,REQUIRED_FULL_47_IDENTITY_DESIGN,0.1,0.35,MODEST_0_05,0.05,0.07348469228349534,0.1177,0.11330713030081702,0.12223970046768057,0.05004736411642975,4.7364116429748915e-05,0.11207443198683113,0.05493530210074758,0.0941,0.0125,0.012658227848101266
ROUTE_2,79,100,4,31,16,REQUIRED_FULL_47_IDENTITY_DESIGN,0.1,0.35,MODEST_0_10,0.1,0.07348469228349534,0.22205,0.21634352515367633,0.22786322768991218,0.1004322366201818,0.0004322366201817973,0.11090170428829886,0.054751956397373625,0.1834,0.0125,0.012658227848101266
ROUTE_2,79,100,4,31,16,REQUIRED_FULL_47_IDENTITY_DESIGN,0.1,0.35,TWENTY_FIVE_PERCENT_OF_OBSERVED,0.1812934780863693,0.07348469228349534,0.4855,0.47857684442785686,0.4924287246177701,0.1819679514965396,0.0006744734101702954,0.11096129642519588,0.054677329295695354,0.42835,0.0125,0.012658227848101266
ROUTE_2,79,100,4,31,16,REQUIRED_FULL_47_IDENTITY_DESIGN,0.1,0.35,FIFTY_PERCENT_OF_OBSERVED,0.3625869561727386,0.07348469228349534,0.9404,0.9370336048569495,0.9435972497848336,0.36203986179244696,-0.0005470943802916572,0.11010669516269715,0.05462721667640811,0.92055,0.0125,0.012658227848101266
ROUTE_2,79,100,4,31,16,REQUIRED_FULL_47_IDENTITY_DESIGN,0.1,0.55,NULL,0.0,0.07348469228349534,0.0508,0.047842039057003814,0.05393048613580057,-0.001159806863878586,-0.001159806863878586,0.11076010561087689,0.054757222131408954,0.03795,0.0125,0.012658227848101266
ROUTE_2,79,100,4,31,16,REQUIRED_FULL_47_IDENTITY_DESIGN,0.1,0.55,MODEST_0_05,0.05,0.07348469228349534,0.1137,0.10937447670041643,0.11817389035652999,0.04922082305335588,-0.0007791769466441237,0.11127565691639259,0.05469106967997241,0.0901,0.0125,0.012658227848101266
ROUTE_2,79,100,4,31,16,REQUIRED_FULL_47_IDENTITY_DESIGN,0.1,0.55,MODEST_0_10,0.1,0.07348469228349534,0.22075,0.2150558604065967,0.22655139173073768,0.09902385593909073,-0.0009761440609092759,0.11078609698040541,0.05472309648582728,0.179,0.0125,0.012658227848101266
ROUTE_2,79,100,4,31,16,REQUIRED_FULL_47_IDENTITY_DESIGN,0.1,0.55,TWENTY_FIVE_PERCENT_OF_OBSERVED,0.1812934780863693,0.07348469228349534,0.4781,0.4711820000668006,0.48502641111245687,0.17954668521293296,-0.001746792873436348,0.10950457996133375,0.05479101343144646,0.4188,0.0125,0.012658227848101266
ROUTE_2,79,100,4,31,16,REQUIRED_FULL_47_IDENTITY_DESIGN,0.1,0.55,FIFTY_PERCENT_OF_OBSERVED,0.3625869561727386,0.07348469228349534,0.9397,0.9363157672648663,0.9429153562273953,0.34533063798616886,-0.017256318186569752,0.09104019409207464,0.05468712496428108,0.9194,0.0125,0.012658227848101266
ROUTE_2,79,100,4,31,16,REQUIRED_FULL_47_IDENTITY_DESIGN,0.2,0.15,NULL,0.0,0.07348469228349534,0.05,0.047064962861556744,0.05310786958893743,0.001233041424514258,0.001233041424514258,0.20623710852760924,0.09393514229067987,0.0376,0.0125,0.012658227848101266
ROUTE_2,79,100,4,31,16,REQUIRED_FULL_47_IDENTITY_DESIGN,0.2,0.15,MODEST_0_05,0.05,0.07348469228349534,0.08015,0.07646704472512218,0.08399420795118888,0.049498980344841036,-0.0005010196551589671,0.20669022945366117,0.09402897882406161,0.06,0.0125,0.012658227848101266
ROUTE_2,79,100,4,31,16,REQUIRED_FULL_47_IDENTITY_DESIGN,0.2,0.15,MODEST_0_10,0.1,0.07348469228349534,0.12125,0.11679874958174609,0.12584671773075318,0.09994814872472088,-5.1851275279124476e-05,0.2073245793262659,0.09397082311554568,0.09375,0.0125,0.012658227848101266
ROUTE_2,79,100,4,31,16,REQUIRED_FULL_47_IDENTITY_DESIGN,0.2,0.15,TWENTY_FIVE_PERCENT_OF_OBSERVED,0.1812934780863693,0.07348469228349534,0.21265,0.2070345874509806,0.2183757756704627,0.18101129110225084,-0.000282186984118471,0.20555252911396885,0.0940282296863297,0.1728,0.0125,0.012658227848101266
ROUTE_2,79,100,4,31,16,REQUIRED_FULL_47_IDENTITY_DESIGN,0.2,0.15,FIFTY_PERCENT_OF_OBSERVED,0.3625869561727386,0.07348469228349534,0.52855,0.5216269661408666,0.5354620686003297,0.362619038077159,3.208190442038905e-05,0.2051647515562663,0.09405422356130352,0.47155,0.0125,0.012658227848101266
ROUTE_2,79,100,4,31,16,REQUIRED_FULL_47_IDENTITY_DESIGN,0.2,0.35,NULL,0.0,0.07348469228349534,0.0496,0.04667650466678262,0.05269648141255642,-0.00041168280476958736,-0.00041168280476958736,0.20715334879649683,0.09384890726269417,0.0376,0.0125,0.012658227848101266
ROUTE_2,79,100,4,31,16,REQUIRED_FULL_47_IDENTITY_DESIGN,0.2,0.35,MODEST_0_05,0.05,0.07348469228349534,0.0794,0.07573330158268084,0.08322823914771436,0.050765978896437094,0.0007659788964370917,0.20639423118379072,0.09385778574065831,0.061,0.0125,0.012658227848101266
ROUTE_2,79,100,4,31,16,REQUIRED_FULL_47_IDENTITY_DESIGN,0.2,0.35,MODEST_0_10,0.1,0.07348469228349534,0.12325,0.11876641470041606,0.12787828446785876,0.09970086936070406,-0.0002991306392959442,0.20466376615851287,0.09377190044235714,0.09735,0.0125,0.012658227848101266
ROUTE_2,79,100,4,31,16,REQUIRED_FULL_47_IDENTITY_DESIGN,0.2,0.35,TWENTY_FIVE_PERCENT_OF_OBSERVED,0.1812934780863693,0.07348469228349534,0.21445,0.2088168106717176,0.22019286111992376,0.17824689054694623,-0.003046587539423079,0.20559976483876027,0.09388329277318723,0.17405,0.0125,0.012658227848101266
ROUTE_2,79,100,4,31,16,REQUIRED_FULL_47_IDENTITY_DESIGN,0.2,0.35,FIFTY_PERCENT_OF_OBSERVED,0.3625869561727386,0.07348469228349534,0.52655,0.5196258210612287,0.5334639818241921,0.354604731452589,-0.007982224720149644,0.1929293434152801,0.09388677503460434,0.4722,0.0125,0.012658227848101266
ROUTE_2,79,100,4,31,16,REQUIRED_FULL_47_IDENTITY_DESIGN,0.2,0.55,NULL,0.0,0.07348469228349534,0.04755,0.04468651897958429,0.050587254447584794,0.0025893832564697974,0.0025893832564697974,0.20276519292522416,0.09248631483067364,0.03455,0.0125,0.012658227848101266
ROUTE_2,79,100,4,31,16,REQUIRED_FULL_47_IDENTITY_DESIGN,0.2,0.55,MODEST_0_05,0.05,0.07348469228349534,0.0774,0.07377713839229547,0.08118517048232415,0.04992652052888084,-7.34794711191658e-05,0.20110276053412163,0.0925565748668776,0.05525,0.0125,0.012658227848101266
ROUTE_2,79,100,4,31,16,REQUIRED_FULL_47_IDENTITY_DESIGN,0.2,0.55,MODEST_0_10,0.1,0.07348469228349534,0.11375,0.10942362434495818,0.11822472350838263,0.09591984888136626,-0.004080151118633746,0.19740615160201175,0.0925035484529892,0.08345,0.0125,0.012658227848101266
ROUTE_2,79,100,4,31,16,REQUIRED_FULL_47_IDENTITY_DESIGN,0.2,0.55,TWENTY_FIVE_PERCENT_OF_OBSERVED,0.1812934780863693,0.07348469228349534,0.20505,0.19951146909511708,0.210701812974379,0.17252521111436173,-0.008768266972007582,0.18930824276551506,0.09242906895558194,0.1579,0.0125,0.012658227848101266
ROUTE_2,79,100,4,31,16,REQUIRED_FULL_47_IDENTITY_DESIGN,0.2,0.55,FIFTY_PERCENT_OF_OBSERVED,0.3625869561727386,0.07348469228349534,0.4893,0.4823747875006267,0.49622932207097403,0.3146442036173318,-0.04794275255540681,0.15081884507661383,0.09253881280625552,0.4042,0.0125,0.012658227848101266
ROUTE_1,79,100,4,20,12,PLANNING_SENSITIVITY_ONLY_NOT_AN_AUTHORIZED_IDENTITY_CHANGE,0.1,0.15,NULL,0.0,0.10564090116995406,0.0487,0.04580267242176145,0.05177065932247858,-0.0015572633126369599,-0.0015572633126369599,0.14731808682907013,0.0641590660176226,0.03555,0.0125,0.012658227848101266
ROUTE_1,79,100,4,20,12,PLANNING_SENSITIVITY_ONLY_NOT_AN_AUTHORIZED_IDENTITY_CHANGE,0.1,0.15,MODEST_0_05,0.05,0.10564090116995406,0.09415,0.09018022012350108,0.09827565554323905,0.048243593302245355,-0.0017564066977546477,0.1464089772353882,0.06416314125442918,0.07365,0.0125,0.012658227848101266
ROUTE_1,79,100,4,20,12,PLANNING_SENSITIVITY_ONLY_NOT_AN_AUTHORIZED_IDENTITY_CHANGE,0.1,0.15,MODEST_0_10,0.1,0.10564090116995406,0.1658,0.16071008348320295,0.17101827341669737,0.10040001706779095,0.00040001706779094204,0.14721118456284485,0.06412989925782137,0.13315,0.0125,0.012658227848101266
ROUTE_1,79,100,4,20,12,PLANNING_SENSITIVITY_ONLY_NOT_AN_AUTHORIZED_IDENTITY_CHANGE,0.1,0.15,TWENTY_FIVE_PERCENT_OF_OBSERVED,0.1812934780863693,0.10564090116995406,0.3375,0.3309784174659758,0.34408399425225833,0.1825039067339213,0.0012104286475519976,0.1462235091995031,0.06422044262459145,0.28535,0.0125,0.012658227848101266
ROUTE_1,79,100,4,20,12,PLANNING_SENSITIVITY_ONLY_NOT_AN_AUTHORIZED_IDENTITY_CHANGE,0.1,0.15,FIFTY_PERCENT_OF_OBSERVED,0.3625869561727386,0.10564090116995406,0.78395,0.7781920881026745,0.7895988546210637,0.36305645117809754,0.00046949500535892197,0.1467029528967046,0.0641651407480734,0.7363,0.0125,0.012658227848101266
ROUTE_1,79,100,4,20,12,PLANNING_SENSITIVITY_ONLY_NOT_AN_AUTHORIZED_IDENTITY_CHANGE,0.1,0.35,NULL,0.0,0.10564090116995406,0.0501,0.04716208578848323,0.053210708254799705,0.00026847248519298894,0.00026847248519298894,0.14640405168138548,0.06411735862198308,0.0384,0.0125,0.012658227848101266
ROUTE_1,79,100,4,20,12,PLANNING_SENSITIVITY_ONLY_NOT_AN_AUTHORIZED_IDENTITY_CHANGE,0.1,0.35,MODEST_0_05,0.05,0.10564090116995406,0.0923,0.08836642982528936,0.09639015637485834,0.04823472621416138,-0.001765273785838621,0.1474763395391906,0.0641711435631125,0.0722,0.0125,0.012658227848101266
ROUTE_1,79,100,4,20,12,PLANNING_SENSITIVITY_ONLY_NOT_AN_AUTHORIZED_IDENTITY_CHANGE,0.1,0.35,MODEST_0_10,0.1,0.10564090116995406,0.16355,0.15848869838139737,0.16874052268075543,0.10073218502696116,0.0007321850269611518,0.145502905511531,0.06411190783958307,0.13075,0.0125,0.012658227848101266
ROUTE_1,79,100,4,20,12,PLANNING_SENSITIVITY_ONLY_NOT_AN_AUTHORIZED_IDENTITY_CHANGE,0.1,0.35,TWENTY_FIVE_PERCENT_OF_OBSERVED,0.1812934780863693,0.10564090116995406,0.33435,0.3278441834160223,0.3409194381293652,0.1824178237006983,0.0011243456143290032,0.14575256950456683,0.06417931309129228,0.28415,0.0125,0.012658227848101266
ROUTE_1,79,100,4,20,12,PLANNING_SENSITIVITY_ONLY_NOT_AN_AUTHORIZED_IDENTITY_CHANGE,0.1,0.35,FIFTY_PERCENT_OF_OBSERVED,0.3625869561727386,0.10564090116995406,0.78315,0.7773846104758967,0.7888066395055312,0.3620203192342832,-0.0005666369384554337,0.14311764963122145,0.06413270446460397,0.73735,0.0125,0.012658227848101266
ROUTE_1,79,100,4,20,12,PLANNING_SENSITIVITY_ONLY_NOT_AN_AUTHORIZED_IDENTITY_CHANGE,0.1,0.55,NULL,0.0,0.10564090116995406,0.0496,0.04667650466678262,0.05269648141255642,-0.0014802020125658018,-0.0014802020125658018,0.14540023222177634,0.06404046670608923,0.03695,0.0125,0.012658227848101266
ROUTE_1,79,100,4,20,12,PLANNING_SENSITIVITY_ONLY_NOT_AN_AUTHORIZED_IDENTITY_CHANGE,0.1,0.55,MODEST_0_05,0.05,0.10564090116995406,0.09585,0.09184736609424543,0.10000785664990394,0.049331390325010986,-0.0006686096749890166,0.14596269472849874,0.06411573431191293,0.074,0.0125,0.012658227848101266
ROUTE_1,79,100,4,20,12,PLANNING_SENSITIVITY_ONLY_NOT_AN_AUTHORIZED_IDENTITY_CHANGE,0.1,0.55,MODEST_0_10,0.1,0.10564090116995406,0.1638,0.158735501942576,0.16899362310154872,0.09962307855698642,-0.00037692144301358643,0.14544561876975434,0.06408597731050764,0.1315,0.0125,0.012658227848101266
ROUTE_1,79,100,4,20,12,PLANNING_SENSITIVITY_ONLY_NOT_AN_AUTHORIZED_IDENTITY_CHANGE,0.1,0.55,TWENTY_FIVE_PERCENT_OF_OBSERVED,0.1812934780863693,0.10564090116995406,0.33115,0.32466053480031654,0.33770431577583004,0.17834866676550437,-0.0029448113208649374,0.1417654921537577,0.06412023928684853,0.2803,0.0125,0.012658227848101266
ROUTE_1,79,100,4,20,12,PLANNING_SENSITIVITY_ONLY_NOT_AN_AUTHORIZED_IDENTITY_CHANGE,0.1,0.55,FIFTY_PERCENT_OF_OBSERVED,0.3625869561727386,0.10564090116995406,0.784,0.7782425565088285,0.7896483670113041,0.3381374149841022,-0.024449541188636403,0.11253317112448502,0.0641028379715641,0.73585,0.0125,0.012658227848101266
ROUTE_1,79,100,4,20,12,PLANNING_SENSITIVITY_ONLY_NOT_AN_AUTHORIZED_IDENTITY_CHANGE,0.2,0.15,NULL,0.0,0.10564090116995406,0.049,0.04609391897416605,0.05207929754844033,-0.001696895693787429,-0.001696895693787429,0.22913774211757423,0.09980858949557503,0.0378,0.0125,0.012658227848101266
ROUTE_1,79,100,4,20,12,PLANNING_SENSITIVITY_ONLY_NOT_AN_AUTHORIZED_IDENTITY_CHANGE,0.2,0.15,MODEST_0_05,0.05,0.10564090116995406,0.07695,0.07333710076219695,0.08072538094487318,0.04987403235932213,-0.00012596764067786953,0.22846334627236325,0.09984723900864055,0.0579,0.0125,0.012658227848101266
ROUTE_1,79,100,4,20,12,PLANNING_SENSITIVITY_ONLY_NOT_AN_AUTHORIZED_IDENTITY_CHANGE,0.2,0.15,MODEST_0_10,0.1,0.10564090116995406,0.1131,0.10878472611554756,0.11756387138466622,0.09994547202647296,-5.45279735270493e-05,0.2273588204762609,0.09974802760379477,0.087,0.0125,0.012658227848101266
ROUTE_1,79,100,4,20,12,PLANNING_SENSITIVITY_ONLY_NOT_AN_AUTHORIZED_IDENTITY_CHANGE,0.2,0.15,TWENTY_FIVE_PERCENT_OF_OBSERVED,0.1812934780863693,0.10564090116995406,0.1957,0.19026023868181402,0.20125663446193126,0.1817802052816176,0.0004867271952482821,0.2274903855658407,0.09977563622072565,0.15705,0.0125,0.012658227848101266
ROUTE_1,79,100,4,20,12,PLANNING_SENSITIVITY_ONLY_NOT_AN_AUTHORIZED_IDENTITY_CHANGE,0.2,0.15,FIFTY_PERCENT_OF_OBSERVED,0.3625869561727386,0.10564090116995406,0.46085,0.453949933064408,0.46776510335878496,0.36007022504952657,-0.002516731123212046,0.2236285869206013,0.09973358164193674,0.4055,0.0125,0.012658227848101266
ROUTE_1,79,100,4,20,12,PLANNING_SENSITIVITY_ONLY_NOT_AN_AUTHORIZED_IDENTITY_CHANGE,0.2,0.35,NULL,0.0,0.10564090116995406,0.05155,0.0485707380049604,0.05470149913375983,0.0008026061509430214,0.0008026061509430214,0.22809930984163604,0.09959277722543224,0.03835,0.0125,0.012658227848101266
ROUTE_1,79,100,4,20,12,PLANNING_SENSITIVITY_ONLY_NOT_AN_AUTHORIZED_IDENTITY_CHANGE,0.2,0.35,MODEST_0_05,0.05,0.10564090116995406,0.07415,0.07059993269767952,0.07786362441130477,0.047865596135415196,-0.0021344038645848065,0.22565649455708345,0.09956114348074682,0.0585,0.0125,0.012658227848101266
ROUTE_1,79,100,4,20,12,PLANNING_SENSITIVITY_ONLY_NOT_AN_AUTHORIZED_IDENTITY_CHANGE,0.2,0.35,MODEST_0_10,0.1,0.10564090116995406,0.1077,0.10347877004512593,0.11207190144449378,0.09968438330973972,-0.00031561669026028416,0.22319578179909508,0.09958188512376859,0.08385,0.0125,0.012658227848101266
ROUTE_1,79,100,4,20,12,PLANNING_SENSITIVITY_ONLY_NOT_AN_AUTHORIZED_IDENTITY_CHANGE,0.2,0.35,TWENTY_FIVE_PERCENT_OF_OBSERVED,0.1812934780863693,0.10564090116995406,0.1934,0.18798526813415456,0.19893248837544875,0.1802637292482329,-0.0010297488381364184,0.22407956144468197,0.09955382174064598,0.15825,0.0125,0.012658227848101266
ROUTE_1,79,100,4,20,12,PLANNING_SENSITIVITY_ONLY_NOT_AN_AUTHORIZED_IDENTITY_CHANGE,0.2,0.35,FIFTY_PERCENT_OF_OBSERVED,0.3625869561727386,0.10564090116995406,0.4676,0.460691928007965,0.47452051592847067,0.351675378414453,-0.010911577758285607,0.20875620717497426,0.09952009256521473,0.41155,0.0125,0.012658227848101266
ROUTE_1,79,100,4,20,12,PLANNING_SENSITIVITY_ONLY_NOT_AN_AUTHORIZED_IDENTITY_CHANGE,0.2,0.55,NULL,0.0,0.10564090116995406,0.0495,0.04657939854423662,0.05259362594231365,-0.0004909338664761788,-0.0004909338664761788,0.22331880796238765,0.09774850604932407,0.0349,0.0125,0.012658227848101266
ROUTE_1,79,100,4,20,12,PLANNING_SENSITIVITY_ONLY_NOT_AN_AUTHORIZED_IDENTITY_CHANGE,0.2,0.55,MODEST_0_05,0.05,0.10564090116995406,0.07375,0.07020903004498166,0.07745468069284753,0.04994697253389345,-5.302746610655329e-05,0.2195936699134115,0.097603328551533,0.05005,0.0125,0.012658227848101266
ROUTE_1,79,100,4,20,12,PLANNING_SENSITIVITY_ONLY_NOT_AN_AUTHORIZED_IDENTITY_CHANGE,0.2,0.55,MODEST_0_10,0.1,0.10564090116995406,0.10455,0.10038518039037074,0.10886670092640242,0.09405097204492428,-0.0059490279550757225,0.2161700169416497,0.09764277676669332,0.07515,0.0125,0.012658227848101266
ROUTE_1,79,100,4,20,12,PLANNING_SENSITIVITY_ONLY_NOT_AN_AUTHORIZED_IDENTITY_CHANGE,0.2,0.55,TWENTY_FIVE_PERCENT_OF_OBSERVED,0.1812934780863693,0.10564090116995406,0.1832,0.17789990926536192,0.18862176477978593,0.1696387191511008,-0.011654758935268517,0.20488975238648208,0.09763725815679378,0.1332,0.0125,0.012658227848101266
ROUTE_1,79,100,4,20,12,PLANNING_SENSITIVITY_ONLY_NOT_AN_AUTHORIZED_IDENTITY_CHANGE,0.2,0.55,FIFTY_PERCENT_OF_OBSERVED,0.3625869561727386,0.10564090116995406,0.4287,0.42185563488585154,0.43557174945574906,0.3120262444554255,-0.050560711717313134,0.16019904497807555,0.09771171945370805,0.32885,0.0125,0.012658227848101266
ROUTE_2,79,100,4,20,12,PLANNING_SENSITIVITY_ONLY_NOT_AN_AUTHORIZED_IDENTITY_CHANGE,0.1,0.15,NULL,0.0,0.10564090116995406,0.05,0.047064962861556744,0.05310786958893743,0.00022160693762828223,0.00022160693762828223,0.12127929369372484,0.06420452156555308,0.0375,0.0125,0.012658227848101266
ROUTE_2,79,100,4,20,12,PLANNING_SENSITIVITY_ONLY_NOT_AN_AUTHORIZED_IDENTITY_CHANGE,0.1,0.15,MODEST_0_05,0.05,0.10564090116995406,0.10675,0.10254565917379858,0.11110537718432768,0.04933729600062646,-0.0006627039993735429,0.12011292814126034,0.06426495275848808,0.08355,0.0125,0.012658227848101266
ROUTE_2,79,100,4,20,12,PLANNING_SENSITIVITY_ONLY_NOT_AN_AUTHORIZED_IDENTITY_CHANGE,0.1,0.15,MODEST_0_10,0.1,0.10564090116995406,0.2071,0.2015404370182593,0.2127720577034068,0.10105982990073677,0.0010598299007367612,0.12250154732430472,0.06421815872733132,0.17015,0.0125,0.012658227848101266
ROUTE_2,79,100,4,20,12,PLANNING_SENSITIVITY_ONLY_NOT_AN_AUTHORIZED_IDENTITY_CHANGE,0.1,0.15,TWENTY_FIVE_PERCENT_OF_OBSERVED,0.1812934780863693,0.10564090116995406,0.4291,0.42225476190722916,0.4359724688055265,0.18152620006877382,0.00023272198240451014,0.12132458890196424,0.0640926274884557,0.3743,0.0125,0.012658227848101266
ROUTE_2,79,100,4,20,12,PLANNING_SENSITIVITY_ONLY_NOT_AN_AUTHORIZED_IDENTITY_CHANGE,0.1,0.15,FIFTY_PERCENT_OF_OBSERVED,0.3625869561727386,0.10564090116995406,0.89965,0.8954087742207859,0.9037377313595696,0.3620579733288154,-0.0005289828439232203,0.1206216982684899,0.06433434235412512,0.87055,0.0125,0.012658227848101266
ROUTE_2,79,100,4,20,12,PLANNING_SENSITIVITY_ONLY_NOT_AN_AUTHORIZED_IDENTITY_CHANGE,0.1,0.35,NULL,0.0,0.10564090116995406,0.0512,0.04823065586678381,0.054341715697175705,3.769446859448085e-05,3.769446859448085e-05,0.12144209849178984,0.0642405050455359,0.0397,0.0125,0.012658227848101266
ROUTE_2,79,100,4,20,12,PLANNING_SENSITIVITY_ONLY_NOT_AN_AUTHORIZED_IDENTITY_CHANGE,0.1,0.35,MODEST_0_05,0.05,0.10564090116995406,0.1094,0.10514880837763653,0.11380121018939239,0.050476366849790504,0.00047636684979050076,0.12085713558969667,0.06402443305806105,0.0864,0.0125,0.012658227848101266
ROUTE_2,79,100,4,20,12,PLANNING_SENSITIVITY_ONLY_NOT_AN_AUTHORIZED_IDENTITY_CHANGE,0.1,0.35,MODEST_0_10,0.1,0.10564090116995406,0.2,0.1945142284573909,0.20560099317627187,0.09989868086894248,-0.00010131913105752843,0.12087361950960027,0.06395734913359637,0.164,0.0125,0.012658227848101266
ROUTE_2,79,100,4,20,12,PLANNING_SENSITIVITY_ONLY_NOT_AN_AUTHORIZED_IDENTITY_CHANGE,0.1,0.35,TWENTY_FIVE_PERCENT_OF_OBSERVED,0.1812934780863693,0.10564090116995406,0.4239,0.41706646773741063,0.43076276015032855,0.17992883174627836,-0.0013646463400909525,0.12036258877979956,0.06420989120262412,0.37145,0.0125,0.012658227848101266
ROUTE_2,79,100,4,20,12,PLANNING_SENSITIVITY_ONLY_NOT_AN_AUTHORIZED_IDENTITY_CHANGE,0.1,0.35,FIFTY_PERCENT_OF_OBSERVED,0.3625869561727386,0.10564090116995406,0.89975,0.8955105982025139,0.9038358689706306,0.3616657379573286,-0.0009212182154100246,0.11884877811880529,0.06397638716699998,0.8686,0.0125,0.012658227848101266
ROUTE_2,79,100,4,20,12,PLANNING_SENSITIVITY_ONLY_NOT_AN_AUTHORIZED_IDENTITY_CHANGE,0.1,0.55,NULL,0.0,0.10564090116995406,0.05075,0.047793465619609864,0.053879078776800156,0.0005106499138923885,0.0005106499138923885,0.12146097354447274,0.0640152654987891,0.0383,0.0125,0.012658227848101266
ROUTE_2,79,100,4,20,12,PLANNING_SENSITIVITY_ONLY_NOT_AN_AUTHORIZED_IDENTITY_CHANGE,0.1,0.55,MODEST_0_05,0.05,0.10564090116995406,0.10185,0.09773448501799037,0.10611843329348572,0.04821062075962524,-0.0017893792403747624,0.12009288547295713,0.06414342135239237,0.07955,0.0125,0.012658227848101266
ROUTE_2,79,100,4,20,12,PLANNING_SENSITIVITY_ONLY_NOT_AN_AUTHORIZED_IDENTITY_CHANGE,0.1,0.55,MODEST_0_10,0.1,0.10564090116995406,0.20285,0.19733428619352014,0.20847984083462281,0.0995535421634102,-0.00044645783658980864,0.12059629817325986,0.06411732817768316,0.1661,0.0125,0.012658227848101266
ROUTE_2,79,100,4,20,12,PLANNING_SENSITIVITY_ONLY_NOT_AN_AUTHORIZED_IDENTITY_CHANGE,0.1,0.55,TWENTY_FIVE_PERCENT_OF_OBSERVED,0.1812934780863693,0.10564090116995406,0.4357,0.428841016508583,0.44258367932823206,0.180461417065747,-0.0008320610206223045,0.11858403639538984,0.06412207525533806,0.3774,0.0125,0.012658227848101266
ROUTE_2,79,100,4,20,12,PLANNING_SENSITIVITY_ONLY_NOT_AN_AUTHORIZED_IDENTITY_CHANGE,0.1,0.55,FIFTY_PERCENT_OF_OBSERVED,0.3625869561727386,0.10564090116995406,0.8977,0.8934234596070176,0.9018237949139569,0.33736205561571797,-0.025224900557020646,0.0985229005309009,0.06415167745211792,0.86655,0.0125,0.012658227848101266
ROUTE_2,79,100,4,20,12,PLANNING_SENSITIVITY_ONLY_NOT_AN_AUTHORIZED_IDENTITY_CHANGE,0.2,0.15,NULL,0.0,0.10564090116995406,0.047,0.04415287327396069,0.0500211113928701,-0.0011715116988910339,-0.0011715116988910339,0.21123225291764502,0.0996984085116261,0.03605,0.0125,0.012658227848101266
ROUTE_2,79,100,4,20,12,PLANNING_SENSITIVITY_ONLY_NOT_AN_AUTHORIZED_IDENTITY_CHANGE,0.2,0.15,MODEST_0_05,0.05,0.10564090116995406,0.07745,0.07382603373501366,0.08123625593600035,0.05051554839824288,0.0005155483982428738,0.21109939442283807,0.09985045138404362,0.059,0.0125,0.012658227848101266
ROUTE_2,79,100,4,20,12,PLANNING_SENSITIVITY_ONLY_NOT_AN_AUTHORIZED_IDENTITY_CHANGE,0.2,0.15,MODEST_0_10,0.1,0.10564090116995406,0.1169,0.11252046475767204,0.12142667326851532,0.09917395308895331,-0.0008260469110466934,0.21210318642954126,0.0997003416299988,0.0918,0.0125,0.012658227848101266
ROUTE_2,79,100,4,20,12,PLANNING_SENSITIVITY_ONLY_NOT_AN_AUTHORIZED_IDENTITY_CHANGE,0.2,0.15,TWENTY_FIVE_PERCENT_OF_OBSERVED,0.1812934780863693,0.10564090116995406,0.2114,0.20579702871124717,0.2171138145003364,0.1818939546471397,0.000600476560770391,0.21282259021526623,0.09986574734791344,0.1746,0.0125,0.012658227848101266
ROUTE_2,79,100,4,20,12,PLANNING_SENSITIVITY_ONLY_NOT_AN_AUTHORIZED_IDENTITY_CHANGE,0.2,0.15,FIFTY_PERCENT_OF_OBSERVED,0.3625869561727386,0.10564090116995406,0.51195,0.5050208302559018,0.5188745800823573,0.36182973978304406,-0.0007572163896945594,0.20793160605849428,0.09969240524465575,0.45435,0.0125,0.012658227848101266
ROUTE_2,79,100,4,20,12,PLANNING_SENSITIVITY_ONLY_NOT_AN_AUTHORIZED_IDENTITY_CHANGE,0.2,0.35,NULL,0.0,0.10564090116995406,0.0505,0.047550610725174164,0.0536220296892639,0.0003834849720505884,0.0003834849720505884,0.21248307078997733,0.09966029593527871,0.03785,0.0125,0.012658227848101266
ROUTE_2,79,100,4,20,12,PLANNING_SENSITIVITY_ONLY_NOT_AN_AUTHORIZED_IDENTITY_CHANGE,0.2,0.35,MODEST_0_05,0.05,0.10564090116995406,0.07585,0.0722616097069042,0.07960129447948935,0.04838782173860912,-0.00161217826139088,0.21051093185884312,0.09959530560870769,0.05825,0.0125,0.012658227848101266
ROUTE_2,79,100,4,20,12,PLANNING_SENSITIVITY_ONLY_NOT_AN_AUTHORIZED_IDENTITY_CHANGE,0.2,0.35,MODEST_0_10,0.1,0.10564090116995406,0.1202,0.11576588427588601,0.12477998631233107,0.09949926317734095,-0.0005007368226590536,0.21218976639347092,0.09956337691733205,0.09395,0.0125,0.012658227848101266
ROUTE_2,79,100,4,20,12,PLANNING_SENSITIVITY_ONLY_NOT_AN_AUTHORIZED_IDENTITY_CHANGE,0.2,0.35,TWENTY_FIVE_PERCENT_OF_OBSERVED,0.1812934780863693,0.10564090116995406,0.20665,0.20109503499508774,0.2123176325590288,0.17826765373358197,-0.0030258243527873374,0.20872990014644033,0.09953957433351343,0.16855,0.0125,0.012658227848101266
ROUTE_2,79,100,4,20,12,PLANNING_SENSITIVITY_ONLY_NOT_AN_AUTHORIZED_IDENTITY_CHANGE,0.2,0.35,FIFTY_PERCENT_OF_OBSERVED,0.3625869561727386,0.10564090116995406,0.50425,0.4973205803770139,0.5111777873165092,0.3502961812213436,-0.012290774951395023,0.19521234242984098,0.0996614972902949,0.4476,0.0125,0.012658227848101266
ROUTE_2,79,100,4,20,12,PLANNING_SENSITIVITY_ONLY_NOT_AN_AUTHORIZED_IDENTITY_CHANGE,0.2,0.55,NULL,0.0,0.10564090116995406,0.04685,0.04400735261717353,0.049866689660474105,-0.000510693327840068,-0.000510693327840068,0.20863822224867803,0.09770470219269922,0.033,0.0125,0.012658227848101266
ROUTE_2,79,100,4,20,12,PLANNING_SENSITIVITY_ONLY_NOT_AN_AUTHORIZED_IDENTITY_CHANGE,0.2,0.55,MODEST_0_05,0.05,0.10564090116995406,0.0663,0.06293440272371548,0.06983216935134967,0.04734416367914837,-0.0026558363208516317,0.2035568584823493,0.09764272964026167,0.0483,0.0125,0.012658227848101266
ROUTE_2,79,100,4,20,12,PLANNING_SENSITIVITY_ONLY_NOT_AN_AUTHORIZED_IDENTITY_CHANGE,0.2,0.55,MODEST_0_10,0.1,0.10564090116995406,0.09985,0.09577159338174726,0.10408209307395325,0.09475511362155294,-0.0052448863784470695,0.20004189783609577,0.09774182347907098,0.0718,0.0125,0.012658227848101266
ROUTE_2,79,100,4,20,12,PLANNING_SENSITIVITY_ONLY_NOT_AN_AUTHORIZED_IDENTITY_CHANGE,0.2,0.55,TWENTY_FIVE_PERCENT_OF_OBSERVED,0.1812934780863693,0.10564090116995406,0.1871,0.18175536202414358,0.19256481413976664,0.1711334176595608,-0.010160060426808504,0.19263676630188092,0.09770183785514859,0.1425,0.0125,0.012658227848101266
ROUTE_2,79,100,4,20,12,PLANNING_SENSITIVITY_ONLY_NOT_AN_AUTHORIZED_IDENTITY_CHANGE,0.2,0.55,FIFTY_PERCENT_OF_OBSERVED,0.3625869561727386,0.10564090116995406,0.43735,0.4304877737949254,0.4442362883229045,0.3119779251779251,-0.05060903099481351,0.15468492594225977,0.09770522661473598,0.35055,0.0125,0.012658227848101266
ROUTE_1,79,150,2,31,16,REQUIRED_FULL_47_IDENTITY_DESIGN,0.1,0.15,NULL,0.0,0.08485281374238571,0.05005,0.04711352390789289,0.05315928933899566,-0.0014809128221934765,-0.0014809128221934765,0.13143513802300172,0.057802062041864624,0.03825,0.0125,0.012658227848101266
ROUTE_1,79,150,2,31,16,REQUIRED_FULL_47_IDENTITY_DESIGN,0.1,0.15,MODEST_0_05,0.05,0.08485281374238571,0.09985,0.09577159338174726,0.10408209307395325,0.049372344045851946,-0.000627655954148057,0.13180110892609476,0.057837695193378204,0.07735,0.0125,0.012658227848101266
ROUTE_1,79,150,2,31,16,REQUIRED_FULL_47_IDENTITY_DESIGN,0.1,0.15,MODEST_0_10,0.1,0.08485281374238571,0.18285,0.17755395126168555,0.1882678572087016,0.10124308063458363,0.0012430806345836293,0.13115343017730474,0.05785599955255733,0.14735,0.0125,0.012658227848101266
ROUTE_1,79,150,2,31,16,REQUIRED_FULL_47_IDENTITY_DESIGN,0.1,0.15,TWENTY_FIVE_PERCENT_OF_OBSERVED,0.1812934780863693,0.08485281374238571,0.37815,0.37145340546346045,0.3848933937234122,0.18012603445005804,-0.0011674436363112717,0.1308442538226249,0.05783889229339904,0.32465,0.0125,0.012658227848101266
ROUTE_1,79,150,2,31,16,REQUIRED_FULL_47_IDENTITY_DESIGN,0.1,0.15,FIFTY_PERCENT_OF_OBSERVED,0.3625869561727386,0.08485281374238571,0.8543,0.8493424169534517,0.8591215062971925,0.36331175825736384,0.0007248020846252201,0.13162353649507932,0.0578330606030821,0.8186,0.0125,0.012658227848101266
ROUTE_1,79,150,2,31,16,REQUIRED_FULL_47_IDENTITY_DESIGN,0.1,0.35,NULL,0.0,0.08485281374238571,0.0487,0.04580267242176145,0.05177065932247858,0.00048695569110195443,0.00048695569110195443,0.1316055975066178,0.05784491391747515,0.0356,0.0125,0.012658227848101266
ROUTE_1,79,150,2,31,16,REQUIRED_FULL_47_IDENTITY_DESIGN,0.1,0.35,MODEST_0_05,0.05,0.08485281374238571,0.10035,0.09626226864043033,0.10459122577921409,0.05018222505678041,0.0001822250567804079,0.13135747807589404,0.05780402218136341,0.0766,0.0125,0.012658227848101266
ROUTE_1,79,150,2,31,16,REQUIRED_FULL_47_IDENTITY_DESIGN,0.1,0.35,MODEST_0_10,0.1,0.08485281374238571,0.17895,0.17369949137051346,0.18432381498111125,0.09913546325180864,-0.000864536748191369,0.1320326486564523,0.057896371339948356,0.14575,0.0125,0.012658227848101266
ROUTE_1,79,150,2,31,16,REQUIRED_FULL_47_IDENTITY_DESIGN,0.1,0.35,TWENTY_FIVE_PERCENT_OF_OBSERVED,0.1812934780863693,0.08485281374238571,0.38145,0.37474144818064076,0.3882040835682617,0.1813714970135412,7.801892717188008e-05,0.13193166840308476,0.05780634823298993,0.33115,0.0125,0.012658227848101266
ROUTE_1,79,150,2,31,16,REQUIRED_FULL_47_IDENTITY_DESIGN,0.1,0.35,FIFTY_PERCENT_OF_OBSERVED,0.3625869561727386,0.08485281374238571,0.8528,0.8478219247383626,0.85764257462045,0.36153230519256274,-0.0010546509801758752,0.12932990317477072,0.05784894405461287,0.81415,0.0125,0.012658227848101266
ROUTE_1,79,150,2,31,16,REQUIRED_FULL_47_IDENTITY_DESIGN,0.1,0.55,NULL,0.0,0.08485281374238571,0.04785,0.044977644332797204,0.050896013872738205,-0.0013548793719807602,-0.0013548793719807602,0.13194223136979782,0.057838467182365745,0.03595,0.0125,0.012658227848101266
ROUTE_1,79,150,2,31,16,REQUIRED_FULL_47_IDENTITY_DESIGN,0.1,0.55,MODEST_0_05,0.05,0.08485281374238571,0.0951,0.0911118116186556,0.09924369917957794,0.048022181435906315,-0.0019778185640936877,0.1306290654790813,0.05785314987963019,0.0753,0.0125,0.012658227848101266
ROUTE_1,79,150,2,31,16,REQUIRED_FULL_47_IDENTITY_DESIGN,0.1,0.55,MODEST_0_10,0.1,0.08485281374238571,0.17925,0.1739959553808354,0.18462723574915568,0.09858660239215625,-0.0014133976078437582,0.1302694080506933,0.05777189571707227,0.1436,0.0125,0.012658227848101266
ROUTE_1,79,150,2,31,16,REQUIRED_FULL_47_IDENTITY_DESIGN,0.1,0.55,TWENTY_FIVE_PERCENT_OF_OBSERVED,0.1812934780863693,0.08485281374238571,0.3823,0.3755884216446032,0.3890567836430037,0.1788662150366019,-0.0024272630497673975,0.12988915835764608,0.057790944968889396,0.3294,0.0125,0.012658227848101266
ROUTE_1,79,150,2,31,16,REQUIRED_FULL_47_IDENTITY_DESIGN,0.1,0.55,FIFTY_PERCENT_OF_OBSERVED,0.3625869561727386,0.08485281374238571,0.85285,0.847872604977555,0.857691875177652,0.3425362683332921,-0.020050687839446524,0.10429614035125183,0.057823042575217205,0.81335,0.0125,0.012658227848101266
ROUTE_1,79,150,2,31,16,REQUIRED_FULL_47_IDENTITY_DESIGN,0.2,0.15,NULL,0.0,0.08485281374238571,0.05115,0.04818207592646934,0.05429031484109578,0.0009697518055954088,0.0009697518055954088,0.21963341709473094,0.09579471133708137,0.0384,0.0125,0.012658227848101266
ROUTE_1,79,150,2,31,16,REQUIRED_FULL_47_IDENTITY_DESIGN,0.2,0.15,MODEST_0_05,0.05,0.08485281374238571,0.07895,0.07529310290681228,0.08276861065603343,0.05047238284191121,0.0004723828419112078,0.2186888981442595,0.09582749267628046,0.06,0.0125,0.012658227848101266
ROUTE_1,79,150,2,31,16,REQUIRED_FULL_47_IDENTITY_DESIGN,0.2,0.15,MODEST_0_10,0.1,0.08485281374238571,0.1153,0.11094733469081967,0.11980041785074723,0.10109872402678038,0.0010987240267803788,0.2187698109470394,0.09583360165112231,0.0912,0.0125,0.012658227848101266
ROUTE_1,79,150,2,31,16,REQUIRED_FULL_47_IDENTITY_DESIGN,0.2,0.15,TWENTY_FIVE_PERCENT_OF_OBSERVED,0.1812934780863693,0.08485281374238571,0.1977,0.19223871255359767,0.2032773924459231,0.17968530233870594,-0.0016081757476633651,0.2171850871291886,0.09585376851861324,0.1632,0.0125,0.012658227848101266
ROUTE_1,79,150,2,31,16,REQUIRED_FULL_47_IDENTITY_DESIGN,0.2,0.15,FIFTY_PERCENT_OF_OBSERVED,0.3625869561727386,0.08485281374238571,0.4929,0.48597320819304557,0.4998295187189511,0.364171297170327,0.0015843409975883627,0.216659734270986,0.09581290998032019,0.4403,0.0125,0.012658227848101266
ROUTE_1,79,150,2,31,16,REQUIRED_FULL_47_IDENTITY_DESIGN,0.2,0.35,NULL,0.0,0.08485281374238571,0.04875,0.04585121135293896,0.051822101187695466,0.0011871195851609728,0.0011871195851609728,0.21713911821357218,0.09579168738400373,0.03595,0.0125,0.012658227848101266
ROUTE_1,79,150,2,31,16,REQUIRED_FULL_47_IDENTITY_DESIGN,0.2,0.35,MODEST_0_05,0.05,0.08485281374238571,0.076,0.07240825438945472,0.07975459218612199,0.05138982319778399,0.001389823197783989,0.21672633262567656,0.09571003723916127,0.0584,0.0125,0.012658227848101266
ROUTE_1,79,150,2,31,16,REQUIRED_FULL_47_IDENTITY_DESIGN,0.2,0.35,MODEST_0_10,0.1,0.08485281374238571,0.1204,0.11596261200497969,0.12498318176881491,0.10103721052219519,0.0010372105221951866,0.21857859974446558,0.09561548578009647,0.0956,0.0125,0.012658227848101266
ROUTE_1,79,150,2,31,16,REQUIRED_FULL_47_IDENTITY_DESIGN,0.2,0.35,TWENTY_FIVE_PERCENT_OF_OBSERVED,0.1812934780863693,0.08485281374238571,0.2034,0.19787855787307854,0.2090353579154027,0.18015370736932196,-0.0011397707170473503,0.21702062219979412,0.0956929651941725,0.1675,0.0125,0.012658227848101266
ROUTE_1,79,150,2,31,16,REQUIRED_FULL_47_IDENTITY_DESIGN,0.2,0.35,FIFTY_PERCENT_OF_OBSERVED,0.3625869561727386,0.08485281374238571,0.4929,0.48597320819304557,0.4998295187189511,0.3540985785851999,-0.008488377587538731,0.20100841660267424,0.0956237895761131,0.4362,0.0125,0.012658227848101266
ROUTE_1,79,150,2,31,16,REQUIRED_FULL_47_IDENTITY_DESIGN,0.2,0.55,NULL,0.0,0.08485281374238571,0.0459,0.04308591490164196,0.04888849224451226,0.00010189302163292204,0.00010189302163292204,0.21275316131624813,0.09419943655462891,0.03205,0.0125,0.012658227848101266
ROUTE_1,79,150,2,31,16,REQUIRED_FULL_47_IDENTITY_DESIGN,0.2,0.55,MODEST_0_05,0.05,0.08485281374238571,0.07725,0.07363045508654104,0.08103191139889543,0.04846091082582253,-0.0015390891741774715,0.21314814962576367,0.09410159986105557,0.0556,0.0125,0.012658227848101266
ROUTE_1,79,150,2,31,16,REQUIRED_FULL_47_IDENTITY_DESIGN,0.2,0.55,MODEST_0_10,0.1,0.08485281374238571,0.11645,0.11207799470979149,0.12096931614884637,0.09774462556655031,-0.0022553744334496972,0.2092533241588113,0.09419261386827588,0.08475,0.0125,0.012658227848101266
ROUTE_1,79,150,2,31,16,REQUIRED_FULL_47_IDENTITY_DESIGN,0.2,0.55,TWENTY_FIVE_PERCENT_OF_OBSERVED,0.1812934780863693,0.08485281374238571,0.19805,0.1925849680983644,0.20363100247591714,0.1710873330984606,-0.0102061449879087,0.19946919766167615,0.09422189782772994,0.1495,0.0125,0.012658227848101266
ROUTE_1,79,150,2,31,16,REQUIRED_FULL_47_IDENTITY_DESIGN,0.2,0.55,FIFTY_PERCENT_OF_OBSERVED,0.3625869561727386,0.08485281374238571,0.47335,0.4664361111927688,0.48027412432902156,0.31366886964171825,-0.048918086531020366,0.15729331198862412,0.09409834715590902,0.3756,0.0125,0.012658227848101266
ROUTE_2,79,150,2,31,16,REQUIRED_FULL_47_IDENTITY_DESIGN,0.1,0.15,NULL,0.0,0.08485281374238571,0.04855,0.04565706083709486,0.05161632851796202,-0.0015642500430552442,-0.0015642500430552442,0.1132361903116521,0.057887121763891485,0.03585,0.0125,0.012658227848101266
ROUTE_2,79,150,2,31,16,REQUIRED_FULL_47_IDENTITY_DESIGN,0.1,0.15,MODEST_0_05,0.05,0.08485281374238571,0.1083,0.1040681573444948,0.11268228370185755,0.04915440824073862,-0.0008455917592613826,0.11416150539082295,0.057684328821171194,0.0847,0.0125,0.012658227848101266
ROUTE_2,79,150,2,31,16,REQUIRED_FULL_47_IDENTITY_DESIGN,0.1,0.15,MODEST_0_10,0.1,0.08485281374238571,0.2166,0.21094578986273266,0.22236305617386737,0.10050072796017416,0.0005007279601741549,0.11435920819915545,0.05782713234887075,0.1768,0.0125,0.012658227848101266
ROUTE_2,79,150,2,31,16,REQUIRED_FULL_47_IDENTITY_DESIGN,0.1,0.15,TWENTY_FIVE_PERCENT_OF_OBSERVED,0.1812934780863693,0.08485281374238571,0.46405,0.45714597945931656,0.4709678279331174,0.18095608878330716,-0.0003373893030621522,0.11381920787147844,0.05777484954698015,0.40725,0.0125,0.012658227848101266
ROUTE_2,79,150,2,31,16,REQUIRED_FULL_47_IDENTITY_DESIGN,0.1,0.15,FIFTY_PERCENT_OF_OBSERVED,0.3625869561727386,0.08485281374238571,0.92785,0.9241814067061875,0.9313542680406035,0.36329411687752294,0.0007071607047843265,0.11457976684233644,0.05784256215682388,0.90435,0.0125,0.012658227848101266
ROUTE_2,79,150,2,31,16,REQUIRED_FULL_47_IDENTITY_DESIGN,0.1,0.35,NULL,0.0,0.08485281374238571,0.05095,0.047987764265624094,0.054084703316363475,0.00031324387186965015,0.00031324387186965015,0.11466046771546502,0.057867219896327246,0.03865,0.0125,0.012658227848101266
ROUTE_2,79,150,2,31,16,REQUIRED_FULL_47_IDENTITY_DESIGN,0.1,0.35,MODEST_0_05,0.05,0.08485281374238571,0.114,0.10966936662088886,0.11847888521442393,0.051789280351863386,0.001789280351863383,0.11310918466984822,0.05788867553247526,0.08915,0.0125,0.012658227848101266
ROUTE_2,79,150,2,31,16,REQUIRED_FULL_47_IDENTITY_DESIGN,0.1,0.35,MODEST_0_10,0.1,0.08485281374238571,0.2158,0.2101535846704816,0.22155556862380824,0.09962385570092519,-0.0003761442990748154,0.11462234528134779,0.057987564486424,0.17765,0.0125,0.012658227848101266
ROUTE_2,79,150,2,31,16,REQUIRED_FULL_47_IDENTITY_DESIGN,0.1,0.35,TWENTY_FIVE_PERCENT_OF_OBSERVED,0.1812934780863693,0.08485281374238571,0.4704,0.463488980426114,0.47732238810840744,0.18229242891437267,0.0009989508280033588,0.11391163285034077,0.05794730944230314,0.4109,0.0125,0.012658227848101266
ROUTE_2,79,150,2,31,16,REQUIRED_FULL_47_IDENTITY_DESIGN,0.1,0.35,FIFTY_PERCENT_OF_OBSERVED,0.3625869561727386,0.08485281374238571,0.9271,0.9234144279869613,0.9306215348139143,0.3607588303374555,-0.0018281258352831342,0.11248565265960697,0.057820014606874165,0.9014,0.0125,0.012658227848101266
ROUTE_2,79,150,2,31,16,REQUIRED_FULL_47_IDENTITY_DESIGN,0.1,0.55,NULL,0.0,0.08485281374238571,0.04945,0.04653084675352752,0.05254219693662836,0.00024813858231290684,0.00024813858231290684,0.11405994128135957,0.05783163304919561,0.0368,0.0125,0.012658227848101266
ROUTE_2,79,150,2,31,16,REQUIRED_FULL_47_IDENTITY_DESIGN,0.1,0.55,MODEST_0_05,0.05,0.08485281374238571,0.1105,0.10622959716324047,0.11491999892446504,0.050280341668632926,0.00028034166863292326,0.11446319387457093,0.057820486937397705,0.0862,0.0125,0.012658227848101266
ROUTE_2,79,150,2,31,16,REQUIRED_FULL_47_IDENTITY_DESIGN,0.1,0.55,MODEST_0_10,0.1,0.08485281374238571,0.2174,0.21173802676577674,0.2231705120131336,0.10063805457912299,0.0006380545791229847,0.11385670449804075,0.05778387184719745,0.17865,0.0125,0.012658227848101266
ROUTE_2,79,150,2,31,16,REQUIRED_FULL_47_IDENTITY_DESIGN,0.1,0.55,TWENTY_FIVE_PERCENT_OF_OBSERVED,0.1812934780863693,0.08485281374238571,0.46785,0.460941655945956,0.47477069197245153,0.18090779166950977,-0.0003856864168595431,0.11259075353215066,0.057855460760237426,0.40915,0.0125,0.012658227848101266
ROUTE_2,79,150,2,31,16,REQUIRED_FULL_47_IDENTITY_DESIGN,0.1,0.55,FIFTY_PERCENT_OF_OBSERVED,0.3625869561727386,0.08485281374238571,0.92675,0.923056542600574,0.9302795546255406,0.34282040198588987,-0.01976655418684875,0.09349102699533084,0.05776284190513122,0.9007,0.0125,0.012658227848101266
ROUTE_2,79,150,2,31,16,REQUIRED_FULL_47_IDENTITY_DESIGN,0.2,0.15,NULL,0.0,0.08485281374238571,0.05015,0.047210648502146166,0.05326212633753116,-0.00070094052145092,-0.00070094052145092,0.20783767830278516,0.09588055432300674,0.03675,0.0125,0.012658227848101266
ROUTE_2,79,150,2,31,16,REQUIRED_FULL_47_IDENTITY_DESIGN,0.2,0.15,MODEST_0_05,0.05,0.08485281374238571,0.0819,0.07817948818168947,0.08578109236842522,0.04960829233957638,-0.0003917076604236236,0.20996674745382762,0.09578406528318963,0.0635,0.0125,0.012658227848101266
ROUTE_2,79,150,2,31,16,REQUIRED_FULL_47_IDENTITY_DESIGN,0.2,0.15,MODEST_0_10,0.1,0.08485281374238571,0.11915,0.11473312997237686,0.12371314389155805,0.099058606009616,-0.0009413939903840096,0.20853470527000564,0.09582765032508549,0.0941,0.0125,0.012658227848101266
ROUTE_2,79,150,2,31,16,REQUIRED_FULL_47_IDENTITY_DESIGN,0.2,0.15,TWENTY_FIVE_PERCENT_OF_OBSERVED,0.1812934780863693,0.08485281374238571,0.2167,0.21104481774403444,0.22246398988535443,0.1796116923684954,-0.0016817857178739182,0.21064648056341312,0.09581174625500252,0.17695,0.0125,0.012658227848101266
ROUTE_2,79,150,2,31,16,REQUIRED_FULL_47_IDENTITY_DESIGN,0.2,0.15,FIFTY_PERCENT_OF_OBSERVED,0.3625869561727386,0.08485281374238571,0.5251,0.5181750604867834,0.5320152993032001,0.36287463211610427,0.0002876759433656506,0.20459580723323154,0.09567168183279764,0.4665,0.0125,0.012658227848101266
ROUTE_2,79,150,2,31,16,REQUIRED_FULL_47_IDENTITY_DESIGN,0.2,0.35,NULL,0.0,0.08485281374238571,0.0489,0.045996833337636024,0.05197642159218157,-0.00024237438822543992,-0.00024237438822543992,0.20674038515358836,0.0956808595957255,0.03715,0.0125,0.012658227848101266
ROUTE_2,79,150,2,31,16,REQUIRED_FULL_47_IDENTITY_DESIGN,0.2,0.35,MODEST_0_05,0.05,0.08485281374238571,0.07985,0.07617353572657791,0.08368783217136681,0.049350983604586694,-0.0006490163954133085,0.20868888127650465,0.09567831712065687,0.06075,0.0125,0.012658227848101266
ROUTE_2,79,150,2,31,16,REQUIRED_FULL_47_IDENTITY_DESIGN,0.2,0.35,MODEST_0_10,0.1,0.08485281374238571,0.12035,0.11591342969562866,0.12493238328177157,0.10187862000625303,0.0018786200062530234,0.2072810963337456,0.09571242957487154,0.09585,0.0125,0.012658227848101266
ROUTE_2,79,150,2,31,16,REQUIRED_FULL_47_IDENTITY_DESIGN,0.2,0.35,TWENTY_FIVE_PERCENT_OF_OBSERVED,0.1812934780863693,0.08485281374238571,0.21555,0.2099060270712438,0.22130322224107404,0.18162403465407134,0.0003305565677020339,0.2043041216682086,0.09566532040823095,0.1775,0.0125,0.012658227848101266
ROUTE_2,79,150,2,31,16,REQUIRED_FULL_47_IDENTITY_DESIGN,0.2,0.35,FIFTY_PERCENT_OF_OBSERVED,0.3625869561727386,0.08485281374238571,0.52275,0.5158239520155714,0.5296673103438758,0.3540483870665275,-0.008538569106211091,0.19255925113920608,0.09572454114733399,0.4644,0.0125,0.012658227848101266
ROUTE_2,79,150,2,31,16,REQUIRED_FULL_47_IDENTITY_DESIGN,0.2,0.55,NULL,0.0,0.08485281374238571,0.0455,0.042698042464854216,0.04847651831014489,-0.0002205985311465578,-0.0002205985311465578,0.20480591441571921,0.09425565093971902,0.0319,0.0125,0.012658227848101266
ROUTE_2,79,150,2,31,16,REQUIRED_FULL_47_IDENTITY_DESIGN,0.2,0.55,MODEST_0_05,0.05,0.08485281374238571,0.0768,0.0731904297655396,0.08057210955234734,0.048094633628600954,-0.001905366371399049,0.20365428109478112,0.09415170963141786,0.055,0.0125,0.012658227848101266
ROUTE_2,79,150,2,31,16,REQUIRED_FULL_47_IDENTITY_DESIGN,0.2,0.55,MODEST_0_10,0.1,0.08485281374238571,0.11535,0.1109964909126733,0.11985124242528797,0.0989459252949504,-0.001054074705049604,0.20073359097707394,0.09425740490310047,0.0852,0.0125,0.012658227848101266
ROUTE_2,79,150,2,31,16,REQUIRED_FULL_47_IDENTITY_DESIGN,0.2,0.55,TWENTY_FIVE_PERCENT_OF_OBSERVED,0.1812934780863693,0.08485281374238571,0.19615,0.1907053760530951,0.20171132425819963,0.17022356783015227,-0.011069910256217036,0.1897175218251802,0.0940910959484968,0.14725,0.0125,0.012658227848101266
ROUTE_2,79,150,2,31,16,REQUIRED_FULL_47_IDENTITY_DESIGN,0.2,0.55,FIFTY_PERCENT_OF_OBSERVED,0.3625869561727386,0.08485281374238571,0.47615,0.46923361187813134,0.48307554824174487,0.3137619417921823,-0.04882501438055631,0.1529849988578809,0.09411553995124915,0.3874,0.0125,0.012658227848101266
ROUTE_1,79,150,2,20,12,PLANNING_SENSITIVITY_ONLY_NOT_AN_AUTHORIZED_IDENTITY_CHANGE,0.1,0.15,NULL,0.0,0.12198360545581527,0.04855,0.04565706083709486,0.05161632851796202,-0.0010438169170840198,-0.0010438169170840198,0.15802787924017708,0.06958072153658103,0.0364,0.0125,0.012658227848101266
ROUTE_1,79,150,2,20,12,PLANNING_SENSITIVITY_ONLY_NOT_AN_AUTHORIZED_IDENTITY_CHANGE,0.1,0.15,MODEST_0_05,0.05,0.12198360545581527,0.09165,0.08772926747229655,0.09572756837472408,0.050983836653174436,0.000983836653174433,0.15958005546937482,0.06957100242628506,0.0707,0.0125,0.012658227848101266
ROUTE_1,79,150,2,20,12,PLANNING_SENSITIVITY_ONLY_NOT_AN_AUTHORIZED_IDENTITY_CHANGE,0.1,0.15,MODEST_0_10,0.1,0.12198360545581527,0.1538,0.1488667768877063,0.15886618887754048,0.09984431420344504,-0.0001556857965549635,0.15903361181870576,0.06956291081621757,0.1228,0.0125,0.012658227848101266
ROUTE_1,79,150,2,20,12,PLANNING_SENSITIVITY_ONLY_NOT_AN_AUTHORIZED_IDENTITY_CHANGE,0.1,0.15,TWENTY_FIVE_PERCENT_OF_OBSERVED,0.1812934780863693,0.12198360545581527,0.2984,0.29209791988906,0.3047795090487614,0.18118797586616622,-0.0001055022202030853,0.16085076960586156,0.06960359213580686,0.252,0.0125,0.012658227848101266
ROUTE_1,79,150,2,20,12,PLANNING_SENSITIVITY_ONLY_NOT_AN_AUTHORIZED_IDENTITY_CHANGE,0.1,0.15,FIFTY_PERCENT_OF_OBSERVED,0.3625869561727386,0.12198360545581527,0.7218,0.7155474492070933,0.7279673635984186,0.3624269420997478,-0.0001600140729908217,0.15922570692481766,0.06955735642036774,0.67075,0.0125,0.012658227848101266
ROUTE_1,79,150,2,20,12,PLANNING_SENSITIVITY_ONLY_NOT_AN_AUTHORIZED_IDENTITY_CHANGE,0.1,0.35,NULL,0.0,0.12198360545581527,0.0523,0.049299616971929236,0.05547233211270684,0.0002892869387227879,0.0002892869387227879,0.1588883052351456,0.06948899052947455,0.0378,0.0125,0.012658227848101266
ROUTE_1,79,150,2,20,12,PLANNING_SENSITIVITY_ONLY_NOT_AN_AUTHORIZED_IDENTITY_CHANGE,0.1,0.35,MODEST_0_05,0.05,0.12198360545581527,0.0884,0.0845443809725379,0.09241370310884743,0.05063471704980579,0.0006347170498057844,0.15676293139423764,0.06955469476321004,0.0684,0.0125,0.012658227848101266
ROUTE_1,79,150,2,20,12,PLANNING_SENSITIVITY_ONLY_NOT_AN_AUTHORIZED_IDENTITY_CHANGE,0.1,0.35,MODEST_0_10,0.1,0.12198360545581527,0.15235,0.14743641064219745,0.1573971120276121,0.10087045464902446,0.0008704546490244519,0.15866550375316876,0.06959390076425385,0.1229,0.0125,0.012658227848101266
ROUTE_1,79,150,2,20,12,PLANNING_SENSITIVITY_ONLY_NOT_AN_AUTHORIZED_IDENTITY_CHANGE,0.1,0.35,TWENTY_FIVE_PERCENT_OF_OBSERVED,0.1812934780863693,0.12198360545581527,0.29885,0.2925450901317037,0.3052321659736672,0.18091238608490148,-0.0003810920014678254,0.1590728762142687,0.0695921076896519,0.2506,0.0125,0.012658227848101266
ROUTE_1,79,150,2,20,12,PLANNING_SENSITIVITY_ONLY_NOT_AN_AUTHORIZED_IDENTITY_CHANGE,0.1,0.35,FIFTY_PERCENT_OF_OBSERVED,0.3625869561727386,0.12198360545581527,0.72285,0.7166044692945083,0.7290099402352858,0.35993260041716785,-0.0026543557555707697,0.15405842572875963,0.0696508535781065,0.66865,0.0125,0.012658227848101266
ROUTE_1,79,150,2,20,12,PLANNING_SENSITIVITY_ONLY_NOT_AN_AUTHORIZED_IDENTITY_CHANGE,0.1,0.55,NULL,0.0,0.12198360545581527,0.0509,0.04793918838114844,0.054033298404444735,0.0002221532520757819,0.0002221532520757819,0.15906875629305878,0.06945498674846048,0.0377,0.0125,0.012658227848101266
ROUTE_1,79,150,2,20,12,PLANNING_SENSITIVITY_ONLY_NOT_AN_AUTHORIZED_IDENTITY_CHANGE,0.1,0.55,MODEST_0_05,0.05,0.12198360545581527,0.09245,0.08851347587744147,0.09654305271188941,0.05107989105107936,0.0010798910510793555,0.1590024408766837,0.06940593785453869,0.07115,0.0125,0.012658227848101266
ROUTE_1,79,150,2,20,12,PLANNING_SENSITIVITY_ONLY_NOT_AN_AUTHORIZED_IDENTITY_CHANGE,0.1,0.55,MODEST_0_10,0.1,0.12198360545581527,0.15095,0.14605551621645596,0.15597854415431067,0.09993572461864553,-6.42753813544783e-05,0.15662839602109266,0.06945258948935104,0.12105,0.0125,0.012658227848101266
ROUTE_1,79,150,2,20,12,PLANNING_SENSITIVITY_ONLY_NOT_AN_AUTHORIZED_IDENTITY_CHANGE,0.1,0.55,TWENTY_FIVE_PERCENT_OF_OBSERVED,0.1812934780863693,0.12198360545581527,0.3002,0.29388664469553816,0.3065900929124813,0.17902718850404098,-0.002266289582328329,0.15273756092870902,0.06944730488479692,0.25365,0.0125,0.012658227848101266
ROUTE_1,79,150,2,20,12,PLANNING_SENSITIVITY_ONLY_NOT_AN_AUTHORIZED_IDENTITY_CHANGE,0.1,0.55,FIFTY_PERCENT_OF_OBSERVED,0.3625869561727386,0.12198360545581527,0.72235,0.7161011210938814,0.728513480471969,0.3338055080335013,-0.02878144813923733,0.1208738904402471,0.06942503869791036,0.66815,0.0125,0.012658227848101266
ROUTE_1,79,150,2,20,12,PLANNING_SENSITIVITY_ONLY_NOT_AN_AUTHORIZED_IDENTITY_CHANGE,0.2,0.15,NULL,0.0,0.12198360545581527,0.0513,0.04832781816968915,0.054444514987059135,-0.0013380745217784914,-0.0013380745217784914,0.23624223462564145,0.1032835015098589,0.03915,0.0125,0.012658227848101266
ROUTE_1,79,150,2,20,12,PLANNING_SENSITIVITY_ONLY_NOT_AN_AUTHORIZED_IDENTITY_CHANGE,0.2,0.15,MODEST_0_05,0.05,0.12198360545581527,0.07425,0.07069766318021803,0.07796585552155505,0.050533456055507985,0.0005334560555079818,0.23582316649726512,0.10326220927344372,0.0577,0.0125,0.012658227848101266
ROUTE_1,79,150,2,20,12,PLANNING_SENSITIVITY_ONLY_NOT_AN_AUTHORIZED_IDENTITY_CHANGE,0.2,0.15,MODEST_0_10,0.1,0.12198360545581527,0.10925,0.10500143872099697,0.11364863745684879,0.09881049734098762,-0.0011895026590123814,0.23528578485757642,0.1032798833618166,0.08525,0.0125,0.012658227848101266
ROUTE_1,79,150,2,20,12,PLANNING_SENSITIVITY_ONLY_NOT_AN_AUTHORIZED_IDENTITY_CHANGE,0.2,0.15,TWENTY_FIVE_PERCENT_OF_OBSERVED,0.1812934780863693,0.12198360545581527,0.1896,0.18422727456321283,0.1950919414204169,0.18254651425451782,0.001253036168148508,0.2345476510467319,0.10327958668717903,0.15445,0.0125,0.012658227848101266
ROUTE_1,79,150,2,20,12,PLANNING_SENSITIVITY_ONLY_NOT_AN_AUTHORIZED_IDENTITY_CHANGE,0.2,0.15,FIFTY_PERCENT_OF_OBSERVED,0.3625869561727386,0.12198360545581527,0.4446,0.43772443971323716,0.4514968378817792,0.36044580214908467,-0.002141154023653946,0.2308812410849871,0.1033271034855729,0.38755,0.0125,0.012658227848101266
ROUTE_1,79,150,2,20,12,PLANNING_SENSITIVITY_ONLY_NOT_AN_AUTHORIZED_IDENTITY_CHANGE,0.2,0.35,NULL,0.0,0.12198360545581527,0.04875,0.04585121135293896,0.051822101187695466,0.0004599904870087266,0.0004599904870087266,0.23506025105585676,0.10300806779982376,0.0372,0.0125,0.012658227848101266
ROUTE_1,79,150,2,20,12,PLANNING_SENSITIVITY_ONLY_NOT_AN_AUTHORIZED_IDENTITY_CHANGE,0.2,0.35,MODEST_0_05,0.05,0.12198360545581527,0.0767,0.07309265139211343,0.08046992633298475,0.04912115489286882,-0.000878845107131182,0.23654118160792134,0.10304490619576014,0.0595,0.0125,0.012658227848101266
ROUTE_1,79,150,2,20,12,PLANNING_SENSITIVITY_ONLY_NOT_AN_AUTHORIZED_IDENTITY_CHANGE,0.2,0.35,MODEST_0_10,0.1,0.12198360545581527,0.11005,0.10578743976289719,0.1144623291572588,0.09870464096768228,-0.0012953590323177278,0.23376217042344027,0.10315545363903848,0.0856,0.0125,0.012658227848101266
ROUTE_1,79,150,2,20,12,PLANNING_SENSITIVITY_ONLY_NOT_AN_AUTHORIZED_IDENTITY_CHANGE,0.2,0.35,TWENTY_FIVE_PERCENT_OF_OBSERVED,0.1812934780863693,0.12198360545581527,0.18765,0.18229915166848454,0.19312081325576402,0.1804680083259333,-0.0008254697604360151,0.23199077668855492,0.1030489868386923,0.15345,0.0125,0.012658227848101266
ROUTE_1,79,150,2,20,12,PLANNING_SENSITIVITY_ONLY_NOT_AN_AUTHORIZED_IDENTITY_CHANGE,0.2,0.35,FIFTY_PERCENT_OF_OBSERVED,0.3625869561727386,0.12198360545581527,0.4412,0.4343305077249948,0.44809207571520304,0.3494094613746482,-0.013177494798090439,0.2142979325254652,0.10301741033736576,0.38615,0.0125,0.012658227848101266
ROUTE_1,79,150,2,20,12,PLANNING_SENSITIVITY_ONLY_NOT_AN_AUTHORIZED_IDENTITY_CHANGE,0.2,0.55,NULL,0.0,0.12198360545581527,0.0497,0.04677361416941829,0.052799333502709545,0.002967846864613788,0.002967846864613788,0.23057064468779795,0.10081183344409296,0.03295,0.0125,0.012658227848101266
ROUTE_1,79,150,2,20,12,PLANNING_SENSITIVITY_ONLY_NOT_AN_AUTHORIZED_IDENTITY_CHANGE,0.2,0.55,MODEST_0_05,0.05,0.12198360545581527,0.07125,0.06776660060012273,0.07489807031798697,0.04996798143229911,-3.201856770089495e-05,0.22641393061441836,0.10074869499207804,0.0475,0.0125,0.012658227848101266
ROUTE_1,79,150,2,20,12,PLANNING_SENSITIVITY_ONLY_NOT_AN_AUTHORIZED_IDENTITY_CHANGE,0.2,0.55,MODEST_0_10,0.1,0.12198360545581527,0.10105,0.09694926755877818,0.10530395801038771,0.09476762189636906,-0.005232378103630947,0.22328412000679315,0.10086129685779259,0.06745,0.0125,0.012658227848101266
ROUTE_1,79,150,2,20,12,PLANNING_SENSITIVITY_ONLY_NOT_AN_AUTHORIZED_IDENTITY_CHANGE,0.2,0.55,TWENTY_FIVE_PERCENT_OF_OBSERVED,0.1812934780863693,0.12198360545581527,0.1713,0.166141559810167,0.17658468469311614,0.1691976979938534,-0.012095780092515912,0.21094934646973112,0.10070706510304557,0.1165,0.0125,0.012658227848101266
ROUTE_1,79,150,2,20,12,PLANNING_SENSITIVITY_ONLY_NOT_AN_AUTHORIZED_IDENTITY_CHANGE,0.2,0.55,FIFTY_PERCENT_OF_OBSERVED,0.3625869561727386,0.12198360545581527,0.3853,0.37857791387665096,0.3920661391946194,0.3086438501378498,-0.05394310603488883,0.16671831581655336,0.10076337890614627,0.27455,0.0125,0.012658227848101266
ROUTE_2,79,150,2,20,12,PLANNING_SENSITIVITY_ONLY_NOT_AN_AUTHORIZED_IDENTITY_CHANGE,0.1,0.15,NULL,0.0,0.12198360545581527,0.0507,0.04774489300018943,0.0538276705998262,0.0005824768692806717,0.0005824768692806717,0.12653879706331655,0.0696776357963138,0.03845,0.0125,0.012658227848101266
ROUTE_2,79,150,2,20,12,PLANNING_SENSITIVITY_ONLY_NOT_AN_AUTHORIZED_IDENTITY_CHANGE,0.1,0.15,MODEST_0_05,0.05,0.12198360545581527,0.10785,0.10362611295971082,0.11222450091909204,0.05036520943745575,0.00036520943745575046,0.12905572377337035,0.06965419829831702,0.0849,0.0125,0.012658227848101266
ROUTE_2,79,150,2,20,12,PLANNING_SENSITIVITY_ONLY_NOT_AN_AUTHORIZED_IDENTITY_CHANGE,0.1,0.15,MODEST_0_10,0.1,0.12198360545581527,0.1911,0.18571059493860018,0.1966080449368612,0.10027346302813234,0.00027346302813233136,0.12688727418746265,0.06971373092218719,0.1542,0.0125,0.012658227848101266
ROUTE_2,79,150,2,20,12,PLANNING_SENSITIVITY_ONLY_NOT_AN_AUTHORIZED_IDENTITY_CHANGE,0.1,0.15,TWENTY_FIVE_PERCENT_OF_OBSERVED,0.1812934780863693,0.12198360545581527,0.40045,0.393678957891564,0.40725927648720645,0.18116206017548533,-0.00013141791088397414,0.12718611422991313,0.06965650923818789,0.3455,0.0125,0.012658227848101266
ROUTE_2,79,150,2,20,12,PLANNING_SENSITIVITY_ONLY_NOT_AN_AUTHORIZED_IDENTITY_CHANGE,0.1,0.15,FIFTY_PERCENT_OF_OBSERVED,0.3625869561727386,0.12198360545581527,0.87235,0.8676536300103919,0.876903360738627,0.3610984205657454,-0.001488535606993191,0.12708506473925066,0.06946138418299491,0.83715,0.0125,0.012658227848101266
ROUTE_2,79,150,2,20,12,PLANNING_SENSITIVITY_ONLY_NOT_AN_AUTHORIZED_IDENTITY_CHANGE,0.1,0.35,NULL,0.0,0.12198360545581527,0.05115,0.04818207592646934,0.05429031484109578,0.0007114843878121226,0.0007114843878121226,0.1274154177662227,0.06948676076103974,0.03845,0.0125,0.012658227848101266
ROUTE_2,79,150,2,20,12,PLANNING_SENSITIVITY_ONLY_NOT_AN_AUTHORIZED_IDENTITY_CHANGE,0.1,0.35,MODEST_0_05,0.05,0.12198360545581527,0.10615,0.1019563805886675,0.11049488621272609,0.049788731806351384,-0.00021126819364861854,0.12772934359480534,0.06951433379999225,0.0829,0.0125,0.012658227848101266
ROUTE_2,79,150,2,20,12,PLANNING_SENSITIVITY_ONLY_NOT_AN_AUTHORIZED_IDENTITY_CHANGE,0.1,0.35,MODEST_0_10,0.1,0.12198360545581527,0.1891,0.18373286313003248,0.1945865448896533,0.09985494156243371,-0.00014505843756629222,0.12782084606179353,0.0694896716567815,0.1532,0.0125,0.012658227848101266
ROUTE_2,79,150,2,20,12,PLANNING_SENSITIVITY_ONLY_NOT_AN_AUTHORIZED_IDENTITY_CHANGE,0.1,0.35,TWENTY_FIVE_PERCENT_OF_OBSERVED,0.1812934780863693,0.12198360545581527,0.3981,0.3913361055355578,0.4049030314126763,0.18098630077998845,-0.00030717730638085694,0.12708644187083049,0.06953185941110827,0.34535,0.0125,0.012658227848101266
ROUTE_2,79,150,2,20,12,PLANNING_SENSITIVITY_ONLY_NOT_AN_AUTHORIZED_IDENTITY_CHANGE,0.1,0.35,FIFTY_PERCENT_OF_OBSERVED,0.3625869561727386,0.12198360545581527,0.8739,0.869227404679731,0.878428990757514,0.360334218571639,-0.002252737601099619,0.1234184549335071,0.06941500858085438,0.84025,0.0125,0.012658227848101266
ROUTE_2,79,150,2,20,12,PLANNING_SENSITIVITY_ONLY_NOT_AN_AUTHORIZED_IDENTITY_CHANGE,0.1,0.55,NULL,0.0,0.12198360545581527,0.05035,0.04740490766399351,0.05346779036126138,0.00047640678818924165,0.00047640678818924165,0.1274308850125676,0.06940444562098937,0.0376,0.0125,0.012658227848101266
ROUTE_2,79,150,2,20,12,PLANNING_SENSITIVITY_ONLY_NOT_AN_AUTHORIZED_IDENTITY_CHANGE,0.1,0.55,MODEST_0_05,0.05,0.12198360545581527,0.10225,0.09812712383177664,0.10652564085085457,0.04933070069460602,-0.0006692993053939861,0.12660791044449277,0.06945742208326265,0.08085,0.0125,0.012658227848101266
ROUTE_2,79,150,2,20,12,PLANNING_SENSITIVITY_ONLY_NOT_AN_AUTHORIZED_IDENTITY_CHANGE,0.1,0.55,MODEST_0_10,0.1,0.12198360545581527,0.1899,0.18452392832583822,0.19539517243615787,0.10006955698470409,6.955698470408056e-05,0.12587676769241324,0.0695536420783521,0.15535,0.0125,0.012658227848101266
ROUTE_2,79,150,2,20,12,PLANNING_SENSITIVITY_ONLY_NOT_AN_AUTHORIZED_IDENTITY_CHANGE,0.1,0.55,TWENTY_FIVE_PERCENT_OF_OBSERVED,0.1812934780863693,0.12198360545581527,0.3978,0.39103702972888243,0.4046022224409853,0.1778168084124881,-0.0034766696738812164,0.12308848076148193,0.06930472436083847,0.3449,0.0125,0.012658227848101266
ROUTE_2,79,150,2,20,12,PLANNING_SENSITIVITY_ONLY_NOT_AN_AUTHORIZED_IDENTITY_CHANGE,0.1,0.55,FIFTY_PERCENT_OF_OBSERVED,0.3625869561727386,0.12198360545581527,0.86835,0.8635933020590593,0.8729652249784084,0.3341617637133828,-0.02842519245935582,0.1026503304044435,0.06934625052773524,0.82705,0.0125,0.012658227848101266
ROUTE_2,79,150,2,20,12,PLANNING_SENSITIVITY_ONLY_NOT_AN_AUTHORIZED_IDENTITY_CHANGE,0.2,0.15,NULL,0.0,0.12198360545581527,0.04915,0.04623955387405831,0.05223360503773123,-0.0021494295501118523,-0.0021494295501118523,0.2153863541088589,0.10320924412725266,0.03685,0.0125,0.012658227848101266
ROUTE_2,79,150,2,20,12,PLANNING_SENSITIVITY_ONLY_NOT_AN_AUTHORIZED_IDENTITY_CHANGE,0.2,0.15,MODEST_0_05,0.05,0.12198360545581527,0.077,0.07338599200918383,0.08077647049428069,0.047302017398512336,-0.0026979826014876668,0.2163727408959652,0.10332509992976281,0.0585,0.0125,0.012658227848101266
ROUTE_2,79,150,2,20,12,PLANNING_SENSITIVITY_ONLY_NOT_AN_AUTHORIZED_IDENTITY_CHANGE,0.2,0.15,MODEST_0_10,0.1,0.12198360545581527,0.11825,0.11384800130787927,0.1227986182209566,0.0997357046070418,-0.00026429539295820537,0.21621074076313396,0.10317443064102277,0.09245,0.0125,0.012658227848101266
ROUTE_2,79,150,2,20,12,PLANNING_SENSITIVITY_ONLY_NOT_AN_AUTHORIZED_IDENTITY_CHANGE,0.2,0.15,TWENTY_FIVE_PERCENT_OF_OBSERVED,0.1812934780863693,0.12198360545581527,0.20365,0.1981259594039655,0.20928786036648767,0.1792406592401173,-0.002052818846251997,0.21722465763425924,0.10343919235097293,0.1667,0.0125,0.012658227848101266
ROUTE_2,79,150,2,20,12,PLANNING_SENSITIVITY_ONLY_NOT_AN_AUTHORIZED_IDENTITY_CHANGE,0.2,0.15,FIFTY_PERCENT_OF_OBSERVED,0.3625869561727386,0.12198360545581527,0.49965,0.49272121517882234,0.506578919246417,0.36164794378718673,-0.000939012385551885,0.21209992354050794,0.10326926505844859,0.4411,0.0125,0.012658227848101266
ROUTE_2,79,150,2,20,12,PLANNING_SENSITIVITY_ONLY_NOT_AN_AUTHORIZED_IDENTITY_CHANGE,0.2,0.35,NULL,0.0,0.12198360545581527,0.0482,0.045317331021641365,0.05125619275865478,-0.0008419829277512023,-0.0008419829277512023,0.21433897027086388,0.10287855488404518,0.03535,0.0125,0.012658227848101266
ROUTE_2,79,150,2,20,12,PLANNING_SENSITIVITY_ONLY_NOT_AN_AUTHORIZED_IDENTITY_CHANGE,0.2,0.35,MODEST_0_05,0.05,0.12198360545581527,0.0781,0.07446171427363617,0.08190032575050492,0.04891930580072699,-0.0010806941992730149,0.21536623678410516,0.10294584508894741,0.0592,0.0125,0.012658227848101266
ROUTE_2,79,150,2,20,12,PLANNING_SENSITIVITY_ONLY_NOT_AN_AUTHORIZED_IDENTITY_CHANGE,0.2,0.35,MODEST_0_10,0.1,0.12198360545581527,0.1155,0.11114396117084911,0.12000371455629534,0.09844377947273687,-0.001556220527263133,0.21282020628665665,0.10314138898583693,0.08965,0.0125,0.012658227848101266
ROUTE_2,79,150,2,20,12,PLANNING_SENSITIVITY_ONLY_NOT_AN_AUTHORIZED_IDENTITY_CHANGE,0.2,0.35,TWENTY_FIVE_PERCENT_OF_OBSERVED,0.1812934780863693,0.12198360545581527,0.20705,0.2014909473836519,0.2127215665416198,0.1807558477155491,-0.000537630370820219,0.21176225002413715,0.10311288513174137,0.1692,0.0125,0.012658227848101266
ROUTE_2,79,150,2,20,12,PLANNING_SENSITIVITY_ONLY_NOT_AN_AUTHORIZED_IDENTITY_CHANGE,0.2,0.35,FIFTY_PERCENT_OF_OBSERVED,0.3625869561727386,0.12198360545581527,0.4972,0.4902717925943307,0.5041292828075834,0.3507607776033295,-0.011826178569409096,0.19571334563753331,0.10306913983286083,0.43485,0.0125,0.012658227848101266
ROUTE_2,79,150,2,20,12,PLANNING_SENSITIVITY_ONLY_NOT_AN_AUTHORIZED_IDENTITY_CHANGE,0.2,0.55,NULL,0.0,0.12198360545581527,0.03995,0.03732299069253998,0.042753701682681895,0.003423604634665215,0.003423604634665215,0.2092572800486835,0.1006353703620483,0.02755,0.0125,0.012658227848101266
ROUTE_2,79,150,2,20,12,PLANNING_SENSITIVITY_ONLY_NOT_AN_AUTHORIZED_IDENTITY_CHANGE,0.2,0.55,MODEST_0_05,0.05,0.12198360545581527,0.0671,0.06371500534892928,0.07065125946844612,0.04865675795889029,-0.0013432420411097143,0.2091477127541462,0.10071955514215637,0.04815,0.0125,0.012658227848101266
ROUTE_2,79,150,2,20,12,PLANNING_SENSITIVITY_ONLY_NOT_AN_AUTHORIZED_IDENTITY_CHANGE,0.2,0.55,MODEST_0_10,0.1,0.12198360545581527,0.0993,0.09523188770392345,0.1035220099914388,0.09604897131220275,-0.003951028687797259,0.2044657297017064,0.10066675245795982,0.0704,0.0125,0.012658227848101266
ROUTE_2,79,150,2,20,12,PLANNING_SENSITIVITY_ONLY_NOT_AN_AUTHORIZED_IDENTITY_CHANGE,0.2,0.55,TWENTY_FIVE_PERCENT_OF_OBSERVED,0.1812934780863693,0.12198360545581527,0.17215,0.1669811464448755,0.17744477159711225,0.16841317914905307,-0.012880298937316237,0.1945556439060761,0.10084955367490764,0.1284,0.0125,0.012658227848101266
ROUTE_2,79,150,2,20,12,PLANNING_SENSITIVITY_ONLY_NOT_AN_AUTHORIZED_IDENTITY_CHANGE,0.2,0.55,FIFTY_PERCENT_OF_OBSERVED,0.3625869561727386,0.12198360545581527,0.4076,0.40080820882276935,0.4144272794403988,0.30725322485092726,-0.05533373132181135,0.1590762776979504,0.10086585224889785,0.32285,0.0125,0.012658227848101266
ROUTE_1,79,150,4,31,16,REQUIRED_FULL_47_IDENTITY_DESIGN,0.1,0.15,NULL,0.0,0.060000000000000005,0.0475,0.0446380012200997,0.05053579141067499,-0.0013747488265387106,-0.0013747488265387106,0.11757469297353615,0.0513954050860134,0.0359,0.0125,0.012658227848101266
ROUTE_1,79,150,4,31,16,REQUIRED_FULL_47_IDENTITY_DESIGN,0.1,0.15,MODEST_0_05,0.05,0.060000000000000005,0.11185,0.10755620539327346,0.11629287219708057,0.04968758042155871,-0.00031241957844129614,0.11834987560621532,0.051432975957534634,0.08935,0.0125,0.012658227848101266
ROUTE_1,79,150,4,31,16,REQUIRED_FULL_47_IDENTITY_DESIGN,0.1,0.15,MODEST_0_10,0.1,0.060000000000000005,0.2098,0.2042130696012159,0.21549838812574715,0.10014507630095336,0.00014507630095335344,0.11625819561518769,0.051428092367310635,0.16895,0.0125,0.012658227848101266
ROUTE_1,79,150,4,31,16,REQUIRED_FULL_47_IDENTITY_DESIGN,0.1,0.15,TWENTY_FIVE_PERCENT_OF_OBSERVED,0.1812934780863693,0.060000000000000005,0.4515,0.44461312755930454,0.4584054999381377,0.1827110799806016,0.0014176018942322899,0.11759658372921815,0.05142277605021233,0.39595,0.0125,0.012658227848101266
ROUTE_1,79,150,4,31,16,REQUIRED_FULL_47_IDENTITY_DESIGN,0.1,0.15,FIFTY_PERCENT_OF_OBSERVED,0.3625869561727386,0.060000000000000005,0.9167,0.9127897710311015,0.9204501861197407,0.36278522406280533,0.00019826789006671675,0.1173447762542615,0.051451343488062296,0.89,0.0125,0.012658227848101266
ROUTE_1,79,150,4,31,16,REQUIRED_FULL_47_IDENTITY_DESIGN,0.1,0.35,NULL,0.0,0.060000000000000005,0.04915,0.04623955387405831,0.05223360503773123,-0.0007833008818223211,-0.0007833008818223211,0.11703773792206988,0.05141729486157056,0.03805,0.0125,0.012658227848101266
ROUTE_1,79,150,4,31,16,REQUIRED_FULL_47_IDENTITY_DESIGN,0.1,0.35,MODEST_0_05,0.05,0.060000000000000005,0.11095,0.10667177731558251,0.11537764593967247,0.0506566133431302,0.0006566133431301982,0.11710979220345129,0.051417432264868224,0.08725,0.0125,0.012658227848101266
ROUTE_1,79,150,4,31,16,REQUIRED_FULL_47_IDENTITY_DESIGN,0.1,0.35,MODEST_0_10,0.1,0.060000000000000005,0.20635,0.20079810618067917,0.21201467659507106,0.09925467698783445,-0.0007453230121655524,0.11765278076323754,0.05139790150477426,0.1679,0.0125,0.012658227848101266
ROUTE_1,79,150,4,31,16,REQUIRED_FULL_47_IDENTITY_DESIGN,0.1,0.35,TWENTY_FIVE_PERCENT_OF_OBSERVED,0.1812934780863693,0.060000000000000005,0.4502,0.44331515635915425,0.4571039704320337,0.1816941658477211,0.00040068776135179784,0.11773324276681266,0.05145693420874481,0.394,0.0125,0.012658227848101266
ROUTE_1,79,150,4,31,16,REQUIRED_FULL_47_IDENTITY_DESIGN,0.1,0.35,FIFTY_PERCENT_OF_OBSERVED,0.3625869561727386,0.060000000000000005,0.9138,0.9098304313356919,0.9176106396242759,0.36137582233859905,-0.001211133834139566,0.11660781907016451,0.05138564317737625,0.8878,0.0125,0.012658227848101266
ROUTE_1,79,150,4,31,16,REQUIRED_FULL_47_IDENTITY_DESIGN,0.1,0.55,NULL,0.0,0.060000000000000005,0.0464,0.04357084028642462,0.04940337482367349,9.006489878771493e-05,9.006489878771493e-05,0.11656374932145701,0.051461012479892126,0.03445,0.0125,0.012658227848101266
ROUTE_1,79,150,4,31,16,REQUIRED_FULL_47_IDENTITY_DESIGN,0.1,0.55,MODEST_0_05,0.05,0.060000000000000005,0.10755,0.1033314297453534,0.11191929935508312,0.0482094995919913,-0.0017905004080087036,0.11647016860438068,0.05144476926390323,0.08345,0.0125,0.012658227848101266
ROUTE_1,79,150,4,31,16,REQUIRED_FULL_47_IDENTITY_DESIGN,0.1,0.55,MODEST_0_10,0.1,0.060000000000000005,0.20955,0.20396558782696544,0.2152459659180257,0.1000890505073864,8.905050738639009e-05,0.1177954857470492,0.05147547029319744,0.17225,0.0125,0.012658227848101266
ROUTE_1,79,150,4,31,16,REQUIRED_FULL_47_IDENTITY_DESIGN,0.1,0.55,TWENTY_FIVE_PERCENT_OF_OBSERVED,0.1812934780863693,0.060000000000000005,0.4476,0.4407193566034251,0.4545007687752547,0.18110901521015388,-0.0001844628762154299,0.11626270333951068,0.05147455468152201,0.3906,0.0125,0.012658227848101266
ROUTE_1,79,150,4,31,16,REQUIRED_FULL_47_IDENTITY_DESIGN,0.1,0.55,FIFTY_PERCENT_OF_OBSERVED,0.3625869561727386,0.060000000000000005,0.9166,0.9126877022366544,0.9203522933213992,0.3476381249070351,-0.01494883126570351,0.09469004992782161,0.051388105371794376,0.89255,0.0125,0.012658227848101266
ROUTE_1,79,150,4,31,16,REQUIRED_FULL_47_IDENTITY_DESIGN,0.2,0.15,NULL,0.0,0.060000000000000005,0.0511,0.04813349679507237,0.05423891317609837,0.002890792052955156,0.002890792052955156,0.2108356129191392,0.09201785725830211,0.0395,0.0125,0.012658227848101266
ROUTE_1,79,150,4,31,16,REQUIRED_FULL_47_IDENTITY_DESIGN,0.2,0.15,MODEST_0_05,0.05,0.060000000000000005,0.08035,0.07666272604122593,0.08419844982066269,0.04936697434426919,-0.0006330256557308123,0.2110630886044465,0.09209547719004832,0.06295,0.0125,0.012658227848101266
ROUTE_1,79,150,4,31,16,REQUIRED_FULL_47_IDENTITY_DESIGN,0.2,0.15,MODEST_0_10,0.1,0.060000000000000005,0.1199,0.11547080023599245,0.1244751855738583,0.10096015786576742,0.0009601578657674192,0.2104755732556067,0.092098950664916,0.09285,0.0125,0.012658227848101266
ROUTE_1,79,150,4,31,16,REQUIRED_FULL_47_IDENTITY_DESIGN,0.2,0.15,TWENTY_FIVE_PERCENT_OF_OBSERVED,0.1812934780863693,0.060000000000000005,0.2128,0.20718309981774202,0.21852720569288442,0.18371885070733723,0.002425372620967925,0.21017210809259662,0.09200747842822789,0.1745,0.0125,0.012658227848101266
ROUTE_1,79,150,4,31,16,REQUIRED_FULL_47_IDENTITY_DESIGN,0.2,0.15,FIFTY_PERCENT_OF_OBSERVED,0.3625869561727386,0.060000000000000005,0.5158,0.5088715717367405,0.5227223599238866,0.3603906854663087,-0.0021962707064299147,0.20795490580609644,0.0921006998199794,0.4563,0.0125,0.012658227848101266
ROUTE_1,79,150,4,31,16,REQUIRED_FULL_47_IDENTITY_DESIGN,0.2,0.35,NULL,0.0,0.060000000000000005,0.0473,0.044443939182034535,0.05032993026316259,-0.0018083883392503474,-0.0018083883392503474,0.20840823834658803,0.09205113560568717,0.0356,0.0125,0.012658227848101266
ROUTE_1,79,150,4,31,16,REQUIRED_FULL_47_IDENTITY_DESIGN,0.2,0.35,MODEST_0_05,0.05,0.060000000000000005,0.0811,0.07739659217541336,0.0849642956323911,0.052374606035690684,0.002374606035690681,0.20933007631253162,0.09199207909928157,0.063,0.0125,0.012658227848101266
ROUTE_1,79,150,4,31,16,REQUIRED_FULL_47_IDENTITY_DESIGN,0.2,0.35,MODEST_0_10,0.1,0.060000000000000005,0.12135,0.11689712344989941,0.12594830545538863,0.10172342367703822,0.0017234236770382189,0.21002710100908198,0.09203975684942407,0.0958,0.0125,0.012658227848101266
ROUTE_1,79,150,4,31,16,REQUIRED_FULL_47_IDENTITY_DESIGN,0.2,0.35,TWENTY_FIVE_PERCENT_OF_OBSERVED,0.1812934780863693,0.060000000000000005,0.20995,0.2043615602052249,0.21564983991092135,0.17966423262577613,-0.001629245460593176,0.20716560511723978,0.0920082980211939,0.17365,0.0125,0.012658227848101266
ROUTE_1,79,150,4,31,16,REQUIRED_FULL_47_IDENTITY_DESIGN,0.2,0.35,FIFTY_PERCENT_OF_OBSERVED,0.3625869561727386,0.060000000000000005,0.5216,0.5146734655187203,0.5285182385236559,0.35534252502864316,-0.007244431144095453,0.1960031037468475,0.09204612373847862,0.46005,0.0125,0.012658227848101266
ROUTE_1,79,150,4,31,16,REQUIRED_FULL_47_IDENTITY_DESIGN,0.2,0.55,NULL,0.0,0.060000000000000005,0.0509,0.04793918838114844,0.054033298404444735,0.0014742439170461136,0.0014742439170461136,0.20689685503231056,0.0907441668078207,0.03715,0.0125,0.012658227848101266
ROUTE_1,79,150,4,31,16,REQUIRED_FULL_47_IDENTITY_DESIGN,0.2,0.55,MODEST_0_05,0.05,0.060000000000000005,0.07845,0.07480403520264703,0.08225787039625479,0.04976667495719088,-0.0002333250428091238,0.20483778823716073,0.09080457255408429,0.0583,0.0125,0.012658227848101266
ROUTE_1,79,150,4,31,16,REQUIRED_FULL_47_IDENTITY_DESIGN,0.2,0.55,MODEST_0_10,0.1,0.060000000000000005,0.11685,0.11247130037323892,0.12137585685655404,0.09802072850572936,-0.001979271494270643,0.200923037138009,0.09087059389176325,0.09115,0.0125,0.012658227848101266
ROUTE_1,79,150,4,31,16,REQUIRED_FULL_47_IDENTITY_DESIGN,0.2,0.55,TWENTY_FIVE_PERCENT_OF_OBSERVED,0.1812934780863693,0.060000000000000005,0.2109,0.20530202744638137,0.2166090078012583,0.1712424782401719,-0.010050999846197395,0.1930742118587045,0.09079017704180685,0.16565,0.0125,0.012658227848101266
ROUTE_1,79,150,4,31,16,REQUIRED_FULL_47_IDENTITY_DESIGN,0.2,0.55,FIFTY_PERCENT_OF_OBSERVED,0.3625869561727386,0.060000000000000005,0.5073,0.5003704827805087,0.5142267134930723,0.3167490544366969,-0.04583790173604174,0.15225747885292026,0.09081508606252862,0.42185,0.0125,0.012658227848101266
ROUTE_2,79,150,4,31,16,REQUIRED_FULL_47_IDENTITY_DESIGN,0.1,0.15,NULL,0.0,0.060000000000000005,0.04895,0.04604537572539664,0.05202786000081535,0.0005718084276917171,0.0005718084276917171,0.10683726976671429,0.05142680484938452,0.03635,0.0125,0.012658227848101266
ROUTE_2,79,150,4,31,16,REQUIRED_FULL_47_IDENTITY_DESIGN,0.1,0.15,MODEST_0_05,0.05,0.060000000000000005,0.116,0.11163554590609119,0.12051193778499718,0.04870198439555929,-0.0012980156044407123,0.10780296697623763,0.051523136840269164,0.09085,0.0125,0.012658227848101266
ROUTE_2,79,150,4,31,16,REQUIRED_FULL_47_IDENTITY_DESIGN,0.1,0.15,MODEST_0_10,0.1,0.060000000000000005,0.23535,0.22952192243999842,0.24127972224449773,0.10073782780960733,0.0007378278096073221,0.10826402460826036,0.051384620160160856,0.19505,0.0125,0.012658227848101266
ROUTE_2,79,150,4,31,16,REQUIRED_FULL_47_IDENTITY_DESIGN,0.1,0.15,TWENTY_FIVE_PERCENT_OF_OBSERVED,0.1812934780863693,0.060000000000000005,0.4985,0.49157146549696773,0.5054291106112005,0.18039101338944408,-0.0009024646969252315,0.10789932061513029,0.05146196564800927,0.43905,0.0125,0.012658227848101266
ROUTE_2,79,150,4,31,16,REQUIRED_FULL_47_IDENTITY_DESIGN,0.1,0.15,FIFTY_PERCENT_OF_OBSERVED,0.3625869561727386,0.060000000000000005,0.9487,0.9455554850129408,0.9516721818303109,0.36136462286035936,-0.0012223333123792535,0.10832400367019406,0.051474938602534215,0.93005,0.0125,0.012658227848101266
ROUTE_2,79,150,4,31,16,REQUIRED_FULL_47_IDENTITY_DESIGN,0.1,0.35,NULL,0.0,0.060000000000000005,0.0492,0.04628810055440988,0.052285039153774054,0.00011636768299251319,0.00011636768299251319,0.1075121249416541,0.051469717459207844,0.03615,0.0125,0.012658227848101266
ROUTE_2,79,150,4,31,16,REQUIRED_FULL_47_IDENTITY_DESIGN,0.1,0.35,MODEST_0_05,0.05,0.060000000000000005,0.116,0.11163554590609119,0.12051193778499718,0.050297094855273804,0.0002970948552738009,0.10725065372906467,0.05145480728710459,0.0919,0.0125,0.012658227848101266
ROUTE_2,79,150,4,31,16,REQUIRED_FULL_47_IDENTITY_DESIGN,0.1,0.35,MODEST_0_10,0.1,0.060000000000000005,0.231,0.22521078777345221,0.23689252762473206,0.1000904122060761,9.041220607609868e-05,0.10693264411466119,0.05141386181777884,0.19165,0.0125,0.012658227848101266
ROUTE_2,79,150,4,31,16,REQUIRED_FULL_47_IDENTITY_DESIGN,0.1,0.35,TWENTY_FIVE_PERCENT_OF_OBSERVED,0.1812934780863693,0.060000000000000005,0.4979,0.49097161064570066,0.504829195905735,0.18120622447477627,-8.725361159303557e-05,0.10833632544438246,0.05143488686775427,0.4408,0.0125,0.012658227848101266
ROUTE_2,79,150,4,31,16,REQUIRED_FULL_47_IDENTITY_DESIGN,0.1,0.35,FIFTY_PERCENT_OF_OBSERVED,0.3625869561727386,0.060000000000000005,0.9501,0.9469949724186827,0.9530321567236119,0.36371960577416196,0.0011326496014233411,0.10760844944582657,0.051421517981522544,0.93135,0.0125,0.012658227848101266
ROUTE_2,79,150,4,31,16,REQUIRED_FULL_47_IDENTITY_DESIGN,0.1,0.55,NULL,0.0,0.060000000000000005,0.049,0.04609391897416605,0.05207929754844033,0.00018409334621319378,0.00018409334621319378,0.10678241181459072,0.05144690578104841,0.03625,0.0125,0.012658227848101266
ROUTE_2,79,150,4,31,16,REQUIRED_FULL_47_IDENTITY_DESIGN,0.1,0.55,MODEST_0_05,0.05,0.060000000000000005,0.11875,0.11433972922342431,0.12330669826935545,0.05108209660982314,0.001082096609823134,0.10724107228981426,0.05141601599475249,0.0934,0.0125,0.012658227848101266
ROUTE_2,79,150,4,31,16,REQUIRED_FULL_47_IDENTITY_DESIGN,0.1,0.55,MODEST_0_10,0.1,0.060000000000000005,0.23245,0.2266477362470258,0.23835502224659574,0.1004755736690597,0.00047557366905968956,0.10726095121220948,0.05141458143552876,0.19255,0.0125,0.012658227848101266
ROUTE_2,79,150,4,31,16,REQUIRED_FULL_47_IDENTITY_DESIGN,0.1,0.55,TWENTY_FIVE_PERCENT_OF_OBSERVED,0.1812934780863693,0.060000000000000005,0.49945,0.49252125607994296,0.5063789551597188,0.18019730059377842,-0.0010961774925908885,0.1070089718054639,0.05141244683307292,0.43905,0.0125,0.012658227848101266
ROUTE_2,79,150,4,31,16,REQUIRED_FULL_47_IDENTITY_DESIGN,0.1,0.55,FIFTY_PERCENT_OF_OBSERVED,0.3625869561727386,0.060000000000000005,0.94915,0.9460181073220308,0.9521093866887704,0.34722417389449967,-0.015362782278238951,0.08860114938100955,0.05144851474184913,0.9309,0.0125,0.012658227848101266
ROUTE_2,79,150,4,31,16,REQUIRED_FULL_47_IDENTITY_DESIGN,0.2,0.15,NULL,0.0,0.060000000000000005,0.05155,0.0485707380049604,0.05470149913375983,8.239154903359691e-05,8.239154903359691e-05,0.20707318998243893,0.09208336210718808,0.0386,0.0125,0.012658227848101266
ROUTE_2,79,150,4,31,16,REQUIRED_FULL_47_IDENTITY_DESIGN,0.2,0.15,MODEST_0_05,0.05,0.060000000000000005,0.0792,0.07553765333157814,0.08302396421323952,0.05009569471886174,9.569471886173436e-05,0.2047267316656697,0.09203076962607737,0.06195,0.0125,0.012658227848101266
ROUTE_2,79,150,4,31,16,REQUIRED_FULL_47_IDENTITY_DESIGN,0.2,0.15,MODEST_0_10,0.1,0.060000000000000005,0.12335,0.11886480825959822,0.1279798525014654,0.10090637104206455,0.0009063710420645493,0.20671031051104372,0.09218687268732696,0.0984,0.0125,0.012658227848101266
ROUTE_2,79,150,4,31,16,REQUIRED_FULL_47_IDENTITY_DESIGN,0.2,0.15,TWENTY_FIVE_PERCENT_OF_OBSERVED,0.1812934780863693,0.060000000000000005,0.21475,0.20911386369336588,0.22049569287664178,0.18011205982272258,-0.001181418263646733,0.20488105662211797,0.09211512435484254,0.17495,0.0125,0.012658227848101266
ROUTE_2,79,150,4,31,16,REQUIRED_FULL_47_IDENTITY_DESIGN,0.2,0.15,FIFTY_PERCENT_OF_OBSERVED,0.3625869561727386,0.060000000000000005,0.5314,0.5244787903509863,0.5383091497846902,0.3611485973545765,-0.001438358818162122,0.20316626135953603,0.09204816544439125,0.47445,0.0125,0.012658227848101266
ROUTE_2,79,150,4,31,16,REQUIRED_FULL_47_IDENTITY_DESIGN,0.2,0.35,NULL,0.0,0.060000000000000005,0.05125,0.04827923661489607,0.054393115745457826,-0.00017156965513774215,-0.00017156965513774215,0.20495016763351273,0.09202367752633676,0.03845,0.0125,0.012658227848101266
ROUTE_2,79,150,4,31,16,REQUIRED_FULL_47_IDENTITY_DESIGN,0.2,0.35,MODEST_0_05,0.05,0.060000000000000005,0.0807,0.07700518491621354,0.08455585652043578,0.05045812833133289,0.00045812833133288683,0.20527418359305422,0.09196921651491038,0.062,0.0125,0.012658227848101266
ROUTE_2,79,150,4,31,16,REQUIRED_FULL_47_IDENTITY_DESIGN,0.2,0.35,MODEST_0_10,0.1,0.060000000000000005,0.1199,0.11547080023599245,0.1244751855738583,0.09944959335299246,-0.000550406647007548,0.20293001041742442,0.09193762208330668,0.0944,0.0125,0.012658227848101266
ROUTE_2,79,150,4,31,16,REQUIRED_FULL_47_IDENTITY_DESIGN,0.2,0.35,TWENTY_FIVE_PERCENT_OF_OBSERVED,0.1812934780863693,0.060000000000000005,0.2115,0.20589603049166372,0.21721477431270858,0.1789231939275054,-0.0023702841588639223,0.20017244952060792,0.09195703103560895,0.1735,0.0125,0.012658227848101266
ROUTE_2,79,150,4,31,16,REQUIRED_FULL_47_IDENTITY_DESIGN,0.2,0.35,FIFTY_PERCENT_OF_OBSERVED,0.3625869561727386,0.060000000000000005,0.539,0.5320847625326833,0.5459002586549405,0.35594610579622815,-0.006640850376510465,0.18995214389978773,0.0920145816290971,0.4792,0.0125,0.012658227848101266
ROUTE_2,79,150,4,31,16,REQUIRED_FULL_47_IDENTITY_DESIGN,0.2,0.55,NULL,0.0,0.060000000000000005,0.05095,0.047987764265624094,0.054084703316363475,0.0011558739220509668,0.0011558739220509668,0.2005754971949768,0.09076369014942215,0.03635,0.0125,0.012658227848101266
ROUTE_2,79,150,4,31,16,REQUIRED_FULL_47_IDENTITY_DESIGN,0.2,0.55,MODEST_0_05,0.05,0.060000000000000005,0.07685,0.07323931963996606,0.08062320047431527,0.048455235379005535,-0.0015447646209944682,0.20036151326089172,0.09072033201943884,0.0573,0.0125,0.012658227848101266
ROUTE_2,79,150,4,31,16,REQUIRED_FULL_47_IDENTITY_DESIGN,0.2,0.55,MODEST_0_10,0.1,0.060000000000000005,0.1157,0.11134059189226247,0.12020700702045953,0.09541812879951936,-0.004581871200480647,0.1983395218175453,0.09076391254349392,0.08815,0.0125,0.012658227848101266
ROUTE_2,79,150,4,31,16,REQUIRED_FULL_47_IDENTITY_DESIGN,0.2,0.55,TWENTY_FIVE_PERCENT_OF_OBSERVED,0.1812934780863693,0.060000000000000005,0.2066,0.20104554653307777,0.21226714022464438,0.1714461820760048,-0.00984729601036452,0.18714064667922267,0.09080576906021141,0.1615,0.0125,0.012658227848101266
ROUTE_2,79,150,4,31,16,REQUIRED_FULL_47_IDENTITY_DESIGN,0.2,0.55,FIFTY_PERCENT_OF_OBSERVED,0.3625869561727386,0.060000000000000005,0.5101,0.5031706202022419,0.5170255006694249,0.31591720914463806,-0.04666974702810056,0.15007309956623033,0.0908855245502045,0.42455,0.0125,0.012658227848101266
ROUTE_1,79,150,4,20,12,PLANNING_SENSITIVITY_ONLY_NOT_AN_AUTHORIZED_IDENTITY_CHANGE,0.1,0.15,NULL,0.0,0.08625543461139132,0.0501,0.04716208578848323,0.053210708254799705,0.0006807175329251647,0.0006807175329251647,0.13272178122023126,0.05825800740470708,0.03745,0.0125,0.012658227848101266
ROUTE_1,79,150,4,20,12,PLANNING_SENSITIVITY_ONLY_NOT_AN_AUTHORIZED_IDENTITY_CHANGE,0.1,0.15,MODEST_0_05,0.05,0.08625543461139132,0.094,0.09003313815306282,0.09812279512449412,0.048246974319141434,-0.0017530256808585692,0.13236323474461148,0.05825088332649135,0.07285,0.0125,0.012658227848101266
ROUTE_1,79,150,4,20,12,PLANNING_SENSITIVITY_ONLY_NOT_AN_AUTHORIZED_IDENTITY_CHANGE,0.1,0.15,MODEST_0_10,0.1,0.08625543461139132,0.1775,0.17226666020044404,0.1828572030557434,0.0979837579890888,-0.002016242010911204,0.13408063917457072,0.05825268625250747,0.14345,0.0125,0.012658227848101266
ROUTE_1,79,150,4,20,12,PLANNING_SENSITIVITY_ONLY_NOT_AN_AUTHORIZED_IDENTITY_CHANGE,0.1,0.15,TWENTY_FIVE_PERCENT_OF_OBSERVED,0.1812934780863693,0.08625543461139132,0.38005,0.37334648067628157,0.38679958877357795,0.1820278989160182,0.0007344208296488908,0.1329261710981984,0.05823358206314636,0.32715,0.0125,0.012658227848101266
ROUTE_1,79,150,4,20,12,PLANNING_SENSITIVITY_ONLY_NOT_AN_AUTHORIZED_IDENTITY_CHANGE,0.1,0.15,FIFTY_PERCENT_OF_OBSERVED,0.3625869561727386,0.08625543461139132,0.84745,0.8424002473966862,0.8523663067479267,0.3625952057718008,8.24959906220446e-06,0.13170064099206066,0.05824664700421055,0.81,0.0125,0.012658227848101266
ROUTE_1,79,150,4,20,12,PLANNING_SENSITIVITY_ONLY_NOT_AN_AUTHORIZED_IDENTITY_CHANGE,0.1,0.35,NULL,0.0,0.08625543461139132,0.05025,0.047307776423977946,0.05336496000848817,-0.0008427139403478784,-0.0008427139403478784,0.13343481844629376,0.05817900444343725,0.03825,0.0125,0.012658227848101266
ROUTE_1,79,150,4,20,12,PLANNING_SENSITIVITY_ONLY_NOT_AN_AUTHORIZED_IDENTITY_CHANGE,0.1,0.35,MODEST_0_05,0.05,0.08625543461139132,0.1026,0.0984706991356169,0.10688193112177505,0.049207497643868336,-0.0007925023561316663,0.13388194651984678,0.05826080992628367,0.0802,0.0125,0.012658227848101266
ROUTE_1,79,150,4,20,12,PLANNING_SENSITIVITY_ONLY_NOT_AN_AUTHORIZED_IDENTITY_CHANGE,0.1,0.35,MODEST_0_10,0.1,0.08625543461139132,0.18445,0.17913553327848494,0.18988566067652266,0.10098458431943955,0.000984584319439541,0.13237206313031127,0.0582102209427897,0.1503,0.0125,0.012658227848101266
ROUTE_1,79,150,4,20,12,PLANNING_SENSITIVITY_ONLY_NOT_AN_AUTHORIZED_IDENTITY_CHANGE,0.1,0.35,TWENTY_FIVE_PERCENT_OF_OBSERVED,0.1812934780863693,0.08625543461139132,0.38375,0.37703330904602556,0.3905113393370187,0.18280607641334173,0.0015125983269724252,0.13190376246473454,0.05822801398118018,0.33005,0.0125,0.012658227848101266
ROUTE_1,79,150,4,20,12,PLANNING_SENSITIVITY_ONLY_NOT_AN_AUTHORIZED_IDENTITY_CHANGE,0.1,0.35,FIFTY_PERCENT_OF_OBSERVED,0.3625869561727386,0.08625543461139132,0.84695,0.841893658984015,0.8518730871966539,0.3615522730894906,-0.0010346830832480003,0.130897337748917,0.058210802966178525,0.8082,0.0125,0.012658227848101266
ROUTE_1,79,150,4,20,12,PLANNING_SENSITIVITY_ONLY_NOT_AN_AUTHORIZED_IDENTITY_CHANGE,0.1,0.55,NULL,0.0,0.08625543461139132,0.04905,0.0461424630826958,0.05213073423630496,-0.0005770948890338679,-0.0005770948890338679,0.13310237645039819,0.058228731421304525,0.03745,0.0125,0.012658227848101266
ROUTE_1,79,150,4,20,12,PLANNING_SENSITIVITY_ONLY_NOT_AN_AUTHORIZED_IDENTITY_CHANGE,0.1,0.55,MODEST_0_05,0.05,0.08625543461139132,0.1004,0.09631133792466544,0.10464213729137338,0.04984395336394365,-0.00015604663605635338,0.13302311673915326,0.05824752474535747,0.07775,0.0125,0.012658227848101266
ROUTE_1,79,150,4,20,12,PLANNING_SENSITIVITY_ONLY_NOT_AN_AUTHORIZED_IDENTITY_CHANGE,0.1,0.55,MODEST_0_10,0.1,0.08625543461139132,0.18745,0.18210140793993285,0.19291863379873814,0.10131445166389222,0.0013144516638922132,0.13245153050456768,0.058271473575383065,0.1533,0.0125,0.012658227848101266
ROUTE_1,79,150,4,20,12,PLANNING_SENSITIVITY_ONLY_NOT_AN_AUTHORIZED_IDENTITY_CHANGE,0.1,0.55,TWENTY_FIVE_PERCENT_OF_OBSERVED,0.1812934780863693,0.08625543461139132,0.37575,0.3690623093394175,0.3824854116205244,0.17968066449880368,-0.0016128135875656258,0.13073938808065624,0.05821457750360078,0.32215,0.0125,0.012658227848101266
ROUTE_1,79,150,4,20,12,PLANNING_SENSITIVITY_ONLY_NOT_AN_AUTHORIZED_IDENTITY_CHANGE,0.1,0.55,FIFTY_PERCENT_OF_OBSERVED,0.3625869561727386,0.08625543461139132,0.85015,0.8451361485786161,0.8550293685712939,0.34336638838536726,-0.019220567787371357,0.1048122321032482,0.058236520952222745,0.8139,0.0125,0.012658227848101266
ROUTE_1,79,150,4,20,12,PLANNING_SENSITIVITY_ONLY_NOT_AN_AUTHORIZED_IDENTITY_CHANGE,0.2,0.15,NULL,0.0,0.08625543461139132,0.0507,0.04774489300018943,0.0538276705998262,-0.0011163894655145188,-0.0011163894655145188,0.22002783565492068,0.09592990064440454,0.03955,0.0125,0.012658227848101266
ROUTE_1,79,150,4,20,12,PLANNING_SENSITIVITY_ONLY_NOT_AN_AUTHORIZED_IDENTITY_CHANGE,0.2,0.15,MODEST_0_05,0.05,0.08625543461139132,0.07915,0.07548874236632491,0.08297289438209834,0.0512475923096673,0.0012475923096672975,0.21971972040137266,0.09602766183808635,0.06135,0.0125,0.012658227848101266
ROUTE_1,79,150,4,20,12,PLANNING_SENSITIVITY_ONLY_NOT_AN_AUTHORIZED_IDENTITY_CHANGE,0.2,0.15,MODEST_0_10,0.1,0.08625543461139132,0.11645,0.11207799470979149,0.12096931614884637,0.10017220931370782,0.00017220931370781623,0.21912239357853805,0.09596147673794235,0.09115,0.0125,0.012658227848101266
ROUTE_1,79,150,4,20,12,PLANNING_SENSITIVITY_ONLY_NOT_AN_AUTHORIZED_IDENTITY_CHANGE,0.2,0.15,TWENTY_FIVE_PERCENT_OF_OBSERVED,0.1812934780863693,0.08625543461139132,0.1965,0.19105160175390112,0.20206496413215436,0.17951494117026426,-0.0017785369161050502,0.21864623159044552,0.09606299354281182,0.16255,0.0125,0.012658227848101266
ROUTE_1,79,150,4,20,12,PLANNING_SENSITIVITY_ONLY_NOT_AN_AUTHORIZED_IDENTITY_CHANGE,0.2,0.15,FIFTY_PERCENT_OF_OBSERVED,0.3625869561727386,0.08625543461139132,0.48935,0.4824247631051905,0.4962793272628045,0.3614488073947135,-0.0011381487780250943,0.21469120209848042,0.0960809080650516,0.4315,0.0125,0.012658227848101266
ROUTE_1,79,150,4,20,12,PLANNING_SENSITIVITY_ONLY_NOT_AN_AUTHORIZED_IDENTITY_CHANGE,0.2,0.35,NULL,0.0,0.08625543461139132,0.05075,0.047793465619609864,0.053879078776800156,0.001265106877939816,0.001265106877939816,0.2193923429022051,0.09593001719325776,0.0385,0.0125,0.012658227848101266
ROUTE_1,79,150,4,20,12,PLANNING_SENSITIVITY_ONLY_NOT_AN_AUTHORIZED_IDENTITY_CHANGE,0.2,0.35,MODEST_0_05,0.05,0.08625543461139132,0.0792,0.07553765333157814,0.08302396421323952,0.05012391390926855,0.00012391390926854567,0.2192594506494239,0.09590818940241923,0.05945,0.0125,0.012658227848101266
ROUTE_1,79,150,4,20,12,PLANNING_SENSITIVITY_ONLY_NOT_AN_AUTHORIZED_IDENTITY_CHANGE,0.2,0.35,MODEST_0_10,0.1,0.08625543461139132,0.1151,0.11075071246176818,0.11959711689422114,0.09910311831762335,-0.0008968816823766573,0.21788539843179827,0.09595935207068597,0.09125,0.0125,0.012658227848101266
ROUTE_1,79,150,4,20,12,PLANNING_SENSITIVITY_ONLY_NOT_AN_AUTHORIZED_IDENTITY_CHANGE,0.2,0.35,TWENTY_FIVE_PERCENT_OF_OBSERVED,0.1812934780863693,0.08625543461139132,0.1995,0.19401952660759306,0.2050958870621258,0.1795399108410386,-0.0017535672453307116,0.21604371161152977,0.09584161862532721,0.16375,0.0125,0.012658227848101266
ROUTE_1,79,150,4,20,12,PLANNING_SENSITIVITY_ONLY_NOT_AN_AUTHORIZED_IDENTITY_CHANGE,0.2,0.35,FIFTY_PERCENT_OF_OBSERVED,0.3625869561727386,0.08625543461139132,0.4915,0.4845737796748509,0.49842948493810285,0.3524019825235843,-0.010184973649154327,0.2018547780873552,0.09581944589774098,0.43725,0.0125,0.012658227848101266
ROUTE_1,79,150,4,20,12,PLANNING_SENSITIVITY_ONLY_NOT_AN_AUTHORIZED_IDENTITY_CHANGE,0.2,0.55,NULL,0.0,0.08625543461139132,0.0493,0.0463851964782741,0.05238790482269861,-0.0013197379797766358,-0.0013197379797766358,0.2165608055953,0.09443391651360736,0.0347,0.0125,0.012658227848101266
ROUTE_1,79,150,4,20,12,PLANNING_SENSITIVITY_ONLY_NOT_AN_AUTHORIZED_IDENTITY_CHANGE,0.2,0.55,MODEST_0_05,0.05,0.08625543461139132,0.07775,0.07411941529162058,0.08154275915775977,0.0479479936383257,-0.0020520063616743037,0.213656626155457,0.09441029817502762,0.0551,0.0125,0.012658227848101266
ROUTE_1,79,150,4,20,12,PLANNING_SENSITIVITY_ONLY_NOT_AN_AUTHORIZED_IDENTITY_CHANGE,0.2,0.55,MODEST_0_10,0.1,0.08625543461139132,0.11175,0.10745793116631956,0.11619118483124567,0.09606705407428201,-0.0039329459257179955,0.2090180010265632,0.09423407834959287,0.08435,0.0125,0.012658227848101266
ROUTE_1,79,150,4,20,12,PLANNING_SENSITIVITY_ONLY_NOT_AN_AUTHORIZED_IDENTITY_CHANGE,0.2,0.55,TWENTY_FIVE_PERCENT_OF_OBSERVED,0.1812934780863693,0.08625543461139132,0.19885,0.19337643449021577,0.20443922882637602,0.17164556010965848,-0.00964791797671083,0.1996005074043793,0.09428376883190571,0.1478,0.0125,0.012658227848101266
ROUTE_1,79,150,4,20,12,PLANNING_SENSITIVITY_ONLY_NOT_AN_AUTHORIZED_IDENTITY_CHANGE,0.2,0.55,FIFTY_PERCENT_OF_OBSERVED,0.3625869561727386,0.08625543461139132,0.4686,0.4616908502153097,0.47552120964901373,0.313661814398218,-0.04892514177452062,0.1578888552483571,0.0944649569584112,0.3737,0.0125,0.012658227848101266
ROUTE_2,79,150,4,20,12,PLANNING_SENSITIVITY_ONLY_NOT_AN_AUTHORIZED_IDENTITY_CHANGE,0.1,0.15,NULL,0.0,0.08625543461139132,0.053,0.049980063206602525,0.056191617027555006,0.0017290532733427654,0.0017290532733427654,0.11513918913712176,0.058099099094296745,0.0401,0.0125,0.012658227848101266
ROUTE_2,79,150,4,20,12,PLANNING_SENSITIVITY_ONLY_NOT_AN_AUTHORIZED_IDENTITY_CHANGE,0.1,0.15,MODEST_0_05,0.05,0.08625543461139132,0.10945,0.10519793216595416,0.11385206719746918,0.05043944533249861,0.0004394453324986086,0.11337698907663404,0.05815383339058038,0.0858,0.0125,0.012658227848101266
ROUTE_2,79,150,4,20,12,PLANNING_SENSITIVITY_ONLY_NOT_AN_AUTHORIZED_IDENTITY_CHANGE,0.1,0.15,MODEST_0_10,0.1,0.08625543461139132,0.2135,0.20787617254271482,0.2192338641174331,0.09947285886046917,-0.0005271411395308401,0.11441537052085608,0.058272897228830715,0.17435,0.0125,0.012658227848101266
ROUTE_2,79,150,4,20,12,PLANNING_SENSITIVITY_ONLY_NOT_AN_AUTHORIZED_IDENTITY_CHANGE,0.1,0.15,TWENTY_FIVE_PERCENT_OF_OBSERVED,0.1812934780863693,0.08625543461139132,0.4644,0.4574955643902993,0.4713181085768953,0.18146041259942258,0.000166934513053274,0.11408378630782579,0.05822728701124735,0.4053,0.0125,0.012658227848101266
ROUTE_2,79,150,4,20,12,PLANNING_SENSITIVITY_ONLY_NOT_AN_AUTHORIZED_IDENTITY_CHANGE,0.1,0.15,FIFTY_PERCENT_OF_OBSERVED,0.3625869561727386,0.08625543461139132,0.92425,0.9205009063221521,0.9278361510842432,0.36140562950644706,-0.00118132666629156,0.11487323390415978,0.05828070143885387,0.89995,0.0125,0.012658227848101266
ROUTE_2,79,150,4,20,12,PLANNING_SENSITIVITY_ONLY_NOT_AN_AUTHORIZED_IDENTITY_CHANGE,0.1,0.35,NULL,0.0,0.08625543461139132,0.05035,0.04740490766399351,0.05346779036126138,-0.0007407683809818089,-0.0007407683809818089,0.11447497549342976,0.05813871554472052,0.0382,0.0125,0.012658227848101266
ROUTE_2,79,150,4,20,12,PLANNING_SENSITIVITY_ONLY_NOT_AN_AUTHORIZED_IDENTITY_CHANGE,0.1,0.35,MODEST_0_05,0.05,0.08625543461139132,0.1126,0.10829329725356059,0.1170554922827093,0.05114672141063057,0.0011467214106305676,0.11461380358506364,0.058320181871739034,0.0889,0.0125,0.012658227848101266
ROUTE_2,79,150,4,20,12,PLANNING_SENSITIVITY_ONLY_NOT_AN_AUTHORIZED_IDENTITY_CHANGE,0.1,0.35,MODEST_0_10,0.1,0.08625543461139132,0.2101,0.2045100519627175,0.21580129054261193,0.09920665247431182,-0.0007933475256881872,0.1138606963368941,0.05829564128709433,0.17175,0.0125,0.012658227848101266
ROUTE_2,79,150,4,20,12,PLANNING_SENSITIVITY_ONLY_NOT_AN_AUTHORIZED_IDENTITY_CHANGE,0.1,0.35,TWENTY_FIVE_PERCENT_OF_OBSERVED,0.1812934780863693,0.08625543461139132,0.4629,0.45599736734678026,0.46981688172858266,0.18182951149106807,0.0005360334046987658,0.11405385742366943,0.0582647646212376,0.40565,0.0125,0.012658227848101266
ROUTE_2,79,150,4,20,12,PLANNING_SENSITIVITY_ONLY_NOT_AN_AUTHORIZED_IDENTITY_CHANGE,0.1,0.35,FIFTY_PERCENT_OF_OBSERVED,0.3625869561727386,0.08625543461139132,0.9236,0.9198366343581503,0.9272006726951179,0.36273591909719144,0.00014896292445282233,0.11374837550491541,0.05832173509701992,0.8994,0.0125,0.012658227848101266
ROUTE_2,79,150,4,20,12,PLANNING_SENSITIVITY_ONLY_NOT_AN_AUTHORIZED_IDENTITY_CHANGE,0.1,0.55,NULL,0.0,0.08625543461139132,0.05065,0.047696321199886975,0.053776261603734256,0.001163183397546597,0.001163183397546597,0.11501751451277815,0.058268535293806434,0.03775,0.0125,0.012658227848101266
ROUTE_2,79,150,4,20,12,PLANNING_SENSITIVITY_ONLY_NOT_AN_AUTHORIZED_IDENTITY_CHANGE,0.1,0.55,MODEST_0_05,0.05,0.08625543461139132,0.10965,0.10539443016185568,0.11405549238714519,0.048636628123413767,-0.0013633718765862363,0.11408297494580925,0.05814935279475576,0.08675,0.0125,0.012658227848101266
ROUTE_2,79,150,4,20,12,PLANNING_SENSITIVITY_ONLY_NOT_AN_AUTHORIZED_IDENTITY_CHANGE,0.1,0.55,MODEST_0_10,0.1,0.08625543461139132,0.2129,0.20728210869371366,0.21862815840970157,0.0993914483030967,-0.0006085516969033117,0.11477203166154806,0.05816860834744244,0.1762,0.0125,0.012658227848101266
ROUTE_2,79,150,4,20,12,PLANNING_SENSITIVITY_ONLY_NOT_AN_AUTHORIZED_IDENTITY_CHANGE,0.1,0.55,TWENTY_FIVE_PERCENT_OF_OBSERVED,0.1812934780863693,0.08625543461139132,0.46145,0.45454916996209316,0.46836563601783254,0.18056913857450926,-0.0007243395118600449,0.11263781144651329,0.05807440058964148,0.4055,0.0125,0.012658227848101266
ROUTE_2,79,150,4,20,12,PLANNING_SENSITIVITY_ONLY_NOT_AN_AUTHORIZED_IDENTITY_CHANGE,0.1,0.55,FIFTY_PERCENT_OF_OBSERVED,0.3625869561727386,0.08625543461139132,0.92905,0.9254088071302421,0.9325264067300146,0.3426250866557203,-0.019961869517018338,0.09383782962352914,0.058255557384881286,0.9025,0.0125,0.012658227848101266
ROUTE_2,79,150,4,20,12,PLANNING_SENSITIVITY_ONLY_NOT_AN_AUTHORIZED_IDENTITY_CHANGE,0.2,0.15,NULL,0.0,0.08625543461139132,0.0467,0.043861840208422015,0.049712259680042434,-0.0010436161292791265,-0.0010436161292791265,0.20752704696715668,0.09603414080856497,0.03525,0.0125,0.012658227848101266
ROUTE_2,79,150,4,20,12,PLANNING_SENSITIVITY_ONLY_NOT_AN_AUTHORIZED_IDENTITY_CHANGE,0.2,0.15,MODEST_0_05,0.05,0.08625543461139132,0.0825,0.07876673077548269,0.08639361933136469,0.04964480684157484,-0.0003551931584251655,0.20970626376319304,0.09598629625340527,0.0621,0.0125,0.012658227848101266
ROUTE_2,79,150,4,20,12,PLANNING_SENSITIVITY_ONLY_NOT_AN_AUTHORIZED_IDENTITY_CHANGE,0.2,0.15,MODEST_0_10,0.1,0.08625543461139132,0.11775,0.11335629910193432,0.12229051246295766,0.09803413125553317,-0.001965868744466831,0.20746206195637337,0.09600330629145926,0.092,0.0125,0.012658227848101266
ROUTE_2,79,150,4,20,12,PLANNING_SENSITIVITY_ONLY_NOT_AN_AUTHORIZED_IDENTITY_CHANGE,0.2,0.15,TWENTY_FIVE_PERCENT_OF_OBSERVED,0.1812934780863693,0.08625543461139132,0.21425,0.20861877782795119,0.21999097077811258,0.18249364150538244,0.0012001634190131338,0.20772219370321535,0.09597949265858556,0.1789,0.0125,0.012658227848101266
ROUTE_2,79,150,4,20,12,PLANNING_SENSITIVITY_ONLY_NOT_AN_AUTHORIZED_IDENTITY_CHANGE,0.2,0.15,FIFTY_PERCENT_OF_OBSERVED,0.3625869561727386,0.08625543461139132,0.52285,0.5159239960567531,0.5297672278954829,0.3623570135392645,-0.0002299426334740895,0.20723113415651062,0.09604241295764264,0.46505,0.0125,0.012658227848101266
ROUTE_2,79,150,4,20,12,PLANNING_SENSITIVITY_ONLY_NOT_AN_AUTHORIZED_IDENTITY_CHANGE,0.2,0.35,NULL,0.0,0.08625543461139132,0.05045,0.04750204221284436,0.053570617405199306,-5.8754583328131634e-05,-5.8754583328131634e-05,0.2083060217642273,0.09599880112414198,0.03695,0.0125,0.012658227848101266
ROUTE_2,79,150,4,20,12,PLANNING_SENSITIVITY_ONLY_NOT_AN_AUTHORIZED_IDENTITY_CHANGE,0.2,0.35,MODEST_0_05,0.05,0.08625543461139132,0.0795,0.07583112833698404,0.08333037398619995,0.04995292432793833,-4.707567206167079e-05,0.2073113602647574,0.09597926065275586,0.06025,0.0125,0.012658227848101266
ROUTE_2,79,150,4,20,12,PLANNING_SENSITIVITY_ONLY_NOT_AN_AUTHORIZED_IDENTITY_CHANGE,0.2,0.35,MODEST_0_10,0.1,0.08625543461139132,0.1221,0.11763495908725925,0.1267101817639446,0.09992114367448646,-7.885632551354882e-05,0.20762595685745366,0.09591814547495525,0.0971,0.0125,0.012658227848101266
ROUTE_2,79,150,4,20,12,PLANNING_SENSITIVITY_ONLY_NOT_AN_AUTHORIZED_IDENTITY_CHANGE,0.2,0.35,TWENTY_FIVE_PERCENT_OF_OBSERVED,0.1812934780863693,0.08625543461139132,0.21475,0.20911386369336588,0.22049569287664178,0.17918004831306972,-0.002113429773299591,0.20536374500380755,0.09585154939657353,0.1768,0.0125,0.012658227848101266
ROUTE_2,79,150,4,20,12,PLANNING_SENSITIVITY_ONLY_NOT_AN_AUTHORIZED_IDENTITY_CHANGE,0.2,0.35,FIFTY_PERCENT_OF_OBSERVED,0.3625869561727386,0.08625543461139132,0.52055,0.5136230534212036,0.5274690538968905,0.3527020429652655,-0.00988491320747309,0.1925135834570088,0.09586208658765738,0.46465,0.0125,0.012658227848101266
ROUTE_2,79,150,4,20,12,PLANNING_SENSITIVITY_ONLY_NOT_AN_AUTHORIZED_IDENTITY_CHANGE,0.2,0.55,NULL,0.0,0.08625543461139132,0.0478,0.0449291212096122,0.05084455619952883,-7.113857680673536e-05,-7.113857680673536e-05,0.2043940103060141,0.09451104411460455,0.0341,0.0125,0.012658227848101266
ROUTE_2,79,150,4,20,12,PLANNING_SENSITIVITY_ONLY_NOT_AN_AUTHORIZED_IDENTITY_CHANGE,0.2,0.55,MODEST_0_05,0.05,0.08625543461139132,0.0718,0.06830382815454715,0.07546063152390085,0.04619179090940281,-0.0038082090905971894,0.20330303211963366,0.09438110914719583,0.0518,0.0125,0.012658227848101266
ROUTE_2,79,150,4,20,12,PLANNING_SENSITIVITY_ONLY_NOT_AN_AUTHORIZED_IDENTITY_CHANGE,0.2,0.55,MODEST_0_10,0.1,0.08625543461139132,0.1098,0.10554180663877363,0.11420805829941041,0.09723590906234475,-0.002764090937655256,0.199868119284009,0.0943972964708692,0.0814,0.0125,0.012658227848101266
ROUTE_2,79,150,4,20,12,PLANNING_SENSITIVITY_ONLY_NOT_AN_AUTHORIZED_IDENTITY_CHANGE,0.2,0.55,TWENTY_FIVE_PERCENT_OF_OBSERVED,0.1812934780863693,0.08625543461139132,0.1978,0.19233764202454798,0.20337842456776165,0.17099675141197598,-0.010296726674393325,0.1906206107189868,0.09427395570315061,0.14995,0.0125,0.012658227848101266
ROUTE_2,79,150,4,20,12,PLANNING_SENSITIVITY_ONLY_NOT_AN_AUTHORIZED_IDENTITY_CHANGE,0.2,0.55,FIFTY_PERCENT_OF_OBSERVED,0.3625869561727386,0.08625543461139132,0.4741,0.4671854203481649,0.48102452711954136,0.3131244148635147,-0.049462541309223895,0.1533859869941443,0.09438567634512868,0.3805,0.0125,0.012658227848101266
ROUTE_1,79,300,2,31,16,REQUIRED_FULL_47_IDENTITY_DESIGN,0.1,0.15,NULL,0.0,0.06,0.05315,0.050125892826007074,0.05634572979733364,0.0020565949066412687,0.0020565949066412687,0.11815431743066125,0.051437284585421926,0.0393,0.0125,0.012658227848101266
ROUTE_1,79,300,2,31,16,REQUIRED_FULL_47_IDENTITY_DESIGN,0.1,0.15,MODEST_0_05,0.05,0.06,0.1103,0.10603307994695943,0.1147165929551685,0.04887641516085191,-0.0011235848391480951,0.11815357913890642,0.05147545249574974,0.0865,0.0125,0.012658227848101266
ROUTE_1,79,300,2,31,16,REQUIRED_FULL_47_IDENTITY_DESIGN,0.1,0.15,MODEST_0_10,0.1,0.06,0.20895,0.20337164467712454,0.21464013951113392,0.09966593672002487,-0.00033406327997513585,0.11723799194458037,0.05140437569381004,0.1715,0.0125,0.012658227848101266
ROUTE_1,79,300,2,31,16,REQUIRED_FULL_47_IDENTITY_DESIGN,0.1,0.15,TWENTY_FIVE_PERCENT_OF_OBSERVED,0.1812934780863693,0.06,0.44825,0.44136828869993205,0.45515158703187475,0.1814486400301176,0.00015516194374828873,0.11671723822736776,0.05141466829895316,0.39135,0.0125,0.012658227848101266
ROUTE_1,79,300,2,31,16,REQUIRED_FULL_47_IDENTITY_DESIGN,0.1,0.15,FIFTY_PERCENT_OF_OBSERVED,0.3625869561727386,0.06,0.9157,0.9117691564660158,0.9194711847569388,0.36238347231498436,-0.0002034838577542608,0.1167059120119682,0.05139003508321074,0.8885,0.0125,0.012658227848101266
ROUTE_1,79,300,2,31,16,REQUIRED_FULL_47_IDENTITY_DESIGN,0.1,0.35,NULL,0.0,0.06,0.0514,0.04842498369486328,0.054547311054673794,-0.0007498334243929223,-0.0007498334243929223,0.1176375433598112,0.05140883308945008,0.03855,0.0125,0.012658227848101266
ROUTE_1,79,300,2,31,16,REQUIRED_FULL_47_IDENTITY_DESIGN,0.1,0.35,MODEST_0_05,0.05,0.06,0.11045,0.10618046743742109,0.11486914785389003,0.04942555483205875,-0.000574445167941251,0.11872881624955882,0.051451221802253,0.0872,0.0125,0.012658227848101266
ROUTE_1,79,300,2,31,16,REQUIRED_FULL_47_IDENTITY_DESIGN,0.1,0.35,MODEST_0_10,0.1,0.06,0.20815,0.20257974934798473,0.21383234209796353,0.10020867771081267,0.00020867771081266306,0.11764696736886832,0.05143982259327486,0.17205,0.0125,0.012658227848101266
ROUTE_1,79,300,2,31,16,REQUIRED_FULL_47_IDENTITY_DESIGN,0.1,0.35,TWENTY_FIVE_PERCENT_OF_OBSERVED,0.1812934780863693,0.06,0.4521,0.4452122072126395,0.45900618984153535,0.1818205199551829,0.0005270418688135825,0.11857418475211057,0.05144729942820554,0.39665,0.0125,0.012658227848101266
ROUTE_1,79,300,2,31,16,REQUIRED_FULL_47_IDENTITY_DESIGN,0.1,0.35,FIFTY_PERCENT_OF_OBSERVED,0.3625869561727386,0.06,0.9157,0.9117691564660158,0.9194711847569388,0.3633130035131927,0.0007260473404540613,0.11745696143444195,0.051357017856358836,0.8896,0.0125,0.012658227848101266
ROUTE_1,79,300,2,31,16,REQUIRED_FULL_47_IDENTITY_DESIGN,0.1,0.55,NULL,0.0,0.06,0.04955,0.04662795118239311,0.05264505410055154,0.0001916579317877038,0.0001916579317877038,0.11719922085992523,0.051408606730981465,0.03745,0.0125,0.012658227848101266
ROUTE_1,79,300,2,31,16,REQUIRED_FULL_47_IDENTITY_DESIGN,0.1,0.55,MODEST_0_05,0.05,0.06,0.1087,0.10446110530283022,0.11308918211467726,0.050247405772602574,0.00024740577260257135,0.11685698045231438,0.051382775914872746,0.08515,0.0125,0.012658227848101266
ROUTE_1,79,300,2,31,16,REQUIRED_FULL_47_IDENTITY_DESIGN,0.1,0.55,MODEST_0_10,0.1,0.06,0.2123,0.2066880630200048,0.21802243452667774,0.10070815918133268,0.000708159181332671,0.11654411923056933,0.051453975558955145,0.17205,0.0125,0.012658227848101266
ROUTE_1,79,300,2,31,16,REQUIRED_FULL_47_IDENTITY_DESIGN,0.1,0.55,TWENTY_FIVE_PERCENT_OF_OBSERVED,0.1812934780863693,0.06,0.4507,0.4438143704280378,0.4576045643270941,0.18178617997720262,0.0004927018908333081,0.11605802108260614,0.05141343365184003,0.3942,0.0125,0.012658227848101266
ROUTE_1,79,300,2,31,16,REQUIRED_FULL_47_IDENTITY_DESIGN,0.1,0.55,FIFTY_PERCENT_OF_OBSERVED,0.3625869561727386,0.06,0.91405,0.9100854940831367,0.9178554808588031,0.3456814474140579,-0.016905508758680743,0.09522906801705325,0.05146793244106161,0.88645,0.0125,0.012658227848101266
ROUTE_1,79,300,2,31,16,REQUIRED_FULL_47_IDENTITY_DESIGN,0.2,0.15,NULL,0.0,0.06,0.0479,0.04502616834527764,0.050947470656652165,0.00010356499199562194,0.00010356499199562194,0.20995517736441938,0.09211094526896646,0.0351,0.0125,0.012658227848101266
ROUTE_1,79,300,2,31,16,REQUIRED_FULL_47_IDENTITY_DESIGN,0.2,0.15,MODEST_0_05,0.05,0.06,0.0801,0.07641812547585786,0.08394314640405881,0.051337087257473914,0.001337087257473911,0.20986555029203754,0.09206383933001717,0.0617,0.0125,0.012658227848101266
ROUTE_1,79,300,2,31,16,REQUIRED_FULL_47_IDENTITY_DESIGN,0.2,0.15,MODEST_0_10,0.1,0.06,0.1179,0.11350380705579714,0.12244294689827802,0.09886481176818285,-0.001135188231817158,0.21000063550777634,0.09206773019363282,0.0933,0.0125,0.012658227848101266
ROUTE_1,79,300,2,31,16,REQUIRED_FULL_47_IDENTITY_DESIGN,0.2,0.15,TWENTY_FIVE_PERCENT_OF_OBSERVED,0.1812934780863693,0.06,0.21385,0.2082227181591969,0.21958718407571176,0.1813814521661028,8.797407973348825e-05,0.2097608007511222,0.09207732929028477,0.173,0.0125,0.012658227848101266
ROUTE_1,79,300,2,31,16,REQUIRED_FULL_47_IDENTITY_DESIGN,0.2,0.15,FIFTY_PERCENT_OF_OBSERVED,0.3625869561727386,0.06,0.5178,0.5108721192515142,0.5247210442648886,0.36245464433713265,-0.00013231183560596937,0.20988468469155952,0.09212901619453727,0.4571,0.0125,0.012658227848101266
ROUTE_1,79,300,2,31,16,REQUIRED_FULL_47_IDENTITY_DESIGN,0.2,0.35,NULL,0.0,0.06,0.04625,0.04342535284963607,0.04924891987127887,-0.0019457965750461022,-0.0019457965750461022,0.20804920836201649,0.09194565741328577,0.03665,0.0125,0.012658227848101266
ROUTE_1,79,300,2,31,16,REQUIRED_FULL_47_IDENTITY_DESIGN,0.2,0.35,MODEST_0_05,0.05,0.06,0.07475,0.07118634433062888,0.07847698233508808,0.04774773971837603,-0.002252260281623973,0.2086120715468839,0.09198198556516879,0.05635,0.0125,0.012658227848101266
ROUTE_1,79,300,2,31,16,REQUIRED_FULL_47_IDENTITY_DESIGN,0.2,0.35,MODEST_0_10,0.1,0.06,0.11875,0.11433972922342431,0.12330669826935545,0.1006831306616801,0.0006831306616800897,0.21021232769090148,0.09201857112842839,0.0962,0.0125,0.012658227848101266
ROUTE_1,79,300,2,31,16,REQUIRED_FULL_47_IDENTITY_DESIGN,0.2,0.35,TWENTY_FIVE_PERCENT_OF_OBSERVED,0.1812934780863693,0.06,0.21555,0.2099060270712438,0.22130322224107404,0.182623456694609,0.0013299786082396903,0.20726650310481298,0.0919694469269788,0.1744,0.0125,0.012658227848101266
ROUTE_1,79,300,2,31,16,REQUIRED_FULL_47_IDENTITY_DESIGN,0.2,0.35,FIFTY_PERCENT_OF_OBSERVED,0.3625869561727386,0.06,0.51165,0.5047207897456633,0.5185747358142295,0.35425804393528354,-0.008328912237455077,0.19458707258429528,0.09213002522729546,0.456,0.0125,0.012658227848101266
ROUTE_1,79,300,2,31,16,REQUIRED_FULL_47_IDENTITY_DESIGN,0.2,0.55,NULL,0.0,0.06,0.04825,0.04536586122239952,0.05130764335429101,-0.0003446957535764783,-0.0003446957535764783,0.2062853671127659,0.09076734135107879,0.0356,0.0125,0.012658227848101266
ROUTE_1,79,300,2,31,16,REQUIRED_FULL_47_IDENTITY_DESIGN,0.2,0.55,MODEST_0_05,0.05,0.06,0.08085,0.0771519594364972,0.08470902438933532,0.05349095238872491,0.003490952388724905,0.20381053591142004,0.09071197677912403,0.0588,0.0125,0.012658227848101266
ROUTE_1,79,300,2,31,16,REQUIRED_FULL_47_IDENTITY_DESIGN,0.2,0.55,MODEST_0_10,0.1,0.06,0.1143,0.10996426624867203,0.11878387036500707,0.0954751327612527,-0.004524867238747302,0.20186025639398283,0.09077119910432634,0.08695,0.0125,0.012658227848101266
ROUTE_1,79,300,2,31,16,REQUIRED_FULL_47_IDENTITY_DESIGN,0.2,0.55,TWENTY_FIVE_PERCENT_OF_OBSERVED,0.1812934780863693,0.06,0.20965,0.2040645801515988,0.21534693518618112,0.17356220752258736,-0.00773127056378195,0.1913116415800217,0.09083239063180332,0.16375,0.0125,0.012658227848101266
ROUTE_1,79,300,2,31,16,REQUIRED_FULL_47_IDENTITY_DESIGN,0.2,0.55,FIFTY_PERCENT_OF_OBSERVED,0.3625869561727386,0.06,0.51145,0.5045207641254775,0.5183748382488377,0.31880105453180896,-0.04378590164092966,0.15081359737299116,0.09079478613290903,0.42795,0.0125,0.012658227848101266
ROUTE_2,79,300,2,31,16,REQUIRED_FULL_47_IDENTITY_DESIGN,0.1,0.15,NULL,0.0,0.06,0.04995,0.04701640265065933,0.05305644900344045,-0.0004037899461617987,-0.0004037899461617987,0.10894875089898852,0.05141693313488913,0.03795,0.0125,0.012658227848101266
ROUTE_2,79,300,2,31,16,REQUIRED_FULL_47_IDENTITY_DESIGN,0.1,0.15,MODEST_0_05,0.05,0.06,0.11445,0.11011171969240174,0.11893635931046051,0.04984328489314846,-0.00015671510685154322,0.106895700922329,0.05145197150593357,0.08895,0.0125,0.012658227848101266
ROUTE_2,79,300,2,31,16,REQUIRED_FULL_47_IDENTITY_DESIGN,0.1,0.15,MODEST_0_10,0.1,0.06,0.2305,0.22471531081844473,0.23638819661579566,0.09995965620020847,-4.0343799791536794e-05,0.10736991275499622,0.05143102132493321,0.1886,0.0125,0.012658227848101266
ROUTE_2,79,300,2,31,16,REQUIRED_FULL_47_IDENTITY_DESIGN,0.1,0.15,TWENTY_FIVE_PERCENT_OF_OBSERVED,0.1812934780863693,0.06,0.50035,0.493421080753583,0.5072787848211776,0.1816894985497335,0.00039602046336420504,0.106799976293615,0.05153719440658695,0.4436,0.0125,0.012658227848101266
ROUTE_2,79,300,2,31,16,REQUIRED_FULL_47_IDENTITY_DESIGN,0.1,0.15,FIFTY_PERCENT_OF_OBSERVED,0.3625869561727386,0.06,0.95225,0.9492069023643002,0.9551194010229533,0.36333511536605123,0.0007481591933126142,0.10768307741041824,0.05139698768370059,0.93315,0.0125,0.012658227848101266
ROUTE_2,79,300,2,31,16,REQUIRED_FULL_47_IDENTITY_DESIGN,0.1,0.35,NULL,0.0,0.06,0.04945,0.04653084675352752,0.05254219693662836,0.0012595028386352771,0.0012595028386352771,0.10779789601629647,0.05144809842798484,0.0375,0.0125,0.012658227848101266
ROUTE_2,79,300,2,31,16,REQUIRED_FULL_47_IDENTITY_DESIGN,0.1,0.35,MODEST_0_05,0.05,0.06,0.1154,0.11104564740006274,0.11990206673429295,0.050376802343789814,0.0003768023437898116,0.1074546251353043,0.05138781606701322,0.0915,0.0125,0.012658227848101266
ROUTE_2,79,300,2,31,16,REQUIRED_FULL_47_IDENTITY_DESIGN,0.1,0.35,MODEST_0_10,0.1,0.06,0.2254,0.21966211264463378,0.23124335355737882,0.09970956015795523,-0.0002904398420447707,0.10713260801376139,0.0514638946358933,0.18565,0.0125,0.012658227848101266
ROUTE_2,79,300,2,31,16,REQUIRED_FULL_47_IDENTITY_DESIGN,0.1,0.35,TWENTY_FIVE_PERCENT_OF_OBSERVED,0.1812934780863693,0.06,0.5034,0.4964706535125547,0.5103280406422637,0.1814129159961937,0.00011943790982438252,0.10721632785651615,0.05139088193794012,0.4457,0.0125,0.012658227848101266
ROUTE_2,79,300,2,31,16,REQUIRED_FULL_47_IDENTITY_DESIGN,0.1,0.35,FIFTY_PERCENT_OF_OBSERVED,0.3625869561727386,0.06,0.951,0.9479207024515596,0.9539060810258339,0.36258058558725526,-6.370585483361779e-06,0.10680286182713931,0.05142089965890846,0.9329,0.0125,0.012658227848101266
ROUTE_2,79,300,2,31,16,REQUIRED_FULL_47_IDENTITY_DESIGN,0.1,0.55,NULL,0.0,0.06,0.0504,0.04745347452539701,0.053519204296252273,0.0003965810075215809,0.0003965810075215809,0.10804954517935238,0.0514529196121355,0.0371,0.0125,0.012658227848101266
ROUTE_2,79,300,2,31,16,REQUIRED_FULL_47_IDENTITY_DESIGN,0.1,0.55,MODEST_0_05,0.05,0.06,0.113,0.1086864381584507,0.11746219774897429,0.048881229432544686,-0.001118770567455317,0.10724998015733243,0.05145259583588314,0.08895,0.0125,0.012658227848101266
ROUTE_2,79,300,2,31,16,REQUIRED_FULL_47_IDENTITY_DESIGN,0.1,0.55,MODEST_0_10,0.1,0.06,0.2366,0.23076091375656635,0.24254025083778954,0.10075495890032932,0.0007549589003293111,0.10824028202377399,0.05144083321968941,0.1963,0.0125,0.012658227848101266
ROUTE_2,79,300,2,31,16,REQUIRED_FULL_47_IDENTITY_DESIGN,0.1,0.55,TWENTY_FIVE_PERCENT_OF_OBSERVED,0.1812934780863693,0.06,0.50065,0.4937210272992824,0.5075787230538448,0.18125107325265422,-4.240483371509285e-05,0.10732993089041148,0.051446200874141625,0.4442,0.0125,0.012658227848101266
ROUTE_2,79,300,2,31,16,REQUIRED_FULL_47_IDENTITY_DESIGN,0.1,0.55,FIFTY_PERCENT_OF_OBSERVED,0.3625869561727386,0.06,0.9515,0.9484351168240683,0.9543914746172693,0.3474180708980397,-0.015168885274698896,0.08841700000901573,0.051503127051444296,0.93355,0.0125,0.012658227848101266
ROUTE_2,79,300,2,31,16,REQUIRED_FULL_47_IDENTITY_DESIGN,0.2,0.15,NULL,0.0,0.06,0.05145,0.0484735676630238,0.054598707882907674,0.001495828670615066,0.001495828670615066,0.20500606616426556,0.0920306139399276,0.0383,0.0125,0.012658227848101266
ROUTE_2,79,300,2,31,16,REQUIRED_FULL_47_IDENTITY_DESIGN,0.2,0.15,MODEST_0_05,0.05,0.06,0.07945,0.07578221474108467,0.08327930678570496,0.05022500512124289,0.00022500512124288413,0.20543655380105522,0.0920833259885177,0.06015,0.0125,0.012658227848101266
ROUTE_2,79,300,2,31,16,REQUIRED_FULL_47_IDENTITY_DESIGN,0.2,0.15,MODEST_0_10,0.1,0.06,0.12525,0.12073446974313007,0.1299094612809203,0.10172167823429146,0.0017216782342914516,0.2060157482301677,0.09207710209244144,0.09865,0.0125,0.012658227848101266
ROUTE_2,79,300,2,31,16,REQUIRED_FULL_47_IDENTITY_DESIGN,0.2,0.15,TWENTY_FIVE_PERCENT_OF_OBSERVED,0.1812934780863693,0.06,0.22415,0.21842377096626217,0.2299821753258907,0.1833277710732314,0.002034292986862085,0.20550753305481353,0.09203546255418912,0.18405,0.0125,0.012658227848101266
ROUTE_2,79,300,2,31,16,REQUIRED_FULL_47_IDENTITY_DESIGN,0.2,0.15,FIFTY_PERCENT_OF_OBSERVED,0.3625869561727386,0.06,0.53675,0.5298328263853254,0.5436530589645507,0.3635199650691509,0.0009330088964122907,0.20347659133465346,0.09210559787325127,0.47825,0.0125,0.012658227848101266
ROUTE_2,79,300,2,31,16,REQUIRED_FULL_47_IDENTITY_DESIGN,0.2,0.35,NULL,0.0,0.06,0.05095,0.047987764265624094,0.054084703316363475,0.000249565725646916,0.000249565725646916,0.20516788870115032,0.09198419551917258,0.03875,0.0125,0.012658227848101266
ROUTE_2,79,300,2,31,16,REQUIRED_FULL_47_IDENTITY_DESIGN,0.2,0.35,MODEST_0_05,0.05,0.06,0.08065,0.07695626093213201,0.08450479970812294,0.049148933222920035,-0.0008510667770799674,0.20513840259938163,0.09204502158361669,0.0614,0.0125,0.012658227848101266
ROUTE_2,79,300,2,31,16,REQUIRED_FULL_47_IDENTITY_DESIGN,0.2,0.35,MODEST_0_10,0.1,0.06,0.122,0.11753657778619263,0.12660860147222247,0.10010232243473076,0.00010232243473075331,0.20400015162405358,0.09200774060177638,0.0966,0.0125,0.012658227848101266
ROUTE_2,79,300,2,31,16,REQUIRED_FULL_47_IDENTITY_DESIGN,0.2,0.35,TWENTY_FIVE_PERCENT_OF_OBSERVED,0.1812934780863693,0.06,0.2158,0.2101535846704816,0.22155556862380824,0.18060858881639183,-0.0006848892699774789,0.20147972384047927,0.09204291519444378,0.1776,0.0125,0.012658227848101266
ROUTE_2,79,300,2,31,16,REQUIRED_FULL_47_IDENTITY_DESIGN,0.2,0.35,FIFTY_PERCENT_OF_OBSERVED,0.3625869561727386,0.06,0.53845,0.5315342761842998,0.5453509562429857,0.3567536005400324,-0.005833355632706205,0.18942437027421558,0.09198621319242473,0.48115,0.0125,0.012658227848101266
ROUTE_2,79,300,2,31,16,REQUIRED_FULL_47_IDENTITY_DESIGN,0.2,0.55,NULL,0.0,0.06,0.0501,0.04716208578848323,0.053210708254799705,0.000491995593036564,0.000491995593036564,0.20296363751271013,0.09072869556707588,0.0352,0.0125,0.012658227848101266
ROUTE_2,79,300,2,31,16,REQUIRED_FULL_47_IDENTITY_DESIGN,0.2,0.55,MODEST_0_05,0.05,0.06,0.07475,0.07118634433062888,0.07847698233508808,0.04902793292932581,-0.0009720670706741957,0.19855683955889636,0.09078197328873903,0.05555,0.0125,0.012658227848101266
ROUTE_2,79,300,2,31,16,REQUIRED_FULL_47_IDENTITY_DESIGN,0.2,0.55,MODEST_0_10,0.1,0.06,0.11955,0.11512654701437995,0.12411957322071006,0.09766505379870696,-0.002334946201293042,0.19657096982878589,0.09072332922107258,0.0893,0.0125,0.012658227848101266
ROUTE_2,79,300,2,31,16,REQUIRED_FULL_47_IDENTITY_DESIGN,0.2,0.55,TWENTY_FIVE_PERCENT_OF_OBSERVED,0.1812934780863693,0.06,0.20695,0.20139196850491906,0.2126205838275638,0.17155027575098603,-0.009743202335383283,0.18619717833671157,0.09080392670274182,0.16085,0.0125,0.012658227848101266
ROUTE_2,79,300,2,31,16,REQUIRED_FULL_47_IDENTITY_DESIGN,0.2,0.55,FIFTY_PERCENT_OF_OBSERVED,0.3625869561727386,0.06,0.5052,0.49827052233204794,0.5121274804929686,0.31593546210470824,-0.046651494068030375,0.14932730802961486,0.09083336960074562,0.4186,0.0125,0.012658227848101266
ROUTE_1,79,300,2,20,12,PLANNING_SENSITIVITY_ONLY_NOT_AN_AUTHORIZED_IDENTITY_CHANGE,0.1,0.15,NULL,0.0,0.0862554346113913,0.0524,0.04939681423822419,0.05557509643920068,0.0012206799745082318,0.0012206799745082318,0.13341583790809183,0.05825793375299548,0.0397,0.0125,0.012658227848101266
ROUTE_1,79,300,2,20,12,PLANNING_SENSITIVITY_ONLY_NOT_AN_AUTHORIZED_IDENTITY_CHANGE,0.1,0.15,MODEST_0_05,0.05,0.0862554346113913,0.1013,0.09719463936115892,0.10555849018997891,0.05088774877244081,0.0008877487724408065,0.13280704107346267,0.05821382386557741,0.07925,0.0125,0.012658227848101266
ROUTE_1,79,300,2,20,12,PLANNING_SENSITIVITY_ONLY_NOT_AN_AUTHORIZED_IDENTITY_CHANGE,0.1,0.15,MODEST_0_10,0.1,0.0862554346113913,0.18655,0.18121159004129458,0.19200879736227736,0.10003769314624626,3.7693146246256526e-05,0.13472023077606385,0.058188961007411145,0.15235,0.0125,0.012658227848101266
ROUTE_1,79,300,2,20,12,PLANNING_SENSITIVITY_ONLY_NOT_AN_AUTHORIZED_IDENTITY_CHANGE,0.1,0.15,TWENTY_FIVE_PERCENT_OF_OBSERVED,0.1812934780863693,0.0862554346113913,0.3734,0.36672119788556584,0.3801274256438399,0.18006799459667527,-0.0012254834896940348,0.1334436554189568,0.05824465991414237,0.3225,0.0125,0.012658227848101266
ROUTE_1,79,300,2,20,12,PLANNING_SENSITIVITY_ONLY_NOT_AN_AUTHORIZED_IDENTITY_CHANGE,0.1,0.15,FIFTY_PERCENT_OF_OBSERVED,0.3625869561727386,0.0862554346113913,0.84785,0.8428055315328025,0.8527608689829655,0.3620207224439171,-0.0005662337288215302,0.13159758189746432,0.058218002921862175,0.8089,0.0125,0.012658227848101266
ROUTE_1,79,300,2,20,12,PLANNING_SENSITIVITY_ONLY_NOT_AN_AUTHORIZED_IDENTITY_CHANGE,0.1,0.35,NULL,0.0,0.0862554346113913,0.0508,0.047842039057003814,0.05393048613580057,0.0006123768677293862,0.0006123768677293862,0.13244921366704893,0.058212831149217235,0.03815,0.0125,0.012658227848101266
ROUTE_1,79,300,2,20,12,PLANNING_SENSITIVITY_ONLY_NOT_AN_AUTHORIZED_IDENTITY_CHANGE,0.1,0.35,MODEST_0_05,0.05,0.0862554346113913,0.09515,0.09116084619287317,0.09929464540175474,0.04841292642542036,-0.0015870735745796422,0.13351587979579307,0.058327724855876506,0.07555,0.0125,0.012658227848101266
ROUTE_1,79,300,2,20,12,PLANNING_SENSITIVITY_ONLY_NOT_AN_AUTHORIZED_IDENTITY_CHANGE,0.1,0.35,MODEST_0_10,0.1,0.0862554346113913,0.1811,0.1758242717509751,0.18649820884560842,0.09992466198504041,-7.533801495959724e-05,0.1328911285537492,0.0582016998460895,0.1458,0.0125,0.012658227848101266
ROUTE_1,79,300,2,20,12,PLANNING_SENSITIVITY_ONLY_NOT_AN_AUTHORIZED_IDENTITY_CHANGE,0.1,0.35,TWENTY_FIVE_PERCENT_OF_OBSERVED,0.1812934780863693,0.0862554346113913,0.37925,0.3725493830318144,0.3859969936757348,0.18168140991164095,0.00038793182527163683,0.13324302651337908,0.058245584177135844,0.32605,0.0125,0.012658227848101266
ROUTE_1,79,300,2,20,12,PLANNING_SENSITIVITY_ONLY_NOT_AN_AUTHORIZED_IDENTITY_CHANGE,0.1,0.35,FIFTY_PERCENT_OF_OBSERVED,0.3625869561727386,0.0862554346113913,0.8435,0.8383987005727106,0.8484693706567455,0.35994168753984157,-0.0026452686328970465,0.13171749798685997,0.058194213221339934,0.8044,0.0125,0.012658227848101266
ROUTE_1,79,300,2,20,12,PLANNING_SENSITIVITY_ONLY_NOT_AN_AUTHORIZED_IDENTITY_CHANGE,0.1,0.55,NULL,0.0,0.0862554346113913,0.05155,0.0485707380049604,0.05470149913375983,-0.001186027045296124,-0.001186027045296124,0.13376713505920973,0.05821743290309362,0.0396,0.0125,0.012658227848101266
ROUTE_1,79,300,2,20,12,PLANNING_SENSITIVITY_ONLY_NOT_AN_AUTHORIZED_IDENTITY_CHANGE,0.1,0.55,MODEST_0_05,0.05,0.0862554346113913,0.09985,0.09577159338174726,0.10408209307395325,0.049360898485950634,-0.0006391015140493686,0.13196156599878736,0.05825015475287085,0.07795,0.0125,0.012658227848101266
ROUTE_1,79,300,2,20,12,PLANNING_SENSITIVITY_ONLY_NOT_AN_AUTHORIZED_IDENTITY_CHANGE,0.1,0.55,MODEST_0_10,0.1,0.0862554346113913,0.18365,0.1783447231796654,0.189076778033032,0.09950857250371821,-0.000491427496281796,0.13297686650197854,0.05824095099323993,0.14735,0.0125,0.012658227848101266
ROUTE_1,79,300,2,20,12,PLANNING_SENSITIVITY_ONLY_NOT_AN_AUTHORIZED_IDENTITY_CHANGE,0.1,0.55,TWENTY_FIVE_PERCENT_OF_OBSERVED,0.1812934780863693,0.0862554346113913,0.3741,0.367418532588104,0.38082982209082317,0.17888370375758902,-0.002409774328780284,0.13002976213954268,0.05817991296020373,0.31815,0.0125,0.012658227848101266
ROUTE_1,79,300,2,20,12,PLANNING_SENSITIVITY_ONLY_NOT_AN_AUTHORIZED_IDENTITY_CHANGE,0.1,0.55,FIFTY_PERCENT_OF_OBSERVED,0.3625869561727386,0.0862554346113913,0.8477,0.8426535485824864,0.8526129095440984,0.3434453716369941,-0.019141584535744494,0.10505784420537741,0.05820314755053299,0.8108,0.0125,0.012658227848101266
ROUTE_1,79,300,2,20,12,PLANNING_SENSITIVITY_ONLY_NOT_AN_AUTHORIZED_IDENTITY_CHANGE,0.2,0.15,NULL,0.0,0.0862554346113913,0.04955,0.04662795118239311,0.05264505410055154,-0.0004706516462238326,-0.0004706516462238326,0.21741614901472217,0.09611347201051249,0.0368,0.0125,0.012658227848101266
ROUTE_1,79,300,2,20,12,PLANNING_SENSITIVITY_ONLY_NOT_AN_AUTHORIZED_IDENTITY_CHANGE,0.2,0.15,MODEST_0_05,0.05,0.0862554346113913,0.0784,0.0747551308741971,0.08220679392831032,0.05019913380265666,0.00019913380265666053,0.21996964050752488,0.09610362809609975,0.0617,0.0125,0.012658227848101266
ROUTE_1,79,300,2,20,12,PLANNING_SENSITIVITY_ONLY_NOT_AN_AUTHORIZED_IDENTITY_CHANGE,0.2,0.15,MODEST_0_10,0.1,0.0862554346113913,0.1186,0.1141922081576347,0.1231542769459619,0.10028958102259282,0.0002895810225928136,0.21943249994758257,0.0960717097011963,0.09125,0.0125,0.012658227848101266
ROUTE_1,79,300,2,20,12,PLANNING_SENSITIVITY_ONLY_NOT_AN_AUTHORIZED_IDENTITY_CHANGE,0.2,0.15,TWENTY_FIVE_PERCENT_OF_OBSERVED,0.1812934780863693,0.0862554346113913,0.19865,0.19317856461815977,0.20423717551285445,0.1794417262976736,-0.0018517517886957047,0.21882673161093158,0.09608561196694813,0.16275,0.0125,0.012658227848101266
ROUTE_1,79,300,2,20,12,PLANNING_SENSITIVITY_ONLY_NOT_AN_AUTHORIZED_IDENTITY_CHANGE,0.2,0.15,FIFTY_PERCENT_OF_OBSERVED,0.3625869561727386,0.0862554346113913,0.4795,0.47258090803983843,0.48642696543846187,0.35927142560429604,-0.0033155305684425818,0.21618833127446224,0.09605472979968528,0.4253,0.0125,0.012658227848101266
ROUTE_1,79,300,2,20,12,PLANNING_SENSITIVITY_ONLY_NOT_AN_AUTHORIZED_IDENTITY_CHANGE,0.2,0.35,NULL,0.0,0.0862554346113913,0.051,0.048036340963523244,0.054136107414858706,0.0032916004553472903,0.0032916004553472903,0.21787834002178608,0.09600211228229487,0.0386,0.0125,0.012658227848101266
ROUTE_1,79,300,2,20,12,PLANNING_SENSITIVITY_ONLY_NOT_AN_AUTHORIZED_IDENTITY_CHANGE,0.2,0.35,MODEST_0_05,0.05,0.0862554346113913,0.07755,0.07392382577923749,0.08133842548456528,0.05065362372058354,0.0006536237205835363,0.2187642454452033,0.09592213672333212,0.0598,0.0125,0.012658227848101266
ROUTE_1,79,300,2,20,12,PLANNING_SENSITIVITY_ONLY_NOT_AN_AUTHORIZED_IDENTITY_CHANGE,0.2,0.35,MODEST_0_10,0.1,0.0862554346113913,0.1133,0.10898130529794788,0.11776721538784345,0.09993056931820571,-6.94306817942969e-05,0.21741815843707837,0.09590670220435318,0.08985,0.0125,0.012658227848101266
ROUTE_1,79,300,2,20,12,PLANNING_SENSITIVITY_ONLY_NOT_AN_AUTHORIZED_IDENTITY_CHANGE,0.2,0.35,TWENTY_FIVE_PERCENT_OF_OBSERVED,0.1812934780863693,0.0862554346113913,0.204,0.19847232711403584,0.20964135823117802,0.1817474024963642,0.0004539244099948936,0.21566625361865613,0.09587776685036674,0.166,0.0125,0.012658227848101266
ROUTE_1,79,300,2,20,12,PLANNING_SENSITIVITY_ONLY_NOT_AN_AUTHORIZED_IDENTITY_CHANGE,0.2,0.35,FIFTY_PERCENT_OF_OBSERVED,0.3625869561727386,0.0862554346113913,0.49045,0.4835242439433974,0.4973794239452742,0.35224487100689755,-0.010342085165841064,0.2037273011071351,0.0959143857108452,0.4355,0.0125,0.012658227848101266
ROUTE_1,79,300,2,20,12,PLANNING_SENSITIVITY_ONLY_NOT_AN_AUTHORIZED_IDENTITY_CHANGE,0.2,0.55,NULL,0.0,0.0862554346113913,0.0488,0.04589975115015081,0.05187354218687801,0.0013962459998699717,0.0013962459998699717,0.2161056035728394,0.0943824648614981,0.0346,0.0125,0.012658227848101266
ROUTE_1,79,300,2,20,12,PLANNING_SENSITIVITY_ONLY_NOT_AN_AUTHORIZED_IDENTITY_CHANGE,0.2,0.55,MODEST_0_05,0.05,0.0862554346113913,0.07575,0.07216384891575683,0.07949909367784794,0.047069677064185876,-0.0029303229358141267,0.21310446682278833,0.09438532031890402,0.05535,0.0125,0.012658227848101266
ROUTE_1,79,300,2,20,12,PLANNING_SENSITIVITY_ONLY_NOT_AN_AUTHORIZED_IDENTITY_CHANGE,0.2,0.55,MODEST_0_10,0.1,0.0862554346113913,0.11325,0.10893216009421533,0.1177163797951816,0.09453989161561302,-0.005460108384386986,0.2104956477368514,0.09430880348787161,0.0845,0.0125,0.012658227848101266
ROUTE_1,79,300,2,20,12,PLANNING_SENSITIVITY_ONLY_NOT_AN_AUTHORIZED_IDENTITY_CHANGE,0.2,0.55,TWENTY_FIVE_PERCENT_OF_OBSERVED,0.1812934780863693,0.0862554346113913,0.1945,0.18907326067471603,0.2000440733555639,0.1721219785648853,-0.009171499521484022,0.1987195227024528,0.0944647262418013,0.14585,0.0125,0.012658227848101266
ROUTE_1,79,300,2,20,12,PLANNING_SENSITIVITY_ONLY_NOT_AN_AUTHORIZED_IDENTITY_CHANGE,0.2,0.55,FIFTY_PERCENT_OF_OBSERVED,0.3625869561727386,0.0862554346113913,0.4699,0.46298949075616525,0.4768220698144122,0.31374066734845546,-0.04884628882428316,0.15678688699273316,0.09436523756019348,0.375,0.0125,0.012658227848101266
ROUTE_2,79,300,2,20,12,PLANNING_SENSITIVITY_ONLY_NOT_AN_AUTHORIZED_IDENTITY_CHANGE,0.1,0.15,NULL,0.0,0.0862554346113913,0.05175,0.04876508828048782,0.05490707204380998,0.000898758999119579,0.000898758999119579,0.11467484369795183,0.05827776696301791,0.0382,0.0125,0.012658227848101266
ROUTE_2,79,300,2,20,12,PLANNING_SENSITIVITY_ONLY_NOT_AN_AUTHORIZED_IDENTITY_CHANGE,0.1,0.15,MODEST_0_05,0.05,0.0862554346113913,0.10775,0.10352788405968985,0.11212276822632422,0.049575958987413016,-0.000424041012586987,0.11444294252472391,0.05830830023575559,0.08545,0.0125,0.012658227848101266
ROUTE_2,79,300,2,20,12,PLANNING_SENSITIVITY_ONLY_NOT_AN_AUTHORIZED_IDENTITY_CHANGE,0.1,0.15,MODEST_0_10,0.1,0.0862554346113913,0.20895,0.20337164467712454,0.21464013951113392,0.09911100743433292,-0.0008889925656670877,0.11444297535475481,0.05842185213795534,0.17115,0.0125,0.012658227848101266
ROUTE_2,79,300,2,20,12,PLANNING_SENSITIVITY_ONLY_NOT_AN_AUTHORIZED_IDENTITY_CHANGE,0.1,0.15,TWENTY_FIVE_PERCENT_OF_OBSERVED,0.1812934780863693,0.0862554346113913,0.4634,0.45649675937822853,0.4703172976610783,0.18179719089582136,0.0005037128094520504,0.1144344905964479,0.05824701358034716,0.40605,0.0125,0.012658227848101266
ROUTE_2,79,300,2,20,12,PLANNING_SENSITIVITY_ONLY_NOT_AN_AUTHORIZED_IDENTITY_CHANGE,0.1,0.15,FIFTY_PERCENT_OF_OBSERVED,0.3625869561727386,0.0862554346113913,0.9253,0.92157412819824,0.9288625259324373,0.36154194515590504,-0.0010450110168335747,0.11465133446821218,0.0581350366599006,0.89965,0.0125,0.012658227848101266
ROUTE_2,79,300,2,20,12,PLANNING_SENSITIVITY_ONLY_NOT_AN_AUTHORIZED_IDENTITY_CHANGE,0.1,0.35,NULL,0.0,0.0862554346113913,0.05305,0.05002867231188214,0.056242988718669784,0.0015224272040726058,0.0015224272040726058,0.11481605798324256,0.05810740110419282,0.0396,0.0125,0.012658227848101266
ROUTE_2,79,300,2,20,12,PLANNING_SENSITIVITY_ONLY_NOT_AN_AUTHORIZED_IDENTITY_CHANGE,0.1,0.35,MODEST_0_05,0.05,0.0862554346113913,0.1148,0.11045578710986326,0.11929215746775973,0.050085144546558914,8.514454655891152e-05,0.1159764456984739,0.058373722425541015,0.09145,0.0125,0.012658227848101266
ROUTE_2,79,300,2,20,12,PLANNING_SENSITIVITY_ONLY_NOT_AN_AUTHORIZED_IDENTITY_CHANGE,0.1,0.35,MODEST_0_10,0.1,0.0862554346113913,0.2152,0.2095594516632629,0.22094993207429425,0.1005813152286791,0.0005813152286790885,0.11407259626902995,0.05833539722923156,0.1776,0.0125,0.012658227848101266
ROUTE_2,79,300,2,20,12,PLANNING_SENSITIVITY_ONLY_NOT_AN_AUTHORIZED_IDENTITY_CHANGE,0.1,0.35,TWENTY_FIVE_PERCENT_OF_OBSERVED,0.1812934780863693,0.0862554346113913,0.4637,0.4567963979493087,0.4706175438683645,0.18166556111780488,0.00037208303143557164,0.1155600511091049,0.05812224459029051,0.40885,0.0125,0.012658227848101266
ROUTE_2,79,300,2,20,12,PLANNING_SENSITIVITY_ONLY_NOT_AN_AUTHORIZED_IDENTITY_CHANGE,0.1,0.35,FIFTY_PERCENT_OF_OBSERVED,0.3625869561727386,0.0862554346113913,0.92845,0.9247950705324623,0.9319403737710616,0.3621023612048366,-0.00048459496790204115,0.11347815403532892,0.05829121295357656,0.90495,0.0125,0.012658227848101266
ROUTE_2,79,300,2,20,12,PLANNING_SENSITIVITY_ONLY_NOT_AN_AUTHORIZED_IDENTITY_CHANGE,0.1,0.55,NULL,0.0,0.0862554346113913,0.0503,0.04735634162979811,0.053416375599062385,-4.535690115017719e-05,-4.535690115017719e-05,0.11467532222491432,0.058226434938492375,0.03835,0.0125,0.012658227848101266
ROUTE_2,79,300,2,20,12,PLANNING_SENSITIVITY_ONLY_NOT_AN_AUTHORIZED_IDENTITY_CHANGE,0.1,0.55,MODEST_0_05,0.05,0.0862554346113913,0.10965,0.10539443016185568,0.11405549238714519,0.049312501491489386,-0.0006874985085106172,0.1143132220617006,0.05811305853449939,0.08605,0.0125,0.012658227848101266
ROUTE_2,79,300,2,20,12,PLANNING_SENSITIVITY_ONLY_NOT_AN_AUTHORIZED_IDENTITY_CHANGE,0.1,0.55,MODEST_0_10,0.1,0.0862554346113913,0.21135,0.2057475280118205,0.21706333440336867,0.09838624563803987,-0.0016137543619601374,0.11408235915398893,0.05810297153011794,0.17415,0.0125,0.012658227848101266
ROUTE_2,79,300,2,20,12,PLANNING_SENSITIVITY_ONLY_NOT_AN_AUTHORIZED_IDENTITY_CHANGE,0.1,0.55,TWENTY_FIVE_PERCENT_OF_OBSERVED,0.1812934780863693,0.0862554346113913,0.46465,0.45774527000661813,0.4715683069425485,0.18116432897755777,-0.00012914910881153818,0.11286134218685794,0.058262996527765135,0.40955,0.0125,0.012658227848101266
ROUTE_2,79,300,2,20,12,PLANNING_SENSITIVITY_ONLY_NOT_AN_AUTHORIZED_IDENTITY_CHANGE,0.1,0.55,FIFTY_PERCENT_OF_OBSERVED,0.3625869561727386,0.0862554346113913,0.9249,0.9211652572274209,0.9284715505321015,0.34181918144937345,-0.020767774723365162,0.09351135252136014,0.05838389245903658,0.8995,0.0125,0.012658227848101266
ROUTE_2,79,300,2,20,12,PLANNING_SENSITIVITY_ONLY_NOT_AN_AUTHORIZED_IDENTITY_CHANGE,0.2,0.15,NULL,0.0,0.0862554346113913,0.0499,0.04696784327638812,0.05300502758131726,5.1573432776429225e-06,5.1573432776429225e-06,0.20838152708712254,0.09599441211698828,0.0375,0.0125,0.012658227848101266
ROUTE_2,79,300,2,20,12,PLANNING_SENSITIVITY_ONLY_NOT_AN_AUTHORIZED_IDENTITY_CHANGE,0.2,0.15,MODEST_0_05,0.05,0.0862554346113913,0.07685,0.07323931963996606,0.08062320047431527,0.04687478597437465,-0.0031252140256253502,0.20747527381446668,0.09601351671803886,0.0601,0.0125,0.012658227848101266
ROUTE_2,79,300,2,20,12,PLANNING_SENSITIVITY_ONLY_NOT_AN_AUTHORIZED_IDENTITY_CHANGE,0.2,0.15,MODEST_0_10,0.1,0.0862554346113913,0.117,0.11261879430927252,0.12152830530970363,0.09798403367077604,-0.0020159663292239616,0.2089508216382593,0.09607156446711627,0.09215,0.0125,0.012658227848101266
ROUTE_2,79,300,2,20,12,PLANNING_SENSITIVITY_ONLY_NOT_AN_AUTHORIZED_IDENTITY_CHANGE,0.2,0.15,TWENTY_FIVE_PERCENT_OF_OBSERVED,0.1812934780863693,0.0862554346113913,0.21465,0.2090148455190225,0.22039474945819637,0.18126311628179775,-3.0361804571554796e-05,0.20788949357548359,0.09603003210342813,0.17465,0.0125,0.012658227848101266
ROUTE_2,79,300,2,20,12,PLANNING_SENSITIVITY_ONLY_NOT_AN_AUTHORIZED_IDENTITY_CHANGE,0.2,0.15,FIFTY_PERCENT_OF_OBSERVED,0.3625869561727386,0.0862554346113913,0.52885,0.521927147507894,0.5357617720116689,0.36296541043460295,0.00037845426186433606,0.20488726316974298,0.09608647044019764,0.4718,0.0125,0.012658227848101266
ROUTE_2,79,300,2,20,12,PLANNING_SENSITIVITY_ONLY_NOT_AN_AUTHORIZED_IDENTITY_CHANGE,0.2,0.35,NULL,0.0,0.0862554346113913,0.0505,0.047550610725174164,0.0536220296892639,-0.000741631603190438,-0.000741631603190438,0.20836197489953553,0.0959233520630742,0.0385,0.0125,0.012658227848101266
ROUTE_2,79,300,2,20,12,PLANNING_SENSITIVITY_ONLY_NOT_AN_AUTHORIZED_IDENTITY_CHANGE,0.2,0.35,MODEST_0_05,0.05,0.0862554346113913,0.07925,0.07558656473621979,0.08307503360499226,0.049187096160106705,-0.0008129038398932975,0.20944696608139482,0.09593196124204081,0.0633,0.0125,0.012658227848101266
ROUTE_2,79,300,2,20,12,PLANNING_SENSITIVITY_ONLY_NOT_AN_AUTHORIZED_IDENTITY_CHANGE,0.2,0.35,MODEST_0_10,0.1,0.0862554346113913,0.12,0.11556916057400943,0.12457678682863008,0.09994041324908896,-5.958675091104204e-05,0.20700842292837424,0.09596033825195967,0.09535,0.0125,0.012658227848101266
ROUTE_2,79,300,2,20,12,PLANNING_SENSITIVITY_ONLY_NOT_AN_AUTHORIZED_IDENTITY_CHANGE,0.2,0.35,TWENTY_FIVE_PERCENT_OF_OBSERVED,0.1812934780863693,0.0862554346113913,0.21585,0.21020309656356045,0.22160603752712377,0.1817656826383565,0.00047220455198718203,0.2056270975050974,0.09593653612760743,0.17765,0.0125,0.012658227848101266
ROUTE_2,79,300,2,20,12,PLANNING_SENSITIVITY_ONLY_NOT_AN_AUTHORIZED_IDENTITY_CHANGE,0.2,0.35,FIFTY_PERCENT_OF_OBSERVED,0.3625869561727386,0.0862554346113913,0.5214,0.514473384662242,0.5283183961945566,0.35199394305286574,-0.010593013119872874,0.19342726230735866,0.09591697645174413,0.4648,0.0125,0.012658227848101266
ROUTE_2,79,300,2,20,12,PLANNING_SENSITIVITY_ONLY_NOT_AN_AUTHORIZED_IDENTITY_CHANGE,0.2,0.55,NULL,0.0,0.0862554346113913,0.0461,0.04327987381380474,0.04909445651792704,0.0011229179009183703,0.0011229179009183703,0.2050621624860798,0.0943758235376964,0.03115,0.0125,0.012658227848101266
ROUTE_2,79,300,2,20,12,PLANNING_SENSITIVITY_ONLY_NOT_AN_AUTHORIZED_IDENTITY_CHANGE,0.2,0.55,MODEST_0_05,0.05,0.0862554346113913,0.07395,0.07040447750865304,0.07765915641475372,0.046300899687114344,-0.0036991003128856587,0.2031115882106495,0.09439167235777841,0.0542,0.0125,0.012658227848101266
ROUTE_2,79,300,2,20,12,PLANNING_SENSITIVITY_ONLY_NOT_AN_AUTHORIZED_IDENTITY_CHANGE,0.2,0.55,MODEST_0_10,0.1,0.0862554346113913,0.11165,0.10735965804645843,0.11608949635831801,0.09694386786071588,-0.003056132139284129,0.2006535225371438,0.09436016851894635,0.08255,0.0125,0.012658227848101266
ROUTE_2,79,300,2,20,12,PLANNING_SENSITIVITY_ONLY_NOT_AN_AUTHORIZED_IDENTITY_CHANGE,0.2,0.55,TWENTY_FIVE_PERCENT_OF_OBSERVED,0.1812934780863693,0.0862554346113913,0.1935,0.18808417374311948,0.19903354435927262,0.17013673013491779,-0.011156747951451523,0.19019120095442577,0.09445341856358731,0.1477,0.0125,0.012658227848101266
ROUTE_2,79,300,2,20,12,PLANNING_SENSITIVITY_ONLY_NOT_AN_AUTHORIZED_IDENTITY_CHANGE,0.2,0.55,FIFTY_PERCENT_OF_OBSERVED,0.3625869561727386,0.0862554346113913,0.466,0.4590937104827254,0.47291934796908974,0.31172150474792565,-0.05086545142481297,0.1539942227589619,0.09440330321613216,0.3801,0.0125,0.012658227848101266
ROUTE_1,79,300,4,31,16,REQUIRED_FULL_47_IDENTITY_DESIGN,0.1,0.15,NULL,0.0,0.042426406871192854,0.05055,0.04759918006122787,0.053673441149604574,-3.266737624534626e-05,-3.266737624534626e-05,0.11030216472458917,0.04793002054263834,0.0391,0.0125,0.012658227848101266
ROUTE_1,79,300,4,31,16,REQUIRED_FULL_47_IDENTITY_DESIGN,0.1,0.15,MODEST_0_05,0.05,0.042426406871192854,0.11705,0.11266795947614981,0.12157912093922073,0.05001987428685567,1.9874286855667278e-05,0.10958429267793275,0.047925082932049244,0.09265,0.0125,0.012658227848101266
ROUTE_1,79,300,4,31,16,REQUIRED_FULL_47_IDENTITY_DESIGN,0.1,0.15,MODEST_0_10,0.1,0.042426406871192854,0.22125,0.21555110639822875,0.22705595370304957,0.09854772186749988,-0.0014522781325001233,0.10902543297891132,0.04789504668782637,0.18195,0.0125,0.012658227848101266
ROUTE_1,79,300,4,31,16,REQUIRED_FULL_47_IDENTITY_DESIGN,0.1,0.15,TWENTY_FIVE_PERCENT_OF_OBSERVED,0.1812934780863693,0.042426406871192854,0.48665,0.4797261796714482,0.4935789476912498,0.18136846606783416,7.498798146485242e-05,0.10899931692029388,0.04790297811609164,0.4305,0.0125,0.012658227848101266
ROUTE_1,79,300,4,31,16,REQUIRED_FULL_47_IDENTITY_DESIGN,0.1,0.15,FIFTY_PERCENT_OF_OBSERVED,0.3625869561727386,0.042426406871192854,0.9482,0.9450415367205511,0.9511863221587566,0.3625763547729266,-1.06013998120158e-05,0.10821205779500495,0.0478973014452199,0.92835,0.0125,0.012658227848101266
ROUTE_1,79,300,4,31,16,REQUIRED_FULL_47_IDENTITY_DESIGN,0.1,0.35,NULL,0.0,0.042426406871192854,0.0501,0.04716208578848323,0.053210708254799705,0.0025197187763079027,0.0025197187763079027,0.1088364377620909,0.04791787007089969,0.0386,0.0125,0.012658227848101266
ROUTE_1,79,300,4,31,16,REQUIRED_FULL_47_IDENTITY_DESIGN,0.1,0.35,MODEST_0_05,0.05,0.042426406871192854,0.119,0.11458560277836585,0.12356072869638585,0.050564246184366515,0.0005642461843665125,0.11024461009945818,0.04788013355463834,0.094,0.0125,0.012658227848101266
ROUTE_1,79,300,4,31,16,REQUIRED_FULL_47_IDENTITY_DESIGN,0.1,0.35,MODEST_0_10,0.1,0.042426406871192854,0.2252,0.2194639729800208,0.2310415700364143,0.09888799424947133,-0.0011120057505286801,0.1093995497037562,0.047906575218452964,0.18265,0.0125,0.012658227848101266
ROUTE_1,79,300,4,31,16,REQUIRED_FULL_47_IDENTITY_DESIGN,0.1,0.35,TWENTY_FIVE_PERCENT_OF_OBSERVED,0.1812934780863693,0.042426406871192854,0.4873,0.4803758201677654,0.4942290575480596,0.18149847850317966,0.00020500041681034697,0.11064924392185352,0.04800481304511007,0.4324,0.0125,0.012658227848101266
ROUTE_1,79,300,4,31,16,REQUIRED_FULL_47_IDENTITY_DESIGN,0.1,0.35,FIFTY_PERCENT_OF_OBSERVED,0.3625869561727386,0.042426406871192854,0.9457,0.942472966042477,0.9487558530171113,0.3620940291324303,-0.0004929270403083441,0.10894093716473548,0.047888885016839244,0.92585,0.0125,0.012658227848101266
ROUTE_1,79,300,4,31,16,REQUIRED_FULL_47_IDENTITY_DESIGN,0.1,0.55,NULL,0.0,0.042426406871192854,0.051,0.048036340963523244,0.054136107414858706,-7.404796859541189e-05,-7.404796859541189e-05,0.10957814242404623,0.047900354240025166,0.03865,0.0125,0.012658227848101266
ROUTE_1,79,300,4,31,16,REQUIRED_FULL_47_IDENTITY_DESIGN,0.1,0.55,MODEST_0_05,0.05,0.042426406871192854,0.1161,0.11173386602106944,0.12061357926280769,0.050171333065060976,0.00017133306506097318,0.1088121841119778,0.047870506512381554,0.0912,0.0125,0.012658227848101266
ROUTE_1,79,300,4,31,16,REQUIRED_FULL_47_IDENTITY_DESIGN,0.1,0.55,MODEST_0_10,0.1,0.042426406871192854,0.2281,0.22233718324886073,0.2339672459584489,0.1004125801319085,0.00041258013190849374,0.10916250727708919,0.04789483745732685,0.18815,0.0125,0.012658227848101266
ROUTE_1,79,300,4,31,16,REQUIRED_FULL_47_IDENTITY_DESIGN,0.1,0.55,TWENTY_FIVE_PERCENT_OF_OBSERVED,0.1812934780863693,0.042426406871192854,0.4907,0.4837741306308751,0.49762944123976854,0.1808488140150302,-0.00044466407133911257,0.10887077610836805,0.047957283923901806,0.42875,0.0125,0.012658227848101266
ROUTE_1,79,300,4,31,16,REQUIRED_FULL_47_IDENTITY_DESIGN,0.1,0.55,FIFTY_PERCENT_OF_OBSERVED,0.3625869561727386,0.042426406871192854,0.94615,0.9429351680081453,0.9491934782189926,0.35012480571704147,-0.012462150455697152,0.09013846609075452,0.047893478886337985,0.92675,0.0125,0.012658227848101266
ROUTE_1,79,300,4,31,16,REQUIRED_FULL_47_IDENTITY_DESIGN,0.2,0.15,NULL,0.0,0.042426406871192854,0.0509,0.04793918838114844,0.054033298404444735,0.003049584431418856,0.003049584431418856,0.20515014935916517,0.09021415085328853,0.03925,0.0125,0.012658227848101266
ROUTE_1,79,300,4,31,16,REQUIRED_FULL_47_IDENTITY_DESIGN,0.2,0.15,MODEST_0_05,0.05,0.042426406871192854,0.07705,0.07343488371287442,0.08082755958698447,0.050557709787247496,0.0005577097872474929,0.20425251270816672,0.09025196205415302,0.0591,0.0125,0.012658227848101266
ROUTE_1,79,300,4,31,16,REQUIRED_FULL_47_IDENTITY_DESIGN,0.2,0.15,MODEST_0_10,0.1,0.042426406871192854,0.1199,0.11547080023599245,0.1244751855738583,0.09926960131755638,-0.0007303986824436226,0.20670295219556942,0.09011579317664475,0.095,0.0125,0.012658227848101266
ROUTE_1,79,300,4,31,16,REQUIRED_FULL_47_IDENTITY_DESIGN,0.2,0.15,TWENTY_FIVE_PERCENT_OF_OBSERVED,0.1812934780863693,0.042426406871192854,0.2186,0.2129264413017471,0.22438163659062854,0.1799942142499109,-0.0012992638364583975,0.205618831086004,0.09014399667608398,0.1787,0.0125,0.012658227848101266
ROUTE_1,79,300,4,31,16,REQUIRED_FULL_47_IDENTITY_DESIGN,0.2,0.15,FIFTY_PERCENT_OF_OBSERVED,0.3625869561727386,0.042426406871192854,0.53655,0.5296326611297938,0.543453301034505,0.363608983590211,0.001022027417472371,0.2029265129646107,0.09006149790383126,0.4785,0.0125,0.012658227848101266
ROUTE_1,79,300,4,31,16,REQUIRED_FULL_47_IDENTITY_DESIGN,0.2,0.35,NULL,0.0,0.042426406871192854,0.0499,0.04696784327638812,0.05300502758131726,0.0014802869700758002,0.0014802869700758002,0.20525944114834271,0.0900756685492344,0.03785,0.0125,0.012658227848101266
ROUTE_1,79,300,4,31,16,REQUIRED_FULL_47_IDENTITY_DESIGN,0.2,0.35,MODEST_0_05,0.05,0.042426406871192854,0.07895,0.07529310290681228,0.08276861065603343,0.04826371694638309,-0.0017362830536169147,0.20439604253345559,0.09012288478874181,0.06065,0.0125,0.012658227848101266
ROUTE_1,79,300,4,31,16,REQUIRED_FULL_47_IDENTITY_DESIGN,0.2,0.35,MODEST_0_10,0.1,0.042426406871192854,0.1258,0.12127575216813731,0.13046796761625132,0.10047815593459207,0.0004781559345920644,0.20576332907034353,0.09019877963298119,0.0989,0.0125,0.012658227848101266
ROUTE_1,79,300,4,31,16,REQUIRED_FULL_47_IDENTITY_DESIGN,0.2,0.35,TWENTY_FIVE_PERCENT_OF_OBSERVED,0.1812934780863693,0.042426406871192854,0.21585,0.21020309656356045,0.22160603752712377,0.18027900771821878,-0.0010144703681505274,0.20404575049991747,0.0900440448265793,0.1777,0.0125,0.012658227848101266
ROUTE_1,79,300,4,31,16,REQUIRED_FULL_47_IDENTITY_DESIGN,0.2,0.35,FIFTY_PERCENT_OF_OBSERVED,0.3625869561727386,0.042426406871192854,0.5303,0.5233780594534123,0.5372103031615878,0.35513241599073087,-0.007454540182007752,0.19219479375213971,0.09013794051333353,0.4741,0.0125,0.012658227848101266
ROUTE_1,79,300,4,31,16,REQUIRED_FULL_47_IDENTITY_DESIGN,0.2,0.55,NULL,0.0,0.042426406871192854,0.0501,0.04716208578848323,0.053210708254799705,0.00022205874681362285,0.00022205874681362285,0.20231155490820907,0.0890484440109267,0.0365,0.0125,0.012658227848101266
ROUTE_1,79,300,4,31,16,REQUIRED_FULL_47_IDENTITY_DESIGN,0.2,0.55,MODEST_0_05,0.05,0.042426406871192854,0.08025,0.07656488452010135,0.08409632974899847,0.04923454934500238,-0.0007654506549976195,0.2017784305423126,0.08904759527087402,0.05855,0.0125,0.012658227848101266
ROUTE_1,79,300,4,31,16,REQUIRED_FULL_47_IDENTITY_DESIGN,0.2,0.55,MODEST_0_10,0.1,0.042426406871192854,0.1223,0.11783172464814538,0.12691333938863605,0.09756580032750141,-0.0024341996724985965,0.1987022199004275,0.08901377943490438,0.095,0.0125,0.012658227848101266
ROUTE_1,79,300,4,31,16,REQUIRED_FULL_47_IDENTITY_DESIGN,0.2,0.55,TWENTY_FIVE_PERCENT_OF_OBSERVED,0.1812934780863693,0.042426406871192854,0.2157,0.21005456125746114,0.2214546304440399,0.17488138980834875,-0.006412088278020561,0.1892798268001645,0.08909153670905386,0.1715,0.0125,0.012658227848101266
ROUTE_1,79,300,4,31,16,REQUIRED_FULL_47_IDENTITY_DESIGN,0.2,0.55,FIFTY_PERCENT_OF_OBSERVED,0.3625869561727386,0.042426406871192854,0.5263,0.5193756857542963,0.5332142131491525,0.31804179835991553,-0.04454515781282309,0.15002020795142584,0.08904388635087343,0.4493,0.0125,0.012658227848101266
ROUTE_2,79,300,4,31,16,REQUIRED_FULL_47_IDENTITY_DESIGN,0.1,0.15,NULL,0.0,0.042426406871192854,0.04705,0.044201381985967424,0.05007258347725776,-0.0015073293842228328,-0.0015073293842228328,0.10380599281697164,0.047971592148384645,0.0361,0.0125,0.012658227848101266
ROUTE_2,79,300,4,31,16,REQUIRED_FULL_47_IDENTITY_DESIGN,0.1,0.15,MODEST_0_05,0.05,0.042426406871192854,0.12605,0.12152179913782407,0.13072182462853654,0.051531630621526305,0.0015316306215263017,0.10495672365118436,0.04785385825367356,0.0993,0.0125,0.012658227848101266
ROUTE_2,79,300,4,31,16,REQUIRED_FULL_47_IDENTITY_DESIGN,0.1,0.15,MODEST_0_10,0.1,0.042426406871192854,0.2472,0.24127035624779947,0.253226737182167,0.101137701853443,0.0011377018534429878,0.1044731467693406,0.047855459034542684,0.2053,0.0125,0.012658227848101266
ROUTE_2,79,300,4,31,16,REQUIRED_FULL_47_IDENTITY_DESIGN,0.1,0.15,TWENTY_FIVE_PERCENT_OF_OBSERVED,0.1812934780863693,0.042426406871192854,0.5256,0.5186753161464185,0.5325148516075088,0.1814548080224325,0.00016132993606318702,0.10416199092090289,0.04788827408154257,0.46495,0.0125,0.012658227848101266
ROUTE_2,79,300,4,31,16,REQUIRED_FULL_47_IDENTITY_DESIGN,0.1,0.15,FIFTY_PERCENT_OF_OBSERVED,0.3625869561727386,0.042426406871192854,0.9591,0.9562657831322483,0.9617578893610363,0.3634448564785877,0.0008579003058490908,0.10445583407475824,0.04792263545044818,0.94265,0.0125,0.012658227848101266
ROUTE_2,79,300,4,31,16,REQUIRED_FULL_47_IDENTITY_DESIGN,0.1,0.35,NULL,0.0,0.042426406871192854,0.05,0.047064962861556744,0.05310786958893743,-0.0008705481232748138,-0.0008705481232748138,0.10477864250100867,0.047918621189462565,0.0375,0.0125,0.012658227848101266
ROUTE_2,79,300,4,31,16,REQUIRED_FULL_47_IDENTITY_DESIGN,0.1,0.35,MODEST_0_05,0.05,0.042426406871192854,0.12235,0.11788091665401458,0.12696412817916122,0.05075092704804583,0.0007509270480458297,0.10420028783916736,0.0478612580938789,0.0969,0.0125,0.012658227848101266
ROUTE_2,79,300,4,31,16,REQUIRED_FULL_47_IDENTITY_DESIGN,0.1,0.35,MODEST_0_10,0.1,0.042426406871192854,0.2431,0.23720479647447398,0.24909387165115257,0.10055912986278681,0.0005591298627868058,0.10459012264778228,0.04794360941574793,0.2022,0.0125,0.012658227848101266
ROUTE_2,79,300,4,31,16,REQUIRED_FULL_47_IDENTITY_DESIGN,0.1,0.35,TWENTY_FIVE_PERCENT_OF_OBSERVED,0.1812934780863693,0.042426406871192854,0.52065,0.5137230913488886,0.5275689775619941,0.18184981521553473,0.0005563371291654184,0.10464028832209737,0.04791298031116638,0.46535,0.0125,0.012658227848101266
ROUTE_2,79,300,4,31,16,REQUIRED_FULL_47_IDENTITY_DESIGN,0.1,0.35,FIFTY_PERCENT_OF_OBSERVED,0.3625869561727386,0.042426406871192854,0.96035,0.957556020356856,0.9629671720462885,0.3622732959619579,-0.0003136602107807196,0.10330159613574136,0.047907332705038365,0.9452,0.0125,0.012658227848101266
ROUTE_2,79,300,4,31,16,REQUIRED_FULL_47_IDENTITY_DESIGN,0.1,0.55,NULL,0.0,0.042426406871192854,0.05,0.047064962861556744,0.05310786958893743,0.0006725340482026732,0.0006725340482026732,0.10454677129984584,0.04793112077863444,0.0384,0.0125,0.012658227848101266
ROUTE_2,79,300,4,31,16,REQUIRED_FULL_47_IDENTITY_DESIGN,0.1,0.55,MODEST_0_05,0.05,0.042426406871192854,0.11815,0.11374965880540375,0.12269699913064336,0.049568543501894234,-0.00043145649810576864,0.104183800035943,0.047876555357310314,0.0939,0.0125,0.012658227848101266
ROUTE_2,79,300,4,31,16,REQUIRED_FULL_47_IDENTITY_DESIGN,0.1,0.55,MODEST_0_10,0.1,0.042426406871192854,0.2447,0.23879126931545136,0.25070678429479565,0.10036646326161577,0.00036646326161576814,0.10430284970803948,0.04788762989215474,0.20295,0.0125,0.012658227848101266
ROUTE_2,79,300,4,31,16,REQUIRED_FULL_47_IDENTITY_DESIGN,0.1,0.55,TWENTY_FIVE_PERCENT_OF_OBSERVED,0.1812934780863693,0.042426406871192854,0.52265,0.5157239082523531,0.5295673925143053,0.1800162606694097,-0.0012772174169596029,0.10308133934115714,0.04793608305276265,0.46215,0.0125,0.012658227848101266
ROUTE_2,79,300,4,31,16,REQUIRED_FULL_47_IDENTITY_DESIGN,0.1,0.55,FIFTY_PERCENT_OF_OBSERVED,0.3625869561727386,0.042426406871192854,0.9612,0.9584337951434363,0.9637890707984129,0.34982649346369654,-0.012760462709042075,0.08594172852472545,0.047889918845064924,0.94635,0.0125,0.012658227848101266
ROUTE_2,79,300,4,31,16,REQUIRED_FULL_47_IDENTITY_DESIGN,0.2,0.15,NULL,0.0,0.042426406871192854,0.0479,0.04502616834527764,0.050947470656652165,-0.0007191834390846474,-0.0007191834390846474,0.2031860758179554,0.09009963072845413,0.0351,0.0125,0.012658227848101266
ROUTE_2,79,300,4,31,16,REQUIRED_FULL_47_IDENTITY_DESIGN,0.2,0.15,MODEST_0_05,0.05,0.042426406871192854,0.0815,0.0777880266580394,0.08537270752092017,0.050489594478533587,0.0004895944785335837,0.20360432385455557,0.09020721668327293,0.0627,0.0125,0.012658227848101266
ROUTE_2,79,300,4,31,16,REQUIRED_FULL_47_IDENTITY_DESIGN,0.2,0.15,MODEST_0_10,0.1,0.042426406871192854,0.12265,0.11817607385068213,0.12726885576086003,0.10086304010938252,0.0008630401093825124,0.20201279080993156,0.09017858102389426,0.09725,0.0125,0.012658227848101266
ROUTE_2,79,300,4,31,16,REQUIRED_FULL_47_IDENTITY_DESIGN,0.2,0.15,TWENTY_FIVE_PERCENT_OF_OBSERVED,0.1812934780863693,0.042426406871192854,0.21865,0.21297596011003728,0.22443209857873275,0.17892037831944133,-0.002373099766927983,0.20251756172512494,0.09017665089876806,0.18075,0.0125,0.012658227848101266
ROUTE_2,79,300,4,31,16,REQUIRED_FULL_47_IDENTITY_DESIGN,0.2,0.15,FIFTY_PERCENT_OF_OBSERVED,0.3625869561727386,0.042426406871192854,0.53605,0.5291322528791388,0.542953901321216,0.36074248527553765,-0.0018444708972009671,0.20275139034929548,0.09013633152747402,0.4801,0.0125,0.012658227848101266
ROUTE_2,79,300,4,31,16,REQUIRED_FULL_47_IDENTITY_DESIGN,0.2,0.35,NULL,0.0,0.042426406871192854,0.05155,0.0485707380049604,0.05470149913375983,-0.001959389398670551,-0.001959389398670551,0.20485716948016883,0.0900434198944859,0.03935,0.0125,0.012658227848101266
ROUTE_2,79,300,4,31,16,REQUIRED_FULL_47_IDENTITY_DESIGN,0.2,0.35,MODEST_0_05,0.05,0.042426406871192854,0.07825,0.07460842056368415,0.08205356184964009,0.049688531135709195,-0.00031146886429080783,0.202414833595876,0.09005868145680636,0.06095,0.0125,0.012658227848101266
ROUTE_2,79,300,4,31,16,REQUIRED_FULL_47_IDENTITY_DESIGN,0.2,0.35,MODEST_0_10,0.1,0.042426406871192854,0.12105,0.1166020048331239,0.1256435392937978,0.10018082603473068,0.00018082603473067171,0.20306746921085614,0.090025312773371,0.09705,0.0125,0.012658227848101266
ROUTE_2,79,300,4,31,16,REQUIRED_FULL_47_IDENTITY_DESIGN,0.2,0.35,TWENTY_FIVE_PERCENT_OF_OBSERVED,0.1812934780863693,0.042426406871192854,0.2238,0.21807704864869987,0.22962903206869228,0.1817963294459451,0.0005028513595757844,0.2008116692416204,0.09008444368487979,0.18385,0.0125,0.012658227848101266
ROUTE_2,79,300,4,31,16,REQUIRED_FULL_47_IDENTITY_DESIGN,0.2,0.35,FIFTY_PERCENT_OF_OBSERVED,0.3625869561727386,0.042426406871192854,0.53965,0.5327353482145172,0.5465494233262336,0.35571916562791867,-0.006867790544819952,0.18803633341145312,0.09019708814988957,0.482,0.0125,0.012658227848101266
ROUTE_2,79,300,4,31,16,REQUIRED_FULL_47_IDENTITY_DESIGN,0.2,0.55,NULL,0.0,0.042426406871192854,0.048,0.045123219032845246,0.05105038156187333,-0.0006725376419052888,-0.0006725376419052888,0.20002051087712494,0.0890605041119548,0.0339,0.0125,0.012658227848101266
ROUTE_2,79,300,4,31,16,REQUIRED_FULL_47_IDENTITY_DESIGN,0.2,0.55,MODEST_0_05,0.05,0.042426406871192854,0.0804,0.07671164744817409,0.08424950921010892,0.048849240408393,-0.0011507595916070007,0.19841080729163665,0.08893696537345597,0.05895,0.0125,0.012658227848101266
ROUTE_2,79,300,4,31,16,REQUIRED_FULL_47_IDENTITY_DESIGN,0.2,0.55,MODEST_0_10,0.1,0.042426406871192854,0.1228,0.11832365576127574,0.1274212162394496,0.09701234224923416,-0.002987657750765843,0.195723463346458,0.08905323828144524,0.0947,0.0125,0.012658227848101266
ROUTE_2,79,300,4,31,16,REQUIRED_FULL_47_IDENTITY_DESIGN,0.2,0.55,TWENTY_FIVE_PERCENT_OF_OBSERVED,0.1812934780863693,0.042426406871192854,0.21885,0.2131740365690278,0.22463394530531974,0.17290464497888788,-0.008388833107481425,0.18611795108244467,0.08895062336294716,0.1733,0.0125,0.012658227848101266
ROUTE_2,79,300,4,31,16,REQUIRED_FULL_47_IDENTITY_DESIGN,0.2,0.55,FIFTY_PERCENT_OF_OBSERVED,0.3625869561727386,0.042426406871192854,0.5263,0.5193756857542963,0.5332142131491525,0.3186440626363712,-0.04394289353636743,0.14758835939965087,0.08896641427856186,0.4442,0.0125,0.012658227848101266
ROUTE_1,79,300,4,20,12,PLANNING_SENSITIVITY_ONLY_NOT_AN_AUTHORIZED_IDENTITY_CHANGE,0.1,0.15,NULL,0.0,0.060991802727907635,0.04975,0.04682217018525079,0.052850758283271425,-0.00018642887551643882,-0.00018642887551643882,0.11778390634221236,0.05171130565559066,0.03645,0.0125,0.012658227848101266
ROUTE_1,79,300,4,20,12,PLANNING_SENSITIVITY_ONLY_NOT_AN_AUTHORIZED_IDENTITY_CHANGE,0.1,0.15,MODEST_0_05,0.05,0.060991802727907635,0.11005,0.10578743976289719,0.1144623291572588,0.05142619973573371,0.0014261997357337061,0.11711808832626314,0.051698601596146435,0.08705,0.0125,0.012658227848101266
ROUTE_1,79,300,4,20,12,PLANNING_SENSITIVITY_ONLY_NOT_AN_AUTHORIZED_IDENTITY_CHANGE,0.1,0.15,MODEST_0_10,0.1,0.060991802727907635,0.2054,0.1998578626646857,0.2110552849795711,0.10002855026650982,2.8550266509816402e-05,0.11739795037738215,0.051695194683537476,0.1674,0.0125,0.012658227848101266
ROUTE_1,79,300,4,20,12,PLANNING_SENSITIVITY_ONLY_NOT_AN_AUTHORIZED_IDENTITY_CHANGE,0.1,0.15,TWENTY_FIVE_PERCENT_OF_OBSERVED,0.1812934780863693,0.060991802727907635,0.44145,0.43458005041608344,0.4483424370060864,0.18112260882218795,-0.0001708692641813614,0.11780857606608469,0.051643180674925244,0.3857,0.0125,0.012658227848101266
ROUTE_1,79,300,4,20,12,PLANNING_SENSITIVITY_ONLY_NOT_AN_AUTHORIZED_IDENTITY_CHANGE,0.1,0.15,FIFTY_PERCENT_OF_OBSERVED,0.3625869561727386,0.060991802727907635,0.9107,0.9066684544132636,0.9145738071702519,0.36037854387317614,-0.002208412299562479,0.11844129802585984,0.051624245172995215,0.88325,0.0125,0.012658227848101266
ROUTE_1,79,300,4,20,12,PLANNING_SENSITIVITY_ONLY_NOT_AN_AUTHORIZED_IDENTITY_CHANGE,0.1,0.35,NULL,0.0,0.060991802727907635,0.0481,0.04522027326179008,0.05115328892571727,0.0001225841573663218,0.0001225841573663218,0.11719094703359785,0.051704026469103825,0.0357,0.0125,0.012658227848101266
ROUTE_1,79,300,4,20,12,PLANNING_SENSITIVITY_ONLY_NOT_AN_AUTHORIZED_IDENTITY_CHANGE,0.1,0.35,MODEST_0_05,0.05,0.060991802727907635,0.1133,0.10898130529794788,0.11776721538784345,0.05034655736707858,0.00034655736707858015,0.11773491799548656,0.05163585440686022,0.08855,0.0125,0.012658227848101266
ROUTE_1,79,300,4,20,12,PLANNING_SENSITIVITY_ONLY_NOT_AN_AUTHORIZED_IDENTITY_CHANGE,0.1,0.35,MODEST_0_10,0.1,0.060991802727907635,0.20745,0.20188686810176348,0.2131254921946633,0.09941377641435488,-0.0005862235856451264,0.11849266429829934,0.051695387232308175,0.1706,0.0125,0.012658227848101266
ROUTE_1,79,300,4,20,12,PLANNING_SENSITIVITY_ONLY_NOT_AN_AUTHORIZED_IDENTITY_CHANGE,0.1,0.35,TWENTY_FIVE_PERCENT_OF_OBSERVED,0.1812934780863693,0.060991802727907635,0.44405,0.43717539915958037,0.45094608967509775,0.1811595328913273,-0.00013394519504200675,0.11745687318971021,0.0516500367252164,0.38845,0.0125,0.012658227848101266
ROUTE_1,79,300,4,20,12,PLANNING_SENSITIVITY_ONLY_NOT_AN_AUTHORIZED_IDENTITY_CHANGE,0.1,0.35,FIFTY_PERCENT_OF_OBSERVED,0.3625869561727386,0.060991802727907635,0.9106,0.9065664794091304,0.9144758205815964,0.36095285160188934,-0.0016341045708492818,0.11751461823932068,0.05166070202779397,0.88405,0.0125,0.012658227848101266
ROUTE_1,79,300,4,20,12,PLANNING_SENSITIVITY_ONLY_NOT_AN_AUTHORIZED_IDENTITY_CHANGE,0.1,0.55,NULL,0.0,0.060991802727907635,0.0509,0.04793918838114844,0.054033298404444735,0.0005183254071075666,0.0005183254071075666,0.11733533024942833,0.05160336016573442,0.0382,0.0125,0.012658227848101266
ROUTE_1,79,300,4,20,12,PLANNING_SENSITIVITY_ONLY_NOT_AN_AUTHORIZED_IDENTITY_CHANGE,0.1,0.55,MODEST_0_05,0.05,0.060991802727907635,0.1155,0.11114396117084911,0.12000371455629534,0.05096116103617176,0.0009611610361717551,0.1186602694285373,0.05160907393219871,0.08915,0.0125,0.012658227848101266
ROUTE_1,79,300,4,20,12,PLANNING_SENSITIVITY_ONLY_NOT_AN_AUTHORIZED_IDENTITY_CHANGE,0.1,0.55,MODEST_0_10,0.1,0.060991802727907635,0.20565,0.2001052905829636,0.21130776104326515,0.09798592339597452,-0.002014076604025486,0.117844571197482,0.051631666365962156,0.16755,0.0125,0.012658227848101266
ROUTE_1,79,300,4,20,12,PLANNING_SENSITIVITY_ONLY_NOT_AN_AUTHORIZED_IDENTITY_CHANGE,0.1,0.55,TWENTY_FIVE_PERCENT_OF_OBSERVED,0.1812934780863693,0.060991802727907635,0.4522,0.44531205480498093,0.4591063038419827,0.18223526185838843,0.0009417837720191169,0.11719720966131023,0.051641765316823636,0.39635,0.0125,0.012658227848101266
ROUTE_1,79,300,4,20,12,PLANNING_SENSITIVITY_ONLY_NOT_AN_AUTHORIZED_IDENTITY_CHANGE,0.1,0.55,FIFTY_PERCENT_OF_OBSERVED,0.3625869561727386,0.060991802727907635,0.9163,0.912381505669082,0.9200586051106052,0.3475890606713252,-0.014997895501413394,0.09458008914526166,0.051629217273826467,0.8896,0.0125,0.012658227848101266
ROUTE_1,79,300,4,20,12,PLANNING_SENSITIVITY_ONLY_NOT_AN_AUTHORIZED_IDENTITY_CHANGE,0.2,0.15,NULL,0.0,0.060991802727907635,0.05095,0.047987764265624094,0.054084703316363475,0.003154740094888646,0.003154740094888646,0.2114769304369187,0.09222070577539614,0.0382,0.0125,0.012658227848101266
ROUTE_1,79,300,4,20,12,PLANNING_SENSITIVITY_ONLY_NOT_AN_AUTHORIZED_IDENTITY_CHANGE,0.2,0.15,MODEST_0_05,0.05,0.060991802727907635,0.07985,0.07617353572657791,0.08368783217136681,0.05053243290072089,0.0005324329007208861,0.21046131341407448,0.09225976306460562,0.06145,0.0125,0.012658227848101266
ROUTE_1,79,300,4,20,12,PLANNING_SENSITIVITY_ONLY_NOT_AN_AUTHORIZED_IDENTITY_CHANGE,0.2,0.15,MODEST_0_10,0.1,0.060991802727907635,0.1217,0.11724143981303357,0.1263038546670152,0.10041673677068913,0.0004167367706891245,0.21180037247760047,0.09225297628755581,0.0963,0.0125,0.012658227848101266
ROUTE_1,79,300,4,20,12,PLANNING_SENSITIVITY_ONLY_NOT_AN_AUTHORIZED_IDENTITY_CHANGE,0.2,0.15,TWENTY_FIVE_PERCENT_OF_OBSERVED,0.1812934780863693,0.060991802727907635,0.21405,0.20842074698976282,0.21978907843072337,0.18171925973555103,0.00042578164918172234,0.20939666105824048,0.09222896816658104,0.17375,0.0125,0.012658227848101266
ROUTE_1,79,300,4,20,12,PLANNING_SENSITIVITY_ONLY_NOT_AN_AUTHORIZED_IDENTITY_CHANGE,0.2,0.15,FIFTY_PERCENT_OF_OBSERVED,0.3625869561727386,0.060991802727907635,0.51445,0.5075212649204452,0.5213731852375332,0.36187542556501945,-0.0007115306077191685,0.2087739296005921,0.09213931463018898,0.4574,0.0125,0.012658227848101266
ROUTE_1,79,300,4,20,12,PLANNING_SENSITIVITY_ONLY_NOT_AN_AUTHORIZED_IDENTITY_CHANGE,0.2,0.35,NULL,0.0,0.060991802727907635,0.0515,0.048522152433424025,0.05465010390890181,-0.00137483931213918,-0.00137483931213918,0.21021593100937552,0.09210563491721241,0.03865,0.0125,0.012658227848101266
ROUTE_1,79,300,4,20,12,PLANNING_SENSITIVITY_ONLY_NOT_AN_AUTHORIZED_IDENTITY_CHANGE,0.2,0.35,MODEST_0_05,0.05,0.060991802727907635,0.08005,0.07636920665923591,0.08389208442428636,0.048939740985361524,-0.0010602590146384788,0.2115355831488811,0.09224954678624452,0.06035,0.0125,0.012658227848101266
ROUTE_1,79,300,4,20,12,PLANNING_SENSITIVITY_ONLY_NOT_AN_AUTHORIZED_IDENTITY_CHANGE,0.2,0.35,MODEST_0_10,0.1,0.060991802727907635,0.11645,0.11207799470979149,0.12096931614884637,0.09951547771887043,-0.00048452228112957907,0.20792287057745928,0.09213677822105754,0.0896,0.0125,0.012658227848101266
ROUTE_1,79,300,4,20,12,PLANNING_SENSITIVITY_ONLY_NOT_AN_AUTHORIZED_IDENTITY_CHANGE,0.2,0.35,TWENTY_FIVE_PERCENT_OF_OBSERVED,0.1812934780863693,0.060991802727907635,0.2142,0.20856926993030137,0.219940497879368,0.1820471856890218,0.0007537076026525036,0.20938191110326912,0.09205952043637983,0.1776,0.0125,0.012658227848101266
ROUTE_1,79,300,4,20,12,PLANNING_SENSITIVITY_ONLY_NOT_AN_AUTHORIZED_IDENTITY_CHANGE,0.2,0.35,FIFTY_PERCENT_OF_OBSERVED,0.3625869561727386,0.060991802727907635,0.51795,0.5110221647913071,0.5248709411142787,0.35513670985767903,-0.007450246315059583,0.1955119192877124,0.09211382865572994,0.45995,0.0125,0.012658227848101266
ROUTE_1,79,300,4,20,12,PLANNING_SENSITIVITY_ONLY_NOT_AN_AUTHORIZED_IDENTITY_CHANGE,0.2,0.55,NULL,0.0,0.060991802727907635,0.0503,0.04735634162979811,0.053416375599062385,0.0005506461886852138,0.0005506461886852138,0.20755551046130205,0.09098047173212535,0.0378,0.0125,0.012658227848101266
ROUTE_1,79,300,4,20,12,PLANNING_SENSITIVITY_ONLY_NOT_AN_AUTHORIZED_IDENTITY_CHANGE,0.2,0.55,MODEST_0_05,0.05,0.060991802727907635,0.0768,0.0731904297655396,0.08057210955234734,0.048335125651888126,-0.0016648743481118763,0.2055553946522999,0.09090082682059268,0.057,0.0125,0.012658227848101266
ROUTE_1,79,300,4,20,12,PLANNING_SENSITIVITY_ONLY_NOT_AN_AUTHORIZED_IDENTITY_CHANGE,0.2,0.55,MODEST_0_10,0.1,0.060991802727907635,0.1174,0.1130121229308978,0.12193482305923348,0.09667023495816857,-0.0033297650418314395,0.2021303582449351,0.09092145893222599,0.0905,0.0125,0.012658227848101266
ROUTE_1,79,300,4,20,12,PLANNING_SENSITIVITY_ONLY_NOT_AN_AUTHORIZED_IDENTITY_CHANGE,0.2,0.55,TWENTY_FIVE_PERCENT_OF_OBSERVED,0.1812934780863693,0.060991802727907635,0.21135,0.2057475280118205,0.21706333440336867,0.1728818072792571,-0.00841167080711222,0.19375244995703023,0.09082804997739564,0.16565,0.0125,0.012658227848101266
ROUTE_1,79,300,4,20,12,PLANNING_SENSITIVITY_ONLY_NOT_AN_AUTHORIZED_IDENTITY_CHANGE,0.2,0.55,FIFTY_PERCENT_OF_OBSERVED,0.3625869561727386,0.060991802727907635,0.5091,0.5021705461722399,0.516025958771539,0.31668553608878064,-0.04590142008395798,0.15213453800750806,0.09083853217624763,0.42435,0.0125,0.012658227848101266
ROUTE_2,79,300,4,20,12,PLANNING_SENSITIVITY_ONLY_NOT_AN_AUTHORIZED_IDENTITY_CHANGE,0.1,0.15,NULL,0.0,0.060991802727907635,0.0513,0.04832781816968915,0.054444514987059135,0.0008330763438321739,0.0008330763438321739,0.10864576983471631,0.051579652754293395,0.03915,0.0125,0.012658227848101266
ROUTE_2,79,300,4,20,12,PLANNING_SENSITIVITY_ONLY_NOT_AN_AUTHORIZED_IDENTITY_CHANGE,0.1,0.15,MODEST_0_05,0.05,0.060991802727907635,0.1189,0.11448725259043231,0.12345911729153065,0.04888913795303031,-0.0011108620469696961,0.10890271780153073,0.05164703192294451,0.0933,0.0125,0.012658227848101266
ROUTE_2,79,300,4,20,12,PLANNING_SENSITIVITY_ONLY_NOT_AN_AUTHORIZED_IDENTITY_CHANGE,0.1,0.15,MODEST_0_10,0.1,0.060991802727907635,0.2263,0.2205537646087438,0.23215135592836786,0.0997825108055022,-0.00021748919449780801,0.10683950892145674,0.05172000365805622,0.18555,0.0125,0.012658227848101266
ROUTE_2,79,300,4,20,12,PLANNING_SENSITIVITY_ONLY_NOT_AN_AUTHORIZED_IDENTITY_CHANGE,0.1,0.15,TWENTY_FIVE_PERCENT_OF_OBSERVED,0.1812934780863693,0.060991802727907635,0.49415,0.4872227438504337,0.5010795029714228,0.18044448890677914,-0.0008489891795901705,0.10794543778083711,0.0517838393907326,0.43715,0.0125,0.012658227848101266
ROUTE_2,79,300,4,20,12,PLANNING_SENSITIVITY_ONLY_NOT_AN_AUTHORIZED_IDENTITY_CHANGE,0.1,0.15,FIFTY_PERCENT_OF_OBSERVED,0.3625869561727386,0.060991802727907635,0.94975,0.9466350399915118,0.952692223576022,0.3624378429265031,-0.00014911324623551048,0.10780282802611656,0.051522504430727215,0.9304,0.0125,0.012658227848101266
ROUTE_2,79,300,4,20,12,PLANNING_SENSITIVITY_ONLY_NOT_AN_AUTHORIZED_IDENTITY_CHANGE,0.1,0.35,NULL,0.0,0.060991802727907635,0.05095,0.047987764265624094,0.054084703316363475,0.0022503208547204902,0.0022503208547204902,0.10753850924088637,0.051706892182265145,0.0392,0.0125,0.012658227848101266
ROUTE_2,79,300,4,20,12,PLANNING_SENSITIVITY_ONLY_NOT_AN_AUTHORIZED_IDENTITY_CHANGE,0.1,0.35,MODEST_0_05,0.05,0.060991802727907635,0.11845,0.11404468939684033,0.12300185331757311,0.050674229966378916,0.0006742299663789128,0.1071483812070131,0.05164095729577694,0.09115,0.0125,0.012658227848101266
ROUTE_2,79,300,4,20,12,PLANNING_SENSITIVITY_ONLY_NOT_AN_AUTHORIZED_IDENTITY_CHANGE,0.1,0.35,MODEST_0_10,0.1,0.060991802727907635,0.22675,0.2209996049599635,0.23260534274469763,0.09965907526647912,-0.00034092473352088926,0.1078975544860264,0.05159120798102058,0.1901,0.0125,0.012658227848101266
ROUTE_2,79,300,4,20,12,PLANNING_SENSITIVITY_ONLY_NOT_AN_AUTHORIZED_IDENTITY_CHANGE,0.1,0.35,TWENTY_FIVE_PERCENT_OF_OBSERVED,0.1812934780863693,0.060991802727907635,0.49865,0.4917214307685029,0.5055790877288485,0.18089280427407603,-0.0004006738122932785,0.10755260022725491,0.05166168480806818,0.4398,0.0125,0.012658227848101266
ROUTE_2,79,300,4,20,12,PLANNING_SENSITIVITY_ONLY_NOT_AN_AUTHORIZED_IDENTITY_CHANGE,0.1,0.35,FIFTY_PERCENT_OF_OBSERVED,0.3625869561727386,0.060991802727907635,0.94755,0.9443735225706551,0.9505545859555256,0.36139268409467734,-0.0011942720780612759,0.10818343313240573,0.05171805001748064,0.92875,0.0125,0.012658227848101266
ROUTE_2,79,300,4,20,12,PLANNING_SENSITIVITY_ONLY_NOT_AN_AUTHORIZED_IDENTITY_CHANGE,0.1,0.55,NULL,0.0,0.060991802727907635,0.0495,0.04657939854423662,0.05259362594231365,0.0007286386611239424,0.0007286386611239424,0.10747258761149515,0.05164885156336711,0.0365,0.0125,0.012658227848101266
ROUTE_2,79,300,4,20,12,PLANNING_SENSITIVITY_ONLY_NOT_AN_AUTHORIZED_IDENTITY_CHANGE,0.1,0.55,MODEST_0_05,0.05,0.060991802727907635,0.11725,0.11286462274746212,0.12178238085348594,0.04976085623305562,-0.00023914376694438022,0.1077921547884745,0.05158240386441566,0.09375,0.0125,0.012658227848101266
ROUTE_2,79,300,4,20,12,PLANNING_SENSITIVITY_ONLY_NOT_AN_AUTHORIZED_IDENTITY_CHANGE,0.1,0.55,MODEST_0_10,0.1,0.060991802727907635,0.2301,0.22431893759863203,0.2359847234644532,0.09852206896283822,-0.0014779310371617893,0.10821031247335416,0.051591581430372915,0.187,0.0125,0.012658227848101266
ROUTE_2,79,300,4,20,12,PLANNING_SENSITIVITY_ONLY_NOT_AN_AUTHORIZED_IDENTITY_CHANGE,0.1,0.55,TWENTY_FIVE_PERCENT_OF_OBSERVED,0.1812934780863693,0.060991802727907635,0.4983,0.4913715127714542,0.5052291401511366,0.180277990536674,-0.0010154875496952986,0.10627243704583175,0.051673554300354335,0.4394,0.0125,0.012658227848101266
ROUTE_2,79,300,4,20,12,PLANNING_SENSITIVITY_ONLY_NOT_AN_AUTHORIZED_IDENTITY_CHANGE,0.1,0.55,FIFTY_PERCENT_OF_OBSERVED,0.3625869561727386,0.060991802727907635,0.9526,0.9495671373604043,0.9554590316016097,0.34770774679964234,-0.01487920937309628,0.08838031364612962,0.05168519747921609,0.93455,0.0125,0.012658227848101266
ROUTE_2,79,300,4,20,12,PLANNING_SENSITIVITY_ONLY_NOT_AN_AUTHORIZED_IDENTITY_CHANGE,0.2,0.15,NULL,0.0,0.060991802727907635,0.0504,0.04745347452539701,0.053519204296252273,-0.0025360693335241143,-0.0025360693335241143,0.2045350575453605,0.09223332925052788,0.03705,0.0125,0.012658227848101266
ROUTE_2,79,300,4,20,12,PLANNING_SENSITIVITY_ONLY_NOT_AN_AUTHORIZED_IDENTITY_CHANGE,0.2,0.15,MODEST_0_05,0.05,0.060991802727907635,0.08345,0.07969665369209185,0.08736333154624891,0.04970494372674635,-0.00029505627325365075,0.20641878208681355,0.09213729712361639,0.0649,0.0125,0.012658227848101266
ROUTE_2,79,300,4,20,12,PLANNING_SENSITIVITY_ONLY_NOT_AN_AUTHORIZED_IDENTITY_CHANGE,0.2,0.15,MODEST_0_10,0.1,0.060991802727907635,0.12365,0.11915999477542664,0.1282845507640033,0.09949187040999871,-0.0005081295900012939,0.20759409786291433,0.0922575517138274,0.09965,0.0125,0.012658227848101266
ROUTE_2,79,300,4,20,12,PLANNING_SENSITIVITY_ONLY_NOT_AN_AUTHORIZED_IDENTITY_CHANGE,0.2,0.15,TWENTY_FIVE_PERCENT_OF_OBSERVED,0.1812934780863693,0.060991802727907635,0.22015,0.21446158123839199,0.22594590134220977,0.1801755356628027,-0.0011179424235666091,0.20631745360011605,0.0921506215419433,0.1801,0.0125,0.012658227848101266
ROUTE_2,79,300,4,20,12,PLANNING_SENSITIVITY_ONLY_NOT_AN_AUTHORIZED_IDENTITY_CHANGE,0.2,0.15,FIFTY_PERCENT_OF_OBSERVED,0.3625869561727386,0.060991802727907635,0.53585,0.5289320915338898,0.5427541394808877,0.36237971276249537,-0.00020724341024325188,0.20372439036099546,0.09214678665905499,0.4799,0.0125,0.012658227848101266
ROUTE_2,79,300,4,20,12,PLANNING_SENSITIVITY_ONLY_NOT_AN_AUTHORIZED_IDENTITY_CHANGE,0.2,0.35,NULL,0.0,0.060991802727907635,0.05065,0.047696321199886975,0.053776261603734256,-0.0009690064007367459,-0.0009690064007367459,0.20673104818348254,0.09215758965519476,0.03755,0.0125,0.012658227848101266
ROUTE_2,79,300,4,20,12,PLANNING_SENSITIVITY_ONLY_NOT_AN_AUTHORIZED_IDENTITY_CHANGE,0.2,0.35,MODEST_0_05,0.05,0.060991802727907635,0.081,0.07729873780124324,0.08486218841377244,0.050147740218129164,0.00014774021812916094,0.20603739157842177,0.09210052363291961,0.06345,0.0125,0.012658227848101266
ROUTE_2,79,300,4,20,12,PLANNING_SENSITIVITY_ONLY_NOT_AN_AUTHORIZED_IDENTITY_CHANGE,0.2,0.35,MODEST_0_10,0.1,0.060991802727907635,0.1198,0.11537244090804204,0.12437358330901992,0.10036862789859098,0.0003686278985909758,0.20319159068504813,0.09220521113186365,0.0948,0.0125,0.012658227848101266
ROUTE_2,79,300,4,20,12,PLANNING_SENSITIVITY_ONLY_NOT_AN_AUTHORIZED_IDENTITY_CHANGE,0.2,0.35,TWENTY_FIVE_PERCENT_OF_OBSERVED,0.1812934780863693,0.060991802727907635,0.2201,0.21441205876480032,0.22589544301940698,0.18300298566888776,0.0017095075825184491,0.201656638212434,0.0920781388418301,0.18075,0.0125,0.012658227848101266
ROUTE_2,79,300,4,20,12,PLANNING_SENSITIVITY_ONLY_NOT_AN_AUTHORIZED_IDENTITY_CHANGE,0.2,0.35,FIFTY_PERCENT_OF_OBSERVED,0.3625869561727386,0.060991802727907635,0.5289,0.5219771779794039,0.5358117223365534,0.3520317661543199,-0.010555190018418703,0.1911638344231018,0.09212913062748083,0.4705,0.0125,0.012658227848101266
ROUTE_2,79,300,4,20,12,PLANNING_SENSITIVITY_ONLY_NOT_AN_AUTHORIZED_IDENTITY_CHANGE,0.2,0.55,NULL,0.0,0.060991802727907635,0.05015,0.047210648502146166,0.05326212633753116,0.00016485179033859918,0.00016485179033859918,0.20317608854194455,0.09095061454680017,0.03615,0.0125,0.012658227848101266
ROUTE_2,79,300,4,20,12,PLANNING_SENSITIVITY_ONLY_NOT_AN_AUTHORIZED_IDENTITY_CHANGE,0.2,0.55,MODEST_0_05,0.05,0.060991802727907635,0.0751,0.0715284494678986,0.0788347427725791,0.04664876329537172,-0.00335123670462828,0.19889334681147078,0.09083887881746157,0.05495,0.0125,0.012658227848101266
ROUTE_2,79,300,4,20,12,PLANNING_SENSITIVITY_ONLY_NOT_AN_AUTHORIZED_IDENTITY_CHANGE,0.2,0.55,MODEST_0_10,0.1,0.060991802727907635,0.1155,0.11114396117084911,0.12000371455629534,0.09455331601513951,-0.0054466839848604925,0.19614144114074966,0.09101214542879131,0.08765,0.0125,0.012658227848101266
ROUTE_2,79,300,4,20,12,PLANNING_SENSITIVITY_ONLY_NOT_AN_AUTHORIZED_IDENTITY_CHANGE,0.2,0.55,TWENTY_FIVE_PERCENT_OF_OBSERVED,0.1812934780863693,0.060991802727907635,0.20875,0.2031736677471959,0.214438193255485,0.1713898759428036,-0.009903602143565698,0.18869132487209822,0.09100632723510776,0.1612,0.0125,0.012658227848101266
ROUTE_2,79,300,4,20,12,PLANNING_SENSITIVITY_ONLY_NOT_AN_AUTHORIZED_IDENTITY_CHANGE,0.2,0.55,FIFTY_PERCENT_OF_OBSERVED,0.3625869561727386,0.060991802727907635,0.5028,0.49587071719241654,0.5097282074056693,0.3148808240023099,-0.04770613217042874,0.14934655177206532,0.09086531730272819,0.41855,0.0125,0.012658227848101266
