metric,shell,pair_index,controller_i,controller_j,intervention_distance,blind_spot_D_shape,intervention_rank_fraction,blind_spot_rank_fraction
A0,MEDIUM,0,V4_DIRECTION_00,V4_DIRECTION_01,1.30930847637557,0.0535117056856187,0.801724137931034,0.69073275862069
A0,MEDIUM,1,V4_DIRECTION_00,V4_DIRECTION_02,0.964183932644122,0.0390301003344482,0.463362068965517,0.3125
A0,MEDIUM,2,V4_DIRECTION_00,V4_DIRECTION_03,1.64950892524267,0.040133779264214,0.967672413793103,0.365301724137931
A0,MEDIUM,3,V4_DIRECTION_00,V4_DIRECTION_04,1.17291003067761,0.0434448160535117,0.672413793103448,0.450431034482759
A0,MEDIUM,4,V4_DIRECTION_00,V4_DIRECTION_06,1.54611226137297,0.0803567447045708,0.931034482758621,0.982758620689655
A0,MEDIUM,5,V4_DIRECTION_00,V4_DIRECTION_07,1.15125819457622,0.0568561872909699,0.644396551724138,0.751077586206897
A0,MEDIUM,6,V4_DIRECTION_00,V4_DIRECTION_08,1.10536356161711,0.0402006688963211,0.605603448275862,0.383620689655172
A0,MEDIUM,7,V4_DIRECTION_00,V4_DIRECTION_09,1.15124103765359,0.0500780379041249,0.642241379310345,0.59375
A0,MEDIUM,8,V4_DIRECTION_00,V4_DIRECTION_10,1.17328268530293,0.0268561872909699,0.676724137931034,0.131465517241379
A0,MEDIUM,9,V4_DIRECTION_00,V4_DIRECTION_11,1.03169283419433,0.0536789297658863,0.525862068965517,0.700431034482759
A0,MEDIUM,10,V4_DIRECTION_00,V4_DIRECTION_13,1.36752543402392,0.0433221850613155,0.859913793103448,0.429956896551724
A0,MEDIUM,11,V4_DIRECTION_00,V4_DIRECTION_15,0.269508231542335,0.029933110367893,0.00862068965517241,0.144396551724138
A0,MEDIUM,12,V4_DIRECTION_00,V4_DIRECTION_17,1.10025737015292,0.0529096989966555,0.599137931034483,0.646551724137931
A0,MEDIUM,13,V4_DIRECTION_00,V4_DIRECTION_18,1.03613301083953,0.0602898550724638,0.530172413793103,0.818965517241379
A0,MEDIUM,14,V4_DIRECTION_00,V4_DIRECTION_19,0.562470441301021,0.0230100334448161,0.122844827586207,0.0711206896551724
A0,MEDIUM,15,V4_DIRECTION_00,V4_DIRECTION_20,1.21062402061092,0.0266889632107023,0.717672413793103,0.109913793103448
A0,MEDIUM,16,V4_DIRECTION_00,V4_DIRECTION_22,0.893691267626606,0.0368227424749164,0.390086206896552,0.307112068965517
A0,MEDIUM,17,V4_DIRECTION_00,V4_DIRECTION_23,0.542643281368447,0.0234559643255295,0.107758620689655,0.0915948275862069
A0,MEDIUM,18,V4_DIRECTION_00,V4_DIRECTION_24,1.74802454976891,0.0500780379041249,0.989224137931034,0.59375
A0,MEDIUM,19,V4_DIRECTION_00,V4_DIRECTION_26,0.993685253809066,0.0392642140468227,0.489224137931034,0.314655172413793
A0,MEDIUM,20,V4_DIRECTION_00,V4_DIRECTION_28,0.410003045934074,0.00696767001114827,0.0431034482758621,0.00646551724137931
A0,MEDIUM,21,V4_DIRECTION_00,V4_DIRECTION_29,0.55327905925688,0.0203678929765886,0.116379310344828,0.0668103448275862
A0,MEDIUM,22,V4_DIRECTION_00,V4_DIRECTION_30,1.70291415166607,0.0667558528428094,0.976293103448276,0.894396551724138
A0,MEDIUM,23,V4_DIRECTION_00,V4_DIRECTION_31,0.642879588144528,0.0201895206243032,0.183189655172414,0.0646551724137931
A0,MEDIUM,24,V4_DIRECTION_00,V4_DIRECTION_32,1.12878803949079,0.0736677814938684,0.620689655172414,0.952586206896552
A0,MEDIUM,25,V4_DIRECTION_00,V4_DIRECTION_33,1.14259376849367,0.0201560758082497,0.637931034482759,0.0625
A0,MEDIUM,26,V4_DIRECTION_00,V4_DIRECTION_34,0.849089025347256,0.0435228539576366,0.334051724137931,0.469827586206897
A0,MEDIUM,27,V4_DIRECTION_00,V4_DIRECTION_35,1.21060790266151,0.050345596432553,0.71551724137931,0.632543103448276
A0,MEDIUM,28,V4_DIRECTION_00,V4_DIRECTION_37,1.26266847636059,0.0468227424749164,0.769396551724138,0.533405172413793
A0,MEDIUM,29,V4_DIRECTION_00,V4_DIRECTION_39,0.648206667588031,0.066778149386845,0.189655172413793,0.896551724137931
A0,MEDIUM,30,V4_DIRECTION_01,V4_DIRECTION_02,0.522467354475135,0.03,0.0926724137931035,0.147629310344828
A0,MEDIUM,31,V4_DIRECTION_01,V4_DIRECTION_03,1.09499854646245,0.0430323299888517,0.594827586206897,0.400862068965517
A0,MEDIUM,32,V4_DIRECTION_01,V4_DIRECTION_04,0.642812888756716,0.0602787068004459,0.181034482758621,0.816810344827586
A0,MEDIUM,33,V4_DIRECTION_01,V4_DIRECTION_06,0.514871970744673,0.0498104793756968,0.0862068965517241,0.567887931034483
A0,MEDIUM,34,V4_DIRECTION_01,V4_DIRECTION_07,1.0115084932238,0.0468227424749164,0.512931034482759,0.533405172413793
A0,MEDIUM,35,V4_DIRECTION_01,V4_DIRECTION_08,1.27485395005921,0.0432107023411371,0.788793103448276,0.414870689655172
A0,MEDIUM,36,V4_DIRECTION_01,V4_DIRECTION_09,0.744916327332127,0.0137346711259755,0.234913793103448,0.021551724137931
A0,MEDIUM,37,V4_DIRECTION_01,V4_DIRECTION_10,1.55038051552088,0.0566220735785953,0.933189655172414,0.730603448275862
A0,MEDIUM,38,V4_DIRECTION_01,V4_DIRECTION_11,1.48176707613639,0.0566889632107023,0.90948275862069,0.737068965517241
A0,MEDIUM,39,V4_DIRECTION_01,V4_DIRECTION_13,0.497707193664673,0.0301672240802676,0.0775862068965517,0.172413793103448
A0,MEDIUM,40,V4_DIRECTION_01,V4_DIRECTION_15,1.1868775043197,0.067056856187291,0.691810344827586,0.90948275862069
A0,MEDIUM,41,V4_DIRECTION_01,V4_DIRECTION_17,0.181750594974589,0.020133779264214,0,0.0581896551724138
A0,MEDIUM,42,V4_DIRECTION_01,V4_DIRECTION_18,0.87227515407439,0.0761204013377926,0.372844827586207,0.961206896551724
A0,MEDIUM,43,V4_DIRECTION_01,V4_DIRECTION_19,1.22701208403071,0.0401783723522854,0.734913793103448,0.379310344827586
A0,MEDIUM,44,V4_DIRECTION_01,V4_DIRECTION_20,0.584423210862549,0.0268004459308807,0.137931034482759,0.126077586206897
A0,MEDIUM,45,V4_DIRECTION_01,V4_DIRECTION_22,0.592355344350375,0.049866220735786,0.142241379310345,0.573275862068966
A0,MEDIUM,46,V4_DIRECTION_01,V4_DIRECTION_23,1.19018237566329,0.0701672240802676,0.696120689655172,0.922413793103448
A0,MEDIUM,47,V4_DIRECTION_01,V4_DIRECTION_24,0.994043293706047,0.0301226309921962,0.491379310344828,0.170258620689655
A0,MEDIUM,48,V4_DIRECTION_01,V4_DIRECTION_26,0.809444740089868,0.0365886287625418,0.303879310344828,0.280172413793103
A0,MEDIUM,49,V4_DIRECTION_01,V4_DIRECTION_28,1.4817439205604,0.0666109253065775,0.907327586206897,0.892241379310345
A0,MEDIUM,50,V4_DIRECTION_01,V4_DIRECTION_29,0.819112716788369,0.030066889632107,0.3125,0.154094827586207
A0,MEDIUM,51,V4_DIRECTION_01,V4_DIRECTION_30,0.941893239936365,0.0336454849498328,0.439655172413793,0.256465517241379
A0,MEDIUM,52,V4_DIRECTION_01,V4_DIRECTION_31,0.488765360944877,0.0267670011148272,0.0711206896551724,0.122844827586207
A0,MEDIUM,53,V4_DIRECTION_01,V4_DIRECTION_32,0.995374685827676,0.0498104793756968,0.495689655172414,0.567887931034483
A0,MEDIUM,54,V4_DIRECTION_01,V4_DIRECTION_33,1.26568710267153,0.0564994425863991,0.775862068965517,0.724137931034483
A0,MEDIUM,55,V4_DIRECTION_01,V4_DIRECTION_34,1.26194666696616,0.0631438127090301,0.767241379310345,0.831896551724138
A0,MEDIUM,56,V4_DIRECTION_01,V4_DIRECTION_35,0.446027981755013,0.0233667781493868,0.0581896551724138,0.0818965517241379
A0,MEDIUM,57,V4_DIRECTION_01,V4_DIRECTION_37,1.47342684187871,0.0468227424749164,0.90301724137931,0.533405172413793
A0,MEDIUM,58,V4_DIRECTION_01,V4_DIRECTION_39,1.14005014075177,0.0762541806020067,0.633620689655172,0.966594827586207
A0,MEDIUM,59,V4_DIRECTION_02,V4_DIRECTION_03,1.24524432616103,0.0619509476031215,0.75,0.827586206896552
A0,MEDIUM,60,V4_DIRECTION_02,V4_DIRECTION_04,0.692514835935848,0.049453734671126,0.209051724137931,0.553879310344828
A0,MEDIUM,61,V4_DIRECTION_02,V4_DIRECTION_06,0.981842864583182,0.0655852842809365,0.474137931034483,0.875
A0,MEDIUM,62,V4_DIRECTION_02,V4_DIRECTION_07,0.467651639549335,0.0302006688963211,0.0625,0.174568965517241
A0,MEDIUM,63,V4_DIRECTION_02,V4_DIRECTION_08,1.04918227003035,0.0422742474916388,0.543103448275862,0.392241379310345
A0,MEDIUM,64,V4_DIRECTION_02,V4_DIRECTION_09,1.409324093119,0.032943143812709,0.881465517241379,0.191810344827586
A0,MEDIUM,65,V4_DIRECTION_02,V4_DIRECTION_10,1.35951940477535,0.0424080267558528,0.849137931034483,0.394396551724138
A0,MEDIUM,66,V4_DIRECTION_02,V4_DIRECTION_11,1.78307935178582,0.0527090301003344,0.993534482758621,0.637931034482759
A0,MEDIUM,67,V4_DIRECTION_02,V4_DIRECTION_13,0.870178864769365,0.0331326644370123,0.364224137931034,0.200431034482759
A0,MEDIUM,68,V4_DIRECTION_02,V4_DIRECTION_15,0.784013133222028,0.0430769230769231,0.282327586206897,0.405172413793103
A0,MEDIUM,69,V4_DIRECTION_02,V4_DIRECTION_17,0.535093993347895,0.0266889632107023,0.101293103448276,0.109913793103448
A0,MEDIUM,70,V4_DIRECTION_02,V4_DIRECTION_18,0.7681031435289,0.0683389074693423,0.258620689655172,0.911637931034483
A0,MEDIUM,71,V4_DIRECTION_02,V4_DIRECTION_19,0.562269503972304,0.0199554069119287,0.120689655172414,0.040948275862069
A0,MEDIUM,72,V4_DIRECTION_02,V4_DIRECTION_20,0.985128457319202,0.0396878483835006,0.478448275862069,0.323275862068966
A0,MEDIUM,73,V4_DIRECTION_02,V4_DIRECTION_22,0.756511608712509,0.0555183946488294,0.247844827586207,0.704741379310345
A0,MEDIUM,74,V4_DIRECTION_02,V4_DIRECTION_23,0.399599657015294,0.0360089186176143,0.040948275862069,0.265086206896552
A0,MEDIUM,75,V4_DIRECTION_02,V4_DIRECTION_24,1.08889758568675,0.0197993311036789,0.588362068965517,0.0387931034482759
A0,MEDIUM,76,V4_DIRECTION_02,V4_DIRECTION_26,0.588384192228941,0.020133779264214,0.140086206896552,0.0581896551724138
A0,MEDIUM,77,V4_DIRECTION_02,V4_DIRECTION_28,0.875199083391083,0.0358528428093646,0.375,0.262931034482759
A0,MEDIUM,78,V4_DIRECTION_02,V4_DIRECTION_29,1.1535157976625,0.0432107023411371,0.650862068965517,0.414870689655172
A0,MEDIUM,79,V4_DIRECTION_02,V4_DIRECTION_30,0.765877802921968,0.0363210702341137,0.256465517241379,0.271551724137931
A0,MEDIUM,80,V4_DIRECTION_02,V4_DIRECTION_31,0.657431116080732,0.0267558528428094,0.191810344827586,0.118534482758621
A0,MEDIUM,81,V4_DIRECTION_02,V4_DIRECTION_32,1.16497614841436,0.0555518394648829,0.663793103448276,0.706896551724138
A0,MEDIUM,82,V4_DIRECTION_02,V4_DIRECTION_33,1.09368723052263,0.0421739130434783,0.592672413793103,0.387931034482759
A0,MEDIUM,83,V4_DIRECTION_02,V4_DIRECTION_34,1.07276493528417,0.0587513935340022,0.571120689655172,0.762931034482759
A0,MEDIUM,84,V4_DIRECTION_02,V4_DIRECTION_35,0.869387684368042,0.0464548494983278,0.362068965517241,0.493534482758621
A0,MEDIUM,85,V4_DIRECTION_02,V4_DIRECTION_37,1.58675940254858,0.0361872909698997,0.952586206896552,0.267241379310345
A0,MEDIUM,86,V4_DIRECTION_02,V4_DIRECTION_39,0.951688432263066,0.0715496098104794,0.448275862068966,0.941810344827586
A0,MEDIUM,87,V4_DIRECTION_03,V4_DIRECTION_04,0.595296381643728,0.0366220735785953,0.146551724137931,0.283405172413793
A0,MEDIUM,88,V4_DIRECTION_03,V4_DIRECTION_06,0.622798710714713,0.0501672240802676,0.170258620689655,0.620689655172414
A0,MEDIUM,89,V4_DIRECTION_03,V4_DIRECTION_07,1.18744991821684,0.0395986622073579,0.693965517241379,0.321120689655172
A0,MEDIUM,90,V4_DIRECTION_03,V4_DIRECTION_08,1.08452268781201,0.0468004459308807,0.577586206896552,0.524784482758621
A0,MEDIUM,91,V4_DIRECTION_03,V4_DIRECTION_09,1.11440641773445,0.0332664437012263,0.609913793103448,0.213362068965517
A0,MEDIUM,92,V4_DIRECTION_03,V4_DIRECTION_10,0.505307107023609,0.0200334448160535,0.0818965517241379,0.0484913793103448
A0,MEDIUM,93,V4_DIRECTION_03,V4_DIRECTION_11,1.06865187382743,0.0367335562987737,0.5625,0.297413793103448
A0,MEDIUM,94,V4_DIRECTION_03,V4_DIRECTION_13,0.639164951237891,0.022943143812709,0.176724137931034,0.0689655172413793
A0,MEDIUM,95,V4_DIRECTION_03,V4_DIRECTION_15,1.53651600088544,0.0631549609810479,0.920258620689655,0.835129310344828
A0,MEDIUM,96,V4_DIRECTION_03,V4_DIRECTION_17,1.34326495017498,0.0658862876254181,0.834051724137931,0.877155172413793
A0,MEDIUM,97,V4_DIRECTION_03,V4_DIRECTION_18,0.433928228499779,0.0435228539576366,0.0474137931034483,0.469827586206897
A0,MEDIUM,98,V4_DIRECTION_03,V4_DIRECTION_19,1.59226086353313,0.0527090301003344,0.954741379310345,0.637931034482759
A0,MEDIUM,99,V4_DIRECTION_03,V4_DIRECTION_20,1.23983640329797,0.0498327759197324,0.747844827586207,0.571120689655172
A0,MEDIUM,100,V4_DIRECTION_03,V4_DIRECTION_22,0.82286510627859,0.0267447045707915,0.318965517241379,0.114224137931034
A0,MEDIUM,101,V4_DIRECTION_03,V4_DIRECTION_23,1.13149337195543,0.0533779264214047,0.627155172413793,0.663793103448276
A0,MEDIUM,102,V4_DIRECTION_03,V4_DIRECTION_24,0.538680019773595,0.0497212931995541,0.105603448275862,0.560344827586207
A0,MEDIUM,103,V4_DIRECTION_03,V4_DIRECTION_26,1.667778468157,0.0687848383500557,0.97198275862069,0.913793103448276
A0,MEDIUM,104,V4_DIRECTION_03,V4_DIRECTION_28,1.44660249362622,0.0435340022296544,0.896551724137931,0.474137931034483
A0,MEDIUM,105,V4_DIRECTION_03,V4_DIRECTION_29,1.21958313152872,0.0366889632107023,0.724137931034483,0.290948275862069
A0,MEDIUM,106,V4_DIRECTION_03,V4_DIRECTION_30,0.387843065181196,0.0264437012263099,0.0366379310344828,0.0991379310344828
A0,MEDIUM,107,V4_DIRECTION_03,V4_DIRECTION_31,1.58389927565128,0.0431103678929766,0.948275862068966,0.407327586206897
A0,MEDIUM,108,V4_DIRECTION_03,V4_DIRECTION_32,1.18489227470063,0.0602006688963211,0.6875,0.806034482758621
A0,MEDIUM,109,V4_DIRECTION_03,V4_DIRECTION_33,0.437326289756799,0.040133779264214,0.0517241379310345,0.365301724137931
A0,MEDIUM,110,V4_DIRECTION_03,V4_DIRECTION_34,0.89938355481897,0.0334448160535117,0.396551724137931,0.234913793103448
A0,MEDIUM,111,V4_DIRECTION_03,V4_DIRECTION_35,0.95839668049081,0.0399554069119286,0.456896551724138,0.341594827586207
A0,MEDIUM,112,V4_DIRECTION_03,V4_DIRECTION_37,0.815923003117764,0.033221850613155,0.308189655172414,0.210129310344828
A0,MEDIUM,113,V4_DIRECTION_03,V4_DIRECTION_39,1.10424797432111,0.0468004459308807,0.603448275862069,0.524784482758621
A0,MEDIUM,114,V4_DIRECTION_04,V4_DIRECTION_06,0.77975706406413,0.0668338907469342,0.27801724137931,0.898706896551724
A0,MEDIUM,115,V4_DIRECTION_04,V4_DIRECTION_07,0.9733375536056,0.0603010033444816,0.47198275862069,0.821120689655172
A0,MEDIUM,116,V4_DIRECTION_04,V4_DIRECTION_08,1.32329499993588,0.0534671125975474,0.816810344827586,0.674568965517241
A0,MEDIUM,117,V4_DIRECTION_04,V4_DIRECTION_09,1.34497290404898,0.0635785953177258,0.838362068965517,0.872844827586207
A0,MEDIUM,118,V4_DIRECTION_04,V4_DIRECTION_10,0.843996640970491,0.0301003344481605,0.331896551724138,0.165948275862069
A0,MEDIUM,119,V4_DIRECTION_04,V4_DIRECTION_11,1.78780327175909,0.0703232998885173,0.995689655172414,0.939655172413793
A0,MEDIUM,120,V4_DIRECTION_04,V4_DIRECTION_13,0.243997514913358,0.0200222965440357,0.00431034482758621,0.0441810344827586
A0,MEDIUM,121,V4_DIRECTION_04,V4_DIRECTION_15,1.50063742352553,0.0735340022296544,0.911637931034483,0.948275862068966
A0,MEDIUM,122,V4_DIRECTION_04,V4_DIRECTION_17,1.08575318982315,0.079933110367893,0.584051724137931,0.978448275862069
A0,MEDIUM,123,V4_DIRECTION_04,V4_DIRECTION_18,0.37394608153025,0.0432775919732441,0.0301724137931034,0.424568965517241
A0,MEDIUM,124,V4_DIRECTION_04,V4_DIRECTION_19,1.07249117491404,0.039933110367893,0.568965517241379,0.336206896551724
A0,MEDIUM,125,V4_DIRECTION_04,V4_DIRECTION_20,0.727350081476057,0.0434782608695652,0.22198275862069,0.460129310344828
A0,MEDIUM,126,V4_DIRECTION_04,V4_DIRECTION_22,0.606213530233995,0.0500780379041249,0.155172413793103,0.59375
A0,MEDIUM,127,V4_DIRECTION_04,V4_DIRECTION_23,0.852201336999111,0.0401560758082497,0.349137931034483,0.375
A0,MEDIUM,128,V4_DIRECTION_04,V4_DIRECTION_24,0.868345503373669,0.0535117056856187,0.359913793103448,0.69073275862069
A0,MEDIUM,129,V4_DIRECTION_04,V4_DIRECTION_26,1.29196813697949,0.056298773690078,0.799568965517241,0.71551724137931
A0,MEDIUM,130,V4_DIRECTION_04,V4_DIRECTION_28,1.34773189868205,0.0436120401337793,0.844827586206897,0.480603448275862
A0,MEDIUM,131,V4_DIRECTION_04,V4_DIRECTION_29,1.05941943057494,0.0604682274247492,0.549568965517241,0.823275862068966
A0,MEDIUM,132,V4_DIRECTION_04,V4_DIRECTION_30,1.02519892542473,0.0702118171683389,0.521551724137931,0.926724137931034
A0,MEDIUM,133,V4_DIRECTION_04,V4_DIRECTION_31,0.987513874161479,0.050345596432553,0.482758620689655,0.632543103448276
A0,MEDIUM,134,V4_DIRECTION_04,V4_DIRECTION_32,1.84487037130369,0.0935897435897436,1,1
A0,MEDIUM,135,V4_DIRECTION_04,V4_DIRECTION_33,0.577136578781014,0.023355629877369,0.129310344827586,0.0797413793103448
A0,MEDIUM,136,V4_DIRECTION_04,V4_DIRECTION_34,0.612248062230467,0.0500557413600892,0.161637931034483,0.587284482758621
A0,MEDIUM,137,V4_DIRECTION_04,V4_DIRECTION_35,0.333973434801434,0.0336120401337793,0.0172413793103448,0.254310344827586
A0,MEDIUM,138,V4_DIRECTION_04,V4_DIRECTION_37,1.58634946189901,0.0635674470457079,0.950431034482759,0.870689655172414
A0,MEDIUM,139,V4_DIRECTION_04,V4_DIRECTION_39,1.40631562079145,0.0899665551839465,0.877155172413793,0.995689655172414
A0,MEDIUM,140,V4_DIRECTION_06,V4_DIRECTION_07,0.83575593725343,0.0597547380156076,0.327586206896552,0.77801724137931
A0,MEDIUM,141,V4_DIRECTION_06,V4_DIRECTION_08,1.5049648127371,0.0635451505016722,0.913793103448276,0.865301724137931
A0,MEDIUM,142,V4_DIRECTION_06,V4_DIRECTION_09,0.604999528224045,0.0334448160535117,0.15301724137931,0.234913793103448
A0,MEDIUM,143,V4_DIRECTION_06,V4_DIRECTION_10,1.45149802786251,0.0535005574136009,0.898706896551724,0.679956896551724
A0,MEDIUM,144,V4_DIRECTION_06,V4_DIRECTION_11,1.23542232464427,0.050133779264214,0.739224137931034,0.615301724137931
A0,MEDIUM,145,V4_DIRECTION_06,V4_DIRECTION_13,0.827119737774431,0.0531772575250836,0.321120689655172,0.658405172413793
A0,MEDIUM,146,V4_DIRECTION_06,V4_DIRECTION_15,1.32654061511053,0.090066889632107,0.818965517241379,0.997844827586207
A0,MEDIUM,147,V4_DIRECTION_06,V4_DIRECTION_17,0.886498964249618,0.0594202898550725,0.381465517241379,0.775862068965517
A0,MEDIUM,148,V4_DIRECTION_06,V4_DIRECTION_18,0.659422414285174,0.0601560758082497,0.196120689655172,0.800646551724138
A0,MEDIUM,149,V4_DIRECTION_06,V4_DIRECTION_19,1.20872814697739,0.0662653288740245,0.713362068965517,0.883620689655172
A0,MEDIUM,150,V4_DIRECTION_06,V4_DIRECTION_20,0.994531335238221,0.0633221850613155,0.493534482758621,0.838362068965517
A0,MEDIUM,151,V4_DIRECTION_06,V4_DIRECTION_22,0.378384207248844,0.0468338907469342,0.0323275862068966,0.540948275862069
A0,MEDIUM,152,V4_DIRECTION_06,V4_DIRECTION_23,1.15574737994414,0.0768561872909699,0.65301724137931,0.973060344827586
A0,MEDIUM,153,V4_DIRECTION_06,V4_DIRECTION_24,0.76062111694026,0.0531772575250836,0.25,0.658405172413793
A0,MEDIUM,154,V4_DIRECTION_06,V4_DIRECTION_26,1.20580690747285,0.0756967670011148,0.709051724137931,0.956896551724138
A0,MEDIUM,155,V4_DIRECTION_06,V4_DIRECTION_28,1.31473471308978,0.0702675585284281,0.808189655172414,0.93426724137931
A0,MEDIUM,156,V4_DIRECTION_06,V4_DIRECTION_29,0.777527581162767,0.0500891861761427,0.271551724137931,0.599137931034483
A0,MEDIUM,157,V4_DIRECTION_06,V4_DIRECTION_30,0.481329017815331,0.0366332218506132,0.0668103448275862,0.287715517241379
A0,MEDIUM,158,V4_DIRECTION_06,V4_DIRECTION_31,0.865683237989693,0.0465217391304348,0.357758620689655,0.50323275862069
A0,MEDIUM,159,V4_DIRECTION_06,V4_DIRECTION_32,0.788744472126563,0.0334448160535117,0.28448275862069,0.234913793103448
A0,MEDIUM,160,V4_DIRECTION_06,V4_DIRECTION_33,1.18620716838559,0.0635451505016722,0.689655172413793,0.865301724137931
A0,MEDIUM,161,V4_DIRECTION_06,V4_DIRECTION_34,0.629089136570351,0.0535117056856187,0.172413793103448,0.69073275862069
A0,MEDIUM,162,V4_DIRECTION_06,V4_DIRECTION_35,0.93521308921614,0.060066889632107,0.431034482758621,0.793103448275862
A0,MEDIUM,163,V4_DIRECTION_06,V4_DIRECTION_37,0.944561830788973,0.0500334448160535,0.441810344827586,0.581896551724138
A0,MEDIUM,164,V4_DIRECTION_06,V4_DIRECTION_39,0.808668534778255,0.0534671125975474,0.301724137931034,0.674568965517241
A0,MEDIUM,165,V4_DIRECTION_07,V4_DIRECTION_08,1.21078500746513,0.0464882943143813,0.719827586206897,0.497844827586207
A0,MEDIUM,166,V4_DIRECTION_07,V4_DIRECTION_09,1.0469699485785,0.030546265328874,0.540948275862069,0.185344827586207
A0,MEDIUM,167,V4_DIRECTION_07,V4_DIRECTION_10,1.06409967514717,0.0331438127090301,0.553879310344828,0.202586206896552
A0,MEDIUM,168,V4_DIRECTION_07,V4_DIRECTION_11,1.35727439790586,0.0398996655518395,0.84698275862069,0.331896551724138
A0,MEDIUM,169,V4_DIRECTION_07,V4_DIRECTION_13,1.37593444653712,0.0502787068004459,0.864224137931034,0.62823275862069
A0,MEDIUM,170,V4_DIRECTION_07,V4_DIRECTION_15,0.914764036541346,0.0570903010033445,0.415948275862069,0.760775862068966
A0,MEDIUM,171,V4_DIRECTION_07,V4_DIRECTION_17,1.04432520714221,0.0470234113712375,0.538793103448276,0.546336206896552
A0,MEDIUM,172,V4_DIRECTION_07,V4_DIRECTION_18,0.9294815965193,0.0692530657748049,0.426724137931034,0.918103448275862
A0,MEDIUM,173,V4_DIRECTION_07,V4_DIRECTION_19,0.497559701640146,0.0268896321070234,0.0754310344827586,0.136853448275862
A0,MEDIUM,174,V4_DIRECTION_07,V4_DIRECTION_20,0.743073731603449,0.0468896321070234,0.232758620689655,0.543103448275862
A0,MEDIUM,175,V4_DIRECTION_07,V4_DIRECTION_22,0.992148665455806,0.0497993311036789,0.487068965517241,0.564655172413793
A0,MEDIUM,176,V4_DIRECTION_07,V4_DIRECTION_23,0.49419949624318,0.0467335562987737,0.0732758620689655,0.519396551724138
A0,MEDIUM,177,V4_DIRECTION_07,V4_DIRECTION_24,1.00051067632159,0.0401783723522854,0.5,0.379310344827586
A0,MEDIUM,178,V4_DIRECTION_07,V4_DIRECTION_26,0.515373036618035,0.0367224080267559,0.0883620689655172,0.295258620689655
A0,MEDIUM,179,V4_DIRECTION_07,V4_DIRECTION_28,0.928628804452913,0.0497770345596433,0.424568965517241,0.5625
A0,MEDIUM,180,V4_DIRECTION_07,V4_DIRECTION_29,1.23596128869816,0.0400334448160535,0.741379310344828,0.34698275862069
A0,MEDIUM,181,V4_DIRECTION_07,V4_DIRECTION_30,0.647659214021326,0.0169899665551839,0.1875,0.0366379310344828
A0,MEDIUM,182,V4_DIRECTION_07,V4_DIRECTION_31,0.810079351372883,0.0401226309921962,0.306034482758621,0.359913793103448
A0,MEDIUM,183,V4_DIRECTION_07,V4_DIRECTION_32,1.00424023317219,0.0430323299888517,0.506465517241379,0.400862068965517
A0,MEDIUM,184,V4_DIRECTION_07,V4_DIRECTION_33,1.1014473504959,0.0530657748049052,0.601293103448276,0.651939655172414
A0,MEDIUM,185,V4_DIRECTION_07,V4_DIRECTION_34,0.788853789448914,0.0496767001114827,0.286637931034483,0.558189655172414
A0,MEDIUM,186,V4_DIRECTION_07,V4_DIRECTION_35,0.941666149573108,0.0601114827201784,0.4375,0.797413793103448
A0,MEDIUM,187,V4_DIRECTION_07,V4_DIRECTION_37,0.859369594160281,0.0167224080267559,0.351293103448276,0.0344827586206897
A0,MEDIUM,188,V4_DIRECTION_07,V4_DIRECTION_39,0.850376584345758,0.049386845039019,0.34051724137931,0.551724137931034
A0,MEDIUM,189,V4_DIRECTION_08,V4_DIRECTION_09,1.5544350394117,0.0434782608695652,0.9375,0.460129310344828
A0,MEDIUM,190,V4_DIRECTION_08,V4_DIRECTION_10,0.6750825806156,0.0267558528428094,0.202586206896552,0.118534482758621
A0,MEDIUM,191,V4_DIRECTION_08,V4_DIRECTION_11,0.600650487139591,0.0367892976588629,0.148706896551724,0.302801724137931
A0,MEDIUM,192,V4_DIRECTION_08,V4_DIRECTION_13,0.832692422698591,0.0331661092530658,0.323275862068966,0.205818965517241
A0,MEDIUM,193,V4_DIRECTION_08,V4_DIRECTION_15,1.26186614000468,0.0633444816053512,0.765086206896552,0.84051724137931
A0,MEDIUM,194,V4_DIRECTION_08,V4_DIRECTION_17,1.14203329455685,0.052809364548495,0.635775862068966,0.642241379310345
A0,MEDIUM,195,V4_DIRECTION_08,V4_DIRECTION_18,1.57291614497719,0.0835562987736901,0.943965517241379,0.989224137931034
A0,MEDIUM,196,V4_DIRECTION_08,V4_DIRECTION_19,0.732946511860256,0.0362430323299889,0.224137931034483,0.269396551724138
A0,MEDIUM,197,V4_DIRECTION_08,V4_DIRECTION_20,1.26903685401576,0.0499888517279822,0.782327586206897,0.577586206896552
A0,MEDIUM,198,V4_DIRECTION_08,V4_DIRECTION_22,1.84147619886745,0.0635451505016722,0.997844827586207,0.865301724137931
A0,MEDIUM,199,V4_DIRECTION_08,V4_DIRECTION_23,1.39970162300295,0.0601560758082497,0.870689655172414,0.800646551724138
A0,MEDIUM,200,V4_DIRECTION_08,V4_DIRECTION_24,0.581560035172534,0.0231438127090301,0.133620689655172,0.0743534482758621
A0,MEDIUM,201,V4_DIRECTION_08,V4_DIRECTION_26,0.776663320563527,0.035685618729097,0.269396551724138,0.258620689655172
A0,MEDIUM,202,V4_DIRECTION_08,V4_DIRECTION_28,0.851063966118109,0.0335117056856187,0.342672413793103,0.245689655172414
A0,MEDIUM,203,V4_DIRECTION_08,V4_DIRECTION_29,1.7765073418125,0.0434782608695652,0.991379310344828,0.460129310344828
A0,MEDIUM,204,V4_DIRECTION_08,V4_DIRECTION_30,1.08919421606404,0.0333110367892977,0.59051724137931,0.217672413793103
A0,MEDIUM,205,V4_DIRECTION_08,V4_DIRECTION_31,1.64343144942974,0.039933110367893,0.96551724137931,0.336206896551724
A0,MEDIUM,206,V4_DIRECTION_08,V4_DIRECTION_32,0.778643779711373,0.0602006688963211,0.273706896551724,0.806034482758621
A0,MEDIUM,207,V4_DIRECTION_08,V4_DIRECTION_33,1.25819445587554,0.0468227424749164,0.760775862068966,0.533405172413793
A0,MEDIUM,208,V4_DIRECTION_08,V4_DIRECTION_34,1.3328327499274,0.0568450390189521,0.825431034482759,0.74676724137931
A0,MEDIUM,209,V4_DIRECTION_08,V4_DIRECTION_35,1.2550530058665,0.0467558528428094,0.752155172413793,0.521551724137931
A0,MEDIUM,210,V4_DIRECTION_08,V4_DIRECTION_37,1.12901241187863,0.03,0.622844827586207,0.147629310344828
A0,MEDIUM,211,V4_DIRECTION_08,V4_DIRECTION_39,1.32069979470466,0.0634559643255296,0.8125,0.854525862068966
A0,MEDIUM,212,V4_DIRECTION_09,V4_DIRECTION_10,1.36265125203009,0.0335228539576366,0.851293103448276,0.25
A0,MEDIUM,213,V4_DIRECTION_09,V4_DIRECTION_11,0.611432906837769,0.0136120401337793,0.15948275862069,0.0193965517241379
A0,MEDIUM,214,V4_DIRECTION_09,V4_DIRECTION_13,1.34175369492068,0.0435897435897436,0.831896551724138,0.478448275862069
A0,MEDIUM,215,V4_DIRECTION_09,V4_DIRECTION_15,0.850142430636213,0.0568896321070234,0.338362068965517,0.754310344827586
A0,MEDIUM,216,V4_DIRECTION_09,V4_DIRECTION_17,0.615674701291536,0.013221850613155,0.163793103448276,0.0150862068965517
A0,MEDIUM,217,V4_DIRECTION_09,V4_DIRECTION_18,1.20145851198278,0.0634113712374582,0.706896551724138,0.84698275862069
A0,MEDIUM,218,V4_DIRECTION_09,V4_DIRECTION_19,1.50642433939447,0.0535117056856187,0.915948275862069,0.69073275862069
A0,MEDIUM,219,V4_DIRECTION_09,V4_DIRECTION_20,0.546506738559096,0.0268896321070234,0.109913793103448,0.136853448275862
A0,MEDIUM,220,V4_DIRECTION_09,V4_DIRECTION_22,0.722924513890737,0.0400557413600892,0.217672413793103,0.352370689655172
A0,MEDIUM,221,V4_DIRECTION_09,V4_DIRECTION_23,1.29072115416351,0.0569676700111483,0.795258620689655,0.758620689655172
A0,MEDIUM,222,V4_DIRECTION_09,V4_DIRECTION_24,1.1205231015628,0.0470234113712375,0.614224137931034,0.546336206896552
A0,MEDIUM,223,V4_DIRECTION_09,V4_DIRECTION_26,0.871397337960643,0.0398885172798216,0.368534482758621,0.328663793103448
A0,MEDIUM,224,V4_DIRECTION_09,V4_DIRECTION_28,1.23800263535867,0.0605016722408027,0.743534482758621,0.825431034482759
A0,MEDIUM,225,V4_DIRECTION_09,V4_DIRECTION_29,0.3519460736112,0.0139241917502787,0.0237068965517241,0.0258620689655172
A0,MEDIUM,226,V4_DIRECTION_09,V4_DIRECTION_30,0.954667449256237,0.0200891861761427,0.450431034482759,0.0517241379310345
A0,MEDIUM,227,V4_DIRECTION_09,V4_DIRECTION_31,0.444284042315376,0.0138795986622074,0.0560344827586207,0.0237068965517241
A0,MEDIUM,228,V4_DIRECTION_09,V4_DIRECTION_32,0.63686113578475,0.0100334448160535,0.174568965517241,0.0118534482758621
A0,MEDIUM,229,V4_DIRECTION_09,V4_DIRECTION_33,1.03805315619426,0.0501672240802676,0.53448275862069,0.620689655172414
A0,MEDIUM,230,V4_DIRECTION_09,V4_DIRECTION_34,1.16689772411068,0.053422519509476,0.665948275862069,0.670258620689655
A0,MEDIUM,231,V4_DIRECTION_09,V4_DIRECTION_35,0.914036772352899,0.0271571906354515,0.413793103448276,0.142241379310345
A0,MEDIUM,232,V4_DIRECTION_09,V4_DIRECTION_37,0.382080308644861,0.0235451505016722,0.0344827586206897,0.0969827586206897
A0,MEDIUM,233,V4_DIRECTION_09,V4_DIRECTION_39,0.883570410873981,0.0330434782608696,0.379310344827586,0.193965517241379
A0,MEDIUM,234,V4_DIRECTION_10,V4_DIRECTION_11,0.762831790500368,0.0301003344481605,0.252155172413793,0.165948275862069
A0,MEDIUM,235,V4_DIRECTION_10,V4_DIRECTION_13,0.928118211369011,0.0265328874024526,0.422413793103448,0.103448275862069
A0,MEDIUM,236,V4_DIRECTION_10,V4_DIRECTION_15,1.34658469999238,0.0533779264214047,0.842672413793103,0.663793103448276
A0,MEDIUM,237,V4_DIRECTION_10,V4_DIRECTION_17,1.55906110315919,0.062943143812709,0.939655172413793,0.829741379310345
A0,MEDIUM,238,V4_DIRECTION_10,V4_DIRECTION_18,0.805843520919121,0.0500557413600892,0.299568965517241,0.587284482758621
A0,MEDIUM,239,V4_DIRECTION_10,V4_DIRECTION_19,1.26121328515799,0.0463545150501672,0.762931034482759,0.489224137931034
A0,MEDIUM,240,V4_DIRECTION_10,V4_DIRECTION_20,0.991952583242416,0.0433444816053512,0.484913793103448,0.435344827586207
A0,MEDIUM,241,V4_DIRECTION_10,V4_DIRECTION_22,1.53677614079571,0.0501672240802676,0.922413793103448,0.620689655172414
A0,MEDIUM,242,V4_DIRECTION_10,V4_DIRECTION_23,1.11622231583616,0.0300780379041249,0.612068965517241,0.158405172413793
A0,MEDIUM,243,V4_DIRECTION_10,V4_DIRECTION_24,0.897409441495405,0.033221850613155,0.392241379310345,0.210129310344828
A0,MEDIUM,244,V4_DIRECTION_10,V4_DIRECTION_26,1.41232441031538,0.0558528428093645,0.883620689655172,0.709051724137931
A0,MEDIUM,245,V4_DIRECTION_10,V4_DIRECTION_28,1.36589188092117,0.0268004459308807,0.855603448275862,0.126077586206897
A0,MEDIUM,246,V4_DIRECTION_10,V4_DIRECTION_29,1.53837228688155,0.040133779264214,0.926724137931034,0.365301724137931
A0,MEDIUM,247,V4_DIRECTION_10,V4_DIRECTION_30,1.03317774316087,0.0266889632107023,0.52801724137931,0.109913793103448
A0,MEDIUM,248,V4_DIRECTION_10,V4_DIRECTION_31,1.71414707737699,0.046644370122631,0.980603448275862,0.514008620689655
A0,MEDIUM,249,V4_DIRECTION_10,V4_DIRECTION_32,1.29088283666062,0.0568450390189521,0.797413793103448,0.74676724137931
A0,MEDIUM,250,V4_DIRECTION_10,V4_DIRECTION_33,0.572192538120976,0.0234002229654404,0.125,0.084051724137931
A0,MEDIUM,251,V4_DIRECTION_10,V4_DIRECTION_34,1.16936360109823,0.0300780379041249,0.670258620689655,0.158405172413793
A0,MEDIUM,252,V4_DIRECTION_10,V4_DIRECTION_35,0.797046721212253,0.0501114827201784,0.295258620689655,0.607758620689655
A0,MEDIUM,253,V4_DIRECTION_10,V4_DIRECTION_37,0.771039775383959,0.0166555183946488,0.260775862068966,0.0323275862068966
A0,MEDIUM,254,V4_DIRECTION_10,V4_DIRECTION_39,1.17805410318257,0.0433667781493868,0.683189655172414,0.439655172413793
A0,MEDIUM,255,V4_DIRECTION_11,V4_DIRECTION_13,1.43726970483862,0.046711259754738,0.892241379310345,0.517241379310345
A0,MEDIUM,256,V4_DIRECTION_11,V4_DIRECTION_15,0.957603662287754,0.0535117056856187,0.454741379310345,0.69073275862069
A0,MEDIUM,257,V4_DIRECTION_11,V4_DIRECTION_17,1.19029812780524,0.0597993311036789,0.698275862068966,0.780172413793103
A0,MEDIUM,258,V4_DIRECTION_11,V4_DIRECTION_18,1.61765186881122,0.0800445930880714,0.956896551724138,0.980603448275862
A0,MEDIUM,259,V4_DIRECTION_11,V4_DIRECTION_19,1.25589081722358,0.0565440356744705,0.756465517241379,0.726293103448276
A0,MEDIUM,260,V4_DIRECTION_11,V4_DIRECTION_20,1.100052802345,0.0334002229654404,0.59698275862069,0.226293103448276
A0,MEDIUM,261,V4_DIRECTION_11,V4_DIRECTION_22,1.57177736262474,0.0668896321070234,0.941810344827586,0.901939655172414
A0,MEDIUM,262,V4_DIRECTION_11,V4_DIRECTION_23,1.57548211417226,0.0702564102564103,0.946120689655172,0.929956896551724
A0,MEDIUM,263,V4_DIRECTION_11,V4_DIRECTION_24,0.903105251030652,0.0500334448160535,0.400862068965517,0.581896551724138
A0,MEDIUM,264,V4_DIRECTION_11,V4_DIRECTION_26,1.00337956751457,0.0527090301003344,0.504310344827586,0.637931034482759
A0,MEDIUM,265,V4_DIRECTION_11,V4_DIRECTION_28,0.960376031656659,0.0602006688963211,0.459051724137931,0.806034482758621
A0,MEDIUM,266,V4_DIRECTION_11,V4_DIRECTION_29,1.05252046197937,0.0301003344481605,0.547413793103448,0.165948275862069
A0,MEDIUM,267,V4_DIRECTION_11,V4_DIRECTION_30,1.12281908720629,0.020133779264214,0.616379310344828,0.0581896551724138
A0,MEDIUM,268,V4_DIRECTION_11,V4_DIRECTION_31,1.32192941353451,0.0500334448160535,0.814655172413793,0.581896551724138
A0,MEDIUM,269,V4_DIRECTION_11,V4_DIRECTION_32,0.398050979373918,0.0200334448160535,0.0387931034482759,0.0484913793103448
A0,MEDIUM,270,V4_DIRECTION_11,V4_DIRECTION_33,1.191493298517,0.0635117056856187,0.702586206896552,0.859913793103448
A0,MEDIUM,271,V4_DIRECTION_11,V4_DIRECTION_34,1.3288973104235,0.0568115942028985,0.821120689655172,0.741379310344828
A0,MEDIUM,272,V4_DIRECTION_11,V4_DIRECTION_35,1.40387695379476,0.050133779264214,0.875,0.615301724137931
A0,MEDIUM,273,V4_DIRECTION_11,V4_DIRECTION_37,0.302807205713878,0.0100334448160535,0.0129310344827586,0.0118534482758621
A0,MEDIUM,274,V4_DIRECTION_11,V4_DIRECTION_39,0.932369795573272,0.033288740245262,0.428879310344828,0.21551724137931
A0,MEDIUM,275,V4_DIRECTION_13,V4_DIRECTION_15,1.73605340214765,0.0702564102564103,0.987068965517241,0.929956896551724
A0,MEDIUM,276,V4_DIRECTION_13,V4_DIRECTION_17,0.887060938471616,0.0500780379041249,0.383620689655172,0.59375
A0,MEDIUM,277,V4_DIRECTION_13,V4_DIRECTION_18,0.82048303948362,0.0461538461538462,0.316810344827586,0.484913793103448
A0,MEDIUM,278,V4_DIRECTION_13,V4_DIRECTION_19,1.18424844125777,0.0400891861761427,0.685344827586207,0.355603448275862
A0,MEDIUM,279,V4_DIRECTION_13,V4_DIRECTION_20,0.789579895791436,0.0300891861761427,0.288793103448276,0.161637931034483
A0,MEDIUM,280,V4_DIRECTION_13,V4_DIRECTION_22,0.947528361903455,0.0464882943143813,0.443965517241379,0.497844827586207
A0,MEDIUM,281,V4_DIRECTION_13,V4_DIRECTION_23,1.39940986070931,0.0601003344481605,0.868534482758621,0.795258620689655
A0,MEDIUM,282,V4_DIRECTION_13,V4_DIRECTION_24,0.546770190359618,0.023422519509476,0.112068965517241,0.0883620689655172
A0,MEDIUM,283,V4_DIRECTION_13,V4_DIRECTION_26,1.17340910621874,0.0465551839464883,0.678879310344828,0.508620689655172
A0,MEDIUM,284,V4_DIRECTION_13,V4_DIRECTION_28,1.40119105492885,0.0633890746934225,0.872844827586207,0.842672413793103
A0,MEDIUM,285,V4_DIRECTION_13,V4_DIRECTION_29,1.28212198509948,0.0502787068004459,0.793103448275862,0.62823275862069
A0,MEDIUM,286,V4_DIRECTION_13,V4_DIRECTION_30,1.08531771785369,0.0368227424749164,0.581896551724138,0.307112068965517
A0,MEDIUM,287,V4_DIRECTION_13,V4_DIRECTION_31,1.19076996230296,0.0402675585284281,0.700431034482759,0.385775862068966
A0,MEDIUM,288,V4_DIRECTION_13,V4_DIRECTION_32,1.55409684370219,0.0665551839464883,0.935344827586207,0.887931034482759
A0,MEDIUM,289,V4_DIRECTION_13,V4_DIRECTION_33,0.834557733200007,0.0431438127090301,0.325431034482759,0.40948275862069
A0,MEDIUM,290,V4_DIRECTION_13,V4_DIRECTION_34,0.911193790699875,0.0464214046822743,0.40948275862069,0.491379310344828
A0,MEDIUM,291,V4_DIRECTION_13,V4_DIRECTION_35,0.426380904322548,0.0234559643255295,0.0452586206896552,0.0915948275862069
A0,MEDIUM,292,V4_DIRECTION_13,V4_DIRECTION_37,1.64063436047738,0.0501226309921962,0.963362068965517,0.610991379310345
A0,MEDIUM,293,V4_DIRECTION_13,V4_DIRECTION_39,1.65854546582509,0.0661872909698997,0.969827586206897,0.881465517241379
A0,MEDIUM,294,V4_DIRECTION_15,V4_DIRECTION_17,0.771659999416264,0.0567224080267558,0.262931034482759,0.739224137931034
A0,MEDIUM,295,V4_DIRECTION_15,V4_DIRECTION_18,0.984840956508739,0.0563656633221851,0.476293103448276,0.71875
A0,MEDIUM,296,V4_DIRECTION_15,V4_DIRECTION_19,0.796547066554892,0.0501226309921962,0.293103448275862,0.610991379310345
A0,MEDIUM,297,V4_DIRECTION_15,V4_DIRECTION_20,1.31417216979907,0.0602229654403567,0.806034482758621,0.8125
A0,MEDIUM,298,V4_DIRECTION_15,V4_DIRECTION_22,0.738167284228727,0.0565886287625418,0.228448275862069,0.728448275862069
A0,MEDIUM,299,V4_DIRECTION_15,V4_DIRECTION_23,0.362390031027587,0.0200222965440357,0.0280172413793103,0.0441810344827586
A0,MEDIUM,300,V4_DIRECTION_15,V4_DIRECTION_24,1.73303453741261,0.0703010033444816,0.984913793103448,0.9375
A0,MEDIUM,301,V4_DIRECTION_15,V4_DIRECTION_26,0.882777442067939,0.0465551839464883,0.377155172413793,0.508620689655172
A0,MEDIUM,302,V4_DIRECTION_15,V4_DIRECTION_28,0.466608227878998,0.0334448160535117,0.0603448275862069,0.234913793103448
A0,MEDIUM,303,V4_DIRECTION_15,V4_DIRECTION_29,0.441285523435846,0.0303678929765886,0.0538793103448276,0.182112068965517
A0,MEDIUM,304,V4_DIRECTION_15,V4_DIRECTION_30,1.15780352727704,0.0535117056856187,0.65948275862069,0.69073275862069
A0,MEDIUM,305,V4_DIRECTION_15,V4_DIRECTION_31,0.499545509545842,0.0303678929765886,0.0797413793103448,0.182112068965517
A0,MEDIUM,306,V4_DIRECTION_15,V4_DIRECTION_32,0.687299394182572,0.0599665551839465,0.206896551724138,0.788793103448276
A0,MEDIUM,307,V4_DIRECTION_15,V4_DIRECTION_33,1.11170947790822,0.0432441471571906,0.607758620689655,0.420258620689655
A0,MEDIUM,308,V4_DIRECTION_15,V4_DIRECTION_34,1.17326872526591,0.066577480490524,0.674568965517241,0.890086206896552
A0,MEDIUM,309,V4_DIRECTION_15,V4_DIRECTION_35,1.47395092374805,0.0737458193979933,0.905172413793103,0.954741379310345
A0,MEDIUM,310,V4_DIRECTION_15,V4_DIRECTION_37,0.900993498172446,0.0568561872909699,0.398706896551724,0.751077586206897
A0,MEDIUM,311,V4_DIRECTION_15,V4_DIRECTION_39,0.33704802922094,0.0528874024526198,0.0193965517241379,0.644396551724138
A0,MEDIUM,312,V4_DIRECTION_17,V4_DIRECTION_18,1.15145228417403,0.0890523968784838,0.646551724137931,0.993534482758621
A0,MEDIUM,313,V4_DIRECTION_17,V4_DIRECTION_19,1.2627343745672,0.0468227424749164,0.771551724137931,0.533405172413793
A0,MEDIUM,314,V4_DIRECTION_17,V4_DIRECTION_20,0.639681320784799,0.0366220735785953,0.178879310344828,0.283405172413793
A0,MEDIUM,315,V4_DIRECTION_17,V4_DIRECTION_22,0.79530249831301,0.0493645484949833,0.290948275862069,0.549568965517241
A0,MEDIUM,316,V4_DIRECTION_17,V4_DIRECTION_23,1.07240884160118,0.0631549609810479,0.566810344827586,0.835129310344828
A0,MEDIUM,317,V4_DIRECTION_17,V4_DIRECTION_24,1.146746799837,0.043422519509476,0.640086206896552,0.445043103448276
A0,MEDIUM,318,V4_DIRECTION_17,V4_DIRECTION_26,0.582261992219917,0.0434782608695652,0.135775862068966,0.460129310344828
A0,MEDIUM,319,V4_DIRECTION_17,V4_DIRECTION_28,1.25818907624952,0.0563656633221851,0.758620689655172,0.71875
A0,MEDIUM,320,V4_DIRECTION_17,V4_DIRECTION_29,0.715016103642109,0.0334448160535117,0.211206896551724,0.234913793103448
A0,MEDIUM,321,V4_DIRECTION_17,V4_DIRECTION_30,0.969127151132172,0.0433110367892977,0.467672413793103,0.426724137931034
A0,MEDIUM,322,V4_DIRECTION_17,V4_DIRECTION_31,0.360311085973178,0.0269119286510591,0.0258620689655172,0.140086206896552
A0,MEDIUM,323,V4_DIRECTION_17,V4_DIRECTION_32,0.747257976573207,0.0393534002229654,0.239224137931034,0.316810344827586
A0,MEDIUM,324,V4_DIRECTION_17,V4_DIRECTION_33,1.2220332868014,0.0560758082497213,0.728448275862069,0.711206896551724
A0,MEDIUM,325,V4_DIRECTION_17,V4_DIRECTION_34,1.63289802701929,0.0760312151616499,0.961206896551724,0.959051724137931
A0,MEDIUM,326,V4_DIRECTION_17,V4_DIRECTION_35,0.718000745570383,0.0400445930880714,0.21551724137931,0.349137931034483
A0,MEDIUM,327,V4_DIRECTION_17,V4_DIRECTION_37,1.21312257321881,0.0465551839464883,0.72198275862069,0.508620689655172
A0,MEDIUM,328,V4_DIRECTION_17,V4_DIRECTION_39,1.03074993016899,0.0588517279821628,0.523706896551724,0.765086206896552
A0,MEDIUM,329,V4_DIRECTION_18,V4_DIRECTION_19,1.26897743122831,0.0691638795986622,0.780172413793103,0.915948275862069
A0,MEDIUM,330,V4_DIRECTION_18,V4_DIRECTION_20,1.22696773132028,0.0730769230769231,0.732758620689655,0.943965517241379
A0,MEDIUM,331,V4_DIRECTION_18,V4_DIRECTION_22,0.330577746888455,0.0367892976588629,0.0150862068965517,0.302801724137931
A0,MEDIUM,332,V4_DIRECTION_18,V4_DIRECTION_23,0.516876469465669,0.0432441471571906,0.0905172413793103,0.420258620689655
A0,MEDIUM,333,V4_DIRECTION_18,V4_DIRECTION_24,1.3177722000295,0.0762207357859532,0.810344827586207,0.963362068965517
A0,MEDIUM,334,V4_DIRECTION_18,V4_DIRECTION_26,1.71180018204335,0.0850836120401338,0.978448275862069,0.991379310344828
A0,MEDIUM,335,V4_DIRECTION_18,V4_DIRECTION_28,1.33152523932922,0.0634113712374582,0.823275862068966,0.84698275862069
A0,MEDIUM,336,V4_DIRECTION_18,V4_DIRECTION_29,0.805813185923679,0.0530657748049052,0.297413793103448,0.651939655172414
A0,MEDIUM,337,V4_DIRECTION_18,V4_DIRECTION_30,0.738861369271403,0.0564882943143813,0.230603448275862,0.72198275862069
A0,MEDIUM,338,V4_DIRECTION_18,V4_DIRECTION_31,1.05200466359051,0.0661092530657748,0.545258620689655,0.879310344827586
A0,MEDIUM,339,V4_DIRECTION_18,V4_DIRECTION_32,1.36625439154994,0.0768784838350056,0.857758620689655,0.976293103448276
A0,MEDIUM,340,V4_DIRECTION_18,V4_DIRECTION_33,0.644502766565088,0.0434336677814939,0.185344827586207,0.448275862068966
A0,MEDIUM,341,V4_DIRECTION_18,V4_DIRECTION_34,0.753173448150078,0.0535117056856187,0.243534482758621,0.69073275862069
A0,MEDIUM,342,V4_DIRECTION_18,V4_DIRECTION_35,0.763254995018596,0.0697658862876254,0.254310344827586,0.920258620689655
A0,MEDIUM,343,V4_DIRECTION_18,V4_DIRECTION_37,1.26810628926413,0.0665328874024526,0.77801724137931,0.885775862068966
A0,MEDIUM,344,V4_DIRECTION_18,V4_DIRECTION_39,0.616915275506506,0.066989966555184,0.165948275862069,0.907327586206897
A0,MEDIUM,345,V4_DIRECTION_19,V4_DIRECTION_20,1.16787902888695,0.0333444816053512,0.668103448275862,0.219827586206897
A0,MEDIUM,346,V4_DIRECTION_19,V4_DIRECTION_22,1.17608153254423,0.0395094760312152,0.681034482758621,0.318965517241379
A0,MEDIUM,347,V4_DIRECTION_19,V4_DIRECTION_23,0.606986360608783,0.0365105908584169,0.157327586206897,0.27801724137931
A0,MEDIUM,348,V4_DIRECTION_19,V4_DIRECTION_24,1.06967056492552,0.0367558528428094,0.564655172413793,0.299568965517241
A0,MEDIUM,349,V4_DIRECTION_19,V4_DIRECTION_26,0.513503245797656,0.0233221850613155,0.084051724137931,0.0775862068965517
A0,MEDIUM,350,V4_DIRECTION_19,V4_DIRECTION_28,0.341278234975636,0.0163210702341137,0.021551724137931,0.0280172413793103
A0,MEDIUM,351,V4_DIRECTION_19,V4_DIRECTION_29,1.27075394388515,0.040133779264214,0.786637931034483,0.365301724137931
A0,MEDIUM,352,V4_DIRECTION_19,V4_DIRECTION_30,1.22656926646068,0.043422519509476,0.730603448275862,0.445043103448276
A0,MEDIUM,353,V4_DIRECTION_19,V4_DIRECTION_31,0.947856540136667,0.0235228539576366,0.446120689655172,0.0948275862068965
A0,MEDIUM,354,V4_DIRECTION_19,V4_DIRECTION_32,1.06812968158843,0.056231884057971,0.560344827586207,0.713362068965517
A0,MEDIUM,355,V4_DIRECTION_19,V4_DIRECTION_33,1.42301785341387,0.0328205128205128,0.885775862068966,0.1875
A0,MEDIUM,356,V4_DIRECTION_19,V4_DIRECTION_34,0.534186319881187,0.0427647714604236,0.0991379310344828,0.396551724137931
A0,MEDIUM,357,V4_DIRECTION_19,V4_DIRECTION_35,1.26413554121256,0.0501003344481605,0.773706896551724,0.603448275862069
A0,MEDIUM,358,V4_DIRECTION_19,V4_DIRECTION_37,1.36301215399526,0.0399554069119286,0.853448275862069,0.341594827586207
A0,MEDIUM,359,V4_DIRECTION_19,V4_DIRECTION_39,0.938968614754247,0.0590969899665552,0.433189655172414,0.773706896551724
A0,MEDIUM,360,V4_DIRECTION_20,V4_DIRECTION_22,1.1249458767364,0.0566332218506132,0.618534482758621,0.733836206896552
A0,MEDIUM,361,V4_DIRECTION_20,V4_DIRECTION_23,1.27021194160135,0.0534671125975474,0.78448275862069,0.674568965517241
A0,MEDIUM,362,V4_DIRECTION_20,V4_DIRECTION_24,0.940483321213923,0.0434782608695652,0.435344827586207,0.460129310344828
A0,MEDIUM,363,V4_DIRECTION_20,V4_DIRECTION_26,0.535551661548696,0.0330546265328874,0.103448275862069,0.197198275862069
A0,MEDIUM,364,V4_DIRECTION_20,V4_DIRECTION_28,1.46258805760709,0.0501003344481605,0.900862068965517,0.603448275862069
A0,MEDIUM,365,V4_DIRECTION_20,V4_DIRECTION_29,0.926126487223446,0.0335785953177258,0.420258620689655,0.252155172413793
A0,MEDIUM,366,V4_DIRECTION_20,V4_DIRECTION_30,1.2767097123034,0.0502118171683389,0.790948275862069,0.625
A0,MEDIUM,367,V4_DIRECTION_20,V4_DIRECTION_31,0.531775091549687,0.0302118171683389,0.0948275862068965,0.176724137931034
A0,MEDIUM,368,V4_DIRECTION_20,V4_DIRECTION_32,1.34434584572294,0.0599777034559643,0.836206896551724,0.790948275862069
A0,MEDIUM,369,V4_DIRECTION_20,V4_DIRECTION_33,0.905024668589399,0.0566332218506132,0.40301724137931,0.733836206896552
A0,MEDIUM,370,V4_DIRECTION_20,V4_DIRECTION_34,1.15920934645442,0.0599219620958751,0.661637931034483,0.78448275862069
A0,MEDIUM,371,V4_DIRECTION_20,V4_DIRECTION_35,0.21247525042561,0.00675585284280936,0.0021551724137931,0.00431034482758621
A0,MEDIUM,372,V4_DIRECTION_20,V4_DIRECTION_37,0.908815777103564,0.0434671125975474,0.407327586206897,0.452586206896552
A0,MEDIUM,373,V4_DIRECTION_20,V4_DIRECTION_39,1.53790304364431,0.0763879598662207,0.924568965517241,0.969827586206897
A0,MEDIUM,374,V4_DIRECTION_22,V4_DIRECTION_23,0.561324749873741,0.0434113712374582,0.118534482758621,0.441810344827586
A0,MEDIUM,375,V4_DIRECTION_22,V4_DIRECTION_24,1.31019182718013,0.0598885172798216,0.803879310344828,0.782327586206897
A0,MEDIUM,376,V4_DIRECTION_22,V4_DIRECTION_26,1.34606664005401,0.0589966555183946,0.84051724137931,0.771551724137931
A0,MEDIUM,377,V4_DIRECTION_22,V4_DIRECTION_28,0.986382485753199,0.0435674470457079,0.480603448275862,0.476293103448276
A0,MEDIUM,378,V4_DIRECTION_22,V4_DIRECTION_29,0.277120981991811,0.0234113712374582,0.0107758620689655,0.0862068965517241
A0,MEDIUM,379,V4_DIRECTION_22,V4_DIRECTION_30,0.778931676366132,0.039933110367893,0.275862068965517,0.336206896551724
A0,MEDIUM,380,V4_DIRECTION_22,V4_DIRECTION_31,0.470375830438284,0.0164994425863991,0.0646551724137931,0.0301724137931034
A0,MEDIUM,381,V4_DIRECTION_22,V4_DIRECTION_32,1.15779439236101,0.0602118171683389,0.657327586206897,0.810344827586207
A0,MEDIUM,382,V4_DIRECTION_22,V4_DIRECTION_33,0.840942758105365,0.0401449275362319,0.329741379310345,0.37176724137931
A0,MEDIUM,383,V4_DIRECTION_22,V4_DIRECTION_34,0.601918576688508,0.0267558528428094,0.150862068965517,0.118534482758621
A0,MEDIUM,384,V4_DIRECTION_22,V4_DIRECTION_35,0.965908332476721,0.0634671125975474,0.46551724137931,0.857758620689655
A0,MEDIUM,385,V4_DIRECTION_22,V4_DIRECTION_37,1.2058546982713,0.0433444816053512,0.711206896551724,0.435344827586207
A0,MEDIUM,386,V4_DIRECTION_22,V4_DIRECTION_39,0.618442182337358,0.0501003344481605,0.168103448275862,0.603448275862069
A0,MEDIUM,387,V4_DIRECTION_23,V4_DIRECTION_24,1.43818273969197,0.0634559643255296,0.894396551724138,0.854525862068966
A0,MEDIUM,388,V4_DIRECTION_23,V4_DIRECTION_26,0.962540559134251,0.0494648829431438,0.461206896551724,0.556034482758621
A0,MEDIUM,389,V4_DIRECTION_23,V4_DIRECTION_28,0.532761794509627,0.0201114827201784,0.0969827586206897,0.0538793103448276
A0,MEDIUM,390,V4_DIRECTION_23,V4_DIRECTION_29,0.753220910868679,0.0268673355629877,0.245689655172414,0.133620689655172
A0,MEDIUM,391,V4_DIRECTION_23,V4_DIRECTION_30,0.820214940884807,0.0535117056856187,0.314655172413793,0.69073275862069
A0,MEDIUM,392,V4_DIRECTION_23,V4_DIRECTION_31,0.68448484298082,0.0334448160535117,0.204741379310345,0.234913793103448
A0,MEDIUM,393,V4_DIRECTION_23,V4_DIRECTION_32,1.25533133009005,0.0768561872909699,0.754310344827586,0.973060344827586
A0,MEDIUM,394,V4_DIRECTION_23,V4_DIRECTION_33,0.71514740715589,0.00996655518394649,0.213362068965517,0.00862068965517241
A0,MEDIUM,395,V4_DIRECTION_23,V4_DIRECTION_34,0.747402933879239,0.0534113712374582,0.241379310344828,0.668103448275862
A0,MEDIUM,396,V4_DIRECTION_23,V4_DIRECTION_35,1.23965512862768,0.0669342251950948,0.745689655172414,0.905172413793103
A0,MEDIUM,397,V4_DIRECTION_23,V4_DIRECTION_37,1.1521173245503,0.0535005574136009,0.648706896551724,0.679956896551724
A0,MEDIUM,398,V4_DIRECTION_23,V4_DIRECTION_39,0.575718640214934,0.059933110367893,0.127155172413793,0.786637931034483
A0,MEDIUM,399,V4_DIRECTION_24,V4_DIRECTION_26,0.776642125358226,0.0331661092530658,0.267241379310345,0.205818965517241
A0,MEDIUM,400,V4_DIRECTION_24,V4_DIRECTION_28,1.03788518503867,0.0499665551839465,0.532327586206897,0.575431034482759
A0,MEDIUM,401,V4_DIRECTION_24,V4_DIRECTION_29,1.52297113744633,0.0435228539576366,0.918103448275862,0.469827586206897
A0,MEDIUM,402,V4_DIRECTION_24,V4_DIRECTION_30,0.482632620960596,0.0268450390189521,0.0689655172413793,0.129310344827586
A0,MEDIUM,403,V4_DIRECTION_24,V4_DIRECTION_31,1.43182621217227,0.0335117056856187,0.890086206896552,0.245689655172414
A0,MEDIUM,404,V4_DIRECTION_24,V4_DIRECTION_32,1.08411886263099,0.0464882943143813,0.575431034482759,0.497844827586207
A0,MEDIUM,405,V4_DIRECTION_24,V4_DIRECTION_33,0.746032913306288,0.0364548494983278,0.237068965517241,0.275862068965517
A0,MEDIUM,406,V4_DIRECTION_24,V4_DIRECTION_34,0.87221169999629,0.0531215161649944,0.370689655172414,0.655172413793103
A0,MEDIUM,407,V4_DIRECTION_24,V4_DIRECTION_35,1.07473900586011,0.0434782608695652,0.573275862068966,0.460129310344828
A0,MEDIUM,408,V4_DIRECTION_24,V4_DIRECTION_37,0.851878274624305,0.030066889632107,0.344827586206897,0.154094827586207
A0,MEDIUM,409,V4_DIRECTION_24,V4_DIRECTION_39,1.68738946683825,0.0762541806020067,0.974137931034483,0.966594827586207
A0,MEDIUM,410,V4_DIRECTION_26,V4_DIRECTION_28,0.666482733817444,0.0358082497212932,0.200431034482759,0.260775862068966
A0,MEDIUM,411,V4_DIRECTION_26,V4_DIRECTION_29,1.13656018188349,0.0363879598662207,0.631465517241379,0.273706896551724
A0,MEDIUM,412,V4_DIRECTION_26,V4_DIRECTION_30,1.04046963274546,0.0431772575250836,0.536637931034483,0.411637931034483
A0,MEDIUM,413,V4_DIRECTION_26,V4_DIRECTION_31,0.550133810948318,0.0265997770345596,0.114224137931034,0.105603448275862
A0,MEDIUM,414,V4_DIRECTION_26,V4_DIRECTION_32,0.898374893328837,0.058974358974359,0.394396551724138,0.769396551724138
A0,MEDIUM,415,V4_DIRECTION_26,V4_DIRECTION_33,1.23185927096924,0.0422519509476031,0.737068965517241,0.390086206896552
A0,MEDIUM,416,V4_DIRECTION_26,V4_DIRECTION_34,1.15772339850735,0.0588628762541806,0.655172413793103,0.767241379310345
A0,MEDIUM,417,V4_DIRECTION_26,V4_DIRECTION_35,1.00108955780942,0.0430323299888517,0.502155172413793,0.400862068965517
A0,MEDIUM,418,V4_DIRECTION_26,V4_DIRECTION_37,0.956067441097205,0.0329096989966555,0.452586206896552,0.189655172413793
A0,MEDIUM,419,V4_DIRECTION_26,V4_DIRECTION_39,1.36853411356708,0.0817725752508361,0.862068965517241,0.984913793103448
A0,MEDIUM,420,V4_DIRECTION_28,V4_DIRECTION_29,0.816686593178762,0.033355629877369,0.310344827586207,0.22198275862069
A0,MEDIUM,421,V4_DIRECTION_28,V4_DIRECTION_30,1.08862864628635,0.0569453734671126,0.586206896551724,0.756465517241379
A0,MEDIUM,422,V4_DIRECTION_28,V4_DIRECTION_31,0.849484667427437,0.0231438127090301,0.336206896551724,0.0743534482758621
A0,MEDIUM,423,V4_DIRECTION_28,V4_DIRECTION_32,0.971739261369078,0.0702675585284281,0.469827586206897,0.93426724137931
A0,MEDIUM,424,V4_DIRECTION_28,V4_DIRECTION_33,1.00943372258343,0.0134113712374582,0.510775862068966,0.0172413793103448
A0,MEDIUM,425,V4_DIRECTION_28,V4_DIRECTION_34,0.592712586019413,0.0401783723522854,0.144396551724138,0.379310344827586
A0,MEDIUM,426,V4_DIRECTION_28,V4_DIRECTION_35,1.72923184147374,0.0634448160535117,0.982758620689655,0.851293103448276
A0,MEDIUM,427,V4_DIRECTION_28,V4_DIRECTION_37,1.0177903533648,0.0468227424749164,0.519396551724138,0.533405172413793
A0,MEDIUM,428,V4_DIRECTION_28,V4_DIRECTION_39,0.890280784120591,0.0635451505016722,0.387931034482759,0.865301724137931
A0,MEDIUM,429,V4_DIRECTION_29,V4_DIRECTION_30,1.19511806202958,0.037123745819398,0.704741379310345,0.310344827586207
A0,MEDIUM,430,V4_DIRECTION_29,V4_DIRECTION_31,0.252650692672179,0.00664437012263099,0.00646551724137931,0
A0,MEDIUM,431,V4_DIRECTION_29,V4_DIRECTION_32,0.996635967583073,0.0400557413600892,0.497844827586207,0.352370689655172
A0,MEDIUM,432,V4_DIRECTION_29,V4_DIRECTION_33,0.870314144884397,0.0333667781493868,0.366379310344828,0.224137931034483
A0,MEDIUM,433,V4_DIRECTION_29,V4_DIRECTION_34,0.85206502544907,0.0367001114827202,0.34698275862069,0.293103448275862
A0,MEDIUM,434,V4_DIRECTION_29,V4_DIRECTION_35,1.06056855725751,0.0401449275362319,0.551724137931034,0.37176724137931
A0,MEDIUM,435,V4_DIRECTION_29,V4_DIRECTION_37,0.861914985194807,0.0302341137123746,0.353448275862069,0.178879310344828
A0,MEDIUM,436,V4_DIRECTION_29,V4_DIRECTION_39,0.664504202710338,0.0398885172798216,0.198275862068966,0.328663793103448
A0,MEDIUM,437,V4_DIRECTION_30,V4_DIRECTION_31,1.22169776067237,0.0437904124860647,0.726293103448276,0.482758620689655
A0,MEDIUM,438,V4_DIRECTION_30,V4_DIRECTION_32,0.735979588385681,0.0366332218506132,0.226293103448276,0.287715517241379
A0,MEDIUM,439,V4_DIRECTION_30,V4_DIRECTION_33,0.724236687225184,0.0433221850613155,0.219827586206897,0.429956896551724
A0,MEDIUM,440,V4_DIRECTION_30,V4_DIRECTION_34,1.0057183901617,0.0432441471571906,0.508620689655172,0.420258620689655
A0,MEDIUM,441,V4_DIRECTION_30,V4_DIRECTION_35,1.33520800777522,0.0537346711259755,0.827586206896552,0.702586206896552
A0,MEDIUM,442,V4_DIRECTION_30,V4_DIRECTION_37,0.658264317854189,0.00672240802675585,0.193965517241379,0.0021551724137931
A0,MEDIUM,443,V4_DIRECTION_30,V4_DIRECTION_39,0.889238370710338,0.0462876254180602,0.385775862068966,0.487068965517241
A0,MEDIUM,444,V4_DIRECTION_31,V4_DIRECTION_32,1.06528636472141,0.0465217391304348,0.556034482758621,0.50323275862069
A0,MEDIUM,445,V4_DIRECTION_31,V4_DIRECTION_33,1.0663907297738,0.0264548494983278,0.558189655172414,0.101293103448276
A0,MEDIUM,446,V4_DIRECTION_31,V4_DIRECTION_34,1.01379322206516,0.0397993311036789,0.515086206896552,0.325431034482759
A0,MEDIUM,447,V4_DIRECTION_31,V4_DIRECTION_35,0.781606405105022,0.0401003344481605,0.280172413793103,0.357758620689655
A0,MEDIUM,448,V4_DIRECTION_31,V4_DIRECTION_37,1.08511064024369,0.0335117056856187,0.579741379310345,0.245689655172414
A0,MEDIUM,449,V4_DIRECTION_31,V4_DIRECTION_39,0.915885292546554,0.0529319955406912,0.418103448275862,0.648706896551724
A0,MEDIUM,450,V4_DIRECTION_32,V4_DIRECTION_33,1.62654844633243,0.0735785953177258,0.959051724137931,0.950431034482759
A0,MEDIUM,451,V4_DIRECTION_32,V4_DIRECTION_34,1.40891319111034,0.0668896321070234,0.879310344827586,0.901939655172414
A0,MEDIUM,452,V4_DIRECTION_32,V4_DIRECTION_35,1.54326602149295,0.0634113712374582,0.928879310344828,0.84698275862069
A0,MEDIUM,453,V4_DIRECTION_32,V4_DIRECTION_37,0.579470348215534,0.04,0.131465517241379,0.344827586206897
A0,MEDIUM,454,V4_DIRECTION_32,V4_DIRECTION_39,0.436592555246819,0.0300557413600892,0.0495689655172414,0.150862068965517
A0,MEDIUM,455,V4_DIRECTION_33,V4_DIRECTION_34,0.91147330100223,0.0334448160535117,0.411637931034483,0.234913793103448
A0,MEDIUM,456,V4_DIRECTION_33,V4_DIRECTION_35,0.906173443675432,0.0533779264214047,0.405172413793103,0.663793103448276
A0,MEDIUM,457,V4_DIRECTION_33,V4_DIRECTION_37,0.776261572529514,0.0433444816053512,0.265086206896552,0.435344827586207
A0,MEDIUM,458,V4_DIRECTION_33,V4_DIRECTION_39,1.38793993842534,0.0701895206243032,0.866379310344828,0.924568965517241
A0,MEDIUM,459,V4_DIRECTION_34,V4_DIRECTION_35,1.13284199293276,0.073422519509476,0.629310344827586,0.946120689655172
A0,MEDIUM,460,V4_DIRECTION_34,V4_DIRECTION_37,1.13053395619821,0.046644370122631,0.625,0.514008620689655
A0,MEDIUM,461,V4_DIRECTION_34,V4_DIRECTION_39,1.01608291018274,0.0568227424749164,0.517241379310345,0.743534482758621
A0,MEDIUM,462,V4_DIRECTION_35,V4_DIRECTION_37,1.3414567025762,0.0602675585284281,0.829741379310345,0.814655172413793
A0,MEDIUM,463,V4_DIRECTION_35,V4_DIRECTION_39,1.43165009348502,0.0832775919732441,0.887931034482759,0.987068965517241
A0,MEDIUM,464,V4_DIRECTION_37,V4_DIRECTION_39,0.864520366487682,0.0330546265328874,0.355603448275862,0.197198275862069
A0,STRONG,0,V4_DIRECTION_00,V4_DIRECTION_01,1.30930847637557,0.0946711259754738,0.801724137931034,0.425646551724138
A0,STRONG,1,V4_DIRECTION_00,V4_DIRECTION_02,0.964183932644122,0.0825083612040134,0.463362068965517,0.25
A0,STRONG,2,V4_DIRECTION_00,V4_DIRECTION_03,1.64950892524267,0.100301003344482,0.967672413793103,0.532327586206897
A0,STRONG,3,V4_DIRECTION_00,V4_DIRECTION_04,1.17291003067761,0.106889632107023,0.672413793103448,0.641163793103448
A0,STRONG,4,V4_DIRECTION_00,V4_DIRECTION_06,1.54611226137297,0.130211817168339,0.931034482758621,0.915948275862069
A0,STRONG,5,V4_DIRECTION_00,V4_DIRECTION_07,1.15125819457622,0.10314381270903,0.644396551724138,0.584051724137931
A0,STRONG,6,V4_DIRECTION_00,V4_DIRECTION_08,1.10536356161711,0.0800445930880714,0.605603448275862,0.230603448275862
A0,STRONG,7,V4_DIRECTION_00,V4_DIRECTION_09,1.15124103765359,0.127045707915273,0.642241379310345,0.894396551724138
A0,STRONG,8,V4_DIRECTION_00,V4_DIRECTION_10,1.17328268530293,0.083221850613155,0.676724137931034,0.258620689655172
A0,STRONG,9,V4_DIRECTION_00,V4_DIRECTION_11,1.03169283419433,0.0991973244147157,0.525862068965517,0.493534482758621
A0,STRONG,10,V4_DIRECTION_00,V4_DIRECTION_13,1.36752543402392,0.118216276477146,0.859913793103448,0.822198275862069
A0,STRONG,11,V4_DIRECTION_00,V4_DIRECTION_15,0.269508231542335,0.0769230769230769,0.00862068965517241,0.206896551724138
A0,STRONG,12,V4_DIRECTION_00,V4_DIRECTION_17,1.10025737015292,0.0920847268673356,0.599137931034483,0.383620689655172
A0,STRONG,13,V4_DIRECTION_00,V4_DIRECTION_18,1.03613301083953,0.0803232998885173,0.530172413793103,0.243534482758621
A0,STRONG,14,V4_DIRECTION_00,V4_DIRECTION_19,0.562470441301021,0.0588963210702341,0.122844827586207,0.0625
A0,STRONG,15,V4_DIRECTION_00,V4_DIRECTION_20,1.21062402061092,0.0982274247491639,0.717672413793103,0.478448275862069
A0,STRONG,16,V4_DIRECTION_00,V4_DIRECTION_22,0.893691267626606,0.0736343366778149,0.390086206896552,0.176724137931034
A0,STRONG,17,V4_DIRECTION_00,V4_DIRECTION_23,0.542643281368447,0.0568561872909699,0.107758620689655,0.0517241379310345
A0,STRONG,18,V4_DIRECTION_00,V4_DIRECTION_24,1.74802454976891,0.0925529542920847,0.989224137931034,0.392241379310345
A0,STRONG,19,V4_DIRECTION_00,V4_DIRECTION_26,0.993685253809066,0.0814938684503902,0.489224137931034,0.247844827586207
A0,STRONG,20,V4_DIRECTION_00,V4_DIRECTION_28,0.410003045934074,0.0568004459308807,0.0431034482758621,0.0495689655172414
A0,STRONG,21,V4_DIRECTION_00,V4_DIRECTION_29,0.55327905925688,0.0668896321070234,0.116379310344828,0.115301724137931
A0,STRONG,22,V4_DIRECTION_00,V4_DIRECTION_30,1.70291415166607,0.126465997770346,0.976293103448276,0.890086206896552
A0,STRONG,23,V4_DIRECTION_00,V4_DIRECTION_31,0.642879588144528,0.0749163879598662,0.183189655172414,0.185344827586207
A0,STRONG,24,V4_DIRECTION_00,V4_DIRECTION_32,1.12878803949079,0.137123745819398,0.620689655172414,0.957974137931034
A0,STRONG,25,V4_DIRECTION_00,V4_DIRECTION_33,1.14259376849367,0.0902564102564102,0.637931034482759,0.359913793103448
A0,STRONG,26,V4_DIRECTION_00,V4_DIRECTION_34,0.849089025347256,0.0635005574136009,0.334051724137931,0.0969827586206897
A0,STRONG,27,V4_DIRECTION_00,V4_DIRECTION_35,1.21060790266151,0.123678929765886,0.71551724137931,0.866379310344828
A0,STRONG,28,V4_DIRECTION_00,V4_DIRECTION_37,1.26266847636059,0.12628762541806,0.769396551724138,0.887931034482759
A0,STRONG,29,V4_DIRECTION_00,V4_DIRECTION_39,0.648206667588031,0.116722408026756,0.189655172413793,0.801724137931034
A0,STRONG,30,V4_DIRECTION_01,V4_DIRECTION_02,0.522467354475135,0.0833890746934225,0.0926724137931035,0.265086206896552
A0,STRONG,31,V4_DIRECTION_01,V4_DIRECTION_03,1.09499854646245,0.0973021181716834,0.594827586206897,0.474137931034483
A0,STRONG,32,V4_DIRECTION_01,V4_DIRECTION_04,0.642812888756716,0.0857302118171683,0.181034482758621,0.286637931034483
A0,STRONG,33,V4_DIRECTION_01,V4_DIRECTION_06,0.514871970744673,0.082943143812709,0.0862068965517241,0.252155172413793
A0,STRONG,34,V4_DIRECTION_01,V4_DIRECTION_07,1.0115084932238,0.0932441471571906,0.512931034482759,0.399784482758621
A0,STRONG,35,V4_DIRECTION_01,V4_DIRECTION_08,1.27485395005921,0.0657859531772575,0.788793103448276,0.107758620689655
A0,STRONG,36,V4_DIRECTION_01,V4_DIRECTION_09,0.744916327332127,0.106923076923077,0.234913793103448,0.644396551724138
A0,STRONG,37,V4_DIRECTION_01,V4_DIRECTION_10,1.55038051552088,0.0961872909698997,0.933189655172414,0.439655172413793
A0,STRONG,38,V4_DIRECTION_01,V4_DIRECTION_11,1.48176707613639,0.0903790412486065,0.90948275862069,0.366379310344828
A0,STRONG,39,V4_DIRECTION_01,V4_DIRECTION_13,0.497707193664673,0.0568784838350056,0.0775862068965517,0.0538793103448276
A0,STRONG,40,V4_DIRECTION_01,V4_DIRECTION_15,1.1868775043197,0.110144927536232,0.691810344827586,0.685344827586207
A0,STRONG,41,V4_DIRECTION_01,V4_DIRECTION_17,0.181750594974589,0.0434113712374582,0,0.0129310344827586
A0,STRONG,42,V4_DIRECTION_01,V4_DIRECTION_18,0.87227515407439,0.110702341137124,0.372844827586207,0.710129310344828
A0,STRONG,43,V4_DIRECTION_01,V4_DIRECTION_19,1.22701208403071,0.060066889632107,0.734913793103448,0.0732758620689655
A0,STRONG,44,V4_DIRECTION_01,V4_DIRECTION_20,0.584423210862549,0.0370122630992196,0.137931034482759,0.0021551724137931
A0,STRONG,45,V4_DIRECTION_01,V4_DIRECTION_22,0.592355344350375,0.077257525083612,0.142241379310345,0.213362068965517
A0,STRONG,46,V4_DIRECTION_01,V4_DIRECTION_23,1.19018237566329,0.113846153846154,0.696120689655172,0.773706896551724
A0,STRONG,47,V4_DIRECTION_01,V4_DIRECTION_24,0.994043293706047,0.0634113712374582,0.491379310344828,0.0926724137931035
A0,STRONG,48,V4_DIRECTION_01,V4_DIRECTION_26,0.809444740089868,0.0603010033444816,0.303879310344828,0.0818965517241379
A0,STRONG,49,V4_DIRECTION_01,V4_DIRECTION_28,1.4817439205604,0.110301003344482,0.907327586206897,0.697198275862069
A0,STRONG,50,V4_DIRECTION_01,V4_DIRECTION_29,0.819112716788369,0.111683389074693,0.3125,0.71551724137931
A0,STRONG,51,V4_DIRECTION_01,V4_DIRECTION_30,0.941893239936365,0.0997993311036789,0.439655172413793,0.508620689655172
A0,STRONG,52,V4_DIRECTION_01,V4_DIRECTION_31,0.488765360944877,0.0769119286510591,0.0711206896551724,0.201508620689655
A0,STRONG,53,V4_DIRECTION_01,V4_DIRECTION_32,0.995374685827676,0.11866220735786,0.495689655172414,0.825431034482759
A0,STRONG,54,V4_DIRECTION_01,V4_DIRECTION_33,1.26568710267153,0.132173913043478,0.775862068965517,0.924568965517241
A0,STRONG,55,V4_DIRECTION_01,V4_DIRECTION_34,1.26194666696616,0.0986176142697882,0.767241379310345,0.487068965517241
A0,STRONG,56,V4_DIRECTION_01,V4_DIRECTION_35,0.446027981755013,0.0634894091415831,0.0581896551724138,0.0948275862068965
A0,STRONG,57,V4_DIRECTION_01,V4_DIRECTION_37,1.47342684187871,0.116666666666667,0.90301724137931,0.799568965517241
A0,STRONG,58,V4_DIRECTION_01,V4_DIRECTION_39,1.14005014075177,0.132675585284281,0.633620689655172,0.926724137931034
A0,STRONG,59,V4_DIRECTION_02,V4_DIRECTION_03,1.24524432616103,0.118795986622074,0.75,0.829741379310345
A0,STRONG,60,V4_DIRECTION_02,V4_DIRECTION_04,0.692514835935848,0.0965997770345596,0.209051724137931,0.452586206896552
A0,STRONG,61,V4_DIRECTION_02,V4_DIRECTION_06,0.981842864583182,0.164882943143813,0.474137931034483,1
A0,STRONG,62,V4_DIRECTION_02,V4_DIRECTION_07,0.467651639549335,0.0669453734671126,0.0625,0.120689655172414
A0,STRONG,63,V4_DIRECTION_02,V4_DIRECTION_08,1.04918227003035,0.0899665551839465,0.543103448275862,0.352370689655172
A0,STRONG,64,V4_DIRECTION_02,V4_DIRECTION_09,1.409324093119,0.133154960981048,0.881465517241379,0.9375
A0,STRONG,65,V4_DIRECTION_02,V4_DIRECTION_10,1.35951940477535,0.113534002229654,0.849137931034483,0.75323275862069
A0,STRONG,66,V4_DIRECTION_02,V4_DIRECTION_11,1.78307935178582,0.123946488294314,0.993534482758621,0.870689655172414
A0,STRONG,67,V4_DIRECTION_02,V4_DIRECTION_13,0.870178864769365,0.120234113712375,0.364224137931034,0.849137931034483
A0,STRONG,68,V4_DIRECTION_02,V4_DIRECTION_15,0.784013133222028,0.1117502787068,0.282327586206897,0.717672413793103
A0,STRONG,69,V4_DIRECTION_02,V4_DIRECTION_17,0.535093993347895,0.0936120401337793,0.101293103448276,0.413793103448276
A0,STRONG,70,V4_DIRECTION_02,V4_DIRECTION_18,0.7681031435289,0.10546265328874,0.258620689655172,0.603448275862069
A0,STRONG,71,V4_DIRECTION_02,V4_DIRECTION_19,0.562269503972304,0.0635451505016722,0.120689655172414,0.102370689655172
A0,STRONG,72,V4_DIRECTION_02,V4_DIRECTION_20,0.985128457319202,0.0802675585284281,0.478448275862069,0.235991379310345
A0,STRONG,73,V4_DIRECTION_02,V4_DIRECTION_22,0.756511608712509,0.115496098104794,0.247844827586207,0.78448275862069
A0,STRONG,74,V4_DIRECTION_02,V4_DIRECTION_23,0.399599657015294,0.0852396878483835,0.040948275862069,0.28448275862069
A0,STRONG,75,V4_DIRECTION_02,V4_DIRECTION_24,1.08889758568675,0.0870234113712375,0.588362068965517,0.316810344827586
A0,STRONG,76,V4_DIRECTION_02,V4_DIRECTION_26,0.588384192228941,0.0500780379041249,0.140086206896552,0.0258620689655172
A0,STRONG,77,V4_DIRECTION_02,V4_DIRECTION_28,0.875199083391083,0.0984615384615385,0.375,0.483836206896552
A0,STRONG,78,V4_DIRECTION_02,V4_DIRECTION_29,1.1535157976625,0.109464882943144,0.650862068965517,0.671336206896552
A0,STRONG,79,V4_DIRECTION_02,V4_DIRECTION_30,0.765877802921968,0.0935785953177257,0.256465517241379,0.40948275862069
A0,STRONG,80,V4_DIRECTION_02,V4_DIRECTION_31,0.657431116080732,0.0868227424749164,0.191810344827586,0.301724137931034
A0,STRONG,81,V4_DIRECTION_02,V4_DIRECTION_32,1.16497614841436,0.149799331103679,0.663793103448276,0.991379310344828
A0,STRONG,82,V4_DIRECTION_02,V4_DIRECTION_33,1.09368723052263,0.106399108138239,0.592672413793103,0.622844827586207
A0,STRONG,83,V4_DIRECTION_02,V4_DIRECTION_34,1.07276493528417,0.0996321070234114,0.571120689655172,0.504310344827586
A0,STRONG,84,V4_DIRECTION_02,V4_DIRECTION_35,0.869387684368042,0.119799331103679,0.362068965517241,0.842672413793103
A0,STRONG,85,V4_DIRECTION_02,V4_DIRECTION_37,1.58675940254858,0.127068004459309,0.952586206896552,0.896551724137931
A0,STRONG,86,V4_DIRECTION_02,V4_DIRECTION_39,0.951688432263066,0.147826086956522,0.448275862068966,0.987068965517241
A0,STRONG,87,V4_DIRECTION_03,V4_DIRECTION_04,0.595296381643728,0.0631549609810479,0.146551724137931,0.0905172413793103
A0,STRONG,88,V4_DIRECTION_03,V4_DIRECTION_06,0.622798710714713,0.100267558528428,0.170258620689655,0.526939655172414
A0,STRONG,89,V4_DIRECTION_03,V4_DIRECTION_07,1.18744991821684,0.0993199554069119,0.693965517241379,0.495689655172414
A0,STRONG,90,V4_DIRECTION_03,V4_DIRECTION_08,1.08452268781201,0.0764548494983277,0.577586206896552,0.193965517241379
A0,STRONG,91,V4_DIRECTION_03,V4_DIRECTION_09,1.11440641773445,0.119509476031215,0.609913793103448,0.84051724137931
A0,STRONG,92,V4_DIRECTION_03,V4_DIRECTION_10,0.505307107023609,0.0427647714604236,0.0818965517241379,0.0107758620689655
A0,STRONG,93,V4_DIRECTION_03,V4_DIRECTION_11,1.06865187382743,0.0784615384615385,0.5625,0.21551724137931
A0,STRONG,94,V4_DIRECTION_03,V4_DIRECTION_13,0.639164951237891,0.0807692307692308,0.176724137931034,0.245689655172414
A0,STRONG,95,V4_DIRECTION_03,V4_DIRECTION_15,1.53651600088544,0.113756967670011,0.920258620689655,0.769396551724138
A0,STRONG,96,V4_DIRECTION_03,V4_DIRECTION_17,1.34326495017498,0.124916387959866,0.834051724137931,0.879310344827586
A0,STRONG,97,V4_DIRECTION_03,V4_DIRECTION_18,0.433928228499779,0.0401783723522854,0.0474137931034483,0.00646551724137931
A0,STRONG,98,V4_DIRECTION_03,V4_DIRECTION_19,1.59226086353313,0.0984615384615385,0.954741379310345,0.483836206896552
A0,STRONG,99,V4_DIRECTION_03,V4_DIRECTION_20,1.23983640329797,0.104080267558528,0.747844827586207,0.59698275862069
A0,STRONG,100,V4_DIRECTION_03,V4_DIRECTION_22,0.82286510627859,0.0803121516164994,0.318965517241379,0.241379310344828
A0,STRONG,101,V4_DIRECTION_03,V4_DIRECTION_23,1.13149337195543,0.0836343366778149,0.627155172413793,0.27801724137931
A0,STRONG,102,V4_DIRECTION_03,V4_DIRECTION_24,0.538680019773595,0.0785953177257525,0.105603448275862,0.217672413793103
A0,STRONG,103,V4_DIRECTION_03,V4_DIRECTION_26,1.667778468157,0.117502787068004,0.97198275862069,0.816810344827586
A0,STRONG,104,V4_DIRECTION_03,V4_DIRECTION_28,1.44660249362622,0.110367892976589,0.896551724137931,0.703663793103448
A0,STRONG,105,V4_DIRECTION_03,V4_DIRECTION_29,1.21958313152872,0.113612040133779,0.724137931034483,0.758620689655172
A0,STRONG,106,V4_DIRECTION_03,V4_DIRECTION_30,0.387843065181196,0.0892976588628762,0.0366379310344828,0.334051724137931
A0,STRONG,107,V4_DIRECTION_03,V4_DIRECTION_31,1.58389927565128,0.124414715719064,0.948275862068966,0.873922413793103
A0,STRONG,108,V4_DIRECTION_03,V4_DIRECTION_32,1.18489227470063,0.13695652173913,0.6875,0.954741379310345
A0,STRONG,109,V4_DIRECTION_03,V4_DIRECTION_33,0.437326289756799,0.0700111482720178,0.0517241379310345,0.129310344827586
A0,STRONG,110,V4_DIRECTION_03,V4_DIRECTION_34,0.89938355481897,0.0600334448160535,0.396551724137931,0.0711206896551724
A0,STRONG,111,V4_DIRECTION_03,V4_DIRECTION_35,0.95839668049081,0.0994648829431438,0.456896551724138,0.498922413793103
A0,STRONG,112,V4_DIRECTION_03,V4_DIRECTION_37,0.815923003117764,0.109141583054627,0.308189655172414,0.663793103448276
A0,STRONG,113,V4_DIRECTION_03,V4_DIRECTION_39,1.10424797432111,0.106889632107023,0.603448275862069,0.641163793103448
A0,STRONG,114,V4_DIRECTION_04,V4_DIRECTION_06,0.77975706406413,0.132998885172798,0.27801724137931,0.933189655172414
A0,STRONG,115,V4_DIRECTION_04,V4_DIRECTION_07,0.9733375536056,0.0968561872909699,0.47198275862069,0.461206896551724
A0,STRONG,116,V4_DIRECTION_04,V4_DIRECTION_08,1.32329499993588,0.0736008918617614,0.816810344827586,0.173491379310345
A0,STRONG,117,V4_DIRECTION_04,V4_DIRECTION_09,1.34497290404898,0.138439241917503,0.838362068965517,0.96551724137931
A0,STRONG,118,V4_DIRECTION_04,V4_DIRECTION_10,0.843996640970491,0.0768896321070234,0.331896551724138,0.198275862068966
A0,STRONG,119,V4_DIRECTION_04,V4_DIRECTION_11,1.78780327175909,0.113221850613155,0.995689655172414,0.745689655172414
A0,STRONG,120,V4_DIRECTION_04,V4_DIRECTION_13,0.243997514913358,0.0725083612040134,0.00431034482758621,0.148706896551724
A0,STRONG,121,V4_DIRECTION_04,V4_DIRECTION_15,1.50063742352553,0.126488294314381,0.911637931034483,0.892241379310345
A0,STRONG,122,V4_DIRECTION_04,V4_DIRECTION_17,1.08575318982315,0.112998885172798,0.584051724137931,0.737068965517241
A0,STRONG,123,V4_DIRECTION_04,V4_DIRECTION_18,0.37394608153025,0.0664994425863991,0.0301724137931034,0.109913793103448
A0,STRONG,124,V4_DIRECTION_04,V4_DIRECTION_19,1.07249117491404,0.0830657748049052,0.568965517241379,0.254310344827586
A0,STRONG,125,V4_DIRECTION_04,V4_DIRECTION_20,0.727350081476057,0.0924749163879599,0.22198275862069,0.390086206896552
A0,STRONG,126,V4_DIRECTION_04,V4_DIRECTION_22,0.606213530233995,0.106633221850613,0.155172413793103,0.629310344827586
A0,STRONG,127,V4_DIRECTION_04,V4_DIRECTION_23,0.852201336999111,0.0931772575250836,0.349137931034483,0.396551724137931
A0,STRONG,128,V4_DIRECTION_04,V4_DIRECTION_24,0.868345503373669,0.0831661092530658,0.359913793103448,0.256465517241379
A0,STRONG,129,V4_DIRECTION_04,V4_DIRECTION_26,1.29196813697949,0.115897435897436,0.799568965517241,0.788793103448276
A0,STRONG,130,V4_DIRECTION_04,V4_DIRECTION_28,1.34773189868205,0.113166109253066,0.844827586206897,0.741379310344828
A0,STRONG,131,V4_DIRECTION_04,V4_DIRECTION_29,1.05941943057494,0.133690078037904,0.549568965517241,0.939655172413793
A0,STRONG,132,V4_DIRECTION_04,V4_DIRECTION_30,1.02519892542473,0.113600891861761,0.521551724137931,0.756465517241379
A0,STRONG,133,V4_DIRECTION_04,V4_DIRECTION_31,0.987513874161479,0.106020066889632,0.482758620689655,0.616379310344828
A0,STRONG,134,V4_DIRECTION_04,V4_DIRECTION_32,1.84487037130369,0.157146042363434,1,0.997844827586207
A0,STRONG,135,V4_DIRECTION_04,V4_DIRECTION_33,0.577136578781014,0.0735562987736901,0.129310344827586,0.165948275862069
A0,STRONG,136,V4_DIRECTION_04,V4_DIRECTION_34,0.612248062230467,0.0735785953177258,0.161637931034483,0.170258620689655
A0,STRONG,137,V4_DIRECTION_04,V4_DIRECTION_35,0.333973434801434,0.0983723522853958,0.0172413793103448,0.480603448275862
A0,STRONG,138,V4_DIRECTION_04,V4_DIRECTION_37,1.58634946189901,0.150301003344482,0.950431034482759,0.993534482758621
A0,STRONG,139,V4_DIRECTION_04,V4_DIRECTION_39,1.40631562079145,0.136142697881828,0.877155172413793,0.948275862068966
A0,STRONG,140,V4_DIRECTION_06,V4_DIRECTION_07,0.83575593725343,0.122140468227425,0.327586206896552,0.853448275862069
A0,STRONG,141,V4_DIRECTION_06,V4_DIRECTION_08,1.5049648127371,0.109464882943144,0.913793103448276,0.671336206896552
A0,STRONG,142,V4_DIRECTION_06,V4_DIRECTION_09,0.604999528224045,0.101638795986622,0.15301724137931,0.547413793103448
A0,STRONG,143,V4_DIRECTION_06,V4_DIRECTION_10,1.45149802786251,0.112486064659978,0.898706896551724,0.72198275862069
A0,STRONG,144,V4_DIRECTION_06,V4_DIRECTION_11,1.23542232464427,0.101103678929766,0.739224137931034,0.545258620689655
A0,STRONG,145,V4_DIRECTION_06,V4_DIRECTION_13,0.827119737774431,0.129966555183946,0.321120689655172,0.913793103448276
A0,STRONG,146,V4_DIRECTION_06,V4_DIRECTION_15,1.32654061511053,0.113801560758082,0.818965517241379,0.771551724137931
A0,STRONG,147,V4_DIRECTION_06,V4_DIRECTION_17,0.886498964249618,0.134113712374582,0.381465517241379,0.943965517241379
A0,STRONG,148,V4_DIRECTION_06,V4_DIRECTION_18,0.659422414285174,0.11371237458194,0.196120689655172,0.764008620689655
A0,STRONG,149,V4_DIRECTION_06,V4_DIRECTION_19,1.20872814697739,0.0943366778149387,0.713362068965517,0.422413793103448
A0,STRONG,150,V4_DIRECTION_06,V4_DIRECTION_20,0.994531335238221,0.106465997770346,0.493534482758621,0.625
A0,STRONG,151,V4_DIRECTION_06,V4_DIRECTION_22,0.378384207248844,0.0769230769230769,0.0323275862068966,0.206896551724138
A0,STRONG,152,V4_DIRECTION_06,V4_DIRECTION_23,1.15574737994414,0.120401337792642,0.65301724137931,0.851293103448276
A0,STRONG,153,V4_DIRECTION_06,V4_DIRECTION_24,0.76062111694026,0.114648829431438,0.25,0.782327586206897
A0,STRONG,154,V4_DIRECTION_06,V4_DIRECTION_26,1.20580690747285,0.113210702341137,0.709051724137931,0.743534482758621
A0,STRONG,155,V4_DIRECTION_06,V4_DIRECTION_28,1.31473471308978,0.11371237458194,0.808189655172414,0.764008620689655
A0,STRONG,156,V4_DIRECTION_06,V4_DIRECTION_29,0.777527581162767,0.0899665551839465,0.271551724137931,0.352370689655172
A0,STRONG,157,V4_DIRECTION_06,V4_DIRECTION_30,0.481329017815331,0.102073578595318,0.0668103448275862,0.5625
A0,STRONG,158,V4_DIRECTION_06,V4_DIRECTION_31,0.865683237989693,0.100078037904125,0.357758620689655,0.515086206896552
A0,STRONG,159,V4_DIRECTION_06,V4_DIRECTION_32,0.788744472126563,0.0965440356744705,0.28448275862069,0.449353448275862
A0,STRONG,160,V4_DIRECTION_06,V4_DIRECTION_33,1.18620716838559,0.136588628762542,0.689655172413793,0.950431034482759
A0,STRONG,161,V4_DIRECTION_06,V4_DIRECTION_34,0.629089136570351,0.0898327759197324,0.172413793103448,0.34698275862069
A0,STRONG,162,V4_DIRECTION_06,V4_DIRECTION_35,0.93521308921614,0.12505016722408,0.431034482758621,0.881465517241379
A0,STRONG,163,V4_DIRECTION_06,V4_DIRECTION_37,0.944561830788973,0.101794871794872,0.441810344827586,0.553879310344828
A0,STRONG,164,V4_DIRECTION_06,V4_DIRECTION_39,0.808668534778255,0.0735674470457079,0.301724137931034,0.168103448275862
A0,STRONG,165,V4_DIRECTION_07,V4_DIRECTION_08,1.21078500746513,0.0869565217391304,0.719827586206897,0.310344827586207
A0,STRONG,166,V4_DIRECTION_07,V4_DIRECTION_09,1.0469699485785,0.112775919732441,0.540948275862069,0.729525862068966
A0,STRONG,167,V4_DIRECTION_07,V4_DIRECTION_10,1.06409967514717,0.0870122630992196,0.553879310344828,0.314655172413793
A0,STRONG,168,V4_DIRECTION_07,V4_DIRECTION_11,1.35727439790586,0.11025641025641,0.84698275862069,0.693965517241379
A0,STRONG,169,V4_DIRECTION_07,V4_DIRECTION_13,1.37593444653712,0.110144927536232,0.864224137931034,0.6875
A0,STRONG,170,V4_DIRECTION_07,V4_DIRECTION_15,0.914764036541346,0.0988628762541806,0.415948275862069,0.491379310344828
A0,STRONG,171,V4_DIRECTION_07,V4_DIRECTION_17,1.04432520714221,0.103545150501672,0.538793103448276,0.592672413793103
A0,STRONG,172,V4_DIRECTION_07,V4_DIRECTION_18,0.9294815965193,0.112608695652174,0.426724137931034,0.726293103448276
A0,STRONG,173,V4_DIRECTION_07,V4_DIRECTION_19,0.497559701640146,0.043422519509476,0.0754310344827586,0.0161637931034483
A0,STRONG,174,V4_DIRECTION_07,V4_DIRECTION_20,0.743073731603449,0.0764214046822742,0.232758620689655,0.191810344827586
A0,STRONG,175,V4_DIRECTION_07,V4_DIRECTION_22,0.992148665455806,0.109264214046823,0.487068965517241,0.668103448275862
A0,STRONG,176,V4_DIRECTION_07,V4_DIRECTION_23,0.49419949624318,0.0890969899665552,0.0732758620689655,0.329741379310345
A0,STRONG,177,V4_DIRECTION_07,V4_DIRECTION_24,1.00051067632159,0.0735117056856187,0.5,0.162715517241379
A0,STRONG,178,V4_DIRECTION_07,V4_DIRECTION_26,0.515373036618035,0.0563879598662207,0.0883620689655172,0.0431034482758621
A0,STRONG,179,V4_DIRECTION_07,V4_DIRECTION_28,0.928628804452913,0.102374581939799,0.424568965517241,0.573275862068966
A0,STRONG,180,V4_DIRECTION_07,V4_DIRECTION_29,1.23596128869816,0.0965440356744705,0.741379310344828,0.449353448275862
A0,STRONG,181,V4_DIRECTION_07,V4_DIRECTION_30,0.647659214021326,0.0603344481605351,0.1875,0.084051724137931
A0,STRONG,182,V4_DIRECTION_07,V4_DIRECTION_31,0.810079351372883,0.08,0.306034482758621,0.227370689655172
A0,STRONG,183,V4_DIRECTION_07,V4_DIRECTION_32,1.00424023317219,0.106666666666667,0.506465517241379,0.631465517241379
A0,STRONG,184,V4_DIRECTION_07,V4_DIRECTION_33,1.1014473504959,0.0967224080267559,0.601293103448276,0.459051724137931
A0,STRONG,185,V4_DIRECTION_07,V4_DIRECTION_34,0.788853789448914,0.0867335562987737,0.286637931034483,0.297413793103448
A0,STRONG,186,V4_DIRECTION_07,V4_DIRECTION_35,0.941666149573108,0.122965440356745,0.4375,0.859913793103448
A0,STRONG,187,V4_DIRECTION_07,V4_DIRECTION_37,0.859369594160281,0.100468227424749,0.351293103448276,0.538793103448276
A0,STRONG,188,V4_DIRECTION_07,V4_DIRECTION_39,0.850376584345758,0.111817168338907,0.34051724137931,0.719827586206897
A0,STRONG,189,V4_DIRECTION_08,V4_DIRECTION_09,1.5544350394117,0.108494983277592,0.9375,0.657327586206897
A0,STRONG,190,V4_DIRECTION_08,V4_DIRECTION_10,0.6750825806156,0.0601783723522854,0.202586206896552,0.0775862068965517
A0,STRONG,191,V4_DIRECTION_08,V4_DIRECTION_11,0.600650487139591,0.0933779264214047,0.148706896551724,0.40625
A0,STRONG,192,V4_DIRECTION_08,V4_DIRECTION_13,0.832692422698591,0.0725752508361204,0.323275862068966,0.150862068965517
A0,STRONG,193,V4_DIRECTION_08,V4_DIRECTION_15,1.26186614000468,0.0963768115942029,0.765086206896552,0.443965517241379
A0,STRONG,194,V4_DIRECTION_08,V4_DIRECTION_17,1.14203329455685,0.0863545150501672,0.635775862068966,0.294181034482759
A0,STRONG,195,V4_DIRECTION_08,V4_DIRECTION_18,1.57291614497719,0.0932441471571906,0.943965517241379,0.399784482758621
A0,STRONG,196,V4_DIRECTION_08,V4_DIRECTION_19,0.732946511860256,0.0630992196209588,0.224137931034483,0.0883620689655172
A0,STRONG,197,V4_DIRECTION_08,V4_DIRECTION_20,1.26903685401576,0.0593088071348941,0.782327586206897,0.0646551724137931
A0,STRONG,198,V4_DIRECTION_08,V4_DIRECTION_22,1.84147619886745,0.0898996655518395,0.997844827586207,0.349137931034483
A0,STRONG,199,V4_DIRECTION_08,V4_DIRECTION_23,1.39970162300295,0.103177257525084,0.870689655172414,0.586206896551724
A0,STRONG,200,V4_DIRECTION_08,V4_DIRECTION_24,0.581560035172534,0.0598996655518395,0.133620689655172,0.0689655172413793
A0,STRONG,201,V4_DIRECTION_08,V4_DIRECTION_26,0.776663320563527,0.0759866220735786,0.269396551724138,0.1875
A0,STRONG,202,V4_DIRECTION_08,V4_DIRECTION_28,0.851063966118109,0.0896989966555184,0.342672413793103,0.344827586206897
A0,STRONG,203,V4_DIRECTION_08,V4_DIRECTION_29,1.7765073418125,0.110234113712375,0.991379310344828,0.69073275862069
A0,STRONG,204,V4_DIRECTION_08,V4_DIRECTION_30,1.08919421606404,0.0835117056856187,0.59051724137931,0.269396551724138
A0,STRONG,205,V4_DIRECTION_08,V4_DIRECTION_31,1.64343144942974,0.0894091415830546,0.96551724137931,0.336206896551724
A0,STRONG,206,V4_DIRECTION_08,V4_DIRECTION_32,0.778643779711373,0.113667781493868,0.273706896551724,0.760775862068966
A0,STRONG,207,V4_DIRECTION_08,V4_DIRECTION_33,1.25819445587554,0.0869230769230769,0.760775862068966,0.308189655172414
A0,STRONG,208,V4_DIRECTION_08,V4_DIRECTION_34,1.3328327499274,0.0835451505016722,0.825431034482759,0.271551724137931
A0,STRONG,209,V4_DIRECTION_08,V4_DIRECTION_35,1.2550530058665,0.0917725752508361,0.752155172413793,0.380387931034483
A0,STRONG,210,V4_DIRECTION_08,V4_DIRECTION_37,1.12901241187863,0.113534002229654,0.622844827586207,0.75323275862069
A0,STRONG,211,V4_DIRECTION_08,V4_DIRECTION_39,1.32069979470466,0.125975473801561,0.8125,0.885775862068966
A0,STRONG,212,V4_DIRECTION_09,V4_DIRECTION_10,1.36265125203009,0.105551839464883,0.851293103448276,0.609913793103448
A0,STRONG,213,V4_DIRECTION_09,V4_DIRECTION_11,0.611432906837769,0.0399108138238573,0.15948275862069,0.00431034482758621
A0,STRONG,214,V4_DIRECTION_09,V4_DIRECTION_13,1.34175369492068,0.0968784838350056,0.831896551724138,0.463362068965517
A0,STRONG,215,V4_DIRECTION_09,V4_DIRECTION_15,0.850142430636213,0.105496098104794,0.338362068965517,0.605603448275862
A0,STRONG,216,V4_DIRECTION_09,V4_DIRECTION_17,0.615674701291536,0.106688963210702,0.163793103448276,0.633620689655172
A0,STRONG,217,V4_DIRECTION_09,V4_DIRECTION_18,1.20145851198278,0.132909698996656,0.706896551724138,0.931034482758621
A0,STRONG,218,V4_DIRECTION_09,V4_DIRECTION_19,1.50642433939447,0.116588628762542,0.915948275862069,0.794181034482759
A0,STRONG,219,V4_DIRECTION_09,V4_DIRECTION_20,0.546506738559096,0.083768115942029,0.109913793103448,0.280172413793103
A0,STRONG,220,V4_DIRECTION_09,V4_DIRECTION_22,0.722924513890737,0.0994648829431438,0.217672413793103,0.498922413793103
A0,STRONG,221,V4_DIRECTION_09,V4_DIRECTION_23,1.29072115416351,0.12933110367893,0.795258620689655,0.90948275862069
A0,STRONG,222,V4_DIRECTION_09,V4_DIRECTION_24,1.1205231015628,0.119899665551839,0.614224137931034,0.844827586206897
A0,STRONG,223,V4_DIRECTION_09,V4_DIRECTION_26,0.871397337960643,0.0969899665551839,0.368534482758621,0.46875
A0,STRONG,224,V4_DIRECTION_09,V4_DIRECTION_28,1.23800263535867,0.102341137123746,0.743534482758621,0.571120689655172
A0,STRONG,225,V4_DIRECTION_09,V4_DIRECTION_29,0.3519460736112,0.070546265328874,0.0237068965517241,0.140086206896552
A0,STRONG,226,V4_DIRECTION_09,V4_DIRECTION_30,0.954667449256237,0.119297658862876,0.450431034482759,0.837284482758621
A0,STRONG,227,V4_DIRECTION_09,V4_DIRECTION_31,0.444284042315376,0.0834336677814939,0.0560344827586207,0.267241379310345
A0,STRONG,228,V4_DIRECTION_09,V4_DIRECTION_32,0.63686113578475,0.074247491638796,0.174568965517241,0.183189655172414
A0,STRONG,229,V4_DIRECTION_09,V4_DIRECTION_33,1.03805315619426,0.114548494983278,0.53448275862069,0.780172413793103
A0,STRONG,230,V4_DIRECTION_09,V4_DIRECTION_34,1.16689772411068,0.124437012263099,0.665948275862069,0.877155172413793
A0,STRONG,231,V4_DIRECTION_09,V4_DIRECTION_35,0.914036772352899,0.0870011148272018,0.413793103448276,0.3125
A0,STRONG,232,V4_DIRECTION_09,V4_DIRECTION_37,0.382080308644861,0.0693422519509476,0.0344827586206897,0.125
A0,STRONG,233,V4_DIRECTION_09,V4_DIRECTION_39,0.883570410873981,0.0977926421404682,0.379310344827586,0.476293103448276
A0,STRONG,234,V4_DIRECTION_10,V4_DIRECTION_11,0.762831790500368,0.0734671125975474,0.252155172413793,0.158405172413793
A0,STRONG,235,V4_DIRECTION_10,V4_DIRECTION_13,0.928118211369011,0.0895986622073578,0.422413793103448,0.338362068965517
A0,STRONG,236,V4_DIRECTION_10,V4_DIRECTION_15,1.34658469999238,0.102742474916388,0.842672413793103,0.577586206896552
A0,STRONG,237,V4_DIRECTION_10,V4_DIRECTION_17,1.55906110315919,0.109977703455964,0.939655172413793,0.678879310344828
A0,STRONG,238,V4_DIRECTION_10,V4_DIRECTION_18,0.805843520919121,0.0795986622073579,0.299568965517241,0.22198275862069
A0,STRONG,239,V4_DIRECTION_10,V4_DIRECTION_19,1.26121328515799,0.0833444816053512,0.762931034482759,0.260775862068966
A0,STRONG,240,V4_DIRECTION_10,V4_DIRECTION_20,0.991952583242416,0.0997101449275362,0.484913793103448,0.506465517241379
A0,STRONG,241,V4_DIRECTION_10,V4_DIRECTION_22,1.53677614079571,0.0963210702341137,0.922413793103448,0.441810344827586
A0,STRONG,242,V4_DIRECTION_10,V4_DIRECTION_23,1.11622231583616,0.0861761426978818,0.612068965517241,0.290948275862069
A0,STRONG,243,V4_DIRECTION_10,V4_DIRECTION_24,0.897409441495405,0.0700780379041249,0.392241379310345,0.134698275862069
A0,STRONG,244,V4_DIRECTION_10,V4_DIRECTION_26,1.41232441031538,0.106354515050167,0.883620689655172,0.620689655172414
A0,STRONG,245,V4_DIRECTION_10,V4_DIRECTION_28,1.36589188092117,0.102787068004459,0.855603448275862,0.579741379310345
A0,STRONG,246,V4_DIRECTION_10,V4_DIRECTION_29,1.53837228688155,0.113433667781494,0.926724137931034,0.75
A0,STRONG,247,V4_DIRECTION_10,V4_DIRECTION_30,1.03317774316087,0.100312151616499,0.52801724137931,0.535560344827586
A0,STRONG,248,V4_DIRECTION_10,V4_DIRECTION_31,1.71414707737699,0.103054626532887,0.980603448275862,0.581896551724138
A0,STRONG,249,V4_DIRECTION_10,V4_DIRECTION_32,1.29088283666062,0.116889632107023,0.797413793103448,0.806034482758621
A0,STRONG,250,V4_DIRECTION_10,V4_DIRECTION_33,0.572192538120976,0.0500334448160535,0.125,0.0237068965517241
A0,STRONG,251,V4_DIRECTION_10,V4_DIRECTION_34,1.16936360109823,0.070066889632107,0.670258620689655,0.131465517241379
A0,STRONG,252,V4_DIRECTION_10,V4_DIRECTION_35,0.797046721212253,0.102229654403567,0.295258620689655,0.568965517241379
A0,STRONG,253,V4_DIRECTION_10,V4_DIRECTION_37,0.771039775383959,0.0868896321070234,0.260775862068966,0.306034482758621
A0,STRONG,254,V4_DIRECTION_10,V4_DIRECTION_39,1.17805410318257,0.108896321070234,0.683189655172414,0.65948275862069
A0,STRONG,255,V4_DIRECTION_11,V4_DIRECTION_13,1.43726970483862,0.100602006688963,0.892241379310345,0.540948275862069
A0,STRONG,256,V4_DIRECTION_11,V4_DIRECTION_15,0.957603662287754,0.0911817168338907,0.454741379310345,0.372844827586207
A0,STRONG,257,V4_DIRECTION_11,V4_DIRECTION_17,1.19029812780524,0.0904347826086957,0.698275862068966,0.368534482758621
A0,STRONG,258,V4_DIRECTION_11,V4_DIRECTION_18,1.61765186881122,0.101716833890747,0.956896551724138,0.550646551724138
A0,STRONG,259,V4_DIRECTION_11,V4_DIRECTION_19,1.25589081722358,0.0870903010033445,0.756465517241379,0.318965517241379
A0,STRONG,260,V4_DIRECTION_11,V4_DIRECTION_20,1.100052802345,0.0801337792642141,0.59698275862069,0.232758620689655
A0,STRONG,261,V4_DIRECTION_11,V4_DIRECTION_22,1.57177736262474,0.101716833890747,0.941810344827586,0.550646551724138
A0,STRONG,262,V4_DIRECTION_11,V4_DIRECTION_23,1.57548211417226,0.104938684503902,0.946120689655172,0.601293103448276
A0,STRONG,263,V4_DIRECTION_11,V4_DIRECTION_24,0.903105251030652,0.0803010033444816,0.400862068965517,0.239224137931034
A0,STRONG,264,V4_DIRECTION_11,V4_DIRECTION_26,1.00337956751457,0.100245261984392,0.504310344827586,0.523706896551724
A0,STRONG,265,V4_DIRECTION_11,V4_DIRECTION_28,0.960376031656659,0.0880936454849498,0.459051724137931,0.321120689655172
A0,STRONG,266,V4_DIRECTION_11,V4_DIRECTION_29,1.05252046197937,0.0859531772575251,0.547413793103448,0.288793103448276
A0,STRONG,267,V4_DIRECTION_11,V4_DIRECTION_30,1.12281908720629,0.123846153846154,0.616379310344828,0.868534482758621
A0,STRONG,268,V4_DIRECTION_11,V4_DIRECTION_31,1.32192941353451,0.0737123745819398,0.814655172413793,0.178879310344828
A0,STRONG,269,V4_DIRECTION_11,V4_DIRECTION_32,0.398050979373918,0.0693645484949833,0.0387931034482759,0.127155172413793
A0,STRONG,270,V4_DIRECTION_11,V4_DIRECTION_33,1.191493298517,0.0996098104793757,0.702586206896552,0.502155172413793
A0,STRONG,271,V4_DIRECTION_11,V4_DIRECTION_34,1.3288973104235,0.0896321070234114,0.821120689655172,0.34051724137931
A0,STRONG,272,V4_DIRECTION_11,V4_DIRECTION_35,1.40387695379476,0.0903010033444816,0.875,0.363146551724138
A0,STRONG,273,V4_DIRECTION_11,V4_DIRECTION_37,0.302807205713878,0.0403121516164994,0.0129310344827586,0.00862068965517241
A0,STRONG,274,V4_DIRECTION_11,V4_DIRECTION_39,0.932369795573272,0.0940468227424749,0.428879310344828,0.420258620689655
A0,STRONG,275,V4_DIRECTION_13,V4_DIRECTION_15,1.73605340214765,0.133846153846154,0.987068965517241,0.941810344827586
A0,STRONG,276,V4_DIRECTION_13,V4_DIRECTION_17,0.887060938471616,0.0836120401337793,0.383620689655172,0.274784482758621
A0,STRONG,277,V4_DIRECTION_13,V4_DIRECTION_18,0.82048303948362,0.107614269788183,0.316810344827586,0.650862068965517
A0,STRONG,278,V4_DIRECTION_13,V4_DIRECTION_19,1.18424844125777,0.0902452619843924,0.685344827586207,0.357758620689655
A0,STRONG,279,V4_DIRECTION_13,V4_DIRECTION_20,0.789579895791436,0.0706243032329989,0.288793103448276,0.142241379310345
A0,STRONG,280,V4_DIRECTION_13,V4_DIRECTION_22,0.947528361903455,0.117647714604236,0.443965517241379,0.818965517241379
A0,STRONG,281,V4_DIRECTION_13,V4_DIRECTION_23,1.39940986070931,0.134158305462653,0.868534482758621,0.946120689655172
A0,STRONG,282,V4_DIRECTION_13,V4_DIRECTION_24,0.546770190359618,0.0903010033444816,0.112068965517241,0.363146551724138
A0,STRONG,283,V4_DIRECTION_13,V4_DIRECTION_26,1.17340910621874,0.117279821627648,0.678879310344828,0.814655172413793
A0,STRONG,284,V4_DIRECTION_13,V4_DIRECTION_28,1.40119105492885,0.127257525083612,0.872844827586207,0.898706896551724
A0,STRONG,285,V4_DIRECTION_13,V4_DIRECTION_29,1.28212198509948,0.138595317725753,0.793103448275862,0.967672413793103
A0,STRONG,286,V4_DIRECTION_13,V4_DIRECTION_30,1.08531771785369,0.116588628762542,0.581896551724138,0.794181034482759
A0,STRONG,287,V4_DIRECTION_13,V4_DIRECTION_31,1.19076996230296,0.113734671125975,0.700431034482759,0.767241379310345
A0,STRONG,288,V4_DIRECTION_13,V4_DIRECTION_32,1.55409684370219,0.138907469342252,0.935344827586207,0.969827586206897
A0,STRONG,289,V4_DIRECTION_13,V4_DIRECTION_33,0.834557733200007,0.105574136008919,0.325431034482759,0.612068965517241
A0,STRONG,290,V4_DIRECTION_13,V4_DIRECTION_34,0.911193790699875,0.0953846153846154,0.40948275862069,0.433189655172414
A0,STRONG,291,V4_DIRECTION_13,V4_DIRECTION_35,0.426380904322548,0.0567224080267558,0.0452586206896552,0.0474137931034483
A0,STRONG,292,V4_DIRECTION_13,V4_DIRECTION_37,1.64063436047738,0.143478260869565,0.963362068965517,0.982758620689655
A0,STRONG,293,V4_DIRECTION_13,V4_DIRECTION_39,1.65854546582509,0.139576365663322,0.969827586206897,0.973060344827586
A0,STRONG,294,V4_DIRECTION_15,V4_DIRECTION_17,0.771659999416264,0.104370122630992,0.262931034482759,0.599137931034483
A0,STRONG,295,V4_DIRECTION_15,V4_DIRECTION_18,0.984840956508739,0.100312151616499,0.476293103448276,0.535560344827586
A0,STRONG,296,V4_DIRECTION_15,V4_DIRECTION_19,0.796547066554892,0.0946711259754738,0.293103448275862,0.425646551724138
A0,STRONG,297,V4_DIRECTION_15,V4_DIRECTION_20,1.31417216979907,0.109966555183946,0.806034482758621,0.676724137931034
A0,STRONG,298,V4_DIRECTION_15,V4_DIRECTION_22,0.738167284228727,0.0936231884057971,0.228448275862069,0.415948275862069
A0,STRONG,299,V4_DIRECTION_15,V4_DIRECTION_23,0.362390031027587,0.0769230769230769,0.0280172413793103,0.206896551724138
A0,STRONG,300,V4_DIRECTION_15,V4_DIRECTION_24,1.73303453741261,0.118216276477146,0.984913793103448,0.822198275862069
A0,STRONG,301,V4_DIRECTION_15,V4_DIRECTION_26,0.882777442067939,0.083355629877369,0.377155172413793,0.262931034482759
A0,STRONG,302,V4_DIRECTION_15,V4_DIRECTION_28,0.466608227878998,0.0736008918617614,0.0603448275862069,0.173491379310345
A0,STRONG,303,V4_DIRECTION_15,V4_DIRECTION_29,0.441285523435846,0.0667335562987737,0.0538793103448276,0.112068965517241
A0,STRONG,304,V4_DIRECTION_15,V4_DIRECTION_30,1.15780352727704,0.102430323299889,0.65948275862069,0.575431034482759
A0,STRONG,305,V4_DIRECTION_15,V4_DIRECTION_31,0.499545509545842,0.0603678929765886,0.0797413793103448,0.0862068965517241
A0,STRONG,306,V4_DIRECTION_15,V4_DIRECTION_32,0.687299394182572,0.0933333333333333,0.206896551724138,0.40301724137931
A0,STRONG,307,V4_DIRECTION_15,V4_DIRECTION_33,1.11170947790822,0.123389074693423,0.607758620689655,0.862068965517241
A0,STRONG,308,V4_DIRECTION_15,V4_DIRECTION_34,1.17326872526591,0.100133779264214,0.674568965517241,0.519396551724138
A0,STRONG,309,V4_DIRECTION_15,V4_DIRECTION_35,1.47395092374805,0.122352285395764,0.905172413793103,0.855603448275862
A0,STRONG,310,V4_DIRECTION_15,V4_DIRECTION_37,0.900993498172446,0.0988294314381271,0.398706896551724,0.489224137931034
A0,STRONG,311,V4_DIRECTION_15,V4_DIRECTION_39,0.33704802922094,0.0970457079152731,0.0193965517241379,0.47198275862069
A0,STRONG,312,V4_DIRECTION_17,V4_DIRECTION_18,1.15145228417403,0.138294314381271,0.646551724137931,0.963362068965517
A0,STRONG,313,V4_DIRECTION_17,V4_DIRECTION_19,1.2627343745672,0.0769119286510591,0.771551724137931,0.201508620689655
A0,STRONG,314,V4_DIRECTION_17,V4_DIRECTION_20,0.639681320784799,0.0602787068004459,0.178879310344828,0.0797413793103448
A0,STRONG,315,V4_DIRECTION_17,V4_DIRECTION_22,0.79530249831301,0.10819397993311,0.290948275862069,0.65301724137931
A0,STRONG,316,V4_DIRECTION_17,V4_DIRECTION_23,1.07240884160118,0.131438127090301,0.566810344827586,0.922413793103448
A0,STRONG,317,V4_DIRECTION_17,V4_DIRECTION_24,1.146746799837,0.0836120401337793,0.640086206896552,0.274784482758621
A0,STRONG,318,V4_DIRECTION_17,V4_DIRECTION_26,0.582261992219917,0.0668896321070234,0.135775862068966,0.115301724137931
A0,STRONG,319,V4_DIRECTION_17,V4_DIRECTION_28,1.25818907624952,0.111204013377926,0.758620689655172,0.713362068965517
A0,STRONG,320,V4_DIRECTION_17,V4_DIRECTION_29,0.715016103642109,0.109030100334448,0.211206896551724,0.661637931034483
A0,STRONG,321,V4_DIRECTION_17,V4_DIRECTION_30,0.969127151132172,0.11685618729097,0.467672413793103,0.803879310344828
A0,STRONG,322,V4_DIRECTION_17,V4_DIRECTION_31,0.360311085973178,0.0534894091415831,0.0258620689655172,0.0323275862068966
A0,STRONG,323,V4_DIRECTION_17,V4_DIRECTION_32,0.747257976573207,0.119286510590858,0.239224137931034,0.834051724137931
A0,STRONG,324,V4_DIRECTION_17,V4_DIRECTION_33,1.2220332868014,0.142809364548495,0.728448275862069,0.979525862068966
A0,STRONG,325,V4_DIRECTION_17,V4_DIRECTION_34,1.63289802701929,0.129364548494983,0.961206896551724,0.911637931034483
A0,STRONG,326,V4_DIRECTION_17,V4_DIRECTION_35,0.718000745570383,0.0933779264214047,0.21551724137931,0.40625
A0,STRONG,327,V4_DIRECTION_17,V4_DIRECTION_37,1.21312257321881,0.123634336677815,0.72198275862069,0.864224137931034
A0,STRONG,328,V4_DIRECTION_17,V4_DIRECTION_39,1.03074993016899,0.143768115942029,0.523706896551724,0.984913793103448
A0,STRONG,329,V4_DIRECTION_18,V4_DIRECTION_19,1.26897743122831,0.10180602006689,0.780172413793103,0.556034482758621
A0,STRONG,330,V4_DIRECTION_18,V4_DIRECTION_20,1.22696773132028,0.127313266443701,0.732758620689655,0.900862068965517
A0,STRONG,331,V4_DIRECTION_18,V4_DIRECTION_22,0.330577746888455,0.0535117056856187,0.0150862068965517,0.0355603448275862
A0,STRONG,332,V4_DIRECTION_18,V4_DIRECTION_23,0.516876469465669,0.0535117056856187,0.0905172413793103,0.0355603448275862
A0,STRONG,333,V4_DIRECTION_18,V4_DIRECTION_24,1.3177722000295,0.101939799331104,0.810344827586207,0.558189655172414
A0,STRONG,334,V4_DIRECTION_18,V4_DIRECTION_26,1.71180018204335,0.114046822742475,0.978448275862069,0.775862068965517
A0,STRONG,335,V4_DIRECTION_18,V4_DIRECTION_28,1.33152523932922,0.0969899665551839,0.823275862068966,0.46875
A0,STRONG,336,V4_DIRECTION_18,V4_DIRECTION_29,0.805813185923679,0.100278706800446,0.297413793103448,0.530172413793103
A0,STRONG,337,V4_DIRECTION_18,V4_DIRECTION_30,0.738861369271403,0.0960535117056856,0.230603448275862,0.4375
A0,STRONG,338,V4_DIRECTION_18,V4_DIRECTION_31,1.05200466359051,0.114403567447046,0.545258620689655,0.77801724137931
A0,STRONG,339,V4_DIRECTION_18,V4_DIRECTION_32,1.36625439154994,0.150334448160535,0.857758620689655,0.995689655172414
A0,STRONG,340,V4_DIRECTION_18,V4_DIRECTION_33,0.644502766565088,0.0901003344481605,0.185344827586207,0.355603448275862
A0,STRONG,341,V4_DIRECTION_18,V4_DIRECTION_34,0.753173448150078,0.0601226309921962,0.243534482758621,0.0754310344827586
A0,STRONG,342,V4_DIRECTION_18,V4_DIRECTION_35,0.763254995018596,0.106265328874025,0.254310344827586,0.618534482758621
A0,STRONG,343,V4_DIRECTION_18,V4_DIRECTION_37,1.26810628926413,0.129275362318841,0.77801724137931,0.907327586206897
A0,STRONG,344,V4_DIRECTION_18,V4_DIRECTION_39,0.616915275506506,0.110301003344482,0.165948275862069,0.697198275862069
A0,STRONG,345,V4_DIRECTION_19,V4_DIRECTION_20,1.16787902888695,0.0635451505016722,0.668103448275862,0.102370689655172
A0,STRONG,346,V4_DIRECTION_19,V4_DIRECTION_22,1.17608153254423,0.0951170568561873,0.681034482758621,0.428879310344828
A0,STRONG,347,V4_DIRECTION_19,V4_DIRECTION_23,0.606986360608783,0.0715496098104794,0.157327586206897,0.146551724137931
A0,STRONG,348,V4_DIRECTION_19,V4_DIRECTION_24,1.06967056492552,0.0535340022296544,0.564655172413793,0.0387931034482759
A0,STRONG,349,V4_DIRECTION_19,V4_DIRECTION_26,0.513503245797656,0.0266889632107023,0.084051724137931,0
A0,STRONG,350,V4_DIRECTION_19,V4_DIRECTION_28,0.341278234975636,0.058015607580825,0.021551724137931,0.0603448275862069
A0,STRONG,351,V4_DIRECTION_19,V4_DIRECTION_29,1.27075394388515,0.0958862876254181,0.786637931034483,0.435344827586207
A0,STRONG,352,V4_DIRECTION_19,V4_DIRECTION_30,1.22656926646068,0.0868450390189521,0.730603448275862,0.303879310344828
A0,STRONG,353,V4_DIRECTION_19,V4_DIRECTION_31,0.947856540136667,0.0735117056856187,0.446120689655172,0.162715517241379
A0,STRONG,354,V4_DIRECTION_19,V4_DIRECTION_32,1.06812968158843,0.112809364548495,0.560344827586207,0.732758620689655
A0,STRONG,355,V4_DIRECTION_19,V4_DIRECTION_33,1.42301785341387,0.0794648829431438,0.885775862068966,0.219827586206897
A0,STRONG,356,V4_DIRECTION_19,V4_DIRECTION_34,0.534186319881187,0.0559977703455964,0.0991379310344828,0.040948275862069
A0,STRONG,357,V4_DIRECTION_19,V4_DIRECTION_35,1.26413554121256,0.116655518394649,0.773706896551724,0.797413793103448
A0,STRONG,358,V4_DIRECTION_19,V4_DIRECTION_37,1.36301215399526,0.103634336677815,0.853448275862069,0.594827586206897
A0,STRONG,359,V4_DIRECTION_19,V4_DIRECTION_39,0.938968614754247,0.110702341137124,0.433189655172414,0.710129310344828
A0,STRONG,360,V4_DIRECTION_20,V4_DIRECTION_22,1.1249458767364,0.0905239687848384,0.618534482758621,0.370689655172414
A0,STRONG,361,V4_DIRECTION_20,V4_DIRECTION_23,1.27021194160135,0.117123745819398,0.78448275862069,0.8125
A0,STRONG,362,V4_DIRECTION_20,V4_DIRECTION_24,0.940483321213923,0.0767670011148272,0.435344827586207,0.196120689655172
A0,STRONG,363,V4_DIRECTION_20,V4_DIRECTION_26,0.535551661548696,0.0501895206243032,0.103448275862069,0.0280172413793103
A0,STRONG,364,V4_DIRECTION_20,V4_DIRECTION_28,1.46258805760709,0.0969007803790413,0.900862068965517,0.46551724137931
A0,STRONG,365,V4_DIRECTION_20,V4_DIRECTION_29,0.926126487223446,0.0917391304347826,0.420258620689655,0.377155172413793
A0,STRONG,366,V4_DIRECTION_20,V4_DIRECTION_30,1.2767097123034,0.110078037904125,0.790948275862069,0.683189655172414
A0,STRONG,367,V4_DIRECTION_20,V4_DIRECTION_31,0.531775091549687,0.057056856187291,0.0948275862068965,0.0581896551724138
A0,STRONG,368,V4_DIRECTION_20,V4_DIRECTION_32,1.34434584572294,0.118695652173913,0.836206896551724,0.827586206896552
A0,STRONG,369,V4_DIRECTION_20,V4_DIRECTION_33,0.905024668589399,0.105507246376812,0.40301724137931,0.607758620689655
A0,STRONG,370,V4_DIRECTION_20,V4_DIRECTION_34,1.15920934645442,0.0921627647714604,0.661637931034483,0.387931034482759
A0,STRONG,371,V4_DIRECTION_20,V4_DIRECTION_35,0.21247525042561,0.0672909698996655,0.0021551724137931,0.122844827586207
A0,STRONG,372,V4_DIRECTION_20,V4_DIRECTION_37,0.908815777103564,0.100200668896321,0.407327586206897,0.521551724137931
A0,STRONG,373,V4_DIRECTION_20,V4_DIRECTION_39,1.53790304364431,0.142809364548495,0.924568965517241,0.979525862068966
A0,STRONG,374,V4_DIRECTION_22,V4_DIRECTION_23,0.561324749873741,0.0635451505016722,0.118534482758621,0.102370689655172
A0,STRONG,375,V4_DIRECTION_22,V4_DIRECTION_24,1.31019182718013,0.0952508361204013,0.803879310344828,0.431034482758621
A0,STRONG,376,V4_DIRECTION_22,V4_DIRECTION_26,1.34606664005401,0.10066889632107,0.84051724137931,0.543103448275862
A0,STRONG,377,V4_DIRECTION_22,V4_DIRECTION_28,0.986382485753199,0.0802675585284281,0.480603448275862,0.235991379310345
A0,STRONG,378,V4_DIRECTION_22,V4_DIRECTION_29,0.277120981991811,0.043422519509476,0.0107758620689655,0.0161637931034483
A0,STRONG,379,V4_DIRECTION_22,V4_DIRECTION_30,0.778931676366132,0.0927090301003345,0.275862068965517,0.394396551724138
A0,STRONG,380,V4_DIRECTION_22,V4_DIRECTION_31,0.470375830438284,0.0709253065774805,0.0646551724137931,0.144396551724138
A0,STRONG,381,V4_DIRECTION_22,V4_DIRECTION_32,1.15779439236101,0.130267558528428,0.657327586206897,0.918103448275862
A0,STRONG,382,V4_DIRECTION_22,V4_DIRECTION_33,0.840942758105365,0.103478260869565,0.329741379310345,0.59051724137931
A0,STRONG,383,V4_DIRECTION_22,V4_DIRECTION_34,0.601918576688508,0.0534336677814939,0.150862068965517,0.0301724137931034
A0,STRONG,384,V4_DIRECTION_22,V4_DIRECTION_35,0.965908332476721,0.109609810479376,0.46551724137931,0.674568965517241
A0,STRONG,385,V4_DIRECTION_22,V4_DIRECTION_37,1.2058546982713,0.112552954292085,0.711206896551724,0.724137931034483
A0,STRONG,386,V4_DIRECTION_22,V4_DIRECTION_39,0.618442182337358,0.100267558528428,0.168103448275862,0.526939655172414
A0,STRONG,387,V4_DIRECTION_23,V4_DIRECTION_24,1.43818273969197,0.0917725752508361,0.894396551724138,0.380387931034483
A0,STRONG,388,V4_DIRECTION_23,V4_DIRECTION_26,0.962540559134251,0.0938127090301003,0.461206896551724,0.418103448275862
A0,STRONG,389,V4_DIRECTION_23,V4_DIRECTION_28,0.532761794509627,0.0434782608695652,0.0969827586206897,0.0193965517241379
A0,STRONG,390,V4_DIRECTION_23,V4_DIRECTION_29,0.753220910868679,0.0734671125975474,0.245689655172414,0.158405172413793
A0,STRONG,391,V4_DIRECTION_23,V4_DIRECTION_30,0.820214940884807,0.0892307692307692,0.314655172413793,0.331896551724138
A0,STRONG,392,V4_DIRECTION_23,V4_DIRECTION_31,0.68448484298082,0.084113712374582,0.204741379310345,0.282327586206897
A0,STRONG,393,V4_DIRECTION_23,V4_DIRECTION_32,1.25533133009005,0.136900780379041,0.754310344827586,0.952586206896552
A0,STRONG,394,V4_DIRECTION_23,V4_DIRECTION_33,0.71514740715589,0.08,0.213362068965517,0.227370689655172
A0,STRONG,395,V4_DIRECTION_23,V4_DIRECTION_34,0.747402933879239,0.0700780379041249,0.241379310344828,0.134698275862069
A0,STRONG,396,V4_DIRECTION_23,V4_DIRECTION_35,1.23965512862768,0.12273132664437,0.745689655172414,0.857758620689655
A0,STRONG,397,V4_DIRECTION_23,V4_DIRECTION_37,1.1521173245503,0.119096989966555,0.648706896551724,0.831896551724138
A0,STRONG,398,V4_DIRECTION_23,V4_DIRECTION_39,0.575718640214934,0.106967670011148,0.127155172413793,0.646551724137931
A0,STRONG,399,V4_DIRECTION_24,V4_DIRECTION_26,0.776642125358226,0.0566889632107023,0.267241379310345,0.0452586206896552
A0,STRONG,400,V4_DIRECTION_24,V4_DIRECTION_28,1.03788518503867,0.0882943143812709,0.532327586206897,0.323275862068966
A0,STRONG,401,V4_DIRECTION_24,V4_DIRECTION_29,1.52297113744633,0.112775919732441,0.918103448275862,0.729525862068966
A0,STRONG,402,V4_DIRECTION_24,V4_DIRECTION_30,0.482632620960596,0.0635451505016722,0.0689655172413793,0.102370689655172
A0,STRONG,403,V4_DIRECTION_24,V4_DIRECTION_31,1.43182621217227,0.0935897435897436,0.890086206896552,0.411637931034483
A0,STRONG,404,V4_DIRECTION_24,V4_DIRECTION_32,1.08411886263099,0.112931995540691,0.575431034482759,0.734913793103448
A0,STRONG,405,V4_DIRECTION_24,V4_DIRECTION_33,0.746032913306288,0.0762541806020067,0.237068965517241,0.189655172413793
A0,STRONG,406,V4_DIRECTION_24,V4_DIRECTION_34,0.87221169999629,0.0729096989966555,0.370689655172414,0.15301724137931
A0,STRONG,407,V4_DIRECTION_24,V4_DIRECTION_35,1.07473900586011,0.0999665551839465,0.573275862068966,0.512931034482759
A0,STRONG,408,V4_DIRECTION_24,V4_DIRECTION_37,0.851878274624305,0.107079152731327,0.344827586206897,0.648706896551724
A0,STRONG,409,V4_DIRECTION_24,V4_DIRECTION_39,1.68738946683825,0.12768115942029,0.974137931034483,0.90301724137931
A0,STRONG,410,V4_DIRECTION_26,V4_DIRECTION_28,0.666482733817444,0.0668896321070234,0.200431034482759,0.118534482758621
A0,STRONG,411,V4_DIRECTION_26,V4_DIRECTION_29,1.13656018188349,0.0884057971014493,0.631465517241379,0.325431034482759
A0,STRONG,412,V4_DIRECTION_26,V4_DIRECTION_30,1.04046963274546,0.0798996655518395,0.536637931034483,0.224137931034483
A0,STRONG,413,V4_DIRECTION_26,V4_DIRECTION_31,0.550133810948318,0.0569453734671126,0.114224137931034,0.0560344827586207
A0,STRONG,414,V4_DIRECTION_26,V4_DIRECTION_32,0.898374893328837,0.102006688963211,0.394396551724138,0.560344827586207
A0,STRONG,415,V4_DIRECTION_26,V4_DIRECTION_33,1.23185927096924,0.102173913043478,0.737068965517241,0.564655172413793
A0,STRONG,416,V4_DIRECTION_26,V4_DIRECTION_34,1.15772339850735,0.0921293199554069,0.655172413793103,0.385775862068966
A0,STRONG,417,V4_DIRECTION_26,V4_DIRECTION_35,1.00108955780942,0.110546265328874,0.502155172413793,0.706896551724138
A0,STRONG,418,V4_DIRECTION_26,V4_DIRECTION_37,0.956067441097205,0.100111482720178,0.452586206896552,0.517241379310345
A0,STRONG,419,V4_DIRECTION_26,V4_DIRECTION_39,1.36853411356708,0.132842809364548,0.862068965517241,0.928879310344828
A0,STRONG,420,V4_DIRECTION_28,V4_DIRECTION_29,0.816686593178762,0.0867892976588629,0.310344827586207,0.299568965517241
A0,STRONG,421,V4_DIRECTION_28,V4_DIRECTION_30,1.08862864628635,0.109163879598662,0.586206896551724,0.665948275862069
A0,STRONG,422,V4_DIRECTION_28,V4_DIRECTION_31,0.849484667427437,0.0738907469342252,0.336206896551724,0.181034482758621
A0,STRONG,423,V4_DIRECTION_28,V4_DIRECTION_32,0.971739261369078,0.120122630992196,0.469827586206897,0.84698275862069
A0,STRONG,424,V4_DIRECTION_28,V4_DIRECTION_33,1.00943372258343,0.0966555183946488,0.510775862068966,0.455818965517241
A0,STRONG,425,V4_DIRECTION_28,V4_DIRECTION_34,0.592712586019413,0.0733444816053512,0.144396551724138,0.155172413793103
A0,STRONG,426,V4_DIRECTION_28,V4_DIRECTION_35,1.72923184147374,0.125819397993311,0.982758620689655,0.883620689655172
A0,STRONG,427,V4_DIRECTION_28,V4_DIRECTION_37,1.0177903533648,0.115607580824972,0.519396551724138,0.786637931034483
A0,STRONG,428,V4_DIRECTION_28,V4_DIRECTION_39,0.890280784120591,0.11701226309922,0.387931034482759,0.808189655172414
A0,STRONG,429,V4_DIRECTION_29,V4_DIRECTION_30,1.19511806202958,0.106555183946488,0.704741379310345,0.627155172413793
A0,STRONG,430,V4_DIRECTION_29,V4_DIRECTION_31,0.252650692672179,0.0484280936454849,0.00646551724137931,0.021551724137931
A0,STRONG,431,V4_DIRECTION_29,V4_DIRECTION_32,0.996635967583073,0.110367892976589,0.497844827586207,0.703663793103448
A0,STRONG,432,V4_DIRECTION_29,V4_DIRECTION_33,0.870314144884397,0.110345596432553,0.366379310344828,0.700431034482759
A0,STRONG,433,V4_DIRECTION_29,V4_DIRECTION_34,0.85206502544907,0.0702341137123746,0.34698275862069,0.137931034482759
A0,STRONG,434,V4_DIRECTION_29,V4_DIRECTION_35,1.06056855725751,0.137458193979933,0.551724137931034,0.961206896551724
A0,STRONG,435,V4_DIRECTION_29,V4_DIRECTION_37,0.861914985194807,0.0896767001114827,0.353448275862069,0.342672413793103
A0,STRONG,436,V4_DIRECTION_29,V4_DIRECTION_39,0.664504202710338,0.0965217391304348,0.198275862068966,0.446120689655172
A0,STRONG,437,V4_DIRECTION_30,V4_DIRECTION_31,1.22169776067237,0.0999442586399108,0.726293103448276,0.510775862068966
A0,STRONG,438,V4_DIRECTION_30,V4_DIRECTION_32,0.735979588385681,0.110055741360089,0.226293103448276,0.681034482758621
A0,STRONG,439,V4_DIRECTION_30,V4_DIRECTION_33,0.724236687225184,0.106755852842809,0.219827586206897,0.636853448275862
A0,STRONG,440,V4_DIRECTION_30,V4_DIRECTION_34,1.0057183901617,0.0966555183946488,0.508620689655172,0.455818965517241
A0,STRONG,441,V4_DIRECTION_30,V4_DIRECTION_35,1.33520800777522,0.119297658862876,0.827586206896552,0.837284482758621
A0,STRONG,442,V4_DIRECTION_30,V4_DIRECTION_37,0.658264317854189,0.117045707915273,0.193965517241379,0.810344827586207
A0,STRONG,443,V4_DIRECTION_30,V4_DIRECTION_39,0.889238370710338,0.108483835005574,0.385775862068966,0.655172413793103
A0,STRONG,444,V4_DIRECTION_31,V4_DIRECTION_32,1.06528636472141,0.102207357859532,0.556034482758621,0.566810344827586
A0,STRONG,445,V4_DIRECTION_31,V4_DIRECTION_33,1.0663907297738,0.105674470457079,0.558189655172414,0.614224137931034
A0,STRONG,446,V4_DIRECTION_31,V4_DIRECTION_34,1.01379322206516,0.0888517279821628,0.515086206896552,0.327586206896552
A0,STRONG,447,V4_DIRECTION_31,V4_DIRECTION_35,0.781606405105022,0.110234113712375,0.280172413793103,0.69073275862069
A0,STRONG,448,V4_DIRECTION_31,V4_DIRECTION_37,1.08511064024369,0.106755852842809,0.579741379310345,0.636853448275862
A0,STRONG,449,V4_DIRECTION_31,V4_DIRECTION_39,0.915885292546554,0.116387959866221,0.418103448275862,0.790948275862069
A0,STRONG,450,V4_DIRECTION_32,V4_DIRECTION_33,1.62654844633243,0.137123745819398,0.959051724137931,0.957974137931034
A0,STRONG,451,V4_DIRECTION_32,V4_DIRECTION_34,1.40891319111034,0.140512820512821,0.879310344827586,0.976293103448276
A0,STRONG,452,V4_DIRECTION_32,V4_DIRECTION_35,1.54326602149295,0.127826086956522,0.928879310344828,0.905172413793103
A0,STRONG,453,V4_DIRECTION_32,V4_DIRECTION_37,0.579470348215534,0.0597547380156076,0.131465517241379,0.0668103448275862
A0,STRONG,454,V4_DIRECTION_32,V4_DIRECTION_39,0.436592555246819,0.0863545150501672,0.0495689655172414,0.294181034482759
A0,STRONG,455,V4_DIRECTION_33,V4_DIRECTION_34,0.91147330100223,0.0769453734671126,0.411637931034483,0.211206896551724
A0,STRONG,456,V4_DIRECTION_33,V4_DIRECTION_35,0.906173443675432,0.131315496098105,0.405172413793103,0.920258620689655
A0,STRONG,457,V4_DIRECTION_33,V4_DIRECTION_37,0.776261572529514,0.113322185061316,0.265086206896552,0.747844827586207
A0,STRONG,458,V4_DIRECTION_33,V4_DIRECTION_39,1.38793993842534,0.133076923076923,0.866379310344828,0.935344827586207
A0,STRONG,459,V4_DIRECTION_34,V4_DIRECTION_35,1.13284199293276,0.124414715719064,0.629310344827586,0.873922413793103
A0,STRONG,460,V4_DIRECTION_34,V4_DIRECTION_37,1.13053395619821,0.103210702341137,0.625,0.588362068965517
A0,STRONG,461,V4_DIRECTION_34,V4_DIRECTION_39,1.01608291018274,0.113088071348941,0.517241379310345,0.739224137931034
A0,STRONG,462,V4_DIRECTION_35,V4_DIRECTION_37,1.3414567025762,0.139576365663322,0.829741379310345,0.973060344827586
A0,STRONG,463,V4_DIRECTION_35,V4_DIRECTION_39,1.43165009348502,0.147959866220736,0.887931034482759,0.989224137931034
A0,STRONG,464,V4_DIRECTION_37,V4_DIRECTION_39,0.864520366487682,0.0914604236343367,0.355603448275862,0.375
A1,MEDIUM,0,V4_DIRECTION_00,V4_DIRECTION_01,1.27900937244553,0.0535117056856187,0.771551724137931,0.69073275862069
A1,MEDIUM,1,V4_DIRECTION_00,V4_DIRECTION_02,0.904380756536408,0.0390301003344482,0.398706896551724,0.3125
A1,MEDIUM,2,V4_DIRECTION_00,V4_DIRECTION_03,1.67080304225719,0.040133779264214,0.969827586206897,0.365301724137931
A1,MEDIUM,3,V4_DIRECTION_00,V4_DIRECTION_04,1.12583730126043,0.0434448160535117,0.625,0.450431034482759
A1,MEDIUM,4,V4_DIRECTION_00,V4_DIRECTION_06,1.55513505578328,0.0803567447045708,0.931034482758621,0.982758620689655
A1,MEDIUM,5,V4_DIRECTION_00,V4_DIRECTION_07,1.10414145180401,0.0568561872909699,0.612068965517241,0.751077586206897
A1,MEDIUM,6,V4_DIRECTION_00,V4_DIRECTION_08,1.10197430566961,0.0402006688963211,0.605603448275862,0.383620689655172
A1,MEDIUM,7,V4_DIRECTION_00,V4_DIRECTION_09,1.19689682091109,0.0500780379041249,0.706896551724138,0.59375
A1,MEDIUM,8,V4_DIRECTION_00,V4_DIRECTION_10,1.18461983601574,0.0268561872909699,0.685344827586207,0.131465517241379
A1,MEDIUM,9,V4_DIRECTION_00,V4_DIRECTION_11,1.09343650271497,0.0536789297658863,0.588362068965517,0.700431034482759
A1,MEDIUM,10,V4_DIRECTION_00,V4_DIRECTION_13,1.33363070258227,0.0433221850613155,0.823275862068966,0.429956896551724
A1,MEDIUM,11,V4_DIRECTION_00,V4_DIRECTION_15,0.279918885888934,0.029933110367893,0.00862068965517241,0.144396551724138
A1,MEDIUM,12,V4_DIRECTION_00,V4_DIRECTION_17,1.10076501039293,0.0529096989966555,0.601293103448276,0.646551724137931
A1,MEDIUM,13,V4_DIRECTION_00,V4_DIRECTION_18,1.02674726832431,0.0602898550724638,0.512931034482759,0.818965517241379
A1,MEDIUM,14,V4_DIRECTION_00,V4_DIRECTION_19,0.502337787658794,0.0230100334448161,0.0775862068965517,0.0711206896551724
A1,MEDIUM,15,V4_DIRECTION_00,V4_DIRECTION_20,1.18010706034025,0.0266889632107023,0.676724137931034,0.109913793103448
A1,MEDIUM,16,V4_DIRECTION_00,V4_DIRECTION_22,0.893379712109997,0.0368227424749164,0.390086206896552,0.307112068965517
A1,MEDIUM,17,V4_DIRECTION_00,V4_DIRECTION_23,0.510726123602013,0.0234559643255295,0.0905172413793103,0.0915948275862069
A1,MEDIUM,18,V4_DIRECTION_00,V4_DIRECTION_24,1.74113399513196,0.0500780379041249,0.987068965517241,0.59375
A1,MEDIUM,19,V4_DIRECTION_00,V4_DIRECTION_26,0.963469856615266,0.0392642140468227,0.461206896551724,0.314655172413793
A1,MEDIUM,20,V4_DIRECTION_00,V4_DIRECTION_28,0.404953911137861,0.00696767001114827,0.0431034482758621,0.00646551724137931
A1,MEDIUM,21,V4_DIRECTION_00,V4_DIRECTION_29,0.571149668170835,0.0203678929765886,0.133620689655172,0.0668103448275862
A1,MEDIUM,22,V4_DIRECTION_00,V4_DIRECTION_30,1.72653010818087,0.0667558528428094,0.982758620689655,0.894396551724138
A1,MEDIUM,23,V4_DIRECTION_00,V4_DIRECTION_31,0.640495412295064,0.0201895206243032,0.178879310344828,0.0646551724137931
A1,MEDIUM,24,V4_DIRECTION_00,V4_DIRECTION_32,1.16370640096239,0.0736677814938684,0.657327586206897,0.952586206896552
A1,MEDIUM,25,V4_DIRECTION_00,V4_DIRECTION_33,1.17881211874083,0.0201560758082497,0.672413793103448,0.0625
A1,MEDIUM,26,V4_DIRECTION_00,V4_DIRECTION_34,0.8124908024408,0.0435228539576366,0.308189655172414,0.469827586206897
A1,MEDIUM,27,V4_DIRECTION_00,V4_DIRECTION_35,1.1686469109976,0.050345596432553,0.65948275862069,0.632543103448276
A1,MEDIUM,28,V4_DIRECTION_00,V4_DIRECTION_37,1.31769198059121,0.0468227424749164,0.8125,0.533405172413793
A1,MEDIUM,29,V4_DIRECTION_00,V4_DIRECTION_39,0.672272460653021,0.066778149386845,0.196120689655172,0.896551724137931
A1,MEDIUM,30,V4_DIRECTION_01,V4_DIRECTION_02,0.513752510441603,0.03,0.0926724137931035,0.147629310344828
A1,MEDIUM,31,V4_DIRECTION_01,V4_DIRECTION_03,1.09308729937122,0.0430323299888517,0.586206896551724,0.400862068965517
A1,MEDIUM,32,V4_DIRECTION_01,V4_DIRECTION_04,0.645611243560222,0.0602787068004459,0.181034482758621,0.816810344827586
A1,MEDIUM,33,V4_DIRECTION_01,V4_DIRECTION_06,0.525599231526124,0.0498104793756968,0.0969827586206897,0.567887931034483
A1,MEDIUM,34,V4_DIRECTION_01,V4_DIRECTION_07,1.06454336236277,0.0468227424749164,0.551724137931034,0.533405172413793
A1,MEDIUM,35,V4_DIRECTION_01,V4_DIRECTION_08,1.31098302625142,0.0432107023411371,0.803879310344828,0.414870689655172
A1,MEDIUM,36,V4_DIRECTION_01,V4_DIRECTION_09,0.713323244889757,0.0137346711259755,0.22198275862069,0.021551724137931
A1,MEDIUM,37,V4_DIRECTION_01,V4_DIRECTION_10,1.56863282098194,0.0566220735785953,0.9375,0.730603448275862
A1,MEDIUM,38,V4_DIRECTION_01,V4_DIRECTION_11,1.4850180507102,0.0566889632107023,0.911637931034483,0.737068965517241
A1,MEDIUM,39,V4_DIRECTION_01,V4_DIRECTION_13,0.504503852823044,0.0301672240802676,0.0818965517241379,0.172413793103448
A1,MEDIUM,40,V4_DIRECTION_01,V4_DIRECTION_15,1.14685722297816,0.067056856187291,0.640086206896552,0.90948275862069
A1,MEDIUM,41,V4_DIRECTION_01,V4_DIRECTION_17,0.163442449945061,0.020133779264214,0,0.0581896551724138
A1,MEDIUM,42,V4_DIRECTION_01,V4_DIRECTION_18,0.861722197402493,0.0761204013377926,0.349137931034483,0.961206896551724
A1,MEDIUM,43,V4_DIRECTION_01,V4_DIRECTION_19,1.27719273553356,0.0401783723522854,0.767241379310345,0.379310344827586
A1,MEDIUM,44,V4_DIRECTION_01,V4_DIRECTION_20,0.594804815309863,0.0268004459308807,0.142241379310345,0.126077586206897
A1,MEDIUM,45,V4_DIRECTION_01,V4_DIRECTION_22,0.547040342970129,0.049866220735786,0.114224137931034,0.573275862068966
A1,MEDIUM,46,V4_DIRECTION_01,V4_DIRECTION_23,1.18138833291645,0.0701672240802676,0.683189655172414,0.922413793103448
A1,MEDIUM,47,V4_DIRECTION_01,V4_DIRECTION_24,1.02264676816846,0.0301226309921962,0.508620689655172,0.170258620689655
A1,MEDIUM,48,V4_DIRECTION_01,V4_DIRECTION_26,0.82418172688724,0.0365886287625418,0.321120689655172,0.280172413793103
A1,MEDIUM,49,V4_DIRECTION_01,V4_DIRECTION_28,1.48236855743369,0.0666109253065775,0.90948275862069,0.892241379310345
A1,MEDIUM,50,V4_DIRECTION_01,V4_DIRECTION_29,0.746018069671643,0.030066889632107,0.241379310344828,0.154094827586207
A1,MEDIUM,51,V4_DIRECTION_01,V4_DIRECTION_30,0.953414050735038,0.0336454849498328,0.452586206896552,0.256465517241379
A1,MEDIUM,52,V4_DIRECTION_01,V4_DIRECTION_31,0.456869142626471,0.0267670011148272,0.0603448275862069,0.122844827586207
A1,MEDIUM,53,V4_DIRECTION_01,V4_DIRECTION_32,1.00517629415213,0.0498104793756968,0.5,0.567887931034483
A1,MEDIUM,54,V4_DIRECTION_01,V4_DIRECTION_33,1.22753049272608,0.0564994425863991,0.730603448275862,0.724137931034483
A1,MEDIUM,55,V4_DIRECTION_01,V4_DIRECTION_34,1.30203312220211,0.0631438127090301,0.797413793103448,0.831896551724138
A1,MEDIUM,56,V4_DIRECTION_01,V4_DIRECTION_35,0.447290320918048,0.0233667781493868,0.0495689655172414,0.0818965517241379
A1,MEDIUM,57,V4_DIRECTION_01,V4_DIRECTION_37,1.45839843551968,0.0468227424749164,0.900862068965517,0.533405172413793
A1,MEDIUM,58,V4_DIRECTION_01,V4_DIRECTION_39,1.13504917252396,0.0762541806020067,0.629310344827586,0.966594827586207
A1,MEDIUM,59,V4_DIRECTION_02,V4_DIRECTION_03,1.25806539831747,0.0619509476031215,0.756465517241379,0.827586206896552
A1,MEDIUM,60,V4_DIRECTION_02,V4_DIRECTION_04,0.688577911384948,0.049453734671126,0.202586206896552,0.553879310344828
A1,MEDIUM,61,V4_DIRECTION_02,V4_DIRECTION_06,0.99648092331541,0.0655852842809365,0.493534482758621,0.875
A1,MEDIUM,62,V4_DIRECTION_02,V4_DIRECTION_07,0.531587410672204,0.0302006688963211,0.103448275862069,0.174568965517241
A1,MEDIUM,63,V4_DIRECTION_02,V4_DIRECTION_08,1.08475119295705,0.0422742474916388,0.571120689655172,0.392241379310345
A1,MEDIUM,64,V4_DIRECTION_02,V4_DIRECTION_09,1.37969887063809,0.032943143812709,0.864224137931034,0.191810344827586
A1,MEDIUM,65,V4_DIRECTION_02,V4_DIRECTION_10,1.37829463702711,0.0424080267558528,0.862068965517241,0.394396551724138
A1,MEDIUM,66,V4_DIRECTION_02,V4_DIRECTION_11,1.78312559978436,0.0527090301003344,0.993534482758621,0.637931034482759
A1,MEDIUM,67,V4_DIRECTION_02,V4_DIRECTION_13,0.863287413418977,0.0331326644370123,0.355603448275862,0.200431034482759
A1,MEDIUM,68,V4_DIRECTION_02,V4_DIRECTION_15,0.740903835327371,0.0430769230769231,0.232758620689655,0.405172413793103
A1,MEDIUM,69,V4_DIRECTION_02,V4_DIRECTION_17,0.52618004983036,0.0266889632107023,0.0991379310344828,0.109913793103448
A1,MEDIUM,70,V4_DIRECTION_02,V4_DIRECTION_18,0.749029975453164,0.0683389074693423,0.247844827586207,0.911637931034483
A1,MEDIUM,71,V4_DIRECTION_02,V4_DIRECTION_19,0.607419244034359,0.0199554069119287,0.155172413793103,0.040948275862069
A1,MEDIUM,72,V4_DIRECTION_02,V4_DIRECTION_20,0.992899971487069,0.0396878483835006,0.487068965517241,0.323275862068966
A1,MEDIUM,73,V4_DIRECTION_02,V4_DIRECTION_22,0.708886740595408,0.0555183946488294,0.217672413793103,0.704741379310345
A1,MEDIUM,74,V4_DIRECTION_02,V4_DIRECTION_23,0.395174180618974,0.0360089186176143,0.040948275862069,0.265086206896552
A1,MEDIUM,75,V4_DIRECTION_02,V4_DIRECTION_24,1.15328972515648,0.0197993311036789,0.646551724137931,0.0387931034482759
A1,MEDIUM,76,V4_DIRECTION_02,V4_DIRECTION_26,0.637099486092463,0.020133779264214,0.176724137931034,0.0581896551724138
A1,MEDIUM,77,V4_DIRECTION_02,V4_DIRECTION_28,0.880632986895037,0.0358528428093646,0.377155172413793,0.262931034482759
A1,MEDIUM,78,V4_DIRECTION_02,V4_DIRECTION_29,1.0836739128229,0.0432107023411371,0.564655172413793,0.414870689655172
A1,MEDIUM,79,V4_DIRECTION_02,V4_DIRECTION_30,0.830130538557788,0.0363210702341137,0.327586206896552,0.271551724137931
A1,MEDIUM,80,V4_DIRECTION_02,V4_DIRECTION_31,0.629215994463185,0.0267558528428094,0.170258620689655,0.118534482758621
A1,MEDIUM,81,V4_DIRECTION_02,V4_DIRECTION_32,1.16940685010319,0.0555518394648829,0.661637931034483,0.706896551724138
A1,MEDIUM,82,V4_DIRECTION_02,V4_DIRECTION_33,1.0964632758867,0.0421739130434783,0.592672413793103,0.387931034482759
A1,MEDIUM,83,V4_DIRECTION_02,V4_DIRECTION_34,1.08812024488339,0.0587513935340022,0.579741379310345,0.762931034482759
A1,MEDIUM,84,V4_DIRECTION_02,V4_DIRECTION_35,0.855395260053484,0.0464548494983278,0.34698275862069,0.493534482758621
A1,MEDIUM,85,V4_DIRECTION_02,V4_DIRECTION_37,1.59739801421915,0.0361872909698997,0.950431034482759,0.267241379310345
A1,MEDIUM,86,V4_DIRECTION_02,V4_DIRECTION_39,0.92787643018611,0.0715496098104794,0.422413793103448,0.941810344827586
A1,MEDIUM,87,V4_DIRECTION_03,V4_DIRECTION_04,0.624350552226796,0.0366220735785953,0.163793103448276,0.283405172413793
A1,MEDIUM,88,V4_DIRECTION_03,V4_DIRECTION_06,0.612034472723297,0.0501672240802676,0.157327586206897,0.620689655172414
A1,MEDIUM,89,V4_DIRECTION_03,V4_DIRECTION_07,1.19940993177603,0.0395986622073579,0.711206896551724,0.321120689655172
A1,MEDIUM,90,V4_DIRECTION_03,V4_DIRECTION_08,1.05236682922654,0.0468004459308807,0.532327586206897,0.524784482758621
A1,MEDIUM,91,V4_DIRECTION_03,V4_DIRECTION_09,1.11870829892337,0.0332664437012263,0.620689655172414,0.213362068965517
A1,MEDIUM,92,V4_DIRECTION_03,V4_DIRECTION_10,0.488647219015787,0.0200334448160535,0.0689655172413793,0.0484913793103448
A1,MEDIUM,93,V4_DIRECTION_03,V4_DIRECTION_11,1.04248457558283,0.0367335562987737,0.523706896551724,0.297413793103448
A1,MEDIUM,94,V4_DIRECTION_03,V4_DIRECTION_13,0.649039960552476,0.022943143812709,0.183189655172414,0.0689655172413793
A1,MEDIUM,95,V4_DIRECTION_03,V4_DIRECTION_15,1.55201114340861,0.0631549609810479,0.928879310344828,0.835129310344828
A1,MEDIUM,96,V4_DIRECTION_03,V4_DIRECTION_17,1.32528413161953,0.0658862876254181,0.818965517241379,0.877155172413793
A1,MEDIUM,97,V4_DIRECTION_03,V4_DIRECTION_18,0.4491061265576,0.0435228539576366,0.0560344827586207,0.469827586206897
A1,MEDIUM,98,V4_DIRECTION_03,V4_DIRECTION_19,1.60141548711407,0.0527090301003344,0.952586206896552,0.637931034482759
A1,MEDIUM,99,V4_DIRECTION_03,V4_DIRECTION_20,1.25358683777386,0.0498327759197324,0.752155172413793,0.571120689655172
A1,MEDIUM,100,V4_DIRECTION_03,V4_DIRECTION_22,0.844287733476598,0.0267447045707915,0.338362068965517,0.114224137931034
A1,MEDIUM,101,V4_DIRECTION_03,V4_DIRECTION_23,1.15696812171666,0.0533779264214047,0.648706896551724,0.663793103448276
A1,MEDIUM,102,V4_DIRECTION_03,V4_DIRECTION_24,0.533507636430553,0.0497212931995541,0.105603448275862,0.560344827586207
A1,MEDIUM,103,V4_DIRECTION_03,V4_DIRECTION_26,1.67708733408836,0.0687848383500557,0.97198275862069,0.913793103448276
A1,MEDIUM,104,V4_DIRECTION_03,V4_DIRECTION_28,1.46980048059811,0.0435340022296544,0.90301724137931,0.474137931034483
A1,MEDIUM,105,V4_DIRECTION_03,V4_DIRECTION_29,1.26065242394326,0.0366889632107023,0.758620689655172,0.290948275862069
A1,MEDIUM,106,V4_DIRECTION_03,V4_DIRECTION_30,0.363470535037526,0.0264437012263099,0.0280172413793103,0.0991379310344828
A1,MEDIUM,107,V4_DIRECTION_03,V4_DIRECTION_31,1.60490705185191,0.0431103678929766,0.954741379310345,0.407327586206897
A1,MEDIUM,108,V4_DIRECTION_03,V4_DIRECTION_32,1.14000674323197,0.0602006688963211,0.633620689655172,0.806034482758621
A1,MEDIUM,109,V4_DIRECTION_03,V4_DIRECTION_33,0.445227227648818,0.040133779264214,0.0474137931034483,0.365301724137931
A1,MEDIUM,110,V4_DIRECTION_03,V4_DIRECTION_34,0.934711263993064,0.0334448160535117,0.433189655172414,0.234913793103448
A1,MEDIUM,111,V4_DIRECTION_03,V4_DIRECTION_35,0.974919726000082,0.0399554069119286,0.47198275862069,0.341594827586207
A1,MEDIUM,112,V4_DIRECTION_03,V4_DIRECTION_37,0.807507457084155,0.033221850613155,0.299568965517241,0.210129310344828
A1,MEDIUM,113,V4_DIRECTION_03,V4_DIRECTION_39,1.08731304935265,0.0468004459308807,0.573275862068966,0.524784482758621
A1,MEDIUM,114,V4_DIRECTION_04,V4_DIRECTION_06,0.821871055466654,0.0668338907469342,0.316810344827586,0.898706896551724
A1,MEDIUM,115,V4_DIRECTION_04,V4_DIRECTION_07,1.02192899578986,0.0603010033444816,0.506465517241379,0.821120689655172
A1,MEDIUM,116,V4_DIRECTION_04,V4_DIRECTION_08,1.32551745396838,0.0534671125975474,0.821120689655172,0.674568965517241
A1,MEDIUM,117,V4_DIRECTION_04,V4_DIRECTION_09,1.34428662237173,0.0635785953177258,0.838362068965517,0.872844827586207
A1,MEDIUM,118,V4_DIRECTION_04,V4_DIRECTION_10,0.842392574391712,0.0301003344481605,0.336206896551724,0.165948275862069
A1,MEDIUM,119,V4_DIRECTION_04,V4_DIRECTION_11,1.79248967872961,0.0703232998885173,0.995689655172414,0.939655172413793
A1,MEDIUM,120,V4_DIRECTION_04,V4_DIRECTION_13,0.242016878823309,0.0200222965440357,0.00646551724137931,0.0441810344827586
A1,MEDIUM,121,V4_DIRECTION_04,V4_DIRECTION_15,1.47904918994713,0.0735340022296544,0.905172413793103,0.948275862068966
A1,MEDIUM,122,V4_DIRECTION_04,V4_DIRECTION_17,1.06259845699347,0.079933110367893,0.547413793103448,0.978448275862069
A1,MEDIUM,123,V4_DIRECTION_04,V4_DIRECTION_18,0.386087927447328,0.0432775919732441,0.0323275862068966,0.424568965517241
A1,MEDIUM,124,V4_DIRECTION_04,V4_DIRECTION_19,1.08741170581608,0.039933110367893,0.577586206896552,0.336206896551724
A1,MEDIUM,125,V4_DIRECTION_04,V4_DIRECTION_20,0.73223067772025,0.0434782608695652,0.226293103448276,0.460129310344828
A1,MEDIUM,126,V4_DIRECTION_04,V4_DIRECTION_22,0.596453413796806,0.0500780379041249,0.144396551724138,0.59375
A1,MEDIUM,127,V4_DIRECTION_04,V4_DIRECTION_23,0.847185074994928,0.0401560758082497,0.342672413793103,0.375
A1,MEDIUM,128,V4_DIRECTION_04,V4_DIRECTION_24,0.903048117723093,0.0535117056856187,0.396551724137931,0.69073275862069
A1,MEDIUM,129,V4_DIRECTION_04,V4_DIRECTION_26,1.30002779308282,0.056298773690078,0.793103448275862,0.71551724137931
A1,MEDIUM,130,V4_DIRECTION_04,V4_DIRECTION_28,1.34118487010235,0.0436120401337793,0.831896551724138,0.480603448275862
A1,MEDIUM,131,V4_DIRECTION_04,V4_DIRECTION_29,1.0310534870289,0.0604682274247492,0.515086206896552,0.823275862068966
A1,MEDIUM,132,V4_DIRECTION_04,V4_DIRECTION_30,1.07296056902879,0.0702118171683389,0.556034482758621,0.926724137931034
A1,MEDIUM,133,V4_DIRECTION_04,V4_DIRECTION_31,0.966676070372155,0.050345596432553,0.46551724137931,0.632543103448276
A1,MEDIUM,134,V4_DIRECTION_04,V4_DIRECTION_32,1.84781062892501,0.0935897435897436,1,1
A1,MEDIUM,135,V4_DIRECTION_04,V4_DIRECTION_33,0.552380112341288,0.023355629877369,0.120689655172414,0.0797413793103448
A1,MEDIUM,136,V4_DIRECTION_04,V4_DIRECTION_34,0.633575183014881,0.0500557413600892,0.172413793103448,0.587284482758621
A1,MEDIUM,137,V4_DIRECTION_04,V4_DIRECTION_35,0.324884598051298,0.0336120401337793,0.0172413793103448,0.254310344827586
A1,MEDIUM,138,V4_DIRECTION_04,V4_DIRECTION_37,1.59475007421544,0.0635674470457079,0.946120689655172,0.870689655172414
A1,MEDIUM,139,V4_DIRECTION_04,V4_DIRECTION_39,1.40441500400968,0.0899665551839465,0.875,0.995689655172414
A1,MEDIUM,140,V4_DIRECTION_06,V4_DIRECTION_07,0.863257253187855,0.0597547380156076,0.353448275862069,0.77801724137931
A1,MEDIUM,141,V4_DIRECTION_06,V4_DIRECTION_08,1.48024573202582,0.0635451505016722,0.907327586206897,0.865301724137931
A1,MEDIUM,142,V4_DIRECTION_06,V4_DIRECTION_09,0.601836784278401,0.0334448160535117,0.150862068965517,0.234913793103448
A1,MEDIUM,143,V4_DIRECTION_06,V4_DIRECTION_10,1.4288676950629,0.0535005574136009,0.883620689655172,0.679956896551724
A1,MEDIUM,144,V4_DIRECTION_06,V4_DIRECTION_11,1.19535317629964,0.050133779264214,0.700431034482759,0.615301724137931
A1,MEDIUM,145,V4_DIRECTION_06,V4_DIRECTION_13,0.84511436813888,0.0531772575250836,0.34051724137931,0.658405172413793
A1,MEDIUM,146,V4_DIRECTION_06,V4_DIRECTION_15,1.31606241282792,0.090066889632107,0.810344827586207,0.997844827586207
A1,MEDIUM,147,V4_DIRECTION_06,V4_DIRECTION_17,0.866238475274214,0.0594202898550725,0.359913793103448,0.775862068965517
A1,MEDIUM,148,V4_DIRECTION_06,V4_DIRECTION_18,0.669653708115349,0.0601560758082497,0.191810344827586,0.800646551724138
A1,MEDIUM,149,V4_DIRECTION_06,V4_DIRECTION_19,1.25083009081814,0.0662653288740245,0.747844827586207,0.883620689655172
A1,MEDIUM,150,V4_DIRECTION_06,V4_DIRECTION_20,1.01875199905105,0.0633221850613155,0.504310344827586,0.838362068965517
A1,MEDIUM,151,V4_DIRECTION_06,V4_DIRECTION_22,0.390591767767357,0.0468338907469342,0.0366379310344828,0.540948275862069
A1,MEDIUM,152,V4_DIRECTION_06,V4_DIRECTION_23,1.18056146591142,0.0768561872909699,0.678879310344828,0.973060344827586
A1,MEDIUM,153,V4_DIRECTION_06,V4_DIRECTION_24,0.771551129238618,0.0531772575250836,0.271551724137931,0.658405172413793
A1,MEDIUM,154,V4_DIRECTION_06,V4_DIRECTION_26,1.22592532102711,0.0756967670011148,0.728448275862069,0.956896551724138
A1,MEDIUM,155,V4_DIRECTION_06,V4_DIRECTION_28,1.34311657890177,0.0702675585284281,0.834051724137931,0.93426724137931
A1,MEDIUM,156,V4_DIRECTION_06,V4_DIRECTION_29,0.782874465846499,0.0500891861761427,0.273706896551724,0.599137931034483
A1,MEDIUM,157,V4_DIRECTION_06,V4_DIRECTION_30,0.465589122593166,0.0366332218506132,0.0625,0.287715517241379
A1,MEDIUM,158,V4_DIRECTION_06,V4_DIRECTION_31,0.895335560456864,0.0465217391304348,0.392241379310345,0.50323275862069
A1,MEDIUM,159,V4_DIRECTION_06,V4_DIRECTION_32,0.745815940717541,0.0334448160535117,0.239224137931034,0.234913793103448
A1,MEDIUM,160,V4_DIRECTION_06,V4_DIRECTION_33,1.19511424840543,0.0635451505016722,0.696120689655172,0.865301724137931
A1,MEDIUM,161,V4_DIRECTION_06,V4_DIRECTION_34,0.694117087239681,0.0535117056856187,0.209051724137931,0.69073275862069
A1,MEDIUM,162,V4_DIRECTION_06,V4_DIRECTION_35,0.953908049197572,0.060066889632107,0.454741379310345,0.793103448275862
A1,MEDIUM,163,V4_DIRECTION_06,V4_DIRECTION_37,0.923700359053702,0.0500334448160535,0.420258620689655,0.581896551724138
A1,MEDIUM,164,V4_DIRECTION_06,V4_DIRECTION_39,0.791379210989696,0.0534671125975474,0.282327586206897,0.674568965517241
A1,MEDIUM,165,V4_DIRECTION_07,V4_DIRECTION_08,1.23970012671653,0.0464882943143813,0.737068965517241,0.497844827586207
A1,MEDIUM,166,V4_DIRECTION_07,V4_DIRECTION_09,0.993876109126095,0.030546265328874,0.489224137931034,0.185344827586207
A1,MEDIUM,167,V4_DIRECTION_07,V4_DIRECTION_10,1.03339069377298,0.0331438127090301,0.519396551724138,0.202586206896552
A1,MEDIUM,168,V4_DIRECTION_07,V4_DIRECTION_11,1.29038008711443,0.0398996655518395,0.790948275862069,0.331896551724138
A1,MEDIUM,169,V4_DIRECTION_07,V4_DIRECTION_13,1.43342632731217,0.0502787068004459,0.892241379310345,0.62823275862069
A1,MEDIUM,170,V4_DIRECTION_07,V4_DIRECTION_15,0.871773875732681,0.0570903010033445,0.366379310344828,0.760775862068966
A1,MEDIUM,171,V4_DIRECTION_07,V4_DIRECTION_17,1.07133697139478,0.0470234113712375,0.553879310344828,0.546336206896552
A1,MEDIUM,172,V4_DIRECTION_07,V4_DIRECTION_18,0.93957584124774,0.0692530657748049,0.435344827586207,0.918103448275862
A1,MEDIUM,173,V4_DIRECTION_07,V4_DIRECTION_19,0.536067577677258,0.0268896321070234,0.107758620689655,0.136853448275862
A1,MEDIUM,174,V4_DIRECTION_07,V4_DIRECTION_20,0.745311043039802,0.0468896321070234,0.237068965517241,0.543103448275862
A1,MEDIUM,175,V4_DIRECTION_07,V4_DIRECTION_22,1.00304702715579,0.0497993311036789,0.495689655172414,0.564655172413793
A1,MEDIUM,176,V4_DIRECTION_07,V4_DIRECTION_23,0.495522326427198,0.0467335562987737,0.0754310344827586,0.519396551724138
A1,MEDIUM,177,V4_DIRECTION_07,V4_DIRECTION_24,1.05708519603214,0.0401783723522854,0.536637931034483,0.379310344827586
A1,MEDIUM,178,V4_DIRECTION_07,V4_DIRECTION_26,0.547081760977558,0.0367224080267559,0.116379310344828,0.295258620689655
A1,MEDIUM,179,V4_DIRECTION_07,V4_DIRECTION_28,0.929797140757751,0.0497770345596433,0.426724137931034,0.5625
A1,MEDIUM,180,V4_DIRECTION_07,V4_DIRECTION_29,1.1951916764063,0.0400334448160535,0.698275862068966,0.34698275862069
A1,MEDIUM,181,V4_DIRECTION_07,V4_DIRECTION_30,0.694840329124411,0.0169899665551839,0.211206896551724,0.0366379310344828
A1,MEDIUM,182,V4_DIRECTION_07,V4_DIRECTION_31,0.807870016540238,0.0401226309921962,0.301724137931034,0.359913793103448
A1,MEDIUM,183,V4_DIRECTION_07,V4_DIRECTION_32,0.982713580933661,0.0430323299888517,0.478448275862069,0.400862068965517
A1,MEDIUM,184,V4_DIRECTION_07,V4_DIRECTION_33,1.09948062631561,0.0530657748049052,0.59698275862069,0.651939655172414
A1,MEDIUM,185,V4_DIRECTION_07,V4_DIRECTION_34,0.79734789584245,0.0496767001114827,0.290948275862069,0.558189655172414
A1,MEDIUM,186,V4_DIRECTION_07,V4_DIRECTION_35,0.953384839083457,0.0601114827201784,0.450431034482759,0.797413793103448
A1,MEDIUM,187,V4_DIRECTION_07,V4_DIRECTION_37,0.800600413913309,0.0167224080267559,0.297413793103448,0.0344827586206897
A1,MEDIUM,188,V4_DIRECTION_07,V4_DIRECTION_39,0.816493485044863,0.049386845039019,0.3125,0.551724137931034
A1,MEDIUM,189,V4_DIRECTION_08,V4_DIRECTION_09,1.54859869339439,0.0434782608695652,0.926724137931034,0.460129310344828
A1,MEDIUM,190,V4_DIRECTION_08,V4_DIRECTION_10,0.702020039462504,0.0267558528428094,0.21551724137931,0.118534482758621
A1,MEDIUM,191,V4_DIRECTION_08,V4_DIRECTION_11,0.588287483218378,0.0367892976588629,0.140086206896552,0.302801724137931
A1,MEDIUM,192,V4_DIRECTION_08,V4_DIRECTION_13,0.838655855623084,0.0331661092530658,0.331896551724138,0.205818965517241
A1,MEDIUM,193,V4_DIRECTION_08,V4_DIRECTION_15,1.26763171395267,0.0633444816053512,0.762931034482759,0.84051724137931
A1,MEDIUM,194,V4_DIRECTION_08,V4_DIRECTION_17,1.18865229652242,0.052809364548495,0.689655172413793,0.642241379310345
A1,MEDIUM,195,V4_DIRECTION_08,V4_DIRECTION_18,1.56462587853347,0.0835562987736901,0.935344827586207,0.989224137931034
A1,MEDIUM,196,V4_DIRECTION_08,V4_DIRECTION_19,0.724065837233347,0.0362430323299889,0.224137931034483,0.269396551724138
A1,MEDIUM,197,V4_DIRECTION_08,V4_DIRECTION_20,1.31378082345539,0.0499888517279822,0.806034482758621,0.577586206896552
A1,MEDIUM,198,V4_DIRECTION_08,V4_DIRECTION_22,1.82359592949881,0.0635451505016722,0.997844827586207,0.865301724137931
A1,MEDIUM,199,V4_DIRECTION_08,V4_DIRECTION_23,1.39774418070536,0.0601560758082497,0.870689655172414,0.800646551724138
A1,MEDIUM,200,V4_DIRECTION_08,V4_DIRECTION_24,0.548098943593991,0.0231438127090301,0.118534482758621,0.0743534482758621
A1,MEDIUM,201,V4_DIRECTION_08,V4_DIRECTION_26,0.797581440874916,0.035685618729097,0.293103448275862,0.258620689655172
A1,MEDIUM,202,V4_DIRECTION_08,V4_DIRECTION_28,0.784416919051061,0.0335117056856187,0.275862068965517,0.245689655172414
A1,MEDIUM,203,V4_DIRECTION_08,V4_DIRECTION_29,1.77669765604917,0.0434782608695652,0.991379310344828,0.460129310344828
A1,MEDIUM,204,V4_DIRECTION_08,V4_DIRECTION_30,1.05639253937873,0.0333110367892977,0.53448275862069,0.217672413793103
A1,MEDIUM,205,V4_DIRECTION_08,V4_DIRECTION_31,1.64315898483873,0.039933110367893,0.963362068965517,0.336206896551724
A1,MEDIUM,206,V4_DIRECTION_08,V4_DIRECTION_32,0.788350184126212,0.0602006688963211,0.27801724137931,0.806034482758621
A1,MEDIUM,207,V4_DIRECTION_08,V4_DIRECTION_33,1.23278453591961,0.0468227424749164,0.734913793103448,0.533405172413793
A1,MEDIUM,208,V4_DIRECTION_08,V4_DIRECTION_34,1.26123487264592,0.0568450390189521,0.760775862068966,0.74676724137931
A1,MEDIUM,209,V4_DIRECTION_08,V4_DIRECTION_35,1.32258851737953,0.0467558528428094,0.816810344827586,0.521551724137931
A1,MEDIUM,210,V4_DIRECTION_08,V4_DIRECTION_37,1.10573266277011,0.03,0.614224137931034,0.147629310344828
A1,MEDIUM,211,V4_DIRECTION_08,V4_DIRECTION_39,1.31401995888517,0.0634559643255296,0.808189655172414,0.854525862068966
A1,MEDIUM,212,V4_DIRECTION_09,V4_DIRECTION_10,1.34894695480071,0.0335228539576366,0.84698275862069,0.25
A1,MEDIUM,213,V4_DIRECTION_09,V4_DIRECTION_11,0.619022762616796,0.0136120401337793,0.161637931034483,0.0193965517241379
A1,MEDIUM,214,V4_DIRECTION_09,V4_DIRECTION_13,1.33706717506668,0.0435897435897436,0.829741379310345,0.478448275862069
A1,MEDIUM,215,V4_DIRECTION_09,V4_DIRECTION_15,0.867104560410902,0.0568896321070234,0.362068965517241,0.754310344827586
A1,MEDIUM,216,V4_DIRECTION_09,V4_DIRECTION_17,0.582343186299814,0.013221850613155,0.137931034482759,0.0150862068965517
A1,MEDIUM,217,V4_DIRECTION_09,V4_DIRECTION_18,1.21335371933142,0.0634113712374582,0.717672413793103,0.84698275862069
A1,MEDIUM,218,V4_DIRECTION_09,V4_DIRECTION_19,1.50821313493943,0.0535117056856187,0.915948275862069,0.69073275862069
A1,MEDIUM,219,V4_DIRECTION_09,V4_DIRECTION_20,0.507418361780932,0.0268896321070234,0.0862068965517241,0.136853448275862
A1,MEDIUM,220,V4_DIRECTION_09,V4_DIRECTION_22,0.751598098729971,0.0400557413600892,0.25,0.352370689655172
A1,MEDIUM,221,V4_DIRECTION_09,V4_DIRECTION_23,1.30239434491411,0.0569676700111483,0.799568965517241,0.758620689655172
A1,MEDIUM,222,V4_DIRECTION_09,V4_DIRECTION_24,1.10206400041354,0.0470234113712375,0.609913793103448,0.546336206896552
A1,MEDIUM,223,V4_DIRECTION_09,V4_DIRECTION_26,0.82166168154791,0.0398885172798216,0.314655172413793,0.328663793103448
A1,MEDIUM,224,V4_DIRECTION_09,V4_DIRECTION_28,1.28772034794645,0.0605016722408027,0.780172413793103,0.825431034482759
A1,MEDIUM,225,V4_DIRECTION_09,V4_DIRECTION_29,0.37054142555387,0.0139241917502787,0.0301724137931034,0.0258620689655172
A1,MEDIUM,226,V4_DIRECTION_09,V4_DIRECTION_30,0.928466638357747,0.0200891861761427,0.424568965517241,0.0517241379310345
A1,MEDIUM,227,V4_DIRECTION_09,V4_DIRECTION_31,0.447449945954181,0.0138795986622074,0.0517241379310345,0.0237068965517241
A1,MEDIUM,228,V4_DIRECTION_09,V4_DIRECTION_32,0.635208019769081,0.0100334448160535,0.174568965517241,0.0118534482758621
A1,MEDIUM,229,V4_DIRECTION_09,V4_DIRECTION_33,1.04462958061015,0.0501672240802676,0.52801724137931,0.620689655172414
A1,MEDIUM,230,V4_DIRECTION_09,V4_DIRECTION_34,1.22483705574358,0.053422519509476,0.726293103448276,0.670258620689655
A1,MEDIUM,231,V4_DIRECTION_09,V4_DIRECTION_35,0.871376263092773,0.0271571906354515,0.364224137931034,0.142241379310345
A1,MEDIUM,232,V4_DIRECTION_09,V4_DIRECTION_37,0.386738423985326,0.0235451505016722,0.0344827586206897,0.0969827586206897
A1,MEDIUM,233,V4_DIRECTION_09,V4_DIRECTION_39,0.907796026935695,0.0330434782608696,0.40301724137931,0.193965517241379
A1,MEDIUM,234,V4_DIRECTION_10,V4_DIRECTION_11,0.766914721714302,0.0301003344481605,0.265086206896552,0.165948275862069
A1,MEDIUM,235,V4_DIRECTION_10,V4_DIRECTION_13,0.953374747934282,0.0265328874024526,0.448275862068966,0.103448275862069
A1,MEDIUM,236,V4_DIRECTION_10,V4_DIRECTION_15,1.35019850738198,0.0533779264214047,0.849137931034483,0.663793103448276
A1,MEDIUM,237,V4_DIRECTION_10,V4_DIRECTION_17,1.57694280645789,0.062943143812709,0.943965517241379,0.829741379310345
A1,MEDIUM,238,V4_DIRECTION_10,V4_DIRECTION_18,0.790544652839679,0.0500557413600892,0.280172413793103,0.587284482758621
A1,MEDIUM,239,V4_DIRECTION_10,V4_DIRECTION_19,1.24980477177876,0.0463545150501672,0.745689655172414,0.489224137931034
A1,MEDIUM,240,V4_DIRECTION_10,V4_DIRECTION_20,1.00590074337167,0.0433444816053512,0.502155172413793,0.435344827586207
A1,MEDIUM,241,V4_DIRECTION_10,V4_DIRECTION_22,1.52239214818325,0.0501672240802676,0.918103448275862,0.620689655172414
A1,MEDIUM,242,V4_DIRECTION_10,V4_DIRECTION_23,1.08991535052504,0.0300780379041249,0.581896551724138,0.158405172413793
A1,MEDIUM,243,V4_DIRECTION_10,V4_DIRECTION_24,0.88135041630461,0.033221850613155,0.379310344827586,0.210129310344828
A1,MEDIUM,244,V4_DIRECTION_10,V4_DIRECTION_26,1.41894402113292,0.0558528428093645,0.879310344827586,0.709051724137931
A1,MEDIUM,245,V4_DIRECTION_10,V4_DIRECTION_28,1.34487209479587,0.0268004459308807,0.842672413793103,0.126077586206897
A1,MEDIUM,246,V4_DIRECTION_10,V4_DIRECTION_29,1.54672150227165,0.040133779264214,0.924568965517241,0.365301724137931
A1,MEDIUM,247,V4_DIRECTION_10,V4_DIRECTION_30,0.99219619391285,0.0266889632107023,0.484913793103448,0.109913793103448
A1,MEDIUM,248,V4_DIRECTION_10,V4_DIRECTION_31,1.70123401248458,0.046644370122631,0.976293103448276,0.514008620689655
A1,MEDIUM,249,V4_DIRECTION_10,V4_DIRECTION_32,1.28902029958508,0.0568450390189521,0.78448275862069,0.74676724137931
A1,MEDIUM,250,V4_DIRECTION_10,V4_DIRECTION_33,0.536580085356053,0.0234002229654404,0.109913793103448,0.084051724137931
A1,MEDIUM,251,V4_DIRECTION_10,V4_DIRECTION_34,1.12450772168038,0.0300780379041249,0.622844827586207,0.158405172413793
A1,MEDIUM,252,V4_DIRECTION_10,V4_DIRECTION_35,0.826475321313423,0.0501114827201784,0.325431034482759,0.607758620689655
A1,MEDIUM,253,V4_DIRECTION_10,V4_DIRECTION_37,0.743285437230721,0.0166555183946488,0.234913793103448,0.0323275862068966
A1,MEDIUM,254,V4_DIRECTION_10,V4_DIRECTION_39,1.16180997478282,0.0433667781493868,0.655172413793103,0.439655172413793
A1,MEDIUM,255,V4_DIRECTION_11,V4_DIRECTION_13,1.44947171427247,0.046711259754738,0.898706896551724,0.517241379310345
A1,MEDIUM,256,V4_DIRECTION_11,V4_DIRECTION_15,0.988525000643824,0.0535117056856187,0.482758620689655,0.69073275862069
A1,MEDIUM,257,V4_DIRECTION_11,V4_DIRECTION_17,1.20642591664259,0.0597993311036789,0.713362068965517,0.780172413793103
A1,MEDIUM,258,V4_DIRECTION_11,V4_DIRECTION_18,1.61963964162845,0.0800445930880714,0.956896551724138,0.980603448275862
A1,MEDIUM,259,V4_DIRECTION_11,V4_DIRECTION_19,1.22187336224369,0.0565440356744705,0.724137931034483,0.726293103448276
A1,MEDIUM,260,V4_DIRECTION_11,V4_DIRECTION_20,1.09876852995176,0.0334002229654404,0.594827586206897,0.226293103448276
A1,MEDIUM,261,V4_DIRECTION_11,V4_DIRECTION_22,1.59490488554394,0.0668896321070234,0.948275862068966,0.901939655172414
A1,MEDIUM,262,V4_DIRECTION_11,V4_DIRECTION_23,1.57369523064571,0.0702564102564103,0.941810344827586,0.929956896551724
A1,MEDIUM,263,V4_DIRECTION_11,V4_DIRECTION_24,0.841921400013274,0.0500334448160535,0.334051724137931,0.581896551724138
A1,MEDIUM,264,V4_DIRECTION_11,V4_DIRECTION_26,0.965282745146968,0.0527090301003344,0.463362068965517,0.637931034482759
A1,MEDIUM,265,V4_DIRECTION_11,V4_DIRECTION_28,0.948184157729157,0.0602006688963211,0.446120689655172,0.806034482758621
A1,MEDIUM,266,V4_DIRECTION_11,V4_DIRECTION_29,1.10131317870381,0.0301003344481605,0.603448275862069,0.165948275862069
A1,MEDIUM,267,V4_DIRECTION_11,V4_DIRECTION_30,1.04445408347051,0.020133779264214,0.525862068965517,0.0581896551724138
A1,MEDIUM,268,V4_DIRECTION_11,V4_DIRECTION_31,1.33654388583031,0.0500334448160535,0.825431034482759,0.581896551724138
A1,MEDIUM,269,V4_DIRECTION_11,V4_DIRECTION_32,0.393490857968303,0.0200334448160535,0.0387931034482759,0.0484913793103448
A1,MEDIUM,270,V4_DIRECTION_11,V4_DIRECTION_33,1.19339322460712,0.0635117056856187,0.693965517241379,0.859913793103448
A1,MEDIUM,271,V4_DIRECTION_11,V4_DIRECTION_34,1.30134735614058,0.0568115942028985,0.795258620689655,0.741379310344828
A1,MEDIUM,272,V4_DIRECTION_11,V4_DIRECTION_35,1.43000272211898,0.050133779264214,0.887931034482759,0.615301724137931
A1,MEDIUM,273,V4_DIRECTION_11,V4_DIRECTION_37,0.284423708811745,0.0100334448160535,0.0129310344827586,0.0118534482758621
A1,MEDIUM,274,V4_DIRECTION_11,V4_DIRECTION_39,0.94286148509098,0.033288740245262,0.439655172413793,0.21551724137931
A1,MEDIUM,275,V4_DIRECTION_13,V4_DIRECTION_15,1.71687002929861,0.0702564102564103,0.980603448275862,0.929956896551724
A1,MEDIUM,276,V4_DIRECTION_13,V4_DIRECTION_17,0.871872177415957,0.0500780379041249,0.368534482758621,0.59375
A1,MEDIUM,277,V4_DIRECTION_13,V4_DIRECTION_18,0.825337671765118,0.0461538461538462,0.323275862068966,0.484913793103448
A1,MEDIUM,278,V4_DIRECTION_13,V4_DIRECTION_19,1.19616498592372,0.0400891861761427,0.704741379310345,0.355603448275862
A1,MEDIUM,279,V4_DIRECTION_13,V4_DIRECTION_20,0.812855154482869,0.0300891861761427,0.310344827586207,0.161637931034483
A1,MEDIUM,280,V4_DIRECTION_13,V4_DIRECTION_22,0.919580237621741,0.0464882943143813,0.415948275862069,0.497844827586207
A1,MEDIUM,281,V4_DIRECTION_13,V4_DIRECTION_23,1.3903519534321,0.0601003344481605,0.868534482758621,0.795258620689655
A1,MEDIUM,282,V4_DIRECTION_13,V4_DIRECTION_24,0.555130444034722,0.023422519509476,0.122844827586207,0.0883620689655172
A1,MEDIUM,283,V4_DIRECTION_13,V4_DIRECTION_26,1.17463145744212,0.0465551839464883,0.668103448275862,0.508620689655172
A1,MEDIUM,284,V4_DIRECTION_13,V4_DIRECTION_28,1.36486337604507,0.0633890746934225,0.859913793103448,0.842672413793103
A1,MEDIUM,285,V4_DIRECTION_13,V4_DIRECTION_29,1.24908185723673,0.0502787068004459,0.741379310344828,0.62823275862069
A1,MEDIUM,286,V4_DIRECTION_13,V4_DIRECTION_30,1.09287005202428,0.0368227424749164,0.584051724137931,0.307112068965517
A1,MEDIUM,287,V4_DIRECTION_13,V4_DIRECTION_31,1.1600784047234,0.0402675585284281,0.65301724137931,0.385775862068966
A1,MEDIUM,288,V4_DIRECTION_13,V4_DIRECTION_32,1.56341361786427,0.0665551839464883,0.933189655172414,0.887931034482759
A1,MEDIUM,289,V4_DIRECTION_13,V4_DIRECTION_33,0.791456205110587,0.0431438127090301,0.28448275862069,0.40948275862069
A1,MEDIUM,290,V4_DIRECTION_13,V4_DIRECTION_34,0.911800531539638,0.0464214046822743,0.405172413793103,0.491379310344828
A1,MEDIUM,291,V4_DIRECTION_13,V4_DIRECTION_35,0.449887775855432,0.0234559643255295,0.0581896551724138,0.0915948275862069
A1,MEDIUM,292,V4_DIRECTION_13,V4_DIRECTION_37,1.63859123782054,0.0501226309921962,0.961206896551724,0.610991379310345
A1,MEDIUM,293,V4_DIRECTION_13,V4_DIRECTION_39,1.65685683843425,0.0661872909698997,0.967672413793103,0.881465517241379
A1,MEDIUM,294,V4_DIRECTION_15,V4_DIRECTION_17,0.764569052991469,0.0567224080267558,0.262931034482759,0.739224137931034
A1,MEDIUM,295,V4_DIRECTION_15,V4_DIRECTION_18,0.969035026564562,0.0563656633221851,0.467672413793103,0.71875
A1,MEDIUM,296,V4_DIRECTION_15,V4_DIRECTION_19,0.770388089016782,0.0501226309921962,0.269396551724138,0.610991379310345
A1,MEDIUM,297,V4_DIRECTION_15,V4_DIRECTION_20,1.28024604275059,0.0602229654403567,0.775862068965517,0.8125
A1,MEDIUM,298,V4_DIRECTION_15,V4_DIRECTION_22,0.735633066863274,0.0565886287625418,0.230603448275862,0.728448275862069
A1,MEDIUM,299,V4_DIRECTION_15,V4_DIRECTION_23,0.351223937135649,0.0200222965440357,0.0258620689655172,0.0441810344827586
A1,MEDIUM,300,V4_DIRECTION_15,V4_DIRECTION_24,1.75003082148169,0.0703010033444816,0.989224137931034,0.9375
A1,MEDIUM,301,V4_DIRECTION_15,V4_DIRECTION_26,0.875901358620896,0.0465551839464883,0.372844827586207,0.508620689655172
A1,MEDIUM,302,V4_DIRECTION_15,V4_DIRECTION_28,0.503413729690447,0.0334448160535117,0.0797413793103448,0.234913793103448
A1,MEDIUM,303,V4_DIRECTION_15,V4_DIRECTION_29,0.447624993640044,0.0303678929765886,0.0538793103448276,0.182112068965517
A1,MEDIUM,304,V4_DIRECTION_15,V4_DIRECTION_30,1.17909917591126,0.0535117056856187,0.674568965517241,0.69073275862069
A1,MEDIUM,305,V4_DIRECTION_15,V4_DIRECTION_31,0.505243904140816,0.0303678929765886,0.084051724137931,0.182112068965517
A1,MEDIUM,306,V4_DIRECTION_15,V4_DIRECTION_32,0.689149793388712,0.0599665551839465,0.204741379310345,0.788793103448276
A1,MEDIUM,307,V4_DIRECTION_15,V4_DIRECTION_33,1.17279466200573,0.0432441471571906,0.665948275862069,0.420258620689655
A1,MEDIUM,308,V4_DIRECTION_15,V4_DIRECTION_34,1.17879311954647,0.066577480490524,0.670258620689655,0.890086206896552
A1,MEDIUM,309,V4_DIRECTION_15,V4_DIRECTION_35,1.42515639054349,0.0737458193979933,0.881465517241379,0.954741379310345
A1,MEDIUM,310,V4_DIRECTION_15,V4_DIRECTION_37,0.941731404815208,0.0568561872909699,0.4375,0.751077586206897
A1,MEDIUM,311,V4_DIRECTION_15,V4_DIRECTION_39,0.335075563800519,0.0528874024526198,0.021551724137931,0.644396551724138
A1,MEDIUM,312,V4_DIRECTION_17,V4_DIRECTION_18,1.12666122829767,0.0890523968784838,0.627155172413793,0.993534482758621
A1,MEDIUM,313,V4_DIRECTION_17,V4_DIRECTION_19,1.30361740708867,0.0468227424749164,0.801724137931034,0.533405172413793
A1,MEDIUM,314,V4_DIRECTION_17,V4_DIRECTION_20,0.628114632568366,0.0366220735785953,0.168103448275862,0.283405172413793
A1,MEDIUM,315,V4_DIRECTION_17,V4_DIRECTION_22,0.748780175650922,0.0493645484949833,0.245689655172414,0.549568965517241
A1,MEDIUM,316,V4_DIRECTION_17,V4_DIRECTION_23,1.07639314865545,0.0631549609810479,0.560344827586207,0.835129310344828
A1,MEDIUM,317,V4_DIRECTION_17,V4_DIRECTION_24,1.15709074131973,0.043422519509476,0.650862068965517,0.445043103448276
A1,MEDIUM,318,V4_DIRECTION_17,V4_DIRECTION_26,0.59814005158104,0.0434782608695652,0.146551724137931,0.460129310344828
A1,MEDIUM,319,V4_DIRECTION_17,V4_DIRECTION_28,1.28326996717033,0.0563656633221851,0.77801724137931,0.71875
A1,MEDIUM,320,V4_DIRECTION_17,V4_DIRECTION_29,0.654928385791772,0.0334448160535117,0.185344827586207,0.234913793103448
A1,MEDIUM,321,V4_DIRECTION_17,V4_DIRECTION_30,0.972661682369177,0.0433110367892977,0.469827586206897,0.426724137931034
A1,MEDIUM,322,V4_DIRECTION_17,V4_DIRECTION_31,0.338020004924583,0.0269119286510591,0.0237068965517241,0.140086206896552
A1,MEDIUM,323,V4_DIRECTION_17,V4_DIRECTION_32,0.769828268864399,0.0393534002229654,0.267241379310345,0.316810344827586
A1,MEDIUM,324,V4_DIRECTION_17,V4_DIRECTION_33,1.19933720324406,0.0560758082497213,0.709051724137931,0.711206896551724
A1,MEDIUM,325,V4_DIRECTION_17,V4_DIRECTION_34,1.64959223305766,0.0760312151616499,0.96551724137931,0.959051724137931
A1,MEDIUM,326,V4_DIRECTION_17,V4_DIRECTION_35,0.691828183722086,0.0400445930880714,0.206896551724138,0.349137931034483
A1,MEDIUM,327,V4_DIRECTION_17,V4_DIRECTION_37,1.20867302684334,0.0465551839464883,0.71551724137931,0.508620689655172
A1,MEDIUM,328,V4_DIRECTION_17,V4_DIRECTION_39,1.03568465727038,0.0588517279821628,0.521551724137931,0.765086206896552
A1,MEDIUM,329,V4_DIRECTION_18,V4_DIRECTION_19,1.2774264601557,0.0691638795986622,0.769396551724138,0.915948275862069
A1,MEDIUM,330,V4_DIRECTION_18,V4_DIRECTION_20,1.23187434454007,0.0730769230769231,0.732758620689655,0.943965517241379
A1,MEDIUM,331,V4_DIRECTION_18,V4_DIRECTION_22,0.32596350889228,0.0367892976588629,0.0193965517241379,0.302801724137931
A1,MEDIUM,332,V4_DIRECTION_18,V4_DIRECTION_23,0.509425626597433,0.0432441471571906,0.0883620689655172,0.420258620689655
A1,MEDIUM,333,V4_DIRECTION_18,V4_DIRECTION_24,1.34515303912057,0.0762207357859532,0.844827586206897,0.963362068965517
A1,MEDIUM,334,V4_DIRECTION_18,V4_DIRECTION_26,1.73110659550694,0.0850836120401338,0.984913793103448,0.991379310344828
A1,MEDIUM,335,V4_DIRECTION_18,V4_DIRECTION_28,1.36060183210834,0.0634113712374582,0.855603448275862,0.84698275862069
A1,MEDIUM,336,V4_DIRECTION_18,V4_DIRECTION_29,0.81092936931179,0.0530657748049052,0.303879310344828,0.651939655172414
A1,MEDIUM,337,V4_DIRECTION_18,V4_DIRECTION_30,0.752049445751547,0.0564882943143813,0.252155172413793,0.72198275862069
A1,MEDIUM,338,V4_DIRECTION_18,V4_DIRECTION_31,1.06155143875635,0.0661092530657748,0.540948275862069,0.879310344827586
A1,MEDIUM,339,V4_DIRECTION_18,V4_DIRECTION_32,1.33694432330613,0.0768784838350056,0.827586206896552,0.976293103448276
A1,MEDIUM,340,V4_DIRECTION_18,V4_DIRECTION_33,0.662699735017054,0.0434336677814939,0.189655172413793,0.448275862068966
A1,MEDIUM,341,V4_DIRECTION_18,V4_DIRECTION_34,0.793617286824126,0.0535117056856187,0.286637931034483,0.69073275862069
A1,MEDIUM,342,V4_DIRECTION_18,V4_DIRECTION_35,0.754125673406645,0.0697658862876254,0.256465517241379,0.920258620689655
A1,MEDIUM,343,V4_DIRECTION_18,V4_DIRECTION_37,1.27920842722781,0.0665328874024526,0.773706896551724,0.885775862068966
A1,MEDIUM,344,V4_DIRECTION_18,V4_DIRECTION_39,0.599141539521161,0.066989966555184,0.148706896551724,0.907327586206897
A1,MEDIUM,345,V4_DIRECTION_19,V4_DIRECTION_20,1.18952622926091,0.0333444816053512,0.691810344827586,0.219827586206897
A1,MEDIUM,346,V4_DIRECTION_19,V4_DIRECTION_22,1.18675332715452,0.0395094760312152,0.6875,0.318965517241379
A1,MEDIUM,347,V4_DIRECTION_19,V4_DIRECTION_23,0.605447997994209,0.0365105908584169,0.15301724137931,0.27801724137931
A1,MEDIUM,348,V4_DIRECTION_19,V4_DIRECTION_24,1.10003873873645,0.0367558528428094,0.599137931034483,0.299568965517241
A1,MEDIUM,349,V4_DIRECTION_19,V4_DIRECTION_26,0.545610337814106,0.0233221850613155,0.112068965517241,0.0775862068965517
A1,MEDIUM,350,V4_DIRECTION_19,V4_DIRECTION_28,0.294987476622374,0.0163210702341137,0.0150862068965517,0.0280172413793103
A1,MEDIUM,351,V4_DIRECTION_19,V4_DIRECTION_29,1.24975319751436,0.040133779264214,0.743534482758621,0.365301724137931
A1,MEDIUM,352,V4_DIRECTION_19,V4_DIRECTION_30,1.28882307383399,0.043422519509476,0.782327586206897,0.445043103448276
A1,MEDIUM,353,V4_DIRECTION_19,V4_DIRECTION_31,0.959097286617649,0.0235228539576366,0.456896551724138,0.0948275862068965
A1,MEDIUM,354,V4_DIRECTION_19,V4_DIRECTION_32,1.07983685893987,0.056231884057971,0.5625,0.713362068965517
A1,MEDIUM,355,V4_DIRECTION_19,V4_DIRECTION_33,1.43062170414404,0.0328205128205128,0.890086206896552,0.1875
A1,MEDIUM,356,V4_DIRECTION_19,V4_DIRECTION_34,0.494961785914484,0.0427647714604236,0.0732758620689655,0.396551724137931
A1,MEDIUM,357,V4_DIRECTION_19,V4_DIRECTION_35,1.28910203966057,0.0501003344481605,0.786637931034483,0.603448275862069
A1,MEDIUM,358,V4_DIRECTION_19,V4_DIRECTION_37,1.35284263348871,0.0399554069119286,0.851293103448276,0.341594827586207
A1,MEDIUM,359,V4_DIRECTION_19,V4_DIRECTION_39,0.931128327928899,0.0590969899665552,0.428879310344828,0.773706896551724
A1,MEDIUM,360,V4_DIRECTION_20,V4_DIRECTION_22,1.10617796302686,0.0566332218506132,0.616379310344828,0.733836206896552
A1,MEDIUM,361,V4_DIRECTION_20,V4_DIRECTION_23,1.25185667573381,0.0534671125975474,0.75,0.674568965517241
A1,MEDIUM,362,V4_DIRECTION_20,V4_DIRECTION_24,0.959649856274612,0.0434782608695652,0.459051724137931,0.460129310344828
A1,MEDIUM,363,V4_DIRECTION_20,V4_DIRECTION_26,0.515291523699095,0.0330546265328874,0.0948275862068965,0.197198275862069
A1,MEDIUM,364,V4_DIRECTION_20,V4_DIRECTION_28,1.44545855357983,0.0501003344481605,0.894396551724138,0.603448275862069
A1,MEDIUM,365,V4_DIRECTION_20,V4_DIRECTION_29,0.86253455419102,0.0335785953177258,0.351293103448276,0.252155172413793
A1,MEDIUM,366,V4_DIRECTION_20,V4_DIRECTION_30,1.29006439232838,0.0502118171683389,0.788793103448276,0.625
A1,MEDIUM,367,V4_DIRECTION_20,V4_DIRECTION_31,0.487510764449556,0.0302118171683389,0.0668103448275862,0.176724137931034
A1,MEDIUM,368,V4_DIRECTION_20,V4_DIRECTION_32,1.36103034038529,0.0599777034559643,0.857758620689655,0.790948275862069
A1,MEDIUM,369,V4_DIRECTION_20,V4_DIRECTION_33,0.853633070914056,0.0566332218506132,0.344827586206897,0.733836206896552
A1,MEDIUM,370,V4_DIRECTION_20,V4_DIRECTION_34,1.17035335600296,0.0599219620958751,0.663793103448276,0.78448275862069
A1,MEDIUM,371,V4_DIRECTION_20,V4_DIRECTION_35,0.211075298417579,0.00675585284280936,0.0021551724137931,0.00431034482758621
A1,MEDIUM,372,V4_DIRECTION_20,V4_DIRECTION_37,0.884859308488555,0.0434671125975474,0.383620689655172,0.452586206896552
A1,MEDIUM,373,V4_DIRECTION_20,V4_DIRECTION_39,1.53788491212904,0.0763879598662207,0.920258620689655,0.969827586206897
A1,MEDIUM,374,V4_DIRECTION_22,V4_DIRECTION_23,0.569344738587111,0.0434113712374582,0.131465517241379,0.441810344827586
A1,MEDIUM,375,V4_DIRECTION_22,V4_DIRECTION_24,1.34434266646962,0.0598885172798216,0.84051724137931,0.782327586206897
A1,MEDIUM,376,V4_DIRECTION_22,V4_DIRECTION_26,1.35291334108681,0.0589966555183946,0.853448275862069,0.771551724137931
A1,MEDIUM,377,V4_DIRECTION_22,V4_DIRECTION_28,1.04752330078315,0.0435674470457079,0.530172413793103,0.476293103448276
A1,MEDIUM,378,V4_DIRECTION_22,V4_DIRECTION_29,0.282549908504726,0.0234113712374582,0.0107758620689655,0.0862068965517241
A1,MEDIUM,379,V4_DIRECTION_22,V4_DIRECTION_30,0.810937001087595,0.039933110367893,0.306034482758621,0.336206896551724
A1,MEDIUM,380,V4_DIRECTION_22,V4_DIRECTION_31,0.485692094718765,0.0164994425863991,0.0646551724137931,0.0301724137931034
A1,MEDIUM,381,V4_DIRECTION_22,V4_DIRECTION_32,1.14207621760626,0.0602118171683389,0.635775862068966,0.810344827586207
A1,MEDIUM,382,V4_DIRECTION_22,V4_DIRECTION_33,0.882988820825443,0.0401449275362319,0.381465517241379,0.37176724137931
A1,MEDIUM,383,V4_DIRECTION_22,V4_DIRECTION_34,0.669815105424524,0.0267558528428094,0.193965517241379,0.118534482758621
A1,MEDIUM,384,V4_DIRECTION_22,V4_DIRECTION_35,0.912338646686718,0.0634671125975474,0.40948275862069,0.857758620689655
A1,MEDIUM,385,V4_DIRECTION_22,V4_DIRECTION_37,1.25427954081808,0.0433444816053512,0.754310344827586,0.435344827586207
A1,MEDIUM,386,V4_DIRECTION_22,V4_DIRECTION_39,0.616032819500069,0.0501003344481605,0.15948275862069,0.603448275862069
A1,MEDIUM,387,V4_DIRECTION_23,V4_DIRECTION_24,1.49260887412412,0.0634559643255296,0.913793103448276,0.854525862068966
A1,MEDIUM,388,V4_DIRECTION_23,V4_DIRECTION_26,0.99452252493614,0.0494648829431438,0.491379310344828,0.556034482758621
A1,MEDIUM,389,V4_DIRECTION_23,V4_DIRECTION_28,0.569250548634725,0.0201114827201784,0.129310344827586,0.0538793103448276
A1,MEDIUM,390,V4_DIRECTION_23,V4_DIRECTION_29,0.752538833139398,0.0268673355629877,0.254310344827586,0.133620689655172
A1,MEDIUM,391,V4_DIRECTION_23,V4_DIRECTION_30,0.890173256996831,0.0535117056856187,0.387931034482759,0.69073275862069
A1,MEDIUM,392,V4_DIRECTION_23,V4_DIRECTION_31,0.701373656602711,0.0334448160535117,0.213362068965517,0.234913793103448
A1,MEDIUM,393,V4_DIRECTION_23,V4_DIRECTION_32,1.24722537668408,0.0768561872909699,0.739224137931034,0.973060344827586
A1,MEDIUM,394,V4_DIRECTION_23,V4_DIRECTION_33,0.762442322906064,0.00996655518394649,0.260775862068966,0.00862068965517241
A1,MEDIUM,395,V4_DIRECTION_23,V4_DIRECTION_34,0.759978709276277,0.0534113712374582,0.258620689655172,0.668103448275862
A1,MEDIUM,396,V4_DIRECTION_23,V4_DIRECTION_35,1.19583455725013,0.0669342251950948,0.702586206896552,0.905172413793103
A1,MEDIUM,397,V4_DIRECTION_23,V4_DIRECTION_37,1.18123746570628,0.0535005574136009,0.681034482758621,0.679956896551724
A1,MEDIUM,398,V4_DIRECTION_23,V4_DIRECTION_39,0.557465584723512,0.059933110367893,0.125,0.786637931034483
A1,MEDIUM,399,V4_DIRECTION_24,V4_DIRECTION_26,0.794838688525426,0.0331661092530658,0.288793103448276,0.205818965517241
A1,MEDIUM,400,V4_DIRECTION_24,V4_DIRECTION_28,1.03206765220424,0.0499665551839465,0.517241379310345,0.575431034482759
A1,MEDIUM,401,V4_DIRECTION_24,V4_DIRECTION_29,1.5385683016647,0.0435228539576366,0.922413793103448,0.469827586206897
A1,MEDIUM,402,V4_DIRECTION_24,V4_DIRECTION_30,0.493411304262122,0.0268450390189521,0.0711206896551724,0.129310344827586
A1,MEDIUM,403,V4_DIRECTION_24,V4_DIRECTION_31,1.4494228874752,0.0335117056856187,0.896551724137931,0.245689655172414
A1,MEDIUM,404,V4_DIRECTION_24,V4_DIRECTION_32,1.06079773682731,0.0464882943143813,0.538793103448276,0.497844827586207
A1,MEDIUM,405,V4_DIRECTION_24,V4_DIRECTION_33,0.733132524948364,0.0364548494983278,0.228448275862069,0.275862068965517
A1,MEDIUM,406,V4_DIRECTION_24,V4_DIRECTION_34,0.88579705448194,0.0531215161649944,0.385775862068966,0.655172413793103
A1,MEDIUM,407,V4_DIRECTION_24,V4_DIRECTION_35,1.10206065870082,0.0434782608695652,0.607758620689655,0.460129310344828
A1,MEDIUM,408,V4_DIRECTION_24,V4_DIRECTION_37,0.823920559599666,0.030066889632107,0.318965517241379,0.154094827586207
A1,MEDIUM,409,V4_DIRECTION_24,V4_DIRECTION_39,1.67940406814716,0.0762541806020067,0.974137931034483,0.966594827586207
A1,MEDIUM,410,V4_DIRECTION_26,V4_DIRECTION_28,0.658587786699584,0.0358082497212932,0.1875,0.260775862068966
A1,MEDIUM,411,V4_DIRECTION_26,V4_DIRECTION_29,1.08737270043696,0.0363879598662207,0.575431034482759,0.273706896551724
A1,MEDIUM,412,V4_DIRECTION_26,V4_DIRECTION_30,1.09360190957439,0.0431772575250836,0.59051724137931,0.411637931034483
A1,MEDIUM,413,V4_DIRECTION_26,V4_DIRECTION_31,0.528859135892097,0.0265997770345596,0.101293103448276,0.105603448275862
A1,MEDIUM,414,V4_DIRECTION_26,V4_DIRECTION_32,0.916937885773633,0.058974358974359,0.411637931034483,0.769396551724138
A1,MEDIUM,415,V4_DIRECTION_26,V4_DIRECTION_33,1.2199814889826,0.0422519509476031,0.719827586206897,0.390086206896552
A1,MEDIUM,416,V4_DIRECTION_26,V4_DIRECTION_34,1.15178243041805,0.0588628762541806,0.644396551724138,0.767241379310345
A1,MEDIUM,417,V4_DIRECTION_26,V4_DIRECTION_35,0.986811487451473,0.0430323299888517,0.480603448275862,0.400862068965517
A1,MEDIUM,418,V4_DIRECTION_26,V4_DIRECTION_37,0.93163087757698,0.0329096989966555,0.431034482758621,0.189655172413793
A1,MEDIUM,419,V4_DIRECTION_26,V4_DIRECTION_39,1.38164672307447,0.0817725752508361,0.866379310344828,0.984913793103448
A1,MEDIUM,420,V4_DIRECTION_28,V4_DIRECTION_29,0.876251750093816,0.033355629877369,0.375,0.22198275862069
A1,MEDIUM,421,V4_DIRECTION_28,V4_DIRECTION_30,1.14605159632136,0.0569453734671126,0.637931034482759,0.756465517241379
A1,MEDIUM,422,V4_DIRECTION_28,V4_DIRECTION_31,0.897547293179905,0.0231438127090301,0.394396551724138,0.0743534482758621
A1,MEDIUM,423,V4_DIRECTION_28,V4_DIRECTION_32,0.975216113656033,0.0702675585284281,0.474137931034483,0.93426724137931
A1,MEDIUM,424,V4_DIRECTION_28,V4_DIRECTION_33,1.07631408305782,0.0134113712374582,0.558189655172414,0.0172413793103448
A1,MEDIUM,425,V4_DIRECTION_28,V4_DIRECTION_34,0.57166798980493,0.0401783723522854,0.135775862068966,0.379310344827586
A1,MEDIUM,426,V4_DIRECTION_28,V4_DIRECTION_35,1.70425065907625,0.0634448160535117,0.978448275862069,0.851293103448276
A1,MEDIUM,427,V4_DIRECTION_28,V4_DIRECTION_37,1.06190525499603,0.0468227424749164,0.545258620689655,0.533405172413793
A1,MEDIUM,428,V4_DIRECTION_28,V4_DIRECTION_39,0.911877486673555,0.0635451505016722,0.407327586206897,0.865301724137931
A1,MEDIUM,429,V4_DIRECTION_29,V4_DIRECTION_30,1.22105768743118,0.037123745819398,0.72198275862069,0.310344827586207
A1,MEDIUM,430,V4_DIRECTION_29,V4_DIRECTION_31,0.236358467169103,0.00664437012263099,0.00431034482758621,0
A1,MEDIUM,431,V4_DIRECTION_29,V4_DIRECTION_32,1.0036557360331,0.0400557413600892,0.497844827586207,0.352370689655172
A1,MEDIUM,432,V4_DIRECTION_29,V4_DIRECTION_33,0.917233367119872,0.0333667781493868,0.413793103448276,0.224137931034483
A1,MEDIUM,433,V4_DIRECTION_29,V4_DIRECTION_34,0.905470758420879,0.0367001114827202,0.400862068965517,0.293103448275862
A1,MEDIUM,434,V4_DIRECTION_29,V4_DIRECTION_35,0.976909159728672,0.0401449275362319,0.476293103448276,0.37176724137931
A1,MEDIUM,435,V4_DIRECTION_29,V4_DIRECTION_37,0.919716184036118,0.0302341137123746,0.418103448275862,0.178879310344828
A1,MEDIUM,436,V4_DIRECTION_29,V4_DIRECTION_39,0.687437323826385,0.0398885172798216,0.200431034482759,0.328663793103448
A1,MEDIUM,437,V4_DIRECTION_30,V4_DIRECTION_31,1.27162984044584,0.0437904124860647,0.765086206896552,0.482758620689655
A1,MEDIUM,438,V4_DIRECTION_30,V4_DIRECTION_32,0.677240144012228,0.0366332218506132,0.198275862068966,0.287715517241379
A1,MEDIUM,439,V4_DIRECTION_30,V4_DIRECTION_33,0.747293042828905,0.0433221850613155,0.243534482758621,0.429956896551724
A1,MEDIUM,440,V4_DIRECTION_30,V4_DIRECTION_34,1.06342013425003,0.0432441471571906,0.549568965517241,0.420258620689655
A1,MEDIUM,441,V4_DIRECTION_30,V4_DIRECTION_35,1.34344637699569,0.0537346711259755,0.836206896551724,0.702586206896552
A1,MEDIUM,442,V4_DIRECTION_30,V4_DIRECTION_37,0.62621787068106,0.00672240802675585,0.165948275862069,0.0021551724137931
A1,MEDIUM,443,V4_DIRECTION_30,V4_DIRECTION_39,0.865016764988497,0.0462876254180602,0.357758620689655,0.487068965517241
A1,MEDIUM,444,V4_DIRECTION_31,V4_DIRECTION_32,1.08464885698905,0.0465217391304348,0.568965517241379,0.50323275862069
A1,MEDIUM,445,V4_DIRECTION_31,V4_DIRECTION_33,1.08389352055192,0.0264548494983278,0.566810344827586,0.101293103448276
A1,MEDIUM,446,V4_DIRECTION_31,V4_DIRECTION_34,1.06189454292888,0.0397993311036789,0.543103448275862,0.325431034482759
A1,MEDIUM,447,V4_DIRECTION_31,V4_DIRECTION_35,0.711045498733264,0.0401003344481605,0.219827586206897,0.357758620689655
A1,MEDIUM,448,V4_DIRECTION_31,V4_DIRECTION_37,1.1137831546499,0.0335117056856187,0.618534482758621,0.245689655172414
A1,MEDIUM,449,V4_DIRECTION_31,V4_DIRECTION_39,0.944582972912663,0.0529319955406912,0.443965517241379,0.648706896551724
A1,MEDIUM,450,V4_DIRECTION_32,V4_DIRECTION_33,1.62675219236149,0.0735785953177258,0.959051724137931,0.950431034482759
A1,MEDIUM,451,V4_DIRECTION_32,V4_DIRECTION_34,1.40186364358939,0.0668896321070234,0.872844827586207,0.901939655172414
A1,MEDIUM,452,V4_DIRECTION_32,V4_DIRECTION_35,1.57003247321658,0.0634113712374582,0.939655172413793,0.84698275862069
A1,MEDIUM,453,V4_DIRECTION_32,V4_DIRECTION_37,0.561749030027291,0.04,0.127155172413793,0.344827586206897
A1,MEDIUM,454,V4_DIRECTION_32,V4_DIRECTION_39,0.429393861687528,0.0300557413600892,0.0452586206896552,0.150862068965517
A1,MEDIUM,455,V4_DIRECTION_33,V4_DIRECTION_34,0.94314772401468,0.0334448160535117,0.441810344827586,0.234913793103448
A1,MEDIUM,456,V4_DIRECTION_33,V4_DIRECTION_35,0.836969759570316,0.0533779264214047,0.329741379310345,0.663793103448276
A1,MEDIUM,457,V4_DIRECTION_33,V4_DIRECTION_37,0.799830517204098,0.0433444816053512,0.295258620689655,0.435344827586207
A1,MEDIUM,458,V4_DIRECTION_33,V4_DIRECTION_39,1.41830112021896,0.0701895206243032,0.877155172413793,0.924568965517241
A1,MEDIUM,459,V4_DIRECTION_34,V4_DIRECTION_35,1.1378580430074,0.073422519509476,0.631465517241379,0.946120689655172
A1,MEDIUM,460,V4_DIRECTION_34,V4_DIRECTION_37,1.1515895417305,0.046644370122631,0.642241379310345,0.514008620689655
A1,MEDIUM,461,V4_DIRECTION_34,V4_DIRECTION_39,1.02501067245476,0.0568227424749164,0.510775862068966,0.743534482758621
A1,MEDIUM,462,V4_DIRECTION_35,V4_DIRECTION_37,1.31986626825238,0.0602675585284281,0.814655172413793,0.814655172413793
A1,MEDIUM,463,V4_DIRECTION_35,V4_DIRECTION_39,1.42975708802045,0.0832775919732441,0.885775862068966,0.987068965517241
A1,MEDIUM,464,V4_DIRECTION_37,V4_DIRECTION_39,0.874175918049382,0.0330546265328874,0.370689655172414,0.197198275862069
A1,STRONG,0,V4_DIRECTION_00,V4_DIRECTION_01,1.27900937244553,0.0946711259754738,0.771551724137931,0.425646551724138
A1,STRONG,1,V4_DIRECTION_00,V4_DIRECTION_02,0.904380756536408,0.0825083612040134,0.398706896551724,0.25
A1,STRONG,2,V4_DIRECTION_00,V4_DIRECTION_03,1.67080304225719,0.100301003344482,0.969827586206897,0.532327586206897
A1,STRONG,3,V4_DIRECTION_00,V4_DIRECTION_04,1.12583730126043,0.106889632107023,0.625,0.641163793103448
A1,STRONG,4,V4_DIRECTION_00,V4_DIRECTION_06,1.55513505578328,0.130211817168339,0.931034482758621,0.915948275862069
A1,STRONG,5,V4_DIRECTION_00,V4_DIRECTION_07,1.10414145180401,0.10314381270903,0.612068965517241,0.584051724137931
A1,STRONG,6,V4_DIRECTION_00,V4_DIRECTION_08,1.10197430566961,0.0800445930880714,0.605603448275862,0.230603448275862
A1,STRONG,7,V4_DIRECTION_00,V4_DIRECTION_09,1.19689682091109,0.127045707915273,0.706896551724138,0.894396551724138
A1,STRONG,8,V4_DIRECTION_00,V4_DIRECTION_10,1.18461983601574,0.083221850613155,0.685344827586207,0.258620689655172
A1,STRONG,9,V4_DIRECTION_00,V4_DIRECTION_11,1.09343650271497,0.0991973244147157,0.588362068965517,0.493534482758621
A1,STRONG,10,V4_DIRECTION_00,V4_DIRECTION_13,1.33363070258227,0.118216276477146,0.823275862068966,0.822198275862069
A1,STRONG,11,V4_DIRECTION_00,V4_DIRECTION_15,0.279918885888934,0.0769230769230769,0.00862068965517241,0.206896551724138
A1,STRONG,12,V4_DIRECTION_00,V4_DIRECTION_17,1.10076501039293,0.0920847268673356,0.601293103448276,0.383620689655172
A1,STRONG,13,V4_DIRECTION_00,V4_DIRECTION_18,1.02674726832431,0.0803232998885173,0.512931034482759,0.243534482758621
A1,STRONG,14,V4_DIRECTION_00,V4_DIRECTION_19,0.502337787658794,0.0588963210702341,0.0775862068965517,0.0625
A1,STRONG,15,V4_DIRECTION_00,V4_DIRECTION_20,1.18010706034025,0.0982274247491639,0.676724137931034,0.478448275862069
A1,STRONG,16,V4_DIRECTION_00,V4_DIRECTION_22,0.893379712109997,0.0736343366778149,0.390086206896552,0.176724137931034
A1,STRONG,17,V4_DIRECTION_00,V4_DIRECTION_23,0.510726123602013,0.0568561872909699,0.0905172413793103,0.0517241379310345
A1,STRONG,18,V4_DIRECTION_00,V4_DIRECTION_24,1.74113399513196,0.0925529542920847,0.987068965517241,0.392241379310345
A1,STRONG,19,V4_DIRECTION_00,V4_DIRECTION_26,0.963469856615266,0.0814938684503902,0.461206896551724,0.247844827586207
A1,STRONG,20,V4_DIRECTION_00,V4_DIRECTION_28,0.404953911137861,0.0568004459308807,0.0431034482758621,0.0495689655172414
A1,STRONG,21,V4_DIRECTION_00,V4_DIRECTION_29,0.571149668170835,0.0668896321070234,0.133620689655172,0.115301724137931
A1,STRONG,22,V4_DIRECTION_00,V4_DIRECTION_30,1.72653010818087,0.126465997770346,0.982758620689655,0.890086206896552
A1,STRONG,23,V4_DIRECTION_00,V4_DIRECTION_31,0.640495412295064,0.0749163879598662,0.178879310344828,0.185344827586207
A1,STRONG,24,V4_DIRECTION_00,V4_DIRECTION_32,1.16370640096239,0.137123745819398,0.657327586206897,0.957974137931034
A1,STRONG,25,V4_DIRECTION_00,V4_DIRECTION_33,1.17881211874083,0.0902564102564102,0.672413793103448,0.359913793103448
A1,STRONG,26,V4_DIRECTION_00,V4_DIRECTION_34,0.8124908024408,0.0635005574136009,0.308189655172414,0.0969827586206897
A1,STRONG,27,V4_DIRECTION_00,V4_DIRECTION_35,1.1686469109976,0.123678929765886,0.65948275862069,0.866379310344828
A1,STRONG,28,V4_DIRECTION_00,V4_DIRECTION_37,1.31769198059121,0.12628762541806,0.8125,0.887931034482759
A1,STRONG,29,V4_DIRECTION_00,V4_DIRECTION_39,0.672272460653021,0.116722408026756,0.196120689655172,0.801724137931034
A1,STRONG,30,V4_DIRECTION_01,V4_DIRECTION_02,0.513752510441603,0.0833890746934225,0.0926724137931035,0.265086206896552
A1,STRONG,31,V4_DIRECTION_01,V4_DIRECTION_03,1.09308729937122,0.0973021181716834,0.586206896551724,0.474137931034483
A1,STRONG,32,V4_DIRECTION_01,V4_DIRECTION_04,0.645611243560222,0.0857302118171683,0.181034482758621,0.286637931034483
A1,STRONG,33,V4_DIRECTION_01,V4_DIRECTION_06,0.525599231526124,0.082943143812709,0.0969827586206897,0.252155172413793
A1,STRONG,34,V4_DIRECTION_01,V4_DIRECTION_07,1.06454336236277,0.0932441471571906,0.551724137931034,0.399784482758621
A1,STRONG,35,V4_DIRECTION_01,V4_DIRECTION_08,1.31098302625142,0.0657859531772575,0.803879310344828,0.107758620689655
A1,STRONG,36,V4_DIRECTION_01,V4_DIRECTION_09,0.713323244889757,0.106923076923077,0.22198275862069,0.644396551724138
A1,STRONG,37,V4_DIRECTION_01,V4_DIRECTION_10,1.56863282098194,0.0961872909698997,0.9375,0.439655172413793
A1,STRONG,38,V4_DIRECTION_01,V4_DIRECTION_11,1.4850180507102,0.0903790412486065,0.911637931034483,0.366379310344828
A1,STRONG,39,V4_DIRECTION_01,V4_DIRECTION_13,0.504503852823044,0.0568784838350056,0.0818965517241379,0.0538793103448276
A1,STRONG,40,V4_DIRECTION_01,V4_DIRECTION_15,1.14685722297816,0.110144927536232,0.640086206896552,0.685344827586207
A1,STRONG,41,V4_DIRECTION_01,V4_DIRECTION_17,0.163442449945061,0.0434113712374582,0,0.0129310344827586
A1,STRONG,42,V4_DIRECTION_01,V4_DIRECTION_18,0.861722197402493,0.110702341137124,0.349137931034483,0.710129310344828
A1,STRONG,43,V4_DIRECTION_01,V4_DIRECTION_19,1.27719273553356,0.060066889632107,0.767241379310345,0.0732758620689655
A1,STRONG,44,V4_DIRECTION_01,V4_DIRECTION_20,0.594804815309863,0.0370122630992196,0.142241379310345,0.0021551724137931
A1,STRONG,45,V4_DIRECTION_01,V4_DIRECTION_22,0.547040342970129,0.077257525083612,0.114224137931034,0.213362068965517
A1,STRONG,46,V4_DIRECTION_01,V4_DIRECTION_23,1.18138833291645,0.113846153846154,0.683189655172414,0.773706896551724
A1,STRONG,47,V4_DIRECTION_01,V4_DIRECTION_24,1.02264676816846,0.0634113712374582,0.508620689655172,0.0926724137931035
A1,STRONG,48,V4_DIRECTION_01,V4_DIRECTION_26,0.82418172688724,0.0603010033444816,0.321120689655172,0.0818965517241379
A1,STRONG,49,V4_DIRECTION_01,V4_DIRECTION_28,1.48236855743369,0.110301003344482,0.90948275862069,0.697198275862069
A1,STRONG,50,V4_DIRECTION_01,V4_DIRECTION_29,0.746018069671643,0.111683389074693,0.241379310344828,0.71551724137931
A1,STRONG,51,V4_DIRECTION_01,V4_DIRECTION_30,0.953414050735038,0.0997993311036789,0.452586206896552,0.508620689655172
A1,STRONG,52,V4_DIRECTION_01,V4_DIRECTION_31,0.456869142626471,0.0769119286510591,0.0603448275862069,0.201508620689655
A1,STRONG,53,V4_DIRECTION_01,V4_DIRECTION_32,1.00517629415213,0.11866220735786,0.5,0.825431034482759
A1,STRONG,54,V4_DIRECTION_01,V4_DIRECTION_33,1.22753049272608,0.132173913043478,0.730603448275862,0.924568965517241
A1,STRONG,55,V4_DIRECTION_01,V4_DIRECTION_34,1.30203312220211,0.0986176142697882,0.797413793103448,0.487068965517241
A1,STRONG,56,V4_DIRECTION_01,V4_DIRECTION_35,0.447290320918048,0.0634894091415831,0.0495689655172414,0.0948275862068965
A1,STRONG,57,V4_DIRECTION_01,V4_DIRECTION_37,1.45839843551968,0.116666666666667,0.900862068965517,0.799568965517241
A1,STRONG,58,V4_DIRECTION_01,V4_DIRECTION_39,1.13504917252396,0.132675585284281,0.629310344827586,0.926724137931034
A1,STRONG,59,V4_DIRECTION_02,V4_DIRECTION_03,1.25806539831747,0.118795986622074,0.756465517241379,0.829741379310345
A1,STRONG,60,V4_DIRECTION_02,V4_DIRECTION_04,0.688577911384948,0.0965997770345596,0.202586206896552,0.452586206896552
A1,STRONG,61,V4_DIRECTION_02,V4_DIRECTION_06,0.99648092331541,0.164882943143813,0.493534482758621,1
A1,STRONG,62,V4_DIRECTION_02,V4_DIRECTION_07,0.531587410672204,0.0669453734671126,0.103448275862069,0.120689655172414
A1,STRONG,63,V4_DIRECTION_02,V4_DIRECTION_08,1.08475119295705,0.0899665551839465,0.571120689655172,0.352370689655172
A1,STRONG,64,V4_DIRECTION_02,V4_DIRECTION_09,1.37969887063809,0.133154960981048,0.864224137931034,0.9375
A1,STRONG,65,V4_DIRECTION_02,V4_DIRECTION_10,1.37829463702711,0.113534002229654,0.862068965517241,0.75323275862069
A1,STRONG,66,V4_DIRECTION_02,V4_DIRECTION_11,1.78312559978436,0.123946488294314,0.993534482758621,0.870689655172414
A1,STRONG,67,V4_DIRECTION_02,V4_DIRECTION_13,0.863287413418977,0.120234113712375,0.355603448275862,0.849137931034483
A1,STRONG,68,V4_DIRECTION_02,V4_DIRECTION_15,0.740903835327371,0.1117502787068,0.232758620689655,0.717672413793103
A1,STRONG,69,V4_DIRECTION_02,V4_DIRECTION_17,0.52618004983036,0.0936120401337793,0.0991379310344828,0.413793103448276
A1,STRONG,70,V4_DIRECTION_02,V4_DIRECTION_18,0.749029975453164,0.10546265328874,0.247844827586207,0.603448275862069
A1,STRONG,71,V4_DIRECTION_02,V4_DIRECTION_19,0.607419244034359,0.0635451505016722,0.155172413793103,0.102370689655172
A1,STRONG,72,V4_DIRECTION_02,V4_DIRECTION_20,0.992899971487069,0.0802675585284281,0.487068965517241,0.235991379310345
A1,STRONG,73,V4_DIRECTION_02,V4_DIRECTION_22,0.708886740595408,0.115496098104794,0.217672413793103,0.78448275862069
A1,STRONG,74,V4_DIRECTION_02,V4_DIRECTION_23,0.395174180618974,0.0852396878483835,0.040948275862069,0.28448275862069
A1,STRONG,75,V4_DIRECTION_02,V4_DIRECTION_24,1.15328972515648,0.0870234113712375,0.646551724137931,0.316810344827586
A1,STRONG,76,V4_DIRECTION_02,V4_DIRECTION_26,0.637099486092463,0.0500780379041249,0.176724137931034,0.0258620689655172
A1,STRONG,77,V4_DIRECTION_02,V4_DIRECTION_28,0.880632986895037,0.0984615384615385,0.377155172413793,0.483836206896552
A1,STRONG,78,V4_DIRECTION_02,V4_DIRECTION_29,1.0836739128229,0.109464882943144,0.564655172413793,0.671336206896552
A1,STRONG,79,V4_DIRECTION_02,V4_DIRECTION_30,0.830130538557788,0.0935785953177257,0.327586206896552,0.40948275862069
A1,STRONG,80,V4_DIRECTION_02,V4_DIRECTION_31,0.629215994463185,0.0868227424749164,0.170258620689655,0.301724137931034
A1,STRONG,81,V4_DIRECTION_02,V4_DIRECTION_32,1.16940685010319,0.149799331103679,0.661637931034483,0.991379310344828
A1,STRONG,82,V4_DIRECTION_02,V4_DIRECTION_33,1.0964632758867,0.106399108138239,0.592672413793103,0.622844827586207
A1,STRONG,83,V4_DIRECTION_02,V4_DIRECTION_34,1.08812024488339,0.0996321070234114,0.579741379310345,0.504310344827586
A1,STRONG,84,V4_DIRECTION_02,V4_DIRECTION_35,0.855395260053484,0.119799331103679,0.34698275862069,0.842672413793103
A1,STRONG,85,V4_DIRECTION_02,V4_DIRECTION_37,1.59739801421915,0.127068004459309,0.950431034482759,0.896551724137931
A1,STRONG,86,V4_DIRECTION_02,V4_DIRECTION_39,0.92787643018611,0.147826086956522,0.422413793103448,0.987068965517241
A1,STRONG,87,V4_DIRECTION_03,V4_DIRECTION_04,0.624350552226796,0.0631549609810479,0.163793103448276,0.0905172413793103
A1,STRONG,88,V4_DIRECTION_03,V4_DIRECTION_06,0.612034472723297,0.100267558528428,0.157327586206897,0.526939655172414
A1,STRONG,89,V4_DIRECTION_03,V4_DIRECTION_07,1.19940993177603,0.0993199554069119,0.711206896551724,0.495689655172414
A1,STRONG,90,V4_DIRECTION_03,V4_DIRECTION_08,1.05236682922654,0.0764548494983277,0.532327586206897,0.193965517241379
A1,STRONG,91,V4_DIRECTION_03,V4_DIRECTION_09,1.11870829892337,0.119509476031215,0.620689655172414,0.84051724137931
A1,STRONG,92,V4_DIRECTION_03,V4_DIRECTION_10,0.488647219015787,0.0427647714604236,0.0689655172413793,0.0107758620689655
A1,STRONG,93,V4_DIRECTION_03,V4_DIRECTION_11,1.04248457558283,0.0784615384615385,0.523706896551724,0.21551724137931
A1,STRONG,94,V4_DIRECTION_03,V4_DIRECTION_13,0.649039960552476,0.0807692307692308,0.183189655172414,0.245689655172414
A1,STRONG,95,V4_DIRECTION_03,V4_DIRECTION_15,1.55201114340861,0.113756967670011,0.928879310344828,0.769396551724138
A1,STRONG,96,V4_DIRECTION_03,V4_DIRECTION_17,1.32528413161953,0.124916387959866,0.818965517241379,0.879310344827586
A1,STRONG,97,V4_DIRECTION_03,V4_DIRECTION_18,0.4491061265576,0.0401783723522854,0.0560344827586207,0.00646551724137931
A1,STRONG,98,V4_DIRECTION_03,V4_DIRECTION_19,1.60141548711407,0.0984615384615385,0.952586206896552,0.483836206896552
A1,STRONG,99,V4_DIRECTION_03,V4_DIRECTION_20,1.25358683777386,0.104080267558528,0.752155172413793,0.59698275862069
A1,STRONG,100,V4_DIRECTION_03,V4_DIRECTION_22,0.844287733476598,0.0803121516164994,0.338362068965517,0.241379310344828
A1,STRONG,101,V4_DIRECTION_03,V4_DIRECTION_23,1.15696812171666,0.0836343366778149,0.648706896551724,0.27801724137931
A1,STRONG,102,V4_DIRECTION_03,V4_DIRECTION_24,0.533507636430553,0.0785953177257525,0.105603448275862,0.217672413793103
A1,STRONG,103,V4_DIRECTION_03,V4_DIRECTION_26,1.67708733408836,0.117502787068004,0.97198275862069,0.816810344827586
A1,STRONG,104,V4_DIRECTION_03,V4_DIRECTION_28,1.46980048059811,0.110367892976589,0.90301724137931,0.703663793103448
A1,STRONG,105,V4_DIRECTION_03,V4_DIRECTION_29,1.26065242394326,0.113612040133779,0.758620689655172,0.758620689655172
A1,STRONG,106,V4_DIRECTION_03,V4_DIRECTION_30,0.363470535037526,0.0892976588628762,0.0280172413793103,0.334051724137931
A1,STRONG,107,V4_DIRECTION_03,V4_DIRECTION_31,1.60490705185191,0.124414715719064,0.954741379310345,0.873922413793103
A1,STRONG,108,V4_DIRECTION_03,V4_DIRECTION_32,1.14000674323197,0.13695652173913,0.633620689655172,0.954741379310345
A1,STRONG,109,V4_DIRECTION_03,V4_DIRECTION_33,0.445227227648818,0.0700111482720178,0.0474137931034483,0.129310344827586
A1,STRONG,110,V4_DIRECTION_03,V4_DIRECTION_34,0.934711263993064,0.0600334448160535,0.433189655172414,0.0711206896551724
A1,STRONG,111,V4_DIRECTION_03,V4_DIRECTION_35,0.974919726000082,0.0994648829431438,0.47198275862069,0.498922413793103
A1,STRONG,112,V4_DIRECTION_03,V4_DIRECTION_37,0.807507457084155,0.109141583054627,0.299568965517241,0.663793103448276
A1,STRONG,113,V4_DIRECTION_03,V4_DIRECTION_39,1.08731304935265,0.106889632107023,0.573275862068966,0.641163793103448
A1,STRONG,114,V4_DIRECTION_04,V4_DIRECTION_06,0.821871055466654,0.132998885172798,0.316810344827586,0.933189655172414
A1,STRONG,115,V4_DIRECTION_04,V4_DIRECTION_07,1.02192899578986,0.0968561872909699,0.506465517241379,0.461206896551724
A1,STRONG,116,V4_DIRECTION_04,V4_DIRECTION_08,1.32551745396838,0.0736008918617614,0.821120689655172,0.173491379310345
A1,STRONG,117,V4_DIRECTION_04,V4_DIRECTION_09,1.34428662237173,0.138439241917503,0.838362068965517,0.96551724137931
A1,STRONG,118,V4_DIRECTION_04,V4_DIRECTION_10,0.842392574391712,0.0768896321070234,0.336206896551724,0.198275862068966
A1,STRONG,119,V4_DIRECTION_04,V4_DIRECTION_11,1.79248967872961,0.113221850613155,0.995689655172414,0.745689655172414
A1,STRONG,120,V4_DIRECTION_04,V4_DIRECTION_13,0.242016878823309,0.0725083612040134,0.00646551724137931,0.148706896551724
A1,STRONG,121,V4_DIRECTION_04,V4_DIRECTION_15,1.47904918994713,0.126488294314381,0.905172413793103,0.892241379310345
A1,STRONG,122,V4_DIRECTION_04,V4_DIRECTION_17,1.06259845699347,0.112998885172798,0.547413793103448,0.737068965517241
A1,STRONG,123,V4_DIRECTION_04,V4_DIRECTION_18,0.386087927447328,0.0664994425863991,0.0323275862068966,0.109913793103448
A1,STRONG,124,V4_DIRECTION_04,V4_DIRECTION_19,1.08741170581608,0.0830657748049052,0.577586206896552,0.254310344827586
A1,STRONG,125,V4_DIRECTION_04,V4_DIRECTION_20,0.73223067772025,0.0924749163879599,0.226293103448276,0.390086206896552
A1,STRONG,126,V4_DIRECTION_04,V4_DIRECTION_22,0.596453413796806,0.106633221850613,0.144396551724138,0.629310344827586
A1,STRONG,127,V4_DIRECTION_04,V4_DIRECTION_23,0.847185074994928,0.0931772575250836,0.342672413793103,0.396551724137931
A1,STRONG,128,V4_DIRECTION_04,V4_DIRECTION_24,0.903048117723093,0.0831661092530658,0.396551724137931,0.256465517241379
A1,STRONG,129,V4_DIRECTION_04,V4_DIRECTION_26,1.30002779308282,0.115897435897436,0.793103448275862,0.788793103448276
A1,STRONG,130,V4_DIRECTION_04,V4_DIRECTION_28,1.34118487010235,0.113166109253066,0.831896551724138,0.741379310344828
A1,STRONG,131,V4_DIRECTION_04,V4_DIRECTION_29,1.0310534870289,0.133690078037904,0.515086206896552,0.939655172413793
A1,STRONG,132,V4_DIRECTION_04,V4_DIRECTION_30,1.07296056902879,0.113600891861761,0.556034482758621,0.756465517241379
A1,STRONG,133,V4_DIRECTION_04,V4_DIRECTION_31,0.966676070372155,0.106020066889632,0.46551724137931,0.616379310344828
A1,STRONG,134,V4_DIRECTION_04,V4_DIRECTION_32,1.84781062892501,0.157146042363434,1,0.997844827586207
A1,STRONG,135,V4_DIRECTION_04,V4_DIRECTION_33,0.552380112341288,0.0735562987736901,0.120689655172414,0.165948275862069
A1,STRONG,136,V4_DIRECTION_04,V4_DIRECTION_34,0.633575183014881,0.0735785953177258,0.172413793103448,0.170258620689655
A1,STRONG,137,V4_DIRECTION_04,V4_DIRECTION_35,0.324884598051298,0.0983723522853958,0.0172413793103448,0.480603448275862
A1,STRONG,138,V4_DIRECTION_04,V4_DIRECTION_37,1.59475007421544,0.150301003344482,0.946120689655172,0.993534482758621
A1,STRONG,139,V4_DIRECTION_04,V4_DIRECTION_39,1.40441500400968,0.136142697881828,0.875,0.948275862068966
A1,STRONG,140,V4_DIRECTION_06,V4_DIRECTION_07,0.863257253187855,0.122140468227425,0.353448275862069,0.853448275862069
A1,STRONG,141,V4_DIRECTION_06,V4_DIRECTION_08,1.48024573202582,0.109464882943144,0.907327586206897,0.671336206896552
A1,STRONG,142,V4_DIRECTION_06,V4_DIRECTION_09,0.601836784278401,0.101638795986622,0.150862068965517,0.547413793103448
A1,STRONG,143,V4_DIRECTION_06,V4_DIRECTION_10,1.4288676950629,0.112486064659978,0.883620689655172,0.72198275862069
A1,STRONG,144,V4_DIRECTION_06,V4_DIRECTION_11,1.19535317629964,0.101103678929766,0.700431034482759,0.545258620689655
A1,STRONG,145,V4_DIRECTION_06,V4_DIRECTION_13,0.84511436813888,0.129966555183946,0.34051724137931,0.913793103448276
A1,STRONG,146,V4_DIRECTION_06,V4_DIRECTION_15,1.31606241282792,0.113801560758082,0.810344827586207,0.771551724137931
A1,STRONG,147,V4_DIRECTION_06,V4_DIRECTION_17,0.866238475274214,0.134113712374582,0.359913793103448,0.943965517241379
A1,STRONG,148,V4_DIRECTION_06,V4_DIRECTION_18,0.669653708115349,0.11371237458194,0.191810344827586,0.764008620689655
A1,STRONG,149,V4_DIRECTION_06,V4_DIRECTION_19,1.25083009081814,0.0943366778149387,0.747844827586207,0.422413793103448
A1,STRONG,150,V4_DIRECTION_06,V4_DIRECTION_20,1.01875199905105,0.106465997770346,0.504310344827586,0.625
A1,STRONG,151,V4_DIRECTION_06,V4_DIRECTION_22,0.390591767767357,0.0769230769230769,0.0366379310344828,0.206896551724138
A1,STRONG,152,V4_DIRECTION_06,V4_DIRECTION_23,1.18056146591142,0.120401337792642,0.678879310344828,0.851293103448276
A1,STRONG,153,V4_DIRECTION_06,V4_DIRECTION_24,0.771551129238618,0.114648829431438,0.271551724137931,0.782327586206897
A1,STRONG,154,V4_DIRECTION_06,V4_DIRECTION_26,1.22592532102711,0.113210702341137,0.728448275862069,0.743534482758621
A1,STRONG,155,V4_DIRECTION_06,V4_DIRECTION_28,1.34311657890177,0.11371237458194,0.834051724137931,0.764008620689655
A1,STRONG,156,V4_DIRECTION_06,V4_DIRECTION_29,0.782874465846499,0.0899665551839465,0.273706896551724,0.352370689655172
A1,STRONG,157,V4_DIRECTION_06,V4_DIRECTION_30,0.465589122593166,0.102073578595318,0.0625,0.5625
A1,STRONG,158,V4_DIRECTION_06,V4_DIRECTION_31,0.895335560456864,0.100078037904125,0.392241379310345,0.515086206896552
A1,STRONG,159,V4_DIRECTION_06,V4_DIRECTION_32,0.745815940717541,0.0965440356744705,0.239224137931034,0.449353448275862
A1,STRONG,160,V4_DIRECTION_06,V4_DIRECTION_33,1.19511424840543,0.136588628762542,0.696120689655172,0.950431034482759
A1,STRONG,161,V4_DIRECTION_06,V4_DIRECTION_34,0.694117087239681,0.0898327759197324,0.209051724137931,0.34698275862069
A1,STRONG,162,V4_DIRECTION_06,V4_DIRECTION_35,0.953908049197572,0.12505016722408,0.454741379310345,0.881465517241379
A1,STRONG,163,V4_DIRECTION_06,V4_DIRECTION_37,0.923700359053702,0.101794871794872,0.420258620689655,0.553879310344828
A1,STRONG,164,V4_DIRECTION_06,V4_DIRECTION_39,0.791379210989696,0.0735674470457079,0.282327586206897,0.168103448275862
A1,STRONG,165,V4_DIRECTION_07,V4_DIRECTION_08,1.23970012671653,0.0869565217391304,0.737068965517241,0.310344827586207
A1,STRONG,166,V4_DIRECTION_07,V4_DIRECTION_09,0.993876109126095,0.112775919732441,0.489224137931034,0.729525862068966
A1,STRONG,167,V4_DIRECTION_07,V4_DIRECTION_10,1.03339069377298,0.0870122630992196,0.519396551724138,0.314655172413793
A1,STRONG,168,V4_DIRECTION_07,V4_DIRECTION_11,1.29038008711443,0.11025641025641,0.790948275862069,0.693965517241379
A1,STRONG,169,V4_DIRECTION_07,V4_DIRECTION_13,1.43342632731217,0.110144927536232,0.892241379310345,0.6875
A1,STRONG,170,V4_DIRECTION_07,V4_DIRECTION_15,0.871773875732681,0.0988628762541806,0.366379310344828,0.491379310344828
A1,STRONG,171,V4_DIRECTION_07,V4_DIRECTION_17,1.07133697139478,0.103545150501672,0.553879310344828,0.592672413793103
A1,STRONG,172,V4_DIRECTION_07,V4_DIRECTION_18,0.93957584124774,0.112608695652174,0.435344827586207,0.726293103448276
A1,STRONG,173,V4_DIRECTION_07,V4_DIRECTION_19,0.536067577677258,0.043422519509476,0.107758620689655,0.0161637931034483
A1,STRONG,174,V4_DIRECTION_07,V4_DIRECTION_20,0.745311043039802,0.0764214046822742,0.237068965517241,0.191810344827586
A1,STRONG,175,V4_DIRECTION_07,V4_DIRECTION_22,1.00304702715579,0.109264214046823,0.495689655172414,0.668103448275862
A1,STRONG,176,V4_DIRECTION_07,V4_DIRECTION_23,0.495522326427198,0.0890969899665552,0.0754310344827586,0.329741379310345
A1,STRONG,177,V4_DIRECTION_07,V4_DIRECTION_24,1.05708519603214,0.0735117056856187,0.536637931034483,0.162715517241379
A1,STRONG,178,V4_DIRECTION_07,V4_DIRECTION_26,0.547081760977558,0.0563879598662207,0.116379310344828,0.0431034482758621
A1,STRONG,179,V4_DIRECTION_07,V4_DIRECTION_28,0.929797140757751,0.102374581939799,0.426724137931034,0.573275862068966
A1,STRONG,180,V4_DIRECTION_07,V4_DIRECTION_29,1.1951916764063,0.0965440356744705,0.698275862068966,0.449353448275862
A1,STRONG,181,V4_DIRECTION_07,V4_DIRECTION_30,0.694840329124411,0.0603344481605351,0.211206896551724,0.084051724137931
A1,STRONG,182,V4_DIRECTION_07,V4_DIRECTION_31,0.807870016540238,0.08,0.301724137931034,0.227370689655172
A1,STRONG,183,V4_DIRECTION_07,V4_DIRECTION_32,0.982713580933661,0.106666666666667,0.478448275862069,0.631465517241379
A1,STRONG,184,V4_DIRECTION_07,V4_DIRECTION_33,1.09948062631561,0.0967224080267559,0.59698275862069,0.459051724137931
A1,STRONG,185,V4_DIRECTION_07,V4_DIRECTION_34,0.79734789584245,0.0867335562987737,0.290948275862069,0.297413793103448
A1,STRONG,186,V4_DIRECTION_07,V4_DIRECTION_35,0.953384839083457,0.122965440356745,0.450431034482759,0.859913793103448
A1,STRONG,187,V4_DIRECTION_07,V4_DIRECTION_37,0.800600413913309,0.100468227424749,0.297413793103448,0.538793103448276
A1,STRONG,188,V4_DIRECTION_07,V4_DIRECTION_39,0.816493485044863,0.111817168338907,0.3125,0.719827586206897
A1,STRONG,189,V4_DIRECTION_08,V4_DIRECTION_09,1.54859869339439,0.108494983277592,0.926724137931034,0.657327586206897
A1,STRONG,190,V4_DIRECTION_08,V4_DIRECTION_10,0.702020039462504,0.0601783723522854,0.21551724137931,0.0775862068965517
A1,STRONG,191,V4_DIRECTION_08,V4_DIRECTION_11,0.588287483218378,0.0933779264214047,0.140086206896552,0.40625
A1,STRONG,192,V4_DIRECTION_08,V4_DIRECTION_13,0.838655855623084,0.0725752508361204,0.331896551724138,0.150862068965517
A1,STRONG,193,V4_DIRECTION_08,V4_DIRECTION_15,1.26763171395267,0.0963768115942029,0.762931034482759,0.443965517241379
A1,STRONG,194,V4_DIRECTION_08,V4_DIRECTION_17,1.18865229652242,0.0863545150501672,0.689655172413793,0.294181034482759
A1,STRONG,195,V4_DIRECTION_08,V4_DIRECTION_18,1.56462587853347,0.0932441471571906,0.935344827586207,0.399784482758621
A1,STRONG,196,V4_DIRECTION_08,V4_DIRECTION_19,0.724065837233347,0.0630992196209588,0.224137931034483,0.0883620689655172
A1,STRONG,197,V4_DIRECTION_08,V4_DIRECTION_20,1.31378082345539,0.0593088071348941,0.806034482758621,0.0646551724137931
A1,STRONG,198,V4_DIRECTION_08,V4_DIRECTION_22,1.82359592949881,0.0898996655518395,0.997844827586207,0.349137931034483
A1,STRONG,199,V4_DIRECTION_08,V4_DIRECTION_23,1.39774418070536,0.103177257525084,0.870689655172414,0.586206896551724
A1,STRONG,200,V4_DIRECTION_08,V4_DIRECTION_24,0.548098943593991,0.0598996655518395,0.118534482758621,0.0689655172413793
A1,STRONG,201,V4_DIRECTION_08,V4_DIRECTION_26,0.797581440874916,0.0759866220735786,0.293103448275862,0.1875
A1,STRONG,202,V4_DIRECTION_08,V4_DIRECTION_28,0.784416919051061,0.0896989966555184,0.275862068965517,0.344827586206897
A1,STRONG,203,V4_DIRECTION_08,V4_DIRECTION_29,1.77669765604917,0.110234113712375,0.991379310344828,0.69073275862069
A1,STRONG,204,V4_DIRECTION_08,V4_DIRECTION_30,1.05639253937873,0.0835117056856187,0.53448275862069,0.269396551724138
A1,STRONG,205,V4_DIRECTION_08,V4_DIRECTION_31,1.64315898483873,0.0894091415830546,0.963362068965517,0.336206896551724
A1,STRONG,206,V4_DIRECTION_08,V4_DIRECTION_32,0.788350184126212,0.113667781493868,0.27801724137931,0.760775862068966
A1,STRONG,207,V4_DIRECTION_08,V4_DIRECTION_33,1.23278453591961,0.0869230769230769,0.734913793103448,0.308189655172414
A1,STRONG,208,V4_DIRECTION_08,V4_DIRECTION_34,1.26123487264592,0.0835451505016722,0.760775862068966,0.271551724137931
A1,STRONG,209,V4_DIRECTION_08,V4_DIRECTION_35,1.32258851737953,0.0917725752508361,0.816810344827586,0.380387931034483
A1,STRONG,210,V4_DIRECTION_08,V4_DIRECTION_37,1.10573266277011,0.113534002229654,0.614224137931034,0.75323275862069
A1,STRONG,211,V4_DIRECTION_08,V4_DIRECTION_39,1.31401995888517,0.125975473801561,0.808189655172414,0.885775862068966
A1,STRONG,212,V4_DIRECTION_09,V4_DIRECTION_10,1.34894695480071,0.105551839464883,0.84698275862069,0.609913793103448
A1,STRONG,213,V4_DIRECTION_09,V4_DIRECTION_11,0.619022762616796,0.0399108138238573,0.161637931034483,0.00431034482758621
A1,STRONG,214,V4_DIRECTION_09,V4_DIRECTION_13,1.33706717506668,0.0968784838350056,0.829741379310345,0.463362068965517
A1,STRONG,215,V4_DIRECTION_09,V4_DIRECTION_15,0.867104560410902,0.105496098104794,0.362068965517241,0.605603448275862
A1,STRONG,216,V4_DIRECTION_09,V4_DIRECTION_17,0.582343186299814,0.106688963210702,0.137931034482759,0.633620689655172
A1,STRONG,217,V4_DIRECTION_09,V4_DIRECTION_18,1.21335371933142,0.132909698996656,0.717672413793103,0.931034482758621
A1,STRONG,218,V4_DIRECTION_09,V4_DIRECTION_19,1.50821313493943,0.116588628762542,0.915948275862069,0.794181034482759
A1,STRONG,219,V4_DIRECTION_09,V4_DIRECTION_20,0.507418361780932,0.083768115942029,0.0862068965517241,0.280172413793103
A1,STRONG,220,V4_DIRECTION_09,V4_DIRECTION_22,0.751598098729971,0.0994648829431438,0.25,0.498922413793103
A1,STRONG,221,V4_DIRECTION_09,V4_DIRECTION_23,1.30239434491411,0.12933110367893,0.799568965517241,0.90948275862069
A1,STRONG,222,V4_DIRECTION_09,V4_DIRECTION_24,1.10206400041354,0.119899665551839,0.609913793103448,0.844827586206897
A1,STRONG,223,V4_DIRECTION_09,V4_DIRECTION_26,0.82166168154791,0.0969899665551839,0.314655172413793,0.46875
A1,STRONG,224,V4_DIRECTION_09,V4_DIRECTION_28,1.28772034794645,0.102341137123746,0.780172413793103,0.571120689655172
A1,STRONG,225,V4_DIRECTION_09,V4_DIRECTION_29,0.37054142555387,0.070546265328874,0.0301724137931034,0.140086206896552
A1,STRONG,226,V4_DIRECTION_09,V4_DIRECTION_30,0.928466638357747,0.119297658862876,0.424568965517241,0.837284482758621
A1,STRONG,227,V4_DIRECTION_09,V4_DIRECTION_31,0.447449945954181,0.0834336677814939,0.0517241379310345,0.267241379310345
A1,STRONG,228,V4_DIRECTION_09,V4_DIRECTION_32,0.635208019769081,0.074247491638796,0.174568965517241,0.183189655172414
A1,STRONG,229,V4_DIRECTION_09,V4_DIRECTION_33,1.04462958061015,0.114548494983278,0.52801724137931,0.780172413793103
A1,STRONG,230,V4_DIRECTION_09,V4_DIRECTION_34,1.22483705574358,0.124437012263099,0.726293103448276,0.877155172413793
A1,STRONG,231,V4_DIRECTION_09,V4_DIRECTION_35,0.871376263092773,0.0870011148272018,0.364224137931034,0.3125
A1,STRONG,232,V4_DIRECTION_09,V4_DIRECTION_37,0.386738423985326,0.0693422519509476,0.0344827586206897,0.125
A1,STRONG,233,V4_DIRECTION_09,V4_DIRECTION_39,0.907796026935695,0.0977926421404682,0.40301724137931,0.476293103448276
A1,STRONG,234,V4_DIRECTION_10,V4_DIRECTION_11,0.766914721714302,0.0734671125975474,0.265086206896552,0.158405172413793
A1,STRONG,235,V4_DIRECTION_10,V4_DIRECTION_13,0.953374747934282,0.0895986622073578,0.448275862068966,0.338362068965517
A1,STRONG,236,V4_DIRECTION_10,V4_DIRECTION_15,1.35019850738198,0.102742474916388,0.849137931034483,0.577586206896552
A1,STRONG,237,V4_DIRECTION_10,V4_DIRECTION_17,1.57694280645789,0.109977703455964,0.943965517241379,0.678879310344828
A1,STRONG,238,V4_DIRECTION_10,V4_DIRECTION_18,0.790544652839679,0.0795986622073579,0.280172413793103,0.22198275862069
A1,STRONG,239,V4_DIRECTION_10,V4_DIRECTION_19,1.24980477177876,0.0833444816053512,0.745689655172414,0.260775862068966
A1,STRONG,240,V4_DIRECTION_10,V4_DIRECTION_20,1.00590074337167,0.0997101449275362,0.502155172413793,0.506465517241379
A1,STRONG,241,V4_DIRECTION_10,V4_DIRECTION_22,1.52239214818325,0.0963210702341137,0.918103448275862,0.441810344827586
A1,STRONG,242,V4_DIRECTION_10,V4_DIRECTION_23,1.08991535052504,0.0861761426978818,0.581896551724138,0.290948275862069
A1,STRONG,243,V4_DIRECTION_10,V4_DIRECTION_24,0.88135041630461,0.0700780379041249,0.379310344827586,0.134698275862069
A1,STRONG,244,V4_DIRECTION_10,V4_DIRECTION_26,1.41894402113292,0.106354515050167,0.879310344827586,0.620689655172414
A1,STRONG,245,V4_DIRECTION_10,V4_DIRECTION_28,1.34487209479587,0.102787068004459,0.842672413793103,0.579741379310345
A1,STRONG,246,V4_DIRECTION_10,V4_DIRECTION_29,1.54672150227165,0.113433667781494,0.924568965517241,0.75
A1,STRONG,247,V4_DIRECTION_10,V4_DIRECTION_30,0.99219619391285,0.100312151616499,0.484913793103448,0.535560344827586
A1,STRONG,248,V4_DIRECTION_10,V4_DIRECTION_31,1.70123401248458,0.103054626532887,0.976293103448276,0.581896551724138
A1,STRONG,249,V4_DIRECTION_10,V4_DIRECTION_32,1.28902029958508,0.116889632107023,0.78448275862069,0.806034482758621
A1,STRONG,250,V4_DIRECTION_10,V4_DIRECTION_33,0.536580085356053,0.0500334448160535,0.109913793103448,0.0237068965517241
A1,STRONG,251,V4_DIRECTION_10,V4_DIRECTION_34,1.12450772168038,0.070066889632107,0.622844827586207,0.131465517241379
A1,STRONG,252,V4_DIRECTION_10,V4_DIRECTION_35,0.826475321313423,0.102229654403567,0.325431034482759,0.568965517241379
A1,STRONG,253,V4_DIRECTION_10,V4_DIRECTION_37,0.743285437230721,0.0868896321070234,0.234913793103448,0.306034482758621
A1,STRONG,254,V4_DIRECTION_10,V4_DIRECTION_39,1.16180997478282,0.108896321070234,0.655172413793103,0.65948275862069
A1,STRONG,255,V4_DIRECTION_11,V4_DIRECTION_13,1.44947171427247,0.100602006688963,0.898706896551724,0.540948275862069
A1,STRONG,256,V4_DIRECTION_11,V4_DIRECTION_15,0.988525000643824,0.0911817168338907,0.482758620689655,0.372844827586207
A1,STRONG,257,V4_DIRECTION_11,V4_DIRECTION_17,1.20642591664259,0.0904347826086957,0.713362068965517,0.368534482758621
A1,STRONG,258,V4_DIRECTION_11,V4_DIRECTION_18,1.61963964162845,0.101716833890747,0.956896551724138,0.550646551724138
A1,STRONG,259,V4_DIRECTION_11,V4_DIRECTION_19,1.22187336224369,0.0870903010033445,0.724137931034483,0.318965517241379
A1,STRONG,260,V4_DIRECTION_11,V4_DIRECTION_20,1.09876852995176,0.0801337792642141,0.594827586206897,0.232758620689655
A1,STRONG,261,V4_DIRECTION_11,V4_DIRECTION_22,1.59490488554394,0.101716833890747,0.948275862068966,0.550646551724138
A1,STRONG,262,V4_DIRECTION_11,V4_DIRECTION_23,1.57369523064571,0.104938684503902,0.941810344827586,0.601293103448276
A1,STRONG,263,V4_DIRECTION_11,V4_DIRECTION_24,0.841921400013274,0.0803010033444816,0.334051724137931,0.239224137931034
A1,STRONG,264,V4_DIRECTION_11,V4_DIRECTION_26,0.965282745146968,0.100245261984392,0.463362068965517,0.523706896551724
A1,STRONG,265,V4_DIRECTION_11,V4_DIRECTION_28,0.948184157729157,0.0880936454849498,0.446120689655172,0.321120689655172
A1,STRONG,266,V4_DIRECTION_11,V4_DIRECTION_29,1.10131317870381,0.0859531772575251,0.603448275862069,0.288793103448276
A1,STRONG,267,V4_DIRECTION_11,V4_DIRECTION_30,1.04445408347051,0.123846153846154,0.525862068965517,0.868534482758621
A1,STRONG,268,V4_DIRECTION_11,V4_DIRECTION_31,1.33654388583031,0.0737123745819398,0.825431034482759,0.178879310344828
A1,STRONG,269,V4_DIRECTION_11,V4_DIRECTION_32,0.393490857968303,0.0693645484949833,0.0387931034482759,0.127155172413793
A1,STRONG,270,V4_DIRECTION_11,V4_DIRECTION_33,1.19339322460712,0.0996098104793757,0.693965517241379,0.502155172413793
A1,STRONG,271,V4_DIRECTION_11,V4_DIRECTION_34,1.30134735614058,0.0896321070234114,0.795258620689655,0.34051724137931
A1,STRONG,272,V4_DIRECTION_11,V4_DIRECTION_35,1.43000272211898,0.0903010033444816,0.887931034482759,0.363146551724138
A1,STRONG,273,V4_DIRECTION_11,V4_DIRECTION_37,0.284423708811745,0.0403121516164994,0.0129310344827586,0.00862068965517241
A1,STRONG,274,V4_DIRECTION_11,V4_DIRECTION_39,0.94286148509098,0.0940468227424749,0.439655172413793,0.420258620689655
A1,STRONG,275,V4_DIRECTION_13,V4_DIRECTION_15,1.71687002929861,0.133846153846154,0.980603448275862,0.941810344827586
A1,STRONG,276,V4_DIRECTION_13,V4_DIRECTION_17,0.871872177415957,0.0836120401337793,0.368534482758621,0.274784482758621
A1,STRONG,277,V4_DIRECTION_13,V4_DIRECTION_18,0.825337671765118,0.107614269788183,0.323275862068966,0.650862068965517
A1,STRONG,278,V4_DIRECTION_13,V4_DIRECTION_19,1.19616498592372,0.0902452619843924,0.704741379310345,0.357758620689655
A1,STRONG,279,V4_DIRECTION_13,V4_DIRECTION_20,0.812855154482869,0.0706243032329989,0.310344827586207,0.142241379310345
A1,STRONG,280,V4_DIRECTION_13,V4_DIRECTION_22,0.919580237621741,0.117647714604236,0.415948275862069,0.818965517241379
A1,STRONG,281,V4_DIRECTION_13,V4_DIRECTION_23,1.3903519534321,0.134158305462653,0.868534482758621,0.946120689655172
A1,STRONG,282,V4_DIRECTION_13,V4_DIRECTION_24,0.555130444034722,0.0903010033444816,0.122844827586207,0.363146551724138
A1,STRONG,283,V4_DIRECTION_13,V4_DIRECTION_26,1.17463145744212,0.117279821627648,0.668103448275862,0.814655172413793
A1,STRONG,284,V4_DIRECTION_13,V4_DIRECTION_28,1.36486337604507,0.127257525083612,0.859913793103448,0.898706896551724
A1,STRONG,285,V4_DIRECTION_13,V4_DIRECTION_29,1.24908185723673,0.138595317725753,0.741379310344828,0.967672413793103
A1,STRONG,286,V4_DIRECTION_13,V4_DIRECTION_30,1.09287005202428,0.116588628762542,0.584051724137931,0.794181034482759
A1,STRONG,287,V4_DIRECTION_13,V4_DIRECTION_31,1.1600784047234,0.113734671125975,0.65301724137931,0.767241379310345
A1,STRONG,288,V4_DIRECTION_13,V4_DIRECTION_32,1.56341361786427,0.138907469342252,0.933189655172414,0.969827586206897
A1,STRONG,289,V4_DIRECTION_13,V4_DIRECTION_33,0.791456205110587,0.105574136008919,0.28448275862069,0.612068965517241
A1,STRONG,290,V4_DIRECTION_13,V4_DIRECTION_34,0.911800531539638,0.0953846153846154,0.405172413793103,0.433189655172414
A1,STRONG,291,V4_DIRECTION_13,V4_DIRECTION_35,0.449887775855432,0.0567224080267558,0.0581896551724138,0.0474137931034483
A1,STRONG,292,V4_DIRECTION_13,V4_DIRECTION_37,1.63859123782054,0.143478260869565,0.961206896551724,0.982758620689655
A1,STRONG,293,V4_DIRECTION_13,V4_DIRECTION_39,1.65685683843425,0.139576365663322,0.967672413793103,0.973060344827586
A1,STRONG,294,V4_DIRECTION_15,V4_DIRECTION_17,0.764569052991469,0.104370122630992,0.262931034482759,0.599137931034483
A1,STRONG,295,V4_DIRECTION_15,V4_DIRECTION_18,0.969035026564562,0.100312151616499,0.467672413793103,0.535560344827586
A1,STRONG,296,V4_DIRECTION_15,V4_DIRECTION_19,0.770388089016782,0.0946711259754738,0.269396551724138,0.425646551724138
A1,STRONG,297,V4_DIRECTION_15,V4_DIRECTION_20,1.28024604275059,0.109966555183946,0.775862068965517,0.676724137931034
A1,STRONG,298,V4_DIRECTION_15,V4_DIRECTION_22,0.735633066863274,0.0936231884057971,0.230603448275862,0.415948275862069
A1,STRONG,299,V4_DIRECTION_15,V4_DIRECTION_23,0.351223937135649,0.0769230769230769,0.0258620689655172,0.206896551724138
A1,STRONG,300,V4_DIRECTION_15,V4_DIRECTION_24,1.75003082148169,0.118216276477146,0.989224137931034,0.822198275862069
A1,STRONG,301,V4_DIRECTION_15,V4_DIRECTION_26,0.875901358620896,0.083355629877369,0.372844827586207,0.262931034482759
A1,STRONG,302,V4_DIRECTION_15,V4_DIRECTION_28,0.503413729690447,0.0736008918617614,0.0797413793103448,0.173491379310345
A1,STRONG,303,V4_DIRECTION_15,V4_DIRECTION_29,0.447624993640044,0.0667335562987737,0.0538793103448276,0.112068965517241
A1,STRONG,304,V4_DIRECTION_15,V4_DIRECTION_30,1.17909917591126,0.102430323299889,0.674568965517241,0.575431034482759
A1,STRONG,305,V4_DIRECTION_15,V4_DIRECTION_31,0.505243904140816,0.0603678929765886,0.084051724137931,0.0862068965517241
A1,STRONG,306,V4_DIRECTION_15,V4_DIRECTION_32,0.689149793388712,0.0933333333333333,0.204741379310345,0.40301724137931
A1,STRONG,307,V4_DIRECTION_15,V4_DIRECTION_33,1.17279466200573,0.123389074693423,0.665948275862069,0.862068965517241
A1,STRONG,308,V4_DIRECTION_15,V4_DIRECTION_34,1.17879311954647,0.100133779264214,0.670258620689655,0.519396551724138
A1,STRONG,309,V4_DIRECTION_15,V4_DIRECTION_35,1.42515639054349,0.122352285395764,0.881465517241379,0.855603448275862
A1,STRONG,310,V4_DIRECTION_15,V4_DIRECTION_37,0.941731404815208,0.0988294314381271,0.4375,0.489224137931034
A1,STRONG,311,V4_DIRECTION_15,V4_DIRECTION_39,0.335075563800519,0.0970457079152731,0.021551724137931,0.47198275862069
A1,STRONG,312,V4_DIRECTION_17,V4_DIRECTION_18,1.12666122829767,0.138294314381271,0.627155172413793,0.963362068965517
A1,STRONG,313,V4_DIRECTION_17,V4_DIRECTION_19,1.30361740708867,0.0769119286510591,0.801724137931034,0.201508620689655
A1,STRONG,314,V4_DIRECTION_17,V4_DIRECTION_20,0.628114632568366,0.0602787068004459,0.168103448275862,0.0797413793103448
A1,STRONG,315,V4_DIRECTION_17,V4_DIRECTION_22,0.748780175650922,0.10819397993311,0.245689655172414,0.65301724137931
A1,STRONG,316,V4_DIRECTION_17,V4_DIRECTION_23,1.07639314865545,0.131438127090301,0.560344827586207,0.922413793103448
A1,STRONG,317,V4_DIRECTION_17,V4_DIRECTION_24,1.15709074131973,0.0836120401337793,0.650862068965517,0.274784482758621
A1,STRONG,318,V4_DIRECTION_17,V4_DIRECTION_26,0.59814005158104,0.0668896321070234,0.146551724137931,0.115301724137931
A1,STRONG,319,V4_DIRECTION_17,V4_DIRECTION_28,1.28326996717033,0.111204013377926,0.77801724137931,0.713362068965517
A1,STRONG,320,V4_DIRECTION_17,V4_DIRECTION_29,0.654928385791772,0.109030100334448,0.185344827586207,0.661637931034483
A1,STRONG,321,V4_DIRECTION_17,V4_DIRECTION_30,0.972661682369177,0.11685618729097,0.469827586206897,0.803879310344828
A1,STRONG,322,V4_DIRECTION_17,V4_DIRECTION_31,0.338020004924583,0.0534894091415831,0.0237068965517241,0.0323275862068966
A1,STRONG,323,V4_DIRECTION_17,V4_DIRECTION_32,0.769828268864399,0.119286510590858,0.267241379310345,0.834051724137931
A1,STRONG,324,V4_DIRECTION_17,V4_DIRECTION_33,1.19933720324406,0.142809364548495,0.709051724137931,0.979525862068966
A1,STRONG,325,V4_DIRECTION_17,V4_DIRECTION_34,1.64959223305766,0.129364548494983,0.96551724137931,0.911637931034483
A1,STRONG,326,V4_DIRECTION_17,V4_DIRECTION_35,0.691828183722086,0.0933779264214047,0.206896551724138,0.40625
A1,STRONG,327,V4_DIRECTION_17,V4_DIRECTION_37,1.20867302684334,0.123634336677815,0.71551724137931,0.864224137931034
A1,STRONG,328,V4_DIRECTION_17,V4_DIRECTION_39,1.03568465727038,0.143768115942029,0.521551724137931,0.984913793103448
A1,STRONG,329,V4_DIRECTION_18,V4_DIRECTION_19,1.2774264601557,0.10180602006689,0.769396551724138,0.556034482758621
A1,STRONG,330,V4_DIRECTION_18,V4_DIRECTION_20,1.23187434454007,0.127313266443701,0.732758620689655,0.900862068965517
A1,STRONG,331,V4_DIRECTION_18,V4_DIRECTION_22,0.32596350889228,0.0535117056856187,0.0193965517241379,0.0355603448275862
A1,STRONG,332,V4_DIRECTION_18,V4_DIRECTION_23,0.509425626597433,0.0535117056856187,0.0883620689655172,0.0355603448275862
A1,STRONG,333,V4_DIRECTION_18,V4_DIRECTION_24,1.34515303912057,0.101939799331104,0.844827586206897,0.558189655172414
A1,STRONG,334,V4_DIRECTION_18,V4_DIRECTION_26,1.73110659550694,0.114046822742475,0.984913793103448,0.775862068965517
A1,STRONG,335,V4_DIRECTION_18,V4_DIRECTION_28,1.36060183210834,0.0969899665551839,0.855603448275862,0.46875
A1,STRONG,336,V4_DIRECTION_18,V4_DIRECTION_29,0.81092936931179,0.100278706800446,0.303879310344828,0.530172413793103
A1,STRONG,337,V4_DIRECTION_18,V4_DIRECTION_30,0.752049445751547,0.0960535117056856,0.252155172413793,0.4375
A1,STRONG,338,V4_DIRECTION_18,V4_DIRECTION_31,1.06155143875635,0.114403567447046,0.540948275862069,0.77801724137931
A1,STRONG,339,V4_DIRECTION_18,V4_DIRECTION_32,1.33694432330613,0.150334448160535,0.827586206896552,0.995689655172414
A1,STRONG,340,V4_DIRECTION_18,V4_DIRECTION_33,0.662699735017054,0.0901003344481605,0.189655172413793,0.355603448275862
A1,STRONG,341,V4_DIRECTION_18,V4_DIRECTION_34,0.793617286824126,0.0601226309921962,0.286637931034483,0.0754310344827586
A1,STRONG,342,V4_DIRECTION_18,V4_DIRECTION_35,0.754125673406645,0.106265328874025,0.256465517241379,0.618534482758621
A1,STRONG,343,V4_DIRECTION_18,V4_DIRECTION_37,1.27920842722781,0.129275362318841,0.773706896551724,0.907327586206897
A1,STRONG,344,V4_DIRECTION_18,V4_DIRECTION_39,0.599141539521161,0.110301003344482,0.148706896551724,0.697198275862069
A1,STRONG,345,V4_DIRECTION_19,V4_DIRECTION_20,1.18952622926091,0.0635451505016722,0.691810344827586,0.102370689655172
A1,STRONG,346,V4_DIRECTION_19,V4_DIRECTION_22,1.18675332715452,0.0951170568561873,0.6875,0.428879310344828
A1,STRONG,347,V4_DIRECTION_19,V4_DIRECTION_23,0.605447997994209,0.0715496098104794,0.15301724137931,0.146551724137931
A1,STRONG,348,V4_DIRECTION_19,V4_DIRECTION_24,1.10003873873645,0.0535340022296544,0.599137931034483,0.0387931034482759
A1,STRONG,349,V4_DIRECTION_19,V4_DIRECTION_26,0.545610337814106,0.0266889632107023,0.112068965517241,0
A1,STRONG,350,V4_DIRECTION_19,V4_DIRECTION_28,0.294987476622374,0.058015607580825,0.0150862068965517,0.0603448275862069
A1,STRONG,351,V4_DIRECTION_19,V4_DIRECTION_29,1.24975319751436,0.0958862876254181,0.743534482758621,0.435344827586207
A1,STRONG,352,V4_DIRECTION_19,V4_DIRECTION_30,1.28882307383399,0.0868450390189521,0.782327586206897,0.303879310344828
A1,STRONG,353,V4_DIRECTION_19,V4_DIRECTION_31,0.959097286617649,0.0735117056856187,0.456896551724138,0.162715517241379
A1,STRONG,354,V4_DIRECTION_19,V4_DIRECTION_32,1.07983685893987,0.112809364548495,0.5625,0.732758620689655
A1,STRONG,355,V4_DIRECTION_19,V4_DIRECTION_33,1.43062170414404,0.0794648829431438,0.890086206896552,0.219827586206897
A1,STRONG,356,V4_DIRECTION_19,V4_DIRECTION_34,0.494961785914484,0.0559977703455964,0.0732758620689655,0.040948275862069
A1,STRONG,357,V4_DIRECTION_19,V4_DIRECTION_35,1.28910203966057,0.116655518394649,0.786637931034483,0.797413793103448
A1,STRONG,358,V4_DIRECTION_19,V4_DIRECTION_37,1.35284263348871,0.103634336677815,0.851293103448276,0.594827586206897
A1,STRONG,359,V4_DIRECTION_19,V4_DIRECTION_39,0.931128327928899,0.110702341137124,0.428879310344828,0.710129310344828
A1,STRONG,360,V4_DIRECTION_20,V4_DIRECTION_22,1.10617796302686,0.0905239687848384,0.616379310344828,0.370689655172414
A1,STRONG,361,V4_DIRECTION_20,V4_DIRECTION_23,1.25185667573381,0.117123745819398,0.75,0.8125
A1,STRONG,362,V4_DIRECTION_20,V4_DIRECTION_24,0.959649856274612,0.0767670011148272,0.459051724137931,0.196120689655172
A1,STRONG,363,V4_DIRECTION_20,V4_DIRECTION_26,0.515291523699095,0.0501895206243032,0.0948275862068965,0.0280172413793103
A1,STRONG,364,V4_DIRECTION_20,V4_DIRECTION_28,1.44545855357983,0.0969007803790413,0.894396551724138,0.46551724137931
A1,STRONG,365,V4_DIRECTION_20,V4_DIRECTION_29,0.86253455419102,0.0917391304347826,0.351293103448276,0.377155172413793
A1,STRONG,366,V4_DIRECTION_20,V4_DIRECTION_30,1.29006439232838,0.110078037904125,0.788793103448276,0.683189655172414
A1,STRONG,367,V4_DIRECTION_20,V4_DIRECTION_31,0.487510764449556,0.057056856187291,0.0668103448275862,0.0581896551724138
A1,STRONG,368,V4_DIRECTION_20,V4_DIRECTION_32,1.36103034038529,0.118695652173913,0.857758620689655,0.827586206896552
A1,STRONG,369,V4_DIRECTION_20,V4_DIRECTION_33,0.853633070914056,0.105507246376812,0.344827586206897,0.607758620689655
A1,STRONG,370,V4_DIRECTION_20,V4_DIRECTION_34,1.17035335600296,0.0921627647714604,0.663793103448276,0.387931034482759
A1,STRONG,371,V4_DIRECTION_20,V4_DIRECTION_35,0.211075298417579,0.0672909698996655,0.0021551724137931,0.122844827586207
A1,STRONG,372,V4_DIRECTION_20,V4_DIRECTION_37,0.884859308488555,0.100200668896321,0.383620689655172,0.521551724137931
A1,STRONG,373,V4_DIRECTION_20,V4_DIRECTION_39,1.53788491212904,0.142809364548495,0.920258620689655,0.979525862068966
A1,STRONG,374,V4_DIRECTION_22,V4_DIRECTION_23,0.569344738587111,0.0635451505016722,0.131465517241379,0.102370689655172
A1,STRONG,375,V4_DIRECTION_22,V4_DIRECTION_24,1.34434266646962,0.0952508361204013,0.84051724137931,0.431034482758621
A1,STRONG,376,V4_DIRECTION_22,V4_DIRECTION_26,1.35291334108681,0.10066889632107,0.853448275862069,0.543103448275862
A1,STRONG,377,V4_DIRECTION_22,V4_DIRECTION_28,1.04752330078315,0.0802675585284281,0.530172413793103,0.235991379310345
A1,STRONG,378,V4_DIRECTION_22,V4_DIRECTION_29,0.282549908504726,0.043422519509476,0.0107758620689655,0.0161637931034483
A1,STRONG,379,V4_DIRECTION_22,V4_DIRECTION_30,0.810937001087595,0.0927090301003345,0.306034482758621,0.394396551724138
A1,STRONG,380,V4_DIRECTION_22,V4_DIRECTION_31,0.485692094718765,0.0709253065774805,0.0646551724137931,0.144396551724138
A1,STRONG,381,V4_DIRECTION_22,V4_DIRECTION_32,1.14207621760626,0.130267558528428,0.635775862068966,0.918103448275862
A1,STRONG,382,V4_DIRECTION_22,V4_DIRECTION_33,0.882988820825443,0.103478260869565,0.381465517241379,0.59051724137931
A1,STRONG,383,V4_DIRECTION_22,V4_DIRECTION_34,0.669815105424524,0.0534336677814939,0.193965517241379,0.0301724137931034
A1,STRONG,384,V4_DIRECTION_22,V4_DIRECTION_35,0.912338646686718,0.109609810479376,0.40948275862069,0.674568965517241
A1,STRONG,385,V4_DIRECTION_22,V4_DIRECTION_37,1.25427954081808,0.112552954292085,0.754310344827586,0.724137931034483
A1,STRONG,386,V4_DIRECTION_22,V4_DIRECTION_39,0.616032819500069,0.100267558528428,0.15948275862069,0.526939655172414
A1,STRONG,387,V4_DIRECTION_23,V4_DIRECTION_24,1.49260887412412,0.0917725752508361,0.913793103448276,0.380387931034483
A1,STRONG,388,V4_DIRECTION_23,V4_DIRECTION_26,0.99452252493614,0.0938127090301003,0.491379310344828,0.418103448275862
A1,STRONG,389,V4_DIRECTION_23,V4_DIRECTION_28,0.569250548634725,0.0434782608695652,0.129310344827586,0.0193965517241379
A1,STRONG,390,V4_DIRECTION_23,V4_DIRECTION_29,0.752538833139398,0.0734671125975474,0.254310344827586,0.158405172413793
A1,STRONG,391,V4_DIRECTION_23,V4_DIRECTION_30,0.890173256996831,0.0892307692307692,0.387931034482759,0.331896551724138
A1,STRONG,392,V4_DIRECTION_23,V4_DIRECTION_31,0.701373656602711,0.084113712374582,0.213362068965517,0.282327586206897
A1,STRONG,393,V4_DIRECTION_23,V4_DIRECTION_32,1.24722537668408,0.136900780379041,0.739224137931034,0.952586206896552
A1,STRONG,394,V4_DIRECTION_23,V4_DIRECTION_33,0.762442322906064,0.08,0.260775862068966,0.227370689655172
A1,STRONG,395,V4_DIRECTION_23,V4_DIRECTION_34,0.759978709276277,0.0700780379041249,0.258620689655172,0.134698275862069
A1,STRONG,396,V4_DIRECTION_23,V4_DIRECTION_35,1.19583455725013,0.12273132664437,0.702586206896552,0.857758620689655
A1,STRONG,397,V4_DIRECTION_23,V4_DIRECTION_37,1.18123746570628,0.119096989966555,0.681034482758621,0.831896551724138
A1,STRONG,398,V4_DIRECTION_23,V4_DIRECTION_39,0.557465584723512,0.106967670011148,0.125,0.646551724137931
A1,STRONG,399,V4_DIRECTION_24,V4_DIRECTION_26,0.794838688525426,0.0566889632107023,0.288793103448276,0.0452586206896552
A1,STRONG,400,V4_DIRECTION_24,V4_DIRECTION_28,1.03206765220424,0.0882943143812709,0.517241379310345,0.323275862068966
A1,STRONG,401,V4_DIRECTION_24,V4_DIRECTION_29,1.5385683016647,0.112775919732441,0.922413793103448,0.729525862068966
A1,STRONG,402,V4_DIRECTION_24,V4_DIRECTION_30,0.493411304262122,0.0635451505016722,0.0711206896551724,0.102370689655172
A1,STRONG,403,V4_DIRECTION_24,V4_DIRECTION_31,1.4494228874752,0.0935897435897436,0.896551724137931,0.411637931034483
A1,STRONG,404,V4_DIRECTION_24,V4_DIRECTION_32,1.06079773682731,0.112931995540691,0.538793103448276,0.734913793103448
A1,STRONG,405,V4_DIRECTION_24,V4_DIRECTION_33,0.733132524948364,0.0762541806020067,0.228448275862069,0.189655172413793
A1,STRONG,406,V4_DIRECTION_24,V4_DIRECTION_34,0.88579705448194,0.0729096989966555,0.385775862068966,0.15301724137931
A1,STRONG,407,V4_DIRECTION_24,V4_DIRECTION_35,1.10206065870082,0.0999665551839465,0.607758620689655,0.512931034482759
A1,STRONG,408,V4_DIRECTION_24,V4_DIRECTION_37,0.823920559599666,0.107079152731327,0.318965517241379,0.648706896551724
A1,STRONG,409,V4_DIRECTION_24,V4_DIRECTION_39,1.67940406814716,0.12768115942029,0.974137931034483,0.90301724137931
A1,STRONG,410,V4_DIRECTION_26,V4_DIRECTION_28,0.658587786699584,0.0668896321070234,0.1875,0.118534482758621
A1,STRONG,411,V4_DIRECTION_26,V4_DIRECTION_29,1.08737270043696,0.0884057971014493,0.575431034482759,0.325431034482759
A1,STRONG,412,V4_DIRECTION_26,V4_DIRECTION_30,1.09360190957439,0.0798996655518395,0.59051724137931,0.224137931034483
A1,STRONG,413,V4_DIRECTION_26,V4_DIRECTION_31,0.528859135892097,0.0569453734671126,0.101293103448276,0.0560344827586207
A1,STRONG,414,V4_DIRECTION_26,V4_DIRECTION_32,0.916937885773633,0.102006688963211,0.411637931034483,0.560344827586207
A1,STRONG,415,V4_DIRECTION_26,V4_DIRECTION_33,1.2199814889826,0.102173913043478,0.719827586206897,0.564655172413793
A1,STRONG,416,V4_DIRECTION_26,V4_DIRECTION_34,1.15178243041805,0.0921293199554069,0.644396551724138,0.385775862068966
A1,STRONG,417,V4_DIRECTION_26,V4_DIRECTION_35,0.986811487451473,0.110546265328874,0.480603448275862,0.706896551724138
A1,STRONG,418,V4_DIRECTION_26,V4_DIRECTION_37,0.93163087757698,0.100111482720178,0.431034482758621,0.517241379310345
A1,STRONG,419,V4_DIRECTION_26,V4_DIRECTION_39,1.38164672307447,0.132842809364548,0.866379310344828,0.928879310344828
A1,STRONG,420,V4_DIRECTION_28,V4_DIRECTION_29,0.876251750093816,0.0867892976588629,0.375,0.299568965517241
A1,STRONG,421,V4_DIRECTION_28,V4_DIRECTION_30,1.14605159632136,0.109163879598662,0.637931034482759,0.665948275862069
A1,STRONG,422,V4_DIRECTION_28,V4_DIRECTION_31,0.897547293179905,0.0738907469342252,0.394396551724138,0.181034482758621
A1,STRONG,423,V4_DIRECTION_28,V4_DIRECTION_32,0.975216113656033,0.120122630992196,0.474137931034483,0.84698275862069
A1,STRONG,424,V4_DIRECTION_28,V4_DIRECTION_33,1.07631408305782,0.0966555183946488,0.558189655172414,0.455818965517241
A1,STRONG,425,V4_DIRECTION_28,V4_DIRECTION_34,0.57166798980493,0.0733444816053512,0.135775862068966,0.155172413793103
A1,STRONG,426,V4_DIRECTION_28,V4_DIRECTION_35,1.70425065907625,0.125819397993311,0.978448275862069,0.883620689655172
A1,STRONG,427,V4_DIRECTION_28,V4_DIRECTION_37,1.06190525499603,0.115607580824972,0.545258620689655,0.786637931034483
A1,STRONG,428,V4_DIRECTION_28,V4_DIRECTION_39,0.911877486673555,0.11701226309922,0.407327586206897,0.808189655172414
A1,STRONG,429,V4_DIRECTION_29,V4_DIRECTION_30,1.22105768743118,0.106555183946488,0.72198275862069,0.627155172413793
A1,STRONG,430,V4_DIRECTION_29,V4_DIRECTION_31,0.236358467169103,0.0484280936454849,0.00431034482758621,0.021551724137931
A1,STRONG,431,V4_DIRECTION_29,V4_DIRECTION_32,1.0036557360331,0.110367892976589,0.497844827586207,0.703663793103448
A1,STRONG,432,V4_DIRECTION_29,V4_DIRECTION_33,0.917233367119872,0.110345596432553,0.413793103448276,0.700431034482759
A1,STRONG,433,V4_DIRECTION_29,V4_DIRECTION_34,0.905470758420879,0.0702341137123746,0.400862068965517,0.137931034482759
A1,STRONG,434,V4_DIRECTION_29,V4_DIRECTION_35,0.976909159728672,0.137458193979933,0.476293103448276,0.961206896551724
A1,STRONG,435,V4_DIRECTION_29,V4_DIRECTION_37,0.919716184036118,0.0896767001114827,0.418103448275862,0.342672413793103
A1,STRONG,436,V4_DIRECTION_29,V4_DIRECTION_39,0.687437323826385,0.0965217391304348,0.200431034482759,0.446120689655172
A1,STRONG,437,V4_DIRECTION_30,V4_DIRECTION_31,1.27162984044584,0.0999442586399108,0.765086206896552,0.510775862068966
A1,STRONG,438,V4_DIRECTION_30,V4_DIRECTION_32,0.677240144012228,0.110055741360089,0.198275862068966,0.681034482758621
A1,STRONG,439,V4_DIRECTION_30,V4_DIRECTION_33,0.747293042828905,0.106755852842809,0.243534482758621,0.636853448275862
A1,STRONG,440,V4_DIRECTION_30,V4_DIRECTION_34,1.06342013425003,0.0966555183946488,0.549568965517241,0.455818965517241
A1,STRONG,441,V4_DIRECTION_30,V4_DIRECTION_35,1.34344637699569,0.119297658862876,0.836206896551724,0.837284482758621
A1,STRONG,442,V4_DIRECTION_30,V4_DIRECTION_37,0.62621787068106,0.117045707915273,0.165948275862069,0.810344827586207
A1,STRONG,443,V4_DIRECTION_30,V4_DIRECTION_39,0.865016764988497,0.108483835005574,0.357758620689655,0.655172413793103
A1,STRONG,444,V4_DIRECTION_31,V4_DIRECTION_32,1.08464885698905,0.102207357859532,0.568965517241379,0.566810344827586
A1,STRONG,445,V4_DIRECTION_31,V4_DIRECTION_33,1.08389352055192,0.105674470457079,0.566810344827586,0.614224137931034
A1,STRONG,446,V4_DIRECTION_31,V4_DIRECTION_34,1.06189454292888,0.0888517279821628,0.543103448275862,0.327586206896552
A1,STRONG,447,V4_DIRECTION_31,V4_DIRECTION_35,0.711045498733264,0.110234113712375,0.219827586206897,0.69073275862069
A1,STRONG,448,V4_DIRECTION_31,V4_DIRECTION_37,1.1137831546499,0.106755852842809,0.618534482758621,0.636853448275862
A1,STRONG,449,V4_DIRECTION_31,V4_DIRECTION_39,0.944582972912663,0.116387959866221,0.443965517241379,0.790948275862069
A1,STRONG,450,V4_DIRECTION_32,V4_DIRECTION_33,1.62675219236149,0.137123745819398,0.959051724137931,0.957974137931034
A1,STRONG,451,V4_DIRECTION_32,V4_DIRECTION_34,1.40186364358939,0.140512820512821,0.872844827586207,0.976293103448276
A1,STRONG,452,V4_DIRECTION_32,V4_DIRECTION_35,1.57003247321658,0.127826086956522,0.939655172413793,0.905172413793103
A1,STRONG,453,V4_DIRECTION_32,V4_DIRECTION_37,0.561749030027291,0.0597547380156076,0.127155172413793,0.0668103448275862
A1,STRONG,454,V4_DIRECTION_32,V4_DIRECTION_39,0.429393861687528,0.0863545150501672,0.0452586206896552,0.294181034482759
A1,STRONG,455,V4_DIRECTION_33,V4_DIRECTION_34,0.94314772401468,0.0769453734671126,0.441810344827586,0.211206896551724
A1,STRONG,456,V4_DIRECTION_33,V4_DIRECTION_35,0.836969759570316,0.131315496098105,0.329741379310345,0.920258620689655
A1,STRONG,457,V4_DIRECTION_33,V4_DIRECTION_37,0.799830517204098,0.113322185061316,0.295258620689655,0.747844827586207
A1,STRONG,458,V4_DIRECTION_33,V4_DIRECTION_39,1.41830112021896,0.133076923076923,0.877155172413793,0.935344827586207
A1,STRONG,459,V4_DIRECTION_34,V4_DIRECTION_35,1.1378580430074,0.124414715719064,0.631465517241379,0.873922413793103
A1,STRONG,460,V4_DIRECTION_34,V4_DIRECTION_37,1.1515895417305,0.103210702341137,0.642241379310345,0.588362068965517
A1,STRONG,461,V4_DIRECTION_34,V4_DIRECTION_39,1.02501067245476,0.113088071348941,0.510775862068966,0.739224137931034
A1,STRONG,462,V4_DIRECTION_35,V4_DIRECTION_37,1.31986626825238,0.139576365663322,0.814655172413793,0.973060344827586
A1,STRONG,463,V4_DIRECTION_35,V4_DIRECTION_39,1.42975708802045,0.147959866220736,0.885775862068966,0.989224137931034
A1,STRONG,464,V4_DIRECTION_37,V4_DIRECTION_39,0.874175918049382,0.0914604236343367,0.370689655172414,0.375
A2,MEDIUM,0,V4_DIRECTION_00,V4_DIRECTION_01,1.33232329906391,0.0535117056856187,0.866379310344828,0.69073275862069
A2,MEDIUM,1,V4_DIRECTION_00,V4_DIRECTION_02,1.11914517615877,0.0390301003344482,0.644396551724138,0.3125
A2,MEDIUM,2,V4_DIRECTION_00,V4_DIRECTION_03,1.6118346376313,0.040133779264214,0.993534482758621,0.365301724137931
A2,MEDIUM,3,V4_DIRECTION_00,V4_DIRECTION_04,1.27313193967963,0.0434448160535117,0.831896551724138,0.450431034482759
A2,MEDIUM,4,V4_DIRECTION_00,V4_DIRECTION_06,1.5750837793495,0.0803567447045708,0.987068965517241,0.982758620689655
A2,MEDIUM,5,V4_DIRECTION_00,V4_DIRECTION_07,1.03680809060501,0.0568561872909699,0.571120689655172,0.751077586206897
A2,MEDIUM,6,V4_DIRECTION_00,V4_DIRECTION_08,0.964632215972523,0.0402006688963211,0.497844827586207,0.383620689655172
A2,MEDIUM,7,V4_DIRECTION_00,V4_DIRECTION_09,0.968125440931174,0.0500780379041249,0.504310344827586,0.59375
A2,MEDIUM,8,V4_DIRECTION_00,V4_DIRECTION_10,1.181158655811,0.0268561872909699,0.717672413793103,0.131465517241379
A2,MEDIUM,9,V4_DIRECTION_00,V4_DIRECTION_11,0.750527552883886,0.0536789297658863,0.28448275862069,0.700431034482759
A2,MEDIUM,10,V4_DIRECTION_00,V4_DIRECTION_13,1.40544148331066,0.0433221850613155,0.922413793103448,0.429956896551724
A2,MEDIUM,11,V4_DIRECTION_00,V4_DIRECTION_15,0.352170372275932,0.029933110367893,0.0366379310344828,0.144396551724138
A2,MEDIUM,12,V4_DIRECTION_00,V4_DIRECTION_17,1.07563314283748,0.0529096989966555,0.599137931034483,0.646551724137931
A2,MEDIUM,13,V4_DIRECTION_00,V4_DIRECTION_18,1.37171023842888,0.0602898550724638,0.90301724137931,0.818965517241379
A2,MEDIUM,14,V4_DIRECTION_00,V4_DIRECTION_19,0.444281717161671,0.0230100334448161,0.0603448275862069,0.0711206896551724
A2,MEDIUM,15,V4_DIRECTION_00,V4_DIRECTION_20,0.899260721712132,0.0266889632107023,0.435344827586207,0.109913793103448
A2,MEDIUM,16,V4_DIRECTION_00,V4_DIRECTION_22,1.22358662877612,0.0368227424749164,0.788793103448276,0.307112068965517
A2,MEDIUM,17,V4_DIRECTION_00,V4_DIRECTION_23,0.753326457602886,0.0234559643255295,0.288793103448276,0.0915948275862069
A2,MEDIUM,18,V4_DIRECTION_00,V4_DIRECTION_24,1.535976074233,0.0500780379041249,0.974137931034483,0.59375
A2,MEDIUM,19,V4_DIRECTION_00,V4_DIRECTION_26,0.661933310002726,0.0392642140468227,0.213362068965517,0.314655172413793
A2,MEDIUM,20,V4_DIRECTION_00,V4_DIRECTION_28,0.445067051570376,0.00696767001114827,0.0646551724137931,0.00646551724137931
A2,MEDIUM,21,V4_DIRECTION_00,V4_DIRECTION_29,0.530582634818281,0.0203678929765886,0.116379310344828,0.0668103448275862
A2,MEDIUM,22,V4_DIRECTION_00,V4_DIRECTION_30,1.67908506984626,0.0667558528428094,0.997844827586207,0.894396551724138
A2,MEDIUM,23,V4_DIRECTION_00,V4_DIRECTION_31,0.57016306752898,0.0201895206243032,0.15301724137931,0.0646551724137931
A2,MEDIUM,24,V4_DIRECTION_00,V4_DIRECTION_32,1.09174125427321,0.0736677814938684,0.612068965517241,0.952586206896552
A2,MEDIUM,25,V4_DIRECTION_00,V4_DIRECTION_33,1.23632196840619,0.0201560758082497,0.795258620689655,0.0625
A2,MEDIUM,26,V4_DIRECTION_00,V4_DIRECTION_34,0.740987623264534,0.0435228539576366,0.271551724137931,0.469827586206897
A2,MEDIUM,27,V4_DIRECTION_00,V4_DIRECTION_35,1.08511687724342,0.050345596432553,0.605603448275862,0.632543103448276
A2,MEDIUM,28,V4_DIRECTION_00,V4_DIRECTION_37,1.18955926072125,0.0468227424749164,0.728448275862069,0.533405172413793
A2,MEDIUM,29,V4_DIRECTION_00,V4_DIRECTION_39,0.890131784885133,0.066778149386845,0.420258620689655,0.896551724137931
A2,MEDIUM,30,V4_DIRECTION_01,V4_DIRECTION_02,0.529501977599482,0.03,0.114224137931034,0.147629310344828
A2,MEDIUM,31,V4_DIRECTION_01,V4_DIRECTION_03,0.910689229209846,0.0430323299888517,0.441810344827586,0.400862068965517
A2,MEDIUM,32,V4_DIRECTION_01,V4_DIRECTION_04,0.587220663914981,0.0602787068004459,0.161637931034483,0.816810344827586
A2,MEDIUM,33,V4_DIRECTION_01,V4_DIRECTION_06,0.384189748246171,0.0498104793756968,0.0452586206896552,0.567887931034483
A2,MEDIUM,34,V4_DIRECTION_01,V4_DIRECTION_07,0.725824284527401,0.0468227424749164,0.258620689655172,0.533405172413793
A2,MEDIUM,35,V4_DIRECTION_01,V4_DIRECTION_08,1.30520500194724,0.0432107023411371,0.849137931034483,0.414870689655172
A2,MEDIUM,36,V4_DIRECTION_01,V4_DIRECTION_09,0.640185330660973,0.0137346711259755,0.196120689655172,0.021551724137931
A2,MEDIUM,37,V4_DIRECTION_01,V4_DIRECTION_10,1.19478574665911,0.0566220735785953,0.747844827586207,0.730603448275862
A2,MEDIUM,38,V4_DIRECTION_01,V4_DIRECTION_11,1.36296526032453,0.0566889632107023,0.894396551724138,0.737068965517241
A2,MEDIUM,39,V4_DIRECTION_01,V4_DIRECTION_13,0.509469389538077,0.0301672240802676,0.0969827586206897,0.172413793103448
A2,MEDIUM,40,V4_DIRECTION_01,V4_DIRECTION_15,1.23210531701854,0.067056856187291,0.793103448275862,0.90948275862069
A2,MEDIUM,41,V4_DIRECTION_01,V4_DIRECTION_17,0.221708991728121,0.020133779264214,0.0021551724137931,0.0581896551724138
A2,MEDIUM,42,V4_DIRECTION_01,V4_DIRECTION_18,0.748777148760928,0.0761204013377926,0.280172413793103,0.961206896551724
A2,MEDIUM,43,V4_DIRECTION_01,V4_DIRECTION_19,1.18529283835788,0.0401783723522854,0.724137931034483,0.379310344827586
A2,MEDIUM,44,V4_DIRECTION_01,V4_DIRECTION_20,0.552692336652852,0.0268004459308807,0.133620689655172,0.126077586206897
A2,MEDIUM,45,V4_DIRECTION_01,V4_DIRECTION_22,0.510044626582483,0.049866220735786,0.103448275862069,0.573275862068966
A2,MEDIUM,46,V4_DIRECTION_01,V4_DIRECTION_23,1.13550071573822,0.0701672240802676,0.661637931034483,0.922413793103448
A2,MEDIUM,47,V4_DIRECTION_01,V4_DIRECTION_24,0.953046673384534,0.0301226309921962,0.487068965517241,0.170258620689655
A2,MEDIUM,48,V4_DIRECTION_01,V4_DIRECTION_26,0.827590396451877,0.0365886287625418,0.34698275862069,0.280172413793103
A2,MEDIUM,49,V4_DIRECTION_01,V4_DIRECTION_28,1.47614350745948,0.0666109253065775,0.963362068965517,0.892241379310345
A2,MEDIUM,50,V4_DIRECTION_01,V4_DIRECTION_29,0.894935740229247,0.030066889632107,0.426724137931034,0.154094827586207
A2,MEDIUM,51,V4_DIRECTION_01,V4_DIRECTION_30,0.850393890922882,0.0336454849498328,0.372844827586207,0.256465517241379
A2,MEDIUM,52,V4_DIRECTION_01,V4_DIRECTION_31,0.548443641115245,0.0267670011148272,0.131465517241379,0.122844827586207
A2,MEDIUM,53,V4_DIRECTION_01,V4_DIRECTION_32,0.978898519997425,0.0498104793756968,0.508620689655172,0.567887931034483
A2,MEDIUM,54,V4_DIRECTION_01,V4_DIRECTION_33,1.15892181714075,0.0564994425863991,0.693965517241379,0.724137931034483
A2,MEDIUM,55,V4_DIRECTION_01,V4_DIRECTION_34,1.18013329328951,0.0631438127090301,0.71551724137931,0.831896551724138
A2,MEDIUM,56,V4_DIRECTION_01,V4_DIRECTION_35,0.392069373398355,0.0233667781493868,0.0474137931034483,0.0818965517241379
A2,MEDIUM,57,V4_DIRECTION_01,V4_DIRECTION_37,1.23713873686455,0.0468227424749164,0.797413793103448,0.533405172413793
A2,MEDIUM,58,V4_DIRECTION_01,V4_DIRECTION_39,1.0092414365468,0.0762541806020067,0.52801724137931,0.966594827586207
A2,MEDIUM,59,V4_DIRECTION_02,V4_DIRECTION_03,1.06260169338626,0.0619509476031215,0.59051724137931,0.827586206896552
A2,MEDIUM,60,V4_DIRECTION_02,V4_DIRECTION_04,0.832206793737188,0.049453734671126,0.353448275862069,0.553879310344828
A2,MEDIUM,61,V4_DIRECTION_02,V4_DIRECTION_06,0.820543275236198,0.0655852842809365,0.34051724137931,0.875
A2,MEDIUM,62,V4_DIRECTION_02,V4_DIRECTION_07,0.31939202844357,0.0302006688963211,0.0172413793103448,0.174568965517241
A2,MEDIUM,63,V4_DIRECTION_02,V4_DIRECTION_08,1.02906817863961,0.0422742474916388,0.553879310344828,0.392241379310345
A2,MEDIUM,64,V4_DIRECTION_02,V4_DIRECTION_09,1.25243581191854,0.032943143812709,0.8125,0.191810344827586
A2,MEDIUM,65,V4_DIRECTION_02,V4_DIRECTION_10,1.09278911483636,0.0424080267558528,0.614224137931034,0.394396551724138
A2,MEDIUM,66,V4_DIRECTION_02,V4_DIRECTION_11,1.56664296612838,0.0527090301003344,0.980603448275862,0.637931034482759
A2,MEDIUM,67,V4_DIRECTION_02,V4_DIRECTION_13,1.07103252379225,0.0331326644370123,0.592672413793103,0.200431034482759
A2,MEDIUM,68,V4_DIRECTION_02,V4_DIRECTION_15,0.695845245150973,0.0430769230769231,0.237068965517241,0.405172413793103
A2,MEDIUM,69,V4_DIRECTION_02,V4_DIRECTION_17,0.471714678485137,0.0266889632107023,0.0883620689655172,0.109913793103448
A2,MEDIUM,70,V4_DIRECTION_02,V4_DIRECTION_18,0.706034201063313,0.0683389074693423,0.243534482758621,0.911637931034483
A2,MEDIUM,71,V4_DIRECTION_02,V4_DIRECTION_19,0.691130055600163,0.0199554069119287,0.228448275862069,0.040948275862069
A2,MEDIUM,72,V4_DIRECTION_02,V4_DIRECTION_20,1.01487644445139,0.0396878483835006,0.536637931034483,0.323275862068966
A2,MEDIUM,73,V4_DIRECTION_02,V4_DIRECTION_22,0.777867431794614,0.0555183946488294,0.318965517241379,0.704741379310345
A2,MEDIUM,74,V4_DIRECTION_02,V4_DIRECTION_23,0.333339292349301,0.0360089186176143,0.0280172413793103,0.265086206896552
A2,MEDIUM,75,V4_DIRECTION_02,V4_DIRECTION_24,1.18750327922995,0.0197993311036789,0.726293103448276,0.0387931034482759
A2,MEDIUM,76,V4_DIRECTION_02,V4_DIRECTION_26,0.73947451318915,0.020133779264214,0.267241379310345,0.0581896551724138
A2,MEDIUM,77,V4_DIRECTION_02,V4_DIRECTION_28,1.14716603700225,0.0358528428093646,0.678879310344828,0.262931034482759
A2,MEDIUM,78,V4_DIRECTION_02,V4_DIRECTION_29,1.28398518971157,0.0432107023411371,0.838362068965517,0.414870689655172
A2,MEDIUM,79,V4_DIRECTION_02,V4_DIRECTION_30,0.695030615678316,0.0363210702341137,0.232758620689655,0.271551724137931
A2,MEDIUM,80,V4_DIRECTION_02,V4_DIRECTION_31,0.762219335130457,0.0267558528428094,0.295258620689655,0.118534482758621
A2,MEDIUM,81,V4_DIRECTION_02,V4_DIRECTION_32,0.748766888943977,0.0555518394648829,0.27801724137931,0.706896551724138
A2,MEDIUM,82,V4_DIRECTION_02,V4_DIRECTION_33,1.2374152149776,0.0421739130434783,0.799568965517241,0.387931034482759
A2,MEDIUM,83,V4_DIRECTION_02,V4_DIRECTION_34,1.24864662992536,0.0587513935340022,0.806034482758621,0.762931034482759
A2,MEDIUM,84,V4_DIRECTION_02,V4_DIRECTION_35,0.843537904306291,0.0464548494983278,0.366379310344828,0.493534482758621
A2,MEDIUM,85,V4_DIRECTION_02,V4_DIRECTION_37,1.35180663482785,0.0361872909698997,0.885775862068966,0.267241379310345
A2,MEDIUM,86,V4_DIRECTION_02,V4_DIRECTION_39,0.532549820103051,0.0715496098104794,0.120689655172414,0.941810344827586
A2,MEDIUM,87,V4_DIRECTION_03,V4_DIRECTION_04,0.512828821461837,0.0366220735785953,0.105603448275862,0.283405172413793
A2,MEDIUM,88,V4_DIRECTION_03,V4_DIRECTION_06,0.531352168729383,0.0501672240802676,0.118534482758621,0.620689655172414
A2,MEDIUM,89,V4_DIRECTION_03,V4_DIRECTION_07,1.14416039447516,0.0395986622073579,0.672413793103448,0.321120689655172
A2,MEDIUM,90,V4_DIRECTION_03,V4_DIRECTION_08,0.886631033295252,0.0468004459308807,0.411637931034483,0.524784482758621
A2,MEDIUM,91,V4_DIRECTION_03,V4_DIRECTION_09,1.10405559990429,0.0332664437012263,0.625,0.213362068965517
A2,MEDIUM,92,V4_DIRECTION_03,V4_DIRECTION_10,0.4544461660474,0.0200334448160535,0.0754310344827586,0.0484913793103448
A2,MEDIUM,93,V4_DIRECTION_03,V4_DIRECTION_11,1.05519523542272,0.0367335562987737,0.584051724137931,0.297413793103448
A2,MEDIUM,94,V4_DIRECTION_03,V4_DIRECTION_13,0.407471240027754,0.022943143812709,0.0538793103448276,0.0689655172413793
A2,MEDIUM,95,V4_DIRECTION_03,V4_DIRECTION_15,1.5054613267358,0.0631549609810479,0.969827586206897,0.835129310344828
A2,MEDIUM,96,V4_DIRECTION_03,V4_DIRECTION_17,1.15429349258665,0.0658862876254181,0.6875,0.877155172413793
A2,MEDIUM,97,V4_DIRECTION_03,V4_DIRECTION_18,0.326098130537961,0.0435228539576366,0.0237068965517241,0.469827586206897
A2,MEDIUM,98,V4_DIRECTION_03,V4_DIRECTION_19,1.54342175172125,0.0527090301003344,0.978448275862069,0.637931034482759
A2,MEDIUM,99,V4_DIRECTION_03,V4_DIRECTION_20,1.22259367705027,0.0498327759197324,0.786637931034483,0.571120689655172
A2,MEDIUM,100,V4_DIRECTION_03,V4_DIRECTION_22,0.702730737789973,0.0267447045707915,0.241379310344828,0.114224137931034
A2,MEDIUM,101,V4_DIRECTION_03,V4_DIRECTION_23,1.08653897160529,0.0533779264214047,0.607758620689655,0.663793103448276
A2,MEDIUM,102,V4_DIRECTION_03,V4_DIRECTION_24,0.339399921072794,0.0497212931995541,0.0301724137931034,0.560344827586207
A2,MEDIUM,103,V4_DIRECTION_03,V4_DIRECTION_26,1.60529480069988,0.0687848383500557,0.991379310344828,0.913793103448276
A2,MEDIUM,104,V4_DIRECTION_03,V4_DIRECTION_28,1.35175539199414,0.0435340022296544,0.883620689655172,0.474137931034483
A2,MEDIUM,105,V4_DIRECTION_03,V4_DIRECTION_29,1.28327911260585,0.0366889632107023,0.836206896551724,0.290948275862069
A2,MEDIUM,106,V4_DIRECTION_03,V4_DIRECTION_30,0.245653172165528,0.0264437012263099,0.00431034482758621,0.0991379310344828
A2,MEDIUM,107,V4_DIRECTION_03,V4_DIRECTION_31,1.53818811602048,0.0431103678929766,0.976293103448276,0.407327586206897
A2,MEDIUM,108,V4_DIRECTION_03,V4_DIRECTION_32,1.0309748937134,0.0602006688963211,0.564655172413793,0.806034482758621
A2,MEDIUM,109,V4_DIRECTION_03,V4_DIRECTION_33,0.341240238552304,0.040133779264214,0.0323275862068966,0.365301724137931
A2,MEDIUM,110,V4_DIRECTION_03,V4_DIRECTION_34,1.05606389020558,0.0334448160535117,0.586206896551724,0.234913793103448
A2,MEDIUM,111,V4_DIRECTION_03,V4_DIRECTION_35,0.955160354491864,0.0399554069119286,0.489224137931034,0.341594827586207
A2,MEDIUM,112,V4_DIRECTION_03,V4_DIRECTION_37,0.739285004166574,0.033221850613155,0.265086206896552,0.210129310344828
A2,MEDIUM,113,V4_DIRECTION_03,V4_DIRECTION_39,1.05518623729869,0.0468004459308807,0.581896551724138,0.524784482758621
A2,MEDIUM,114,V4_DIRECTION_04,V4_DIRECTION_06,0.540647512981129,0.0668338907469342,0.129310344827586,0.898706896551724
A2,MEDIUM,115,V4_DIRECTION_04,V4_DIRECTION_07,0.80583247033807,0.0603010033444816,0.329741379310345,0.821120689655172
A2,MEDIUM,116,V4_DIRECTION_04,V4_DIRECTION_08,1.42876802078567,0.0534671125975474,0.935344827586207,0.674568965517241
A2,MEDIUM,117,V4_DIRECTION_04,V4_DIRECTION_09,1.06127178540991,0.0635785953177258,0.588362068965517,0.872844827586207
A2,MEDIUM,118,V4_DIRECTION_04,V4_DIRECTION_10,0.611526370189056,0.0301003344481605,0.172413793103448,0.165948275862069
A2,MEDIUM,119,V4_DIRECTION_04,V4_DIRECTION_11,1.47913177009052,0.0703232998885173,0.96551724137931,0.939655172413793
A2,MEDIUM,120,V4_DIRECTION_04,V4_DIRECTION_13,0.278600856054899,0.0200222965440357,0.00862068965517241,0.0441810344827586
A2,MEDIUM,121,V4_DIRECTION_04,V4_DIRECTION_15,1.57088571189031,0.0735340022296544,0.984913793103448,0.948275862068966
A2,MEDIUM,122,V4_DIRECTION_04,V4_DIRECTION_17,1.03594131018764,0.079933110367893,0.566810344827586,0.978448275862069
A2,MEDIUM,123,V4_DIRECTION_04,V4_DIRECTION_18,0.255131944486888,0.0432775919732441,0.00646551724137931,0.424568965517241
A2,MEDIUM,124,V4_DIRECTION_04,V4_DIRECTION_19,1.21277429598161,0.039933110367893,0.771551724137931,0.336206896551724
A2,MEDIUM,125,V4_DIRECTION_04,V4_DIRECTION_20,0.744336575615728,0.0434782608695652,0.273706896551724,0.460129310344828
A2,MEDIUM,126,V4_DIRECTION_04,V4_DIRECTION_22,0.455974682711908,0.0500780379041249,0.0797413793103448,0.59375
A2,MEDIUM,127,V4_DIRECTION_04,V4_DIRECTION_23,0.932022358208462,0.0401560758082497,0.461206896551724,0.375
A2,MEDIUM,128,V4_DIRECTION_04,V4_DIRECTION_24,0.856622186105951,0.0535117056856187,0.377155172413793,0.69073275862069
A2,MEDIUM,129,V4_DIRECTION_04,V4_DIRECTION_26,1.3479021398544,0.056298773690078,0.879310344827586,0.71551724137931
A2,MEDIUM,130,V4_DIRECTION_04,V4_DIRECTION_28,1.46288757958498,0.0436120401337793,0.952586206896552,0.480603448275862
A2,MEDIUM,131,V4_DIRECTION_04,V4_DIRECTION_29,1.05070706379289,0.0604682274247492,0.577586206896552,0.823275862068966
A2,MEDIUM,132,V4_DIRECTION_04,V4_DIRECTION_30,0.865794312989282,0.0702118171683389,0.392241379310345,0.926724137931034
A2,MEDIUM,133,V4_DIRECTION_04,V4_DIRECTION_31,1.02908575744981,0.050345596432553,0.556034482758621,0.632543103448276
A2,MEDIUM,134,V4_DIRECTION_04,V4_DIRECTION_32,1.56849770471488,0.0935897435897436,0.982758620689655,1
A2,MEDIUM,135,V4_DIRECTION_04,V4_DIRECTION_33,0.638428746336521,0.023355629877369,0.191810344827586,0.0797413793103448
A2,MEDIUM,136,V4_DIRECTION_04,V4_DIRECTION_34,0.689250990725778,0.0500557413600892,0.226293103448276,0.587284482758621
A2,MEDIUM,137,V4_DIRECTION_04,V4_DIRECTION_35,0.398981007519322,0.0336120401337793,0.0517241379310345,0.254310344827586
A2,MEDIUM,138,V4_DIRECTION_04,V4_DIRECTION_37,1.26650752911489,0.0635674470457079,0.825431034482759,0.870689655172414
A2,MEDIUM,139,V4_DIRECTION_04,V4_DIRECTION_39,1.21015124092059,0.0899665551839465,0.767241379310345,0.995689655172414
A2,MEDIUM,140,V4_DIRECTION_06,V4_DIRECTION_07,0.818063681933433,0.0597547380156076,0.338362068965517,0.77801724137931
A2,MEDIUM,141,V4_DIRECTION_06,V4_DIRECTION_08,1.2553311865474,0.0635451505016722,0.814655172413793,0.865301724137931
A2,MEDIUM,142,V4_DIRECTION_06,V4_DIRECTION_09,0.769286470716178,0.0334448160535117,0.306034482758621,0.234913793103448
A2,MEDIUM,143,V4_DIRECTION_06,V4_DIRECTION_10,1.10737714350649,0.0535005574136009,0.631465517241379,0.679956896551724
A2,MEDIUM,144,V4_DIRECTION_06,V4_DIRECTION_11,1.25560911852163,0.050133779264214,0.816810344827586,0.615301724137931
A2,MEDIUM,145,V4_DIRECTION_06,V4_DIRECTION_13,0.500827038091143,0.0531772575250836,0.0948275862068965,0.658405172413793
A2,MEDIUM,146,V4_DIRECTION_06,V4_DIRECTION_15,1.47493040804514,0.090066889632107,0.961206896551724,0.997844827586207
A2,MEDIUM,147,V4_DIRECTION_06,V4_DIRECTION_17,0.834531367148785,0.0594202898550725,0.355603448275862,0.775862068965517
A2,MEDIUM,148,V4_DIRECTION_06,V4_DIRECTION_18,0.556834696327953,0.0601560758082497,0.135775862068966,0.800646551724138
A2,MEDIUM,149,V4_DIRECTION_06,V4_DIRECTION_19,1.19105375141804,0.0662653288740245,0.734913793103448,0.883620689655172
A2,MEDIUM,150,V4_DIRECTION_06,V4_DIRECTION_20,0.941224634022654,0.0633221850613155,0.476293103448276,0.838362068965517
A2,MEDIUM,151,V4_DIRECTION_06,V4_DIRECTION_22,0.308826972643533,0.0468338907469342,0.0150862068965517,0.540948275862069
A2,MEDIUM,152,V4_DIRECTION_06,V4_DIRECTION_23,1.22078084049136,0.0768561872909699,0.782327586206897,0.973060344827586
A2,MEDIUM,153,V4_DIRECTION_06,V4_DIRECTION_24,0.564517544141387,0.0531772575250836,0.146551724137931,0.658405172413793
A2,MEDIUM,154,V4_DIRECTION_06,V4_DIRECTION_26,1.17223110555416,0.0756967670011148,0.709051724137931,0.956896551724138
A2,MEDIUM,155,V4_DIRECTION_06,V4_DIRECTION_28,1.32942053377951,0.0702675585284281,0.864224137931034,0.93426724137931
A2,MEDIUM,156,V4_DIRECTION_06,V4_DIRECTION_29,1.02965045333374,0.0500891861761427,0.558189655172414,0.599137931034483
A2,MEDIUM,157,V4_DIRECTION_06,V4_DIRECTION_30,0.471650174659673,0.0366332218506132,0.0862068965517241,0.287715517241379
A2,MEDIUM,158,V4_DIRECTION_06,V4_DIRECTION_31,1.0233945332016,0.0465217391304348,0.549568965517241,0.50323275862069
A2,MEDIUM,159,V4_DIRECTION_06,V4_DIRECTION_32,0.848916298577192,0.0334448160535117,0.370689655172414,0.234913793103448
A2,MEDIUM,160,V4_DIRECTION_06,V4_DIRECTION_33,1.02229426123196,0.0635451505016722,0.547413793103448,0.865301724137931
A2,MEDIUM,161,V4_DIRECTION_06,V4_DIRECTION_34,0.764715643207268,0.0535117056856187,0.297413793103448,0.69073275862069
A2,MEDIUM,162,V4_DIRECTION_06,V4_DIRECTION_35,0.775485007936669,0.060066889632107,0.310344827586207,0.793103448275862
A2,MEDIUM,163,V4_DIRECTION_06,V4_DIRECTION_37,0.986954817984416,0.0500334448160535,0.515086206896552,0.581896551724138
A2,MEDIUM,164,V4_DIRECTION_06,V4_DIRECTION_39,0.864773526756966,0.0534671125975474,0.387931034482759,0.674568965517241
A2,MEDIUM,165,V4_DIRECTION_07,V4_DIRECTION_08,1.20660858187269,0.0464882943143813,0.762931034482759,0.497844827586207
A2,MEDIUM,166,V4_DIRECTION_07,V4_DIRECTION_09,0.981608457803051,0.030546265328874,0.512931034482759,0.185344827586207
A2,MEDIUM,167,V4_DIRECTION_07,V4_DIRECTION_10,0.910898231375841,0.0331438127090301,0.443965517241379,0.202586206896552
A2,MEDIUM,168,V4_DIRECTION_07,V4_DIRECTION_11,1.36064610196984,0.0398996655518395,0.892241379310345,0.331896551724138
A2,MEDIUM,169,V4_DIRECTION_07,V4_DIRECTION_13,1.20372748572653,0.0502787068004459,0.760775862068966,0.62823275862069
A2,MEDIUM,170,V4_DIRECTION_07,V4_DIRECTION_15,0.813403394550353,0.0570903010033445,0.334051724137931,0.760775862068966
A2,MEDIUM,171,V4_DIRECTION_07,V4_DIRECTION_17,0.761814654181343,0.0470234113712375,0.293103448275862,0.546336206896552
A2,MEDIUM,172,V4_DIRECTION_07,V4_DIRECTION_18,0.839069753297411,0.0692530657748049,0.359913793103448,0.918103448275862
A2,MEDIUM,173,V4_DIRECTION_07,V4_DIRECTION_19,0.509721152000966,0.0268896321070234,0.0991379310344828,0.136853448275862
A2,MEDIUM,174,V4_DIRECTION_07,V4_DIRECTION_20,0.652076737087794,0.0468896321070234,0.206896551724138,0.543103448275862
A2,MEDIUM,175,V4_DIRECTION_07,V4_DIRECTION_22,0.993544698652927,0.0497993311036789,0.519396551724138,0.564655172413793
A2,MEDIUM,176,V4_DIRECTION_07,V4_DIRECTION_23,0.439890235569175,0.0467335562987737,0.0581896551724138,0.519396551724138
A2,MEDIUM,177,V4_DIRECTION_07,V4_DIRECTION_24,1.21554293877978,0.0401783723522854,0.775862068965517,0.379310344827586
A2,MEDIUM,178,V4_DIRECTION_07,V4_DIRECTION_26,0.528688493378338,0.0367224080267559,0.112068965517241,0.295258620689655
A2,MEDIUM,179,V4_DIRECTION_07,V4_DIRECTION_28,1.19926409963887,0.0497770345596433,0.752155172413793,0.5625
A2,MEDIUM,180,V4_DIRECTION_07,V4_DIRECTION_29,1.21900628832359,0.0400334448160535,0.780172413793103,0.34698275862069
A2,MEDIUM,181,V4_DIRECTION_07,V4_DIRECTION_30,0.897458923162073,0.0169899665551839,0.431034482758621,0.0366379310344828
A2,MEDIUM,182,V4_DIRECTION_07,V4_DIRECTION_31,0.677719406789916,0.0401226309921962,0.21551724137931,0.359913793103448
A2,MEDIUM,183,V4_DIRECTION_07,V4_DIRECTION_32,0.900280266219108,0.0430323299888517,0.4375,0.400862068965517
A2,MEDIUM,184,V4_DIRECTION_07,V4_DIRECTION_33,1.20360886096523,0.0530657748049052,0.758620689655172,0.651939655172414
A2,MEDIUM,185,V4_DIRECTION_07,V4_DIRECTION_34,0.937986406599741,0.0496767001114827,0.47198275862069,0.558189655172414
A2,MEDIUM,186,V4_DIRECTION_07,V4_DIRECTION_35,0.631749171900519,0.0601114827201784,0.189655172413793,0.797413793103448
A2,MEDIUM,187,V4_DIRECTION_07,V4_DIRECTION_37,1.02811409974668,0.0167224080267559,0.551724137931034,0.0344827586206897
A2,MEDIUM,188,V4_DIRECTION_07,V4_DIRECTION_39,0.691269071417779,0.049386845039019,0.230603448275862,0.551724137931034
A2,MEDIUM,189,V4_DIRECTION_08,V4_DIRECTION_09,1.36943879487444,0.0434782608695652,0.898706896551724,0.460129310344828
A2,MEDIUM,190,V4_DIRECTION_08,V4_DIRECTION_10,0.912751707534405,0.0267558528428094,0.446120689655172,0.118534482758621
A2,MEDIUM,191,V4_DIRECTION_08,V4_DIRECTION_11,0.557852203014997,0.0367892976588629,0.140086206896552,0.302801724137931
A2,MEDIUM,192,V4_DIRECTION_08,V4_DIRECTION_13,1.01396379790611,0.0331661092530658,0.53448275862069,0.205818965517241
A2,MEDIUM,193,V4_DIRECTION_08,V4_DIRECTION_15,0.821029286842564,0.0633444816053512,0.342672413793103,0.84051724137931
A2,MEDIUM,194,V4_DIRECTION_08,V4_DIRECTION_17,1.10472205273071,0.052809364548495,0.629310344827586,0.642241379310345
A2,MEDIUM,195,V4_DIRECTION_08,V4_DIRECTION_18,1.25206923762346,0.0835562987736901,0.808189655172414,0.989224137931034
A2,MEDIUM,196,V4_DIRECTION_08,V4_DIRECTION_19,0.869825541480961,0.0362430323299889,0.394396551724138,0.269396551724138
A2,MEDIUM,197,V4_DIRECTION_08,V4_DIRECTION_20,1.42707442041292,0.0499888517279822,0.933189655172414,0.577586206896552
A2,MEDIUM,198,V4_DIRECTION_08,V4_DIRECTION_22,1.51247465501746,0.0635451505016722,0.97198275862069,0.865301724137931
A2,MEDIUM,199,V4_DIRECTION_08,V4_DIRECTION_23,1.11788559894266,0.0601560758082497,0.640086206896552,0.800646551724138
A2,MEDIUM,200,V4_DIRECTION_08,V4_DIRECTION_24,0.629727617295295,0.0231438127090301,0.1875,0.0743534482758621
A2,MEDIUM,201,V4_DIRECTION_08,V4_DIRECTION_26,1.00383137978089,0.035685618729097,0.523706896551724,0.258620689655172
A2,MEDIUM,202,V4_DIRECTION_08,V4_DIRECTION_28,0.647465710493901,0.0335117056856187,0.202586206896552,0.245689655172414
A2,MEDIUM,203,V4_DIRECTION_08,V4_DIRECTION_29,1.41438633465677,0.0434782608695652,0.931034482758621,0.460129310344828
A2,MEDIUM,204,V4_DIRECTION_08,V4_DIRECTION_30,0.773776371914789,0.0333110367892977,0.308189655172414,0.217672413793103
A2,MEDIUM,205,V4_DIRECTION_08,V4_DIRECTION_31,1.43999147755747,0.039933110367893,0.943965517241379,0.336206896551724
A2,MEDIUM,206,V4_DIRECTION_08,V4_DIRECTION_32,0.453081482850979,0.0602006688963211,0.0711206896551724,0.806034482758621
A2,MEDIUM,207,V4_DIRECTION_08,V4_DIRECTION_33,1.07645099059336,0.0468227424749164,0.603448275862069,0.533405172413793
A2,MEDIUM,208,V4_DIRECTION_08,V4_DIRECTION_34,1.19717988857503,0.0568450390189521,0.75,0.74676724137931
A2,MEDIUM,209,V4_DIRECTION_08,V4_DIRECTION_35,1.4385848365816,0.0467558528428094,0.941810344827586,0.521551724137931
A2,MEDIUM,210,V4_DIRECTION_08,V4_DIRECTION_37,0.979579335859539,0.03,0.510775862068966,0.147629310344828
A2,MEDIUM,211,V4_DIRECTION_08,V4_DIRECTION_39,0.84152538962097,0.0634559643255296,0.362068965517241,0.854525862068966
A2,MEDIUM,212,V4_DIRECTION_09,V4_DIRECTION_10,1.11842059830047,0.0335228539576366,0.642241379310345,0.25
A2,MEDIUM,213,V4_DIRECTION_09,V4_DIRECTION_11,0.604849003151053,0.0136120401337793,0.168103448275862,0.0193965517241379
A2,MEDIUM,214,V4_DIRECTION_09,V4_DIRECTION_13,0.965839275932085,0.0435897435897436,0.5,0.478448275862069
A2,MEDIUM,215,V4_DIRECTION_09,V4_DIRECTION_15,1.01122635258534,0.0568896321070234,0.530172413793103,0.754310344827586
A2,MEDIUM,216,V4_DIRECTION_09,V4_DIRECTION_17,0.598716654974576,0.013221850613155,0.165948275862069,0.0150862068965517
A2,MEDIUM,217,V4_DIRECTION_09,V4_DIRECTION_18,1.24513948619855,0.0634113712374582,0.803879310344828,0.84698275862069
A2,MEDIUM,218,V4_DIRECTION_09,V4_DIRECTION_19,1.22255797806434,0.0535117056856187,0.78448275862069,0.69073275862069
A2,MEDIUM,219,V4_DIRECTION_09,V4_DIRECTION_20,0.323662976087336,0.0268896321070234,0.021551724137931,0.136853448275862
A2,MEDIUM,220,V4_DIRECTION_09,V4_DIRECTION_22,0.842002481090428,0.0400557413600892,0.364224137931034,0.352370689655172
A2,MEDIUM,221,V4_DIRECTION_09,V4_DIRECTION_23,1.33498238823021,0.0569676700111483,0.870689655172414,0.758620689655172
A2,MEDIUM,222,V4_DIRECTION_09,V4_DIRECTION_24,0.95837861341952,0.0470234113712375,0.493534482758621,0.546336206896552
A2,MEDIUM,223,V4_DIRECTION_09,V4_DIRECTION_26,0.6296608907494,0.0398885172798216,0.185344827586207,0.328663793103448
A2,MEDIUM,224,V4_DIRECTION_09,V4_DIRECTION_28,1.13907906618112,0.0605016722408027,0.668103448275862,0.825431034482759
A2,MEDIUM,225,V4_DIRECTION_09,V4_DIRECTION_29,0.304876513410082,0.0139241917502787,0.0129310344827586,0.0258620689655172
A2,MEDIUM,226,V4_DIRECTION_09,V4_DIRECTION_30,1.13674947521842,0.0200891861761427,0.663793103448276,0.0517241379310345
A2,MEDIUM,227,V4_DIRECTION_09,V4_DIRECTION_31,0.394988748146622,0.0138795986622074,0.0495689655172414,0.0237068965517241
A2,MEDIUM,228,V4_DIRECTION_09,V4_DIRECTION_32,1.01777113691418,0.0100334448160535,0.543103448275862,0.0118534482758621
A2,MEDIUM,229,V4_DIRECTION_09,V4_DIRECTION_33,0.880166110287173,0.0501672240802676,0.40948275862069,0.620689655172414
A2,MEDIUM,230,V4_DIRECTION_09,V4_DIRECTION_34,1.01623557081896,0.053422519509476,0.538793103448276,0.670258620689655
A2,MEDIUM,231,V4_DIRECTION_09,V4_DIRECTION_35,0.620026744101801,0.0271571906354515,0.176724137931034,0.142241379310345
A2,MEDIUM,232,V4_DIRECTION_09,V4_DIRECTION_37,0.444967294018112,0.0235451505016722,0.0625,0.0969827586206897
A2,MEDIUM,233,V4_DIRECTION_09,V4_DIRECTION_39,1.25223101673494,0.0330434782608696,0.810344827586207,0.193965517241379
A2,MEDIUM,234,V4_DIRECTION_10,V4_DIRECTION_11,0.870708468076435,0.0301003344481605,0.400862068965517,0.165948275862069
A2,MEDIUM,235,V4_DIRECTION_10,V4_DIRECTION_13,0.777442016257694,0.0265328874024526,0.316810344827586,0.103448275862069
A2,MEDIUM,236,V4_DIRECTION_10,V4_DIRECTION_15,1.26073955744868,0.0533779264214047,0.821120689655172,0.663793103448276
A2,MEDIUM,237,V4_DIRECTION_10,V4_DIRECTION_17,1.27749733129746,0.062943143812709,0.834051724137931,0.829741379310345
A2,MEDIUM,238,V4_DIRECTION_10,V4_DIRECTION_18,0.462419913187397,0.0500557413600892,0.0818965517241379,0.587284482758621
A2,MEDIUM,239,V4_DIRECTION_10,V4_DIRECTION_19,1.29717481029247,0.0463545150501672,0.844827586206897,0.489224137931034
A2,MEDIUM,240,V4_DIRECTION_10,V4_DIRECTION_20,0.896538267213598,0.0433444816053512,0.428879310344828,0.435344827586207
A2,MEDIUM,241,V4_DIRECTION_10,V4_DIRECTION_22,1.20782101145226,0.0501672240802676,0.765086206896552,0.620689655172414
A2,MEDIUM,242,V4_DIRECTION_10,V4_DIRECTION_23,0.874444165255071,0.0300780379041249,0.407327586206897,0.158405172413793
A2,MEDIUM,243,V4_DIRECTION_10,V4_DIRECTION_24,0.935133905837377,0.033221850613155,0.469827586206897,0.210129310344828
A2,MEDIUM,244,V4_DIRECTION_10,V4_DIRECTION_26,1.39573507202017,0.0558528428093645,0.918103448275862,0.709051724137931
A2,MEDIUM,245,V4_DIRECTION_10,V4_DIRECTION_28,1.38796869755781,0.0268004459308807,0.913793103448276,0.126077586206897
A2,MEDIUM,246,V4_DIRECTION_10,V4_DIRECTION_29,1.30537492441459,0.040133779264214,0.851293103448276,0.365301724137931
A2,MEDIUM,247,V4_DIRECTION_10,V4_DIRECTION_30,0.807132789128899,0.0266889632107023,0.331896551724138,0.109913793103448
A2,MEDIUM,248,V4_DIRECTION_10,V4_DIRECTION_31,1.40602399055009,0.046644370122631,0.926724137931034,0.514008620689655
A2,MEDIUM,249,V4_DIRECTION_10,V4_DIRECTION_32,1.21527864807261,0.0568450390189521,0.773706896551724,0.74676724137931
A2,MEDIUM,250,V4_DIRECTION_10,V4_DIRECTION_33,0.449498356418339,0.0234002229654404,0.0668103448275862,0.084051724137931
A2,MEDIUM,251,V4_DIRECTION_10,V4_DIRECTION_34,1.10426979140354,0.0300780379041249,0.627155172413793,0.158405172413793
A2,MEDIUM,252,V4_DIRECTION_10,V4_DIRECTION_35,0.678119846753154,0.0501114827201784,0.217672413793103,0.607758620689655
A2,MEDIUM,253,V4_DIRECTION_10,V4_DIRECTION_37,0.695218811222757,0.0166555183946488,0.234913793103448,0.0323275862068966
A2,MEDIUM,254,V4_DIRECTION_10,V4_DIRECTION_39,1.01922154270658,0.0433667781493868,0.545258620689655,0.439655172413793
A2,MEDIUM,255,V4_DIRECTION_11,V4_DIRECTION_13,1.14784076579531,0.046711259754738,0.681034482758621,0.517241379310345
A2,MEDIUM,256,V4_DIRECTION_11,V4_DIRECTION_15,0.887788983482466,0.0535117056856187,0.415948275862069,0.69073275862069
A2,MEDIUM,257,V4_DIRECTION_11,V4_DIRECTION_17,1.18379009071511,0.0597993311036789,0.72198275862069,0.780172413793103
A2,MEDIUM,258,V4_DIRECTION_11,V4_DIRECTION_18,1.44720273562744,0.0800445930880714,0.946120689655172,0.980603448275862
A2,MEDIUM,259,V4_DIRECTION_11,V4_DIRECTION_19,1.09958969876943,0.0565440356744705,0.622844827586207,0.726293103448276
A2,MEDIUM,260,V4_DIRECTION_11,V4_DIRECTION_20,0.922266775570363,0.0334002229654404,0.456896551724138,0.226293103448276
A2,MEDIUM,261,V4_DIRECTION_11,V4_DIRECTION_22,1.45171832098084,0.0668896321070234,0.950431034482759,0.901939655172414
A2,MEDIUM,262,V4_DIRECTION_11,V4_DIRECTION_23,1.43666444440834,0.0702564102564103,0.939655172413793,0.929956896551724
A2,MEDIUM,263,V4_DIRECTION_11,V4_DIRECTION_24,0.781994107502586,0.0500334448160535,0.321120689655172,0.581896551724138
A2,MEDIUM,264,V4_DIRECTION_11,V4_DIRECTION_26,0.924295412995697,0.0527090301003344,0.459051724137931,0.637931034482759
A2,MEDIUM,265,V4_DIRECTION_11,V4_DIRECTION_28,0.680102401166233,0.0602006688963211,0.219827586206897,0.806034482758621
A2,MEDIUM,266,V4_DIRECTION_11,V4_DIRECTION_29,0.748904595969419,0.0301003344481605,0.282327586206897,0.165948275862069
A2,MEDIUM,267,V4_DIRECTION_11,V4_DIRECTION_30,1.11653201000807,0.020133779264214,0.637931034482759,0.0581896551724138
A2,MEDIUM,268,V4_DIRECTION_11,V4_DIRECTION_31,1.11376460400145,0.0500334448160535,0.635775862068966,0.581896551724138
A2,MEDIUM,269,V4_DIRECTION_11,V4_DIRECTION_32,0.719212444119657,0.0200334448160535,0.252155172413793,0.0484913793103448
A2,MEDIUM,270,V4_DIRECTION_11,V4_DIRECTION_33,0.89029672491277,0.0635117056856187,0.422413793103448,0.859913793103448
A2,MEDIUM,271,V4_DIRECTION_11,V4_DIRECTION_34,1.01377517702049,0.0568115942028985,0.532327586206897,0.741379310344828
A2,MEDIUM,272,V4_DIRECTION_11,V4_DIRECTION_35,1.18142583306775,0.050133779264214,0.719827586206897,0.615301724137931
A2,MEDIUM,273,V4_DIRECTION_11,V4_DIRECTION_37,0.374592855736336,0.0100334448160535,0.040948275862069,0.0118534482758621
A2,MEDIUM,274,V4_DIRECTION_11,V4_DIRECTION_39,1.12467376246891,0.033288740245262,0.657327586206897,0.21551724137931
A2,MEDIUM,275,V4_DIRECTION_13,V4_DIRECTION_15,1.69904147216394,0.0702564102564103,1,0.929956896551724
A2,MEDIUM,276,V4_DIRECTION_13,V4_DIRECTION_17,0.898778019164495,0.0500780379041249,0.433189655172414,0.59375
A2,MEDIUM,277,V4_DIRECTION_13,V4_DIRECTION_18,0.561904358654824,0.0461538461538462,0.142241379310345,0.484913793103448
A2,MEDIUM,278,V4_DIRECTION_13,V4_DIRECTION_19,1.4486508108417,0.0400891861761427,0.948275862068966,0.355603448275862
A2,MEDIUM,279,V4_DIRECTION_13,V4_DIRECTION_20,0.835363918568598,0.0300891861761427,0.357758620689655,0.161637931034483
A2,MEDIUM,280,V4_DIRECTION_13,V4_DIRECTION_22,0.608592341800976,0.0464882943143813,0.170258620689655,0.497844827586207
A2,MEDIUM,281,V4_DIRECTION_13,V4_DIRECTION_23,1.39473668127092,0.0601003344481605,0.915948275862069,0.795258620689655
A2,MEDIUM,282,V4_DIRECTION_13,V4_DIRECTION_24,0.451468514197159,0.023422519509476,0.0689655172413793,0.0883620689655172
A2,MEDIUM,283,V4_DIRECTION_13,V4_DIRECTION_26,1.35406139928075,0.0465551839464883,0.887931034482759,0.508620689655172
A2,MEDIUM,284,V4_DIRECTION_13,V4_DIRECTION_28,1.39577520006367,0.0633890746934225,0.920258620689655,0.842672413793103
A2,MEDIUM,285,V4_DIRECTION_13,V4_DIRECTION_29,1.05329991815758,0.0502787068004459,0.579741379310345,0.62823275862069
A2,MEDIUM,286,V4_DIRECTION_13,V4_DIRECTION_30,0.757922476063379,0.0368227424749164,0.290948275862069,0.307112068965517
A2,MEDIUM,287,V4_DIRECTION_13,V4_DIRECTION_31,1.15135050573829,0.0402675585284281,0.685344827586207,0.385775862068966
A2,MEDIUM,288,V4_DIRECTION_13,V4_DIRECTION_32,1.35841118175499,0.0665551839464883,0.890086206896552,0.887931034482759
A2,MEDIUM,289,V4_DIRECTION_13,V4_DIRECTION_33,0.63942294690897,0.0431438127090301,0.193965517241379,0.40948275862069
A2,MEDIUM,290,V4_DIRECTION_13,V4_DIRECTION_34,0.873748447508501,0.0464214046822743,0.405172413793103,0.491379310344828
A2,MEDIUM,291,V4_DIRECTION_13,V4_DIRECTION_35,0.577552925356248,0.0234559643255295,0.157327586206897,0.0915948275862069
A2,MEDIUM,292,V4_DIRECTION_13,V4_DIRECTION_37,1.19069204366937,0.0501226309921962,0.732758620689655,0.610991379310345
A2,MEDIUM,293,V4_DIRECTION_13,V4_DIRECTION_39,1.40564220752555,0.0661872909698997,0.924568965517241,0.881465517241379
A2,MEDIUM,294,V4_DIRECTION_15,V4_DIRECTION_17,0.747636644108373,0.0567224080267558,0.275862068965517,0.739224137931034
A2,MEDIUM,295,V4_DIRECTION_15,V4_DIRECTION_18,1.34346176414386,0.0563656633221851,0.875,0.71875
A2,MEDIUM,296,V4_DIRECTION_15,V4_DIRECTION_19,0.519246249980732,0.0501226309921962,0.107758620689655,0.610991379310345
A2,MEDIUM,297,V4_DIRECTION_15,V4_DIRECTION_20,1.14203528469802,0.0602229654403567,0.670258620689655,0.8125
A2,MEDIUM,298,V4_DIRECTION_15,V4_DIRECTION_22,1.20109204302454,0.0565886287625418,0.754310344827586,0.728448275862069
A2,MEDIUM,299,V4_DIRECTION_15,V4_DIRECTION_23,0.428868486552877,0.0200222965440357,0.0560344827586207,0.0441810344827586
A2,MEDIUM,300,V4_DIRECTION_15,V4_DIRECTION_24,1.46746258529448,0.0703010033444816,0.956896551724138,0.9375
A2,MEDIUM,301,V4_DIRECTION_15,V4_DIRECTION_26,0.573715587031035,0.0465551839464883,0.155172413793103,0.508620689655172
A2,MEDIUM,302,V4_DIRECTION_15,V4_DIRECTION_28,0.480387320859588,0.0334448160535117,0.0905172413793103,0.234913793103448
A2,MEDIUM,303,V4_DIRECTION_15,V4_DIRECTION_29,0.740074395312486,0.0303678929765886,0.269396551724138,0.182112068965517
A2,MEDIUM,304,V4_DIRECTION_15,V4_DIRECTION_30,1.19225494460448,0.0535117056856187,0.739224137931034,0.69073275862069
A2,MEDIUM,305,V4_DIRECTION_15,V4_DIRECTION_31,0.612899346358364,0.0303678929765886,0.174568965517241,0.182112068965517
A2,MEDIUM,306,V4_DIRECTION_15,V4_DIRECTION_32,0.556961209300446,0.0599665551839465,0.137931034482759,0.788793103448276
A2,MEDIUM,307,V4_DIRECTION_15,V4_DIRECTION_33,1.26960064210955,0.0432441471571906,0.827586206896552,0.420258620689655
A2,MEDIUM,308,V4_DIRECTION_15,V4_DIRECTION_34,1.19050910588298,0.066577480490524,0.730603448275862,0.890086206896552
A2,MEDIUM,309,V4_DIRECTION_15,V4_DIRECTION_35,1.33335808150551,0.0737458193979933,0.868534482758621,0.954741379310345
A2,MEDIUM,310,V4_DIRECTION_15,V4_DIRECTION_37,1.00431419594914,0.0568561872909699,0.525862068965517,0.751077586206897
A2,MEDIUM,311,V4_DIRECTION_15,V4_DIRECTION_39,0.488472487682233,0.0528874024526198,0.0926724137931035,0.644396551724138
A2,MEDIUM,312,V4_DIRECTION_17,V4_DIRECTION_18,1.07202012373372,0.0890523968784838,0.594827586206897,0.993534482758621
A2,MEDIUM,313,V4_DIRECTION_17,V4_DIRECTION_19,1.1131281779654,0.0468227424749164,0.633620689655172,0.533405172413793
A2,MEDIUM,314,V4_DIRECTION_17,V4_DIRECTION_20,0.622355685440812,0.0366220735785953,0.178879310344828,0.283405172413793
A2,MEDIUM,315,V4_DIRECTION_17,V4_DIRECTION_22,0.817727207117773,0.0493645484949833,0.336206896551724,0.549568965517241
A2,MEDIUM,316,V4_DIRECTION_17,V4_DIRECTION_23,0.942931140881469,0.0631549609810479,0.478448275862069,0.835129310344828
A2,MEDIUM,317,V4_DIRECTION_17,V4_DIRECTION_24,1.12039544685076,0.043422519509476,0.646551724137931,0.445043103448276
A2,MEDIUM,318,V4_DIRECTION_17,V4_DIRECTION_26,0.562533011497695,0.0434782608695652,0.144396551724138,0.460129310344828
A2,MEDIUM,319,V4_DIRECTION_17,V4_DIRECTION_28,1.25794147718663,0.0563656633221851,0.818965517241379,0.71875
A2,MEDIUM,320,V4_DIRECTION_17,V4_DIRECTION_29,0.776781264982199,0.0334448160535117,0.3125,0.234913793103448
A2,MEDIUM,321,V4_DIRECTION_17,V4_DIRECTION_30,0.939217544041374,0.0433110367892977,0.474137931034483,0.426724137931034
A2,MEDIUM,322,V4_DIRECTION_17,V4_DIRECTION_31,0.377687798272633,0.0269119286510591,0.0431034482758621,0.140086206896552
A2,MEDIUM,323,V4_DIRECTION_17,V4_DIRECTION_32,0.76642338894163,0.0393534002229654,0.301724137931034,0.316810344827586
A2,MEDIUM,324,V4_DIRECTION_17,V4_DIRECTION_33,1.17552604823066,0.0560758082497213,0.711206896551724,0.711206896551724
A2,MEDIUM,325,V4_DIRECTION_17,V4_DIRECTION_34,1.49182408955252,0.0760312151616499,0.967672413793103,0.959051724137931
A2,MEDIUM,326,V4_DIRECTION_17,V4_DIRECTION_35,0.650054264792807,0.0400445930880714,0.204741379310345,0.349137931034483
A2,MEDIUM,327,V4_DIRECTION_17,V4_DIRECTION_37,1.12137464642514,0.0465551839464883,0.650862068965517,0.508620689655172
A2,MEDIUM,328,V4_DIRECTION_17,V4_DIRECTION_39,0.933420742503153,0.0588517279821628,0.463362068965517,0.765086206896552
A2,MEDIUM,329,V4_DIRECTION_18,V4_DIRECTION_19,1.29470915874046,0.0691638795986622,0.842672413793103,0.915948275862069
A2,MEDIUM,330,V4_DIRECTION_18,V4_DIRECTION_20,1.13679430211897,0.0730769230769231,0.665948275862069,0.943965517241379
A2,MEDIUM,331,V4_DIRECTION_18,V4_DIRECTION_22,0.467638496254971,0.0367892976588629,0.084051724137931,0.302801724137931
A2,MEDIUM,332,V4_DIRECTION_18,V4_DIRECTION_23,0.720494632125424,0.0432441471571906,0.254310344827586,0.420258620689655
A2,MEDIUM,333,V4_DIRECTION_18,V4_DIRECTION_24,0.946853599253704,0.0762207357859532,0.480603448275862,0.963362068965517
A2,MEDIUM,334,V4_DIRECTION_18,V4_DIRECTION_26,1.61426969314908,0.0850836120401338,0.995689655172414,0.991379310344828
A2,MEDIUM,335,V4_DIRECTION_18,V4_DIRECTION_28,1.47320539229733,0.0634113712374582,0.959051724137931,0.84698275862069
A2,MEDIUM,336,V4_DIRECTION_18,V4_DIRECTION_29,1.24061196094418,0.0530657748049052,0.801724137931034,0.651939655172414
A2,MEDIUM,337,V4_DIRECTION_18,V4_DIRECTION_30,0.566861998884485,0.0564882943143813,0.148706896551724,0.72198275862069
A2,MEDIUM,338,V4_DIRECTION_18,V4_DIRECTION_31,1.32431625940366,0.0661092530657748,0.859913793103448,0.879310344827586
A2,MEDIUM,339,V4_DIRECTION_18,V4_DIRECTION_32,1.1938159689724,0.0768784838350056,0.743534482758621,0.976293103448276
A2,MEDIUM,340,V4_DIRECTION_18,V4_DIRECTION_33,0.653921636786202,0.0434336677814939,0.209051724137931,0.448275862068966
A2,MEDIUM,341,V4_DIRECTION_18,V4_DIRECTION_34,0.957102442480351,0.0535117056856187,0.491379310344828,0.69073275862069
A2,MEDIUM,342,V4_DIRECTION_18,V4_DIRECTION_35,0.701354118345139,0.0697658862876254,0.239224137931034,0.920258620689655
A2,MEDIUM,343,V4_DIRECTION_18,V4_DIRECTION_37,1.15772189999426,0.0665328874024526,0.689655172413793,0.885775862068966
A2,MEDIUM,344,V4_DIRECTION_18,V4_DIRECTION_39,0.727721580987663,0.066989966555184,0.260775862068966,0.907327586206897
A2,MEDIUM,345,V4_DIRECTION_19,V4_DIRECTION_20,1.03091982322017,0.0333444816053512,0.5625,0.219827586206897
A2,MEDIUM,346,V4_DIRECTION_19,V4_DIRECTION_22,1.17060882348242,0.0395094760312152,0.704741379310345,0.318965517241379
A2,MEDIUM,347,V4_DIRECTION_19,V4_DIRECTION_23,0.566965615276012,0.0365105908584169,0.150862068965517,0.27801724137931
A2,MEDIUM,348,V4_DIRECTION_19,V4_DIRECTION_24,1.30013621378579,0.0367558528428094,0.84698275862069,0.299568965517241
A2,MEDIUM,349,V4_DIRECTION_19,V4_DIRECTION_26,0.455911845093924,0.0233221850613155,0.0775862068965517,0.0775862068965517
A2,MEDIUM,350,V4_DIRECTION_19,V4_DIRECTION_28,0.453883451491016,0.0163210702341137,0.0732758620689655,0.0280172413793103
A2,MEDIUM,351,V4_DIRECTION_19,V4_DIRECTION_29,1.03667474361292,0.040133779264214,0.568965517241379,0.365301724137931
A2,MEDIUM,352,V4_DIRECTION_19,V4_DIRECTION_30,1.32676333666077,0.043422519509476,0.862068965517241,0.445043103448276
A2,MEDIUM,353,V4_DIRECTION_19,V4_DIRECTION_31,0.72263461379547,0.0235228539576366,0.256465517241379,0.0948275862068965
A2,MEDIUM,354,V4_DIRECTION_19,V4_DIRECTION_32,0.829908396417474,0.056231884057971,0.351293103448276,0.713362068965517
A2,MEDIUM,355,V4_DIRECTION_19,V4_DIRECTION_33,1.4645414840787,0.0328205128205128,0.954741379310345,0.1875
A2,MEDIUM,356,V4_DIRECTION_19,V4_DIRECTION_34,0.534267692874995,0.0427647714604236,0.125,0.396551724137931
A2,MEDIUM,357,V4_DIRECTION_19,V4_DIRECTION_35,1.16247093660188,0.0501003344481605,0.696120689655172,0.603448275862069
A2,MEDIUM,358,V4_DIRECTION_19,V4_DIRECTION_37,1.27053512857213,0.0399554069119286,0.829741379310345,0.341594827586207
A2,MEDIUM,359,V4_DIRECTION_19,V4_DIRECTION_39,0.686825193291758,0.0590969899665552,0.224137931034483,0.773706896551724
A2,MEDIUM,360,V4_DIRECTION_20,V4_DIRECTION_22,1.03009260499766,0.0566332218506132,0.560344827586207,0.733836206896552
A2,MEDIUM,361,V4_DIRECTION_20,V4_DIRECTION_23,1.15823018376763,0.0534671125975474,0.691810344827586,0.674568965517241
A2,MEDIUM,362,V4_DIRECTION_20,V4_DIRECTION_24,1.1718563160861,0.0434782608695652,0.706896551724138,0.460129310344828
A2,MEDIUM,363,V4_DIRECTION_20,V4_DIRECTION_26,0.509840754962733,0.0330546265328874,0.101293103448276,0.197198275862069
A2,MEDIUM,364,V4_DIRECTION_20,V4_DIRECTION_28,1.34361319742948,0.0501003344481605,0.877155172413793,0.603448275862069
A2,MEDIUM,365,V4_DIRECTION_20,V4_DIRECTION_29,0.641721256297215,0.0335785953177258,0.198275862068966,0.252155172413793
A2,MEDIUM,366,V4_DIRECTION_20,V4_DIRECTION_30,1.35160498502903,0.0502118171683389,0.881465517241379,0.625
A2,MEDIUM,367,V4_DIRECTION_20,V4_DIRECTION_31,0.357068284903083,0.0302118171683389,0.0387931034482759,0.176724137931034
A2,MEDIUM,368,V4_DIRECTION_20,V4_DIRECTION_32,1.36527831227922,0.0599777034559643,0.896551724137931,0.790948275862069
A2,MEDIUM,369,V4_DIRECTION_20,V4_DIRECTION_33,0.950821523075662,0.0566332218506132,0.484913793103448,0.733836206896552
A2,MEDIUM,370,V4_DIRECTION_20,V4_DIRECTION_34,1.00061839476009,0.0599219620958751,0.521551724137931,0.78448275862069
A2,MEDIUM,371,V4_DIRECTION_20,V4_DIRECTION_35,0.170612957536667,0.00675585284280936,0,0.00431034482758621
A2,MEDIUM,372,V4_DIRECTION_20,V4_DIRECTION_37,0.794918074311102,0.0434671125975474,0.325431034482759,0.452586206896552
A2,MEDIUM,373,V4_DIRECTION_20,V4_DIRECTION_39,1.38746448059831,0.0763879598662207,0.911637931034483,0.969827586206897
A2,MEDIUM,374,V4_DIRECTION_22,V4_DIRECTION_23,0.888437615428582,0.0434113712374582,0.418103448275862,0.441810344827586
A2,MEDIUM,375,V4_DIRECTION_22,V4_DIRECTION_24,0.870262008458506,0.0598885172798216,0.398706896551724,0.782327586206897
A2,MEDIUM,376,V4_DIRECTION_22,V4_DIRECTION_26,1.2652764676158,0.0589966555183946,0.823275862068966,0.771551724137931
A2,MEDIUM,377,V4_DIRECTION_22,V4_DIRECTION_28,1.12092196284172,0.0435674470457079,0.648706896551724,0.476293103448276
A2,MEDIUM,378,V4_DIRECTION_22,V4_DIRECTION_29,0.624820508830163,0.0234113712374582,0.183189655172414,0.0862068965517241
A2,MEDIUM,379,V4_DIRECTION_22,V4_DIRECTION_30,0.718889686068101,0.039933110367893,0.25,0.336206896551724
A2,MEDIUM,380,V4_DIRECTION_22,V4_DIRECTION_31,0.7885899400954,0.0164994425863991,0.323275862068966,0.0301724137931034
A2,MEDIUM,381,V4_DIRECTION_22,V4_DIRECTION_32,1.16639811667867,0.0602118171683389,0.702586206896552,0.810344827586207
A2,MEDIUM,382,V4_DIRECTION_22,V4_DIRECTION_33,0.855006894600899,0.0401449275362319,0.375,0.37176724137931
A2,MEDIUM,383,V4_DIRECTION_22,V4_DIRECTION_34,0.68314715798989,0.0267558528428094,0.22198275862069,0.118534482758621
A2,MEDIUM,384,V4_DIRECTION_22,V4_DIRECTION_35,0.862072200706183,0.0634671125975474,0.383620689655172,0.857758620689655
A2,MEDIUM,385,V4_DIRECTION_22,V4_DIRECTION_37,1.20215911040362,0.0433444816053512,0.756465517241379,0.435344827586207
A2,MEDIUM,386,V4_DIRECTION_22,V4_DIRECTION_39,0.872776987091275,0.0501003344481605,0.40301724137931,0.603448275862069
A2,MEDIUM,387,V4_DIRECTION_23,V4_DIRECTION_24,1.34336171806396,0.0634559643255296,0.872844827586207,0.854525862068966
A2,MEDIUM,388,V4_DIRECTION_23,V4_DIRECTION_26,0.864501670322059,0.0494648829431438,0.385775862068966,0.556034482758621
A2,MEDIUM,389,V4_DIRECTION_23,V4_DIRECTION_28,0.828117331187462,0.0201114827201784,0.349137931034483,0.0538793103448276
A2,MEDIUM,390,V4_DIRECTION_23,V4_DIRECTION_29,1.09500059121977,0.0268673355629877,0.616379310344828,0.133620689655172
A2,MEDIUM,391,V4_DIRECTION_23,V4_DIRECTION_30,0.858441541085048,0.0535117056856187,0.381465517241379,0.69073275862069
A2,MEDIUM,392,V4_DIRECTION_23,V4_DIRECTION_31,0.845370279633888,0.0334448160535117,0.368534482758621,0.234913793103448
A2,MEDIUM,393,V4_DIRECTION_23,V4_DIRECTION_32,0.962183289225097,0.0768561872909699,0.495689655172414,0.973060344827586
A2,MEDIUM,394,V4_DIRECTION_23,V4_DIRECTION_33,0.934359971876311,0.00996655518394649,0.46551724137931,0.00862068965517241
A2,MEDIUM,395,V4_DIRECTION_23,V4_DIRECTION_34,1.01644421362328,0.0534113712374582,0.540948275862069,0.668103448275862
A2,MEDIUM,396,V4_DIRECTION_23,V4_DIRECTION_35,1.0909257751257,0.0669342251950948,0.609913793103448,0.905172413793103
A2,MEDIUM,397,V4_DIRECTION_23,V4_DIRECTION_37,1.14993496920614,0.0535005574136009,0.683189655172414,0.679956896551724
A2,MEDIUM,398,V4_DIRECTION_23,V4_DIRECTION_39,0.52136808076021,0.059933110367893,0.109913793103448,0.786637931034483
A2,MEDIUM,399,V4_DIRECTION_24,V4_DIRECTION_26,1.16298344694286,0.0331661092530658,0.698275862068966,0.205818965517241
A2,MEDIUM,400,V4_DIRECTION_24,V4_DIRECTION_28,0.919794754290723,0.0499665551839465,0.450431034482759,0.575431034482759
A2,MEDIUM,401,V4_DIRECTION_24,V4_DIRECTION_29,1.16361018375311,0.0435228539576366,0.700431034482759,0.469827586206897
A2,MEDIUM,402,V4_DIRECTION_24,V4_DIRECTION_30,0.345634971833219,0.0268450390189521,0.0344827586206897,0.129310344827586
A2,MEDIUM,403,V4_DIRECTION_24,V4_DIRECTION_31,1.369687950287,0.0335117056856187,0.900862068965517,0.245689655172414
A2,MEDIUM,404,V4_DIRECTION_24,V4_DIRECTION_32,0.887541133398074,0.0464882943143813,0.413793103448276,0.497844827586207
A2,MEDIUM,405,V4_DIRECTION_24,V4_DIRECTION_33,0.538275378247376,0.0364548494983278,0.127155172413793,0.275862068965517
A2,MEDIUM,406,V4_DIRECTION_24,V4_DIRECTION_34,0.864803541692461,0.0531215161649944,0.390086206896552,0.655172413793103
A2,MEDIUM,407,V4_DIRECTION_24,V4_DIRECTION_35,1.17943877583779,0.0434782608695652,0.713362068965517,0.460129310344828
A2,MEDIUM,408,V4_DIRECTION_24,V4_DIRECTION_37,0.659768941351223,0.030066889632107,0.211206896551724,0.154094827586207
A2,MEDIUM,409,V4_DIRECTION_24,V4_DIRECTION_39,1.317214861107,0.0762541806020067,0.855603448275862,0.966594827586207
A2,MEDIUM,410,V4_DIRECTION_26,V4_DIRECTION_28,0.717981141365658,0.0358082497212932,0.247844827586207,0.260775862068966
A2,MEDIUM,411,V4_DIRECTION_26,V4_DIRECTION_29,0.765675818291657,0.0363879598662207,0.299568965517241,0.273706896551724
A2,MEDIUM,412,V4_DIRECTION_26,V4_DIRECTION_30,1.30686517919693,0.0431772575250836,0.853448275862069,0.411637931034483
A2,MEDIUM,413,V4_DIRECTION_26,V4_DIRECTION_31,0.280548509444821,0.0265997770345596,0.0107758620689655,0.105603448275862
A2,MEDIUM,414,V4_DIRECTION_26,V4_DIRECTION_32,0.870011324473726,0.058974358974359,0.396551724137931,0.769396551724138
A2,MEDIUM,415,V4_DIRECTION_26,V4_DIRECTION_33,1.32228752668394,0.0422519509476031,0.857758620689655,0.390086206896552
A2,MEDIUM,416,V4_DIRECTION_26,V4_DIRECTION_34,0.988023243583497,0.0588628762541806,0.517241379310345,0.767241379310345
A2,MEDIUM,417,V4_DIRECTION_26,V4_DIRECTION_35,0.894311222305069,0.0430323299888517,0.424568965517241,0.400862068965517
A2,MEDIUM,418,V4_DIRECTION_26,V4_DIRECTION_37,0.934856239014897,0.0329096989966555,0.467672413793103,0.189655172413793
A2,MEDIUM,419,V4_DIRECTION_26,V4_DIRECTION_39,1.13223382048831,0.0817725752508361,0.65948275862069,0.984913793103448
A2,MEDIUM,420,V4_DIRECTION_28,V4_DIRECTION_29,0.733246914286781,0.033355629877369,0.262931034482759,0.22198275862069
A2,MEDIUM,421,V4_DIRECTION_28,V4_DIRECTION_30,1.14646699847544,0.0569453734671126,0.676724137931034,0.756465517241379
A2,MEDIUM,422,V4_DIRECTION_28,V4_DIRECTION_31,0.920464174789665,0.0231438127090301,0.452586206896552,0.0743534482758621
A2,MEDIUM,423,V4_DIRECTION_28,V4_DIRECTION_32,0.777217611889266,0.0702675585284281,0.314655172413793,0.93426724137931
A2,MEDIUM,424,V4_DIRECTION_28,V4_DIRECTION_33,1.07451867058257,0.0134113712374582,0.59698275862069,0.0172413793103448
A2,MEDIUM,425,V4_DIRECTION_28,V4_DIRECTION_34,0.581387249073901,0.0401783723522854,0.15948275862069,0.379310344827586
A2,MEDIUM,426,V4_DIRECTION_28,V4_DIRECTION_35,1.57915520233956,0.0634448160535117,0.989224137931034,0.851293103448276
A2,MEDIUM,427,V4_DIRECTION_28,V4_DIRECTION_37,0.967186572044592,0.0468227424749164,0.502155172413793,0.533405172413793
A2,MEDIUM,428,V4_DIRECTION_28,V4_DIRECTION_39,0.918468364530621,0.0635451505016722,0.448275862068966,0.865301724137931
A2,MEDIUM,429,V4_DIRECTION_29,V4_DIRECTION_30,1.37707636342487,0.037123745819398,0.905172413793103,0.310344827586207
A2,MEDIUM,430,V4_DIRECTION_29,V4_DIRECTION_31,0.321123866937193,0.00664437012263099,0.0193965517241379,0
A2,MEDIUM,431,V4_DIRECTION_29,V4_DIRECTION_32,1.21840868943054,0.0400557413600892,0.77801724137931,0.352370689655172
A2,MEDIUM,432,V4_DIRECTION_29,V4_DIRECTION_33,0.857297788696802,0.0333667781493868,0.379310344827586,0.224137931034483
A2,MEDIUM,433,V4_DIRECTION_29,V4_DIRECTION_34,0.751212609088709,0.0367001114827202,0.286637931034483,0.293103448275862
A2,MEDIUM,434,V4_DIRECTION_29,V4_DIRECTION_35,0.906226897660283,0.0401449275362319,0.439655172413793,0.37176724137931
A2,MEDIUM,435,V4_DIRECTION_29,V4_DIRECTION_37,0.803972921312572,0.0302341137123746,0.327586206896552,0.178879310344828
A2,MEDIUM,436,V4_DIRECTION_29,V4_DIRECTION_39,1.19453596892489,0.0398885172798216,0.745689655172414,0.328663793103448
A2,MEDIUM,437,V4_DIRECTION_30,V4_DIRECTION_31,1.43154701440684,0.0437904124860647,0.9375,0.482758620689655
A2,MEDIUM,438,V4_DIRECTION_30,V4_DIRECTION_32,0.596112400938366,0.0366332218506132,0.163793103448276,0.287715517241379
A2,MEDIUM,439,V4_DIRECTION_30,V4_DIRECTION_33,0.647316449085978,0.0433221850613155,0.200431034482759,0.429956896551724
A2,MEDIUM,440,V4_DIRECTION_30,V4_DIRECTION_34,1.21160481113332,0.0432441471571906,0.769396551724138,0.420258620689655
A2,MEDIUM,441,V4_DIRECTION_30,V4_DIRECTION_35,1.19209085454026,0.0537346711259755,0.737068965517241,0.702586206896552
A2,MEDIUM,442,V4_DIRECTION_30,V4_DIRECTION_37,0.710490512919348,0.00672240802675585,0.245689655172414,0.0021551724137931
A2,MEDIUM,443,V4_DIRECTION_30,V4_DIRECTION_39,0.768734067517709,0.0462876254180602,0.303879310344828,0.487068965517241
A2,MEDIUM,444,V4_DIRECTION_31,V4_DIRECTION_32,1.14543499302642,0.0465217391304348,0.674568965517241,0.50323275862069
A2,MEDIUM,445,V4_DIRECTION_31,V4_DIRECTION_33,1.19286088243332,0.0264548494983278,0.741379310344828,0.101293103448276
A2,MEDIUM,446,V4_DIRECTION_31,V4_DIRECTION_34,0.948974605872175,0.0397993311036789,0.482758620689655,0.325431034482759
A2,MEDIUM,447,V4_DIRECTION_31,V4_DIRECTION_35,0.623782652702483,0.0401003344481605,0.181034482758621,0.357758620689655
A2,MEDIUM,448,V4_DIRECTION_31,V4_DIRECTION_37,1.07639623209753,0.0335117056856187,0.601293103448276,0.245689655172414
A2,MEDIUM,449,V4_DIRECTION_31,V4_DIRECTION_39,1.1224429862078,0.0529319955406912,0.65301724137931,0.648706896551724
A2,MEDIUM,450,V4_DIRECTION_32,V4_DIRECTION_33,1.38147214817626,0.0735785953177258,0.907327586206897,0.950431034482759
A2,MEDIUM,451,V4_DIRECTION_32,V4_DIRECTION_34,1.29109169320888,0.0668896321070234,0.84051724137931,0.901939655172414
A2,MEDIUM,452,V4_DIRECTION_32,V4_DIRECTION_35,1.41406904990481,0.0634113712374582,0.928879310344828,0.84698275862069
A2,MEDIUM,453,V4_DIRECTION_32,V4_DIRECTION_37,0.822647293409839,0.04,0.344827586206897,0.344827586206897
A2,MEDIUM,454,V4_DIRECTION_32,V4_DIRECTION_39,0.327356133317736,0.0300557413600892,0.0258620689655172,0.150862068965517
A2,MEDIUM,455,V4_DIRECTION_33,V4_DIRECTION_34,0.971008509462257,0.0334448160535117,0.506465517241379,0.234913793103448
A2,MEDIUM,456,V4_DIRECTION_33,V4_DIRECTION_35,0.921276928337764,0.0533779264214047,0.454741379310345,0.663793103448276
A2,MEDIUM,457,V4_DIRECTION_33,V4_DIRECTION_37,0.5342204918937,0.0433444816053512,0.122844827586207,0.435344827586207
A2,MEDIUM,458,V4_DIRECTION_33,V4_DIRECTION_39,1.38280041383337,0.0701895206243032,0.90948275862069,0.924568965517241
A2,MEDIUM,459,V4_DIRECTION_34,V4_DIRECTION_35,1.04323397024608,0.073422519509476,0.575431034482759,0.946120689655172
A2,MEDIUM,460,V4_DIRECTION_34,V4_DIRECTION_37,1.09943859399248,0.046644370122631,0.620689655172414,0.514008620689655
A2,MEDIUM,461,V4_DIRECTION_34,V4_DIRECTION_39,1.0982172545632,0.0568227424749164,0.618534482758621,0.743534482758621
A2,MEDIUM,462,V4_DIRECTION_35,V4_DIRECTION_37,1.0411768331748,0.0602675585284281,0.573275862068966,0.814655172413793
A2,MEDIUM,463,V4_DIRECTION_35,V4_DIRECTION_39,1.23111250526208,0.0832775919732441,0.790948275862069,0.987068965517241
A2,MEDIUM,464,V4_DIRECTION_37,V4_DIRECTION_39,1.12312290533109,0.0330546265328874,0.655172413793103,0.197198275862069
A2,STRONG,0,V4_DIRECTION_00,V4_DIRECTION_01,1.1954977047677,0.0946711259754738,0.924568965517241,0.425646551724138
A2,STRONG,1,V4_DIRECTION_00,V4_DIRECTION_02,1.00163522388223,0.0825083612040134,0.676724137931034,0.25
A2,STRONG,2,V4_DIRECTION_00,V4_DIRECTION_03,1.32487735803656,0.100301003344482,0.989224137931034,0.532327586206897
A2,STRONG,3,V4_DIRECTION_00,V4_DIRECTION_04,1.125699058653,0.106889632107023,0.853448275862069,0.641163793103448
A2,STRONG,4,V4_DIRECTION_00,V4_DIRECTION_06,1.3625916724281,0.130211817168339,0.993534482758621,0.915948275862069
A2,STRONG,5,V4_DIRECTION_00,V4_DIRECTION_07,0.860660057215054,0.10314381270903,0.47198275862069,0.584051724137931
A2,STRONG,6,V4_DIRECTION_00,V4_DIRECTION_08,0.913851514567397,0.0800445930880714,0.538793103448276,0.230603448275862
A2,STRONG,7,V4_DIRECTION_00,V4_DIRECTION_09,0.910600709613999,0.127045707915273,0.530172413793103,0.894396551724138
A2,STRONG,8,V4_DIRECTION_00,V4_DIRECTION_10,1.07563715295381,0.083221850613155,0.77801724137931,0.258620689655172
A2,STRONG,9,V4_DIRECTION_00,V4_DIRECTION_11,0.692570316262134,0.0991973244147157,0.252155172413793,0.493534482758621
A2,STRONG,10,V4_DIRECTION_00,V4_DIRECTION_13,1.20769970827697,0.118216276477146,0.9375,0.822198275862069
A2,STRONG,11,V4_DIRECTION_00,V4_DIRECTION_15,0.378008969937026,0.0769230769230769,0.0366379310344828,0.206896551724138
A2,STRONG,12,V4_DIRECTION_00,V4_DIRECTION_17,0.932646129098459,0.0920847268673356,0.564655172413793,0.383620689655172
A2,STRONG,13,V4_DIRECTION_00,V4_DIRECTION_18,1.18785192442677,0.0803232998885173,0.920258620689655,0.243534482758621
A2,STRONG,14,V4_DIRECTION_00,V4_DIRECTION_19,0.534411288416337,0.0588963210702341,0.114224137931034,0.0625
A2,STRONG,15,V4_DIRECTION_00,V4_DIRECTION_20,0.79675511565061,0.0982274247491639,0.381465517241379,0.478448275862069
A2,STRONG,16,V4_DIRECTION_00,V4_DIRECTION_22,1.16859331572796,0.0736343366778149,0.898706896551724,0.176724137931034
A2,STRONG,17,V4_DIRECTION_00,V4_DIRECTION_23,0.700261121216107,0.0568561872909699,0.265086206896552,0.0517241379310345
A2,STRONG,18,V4_DIRECTION_00,V4_DIRECTION_24,1.29586087362849,0.0925529542920847,0.980603448275862,0.392241379310345
A2,STRONG,19,V4_DIRECTION_00,V4_DIRECTION_26,0.62965372911013,0.0814938684503902,0.191810344827586,0.247844827586207
A2,STRONG,20,V4_DIRECTION_00,V4_DIRECTION_28,0.5047302415415,0.0568004459308807,0.101293103448276,0.0495689655172414
A2,STRONG,21,V4_DIRECTION_00,V4_DIRECTION_29,0.559918324503756,0.0668896321070234,0.144396551724138,0.115301724137931
A2,STRONG,22,V4_DIRECTION_00,V4_DIRECTION_30,1.42382445568952,0.126465997770346,1,0.890086206896552
A2,STRONG,23,V4_DIRECTION_00,V4_DIRECTION_31,0.56719737204932,0.0749163879598662,0.155172413793103,0.185344827586207
A2,STRONG,24,V4_DIRECTION_00,V4_DIRECTION_32,1.04064061482529,0.137123745819398,0.734913793103448,0.957974137931034
A2,STRONG,25,V4_DIRECTION_00,V4_DIRECTION_33,1.10124213470794,0.0902564102564102,0.818965517241379,0.359913793103448
A2,STRONG,26,V4_DIRECTION_00,V4_DIRECTION_34,0.751273591280352,0.0635005574136009,0.318965517241379,0.0969827586206897
A2,STRONG,27,V4_DIRECTION_00,V4_DIRECTION_35,0.951366671601842,0.123678929765886,0.592672413793103,0.866379310344828
A2,STRONG,28,V4_DIRECTION_00,V4_DIRECTION_37,1.07872810872966,0.12628762541806,0.78448275862069,0.887931034482759
A2,STRONG,29,V4_DIRECTION_00,V4_DIRECTION_39,0.830467335000695,0.116722408026756,0.433189655172414,0.801724137931034
A2,STRONG,30,V4_DIRECTION_01,V4_DIRECTION_02,0.562177553995245,0.0833890746934225,0.150862068965517,0.265086206896552
A2,STRONG,31,V4_DIRECTION_01,V4_DIRECTION_03,0.79663791068842,0.0973021181716834,0.377155172413793,0.474137931034483
A2,STRONG,32,V4_DIRECTION_01,V4_DIRECTION_04,0.561420162291897,0.0857302118171683,0.146551724137931,0.286637931034483
A2,STRONG,33,V4_DIRECTION_01,V4_DIRECTION_06,0.353298976862623,0.082943143812709,0.0280172413793103,0.252155172413793
A2,STRONG,34,V4_DIRECTION_01,V4_DIRECTION_07,0.698840310231216,0.0932441471571906,0.258620689655172,0.399784482758621
A2,STRONG,35,V4_DIRECTION_01,V4_DIRECTION_08,1.13792492007921,0.0657859531772575,0.866379310344828,0.107758620689655
A2,STRONG,36,V4_DIRECTION_01,V4_DIRECTION_09,0.623328439934941,0.106923076923077,0.181034482758621,0.644396551724138
A2,STRONG,37,V4_DIRECTION_01,V4_DIRECTION_10,0.999759385454465,0.0961872909698997,0.672413793103448,0.439655172413793
A2,STRONG,38,V4_DIRECTION_01,V4_DIRECTION_11,1.122721362395,0.0903790412486065,0.851293103448276,0.366379310344828
A2,STRONG,39,V4_DIRECTION_01,V4_DIRECTION_13,0.552186884064891,0.0568784838350056,0.133620689655172,0.0538793103448276
A2,STRONG,40,V4_DIRECTION_01,V4_DIRECTION_15,1.11014352555423,0.110144927536232,0.834051724137931,0.685344827586207
A2,STRONG,41,V4_DIRECTION_01,V4_DIRECTION_17,0.256905482389595,0.0434113712374582,0.00431034482758621,0.0129310344827586
A2,STRONG,42,V4_DIRECTION_01,V4_DIRECTION_18,0.699765838438217,0.110702341137124,0.262931034482759,0.710129310344828
A2,STRONG,43,V4_DIRECTION_01,V4_DIRECTION_19,1.06606198170684,0.060066889632107,0.765086206896552,0.0732758620689655
A2,STRONG,44,V4_DIRECTION_01,V4_DIRECTION_20,0.561460644624347,0.0370122630992196,0.148706896551724,0.0021551724137931
A2,STRONG,45,V4_DIRECTION_01,V4_DIRECTION_22,0.497076124116423,0.077257525083612,0.0948275862068965,0.213362068965517
A2,STRONG,46,V4_DIRECTION_01,V4_DIRECTION_23,1.04213985388466,0.113846153846154,0.741379310344828,0.773706896551724
A2,STRONG,47,V4_DIRECTION_01,V4_DIRECTION_24,0.863043947796306,0.0634113712374582,0.474137931034483,0.0926724137931035
A2,STRONG,48,V4_DIRECTION_01,V4_DIRECTION_26,0.802430713816076,0.0603010033444816,0.392241379310345,0.0818965517241379
A2,STRONG,49,V4_DIRECTION_01,V4_DIRECTION_28,1.29269890757033,0.110301003344482,0.976293103448276,0.697198275862069
A2,STRONG,50,V4_DIRECTION_01,V4_DIRECTION_29,0.821851275527226,0.111683389074693,0.424568965517241,0.71551724137931
A2,STRONG,51,V4_DIRECTION_01,V4_DIRECTION_30,0.806319041745296,0.0997993311036789,0.396551724137931,0.508620689655172
A2,STRONG,52,V4_DIRECTION_01,V4_DIRECTION_31,0.557785961099249,0.0769119286510591,0.140086206896552,0.201508620689655
A2,STRONG,53,V4_DIRECTION_01,V4_DIRECTION_32,0.941029224586417,0.11866220735786,0.575431034482759,0.825431034482759
A2,STRONG,54,V4_DIRECTION_01,V4_DIRECTION_33,1.00811875639855,0.132173913043478,0.685344827586207,0.924568965517241
A2,STRONG,55,V4_DIRECTION_01,V4_DIRECTION_34,1.01394754055146,0.0986176142697882,0.696120689655172,0.487068965517241
A2,STRONG,56,V4_DIRECTION_01,V4_DIRECTION_35,0.420875866546,0.0634894091415831,0.0517241379310345,0.0948275862068965
A2,STRONG,57,V4_DIRECTION_01,V4_DIRECTION_37,1.01686840856323,0.116666666666667,0.704741379310345,0.799568965517241
A2,STRONG,58,V4_DIRECTION_01,V4_DIRECTION_39,0.918309960109154,0.132675585284281,0.551724137931034,0.926724137931034
A2,STRONG,59,V4_DIRECTION_02,V4_DIRECTION_03,1.00030236037013,0.118795986622074,0.674568965517241,0.829741379310345
A2,STRONG,60,V4_DIRECTION_02,V4_DIRECTION_04,0.759384968344832,0.0965997770345596,0.329741379310345,0.452586206896552
A2,STRONG,61,V4_DIRECTION_02,V4_DIRECTION_06,0.791843836198912,0.164882943143813,0.368534482758621,1
A2,STRONG,62,V4_DIRECTION_02,V4_DIRECTION_07,0.366129110244491,0.0669453734671126,0.0301724137931034,0.120689655172414
A2,STRONG,63,V4_DIRECTION_02,V4_DIRECTION_08,0.918194286067159,0.0899665551839465,0.549568965517241,0.352370689655172
A2,STRONG,64,V4_DIRECTION_02,V4_DIRECTION_09,1.04222921370334,0.133154960981048,0.743534482758621,0.9375
A2,STRONG,65,V4_DIRECTION_02,V4_DIRECTION_10,0.884329778684036,0.113534002229654,0.506465517241379,0.75323275862069
A2,STRONG,66,V4_DIRECTION_02,V4_DIRECTION_11,1.25894166338927,0.123946488294314,0.961206896551724,0.870689655172414
A2,STRONG,67,V4_DIRECTION_02,V4_DIRECTION_13,0.984364812145319,0.120234113712375,0.650862068965517,0.849137931034483
A2,STRONG,68,V4_DIRECTION_02,V4_DIRECTION_15,0.627781520028414,0.1117502787068,0.189655172413793,0.717672413793103
A2,STRONG,69,V4_DIRECTION_02,V4_DIRECTION_17,0.462685281327336,0.0936120401337793,0.0646551724137931,0.413793103448276
A2,STRONG,70,V4_DIRECTION_02,V4_DIRECTION_18,0.810341386314854,0.10546265328874,0.40301724137931,0.603448275862069
A2,STRONG,71,V4_DIRECTION_02,V4_DIRECTION_19,0.660547611492453,0.0635451505016722,0.224137931034483,0.102370689655172
A2,STRONG,72,V4_DIRECTION_02,V4_DIRECTION_20,0.926033840610035,0.0802675585284281,0.560344827586207,0.235991379310345
A2,STRONG,73,V4_DIRECTION_02,V4_DIRECTION_22,0.804637936453845,0.115496098104794,0.394396551724138,0.78448275862069
A2,STRONG,74,V4_DIRECTION_02,V4_DIRECTION_23,0.331206085982186,0.0852396878483835,0.021551724137931,0.28448275862069
A2,STRONG,75,V4_DIRECTION_02,V4_DIRECTION_24,1.0788696088944,0.0870234113712375,0.786637931034483,0.316810344827586
A2,STRONG,76,V4_DIRECTION_02,V4_DIRECTION_26,0.735651331149971,0.0500780379041249,0.297413793103448,0.0258620689655172
A2,STRONG,77,V4_DIRECTION_02,V4_DIRECTION_28,1.08260972509147,0.0984615384615385,0.795258620689655,0.483836206896552
A2,STRONG,78,V4_DIRECTION_02,V4_DIRECTION_29,1.11471596024964,0.109464882943144,0.838362068965517,0.671336206896552
A2,STRONG,79,V4_DIRECTION_02,V4_DIRECTION_30,0.760638959233151,0.0935785953177257,0.331896551724138,0.40948275862069
A2,STRONG,80,V4_DIRECTION_02,V4_DIRECTION_31,0.698365698561639,0.0868227424749164,0.254310344827586,0.301724137931034
A2,STRONG,81,V4_DIRECTION_02,V4_DIRECTION_32,0.691726676446381,0.149799331103679,0.247844827586207,0.991379310344828
A2,STRONG,82,V4_DIRECTION_02,V4_DIRECTION_33,1.08226101142268,0.106399108138239,0.793103448275862,0.622844827586207
A2,STRONG,83,V4_DIRECTION_02,V4_DIRECTION_34,1.10981663937962,0.0996321070234114,0.827586206896552,0.504310344827586
A2,STRONG,84,V4_DIRECTION_02,V4_DIRECTION_35,0.782727788737335,0.119799331103679,0.355603448275862,0.842672413793103
A2,STRONG,85,V4_DIRECTION_02,V4_DIRECTION_37,1.10167050373021,0.127068004459309,0.821120689655172,0.896551724137931
A2,STRONG,86,V4_DIRECTION_02,V4_DIRECTION_39,0.625223529864339,0.147826086956522,0.185344827586207,0.987068965517241
A2,STRONG,87,V4_DIRECTION_03,V4_DIRECTION_04,0.508318388617918,0.0631549609810479,0.105603448275862,0.0905172413793103
A2,STRONG,88,V4_DIRECTION_03,V4_DIRECTION_06,0.469474335936012,0.100267558528428,0.0689655172413793,0.526939655172414
A2,STRONG,89,V4_DIRECTION_03,V4_DIRECTION_07,0.954929289423677,0.0993199554069119,0.601293103448276,0.495689655172414
A2,STRONG,90,V4_DIRECTION_03,V4_DIRECTION_08,0.799588244033786,0.0764548494983277,0.385775862068966,0.193965517241379
A2,STRONG,91,V4_DIRECTION_03,V4_DIRECTION_09,0.902809874252428,0.119509476031215,0.519396551724138,0.84051724137931
A2,STRONG,92,V4_DIRECTION_03,V4_DIRECTION_10,0.495352617491798,0.0427647714604236,0.0905172413793103,0.0107758620689655
A2,STRONG,93,V4_DIRECTION_03,V4_DIRECTION_11,0.948913582274355,0.0784615384615385,0.584051724137931,0.21551724137931
A2,STRONG,94,V4_DIRECTION_03,V4_DIRECTION_13,0.493631172007501,0.0807692307692308,0.0883620689655172,0.245689655172414
A2,STRONG,95,V4_DIRECTION_03,V4_DIRECTION_15,1.28337276050776,0.113756967670011,0.97198275862069,0.769396551724138
A2,STRONG,96,V4_DIRECTION_03,V4_DIRECTION_17,1.05084330147057,0.124916387959866,0.752155172413793,0.879310344827586
A2,STRONG,97,V4_DIRECTION_03,V4_DIRECTION_18,0.319167302045438,0.0401783723522854,0.0129310344827586,0.00646551724137931
A2,STRONG,98,V4_DIRECTION_03,V4_DIRECTION_19,1.26341829440276,0.0984615384615385,0.963362068965517,0.483836206896552
A2,STRONG,99,V4_DIRECTION_03,V4_DIRECTION_20,1.02796395574558,0.104080267558528,0.72198275862069,0.59698275862069
A2,STRONG,100,V4_DIRECTION_03,V4_DIRECTION_22,0.650751023751408,0.0803121516164994,0.211206896551724,0.241379310344828
A2,STRONG,101,V4_DIRECTION_03,V4_DIRECTION_23,0.989551597001895,0.0836343366778149,0.657327586206897,0.27801724137931
A2,STRONG,102,V4_DIRECTION_03,V4_DIRECTION_24,0.369627789948625,0.0785953177257525,0.0323275862068966,0.217672413793103
A2,STRONG,103,V4_DIRECTION_03,V4_DIRECTION_26,1.30513690788109,0.117502787068004,0.984913793103448,0.816810344827586
A2,STRONG,104,V4_DIRECTION_03,V4_DIRECTION_28,1.18299555654659,0.110367892976589,0.911637931034483,0.703663793103448
A2,STRONG,105,V4_DIRECTION_03,V4_DIRECTION_29,1.09792540002042,0.113612040133779,0.814655172413793,0.758620689655172
A2,STRONG,106,V4_DIRECTION_03,V4_DIRECTION_30,0.253172206603819,0.0892976588628762,0.0021551724137931,0.334051724137931
A2,STRONG,107,V4_DIRECTION_03,V4_DIRECTION_31,1.23270129165618,0.124414715719064,0.950431034482759,0.873922413793103
A2,STRONG,108,V4_DIRECTION_03,V4_DIRECTION_32,0.907327390671028,0.13695652173913,0.521551724137931,0.954741379310345
A2,STRONG,109,V4_DIRECTION_03,V4_DIRECTION_33,0.342295764432894,0.0700111482720178,0.0237068965517241,0.129310344827586
A2,STRONG,110,V4_DIRECTION_03,V4_DIRECTION_34,0.917539321072488,0.0600334448160535,0.547413793103448,0.0711206896551724
A2,STRONG,111,V4_DIRECTION_03,V4_DIRECTION_35,0.840284291424298,0.0994648829431438,0.441810344827586,0.498922413793103
A2,STRONG,112,V4_DIRECTION_03,V4_DIRECTION_37,0.666544915673327,0.109141583054627,0.228448275862069,0.663793103448276
A2,STRONG,113,V4_DIRECTION_03,V4_DIRECTION_39,0.946048816767329,0.106889632107023,0.581896551724138,0.641163793103448
A2,STRONG,114,V4_DIRECTION_04,V4_DIRECTION_06,0.47711264634832,0.132998885172798,0.0732758620689655,0.933189655172414
A2,STRONG,115,V4_DIRECTION_04,V4_DIRECTION_07,0.745575576861618,0.0968561872909699,0.303879310344828,0.461206896551724
A2,STRONG,116,V4_DIRECTION_04,V4_DIRECTION_08,1.24843751006436,0.0736008918617614,0.954741379310345,0.173491379310345
A2,STRONG,117,V4_DIRECTION_04,V4_DIRECTION_09,0.950515099105397,0.138439241917503,0.59051724137931,0.96551724137931
A2,STRONG,118,V4_DIRECTION_04,V4_DIRECTION_10,0.613180902399616,0.0768896321070234,0.176724137931034,0.198275862068966
A2,STRONG,119,V4_DIRECTION_04,V4_DIRECTION_11,1.206580570644,0.113221850613155,0.935344827586207,0.745689655172414
A2,STRONG,120,V4_DIRECTION_04,V4_DIRECTION_13,0.445912603663744,0.0725083612040134,0.0560344827586207,0.148706896551724
A2,STRONG,121,V4_DIRECTION_04,V4_DIRECTION_15,1.34835430526454,0.126488294314381,0.991379310344828,0.892241379310345
A2,STRONG,122,V4_DIRECTION_04,V4_DIRECTION_17,0.943801526351809,0.112998885172798,0.579741379310345,0.737068965517241
A2,STRONG,123,V4_DIRECTION_04,V4_DIRECTION_18,0.263844616121214,0.0664994425863991,0.00646551724137931,0.109913793103448
A2,STRONG,124,V4_DIRECTION_04,V4_DIRECTION_19,1.0763840268955,0.0830657748049052,0.782327586206897,0.254310344827586
A2,STRONG,125,V4_DIRECTION_04,V4_DIRECTION_20,0.793325321883635,0.0924749163879599,0.370689655172414,0.390086206896552
A2,STRONG,126,V4_DIRECTION_04,V4_DIRECTION_22,0.456662711579026,0.106633221850613,0.0603448275862069,0.629310344827586
A2,STRONG,127,V4_DIRECTION_04,V4_DIRECTION_23,0.894307950563009,0.0931772575250836,0.510775862068966,0.396551724137931
A2,STRONG,128,V4_DIRECTION_04,V4_DIRECTION_24,0.819759533623981,0.0831661092530658,0.418103448275862,0.256465517241379
A2,STRONG,129,V4_DIRECTION_04,V4_DIRECTION_26,1.20555341238426,0.115897435897436,0.933189655172414,0.788793103448276
A2,STRONG,130,V4_DIRECTION_04,V4_DIRECTION_28,1.26912125578978,0.113166109253066,0.969827586206897,0.741379310344828
A2,STRONG,131,V4_DIRECTION_04,V4_DIRECTION_29,0.976120701267799,0.133690078037904,0.637931034482759,0.939655172413793
A2,STRONG,132,V4_DIRECTION_04,V4_DIRECTION_30,0.770463739189852,0.113600891861761,0.342672413793103,0.756465517241379
A2,STRONG,133,V4_DIRECTION_04,V4_DIRECTION_31,0.962779338153991,0.106020066889632,0.616379310344828,0.616379310344828
A2,STRONG,134,V4_DIRECTION_04,V4_DIRECTION_32,1.29466346733814,0.157146042363434,0.978448275862069,0.997844827586207
A2,STRONG,135,V4_DIRECTION_04,V4_DIRECTION_33,0.662551667696746,0.0735562987736901,0.226293103448276,0.165948275862069
A2,STRONG,136,V4_DIRECTION_04,V4_DIRECTION_34,0.651208036616962,0.0735785953177258,0.213362068965517,0.170258620689655
A2,STRONG,137,V4_DIRECTION_04,V4_DIRECTION_35,0.511189669366895,0.0983723522853958,0.107758620689655,0.480603448275862
A2,STRONG,138,V4_DIRECTION_04,V4_DIRECTION_37,1.0855690382311,0.150301003344482,0.803879310344828,0.993534482758621
A2,STRONG,139,V4_DIRECTION_04,V4_DIRECTION_39,1.01004350130177,0.136142697881828,0.6875,0.948275862068966
A2,STRONG,140,V4_DIRECTION_06,V4_DIRECTION_07,0.770716446448819,0.122140468227425,0.344827586206897,0.853448275862069
A2,STRONG,141,V4_DIRECTION_06,V4_DIRECTION_08,1.10105484641236,0.109464882943144,0.816810344827586,0.671336206896552
A2,STRONG,142,V4_DIRECTION_06,V4_DIRECTION_09,0.727398029073767,0.101638795986622,0.286637931034483,0.547413793103448
A2,STRONG,143,V4_DIRECTION_06,V4_DIRECTION_10,0.914881964905487,0.112486064659978,0.540948275862069,0.72198275862069
A2,STRONG,144,V4_DIRECTION_06,V4_DIRECTION_11,1.06762967823644,0.101103678929766,0.769396551724138,0.545258620689655
A2,STRONG,145,V4_DIRECTION_06,V4_DIRECTION_13,0.546849787302752,0.129966555183946,0.122844827586207,0.913793103448276
A2,STRONG,146,V4_DIRECTION_06,V4_DIRECTION_15,1.28589568552207,0.113801560758082,0.974137931034483,0.771551724137931
A2,STRONG,147,V4_DIRECTION_06,V4_DIRECTION_17,0.799052351616158,0.134113712374582,0.383620689655172,0.943965517241379
A2,STRONG,148,V4_DIRECTION_06,V4_DIRECTION_18,0.488667070982631,0.11371237458194,0.084051724137931,0.764008620689655
A2,STRONG,149,V4_DIRECTION_06,V4_DIRECTION_19,1.08216768120863,0.0943366778149387,0.790948275862069,0.422413793103448
A2,STRONG,150,V4_DIRECTION_06,V4_DIRECTION_20,0.846767569984304,0.106465997770346,0.452586206896552,0.625
A2,STRONG,151,V4_DIRECTION_06,V4_DIRECTION_22,0.29609546260267,0.0769230769230769,0.0107758620689655,0.206896551724138
A2,STRONG,152,V4_DIRECTION_06,V4_DIRECTION_23,1.12219078766283,0.120401337792642,0.849137931034483,0.851293103448276
A2,STRONG,153,V4_DIRECTION_06,V4_DIRECTION_24,0.56695033221414,0.114648829431438,0.15301724137931,0.782327586206897
A2,STRONG,154,V4_DIRECTION_06,V4_DIRECTION_26,1.04809308127389,0.113210702341137,0.747844827586207,0.743534482758621
A2,STRONG,155,V4_DIRECTION_06,V4_DIRECTION_28,1.2262598248152,0.11371237458194,0.948275862068966,0.764008620689655
A2,STRONG,156,V4_DIRECTION_06,V4_DIRECTION_29,0.94949401562211,0.0899665551839465,0.588362068965517,0.352370689655172
A2,STRONG,157,V4_DIRECTION_06,V4_DIRECTION_30,0.453368913008506,0.102073578595318,0.0581896551724138,0.5625
A2,STRONG,158,V4_DIRECTION_06,V4_DIRECTION_31,0.937617120117655,0.100078037904125,0.573275862068966,0.515086206896552
A2,STRONG,159,V4_DIRECTION_06,V4_DIRECTION_32,0.816579301223031,0.0965440356744705,0.411637931034483,0.449353448275862
A2,STRONG,160,V4_DIRECTION_06,V4_DIRECTION_33,0.895984100406699,0.136588628762542,0.512931034482759,0.950431034482759
A2,STRONG,161,V4_DIRECTION_06,V4_DIRECTION_34,0.749533208326429,0.0898327759197324,0.314655172413793,0.34698275862069
A2,STRONG,162,V4_DIRECTION_06,V4_DIRECTION_35,0.702192752251962,0.12505016722408,0.267241379310345,0.881465517241379
A2,STRONG,163,V4_DIRECTION_06,V4_DIRECTION_37,0.847817020632649,0.101794871794872,0.456896551724138,0.553879310344828
A2,STRONG,164,V4_DIRECTION_06,V4_DIRECTION_39,0.762733405071528,0.0735674470457079,0.338362068965517,0.168103448275862
A2,STRONG,165,V4_DIRECTION_07,V4_DIRECTION_08,0.955084116224077,0.0869565217391304,0.603448275862069,0.310344827586207
A2,STRONG,166,V4_DIRECTION_07,V4_DIRECTION_09,0.856510151343121,0.112775919732441,0.469827586206897,0.729525862068966
A2,STRONG,167,V4_DIRECTION_07,V4_DIRECTION_10,0.744113658894345,0.0870122630992196,0.301724137931034,0.314655172413793
A2,STRONG,168,V4_DIRECTION_07,V4_DIRECTION_11,1.04117888805716,0.11025641025641,0.737068965517241,0.693965517241379
A2,STRONG,169,V4_DIRECTION_07,V4_DIRECTION_13,0.999471950421731,0.110144927536232,0.670258620689655,0.6875
A2,STRONG,170,V4_DIRECTION_07,V4_DIRECTION_15,0.652158084875698,0.0988628762541806,0.217672413793103,0.491379310344828
A2,STRONG,171,V4_DIRECTION_07,V4_DIRECTION_17,0.685620788461503,0.103545150501672,0.239224137931034,0.592672413793103
A2,STRONG,172,V4_DIRECTION_07,V4_DIRECTION_18,0.846501818852335,0.112608695652174,0.450431034482759,0.726293103448276
A2,STRONG,173,V4_DIRECTION_07,V4_DIRECTION_19,0.420101124144744,0.043422519509476,0.0495689655172414,0.0161637931034483
A2,STRONG,174,V4_DIRECTION_07,V4_DIRECTION_20,0.651371428375681,0.0764214046822742,0.21551724137931,0.191810344827586
A2,STRONG,175,V4_DIRECTION_07,V4_DIRECTION_22,0.972904965425192,0.109264214046823,0.629310344827586,0.668103448275862
A2,STRONG,176,V4_DIRECTION_07,V4_DIRECTION_23,0.418362609267984,0.0890969899665552,0.0452586206896552,0.329741379310345
A2,STRONG,177,V4_DIRECTION_07,V4_DIRECTION_24,0.985664523217207,0.0735117056856187,0.655172413793103,0.162715517241379
A2,STRONG,178,V4_DIRECTION_07,V4_DIRECTION_26,0.478782952694827,0.0563879598662207,0.0775862068965517,0.0431034482758621
A2,STRONG,179,V4_DIRECTION_07,V4_DIRECTION_28,1.0547034449423,0.102374581939799,0.756465517241379,0.573275862068966
A2,STRONG,180,V4_DIRECTION_07,V4_DIRECTION_29,1.03141742157516,0.0965440356744705,0.726293103448276,0.449353448275862
A2,STRONG,181,V4_DIRECTION_07,V4_DIRECTION_30,0.869357556089123,0.0603344481605351,0.487068965517241,0.084051724137931
A2,STRONG,182,V4_DIRECTION_07,V4_DIRECTION_31,0.634562825627206,0.08,0.193965517241379,0.227370689655172
A2,STRONG,183,V4_DIRECTION_07,V4_DIRECTION_32,0.833967548792274,0.106666666666667,0.4375,0.631465517241379
A2,STRONG,184,V4_DIRECTION_07,V4_DIRECTION_33,0.93720696884173,0.0967224080267559,0.571120689655172,0.459051724137931
A2,STRONG,185,V4_DIRECTION_07,V4_DIRECTION_34,0.78833008310317,0.0867335562987737,0.364224137931034,0.297413793103448
A2,STRONG,186,V4_DIRECTION_07,V4_DIRECTION_35,0.642204686636215,0.122965440356745,0.202586206896552,0.859913793103448
A2,STRONG,187,V4_DIRECTION_07,V4_DIRECTION_37,0.870785930378617,0.100468227424749,0.493534482758621,0.538793103448276
A2,STRONG,188,V4_DIRECTION_07,V4_DIRECTION_39,0.812935493265506,0.111817168338907,0.407327586206897,0.719827586206897
A2,STRONG,189,V4_DIRECTION_08,V4_DIRECTION_09,1.10625921006682,0.108494983277592,0.823275862068966,0.657327586206897
A2,STRONG,190,V4_DIRECTION_08,V4_DIRECTION_10,0.820149639514274,0.0601783723522854,0.420258620689655,0.0775862068965517
A2,STRONG,191,V4_DIRECTION_08,V4_DIRECTION_11,0.608105513404175,0.0933779264214047,0.172413793103448,0.40625
A2,STRONG,192,V4_DIRECTION_08,V4_DIRECTION_13,0.898688192537319,0.0725752508361204,0.515086206896552,0.150862068965517
A2,STRONG,193,V4_DIRECTION_08,V4_DIRECTION_15,0.748594748878513,0.0963768115942029,0.3125,0.443965517241379
A2,STRONG,194,V4_DIRECTION_08,V4_DIRECTION_17,1.00332082059377,0.0863545150501672,0.678879310344828,0.294181034482759
A2,STRONG,195,V4_DIRECTION_08,V4_DIRECTION_18,1.11632730218622,0.0932441471571906,0.844827586206897,0.399784482758621
A2,STRONG,196,V4_DIRECTION_08,V4_DIRECTION_19,0.883963849140126,0.0630992196209588,0.504310344827586,0.0883620689655172
A2,STRONG,197,V4_DIRECTION_08,V4_DIRECTION_20,1.15252276745665,0.0593088071348941,0.883620689655172,0.0646551724137931
A2,STRONG,198,V4_DIRECTION_08,V4_DIRECTION_22,1.30151861588245,0.0898996655518395,0.982758620689655,0.349137931034483
A2,STRONG,199,V4_DIRECTION_08,V4_DIRECTION_23,0.953720691991024,0.103177257525084,0.599137931034483,0.586206896551724
A2,STRONG,200,V4_DIRECTION_08,V4_DIRECTION_24,0.557295691400448,0.0598996655518395,0.137931034482759,0.0689655172413793
A2,STRONG,201,V4_DIRECTION_08,V4_DIRECTION_26,0.918982957907799,0.0759866220735786,0.556034482758621,0.1875
A2,STRONG,202,V4_DIRECTION_08,V4_DIRECTION_28,0.716055211348703,0.0896989966555184,0.275862068965517,0.344827586206897
A2,STRONG,203,V4_DIRECTION_08,V4_DIRECTION_29,1.20219207937058,0.110234113712375,0.926724137931034,0.69073275862069
A2,STRONG,204,V4_DIRECTION_08,V4_DIRECTION_30,0.707572306445252,0.0835117056856187,0.273706896551724,0.269396551724138
A2,STRONG,205,V4_DIRECTION_08,V4_DIRECTION_31,1.21261125528359,0.0894091415830546,0.939655172413793,0.336206896551724
A2,STRONG,206,V4_DIRECTION_08,V4_DIRECTION_32,0.460059120200157,0.113667781493868,0.0625,0.760775862068966
A2,STRONG,207,V4_DIRECTION_08,V4_DIRECTION_33,0.918946085423829,0.0869230769230769,0.553879310344828,0.308189655172414
A2,STRONG,208,V4_DIRECTION_08,V4_DIRECTION_34,1.07535391353902,0.0835451505016722,0.775862068965517,0.271551724137931
A2,STRONG,209,V4_DIRECTION_08,V4_DIRECTION_35,1.15109555113003,0.0917725752508361,0.877155172413793,0.380387931034483
A2,STRONG,210,V4_DIRECTION_08,V4_DIRECTION_37,0.885572005705579,0.113534002229654,0.508620689655172,0.75323275862069
A2,STRONG,211,V4_DIRECTION_08,V4_DIRECTION_39,0.826894380705823,0.125975473801561,0.426724137931034,0.885775862068966
A2,STRONG,212,V4_DIRECTION_09,V4_DIRECTION_10,0.933838026111419,0.105551839464883,0.568965517241379,0.609913793103448
A2,STRONG,213,V4_DIRECTION_09,V4_DIRECTION_11,0.538076757362002,0.0399108138238573,0.116379310344828,0.00431034482758621
A2,STRONG,214,V4_DIRECTION_09,V4_DIRECTION_13,0.724175439547451,0.0968784838350056,0.28448275862069,0.463362068965517
A2,STRONG,215,V4_DIRECTION_09,V4_DIRECTION_15,0.910110410391853,0.105496098104794,0.52801724137931,0.605603448275862
A2,STRONG,216,V4_DIRECTION_09,V4_DIRECTION_17,0.614541533407658,0.106688963210702,0.178879310344828,0.633620689655172
A2,STRONG,217,V4_DIRECTION_09,V4_DIRECTION_18,1.01724047564824,0.132909698996656,0.709051724137931,0.931034482758621
A2,STRONG,218,V4_DIRECTION_09,V4_DIRECTION_19,1.05818470123856,0.116588628762542,0.760775862068966,0.794181034482759
A2,STRONG,219,V4_DIRECTION_09,V4_DIRECTION_20,0.389227182221682,0.083768115942029,0.040948275862069,0.280172413793103
A2,STRONG,220,V4_DIRECTION_09,V4_DIRECTION_22,0.780839429250508,0.0994648829431438,0.353448275862069,0.498922413793103
A2,STRONG,221,V4_DIRECTION_09,V4_DIRECTION_23,1.08073048009333,0.12933110367893,0.788793103448276,0.90948275862069
A2,STRONG,222,V4_DIRECTION_09,V4_DIRECTION_24,0.802016372709995,0.119899665551839,0.387931034482759,0.844827586206897
A2,STRONG,223,V4_DIRECTION_09,V4_DIRECTION_26,0.645591228570255,0.0969899665551839,0.206896551724138,0.46875
A2,STRONG,224,V4_DIRECTION_09,V4_DIRECTION_28,1.03572577048658,0.102341137123746,0.728448275862069,0.571120689655172
A2,STRONG,225,V4_DIRECTION_09,V4_DIRECTION_29,0.392582916462369,0.070546265328874,0.0431034482758621,0.140086206896552
A2,STRONG,226,V4_DIRECTION_09,V4_DIRECTION_30,0.978706059502017,0.119297658862876,0.646551724137931,0.837284482758621
A2,STRONG,227,V4_DIRECTION_09,V4_DIRECTION_31,0.486143517668365,0.0834336677814939,0.0797413793103448,0.267241379310345
A2,STRONG,228,V4_DIRECTION_09,V4_DIRECTION_32,0.929125096093001,0.074247491638796,0.5625,0.183189655172414
A2,STRONG,229,V4_DIRECTION_09,V4_DIRECTION_33,0.796476712540418,0.114548494983278,0.375,0.780172413793103
A2,STRONG,230,V4_DIRECTION_09,V4_DIRECTION_34,0.908620743792846,0.124437012263099,0.525862068965517,0.877155172413793
A2,STRONG,231,V4_DIRECTION_09,V4_DIRECTION_35,0.54663239798416,0.0870011148272018,0.120689655172414,0.3125
A2,STRONG,232,V4_DIRECTION_09,V4_DIRECTION_37,0.472199124707771,0.0693422519509476,0.0711206896551724,0.125
A2,STRONG,233,V4_DIRECTION_09,V4_DIRECTION_39,1.02806569826209,0.0977926421404682,0.724137931034483,0.476293103448276
A2,STRONG,234,V4_DIRECTION_10,V4_DIRECTION_11,0.746563854313042,0.0734671125975474,0.308189655172414,0.158405172413793
A2,STRONG,235,V4_DIRECTION_10,V4_DIRECTION_13,0.776998824413959,0.0895986622073578,0.349137931034483,0.338362068965517
A2,STRONG,236,V4_DIRECTION_10,V4_DIRECTION_15,1.0756644904902,0.102742474916388,0.780172413793103,0.577586206896552
A2,STRONG,237,V4_DIRECTION_10,V4_DIRECTION_17,1.06978862983663,0.109977703455964,0.771551724137931,0.678879310344828
A2,STRONG,238,V4_DIRECTION_10,V4_DIRECTION_18,0.466293546380316,0.0795986622073579,0.0668103448275862,0.22198275862069
A2,STRONG,239,V4_DIRECTION_10,V4_DIRECTION_19,1.08583105424489,0.0833444816053512,0.806034482758621,0.260775862068966
A2,STRONG,240,V4_DIRECTION_10,V4_DIRECTION_20,0.810296504687919,0.0997101449275362,0.400862068965517,0.506465517241379
A2,STRONG,241,V4_DIRECTION_10,V4_DIRECTION_22,1.0543506703121,0.0963210702341137,0.754310344827586,0.441810344827586
A2,STRONG,242,V4_DIRECTION_10,V4_DIRECTION_23,0.746176027213229,0.0861761426978818,0.306034482758621,0.290948275862069
A2,STRONG,243,V4_DIRECTION_10,V4_DIRECTION_24,0.850123127798111,0.0700780379041249,0.463362068965517,0.134698275862069
A2,STRONG,244,V4_DIRECTION_10,V4_DIRECTION_26,1.12707800659601,0.106354515050167,0.855603448275862,0.620689655172414
A2,STRONG,245,V4_DIRECTION_10,V4_DIRECTION_28,1.21295502521268,0.102787068004459,0.941810344827586,0.579741379310345
A2,STRONG,246,V4_DIRECTION_10,V4_DIRECTION_29,1.13807233156463,0.113433667781494,0.868534482758621,0.75
A2,STRONG,247,V4_DIRECTION_10,V4_DIRECTION_30,0.740181950553416,0.100312151616499,0.299568965517241,0.535560344827586
A2,STRONG,248,V4_DIRECTION_10,V4_DIRECTION_31,1.15837143220738,0.103054626532887,0.890086206896552,0.581896551724138
A2,STRONG,249,V4_DIRECTION_10,V4_DIRECTION_32,0.966613101148088,0.116889632107023,0.620689655172414,0.806034482758621
A2,STRONG,250,V4_DIRECTION_10,V4_DIRECTION_33,0.477960066617973,0.0500334448160535,0.0754310344827586,0.0237068965517241
A2,STRONG,251,V4_DIRECTION_10,V4_DIRECTION_34,0.95213330657122,0.070066889632107,0.59698275862069,0.131465517241379
A2,STRONG,252,V4_DIRECTION_10,V4_DIRECTION_35,0.679975068472005,0.102229654403567,0.237068965517241,0.568965517241379
A2,STRONG,253,V4_DIRECTION_10,V4_DIRECTION_37,0.635091054477979,0.0868896321070234,0.196120689655172,0.306034482758621
A2,STRONG,254,V4_DIRECTION_10,V4_DIRECTION_39,0.924859733167002,0.108896321070234,0.558189655172414,0.65948275862069
A2,STRONG,255,V4_DIRECTION_11,V4_DIRECTION_13,0.949187428326919,0.100602006688963,0.586206896551724,0.540948275862069
A2,STRONG,256,V4_DIRECTION_11,V4_DIRECTION_15,0.847797649842674,0.0911817168338907,0.454741379310345,0.372844827586207
A2,STRONG,257,V4_DIRECTION_11,V4_DIRECTION_17,1.04901324155172,0.0904347826086957,0.75,0.368534482758621
A2,STRONG,258,V4_DIRECTION_11,V4_DIRECTION_18,1.15229058041531,0.101716833890747,0.881465517241379,0.550646551724138
A2,STRONG,259,V4_DIRECTION_11,V4_DIRECTION_19,1.02018766106462,0.0870903010033445,0.713362068965517,0.318965517241379
A2,STRONG,260,V4_DIRECTION_11,V4_DIRECTION_20,0.703335582887057,0.0801337792642141,0.269396551724138,0.232758620689655
A2,STRONG,261,V4_DIRECTION_11,V4_DIRECTION_22,1.18380567688121,0.101716833890747,0.913793103448276,0.550646551724138
A2,STRONG,262,V4_DIRECTION_11,V4_DIRECTION_23,1.16109528903226,0.104938684503902,0.892241379310345,0.601293103448276
A2,STRONG,263,V4_DIRECTION_11,V4_DIRECTION_24,0.699564629997055,0.0803010033444816,0.260775862068966,0.239224137931034
A2,STRONG,264,V4_DIRECTION_11,V4_DIRECTION_26,0.842197235114245,0.100245261984392,0.446120689655172,0.523706896551724
A2,STRONG,265,V4_DIRECTION_11,V4_DIRECTION_28,0.704045162307219,0.0880936454849498,0.271551724137931,0.321120689655172
A2,STRONG,266,V4_DIRECTION_11,V4_DIRECTION_29,0.687171624735306,0.0859531772575251,0.241379310344828,0.288793103448276
A2,STRONG,267,V4_DIRECTION_11,V4_DIRECTION_30,0.994292727321359,0.123846153846154,0.665948275862069,0.868534482758621
A2,STRONG,268,V4_DIRECTION_11,V4_DIRECTION_31,0.991506649353596,0.0737123745819398,0.661637931034483,0.178879310344828
A2,STRONG,269,V4_DIRECTION_11,V4_DIRECTION_32,0.7550911174623,0.0693645484949833,0.321120689655172,0.127155172413793
A2,STRONG,270,V4_DIRECTION_11,V4_DIRECTION_33,0.796677627373561,0.0996098104793757,0.379310344827586,0.502155172413793
A2,STRONG,271,V4_DIRECTION_11,V4_DIRECTION_34,0.875976296952303,0.0896321070234114,0.497844827586207,0.34051724137931
A2,STRONG,272,V4_DIRECTION_11,V4_DIRECTION_35,0.911543384963598,0.0903010033444816,0.532327586206897,0.363146551724138
A2,STRONG,273,V4_DIRECTION_11,V4_DIRECTION_37,0.381743290346814,0.0403121516164994,0.0387931034482759,0.00862068965517241
A2,STRONG,274,V4_DIRECTION_11,V4_DIRECTION_39,0.992535804956135,0.0940468227424749,0.663793103448276,0.420258620689655
A2,STRONG,275,V4_DIRECTION_13,V4_DIRECTION_15,1.37017831335186,0.133846153846154,0.995689655172414,0.941810344827586
A2,STRONG,276,V4_DIRECTION_13,V4_DIRECTION_17,0.845351876287028,0.0836120401337793,0.448275862068966,0.274784482758621
A2,STRONG,277,V4_DIRECTION_13,V4_DIRECTION_18,0.624289525802281,0.107614269788183,0.183189655172414,0.650862068965517
A2,STRONG,278,V4_DIRECTION_13,V4_DIRECTION_19,1.25427999715636,0.0902452619843924,0.959051724137931,0.357758620689655
A2,STRONG,279,V4_DIRECTION_13,V4_DIRECTION_20,0.783368161258789,0.0706243032329989,0.357758620689655,0.142241379310345
A2,STRONG,280,V4_DIRECTION_13,V4_DIRECTION_22,0.642796902760182,0.117647714604236,0.204741379310345,0.818965517241379
A2,STRONG,281,V4_DIRECTION_13,V4_DIRECTION_23,1.17869878112344,0.134158305462653,0.905172413793103,0.946120689655172
A2,STRONG,282,V4_DIRECTION_13,V4_DIRECTION_24,0.488175427128574,0.0903010033444816,0.0818965517241379,0.363146551724138
A2,STRONG,283,V4_DIRECTION_13,V4_DIRECTION_26,1.14305771337644,0.117279821627648,0.872844827586207,0.814655172413793
A2,STRONG,284,V4_DIRECTION_13,V4_DIRECTION_28,1.22109646640192,0.127257525083612,0.946120689655172,0.898706896551724
A2,STRONG,285,V4_DIRECTION_13,V4_DIRECTION_29,0.958552506894123,0.138595317725753,0.609913793103448,0.967672413793103
A2,STRONG,286,V4_DIRECTION_13,V4_DIRECTION_30,0.727744609686305,0.116588628762542,0.288793103448276,0.794181034482759
A2,STRONG,287,V4_DIRECTION_13,V4_DIRECTION_31,1.01747904808852,0.113734671125975,0.711206896551724,0.767241379310345
A2,STRONG,288,V4_DIRECTION_13,V4_DIRECTION_32,1.13098474514887,0.138907469342252,0.862068965517241,0.969827586206897
A2,STRONG,289,V4_DIRECTION_13,V4_DIRECTION_33,0.679455809611581,0.105574136008919,0.234913793103448,0.612068965517241
A2,STRONG,290,V4_DIRECTION_13,V4_DIRECTION_34,0.867066082253799,0.0953846153846154,0.478448275862069,0.433189655172414
A2,STRONG,291,V4_DIRECTION_13,V4_DIRECTION_35,0.504768271473464,0.0567224080267558,0.103448275862069,0.0474137931034483
A2,STRONG,292,V4_DIRECTION_13,V4_DIRECTION_37,0.990847044593955,0.143478260869565,0.65948275862069,0.982758620689655
A2,STRONG,293,V4_DIRECTION_13,V4_DIRECTION_39,1.13206505497718,0.139576365663322,0.864224137931034,0.973060344827586
A2,STRONG,294,V4_DIRECTION_15,V4_DIRECTION_17,0.676702329754598,0.104370122630992,0.232758620689655,0.599137931034483
A2,STRONG,295,V4_DIRECTION_15,V4_DIRECTION_18,1.26894619732893,0.100312151616499,0.967672413793103,0.535560344827586
A2,STRONG,296,V4_DIRECTION_15,V4_DIRECTION_19,0.550693256631713,0.0946711259754738,0.127155172413793,0.425646551724138
A2,STRONG,297,V4_DIRECTION_15,V4_DIRECTION_20,0.978505490095773,0.109966555183946,0.644396551724138,0.676724137931034
A2,STRONG,298,V4_DIRECTION_15,V4_DIRECTION_22,1.15715657538716,0.0936231884057971,0.887931034482759,0.415948275862069
A2,STRONG,299,V4_DIRECTION_15,V4_DIRECTION_23,0.375841744398401,0.0769230769230769,0.0344827586206897,0.206896551724138
A2,STRONG,300,V4_DIRECTION_15,V4_DIRECTION_24,1.2152625993741,0.118216276477146,0.943965517241379,0.822198275862069
A2,STRONG,301,V4_DIRECTION_15,V4_DIRECTION_26,0.552072276144652,0.083355629877369,0.131465517241379,0.262931034482759
A2,STRONG,302,V4_DIRECTION_15,V4_DIRECTION_28,0.523297731014262,0.0736008918617614,0.112068965517241,0.173491379310345
A2,STRONG,303,V4_DIRECTION_15,V4_DIRECTION_29,0.728706188273775,0.0667335562987737,0.290948275862069,0.112068965517241
A2,STRONG,304,V4_DIRECTION_15,V4_DIRECTION_30,1.08696300141954,0.102430323299889,0.810344827586207,0.575431034482759
A2,STRONG,305,V4_DIRECTION_15,V4_DIRECTION_31,0.558101385302344,0.0603678929765886,0.142241379310345,0.0862068965517241
A2,STRONG,306,V4_DIRECTION_15,V4_DIRECTION_32,0.550103337206408,0.0933333333333333,0.125,0.40301724137931
A2,STRONG,307,V4_DIRECTION_15,V4_DIRECTION_33,1.11206689194697,0.123389074693423,0.836206896551724,0.862068965517241
A2,STRONG,308,V4_DIRECTION_15,V4_DIRECTION_34,1.07427638039661,0.100133779264214,0.773706896551724,0.519396551724138
A2,STRONG,309,V4_DIRECTION_15,V4_DIRECTION_35,1.10710250615979,0.122352285395764,0.825431034482759,0.855603448275862
A2,STRONG,310,V4_DIRECTION_15,V4_DIRECTION_37,0.915412173240075,0.0988294314381271,0.543103448275862,0.489224137931034
A2,STRONG,311,V4_DIRECTION_15,V4_DIRECTION_39,0.571483382058047,0.0970457079152731,0.15948275862069,0.47198275862069
A2,STRONG,312,V4_DIRECTION_17,V4_DIRECTION_18,1.01219427461975,0.138294314381271,0.693965517241379,0.963362068965517
A2,STRONG,313,V4_DIRECTION_17,V4_DIRECTION_19,0.972568081052603,0.0769119286510591,0.627155172413793,0.201508620689655
A2,STRONG,314,V4_DIRECTION_17,V4_DIRECTION_20,0.608053834700594,0.0602787068004459,0.170258620689655,0.0797413793103448
A2,STRONG,315,V4_DIRECTION_17,V4_DIRECTION_22,0.795565055745091,0.10819397993311,0.372844827586207,0.65301724137931
A2,STRONG,316,V4_DIRECTION_17,V4_DIRECTION_23,0.806896762286996,0.131438127090301,0.398706896551724,0.922413793103448
A2,STRONG,317,V4_DIRECTION_17,V4_DIRECTION_24,1.03581662777454,0.0836120401337793,0.730603448275862,0.274784482758621
A2,STRONG,318,V4_DIRECTION_17,V4_DIRECTION_26,0.542680669835773,0.0668896321070234,0.118534482758621,0.115301724137931
A2,STRONG,319,V4_DIRECTION_17,V4_DIRECTION_28,1.11775323355142,0.111204013377926,0.84698275862069,0.713362068965517
A2,STRONG,320,V4_DIRECTION_17,V4_DIRECTION_29,0.690497123935094,0.109030100334448,0.245689655172414,0.661637931034483
A2,STRONG,321,V4_DIRECTION_17,V4_DIRECTION_30,0.957768496647374,0.11685618729097,0.605603448275862,0.803879310344828
A2,STRONG,322,V4_DIRECTION_17,V4_DIRECTION_31,0.323276449988814,0.0534894091415831,0.0150862068965517,0.0323275862068966
A2,STRONG,323,V4_DIRECTION_17,V4_DIRECTION_32,0.813301364736753,0.119286510590858,0.40948275862069,0.834051724137931
A2,STRONG,324,V4_DIRECTION_17,V4_DIRECTION_33,1.04620796968587,0.142809364548495,0.745689655172414,0.979525862068966
A2,STRONG,325,V4_DIRECTION_17,V4_DIRECTION_34,1.24853160564451,0.129364548494983,0.956896551724138,0.911637931034483
A2,STRONG,326,V4_DIRECTION_17,V4_DIRECTION_35,0.63883029864549,0.0933779264214047,0.198275862068966,0.40625
A2,STRONG,327,V4_DIRECTION_17,V4_DIRECTION_37,1.0149118528228,0.123634336677815,0.698275862068966,0.864224137931034
A2,STRONG,328,V4_DIRECTION_17,V4_DIRECTION_39,0.907645276479237,0.143768115942029,0.523706896551724,0.984913793103448
A2,STRONG,329,V4_DIRECTION_18,V4_DIRECTION_19,1.16965586093246,0.10180602006689,0.900862068965517,0.556034482758621
A2,STRONG,330,V4_DIRECTION_18,V4_DIRECTION_20,1.03838109508707,0.127313266443701,0.732758620689655,0.900862068965517
A2,STRONG,331,V4_DIRECTION_18,V4_DIRECTION_22,0.504538860136538,0.0535117056856187,0.0991379310344828,0.0355603448275862
A2,STRONG,332,V4_DIRECTION_18,V4_DIRECTION_23,0.88269892620174,0.0535117056856187,0.502155172413793,0.0355603448275862
A2,STRONG,333,V4_DIRECTION_18,V4_DIRECTION_24,0.868476109367921,0.101939799331104,0.484913793103448,0.558189655172414
A2,STRONG,334,V4_DIRECTION_18,V4_DIRECTION_26,1.37541009460127,0.114046822742475,0.997844827586207,0.775862068965517
A2,STRONG,335,V4_DIRECTION_18,V4_DIRECTION_28,1.26566369441236,0.0969899665551839,0.96551724137931,0.46875
A2,STRONG,336,V4_DIRECTION_18,V4_DIRECTION_29,1.08288450341593,0.100278706800446,0.799568965517241,0.530172413793103
A2,STRONG,337,V4_DIRECTION_18,V4_DIRECTION_30,0.570455906427758,0.0960535117056856,0.157327586206897,0.4375
A2,STRONG,338,V4_DIRECTION_18,V4_DIRECTION_31,1.16384871280472,0.114403567447046,0.894396551724138,0.77801724137931
A2,STRONG,339,V4_DIRECTION_18,V4_DIRECTION_32,1.06711677456079,0.150334448160535,0.767241379310345,0.995689655172414
A2,STRONG,340,V4_DIRECTION_18,V4_DIRECTION_33,0.641187450087411,0.0901003344481605,0.200431034482759,0.355603448275862
A2,STRONG,341,V4_DIRECTION_18,V4_DIRECTION_34,0.848099407256793,0.0601226309921962,0.459051724137931,0.0754310344827586
A2,STRONG,342,V4_DIRECTION_18,V4_DIRECTION_35,0.729899024230173,0.106265328874025,0.293103448275862,0.618534482758621
A2,STRONG,343,V4_DIRECTION_18,V4_DIRECTION_37,0.973974335764679,0.129275362318841,0.631465517241379,0.907327586206897
A2,STRONG,344,V4_DIRECTION_18,V4_DIRECTION_39,0.7625897548279,0.110301003344482,0.336206896551724,0.697198275862069
A2,STRONG,345,V4_DIRECTION_19,V4_DIRECTION_20,0.916611240184157,0.0635451505016722,0.545258620689655,0.102370689655172
A2,STRONG,346,V4_DIRECTION_19,V4_DIRECTION_22,1.13041581492719,0.0951170568561873,0.859913793103448,0.428879310344828
A2,STRONG,347,V4_DIRECTION_19,V4_DIRECTION_23,0.551217805574836,0.0715496098104794,0.129310344827586,0.146551724137931
A2,STRONG,348,V4_DIRECTION_19,V4_DIRECTION_24,1.11011578295949,0.0535340022296544,0.831896551724138,0.0387931034482759
A2,STRONG,349,V4_DIRECTION_19,V4_DIRECTION_26,0.418833872489251,0.0266889632107023,0.0474137931034483,0
A2,STRONG,350,V4_DIRECTION_19,V4_DIRECTION_28,0.572479025754894,0.058015607580825,0.161637931034483,0.0603448275862069
A2,STRONG,351,V4_DIRECTION_19,V4_DIRECTION_29,0.975080492184448,0.0958862876254181,0.635775862068966,0.435344827586207
A2,STRONG,352,V4_DIRECTION_19,V4_DIRECTION_30,1.1569157725428,0.0868450390189521,0.885775862068966,0.303879310344828
A2,STRONG,353,V4_DIRECTION_19,V4_DIRECTION_31,0.692441898925455,0.0735117056856187,0.25,0.162715517241379
A2,STRONG,354,V4_DIRECTION_19,V4_DIRECTION_32,0.841488997851876,0.112809364548495,0.443965517241379,0.732758620689655
A2,STRONG,355,V4_DIRECTION_19,V4_DIRECTION_33,1.1851976899301,0.0794648829431438,0.918103448275862,0.219827586206897
A2,STRONG,356,V4_DIRECTION_19,V4_DIRECTION_34,0.516014334585436,0.0559977703455964,0.109913793103448,0.040948275862069
A2,STRONG,357,V4_DIRECTION_19,V4_DIRECTION_35,1.0232806493314,0.116655518394649,0.717672413793103,0.797413793103448
A2,STRONG,358,V4_DIRECTION_19,V4_DIRECTION_37,1.08726938022865,0.103634336677815,0.8125,0.594827586206897
A2,STRONG,359,V4_DIRECTION_19,V4_DIRECTION_39,0.757176969413044,0.110702341137124,0.325431034482759,0.710129310344828
A2,STRONG,360,V4_DIRECTION_20,V4_DIRECTION_22,0.968626521795901,0.0905239687848384,0.622844827586207,0.370689655172414
A2,STRONG,361,V4_DIRECTION_20,V4_DIRECTION_23,1.0045306571982,0.117123745819398,0.683189655172414,0.8125
A2,STRONG,362,V4_DIRECTION_20,V4_DIRECTION_24,0.965100211032442,0.0767670011148272,0.618534482758621,0.196120689655172
A2,STRONG,363,V4_DIRECTION_20,V4_DIRECTION_26,0.496011883952367,0.0501895206243032,0.0926724137931035,0.0280172413793103
A2,STRONG,364,V4_DIRECTION_20,V4_DIRECTION_28,1.17297574778227,0.0969007803790413,0.90301724137931,0.46551724137931
A2,STRONG,365,V4_DIRECTION_20,V4_DIRECTION_29,0.627380670541127,0.0917391304347826,0.1875,0.377155172413793
A2,STRONG,366,V4_DIRECTION_20,V4_DIRECTION_30,1.16592393430637,0.110078037904125,0.896551724137931,0.683189655172414
A2,STRONG,367,V4_DIRECTION_20,V4_DIRECTION_31,0.421132174336657,0.057056856187291,0.0538793103448276,0.0581896551724138
A2,STRONG,368,V4_DIRECTION_20,V4_DIRECTION_32,1.20293074741999,0.118695652173913,0.928879310344828,0.827586206896552
A2,STRONG,369,V4_DIRECTION_20,V4_DIRECTION_33,0.867364563943653,0.105507246376812,0.480603448275862,0.607758620689655
A2,STRONG,370,V4_DIRECTION_20,V4_DIRECTION_34,0.899759786619638,0.0921627647714604,0.517241379310345,0.387931034482759
A2,STRONG,371,V4_DIRECTION_20,V4_DIRECTION_35,0.219175597590895,0.0672909698996655,0,0.122844827586207
A2,STRONG,372,V4_DIRECTION_20,V4_DIRECTION_37,0.689445506463716,0.100200668896321,0.243534482758621,0.521551724137931
A2,STRONG,373,V4_DIRECTION_20,V4_DIRECTION_39,1.18272123055641,0.142809364548495,0.90948275862069,0.979525862068966
A2,STRONG,374,V4_DIRECTION_22,V4_DIRECTION_23,0.974742251738759,0.0635451505016722,0.633620689655172,0.102370689655172
A2,STRONG,375,V4_DIRECTION_22,V4_DIRECTION_24,0.777494745105773,0.0952508361204013,0.351293103448276,0.431034482758621
A2,STRONG,376,V4_DIRECTION_22,V4_DIRECTION_26,1.18166424402074,0.10066889632107,0.907327586206897,0.543103448275862
A2,STRONG,377,V4_DIRECTION_22,V4_DIRECTION_28,1.04132897143986,0.0802675585284281,0.739224137931034,0.235991379310345
A2,STRONG,378,V4_DIRECTION_22,V4_DIRECTION_29,0.610966478350295,0.043422519509476,0.174568965517241,0.0161637931034483
A2,STRONG,379,V4_DIRECTION_22,V4_DIRECTION_30,0.656290829604831,0.0927090301003345,0.219827586206897,0.394396551724138
A2,STRONG,380,V4_DIRECTION_22,V4_DIRECTION_31,0.789675809930607,0.0709253065774805,0.366379310344828,0.144396551724138
A2,STRONG,381,V4_DIRECTION_22,V4_DIRECTION_32,1.02454728414117,0.130267558528428,0.719827586206897,0.918103448275862
A2,STRONG,382,V4_DIRECTION_22,V4_DIRECTION_33,0.819127299154025,0.103478260869565,0.413793103448276,0.59051724137931
A2,STRONG,383,V4_DIRECTION_22,V4_DIRECTION_34,0.698523336554879,0.0534336677814939,0.256465517241379,0.0301724137931034
A2,STRONG,384,V4_DIRECTION_22,V4_DIRECTION_35,0.832904048891113,0.109609810479376,0.435344827586207,0.674568965517241
A2,STRONG,385,V4_DIRECTION_22,V4_DIRECTION_37,1.01012198862982,0.112552954292085,0.689655172413793,0.724137931034483
A2,STRONG,386,V4_DIRECTION_22,V4_DIRECTION_39,0.773784702784964,0.100267558528428,0.34698275862069,0.526939655172414
A2,STRONG,387,V4_DIRECTION_23,V4_DIRECTION_24,1.13867713115673,0.0917725752508361,0.870689655172414,0.380387931034483
A2,STRONG,388,V4_DIRECTION_23,V4_DIRECTION_26,0.761478262131428,0.0938127090301003,0.334051724137931,0.418103448275862
A2,STRONG,389,V4_DIRECTION_23,V4_DIRECTION_28,0.837600835558282,0.0434782608695652,0.439655172413793,0.0193965517241379
A2,STRONG,390,V4_DIRECTION_23,V4_DIRECTION_29,0.995189524485168,0.0734671125975474,0.668103448275862,0.158405172413793
A2,STRONG,391,V4_DIRECTION_23,V4_DIRECTION_30,0.854669200878874,0.0892307692307692,0.46551724137931,0.331896551724138
A2,STRONG,392,V4_DIRECTION_23,V4_DIRECTION_31,0.723285613795138,0.084113712374582,0.282327586206897,0.282327586206897
A2,STRONG,393,V4_DIRECTION_23,V4_DIRECTION_32,0.820500206828851,0.136900780379041,0.422413793103448,0.952586206896552
A2,STRONG,394,V4_DIRECTION_23,V4_DIRECTION_33,0.855286494629262,0.08,0.467672413793103,0.227370689655172
A2,STRONG,395,V4_DIRECTION_23,V4_DIRECTION_34,0.961903854825491,0.0700780379041249,0.614224137931034,0.134698275862069
A2,STRONG,396,V4_DIRECTION_23,V4_DIRECTION_35,0.972179365235162,0.12273132664437,0.625,0.857758620689655
A2,STRONG,397,V4_DIRECTION_23,V4_DIRECTION_37,0.981039529000902,0.119096989966555,0.648706896551724,0.831896551724138
A2,STRONG,398,V4_DIRECTION_23,V4_DIRECTION_39,0.648173683457831,0.106967670011148,0.209051724137931,0.646551724137931
A2,STRONG,399,V4_DIRECTION_24,V4_DIRECTION_26,1.01028899664518,0.0566889632107023,0.691810344827586,0.0452586206896552
A2,STRONG,400,V4_DIRECTION_24,V4_DIRECTION_28,0.82929948830412,0.0882943143812709,0.431034482758621,0.323275862068966
A2,STRONG,401,V4_DIRECTION_24,V4_DIRECTION_29,1.00379077337339,0.112775919732441,0.681034482758621,0.729525862068966
A2,STRONG,402,V4_DIRECTION_24,V4_DIRECTION_30,0.345540458613767,0.0635451505016722,0.0258620689655172,0.102370689655172
A2,STRONG,403,V4_DIRECTION_24,V4_DIRECTION_31,1.15208970328988,0.0935897435897436,0.879310344827586,0.411637931034483
A2,STRONG,404,V4_DIRECTION_24,V4_DIRECTION_32,0.786931566590949,0.112931995540691,0.362068965517241,0.734913793103448
A2,STRONG,405,V4_DIRECTION_24,V4_DIRECTION_33,0.50164674377314,0.0762541806020067,0.0969827586206897,0.189655172413793
A2,STRONG,406,V4_DIRECTION_24,V4_DIRECTION_34,0.783643025072284,0.0729096989966555,0.359913793103448,0.15301724137931
A2,STRONG,407,V4_DIRECTION_24,V4_DIRECTION_35,0.961170237238839,0.0999665551839465,0.612068965517241,0.512931034482759
A2,STRONG,408,V4_DIRECTION_24,V4_DIRECTION_37,0.589645413519912,0.107079152731327,0.163793103448276,0.648706896551724
A2,STRONG,409,V4_DIRECTION_24,V4_DIRECTION_39,1.08680836886285,0.12768115942029,0.808189655172414,0.90301724137931
A2,STRONG,410,V4_DIRECTION_26,V4_DIRECTION_28,0.749757269271505,0.0668896321070234,0.316810344827586,0.118534482758621
A2,STRONG,411,V4_DIRECTION_26,V4_DIRECTION_29,0.719325258641374,0.0884057971014493,0.280172413793103,0.325431034482759
A2,STRONG,412,V4_DIRECTION_26,V4_DIRECTION_30,1.20471390922059,0.0798996655518395,0.931034482758621,0.224137931034483
A2,STRONG,413,V4_DIRECTION_26,V4_DIRECTION_31,0.290467706068434,0.0569453734671126,0.00862068965517241,0.0560344827586207
A2,STRONG,414,V4_DIRECTION_26,V4_DIRECTION_32,0.913234235076776,0.102006688963211,0.53448275862069,0.560344827586207
A2,STRONG,415,V4_DIRECTION_26,V4_DIRECTION_33,1.10982837451216,0.102173913043478,0.829741379310345,0.564655172413793
A2,STRONG,416,V4_DIRECTION_26,V4_DIRECTION_34,0.848493997546113,0.0921293199554069,0.461206896551724,0.385775862068966
A2,STRONG,417,V4_DIRECTION_26,V4_DIRECTION_35,0.819692307846726,0.110546265328874,0.415948275862069,0.706896551724138
A2,STRONG,418,V4_DIRECTION_26,V4_DIRECTION_37,0.870301536053907,0.100111482720178,0.491379310344828,0.517241379310345
A2,STRONG,419,V4_DIRECTION_26,V4_DIRECTION_39,1.08262235918357,0.132842809364548,0.797413793103448,0.928879310344828
A2,STRONG,420,V4_DIRECTION_28,V4_DIRECTION_29,0.719059482158657,0.0867892976588629,0.27801724137931,0.299568965517241
A2,STRONG,421,V4_DIRECTION_28,V4_DIRECTION_30,0.984661166521526,0.109163879598662,0.65301724137931,0.665948275862069
A2,STRONG,422,V4_DIRECTION_28,V4_DIRECTION_31,0.870167246266443,0.0738907469342252,0.489224137931034,0.181034482758621
A2,STRONG,423,V4_DIRECTION_28,V4_DIRECTION_32,0.765524174034303,0.120122630992196,0.34051724137931,0.84698275862069
A2,STRONG,424,V4_DIRECTION_28,V4_DIRECTION_33,0.933010288825713,0.0966555183946488,0.566810344827586,0.455818965517241
A2,STRONG,425,V4_DIRECTION_28,V4_DIRECTION_34,0.600711955558816,0.0733444816053512,0.168103448275862,0.155172413793103
A2,STRONG,426,V4_DIRECTION_28,V4_DIRECTION_35,1.30989198266821,0.125819397993311,0.987068965517241,0.883620689655172
A2,STRONG,427,V4_DIRECTION_28,V4_DIRECTION_37,0.913306972060879,0.115607580824972,0.536637931034483,0.786637931034483
A2,STRONG,428,V4_DIRECTION_28,V4_DIRECTION_39,0.82794633771472,0.11701226309922,0.428879310344828,0.808189655172414
A2,STRONG,429,V4_DIRECTION_29,V4_DIRECTION_30,1.18476900032387,0.106555183946488,0.915948275862069,0.627155172413793
A2,STRONG,430,V4_DIRECTION_29,V4_DIRECTION_31,0.326305472784596,0.0484280936454849,0.0172413793103448,0.021551724137931
A2,STRONG,431,V4_DIRECTION_29,V4_DIRECTION_32,1.11561792856155,0.110367892976589,0.842672413793103,0.703663793103448
A2,STRONG,432,V4_DIRECTION_29,V4_DIRECTION_33,0.802397534794768,0.110345596432553,0.390086206896552,0.700431034482759
A2,STRONG,433,V4_DIRECTION_29,V4_DIRECTION_34,0.732934719857872,0.0702341137123746,0.295258620689655,0.137931034482759
A2,STRONG,434,V4_DIRECTION_29,V4_DIRECTION_35,0.865864938335407,0.137458193979933,0.476293103448276,0.961206896551724
A2,STRONG,435,V4_DIRECTION_29,V4_DIRECTION_37,0.755655138257048,0.0896767001114827,0.323275862068966,0.342672413793103
A2,STRONG,436,V4_DIRECTION_29,V4_DIRECTION_39,1.01559981324049,0.0965217391304348,0.700431034482759,0.446120689655172
A2,STRONG,437,V4_DIRECTION_30,V4_DIRECTION_31,1.23333181871031,0.0999442586399108,0.952586206896552,0.510775862068966
A2,STRONG,438,V4_DIRECTION_30,V4_DIRECTION_32,0.55675907727051,0.110055741360089,0.135775862068966,0.681034482758621
A2,STRONG,439,V4_DIRECTION_30,V4_DIRECTION_33,0.595411445084372,0.106755852842809,0.165948275862069,0.636853448275862
A2,STRONG,440,V4_DIRECTION_30,V4_DIRECTION_34,1.05535230265516,0.0966555183946488,0.758620689655172,0.455818965517241
A2,STRONG,441,V4_DIRECTION_30,V4_DIRECTION_35,1.01716902323089,0.119297658862876,0.706896551724138,0.837284482758621
A2,STRONG,442,V4_DIRECTION_30,V4_DIRECTION_37,0.673131618904242,0.117045707915273,0.230603448275862,0.810344827586207
A2,STRONG,443,V4_DIRECTION_30,V4_DIRECTION_39,0.759368067692031,0.108483835005574,0.327586206896552,0.655172413793103
A2,STRONG,444,V4_DIRECTION_31,V4_DIRECTION_32,1.08551928516593,0.102207357859532,0.801724137931034,0.566810344827586
A2,STRONG,445,V4_DIRECTION_31,V4_DIRECTION_33,1.02124033211693,0.105674470457079,0.71551724137931,0.614224137931034
A2,STRONG,446,V4_DIRECTION_31,V4_DIRECTION_34,0.878178488999355,0.0888517279821628,0.5,0.327586206896552
A2,STRONG,447,V4_DIRECTION_31,V4_DIRECTION_35,0.660295210501285,0.110234113712375,0.22198275862069,0.69073275862069
A2,STRONG,448,V4_DIRECTION_31,V4_DIRECTION_37,0.976839890455484,0.106755852842809,0.642241379310345,0.636853448275862
A2,STRONG,449,V4_DIRECTION_31,V4_DIRECTION_39,1.01644393116649,0.116387959866221,0.702586206896552,0.790948275862069
A2,STRONG,450,V4_DIRECTION_32,V4_DIRECTION_33,1.11528537841862,0.137123745819398,0.84051724137931,0.957974137931034
A2,STRONG,451,V4_DIRECTION_32,V4_DIRECTION_34,1.12811720309413,0.140512820512821,0.857758620689655,0.976293103448276
A2,STRONG,452,V4_DIRECTION_32,V4_DIRECTION_35,1.19262707914112,0.127826086956522,0.922413793103448,0.905172413793103
A2,STRONG,453,V4_DIRECTION_32,V4_DIRECTION_37,0.74689747417329,0.0597547380156076,0.310344827586207,0.0668103448275862
A2,STRONG,454,V4_DIRECTION_32,V4_DIRECTION_39,0.330148615019276,0.0863545150501672,0.0193965517241379,0.294181034482759
A2,STRONG,455,V4_DIRECTION_33,V4_DIRECTION_34,0.810663230761467,0.0769453734671126,0.405172413793103,0.211206896551724
A2,STRONG,456,V4_DIRECTION_33,V4_DIRECTION_35,0.868186930102837,0.131315496098105,0.482758620689655,0.920258620689655
A2,STRONG,457,V4_DIRECTION_33,V4_DIRECTION_37,0.490864475210449,0.113322185061316,0.0862068965517241,0.747844827586207
A2,STRONG,458,V4_DIRECTION_33,V4_DIRECTION_39,1.14862987861263,0.133076923076923,0.875,0.935344827586207
A2,STRONG,459,V4_DIRECTION_34,V4_DIRECTION_35,0.952085553022191,0.124414715719064,0.594827586206897,0.873922413793103
A2,STRONG,460,V4_DIRECTION_34,V4_DIRECTION_37,0.9585213689656,0.103210702341137,0.607758620689655,0.588362068965517
A2,STRONG,461,V4_DIRECTION_34,V4_DIRECTION_39,0.943347954765013,0.113088071348941,0.577586206896552,0.739224137931034
A2,STRONG,462,V4_DIRECTION_35,V4_DIRECTION_37,0.874712529915587,0.139576365663322,0.495689655172414,0.973060344827586
A2,STRONG,463,V4_DIRECTION_35,V4_DIRECTION_39,1.05990561204174,0.147959866220736,0.762931034482759,0.989224137931034
A2,STRONG,464,V4_DIRECTION_37,V4_DIRECTION_39,0.976635123489226,0.0914604236343367,0.640086206896552,0.375
