A27,A28,A30,A32,A35,careful_logit_alignment,checkpoint,condition,domain,item_id,logit_cosine,logit_l2,next_token_kl,symmetric_js,target_logprob_shift,top1_flip
0.0,0.0,0.0,0.0,0.0,,PREFILL,TF_BASELINE,CRUXEval,sample_18,1.0,0.0,0.0,0.0,0.0,0
0.0,0.0,0.0,0.0,0.0,,0,TF_BASELINE,CRUXEval,sample_18,0.9999999999999999,0.0,0.0,0.0,0.0,0
0.0,0.0,0.0,0.0,0.0,,1,TF_BASELINE,CRUXEval,sample_18,1.0,0.0,0.0,0.0,0.0,0
0.0,0.0,0.0,0.0,0.0,,3,TF_BASELINE,CRUXEval,sample_18,0.9999999999999999,0.0,0.0,0.0,0.0,0
0.0,0.0,0.0,0.0,0.0,,7,TF_BASELINE,CRUXEval,sample_18,0.9999999999999998,0.0,0.0,0.0,0.0,0
0.0,0.0,0.0,0.0,0.0,,15,TF_BASELINE,CRUXEval,sample_18,1.0,0.0,0.0,0.0,0.0,0
1.85270920710859,2.181913184185863,3.0477402495360613,3.999659861752086,6.493871948864619,,PREFILL,TF_TEXTUAL_CAREFUL,CRUXEval,sample_18,0.689695596976552,2194.168965173582,16.68589577526802,0.6931460903766105,-16.686012668821178,1
0.9458552644111385,1.0513360408922825,1.298401666952542,1.5137330682938608,2.23468850252089,,0,TF_TEXTUAL_CAREFUL,CRUXEval,sample_18,0.9835335327964677,438.89193302419693,6.457305841532995e-14,1.8441099785066383e-14,-9.947598300641403e-14,0
0.46974977329980366,0.5585624622868062,0.7217404257247287,1.0508347004741052,2.206472159345922,,1,TF_TEXTUAL_CAREFUL,CRUXEval,sample_18,0.9533062038948358,569.3827437701847,1.1076114246334788e-10,2.4505563650110846e-11,-3.417000016270322e-11,0
0.3802912674101941,0.43620682462738286,0.5503500306263999,0.6815265307321156,1.4563748903787985,,3,TF_TEXTUAL_CAREFUL,CRUXEval,sample_18,0.9858005666829909,263.32382451815215,1.449806899614629e-10,2.6076482887661817e-11,1.624727019589045e-10,0
0.5116653798471493,0.5596535209402689,0.7078582861547092,0.8805191464853851,1.3960630922893358,,7,TF_TEXTUAL_CAREFUL,CRUXEval,sample_18,0.9982554241530252,234.32112417896343,1.830658511007978e-09,2.9973615990999484e-10,1.391654791405017e-09,0
0.2977368350336774,0.32245126080940373,0.3944336673714851,0.5154839876730676,1.4843819648628818,,15,TF_TEXTUAL_CAREFUL,CRUXEval,sample_18,0.9783550886972383,466.9175552705384,1.6809155722319723e-11,5.786321908306633e-12,-3.04751779367507e-11,0
1.0000884463758823,1.1424840172097734,1.442427958602324,1.8422724379489654,3.5294982953856255,0.8190135513404144,PREFILL,TF_MEANINGFUL_L27_D75,CRUXEval,sample_18,0.9769993695305687,687.871737143545,0.13050974587064704,0.044393984078407986,-0.13055198931010636,0
0.9998431560250912,1.130166402807895,1.3995779330438358,1.5987232899913837,2.251548042798365,0.2211373734084687,0,TF_MEANINGFUL_L27_D75,CRUXEval,sample_18,0.9841961260977644,427.5884097132724,3.3151584756551764e-14,1.1252821942583181e-14,-7.105427357601002e-14,0
1.0000278644933125,1.164998100433979,1.4388983037452652,1.7586781725262557,3.130802142894181,0.5504492323242177,1,TF_MEANINGFUL_L27_D75,CRUXEval,sample_18,0.9166390970758442,782.932800461272,1.2018735360056274e-07,4.105306620813113e-08,-1.2565019602561733e-07,0
1.0000663811599655,1.1262178207242626,1.3861318738717738,1.7292099597161004,2.520146434741744,0.7207399546458596,3,TF_MEANINGFUL_L27_D75,CRUXEval,sample_18,0.8945858068723905,679.047765352021,4.0549607118016625e-09,1.3668342383308544e-09,-4.6934758302086266e-09,0
0.9998419085217178,1.157657244802281,1.609126376559927,2.0090835990239375,5.015914158560883,-0.5760585713046652,7,TF_MEANINGFUL_L27_D75,CRUXEval,sample_18,0.8882209146952078,1919.1266467108753,3.0935637190649405e-07,1.0630540688677687e-07,-3.174120664084512e-07,0
0.9997492813962444,1.0848399271153244,1.337944093254433,1.6626165143279008,2.9806878788443796,0.8935294901069002,15,TF_MEANINGFUL_L27_D75,CRUXEval,sample_18,0.929958526046263,694.3669889666038,6.232614462125294e-10,2.2252684095952542e-10,-6.573870336978871e-10,0
1.0000501636161117,1.061027036941508,1.1760307863612751,1.3369069501373887,1.7760864583500964,,PREFILL,TF_RANDOM_R0,CRUXEval,sample_18,0.9940498197997397,357.50846307557157,3.7429877478583507e-06,7.651037759017175e-07,6.9160644855514875e-06,0
1.0000726186768325,1.1186708931290745,1.3229307020316396,1.5496904817764992,2.0757506471111666,,0,TF_RANDOM_R0,CRUXEval,sample_18,0.9867983796851175,388.87073002650163,7.303223906831304e-14,2.0179584985950357e-14,-1.2079226507921703e-13,0
1.0000530484676626,1.1399329507801708,1.4302686991599043,1.7093353597230858,2.5999032238500135,,1,TF_RANDOM_R0,CRUXEval,sample_18,0.9771428070461661,418.5159512990704,9.434067335311495e-10,2.8140423214808125e-10,-6.926796913830913e-10,0
1.0000043958361007,1.0974465724550229,1.308109426328347,1.5788015967460243,2.210066216564632,,3,TF_RANDOM_R0,CRUXEval,sample_18,0.9847238303120605,267.61543503840613,6.588886963882163e-11,1.20689556857328e-11,6.640732408413896e-11,0
1.0001344480627756,1.0849703691868036,1.3610890233407649,1.7273270093119037,2.395547201249776,,7,TF_RANDOM_R0,CRUXEval,sample_18,0.9919070070187025,384.06874182296104,1.3968907828780296e-08,5.570501022782476e-10,1.6082708498288412e-09,0
1.0002001758967607,1.0529759620455523,1.2159855904970294,1.4789503351751823,2.2004804006435745,,15,TF_RANDOM_R0,CRUXEval,sample_18,0.9903439833169403,252.57055516069542,1.5937921676723358e-12,3.804509583499455e-13,1.2363443602225743e-12,0
1.0000884463758823,1.0570064895070237,1.1662719573161222,1.3221365101965612,1.7163973203818723,,PREFILL,TF_RANDOM_R1,CRUXEval,sample_18,0.9936279025930173,361.1969796303464,3.3479823379820277e-07,9.298062966682188e-08,-1.7117602624239225e-06,0
0.9998366846013419,1.0755984221253203,1.2155941083446702,1.410298353282983,1.7964023626614443,,0,TF_RANDOM_R1,CRUXEval,sample_18,0.9881551584222751,395.0820696570295,8.015726568965111e-14,2.6758990161577854e-14,-1.3500311979441904e-13,0
0.9999620586903666,1.1182345008552736,1.3505446570151862,1.6520029115650996,2.434669686728603,,1,TF_RANDOM_R1,CRUXEval,sample_18,0.9767488488572713,427.02400245259884,4.24175201005227e-08,1.4270470802198619e-08,-4.5874543275203905e-08,0
1.0000063450601215,1.0764698032316267,1.2721922448295004,1.5970820433657797,2.3534696921552536,,3,TF_RANDOM_R1,CRUXEval,sample_18,0.9852399801052488,380.3968084795106,1.9301216132404549e-10,3.203826375580304e-11,1.7433166021874058e-10,0
1.0000872768414697,1.069983799286538,1.340109759110622,1.6480598652776866,2.231028327623391,,7,TF_RANDOM_R1,CRUXEval,sample_18,0.988971549413966,593.6418259800741,5.286020771974009e-08,1.7725857247447034e-08,-5.868868413472228e-08,0
0.9998589837241411,1.0506717453459573,1.2407659975058634,1.5372887388658785,2.5931339586702062,,15,TF_RANDOM_R1,CRUXEval,sample_18,0.9886578387101052,277.2875507573484,5.4134224530372145e-12,9.584960319467992e-13,6.0396132539608516e-12,0
0.9999891139197769,1.0608797535744883,1.162530460792471,1.3131833344237298,1.657591726677845,,PREFILL,TF_RANDOM_R2,CRUXEval,sample_18,0.9945307519689927,314.154359448328,4.3291598907071e-06,1.2123217880754728e-06,-1.2907698987874028e-05,0
0.9998879881775722,1.0891528581529448,1.307420804466241,1.4848117297750114,1.8923027810487896,,0,TF_RANDOM_R2,CRUXEval,sample_18,0.9892553599979765,347.4233847586641,9.410957710825796e-15,6.995621260408309e-16,0.0,0
1.000120959432551,1.1249226783158108,1.392973962061002,1.673223879573835,2.316079832924131,,1,TF_RANDOM_R2,CRUXEval,sample_18,0.9779353847344733,414.4826704903462,9.897972119084184e-10,2.2706962509099716e-10,-1.3490648598235566e-09,0
1.0000384682719863,1.096166400087052,1.304723780141953,1.5888128113174043,2.180573989314539,,3,TF_RANDOM_R2,CRUXEval,sample_18,0.9842209456471812,262.0088031559525,1.1726913109726266e-10,2.091781856428802e-11,1.454765197195229e-10,0
0.9999380442504291,1.0924964790694485,1.347795315518177,1.6502754312688106,2.6284793158102797,,7,TF_RANDOM_R2,CRUXEval,sample_18,0.988321822890695,468.34995310815356,5.900209367943411e-10,1.644885820801085e-10,-1.7933103890754865e-09,0
0.9998779301816243,1.0677852305288762,1.2315549004105852,1.4756550550143972,2.154790121779742,,15,TF_RANDOM_R2,CRUXEval,sample_18,0.9893685972063108,227.36790316046032,2.599129249666879e-12,4.797070627919841e-13,4.483524662646232e-12,0
1.0000421328131455,1.0561577193993599,1.1589757778989835,1.2952386221493353,1.6855663660742204,,PREFILL,TF_RANDOM_R3,CRUXEval,sample_18,0.9940416222128899,328.8579011852481,4.395615191276416e-06,1.2288541597481559e-06,-1.320544470928553e-05,0
1.0000122707011452,1.091198295871524,1.2508232137641366,1.4548546515804126,1.9155277072889396,,0,TF_RANDOM_R3,CRUXEval,sample_18,0.9868664273737795,397.62797957598417,1.4525389582471068e-14,5.32558426829366e-15,-3.552713678800501e-14,0
0.9999414748847059,1.1247902870203108,1.3653250769830008,1.6731147230286643,2.377450137625907,,1,TF_RANDOM_R3,CRUXEval,sample_18,0.9742049546753051,424.5630559368113,2.5291036805022135e-10,6.025771364341162e-11,3.526494651850953e-10,0
0.9999800695203198,1.1016646932362664,1.3366083290173856,1.6061159949820376,2.266001772820275,,3,TF_RANDOM_R3,CRUXEval,sample_18,0.9789256238749888,288.1784104628126,5.844394256596052e-11,1.7114705827122395e-11,-1.171116537079797e-10,0
1.0000203794730722,1.0974468843308662,1.4037029588858407,1.773555741819272,2.557413726766432,,7,TF_RANDOM_R3,CRUXEval,sample_18,0.9909519328084111,399.4543622952144,5.8584277077997806e-09,5.227225562294504e-10,1.5791314922353195e-09,0
1.0001027926646762,1.0749375572132718,1.2438272928151786,1.5138285023019245,2.094072573218087,,15,TF_RANDOM_R3,CRUXEval,sample_18,0.9843206459672695,311.0667551718155,6.043716224273655e-12,2.015249648001349e-12,-9.023892744153272e-12,0
0.0,0.0,0.0,0.0,0.0,,PREFILL,TF_BASELINE,CRUXEval,sample_104,1.0,0.0,0.0,0.0,0.0,0
0.0,0.0,0.0,0.0,0.0,,0,TF_BASELINE,CRUXEval,sample_104,1.0000000000000002,0.0,0.0,0.0,0.0,0
0.0,0.0,0.0,0.0,0.0,,1,TF_BASELINE,CRUXEval,sample_104,1.0000000000000002,0.0,0.0,0.0,0.0,0
0.0,0.0,0.0,0.0,0.0,,3,TF_BASELINE,CRUXEval,sample_104,1.0,0.0,0.0,0.0,0.0,0
0.0,0.0,0.0,0.0,0.0,,7,TF_BASELINE,CRUXEval,sample_104,0.9999999999999999,0.0,0.0,0.0,0.0,0
1.7266857925779862,2.036271687543396,2.792134293350599,3.682084799245624,6.131474090152589,,PREFILL,TF_TEXTUAL_CAREFUL,CRUXEval,sample_104,0.7231014780194757,2079.3295946914936,11.09417539916197,0.693053697243859,-11.09428940109914,1
1.1019098276491357,1.2305314018616873,1.5139909896163073,1.7545522110567207,2.2491879223538502,,0,TF_TEXTUAL_CAREFUL,CRUXEval,sample_104,0.9832560253778739,453.9734699852699,9.474281027277091e-15,1.5144695023989187e-15,7.105427357601002e-15,0
0.5344427642520989,0.591250481303657,0.7574467791534741,1.0382082510183543,1.6401037565760295,,1,TF_TEXTUAL_CAREFUL,CRUXEval,sample_104,0.9850124398616578,396.90708232809067,1.9671097965680348e-07,5.9012727157572245e-08,-3.724761370449414e-07,0
0.4259018230115717,0.47576546847312784,0.5823764050415939,0.7646702135301525,1.0592475513483413,,3,TF_TEXTUAL_CAREFUL,CRUXEval,sample_104,0.9984684412066122,192.2364189860033,8.260477251396814e-10,1.6125590467802522e-10,8.573692866775673e-10,0
0.8623250894742361,0.9618331316794767,1.137445662960532,1.5070038791599238,2.182904793429779,,7,TF_TEXTUAL_CAREFUL,CRUXEval,sample_104,0.9726804573527256,319.52601915414505,1.801398929721465e-08,3.790691601658474e-09,1.3771852991339983e-08,0
1.0001026367267545,1.146342077329875,1.4525346071817677,1.8387193924036556,3.184847107787466,0.7625682526303497,PREFILL,TF_MEANINGFUL_L27_D75,CRUXEval,sample_104,0.9783669914908713,636.1142052345973,0.016669317157948182,0.005760093627083435,-0.016709795758536927,0
0.9999139518415306,1.1338844306743345,1.4070132090871066,1.6365845495597227,2.2538071154696357,0.09456309848142416,0,TF_MEANINGFUL_L27_D75,CRUXEval,sample_104,0.9829761360301547,458.56685041669647,1.9030753212902817e-13,6.241994568219981e-14,-2.2026824808563106e-13,0
0.9998914967808098,1.1514250298247144,1.4715819565003092,1.8328784256715656,2.3526011179315374,-0.23059296856551967,1,TF_MEANINGFUL_L27_D75,CRUXEval,sample_104,0.9803909226981845,466.57238271670946,7.5007504566065265e-06,2.5524037628862753e-06,-7.966234385037296e-06,0
0.9998968766391074,1.1248362107382435,1.4204821911336545,1.7761541354081023,2.4845877545248225,0.07261280352789615,3,TF_MEANINGFUL_L27_D75,CRUXEval,sample_104,0.9906839673374821,512.6931390686187,2.1743330899704622e-10,6.04259283473892e-11,-8.510383509019448e-10,0
1.0002560016727193,1.1245505324657392,1.3682099285339435,1.644930970879326,2.5611063367516387,0.28794946919395253,7,TF_MEANINGFUL_L27_D75,CRUXEval,sample_104,0.9719355505253614,318.41700749868914,1.146750334721846e-08,2.515943440541016e-09,1.2038483987453219e-08,0
1.0001045859507753,1.0661058570814232,1.182803872020163,1.348989332184424,1.7824980019375865,,PREFILL,TF_RANDOM_R0,CRUXEval,sample_104,0.9935508799545246,387.18531289306037,5.686236194481917e-06,1.1599358022007658e-06,9.503975093139161e-06,0
1.0000953856133967,1.1185055989321016,1.332254074430522,1.5481677479713662,1.9390103989136143,,0,TF_RANDOM_R0,CRUXEval,sample_104,0.9864373068235249,425.4277738634372,3.777688876814848e-14,1.2786785753571586e-14,-5.684341886080802e-14,0
1.000086107307057,1.125204692047156,1.3933266936398252,1.7163109307732658,2.149652591012317,,1,TF_RANDOM_R0,CRUXEval,sample_104,0.9822956204305489,413.4386592274937,6.014722295500372e-08,1.7348969076689644e-08,-1.4367633838219263e-07,0
1.0002560796416802,1.096390638818417,1.302625713374809,1.6211795982156094,2.021797997467512,,3,TF_RANDOM_R0,CRUXEval,sample_104,0.9941803704108497,378.55066869103007,1.9763284836120223e-10,5.005495638024253e-11,3.850644247904711e-10,0
1.0001091081505038,1.0876309040374204,1.252223302393874,1.4656781467857851,1.8553381645300682,,7,TF_RANDOM_R0,CRUXEval,sample_104,0.9847073221409794,237.04353882716237,1.2739570344553416e-09,3.455967994155521e-10,1.253305015325168e-09,0
0.9997803910116181,1.0629780542485145,1.171463364635485,1.3326107044573872,1.7281463071523717,,PREFILL,TF_RANDOM_R1,CRUXEval,sample_104,0.9932922983801583,375.36465891282495,3.6983260613233794e-07,1.154967441395097e-07,-4.113279814532689e-07,0
0.999919019823985,1.0856522857182778,1.272907376138291,1.4777567863227001,1.8095667979469656,,0,TF_RANDOM_R1,CRUXEval,sample_104,0.9885685437859748,382.84331224092773,2.2735627831769326e-14,6.3990245661423475e-15,-3.552713678800501e-14,0
0.9999560550803822,1.1023549524465501,1.365073860991186,1.670958725323619,2.0885239900891333,,1,TF_RANDOM_R1,CRUXEval,sample_104,0.9812677776369573,431.5586758859679,2.090102351784302e-06,6.938789212964716e-07,-2.4520530317317935e-06,0
0.9999927784609361,1.1056106243752304,1.3113636948157323,1.617925953479911,2.208578412853954,,3,TF_RANDOM_R1,CRUXEval,sample_104,0.9944078015825221,366.9834248008973,7.814381354310162e-09,2.485520618196691e-09,-1.064022825403299e-08,0
1.0000538281572708,1.0933500052837233,1.2746750884183713,1.5517446520186922,1.9423579182781596,,7,TF_RANDOM_R1,CRUXEval,sample_104,0.9824802382468999,254.04182987362555,6.293115489796061e-09,1.8246639895452082e-09,-2.043849889332705e-08,0
0.9998835439468045,1.0646627295853044,1.166398734846442,1.3195961255145932,1.6796784620277068,,PREFILL,TF_RANDOM_R2,CRUXEval,sample_104,0.9941593685317103,321.5231929829891,3.706934497406817e-06,1.0242420723176564e-06,-1.2942942561267046e-05,0
1.0002382247496489,1.0980841246477813,1.3248543522333929,1.5225181429871293,1.8790023678955698,,0,TF_RANDOM_R2,CRUXEval,sample_104,0.9883204694649792,379.47063258309953,5.377091000421469e-15,3.6212482581266e-16,-7.105427357601002e-15,0
0.9999167587241208,1.1185621264287078,1.3880237127375057,1.6907428813220635,2.2193092809338526,,1,TF_RANDOM_R2,CRUXEval,sample_104,0.9728166360541032,524.006564284587,4.392050882322248e-08,1.2794286226199709e-08,-7.481354913352334e-08,0
0.999989971578346,1.0918724934758754,1.3066983440751319,1.5507804878489906,1.8737639452928225,,3,TF_RANDOM_R2,CRUXEval,sample_104,0.9952099615846036,338.72049819209667,2.81483240127345e-10,6.133588664377077e-11,6.473754865510273e-10,0
0.9999622925972491,1.0762757384881052,1.2386577947738109,1.445176520409725,1.86289382464887,,7,TF_RANDOM_R2,CRUXEval,sample_104,0.9816722100496588,260.2455274972759,2.2178738052197056e-09,5.81769099524249e-10,1.3582877045337227e-09,0
1.000002368643119,1.0590860776304494,1.1634390330930964,1.305578553859601,1.700802436649162,,PREFILL,TF_RANDOM_R3,CRUXEval,sample_104,0.9936292296319646,339.1526194317313,5.681308944444494e-06,1.590152383648143e-06,-1.6977686591701513e-05,0
1.0000873548104305,1.0961357582854432,1.3007136805482207,1.5187899791557813,1.8515019357190008,,0,TF_RANDOM_R3,CRUXEval,sample_104,0.9894522960140596,361.826632053755,3.131816278296346e-14,8.666101300441258e-15,-4.973799150320701e-14,0
1.0000511772126024,1.120865719376616,1.37408785255347,1.7359753264478655,2.1566588818330663,,1,TF_RANDOM_R3,CRUXEval,sample_104,0.9830405979038224,401.07309241592526,2.79679339670671e-07,8.446507618894051e-08,-4.985598280882186e-07,0
0.9998769945540942,1.1171487830756284,1.3399736253050016,1.6204473137354352,2.1168285941277674,,3,TF_RANDOM_R3,CRUXEval,sample_104,0.9932372023234142,428.8137159720079,2.507903381006333e-09,7.548278371116222e-10,-4.3545327343963436e-09,0
1.0000134402355578,1.0892072804876085,1.2631714699676238,1.4922989331461989,1.9464681300176057,,7,TF_RANDOM_R3,CRUXEval,sample_104,0.9826840286518336,252.3910074445944,5.580240969948456e-09,1.5898148414858227e-09,-1.7899921544994868e-08,0
0.0,0.0,0.0,0.0,0.0,,PREFILL,TF_BASELINE,CRUXEval,sample_86,1.0,0.0,0.0,0.0,0.0,0
0.0,0.0,0.0,0.0,0.0,,0,TF_BASELINE,CRUXEval,sample_86,1.0,0.0,0.0,0.0,0.0,0
0.0,0.0,0.0,0.0,0.0,,1,TF_BASELINE,CRUXEval,sample_86,0.9999999999999999,0.0,0.0,0.0,0.0,0
0.0,0.0,0.0,0.0,0.0,,3,TF_BASELINE,CRUXEval,sample_86,1.0000000000000002,0.0,0.0,0.0,0.0,0
0.0,0.0,0.0,0.0,0.0,,7,TF_BASELINE,CRUXEval,sample_86,0.9999999999999999,0.0,0.0,0.0,0.0,0
0.0,0.0,0.0,0.0,0.0,,15,TF_BASELINE,CRUXEval,sample_86,1.0000000000000002,0.0,0.0,0.0,0.0,0
1.7105650861733959,2.021000998749843,2.790143277966683,3.6395689486532805,5.9631765288082335,,PREFILL,TF_TEXTUAL_CAREFUL,CRUXEval,sample_86,0.6057976590746085,2285.482253331975,14.683489787573734,0.6931384023973226,-14.683589092840712,1
0.9756174981726075,1.1395649372850234,1.382381099041783,1.6395665504358674,2.194209513061433,,0,TF_TEXTUAL_CAREFUL,CRUXEval,sample_86,0.9568387784356482,533.8060382466612,1.4625943489059787e-15,7.901002329437937e-16,-7.105427357601002e-15,0
0.48672100411367664,0.5866393579753183,0.7166683109154454,0.8357450808803396,1.824198141261661,,1,TF_TEXTUAL_CAREFUL,CRUXEval,sample_86,0.9879145005490511,297.5197563472906,0.583226901597067,0.1357231796531252,-1.189085588257143,1
0.425830247505524,0.45196259731077887,0.5334301033887572,0.6350001127322744,1.1729657485418397,,3,TF_TEXTUAL_CAREFUL,CRUXEval,sample_86,0.9979040183923368,144.50994863451672,7.202110793040067e-11,1.8044561076735244e-11,3.710454166139243e-10,0
0.3682470121850077,0.38981572175907314,0.4812169412613602,0.5766935983465603,1.0462505933906963,,7,TF_TEXTUAL_CAREFUL,CRUXEval,sample_86,0.9895572360554467,471.62343858408013,6.108875594985656e-14,1.585402130069043e-14,-1.5631940186722204e-13,0
0.6048004731005139,0.6693627490899672,0.806241782037808,1.0482497955154997,1.5353541730096083,,15,TF_TEXTUAL_CAREFUL,CRUXEval,sample_86,0.9849442008412409,320.5323282337197,2.4107087504105192e-09,7.165441931167263e-10,-4.979455070497352e-09,0
1.0001469230965094,1.1596457651794498,1.4938130903656397,1.9293197927091932,3.837545550877892,0.9046807366064955,PREFILL,TF_MEANINGFUL_L27_D75,CRUXEval,sample_86,0.9627365182969162,888.5456594455544,0.7481865817996914,0.2307088805498052,-0.7482251306195593,0
0.9999044396283086,1.1364125742294513,1.3559962467568598,1.5455888466227452,2.3988010019233963,0.3687246589597599,0,TF_MEANINGFUL_L27_D75,CRUXEval,sample_86,0.9591864668061119,542.7755329427612,1.1833541731268378e-12,4.0932046794203325e-13,-1.2221335055073723e-12,0
0.999976638886043,1.1561592271577332,1.4241693432916027,1.7666589194195368,3.439226144405209,-0.44259360220246513,1,TF_MEANINGFUL_L27_D75,CRUXEval,sample_86,0.9139549629581163,720.2404592217396,0.11131516007630735,0.028644056974764368,-0.38053548209171595,1
1.0000885243448432,1.0941937853778936,1.2752690559620221,1.5253042858336534,2.857305740831066,0.0986668222999983,3,TF_MEANINGFUL_L27_D75,CRUXEval,sample_86,0.9872731053002689,369.3492070818748,6.651798646228111e-09,2.087389466565243e-09,-1.1319905013351672e-08,0
0.9999434241087267,1.0717280429094067,1.2668697716869717,1.495614173360958,2.3153746816423277,0.8466536171011634,7,TF_MEANINGFUL_L27_D75,CRUXEval,sample_86,0.9435906802156806,926.9892344463263,4.068191557550759e-11,1.4000428327606256e-11,-4.1524117477820255e-11,0
0.9998840117605695,1.1385804232165435,1.4073743613137002,1.7705645406057484,4.340721358393343,-0.08811708674297117,15,TF_MEANINGFUL_L27_D75,CRUXEval,sample_86,0.9553166898391198,626.7836177174942,8.166014271952465e-08,2.7130343764059296e-08,-9.389384558744496e-08,0
0.9999315728266797,1.0733897953717106,1.1978178090256821,1.3697527783309722,1.833310217776677,,PREFILL,TF_RANDOM_R0,CRUXEval,sample_86,0.9932627905245102,360.662394896668,6.178915401710224e-06,1.0984673072166615e-06,7.162433320218042e-06,0
0.9999227623341052,1.1139567338189904,1.31192008132026,1.5057385988634724,1.9133310097863379,,0,TF_RANDOM_R0,CRUXEval,sample_86,0.9745455855165243,416.9097031074649,-1.3291247639503055e-15,2.2488601861665353e-16,0.0,0
0.9999626824420533,1.1075740387470099,1.315377848795428,1.497474044952747,1.8809726435359029,,1,TF_RANDOM_R0,CRUXEval,sample_86,0.9767548596711172,379.2921260328669,1.0065369353363174,0.20805426465416874,-1.8136132248973524,1
1.000084236051997,1.0537837204798164,1.178885152048531,1.3798234052505094,2.2518111100722265,,3,TF_RANDOM_R0,CRUXEval,sample_86,0.9917348851731951,286.651891982319,5.596900910203106e-10,1.4769545083964195e-10,1.1550937983884069e-09,0
1.0000324646620018,1.0602689447352966,1.1975900616910793,1.4047160875629476,1.7962983520676887,,7,TF_RANDOM_R0,CRUXEval,sample_86,0.9908116973651556,323.24682234227583,1.796911803471023e-13,5.050123827387652e-14,-3.481659405224491e-13,0
1.0001101217469948,1.0873177027217409,1.2328780336759773,1.4866178027838233,1.837659950163812,,15,TF_RANDOM_R0,CRUXEval,sample_86,0.9831128204011942,342.26112422152414,7.663970544306968e-11,1.8571602008286273e-11,1.4935608305677306e-10,0
1.0001321089939506,1.0696206198669624,1.19496843335192,1.3672816300862267,1.7554051914882698,,PREFILL,TF_RANDOM_R1,CRUXEval,sample_86,0.992434309103923,376.1081316121979,1.204940381308151e-06,3.510106839186502e-07,-1.8907884182794987e-06,0
0.999863272016987,1.0763669621722836,1.2215354990983174,1.399219275823989,1.7988855181261585,,0,TF_RANDOM_R1,CRUXEval,sample_86,0.97944020027202,368.157028937529,7.973662256265971e-14,2.6725284717223737e-14,-9.947598300641403e-14,0
0.9999830323408316,1.0760640527594345,1.247545866464344,1.446731689302566,1.8464670121040363,,1,TF_RANDOM_R1,CRUXEval,sample_86,0.9769361241091996,379.80065944689153,0.2731653412967011,0.05011724488120241,0.264994202687582,0
0.9999251014029302,1.0489113621481956,1.1737486348775967,1.3357891871148395,1.993375972173858,,3,TF_RANDOM_R1,CRUXEval,sample_86,0.9931478115292134,270.35942560027166,7.339735858347152e-10,1.992931936733622e-10,-1.9166108700119366e-09,0
0.999956678832069,1.0496395142734456,1.1849334382474848,1.3917949154352356,1.7703577669216106,,7,TF_RANDOM_R1,CRUXEval,sample_86,0.9876704252470935,400.95019016541204,1.1301183452721686e-13,1.6712500020813868e-14,7.815970093361102e-14,0
0.9999359390884864,1.0945182142239334,1.2840380690493585,1.6050913268987272,2.2778451020333863,,15,TF_RANDOM_R1,CRUXEval,sample_86,0.9768918766437446,389.8892743690382,8.477164815507046e-10,1.873926756791926e-10,1.907146440771612e-09,0
0.999919955451515,1.0683436442263856,1.1797353255974898,1.3426964573553266,1.7160801426491903,,PREFILL,TF_RANDOM_R2,CRUXEval,sample_86,0.9936126924786937,324.12880182049435,1.401280518535566e-06,3.8064091626302325e-07,-5.961584520264296e-06,0
0.9999801474892807,1.0959652401680942,1.2913892945528473,1.4938258772752169,1.779937813139566,,0,TF_RANDOM_R2,CRUXEval,sample_86,0.9799605146859018,373.4900332104808,3.0476545280493147e-15,2.0141844303018682e-16,0.0,0
1.0000097756943984,1.1017174782227526,1.30476175102588,1.5111062940032862,1.899580091977406,,1,TF_RANDOM_R2,CRUXEval,sample_86,0.9677886540940677,448.96773946328125,0.46629573899994725,0.11196740035775206,-1.0060774970372321,1
0.9997876421249758,1.0420321607336094,1.172140135215544,1.30985499542355,2.009026369806684,,3,TF_RANDOM_R2,CRUXEval,sample_86,0.9945214438801595,234.31167073871546,7.487799909993576e-10,1.7379361199916917e-10,-2.702051915548509e-10,0
1.0001454416862536,1.0523697533750502,1.1654834572151849,1.3281212516924334,1.662596398336005,,7,TF_RANDOM_R2,CRUXEval,sample_86,0.9920455003746,300.1441881445807,5.754580315504095e-14,9.398815317850977e-15,5.684341886080802e-14,0
0.9999296236026587,1.07840374533621,1.25411085296676,1.551760869562546,1.9752923192112533,,15,TF_RANDOM_R2,CRUXEval,sample_86,0.9804282660523158,357.7163948356424,5.098512477661294e-09,1.5121295415231615e-09,-9.755460439464514e-09,0
0.9999381222193898,1.0661389159208179,1.1792106724600224,1.3329600054019337,1.7363207289443703,,PREFILL,TF_RANDOM_R3,CRUXEval,sample_86,0.9929483182660708,343.7869215061387,9.215271027032001e-06,2.7001946272287934e-06,-1.9965055365389617e-05,0
0.99996330619374,1.1003840530545304,1.2738333355171827,1.4734291971204427,1.9067044278048613,,0,TF_RANDOM_R3,CRUXEval,sample_86,0.9775134125978987,390.30872443558144,2.2597119764217122e-14,7.771608309614056e-15,-3.552713678800501e-14,0
0.9999819407753798,1.0970858100732335,1.2614156089695905,1.4449981274273318,1.9590011726582748,,1,TF_RANDOM_R3,CRUXEval,sample_86,0.9781164624365782,369.9902252722322,0.0065579892510662695,0.0016551886164538436,-0.07335326649389629,0
0.9998939917875566,1.0516210174441392,1.1808832626078827,1.3469640104577403,2.022632889100147,,3,TF_RANDOM_R3,CRUXEval,sample_86,0.9935983873581266,258.8703542328393,8.532046673665312e-09,2.575167539635499e-09,-1.6370499622553325e-08,0
1.0001336683731672,1.0598916529338098,1.210349136349213,1.3890568014685865,1.7713219310913122,,7,TF_RANDOM_R3,CRUXEval,sample_86,0.9912323040400282,352.2829677714218,8.14071889126884e-15,2.1703246432658227e-15,7.105427357601002e-15,0
1.0000097756943984,1.0943763107152114,1.2387143222704171,1.5394233730756544,2.0162938566462345,,15,TF_RANDOM_R3,CRUXEval,sample_86,0.9783558556000926,376.72233085231915,7.006422454043703e-09,2.110397473764075e-09,-1.2458180265184637e-08,0
0.0,0.0,0.0,0.0,0.0,,PREFILL,TF_BASELINE,CRUXEval,sample_623,1.0,0.0,0.0,0.0,0.0,0
0.0,0.0,0.0,0.0,0.0,,0,TF_BASELINE,CRUXEval,sample_623,1.0,0.0,0.0,0.0,0.0,0
0.0,0.0,0.0,0.0,0.0,,1,TF_BASELINE,CRUXEval,sample_623,0.9999999999999999,0.0,0.0,0.0,0.0,0
0.0,0.0,0.0,0.0,0.0,,3,TF_BASELINE,CRUXEval,sample_623,1.0000000000000002,0.0,0.0,0.0,0.0,0
1.764709071646943,2.1062800174783036,2.930057642559881,3.835096701755946,6.178059608624744,,PREFILL,TF_TEXTUAL_CAREFUL,CRUXEval,sample_623,0.6816805506604482,2166.0411038422967,14.503419629063927,0.6931415117845485,-14.50355595395986,1
0.9686802098821984,1.1177737042967313,1.3966620498464803,1.700288465259329,2.527995414091212,,0,TF_TEXTUAL_CAREFUL,CRUXEval,sample_623,0.9519206150397936,490.30519002777856,1.7611808128706348e-14,7.756143559879459e-15,-2.1316282072803006e-14,0
0.6029977917414984,0.8210003706965883,1.0947444801482804,1.4554286590700893,2.3259926506669357,,1,TF_TEXTUAL_CAREFUL,CRUXEval,sample_623,0.9916360045063158,380.57862572601226,0.006232944908012468,0.001988481921629729,-0.008347648748525671,0
0.598996073811056,0.7160527459696429,0.8661117300262116,1.0901493794413935,1.8219847584014404,,3,TF_TEXTUAL_CAREFUL,CRUXEval,sample_623,0.9841895467829754,286.5970782224505,1.290476074321494e-07,3.601500784134858e-08,7.176825249644025e-07,0
1.0000532044055843,1.1590715237828906,1.5054669550039188,1.9614345839259755,3.6943090848013815,0.8413045531718665,PREFILL,TF_MEANINGFUL_L27_D75,CRUXEval,sample_623,0.9711160369526561,758.1935149529797,0.41308748619071023,0.13462285140929656,-0.41313938223952107,0
0.9999021005594835,1.1158828790274902,1.3398499665331154,1.5410256352208402,2.5738696997026183,-0.06305163936455915,0,TF_MEANINGFUL_L27_D75,CRUXEval,sample_623,0.9013636170901669,657.4915109155176,7.814009175416195e-13,2.759315699957253e-13,-7.958078640513122e-13,0
0.9998822184744702,1.12428021407852,1.4507789021216562,1.8517643792411758,4.108822644439763,-0.09962254840534371,1,TF_MEANINGFUL_L27_D75,CRUXEval,sample_623,0.9829030071753863,593.5338815752336,0.596299815815815,0.18762790832682597,-0.6023835441182399,0
1.0000369088927694,1.1034393447538613,1.3542821771218347,1.7080800594536216,3.395910956026371,0.26402235082907577,3,TF_MEANINGFUL_L27_D75,CRUXEval,sample_623,0.9653042168669179,422.5006050961048,0.00017387320339172597,5.792633881849104e-05,-0.0001975383795382868,0
0.9999788999859073,1.0699774838007101,1.1900849254588994,1.3573613273231817,1.8284329474005234,,PREFILL,TF_RANDOM_R0,CRUXEval,sample_623,0.993352213373066,380.6723505342899,8.844536434144633e-06,1.6738246545116537e-06,1.1037640071265287e-05,0
1.0000072806876517,1.1116327909723038,1.3009832972147926,1.489576568909639,1.9043848512199817,,0,TF_RANDOM_R0,CRUXEval,sample_623,0.9627413625040053,427.65169228485337,7.878166548626241e-16,5.923579281737861e-16,0.0,0
0.9999515328806537,1.1059726342603933,1.3525653006042198,1.6696936009650893,2.3894835551655373,,1,TF_RANDOM_R0,CRUXEval,sample_623,0.9878491435061811,485.41636912231183,0.004446402775537704,0.0014102712929387252,-0.005943040802499411,0
1.0000422887510672,1.0950846587244092,1.2977831391862276,1.5638735035663858,2.0674287080452656,,3,TF_RANDOM_R0,CRUXEval,sample_623,0.9788448153974125,331.25627312436245,3.7658759901058064e-06,7.37414321997523e-07,4.934967556380343e-06,0
0.9999816288995366,1.0677138889297109,1.1843911641248683,1.3495380777307897,1.7401056541792073,,PREFILL,TF_RANDOM_R1,CRUXEval,sample_623,0.9930729895979887,362.0267537774083,8.216795214961281e-07,2.3556572898208094e-07,-2.8709868971077412e-06,0
0.999860465134397,1.0734744696631788,1.2132895018002712,1.3898792180674877,1.8858327607406724,,0,TF_RANDOM_R1,CRUXEval,sample_623,0.9706764564215817,391.10347478778846,1.07650540466795e-17,2.8716579982383706e-16,0.0,0
1.000116593170744,1.0833187526894084,1.3083645407682034,1.5914890179291492,2.272146974437548,,1,TF_RANDOM_R1,CRUXEval,sample_623,0.9910933245080478,402.00877737577605,2.045145654845486e-05,5.651973313936984e-06,2.1209665888477502e-05,0
1.000108094554013,1.079640177117152,1.289612070059545,1.5935316487651383,2.154159041010733,,3,TF_RANDOM_R1,CRUXEval,sample_623,0.9764687313688849,348.8457329272634,1.1049049903584102e-05,1.6080081115957053e-06,6.373105634338572e-06,0
1.0000850937105663,1.068783077289659,1.1744422467531965,1.3377395027011985,1.6986657752464043,,PREFILL,TF_RANDOM_R2,CRUXEval,sample_623,0.9938890496225126,324.3941176363517,5.803972024334088e-06,1.6385218765360997e-06,-1.6996221852139115e-05,0
1.0001154236363317,1.080092630996885,1.265320840310998,1.4435984286423986,1.7814348171876229,,0,TF_RANDOM_R2,CRUXEval,sample_623,0.9725963586231571,359.6421565259235,6.826676077938879e-16,3.1632693902487298e-16,0.0,0
0.9999696996485286,1.137024240727212,1.3809597248857375,1.697609919578759,2.37049437069178,,1,TF_RANDOM_R2,CRUXEval,sample_623,0.9915634094027669,375.27131768200417,0.0004396742226347208,0.00013214870551086247,-0.0007515027471285407,0
0.9998597634137494,1.0647854527296605,1.2747698986747482,1.4819016162807577,2.009903520616092,,3,TF_RANDOM_R2,CRUXEval,sample_623,0.9796668913427636,324.7889673577014,9.471360740627455e-06,1.4650649642705736e-06,6.2047583995195055e-06,0
1.0001440382449585,1.0677138889297109,1.1754182622049452,1.32302021039868,1.7143069725418514,,PREFILL,TF_RANDOM_R3,CRUXEval,sample_623,0.9932881675690672,341.8733997047995,6.153605217678498e-06,1.7340880842735468e-06,-1.7815722912928322e-05,0
0.9999802254582415,1.0860482900703652,1.259169245238936,1.4614877829545994,2.0809644315222897,,0,TF_RANDOM_R3,CRUXEval,sample_623,0.9701370863771485,379.50891272555157,1.792753100423905e-16,6.646332822067806e-16,0.0,0
0.9998662348374988,1.118388723459808,1.409220510368382,1.872544978559108,2.607246496519497,,1,TF_RANDOM_R3,CRUXEval,sample_623,0.9897476125228403,420.1272389977145,0.016210950464914074,0.005373527561548522,-0.018661837018932204,0
1.0000207693178764,1.0818576143633363,1.3032585874299172,1.5984387032843312,2.04663376243854,,3,TF_RANDOM_R3,CRUXEval,sample_623,0.9792206195605399,340.8281295196585,2.5563707904365897e-05,7.940208143275946e-06,-3.874236676892906e-05,0
0.0,0.0,0.0,0.0,0.0,,PREFILL,TF_BASELINE,CRUXEval,sample_287,1.0000000000000002,0.0,0.0,0.0,0.0,0
0.0,0.0,0.0,0.0,0.0,,0,TF_BASELINE,CRUXEval,sample_287,0.9999999999999999,0.0,0.0,0.0,0.0,0
0.0,0.0,0.0,0.0,0.0,,1,TF_BASELINE,CRUXEval,sample_287,1.0,0.0,0.0,0.0,0.0,0
0.0,0.0,0.0,0.0,0.0,,3,TF_BASELINE,CRUXEval,sample_287,0.9999999999999998,0.0,0.0,0.0,0.0,0
1.6343165884269166,1.9362106894679048,2.7566602874251456,3.558666483634483,6.2553137500280895,,PREFILL,TF_TEXTUAL_CAREFUL,CRUXEval,sample_287,0.7139543075105367,2021.8118317870678,12.289269002013965,0.693115695026038,-12.289316409332429,1
1.0112810466418538,1.1625017682148833,1.3735540770475847,1.6230045397129438,2.2754503633702603,,0,TF_TEXTUAL_CAREFUL,CRUXEval,sample_287,0.9719211009001836,481.33094630795944,2.6297728744674926e-16,2.6180858080301884e-17,0.0,0
0.475468445716822,0.5689459396616992,0.7345160298025595,1.2195288899222347,2.889723987243423,,1,TF_TEXTUAL_CAREFUL,CRUXEval,sample_287,0.9879708457140385,445.7344847078802,0.9129352679215247,0.13914395535048613,0.7337713333682743,0
0.29565736386369307,0.32255406288426636,0.4261745194520966,0.5617929892256167,1.4881497369263348,,3,TF_TEXTUAL_CAREFUL,CRUXEval,sample_287,0.9974488440312091,159.91995176366223,2.175339278230431e-07,4.928024069369845e-08,3.4094450285238054e-07,0
1.0001730426983897,1.143375280401093,1.435753659616816,1.813243502264162,3.146443340189628,0.7243384619932399,PREFILL,TF_MEANINGFUL_L27_D75,CRUXEval,sample_287,0.9771986705286885,623.4756368058814,0.10522533112516123,0.03592661253902078,-0.10524223050448711,0
1.0000402615580855,1.1078328956969863,1.3286126120836237,1.5366037035759708,2.1626779296717062,0.1539899057425711,0,TF_MEANINGFUL_L27_D75,CRUXEval,sample_287,0.9734806399133039,480.63637759853475,-1.58228091465722e-15,1.233059488018568e-15,0.0,0
0.9997541934407771,1.1173619502145546,1.4944914203249156,1.918583778677879,3.1460868661006844,0.21148710205153232,1,TF_MEANINGFUL_L27_D75,CRUXEval,sample_287,0.9897712825211953,414.071209455847,0.31380100019379564,0.0609832404537617,-0.06127633751817996,1
1.0001540962409063,1.0642702338364545,1.2623234015806075,1.5085156973105396,2.6790138062108713,0.31009851107755126,3,TF_MEANINGFUL_L27_D75,CRUXEval,sample_287,0.9915000514404841,291.9224396508244,1.1114423984994382e-05,3.6235205204826703e-06,-1.3705587761592142e-05,0
0.9998936019427523,1.062261519498429,1.1745703497558506,1.3275703230151643,1.7459631503309947,,PREFILL,TF_RANDOM_R0,CRUXEval,sample_287,0.9934090210660101,377.53475601710636,2.1967974708239642e-06,4.381500418813065e-07,3.529978485516949e-06,0
1.0001255596012404,1.1188163832099949,1.3061807861131005,1.4737349913848425,1.897445925581395,,0,TF_RANDOM_R0,CRUXEval,sample_287,0.9836780719270815,392.835773836354,-5.062440009083642e-16,6.265303409419607e-16,0.0,0
1.0001279766390263,1.1033899124326911,1.3312969274672957,1.6528649363961057,2.4054852809358915,,1,TF_RANDOM_R0,CRUXEval,sample_287,0.9930706223629766,338.06724120070834,0.22701149522819056,0.06615939364403775,-0.3401948677976705,1
1.000150977482473,1.0494629145771515,1.2018920770741826,1.4012930942443127,2.2749306222773256,,3,TF_RANDOM_R0,CRUXEval,sample_287,0.994278196247417,239.5082083410601,1.5355625408803523e-07,3.478677217354666e-08,3.428397405969008e-07,0
0.999990907205876,1.0580605518885695,1.1607678944638058,1.3107379159360601,1.7303504896752135,,PREFILL,TF_RANDOM_R1,CRUXEval,sample_287,0.9925730723773349,373.7102394752531,1.9080871061062873e-07,5.790145812825437e-08,-2.8832299392433924e-07,0
0.9999750795068263,1.0718937269511837,1.2145904918807855,1.406047017724423,1.7848545358099026,,0,TF_RANDOM_R1,CRUXEval,sample_287,0.9856408552641979,347.68392526893894,-9.126604488309776e-16,4.6459933682798085e-16,0.0,0
1.0000073586566125,1.1306735129291743,1.4117559050368564,1.8090603115773731,3.2655075571518277,,1,TF_RANDOM_R1,CRUXEval,sample_287,0.9862111574377309,477.06972786338844,1.4411661806007297,0.34866548242329454,-1.8790768908559485,1
1.0000468889197565,1.0476693945710343,1.1889621724228567,1.396280625690069,2.136510766725438,,3,TF_RANDOM_R1,CRUXEval,sample_287,0.995012759812945,223.53345109367135,6.036597943956044e-07,1.8720548408709518e-07,-4.756476243983343e-07,0
0.9999905953300326,1.0621609395389502,1.1608036042478689,1.3025447036245001,1.638927672770775,,PREFILL,TF_RANDOM_R2,CRUXEval,sample_287,0.9940116628497393,314.3624217969853,2.0722140833805852e-06,5.821625628660738e-07,-6.1631189041122525e-06,0
1.0000841580830362,1.0838969705029702,1.2596710534708784,1.4345125496982236,1.7438333501967904,,0,TF_RANDOM_R2,CRUXEval,sample_287,0.9858934525844696,353.2530556004974,3.207669128904401e-17,4.5269184320987685e-17,0.0,0
0.9998362167875768,1.1261372008187578,1.3525051085664541,1.7381788852190208,2.7554932480193477,,1,TF_RANDOM_R2,CRUXEval,sample_287,0.9845570025580587,538.0849914462455,0.18372988877515425,0.028769649529679735,-0.31521819117471495,1
0.9999303253233063,1.032935054259074,1.179664295874168,1.3960632482272575,2.3737160481535358,,3,TF_RANDOM_R2,CRUXEval,sample_287,0.9924984882483375,274.9269777144413,9.136205337187249e-07,1.5579932515149326e-07,7.866031666026174e-07,0
1.000007592563495,1.0553590833335136,1.1540546889668402,1.2903975293710097,1.681930673430424,,PREFILL,TF_RANDOM_R3,CRUXEval,sample_287,0.9933168928386668,333.53403802847976,7.03122362988624e-06,2.0772371220289948e-06,-1.398336964086866e-05,0
0.9998838558226478,1.0921106886512304,1.2497615104244288,1.4449268637971273,1.9227546502688555,,0,TF_RANDOM_R3,CRUXEval,sample_287,0.9826788214101946,380.0993163845449,5.838813073862265e-15,1.3767441858636027e-15,-7.105427357601002e-15,0
0.9999211249859276,1.1064296883088156,1.3163493420474484,1.6269425959868633,2.313250339335382,,1,TF_RANDOM_R3,CRUXEval,sample_287,0.9939359569065579,319.20768149815154,0.3600009415438689,0.11102819524653164,-0.5080444335240699,1
1.0001654797091886,1.0510135612702636,1.228105475614227,1.474597328091692,2.1803205901918212,,3,TF_RANDOM_R3,CRUXEval,sample_287,0.9942037549999407,250.58078252144978,7.882690085393958e-08,2.0192242549690876e-08,-3.6200828645860383e-07,0
0.0,0.0,0.0,0.0,0.0,,PREFILL,TF_BASELINE,CRUXEval,sample_166,1.0,0.0,0.0,0.0,0.0,0
0.0,0.0,0.0,0.0,0.0,,0,TF_BASELINE,CRUXEval,sample_166,0.9999999999999998,0.0,0.0,0.0,0.0,0
0.0,0.0,0.0,0.0,0.0,,1,TF_BASELINE,CRUXEval,sample_166,1.0000000000000002,0.0,0.0,0.0,0.0,0
0.0,0.0,0.0,0.0,0.0,,3,TF_BASELINE,CRUXEval,sample_166,1.0,0.0,0.0,0.0,,0
1.4948599016338278,1.7274294605264426,2.309001030969804,3.002668888283347,5.020483139665889,,PREFILL,TF_TEXTUAL_CAREFUL,CRUXEval,sample_166,0.7816195490705868,1873.5710480541177,9.253698011365255,0.6926481421122539,-9.25381336960811,1
0.9738678746914411,1.1103327365193196,1.4001731480908601,1.7096997866460348,2.2802613601297033,,0,TF_TEXTUAL_CAREFUL,CRUXEval,sample_166,0.9786571184876168,444.2523734231042,1.0031628575855907e-12,2.8761384438720586e-13,-2.6716406864579767e-12,0
0.5152822429869037,0.5810893714050692,0.7304632032182891,1.071645473779881,1.8087916305383311,,1,TF_TEXTUAL_CAREFUL,CRUXEval,sample_166,0.9880374502211129,354.6380278435678,3.753677688315108e-05,7.171796428194751e-06,4.119979416117303e-05,0
0.5899348720429859,0.6407157443598201,0.7635888620123139,0.9082116941814546,1.365567872327045,,3,TF_TEXTUAL_CAREFUL,CRUXEval,sample_166,0.973887507931109,338.9059796881673,1.2494715488886473e-10,2.6396955828537025e-11,,0
1.0001155795742533,1.1442736387678487,1.4555186352508944,1.8496866623728103,3.26767540613892,0.8116653900276163,PREFILL,TF_MEANINGFUL_L27_D75,CRUXEval,sample_166,0.9742042511514404,705.5377814788608,0.5867619284114498,0.185923595987522,-0.5868261034029061,0
0.9998854931708254,1.143477185832906,1.4101946545650705,1.6765631342285319,2.37199355787074,0.027125732707896793,0,TF_MEANINGFUL_L27_D75,CRUXEval,sample_166,0.9785126375871449,441.2739546057162,1.2381755241807086e-12,3.885828403451906e-13,-2.5366375666635577e-12,0
1.000127664763183,1.1512296396088586,1.4383002818156507,1.8410023235769424,2.7789329007776407,-0.18763999255488695,1,TF_MEANINGFUL_L27_D75,CRUXEval,sample_166,0.979955294091343,452.1593570155332,0.002925546286075538,0.000987418439560817,-0.003173937736356436,0
1.0002674631099624,1.1067569240374455,1.3335821977094073,1.5248966641064012,2.252824394687255,0.23368915108169455,3,TF_MEANINGFUL_L27_D75,CRUXEval,sample_166,0.8786236845110222,714.9923158864073,2.2098515389521938e-09,5.603177985547836e-10,,0
0.9998729401681308,1.0643017332966322,1.1778087125752252,1.3332972991265115,1.7813392272416375,,PREFILL,TF_RANDOM_R0,CRUXEval,sample_166,0.993122384392317,379.33759562102784,1.0189108105114179e-05,1.876475119749256e-06,1.273491099595958e-05,0
1.0001211933394334,1.1134769908029647,1.3273569999383161,1.5569914952692097,2.037473033291962,,0,TF_RANDOM_R0,CRUXEval,sample_166,0.9811701132623748,420.9582273048754,1.9772658893405728e-12,5.86640602252164e-13,-4.156675004196586e-12,0
1.0000011991087063,1.1331196331374913,1.3497351832637838,1.6671131402372514,2.168292474541528,,1,TF_RANDOM_R0,CRUXEval,sample_166,0.9861371034202553,372.2062059126998,3.051918776906309e-05,5.825833046642346e-06,4.4713933334605827e-05,0
1.0000069688118083,1.08178619479521,1.234996606279821,1.4260965800655543,1.9311651620742665,,3,TF_RANDOM_R0,CRUXEval,sample_166,0.9440804623445705,493.9591641704856,1.1867784783919776e-08,3.843814871728464e-09,,0
1.0000035381775316,1.0568457175097792,1.1696341348453048,1.3339014026350713,1.7268050850880656,,PREFILL,TF_RANDOM_R1,CRUXEval,sample_166,0.9924158330066123,385.6678023842596,2.419036511034027e-06,6.956781691438829e-07,-7.518674316031593e-06,0
0.9998384778874411,1.087060015306177,1.315086868633587,1.529964334684917,1.9452837815025024,,0,TF_RANDOM_R1,CRUXEval,sample_166,0.9849497650156616,370.0839362179497,4.8059173091069914e-12,1.4731413999457643e-12,-7.94386778579792e-12,0
0.9998167245473678,1.0954382479618017,1.452277309611008,1.789051760909642,2.30973253576037,,1,TF_RANDOM_R1,CRUXEval,sample_166,0.9811927164148746,453.3675276284595,1.211771933739138e-05,3.7334889049755544e-06,-2.865920753691853e-05,0
1.000230038008761,1.0972504805185197,1.2643681375785392,1.474087722963666,2.0044923187961317,,3,TF_RANDOM_R1,CRUXEval,sample_166,0.9497671884272874,470.6296540878446,4.00266371769853e-08,1.3415709900933031e-08,,0
0.9998090835892058,1.0609632583315438,1.1614383495580372,1.3029453861142377,1.6570877353149993,,PREFILL,TF_RANDOM_R2,CRUXEval,sample_166,0.993750428306365,326.661040644773,1.8586713873546541e-06,5.150510750949558e-07,-7.61532753301708e-06,0
0.9998415186769137,1.095167539729778,1.3400798190296608,1.567973579340923,1.987480271231261,,0,TF_RANDOM_R2,CRUXEval,sample_166,0.9849088783531299,369.94320660882937,1.3382166876879033e-12,3.8941707722744663e-13,-3.232969447708456e-12,0
1.0001611134473816,1.1116830029830824,1.37254858932864,1.7277048468961165,2.3760711785845565,,1,TF_RANDOM_R2,CRUXEval,sample_166,0.9770643311211058,491.28142398371364,0.0003870823908965736,0.0001227944808595694,-0.0005341689204740874,0
0.9999686080830769,1.083869447459795,1.2563672746933623,1.4456087803286015,1.9794984327725278,,3,TF_RANDOM_R2,CRUXEval,sample_166,0.9449297421316757,498.6011912447077,1.2254470848483366e-08,3.971422495270051e-09,,0
0.9999332101748571,1.0577248175432084,1.1616496454419034,1.297083757607526,1.698689165934655,,PREFILL,TF_RANDOM_R3,CRUXEval,sample_166,0.9927955293539021,353.8008426162619,6.1296868874303735e-06,1.7481855318760171e-06,-1.821059283457771e-05,0
1.0000426006269105,1.0996537957673376,1.2998193765674282,1.5021066487297963,1.9255991138980852,,0,TF_RANDOM_R3,CRUXEval,sample_166,0.9865446222091632,354.56619125282367,5.722030496595951e-14,2.0351466640153706e-14,-1.1368683772161603e-13,0
1.000037142799652,1.1159133648911772,1.3737121981001608,1.6713315728943383,2.182830566979063,,1,TF_RANDOM_R3,CRUXEval,sample_166,0.9848096347020813,403.7658685223508,3.0187796870084664e-06,7.431479298087406e-07,1.0519564582978091e-05,0
0.9999364848712123,1.0951792350739036,1.2565994662587328,1.4500873174390383,1.9267711433173764,,3,TF_RANDOM_R3,CRUXEval,sample_166,0.9498762910353532,482.7564916866909,5.933779226221448e-10,1.3701841713195314e-10,,0
0.0,0.0,0.0,0.0,0.0,,PREFILL,TF_BASELINE,CRUXEval,sample_575,0.9999999999999998,0.0,0.0,0.0,0.0,0
0.0,0.0,0.0,0.0,0.0,,0,TF_BASELINE,CRUXEval,sample_575,0.9999999999999998,0.0,0.0,0.0,0.0,0
0.0,0.0,0.0,0.0,0.0,,1,TF_BASELINE,CRUXEval,sample_575,1.0,0.0,0.0,0.0,0.0,0
0.0,0.0,0.0,0.0,0.0,,3,TF_BASELINE,CRUXEval,sample_575,1.0000000000000002,0.0,0.0,0.0,0.0,0
1.7430728409527931,2.041434636192054,2.8664898606658946,3.776066089630945,6.3092389545975305,,PREFILL,TF_TEXTUAL_CAREFUL,CRUXEval,sample_575,0.727331055990807,2015.1805123664149,12.495232112064373,0.6931211444815907,-12.495291002769953,1
0.9641740717596257,1.0765404431101444,1.283606666789051,1.5564177996553763,2.1454263614591467,,0,TF_TEXTUAL_CAREFUL,CRUXEval,sample_575,0.975709389932524,489.4695255134554,-1.645659213905272e-16,5.815581930592384e-17,0.0,0
0.4704784322232992,0.5186734249695174,0.6717815801619915,0.9228727436702286,2.18986835725999,,1,TF_TEXTUAL_CAREFUL,CRUXEval,sample_575,0.9766970753740307,432.1550291585613,1.5814365907525863e-14,1.37207758515192e-15,0.0,0
0.3504721163073147,0.3974823706936254,0.5418070105720477,0.6780375756726131,1.598258750922721,,3,TF_TEXTUAL_CAREFUL,CRUXEval,sample_575,0.9961211288559435,256.84919968032654,0.004344116697058891,0.0006727624275283063,0.0029025161400113575,0
1.0001427127726243,1.1360333332039436,1.4318751716289753,1.8098835078658826,3.0101261515735738,0.5955283040417907,PREFILL,TF_MEANINGFUL_L27_D75,CRUXEval,sample_575,0.9795996035838057,584.4009323648037,0.004678262095259852,0.0016186263093490878,-0.004696451622180575,0
0.9998733300129349,1.1115187223826004,1.3513963899433619,1.5744726041024715,2.3010834389348003,0.2563150903858752,0,TF_MEANINGFUL_L27_D75,CRUXEval,sample_575,0.9685389557890272,575.0132958562305,6.407423279254635e-15,1.575053035057934e-15,-7.105427357601002e-15,0
1.0002864095674455,1.0956670088928955,1.430470794706392,1.8074065899180354,2.9766759079955873,0.1449508785819632,1,TF_MEANINGFUL_L27_D75,CRUXEval,sample_575,0.898452852112494,901.7902656600478,3.782291025687341e-12,1.3110294662921599e-12,-3.822719918389339e-12,0
0.9998670145271071,1.0994917762667198,1.4737092616277665,1.9069133846199027,2.969909761574214,0.33643337807227025,3,TF_MEANINGFUL_L27_D75,CRUXEval,sample_575,0.9247021398447158,1231.5107289504278,0.0023302020280909098,0.0007408162669521109,-0.004237859024136981,0
1.0000422887510672,1.0583802246279983,1.16882629844208,1.3227223689682852,1.7458742657156412,,PREFILL,TF_RANDOM_R0,CRUXEval,sample_575,0.9934734593716195,384.8941725361775,1.879361815617781e-06,3.935543642466216e-07,3.645279235797716e-06,0
1.0000900837240598,1.098189538682832,1.2768635212111243,1.4707235182415015,1.880557692726332,,0,TF_RANDOM_R0,CRUXEval,sample_575,0.9830373222766455,418.4219903263933,-1.630766330525972e-16,2.411395419607369e-17,0.0,0
1.000037142799652,1.0774206347090252,1.3388231153189014,1.621975193491983,2.2763650952187917,,1,TF_RANDOM_R0,CRUXEval,sample_575,0.959752467822984,661.752107053219,1.3969270267536985e-14,2.338982226375886e-15,-1.4210854715202004e-14,0
1.000107626740248,1.090617738989137,1.437663899157305,1.851976142938807,2.459161764520264,,3,TF_RANDOM_R0,CRUXEval,sample_575,0.9853545385125387,501.39506843914376,0.006064735967833759,0.000887201344527566,0.0026046142868167976,0
0.9999216707686535,1.0550704422404977,1.1640351057986897,1.316553776662761,1.6996343056779126,,PREFILL,TF_RANDOM_R1,CRUXEval,sample_575,0.992984121096597,366.66887338459816,2.6735502836391627e-07,7.164538199281993e-08,-1.7789345534424683e-06,0
0.9998667026512639,1.0765724103840872,1.2349038232164258,1.431946747135023,1.86267566749645,,0,TF_RANDOM_R1,CRUXEval,sample_575,0.9840745745199438,396.18994139653256,-3.4408605837547256e-16,1.513442170126639e-16,0.0,0
1.0000008092639023,1.0594898788786205,1.3057926566260576,1.6235687231135552,2.264729787193192,,1,TF_RANDOM_R1,CRUXEval,sample_575,0.9754499957954769,452.9233959031488,2.982308117055857e-14,8.24801293294341e-15,-2.842170943040401e-14,0
1.0000125825769886,1.093855867901629,1.4056214631361788,1.7309700310380187,2.3333719449963257,,3,TF_RANDOM_R1,CRUXEval,sample_575,0.9783432649896879,646.2523115813765,0.566506301323571,0.17727096457801728,-0.5844722828436204,0
1.0000560892571353,1.0612911957808213,1.1588539903821573,1.310191197582676,1.6580087046803975,,PREFILL,TF_RANDOM_R2,CRUXEval,sample_575,0.9940541066545192,317.00284689935125,1.5153840606591593e-06,4.1663400793406036e-07,-5.338942997923368e-06,0
0.9998983580493633,1.0677123295504942,1.2381338433569908,1.4168273181254925,1.716620779423629,,0,TF_RANDOM_R2,CRUXEval,sample_575,0.9864965566228974,376.09956256817435,-1.857241519007387e-17,7.873894234957246e-19,0.0,0
0.9998695095338539,1.0702237097790313,1.2992109067970619,1.6050412708258703,2.0581273228933394,,1,TF_RANDOM_R2,CRUXEval,sample_575,0.9768277601598901,432.91225846714684,2.3951720558461012e-14,5.12405775666855e-15,-1.4210854715202004e-14,0
0.999950441315202,1.1155908852691583,1.446655435658868,1.7807580466075636,2.4536477996099215,,3,TF_RANDOM_R2,CRUXEval,sample_575,0.9815193241993749,568.690034293582,2.5493127264020217,0.5454602987145468,-2.575792388120888,1
1.000171405350212,1.0557420668691415,1.1533268487174333,1.290989001907914,1.6639469766756112,,PREFILL,TF_RANDOM_R3,CRUXEval,sample_575,0.9936271850562952,328.9030305081967,2.3031103397503216e-06,6.42867328872908e-07,-6.971436661729058e-06,0
0.9999252573408519,1.0790994623737524,1.2304252081370282,1.4261400867457008,1.8562430722895342,,0,TF_RANDOM_R3,CRUXEval,sample_575,0.9856764701676044,387.09760624087437,3.6053545116443507e-19,1.6682597483335375e-19,0.0,0
0.9999786660790247,1.0781356880488548,1.3020058601361604,1.6021635924193243,2.167359342018239,,1,TF_RANDOM_R3,CRUXEval,sample_575,0.9729586630594254,479.2901144433272,1.3482052423011208e-14,3.313363216404051e-15,-1.4210854715202004e-14,0
1.0001441941828801,1.0916338304867557,1.4377688453785906,1.8732573029853083,2.3367918195565274,,3,TF_RANDOM_R3,CRUXEval,sample_575,0.9825387738165837,559.2679979215868,0.14913433155202216,0.04909006392545358,-0.16221262837262174,0
0.0,0.0,0.0,0.0,0.0,,PREFILL,TF_BASELINE,CRUXEval,sample_536,1.0,0.0,0.0,0.0,0.0,0
0.0,0.0,0.0,0.0,0.0,,0,TF_BASELINE,CRUXEval,sample_536,1.0,0.0,0.0,0.0,0.0,0
0.0,0.0,0.0,0.0,0.0,,1,TF_BASELINE,CRUXEval,sample_536,0.9999999999999999,0.0,0.0,0.0,0.0,0
0.0,0.0,0.0,0.0,0.0,,3,TF_BASELINE,CRUXEval,sample_536,0.9999999999999998,0.0,0.0,0.0,0.0,0
1.6797363149966473,1.9553647003248702,2.6764897950106787,3.498469455855371,5.872026447328801,,PREFILL,TF_TEXTUAL_CAREFUL,CRUXEval,sample_536,0.7196315430231901,2051.214902771246,8.100087920254454,0.6917637865545183,-8.100140454826565,1
0.9970705797777527,1.12590805004286,1.3433100730771084,1.6342263003702682,2.465800977473396,,0,TF_TEXTUAL_CAREFUL,CRUXEval,sample_536,0.974362070749573,508.38926090423746,-1.3873370115707037e-17,1.0932945166703992e-17,0.0,0
0.5317375142024425,0.5873461076208188,0.7673153105265238,1.0085616452258055,2.1856270017284176,,1,TF_TEXTUAL_CAREFUL,CRUXEval,sample_536,0.9533517391148509,770.1332289359567,2.1921716544555308e-13,7.265690505572993e-14,-2.4868995751603507e-13,0
0.7146640408081876,0.8080593164838629,0.9347323683961547,1.3034999793326663,2.100686212352065,,3,TF_TEXTUAL_CAREFUL,CRUXEval,sample_536,0.9768345440214877,321.98961575362716,2.159658582422774e-08,4.905690546315479e-09,7.523937028963701e-10,0
1.0001735884811154,1.1363033397153195,1.4207483771659495,1.7819034106422489,2.990783611769306,0.6995793111557772,PREFILL,TF_MEANINGFUL_L27_D75,CRUXEval,sample_536,0.980053967838076,591.9804550532514,0.005675224340468946,0.001963578571614991,-0.00569560397515545,0
1.0001438823070368,1.118099068770301,1.353319104517585,1.5702827080850508,2.2050163229091866,0.16541289209517981,0,TF_MEANINGFUL_L27_D75,CRUXEval,sample_536,0.9724607584511948,531.5972303015515,-2.561699355828757e-16,5.368986810913426e-16,0.0,0
1.0000103994460852,1.0948576910794146,1.3773653557911845,1.6594544051522242,2.373684860569201,0.36099715501206203,1,TF_MEANINGFUL_L27_D75,CRUXEval,sample_536,0.9429006711242863,861.4020136262205,2.134562416066496e-12,7.403251793854197e-13,-2.1529444893531036e-12,0
1.0002088304514134,1.1081344016685404,1.3049786606749267,1.5741850545749072,2.553892648495065,0.326252300931142,3,TF_MEANINGFUL_L27_D75,CRUXEval,sample_536,0.9725360069245976,350.1550527084358,4.651356146873748e-08,1.4430548116908507e-08,-7.719820871443517e-08,0
1.0000668489737305,1.0637273359621513,1.179372458053758,1.3380835017564083,1.74307814284213,,PREFILL,TF_RANDOM_R0,CRUXEval,sample_536,0.9937327456065802,383.6692846296993,2.4163070232023594e-06,5.052601164325289e-07,4.673469092608684e-06,0
0.9998950833530083,1.0977158772457516,1.2848163552164262,1.467624719862024,1.888059554262157,,0,TF_RANDOM_R0,CRUXEval,sample_536,0.9839571681166712,406.92720938681134,-4.661297026519802e-17,1.0344549365933874e-17,0.0,0
1.0001313293043421,1.0922345813299992,1.3369412564801566,1.5555721483061458,1.9221759646415286,,1,TF_RANDOM_R0,CRUXEval,sample_536,0.9816420905301115,492.63891828991683,7.746336837035597e-15,8.28355985924053e-16,0.0,0
1.0001787344325306,1.078460974553464,1.1971475098693725,1.4001786059181187,1.8285750068471671,,3,TF_RANDOM_R0,CRUXEval,sample_536,0.9801008199775898,297.7631686114152,3.384895788712271e-09,8.497532432871649e-10,-4.738510028801102e-09,0
0.99994092910198,1.058946669128474,1.16674538484632,1.3161612809139112,1.703619611142099,,PREFILL,TF_RANDOM_R1,CRUXEval,sample_536,0.9935610388340258,353.79866826035203,1.193119878263543e-07,3.644637971601325e-08,-1.0701876362873008e-07,0
1.000085717462253,1.0757026666259584,1.2255452088472456,1.407370150989815,1.8067939098237837,,0,TF_RANDOM_R1,CRUXEval,sample_536,0.9861266019654921,374.818743370674,-8.620386628151323e-17,2.3868622472271112e-17,0.0,0
1.0000288780898032,1.0842702858874544,1.2931402435063482,1.5406886533721058,1.9290701360965954,,1,TF_RANDOM_R1,CRUXEval,sample_536,0.981199698013316,475.62915074649186,1.1119691912449927e-14,2.1609746478302933e-15,7.105427357601002e-15,0
0.9999763270101997,1.070605289873364,1.2125639226507285,1.4670468139243054,1.833759786804859,,3,TF_RANDOM_R1,CRUXEval,sample_536,0.9829927027656533,275.1615399214793,9.72891678434364e-09,2.565028086007914e-09,-5.308585571128788e-09,0
1.0000993620303993,1.0621387963540727,1.1636409727016623,1.307367863541833,1.6450260930115463,,PREFILL,TF_RANDOM_R2,CRUXEval,sample_536,0.9944525318874323,307.35408957911403,2.95160089012919e-06,8.255367637064332e-07,-8.858311808523922e-06,0
1.000156669216614,1.0726872170656148,1.2471780868760791,1.4022148432993193,1.6832587967093093,,0,TF_RANDOM_R2,CRUXEval,sample_536,0.9874037955357637,370.9982931324693,-8.027799921147328e-18,3.0255746414532274e-18,0.0,0
0.9998160228267202,1.089662853125775,1.2959925040316613,1.493946885102435,1.8226298735834,,1,TF_RANDOM_R2,CRUXEval,sample_536,0.978973622581062,526.7856335489674,1.1617653575034404e-14,1.7530994526897133e-15,7.105427357601002e-15,0
0.9998267825433157,1.066189751683283,1.1849926166887594,1.3889426549099222,1.8058082262208912,,3,TF_RANDOM_R2,CRUXEval,sample_536,0.9844003735562512,265.82636736077126,5.219596313586779e-09,1.4453519157511327e-09,-1.2248172254203382e-08,0
0.9999606552490715,1.0576104370776616,1.1614144910560211,1.2977954582820397,1.6842502500153036,,PREFILL,TF_RANDOM_R3,CRUXEval,sample_536,0.993825874407429,326.23264455429666,2.9878699266451043e-06,8.353445601480367e-07,-8.989020230387723e-06,0
0.999949973501437,1.084174228127704,1.236222044437285,1.4491036610291275,1.8949842895498714,,0,TF_RANDOM_R3,CRUXEval,sample_536,0.985069533226186,389.8121368948267,-3.8010331668403426e-17,3.990683998621672e-18,0.0,0
0.9997562986027196,1.0886470735039997,1.3011243430649453,1.5282814526342265,1.9044101131632925,,1,TF_RANDOM_R3,CRUXEval,sample_536,0.9835019186577312,461.0420502084224,1.520875767080285e-14,5.302162170633151e-15,-2.842170943040401e-14,0
0.9998821405055094,1.0782679234064332,1.2189206540587507,1.4466905216912442,1.9570882821731173,,3,TF_RANDOM_R3,CRUXEval,sample_536,0.9833027517726822,274.8471477715573,2.35554502680411e-08,6.875033371892448e-09,-5.380675816013536e-08,0
0.0,0.0,0.0,0.0,0.0,,PREFILL,TF_BASELINE,CRUXEval,sample_210,1.0,0.0,0.0,0.0,0.0,0
0.0,0.0,0.0,0.0,0.0,,0,TF_BASELINE,CRUXEval,sample_210,0.9999999999999999,0.0,0.0,0.0,0.0,0
0.0,0.0,0.0,0.0,0.0,,1,TF_BASELINE,CRUXEval,sample_210,1.0,0.0,0.0,0.0,0.0,0
0.0,0.0,0.0,0.0,0.0,,3,TF_BASELINE,CRUXEval,sample_210,1.0,0.0,0.0,0.0,0.0,0
1.6386862808680258,1.9202515347501672,2.727784014965659,3.5409117037486855,5.962768595205138,,PREFILL,TF_TEXTUAL_CAREFUL,CRUXEval,sample_210,0.7117153170673095,2062.1561367650806,14.966132216892815,0.6931289356886897,-14.966388023070536,1
0.8614671190291936,0.9621208371449627,1.1317441826993782,1.3477291978393877,2.044423186460909,,0,TF_TEXTUAL_CAREFUL,CRUXEval,sample_210,0.9726690776827107,445.7439812516995,-1.027694463986593e-16,1.692002128837546e-17,0.0,0
0.5341043009931086,0.5969441646687274,0.7742354456455489,1.051967433537135,2.3050752937916967,,1,TF_TEXTUAL_CAREFUL,CRUXEval,sample_210,0.9558830503594695,469.1740830800945,1.1131945396023171e-12,1.1465590956585716e-13,3.481659405224491e-13,0
0.39546141522874867,0.43157800234493426,0.5302185229074299,0.6936503922663158,4.0562453672652605,,3,TF_TEXTUAL_CAREFUL,CRUXEval,sample_210,0.9817174871112057,435.6530553338055,0.026784167877704608,0.004708852049616849,0.02451796704870901,0
1.0002459436767717,1.1652274851167592,1.563209987709669,2.0365791971249347,3.759563491256179,0.853780397409179,PREFILL,TF_MEANINGFUL_L27_D75,CRUXEval,sample_210,0.9678804172981986,814.3584737839735,2.906279150924889,0.5855955044915216,-2.9063811064032663,1
0.9999342237713481,1.1150840090547616,1.3391541715266122,1.5553170338662894,2.4940293278683328,0.3619426657219674,0,TF_MEANINGFUL_L27_D75,CRUXEval,sample_210,0.9438077325638797,666.5442177528603,4.126471905275274e-14,1.493046789562894e-14,-4.263256414560601e-14,0
1.0000531264366235,1.1312045595214302,1.4029904785217189,1.760049178733601,2.770726823587543,0.17997166264405792,1,TF_MEANINGFUL_L27_D75,CRUXEval,sample_210,0.852234908344829,822.8864139520168,1.615272230188479e-09,5.594288634679333e-10,-1.6187513551813026e-09,0
0.9997950491762553,1.099789383790232,1.3884475520086117,1.720372957694915,4.572988397717912,0.6286570245760524,3,TF_MEANINGFUL_L27_D75,CRUXEval,sample_210,0.9280310231898475,1179.000859523782,0.2103985837692153,0.06397159358267654,-0.28368608486852764,0
0.999865221241008,1.0672436581269074,1.1925389985012218,1.3578363142325964,1.8182027959871152,,PREFILL,TF_RANDOM_R0,CRUXEval,sample_210,0.9932509774261448,363.4986927816268,1.0803962821186272e-05,2.017240407380156e-06,1.4494747965443366e-05,0
1.0000500856471508,1.1018309230607695,1.285164642564482,1.4683835137888828,1.858082983827349,,0,TF_RANDOM_R0,CRUXEval,sample_210,0.9783110945424566,409.0764691301234,-1.3895908172146848e-16,2.0964468107879835e-17,0.0,0
1.0000059552153175,1.1067917761629393,1.3535988571490656,1.6592850565692876,2.3079188217933964,,1,TF_RANDOM_R0,CRUXEval,sample_210,0.9244900984265347,659.2624806130635,4.0592419951384666e-13,6.107614365303049e-14,2.8421709430404007e-13,0
1.0001077826781697,1.077182673440553,1.2538724238845225,1.5114666665402716,3.751400452932462,,3,TF_RANDOM_R0,CRUXEval,sample_210,0.9946107645929743,441.9507575965588,0.11304098306849497,0.034093418968227235,-0.17166762297992832,0
0.9999602654042674,1.063664570948678,1.1925130348372632,1.3734976275199393,1.8174658333692906,,PREFILL,TF_RANDOM_R1,CRUXEval,sample_210,0.992181685139415,385.28750596912676,5.03465437302773e-06,1.4426070177761893e-06,-1.4925124240505738e-05,0
0.9997870963422499,1.0724750635231792,1.2200221995374458,1.4115772001786198,1.8212265882262682,,0,TF_RANDOM_R1,CRUXEval,sample_210,0.9812005276905262,374.1617316088563,-1.7899581567638752e-16,2.4985778662120528e-17,0.0,0
1.0001401397969167,1.0778826787709412,1.2908777402008005,1.5666583989095366,2.0974852746338914,,1,TF_RANDOM_R1,CRUXEval,sample_210,0.9610526889832032,443.3097336916061,7.201544073841418e-12,2.3845171110257933e-12,-7.759126674500294e-12,0
1.0002757278198111,1.0576109828603875,1.2587541384914436,1.5366327080294018,2.770722769201579,,3,TF_RANDOM_R1,CRUXEval,sample_210,0.9941666808296338,315.3104836127146,0.000823125100986759,0.00019749515539892485,0.006505062155049757,0
1.000160489695695,1.0681340636596577,1.1835532317027606,1.3613514668629398,1.7533868869680613,,PREFILL,TF_RANDOM_R2,CRUXEval,sample_210,0.9932037718455395,338.4703971168765,3.52630312890023e-06,9.932496812283692e-07,-1.3435145504558932e-05,0
0.9999144976242564,1.0783846429408053,1.2439342662294461,1.4082491730542834,1.7144125425148236,,0,TF_RANDOM_R2,CRUXEval,sample_210,0.9820606503051731,375.45160494734336,-5.112510749898841e-17,2.631883830465768e-18,0.0,0
0.9999449055189826,1.0867305184776828,1.3265504890074256,1.573660791282244,2.117354104923804,,1,TF_RANDOM_R2,CRUXEval,sample_210,0.9577863430713903,475.96900932728755,1.7526101715400234e-11,5.950526378268926e-12,-1.864464138634503e-11,0
0.9998325522464175,1.072414169764766,1.265649869325727,1.5263050954149482,2.0604133728250593,,3,TF_RANDOM_R2,CRUXEval,sample_210,0.9953248080701754,207.56598041426028,0.010233084986132273,0.0028273326264254836,-0.03221761486998531,0
0.9997946593314511,1.0655426872773026,1.1795430541400675,1.3329731041873543,1.7495623535011195,,PREFILL,TF_RANDOM_R3,CRUXEval,sample_210,0.9928428583276118,347.39165865346433,1.226257483565719e-05,3.6245918570231676e-06,-2.865024166709418e-05,0
0.9999982362881946,1.0778905536359855,1.2285523936977405,1.4122664457924126,1.7972941716354898,,0,TF_RANDOM_R3,CRUXEval,sample_210,0.9812755932603779,379.32736919120765,-4.325674354657421e-17,4.351260219291479e-18,0.0,0
0.9999267387511078,1.1007728842622209,1.3029207479226135,1.5579990101811363,2.0329852958441466,,1,TF_RANDOM_R3,CRUXEval,sample_210,0.9506912114541911,525.319410076046,4.855995361506171e-13,7.381022417966813e-14,3.907985046680551e-13,0
0.9999722726242362,1.0683231383896858,1.2752965010362365,1.5574764622056114,2.3281721949981535,,3,TF_RANDOM_R3,CRUXEval,sample_210,0.9949898655297575,233.37437206860622,0.010233200482020427,0.002827349324804061,-0.03221658828481111,0
0.0,0.0,0.0,0.0,0.0,,PREFILL,TF_BASELINE,CRUXEval,sample_99,0.9999999999999999,0.0,0.0,0.0,0.0,0
0.0,0.0,0.0,0.0,0.0,,0,TF_BASELINE,CRUXEval,sample_99,0.9999999999999999,0.0,0.0,0.0,0.0,0
0.0,0.0,0.0,0.0,0.0,,1,TF_BASELINE,CRUXEval,sample_99,1.0000000000000002,0.0,0.0,0.0,0.0,0
0.0,0.0,0.0,0.0,0.0,,3,TF_BASELINE,CRUXEval,sample_99,1.0,0.0,0.0,0.0,0.0,0
1.6929837092564985,1.9748231020049405,2.8130823699964074,3.6779371624049766,6.051046923919049,,PREFILL,TF_TEXTUAL_CAREFUL,CRUXEval,sample_99,0.6470583699188738,2206.7962769876226,16.506262791770983,0.6931443736017515,-16.50649229839904,1
1.0605327916987668,1.2367018654222715,1.4876189242409612,1.793721010098284,2.4825602496672357,,0,TF_TEXTUAL_CAREFUL,CRUXEval,sample_99,0.9669306449241953,498.45268333098517,6.383841321008502e-15,5.391778791355241e-15,-1.4210854715202004e-14,0
0.5114721337777166,0.5988070380655085,0.7750544316101734,1.00758032788472,1.8854745713345904,,1,TF_TEXTUAL_CAREFUL,CRUXEval,sample_99,0.9801224671669483,488.2069809652714,2.5051060117577483e-06,8.553718172614399e-07,-2.6271154922596907e-06,0
0.36474293114710304,0.40254516821208886,0.5124344656768386,0.6245153146927748,1.0086413295037802,,3,TF_TEXTUAL_CAREFUL,CRUXEval,sample_99,0.9971381474365342,205.87556478094385,5.15763263398964e-10,1.423833403374395e-10,-1.932882298660843e-09,0
1.0001083284608956,1.1457936436593523,1.4827798586556176,1.9094584474395209,3.24808835567347,0.7987051125988597,PREFILL,TF_MEANINGFUL_L27_D75,CRUXEval,sample_99,0.9699981040969466,742.9115002379002,0.3452108418290371,0.11370100144106945,-0.3452885442810185,0
1.0000567909777827,1.1275153801705002,1.3585277429772926,1.5778859292699627,2.3071537903496706,0.1229124191888428,0,TF_MEANINGFUL_L27_D75,CRUXEval,sample_99,0.9682704484757271,488.76170001692617,3.9765232768863115e-14,1.3938587483527103e-14,-5.684341886080802e-14,0
0.9999406172261366,1.1442019073238794,1.4013532862820783,1.6799515093285555,2.9175323968152953,0.23186825456765012,1,TF_MEANINGFUL_L27_D75,CRUXEval,sample_99,0.9678182973103886,615.8134793662585,2.0288858792717752e-05,6.966175276096033e-06,-2.0858035234994077e-05,0
0.9999210470169667,1.1011724751865068,1.394649982843139,1.6830896040642946,2.391817478039211,0.1447060227789798,3,TF_MEANINGFUL_L27_D75,CRUXEval,sample_99,0.9739002599354858,646.7196551421547,1.3618730634219886e-08,4.3211528808913414e-09,-1.8897750919677492e-08,0
1.0000344918549835,1.0660408309680858,1.1914160895272574,1.3549661208462909,1.7664551085559108,,PREFILL,TF_RANDOM_R0,CRUXEval,sample_99,0.9924367889638905,424.6639682181104,7.6061681127263634e-06,1.58021785438572e-06,1.4508026623616388e-05,0
1.0001026367267545,1.1087907443808602,1.3088928584468302,1.4949829366540275,1.921279477529833,,0,TF_RANDOM_R0,CRUXEval,sample_99,0.9779355393828985,412.09250888035456,4.330950832429626e-15,2.385486479171057e-15,-7.105427357601002e-15,0
0.9998643635824387,1.0914830385164982,1.2936706663469173,1.5144670680911738,1.962983671239871,,1,TF_RANDOM_R0,CRUXEval,sample_99,0.9834091369418982,444.7434422340998,5.716935503776019e-06,1.936910837582913e-06,-6.069837112931964e-06,0
1.0001491841963737,1.0769645942570938,1.3071272513286925,1.5568672127456367,2.1660886038945293,,3,TF_RANDOM_R0,CRUXEval,sample_99,0.9861783370406834,451.13900373993295,1.4849850778230543e-09,4.5059796409022707e-10,-2.7164830385117966e-09,0
1.0000372207686128,1.0629046074874067,1.1873179629767412,1.357069255595889,1.775303182169535,,PREFILL,TF_RANDOM_R1,CRUXEval,sample_99,0.9915745767838385,408.20158126196134,7.316174688698227e-07,2.102216794108169e-07,-4.106965327821399e-06,0
0.999782808049404,1.0752077976315304,1.230978319945201,1.4054326223130331,1.747023060384603,,0,TF_RANDOM_R1,CRUXEval,sample_99,0.9828732137510423,359.67777597752035,2.2273103433273544e-15,2.307688401395631e-15,-7.105427357601002e-15,0
0.999944281767296,1.086314164226817,1.2935698524805561,1.562349366319958,2.1311504006679427,,1,TF_RANDOM_R1,CRUXEval,sample_99,0.9454871909659963,839.2705094067577,1.8004128464741824e-05,6.172772231425516e-06,-1.8588866439017693e-05,0
1.0000492279885815,1.0556034380567745,1.2776417294092315,1.5084057610757604,2.084411595218784,,3,TF_RANDOM_R1,CRUXEval,sample_99,0.9768869186947106,661.2196868176636,1.5180581213421065e-09,4.345117483324212e-10,-3.4039544516417664e-09,0
0.9999820187443407,1.0629087398423311,1.17084663015527,1.3316599509489495,1.695816789417446,,PREFILL,TF_RANDOM_R2,CRUXEval,sample_99,0.9933382858754431,332.4657258412178,9.033775744647413e-06,2.5214293589942453e-06,-2.716800612034831e-05,0
1.000043770161323,1.0875122352790274,1.3020567738675866,1.5027305563544082,1.8878515330746457,,0,TF_RANDOM_R2,CRUXEval,sample_99,0.9805597316431466,382.3653243358746,-1.4149750940638292e-15,4.769279188639793e-16,7.105427357601002e-15,0
1.0001538623340238,1.088809872694226,1.2945726892548324,1.5382410517535328,2.033665652996404,,1,TF_RANDOM_R2,CRUXEval,sample_99,0.9777732007645475,505.5456114744809,7.420881980481138e-06,2.5258882440085016e-06,-7.785125134773807e-06,0
0.9999664249521735,1.075068934912281,1.3012819183347955,1.5436973196328567,2.0951168894795282,,3,TF_RANDOM_R2,CRUXEval,sample_99,0.986908272091928,435.60791949541465,2.6900012520671636e-09,4.50028475364247e-10,2.139529442501953e-09,0
0.9999713369967062,1.062970647197235,1.172577385147914,1.317683079091514,1.7431582949338698,,PREFILL,TF_RANDOM_R3,CRUXEval,sample_99,0.9924883396197604,355.3250768037034,1.3260526689710095e-05,3.7645890771948917e-06,-3.489831501468643e-05,0
0.9999521566323404,1.0834768737419844,1.2495843649454088,1.4584708519839997,1.8805469330097366,,0,TF_RANDOM_R3,CRUXEval,sample_99,0.9780703561503232,406.5311984986568,1.829671798828338e-14,4.441094326793008e-15,-2.842170943040401e-14,0
1.0000967110857308,1.1033324493085548,1.324391840357712,1.5812822572039917,2.090985470182735,,1,TF_RANDOM_R3,CRUXEval,sample_99,0.9761515841613172,537.9379879953106,7.429710688556019e-05,2.5671481346690597e-05,-7.49417987364609e-05,0
0.9999109890210188,1.0658734316091703,1.2711467590336465,1.516380582328018,2.1100504404864253,,3,TF_RANDOM_R3,CRUXEval,sample_99,0.9873417623135494,427.49918423691224,9.77744708285744e-09,3.0535573063754184e-09,-1.456270126709569e-08,0
0.0,0.0,0.0,0.0,0.0,,PREFILL,TF_BASELINE,CRUXEval,sample_279,0.9999999999999998,0.0,0.0,0.0,0.0,0
0.0,0.0,0.0,0.0,0.0,,0,TF_BASELINE,CRUXEval,sample_279,1.0,0.0,0.0,0.0,0.0,0
0.0,0.0,0.0,0.0,0.0,,1,TF_BASELINE,CRUXEval,sample_279,1.0,0.0,0.0,0.0,0.0,0
0.0,0.0,0.0,0.0,0.0,,3,TF_BASELINE,CRUXEval,sample_279,1.0,0.0,0.0,0.0,,0
1.6003216536885279,1.8700170689108737,2.5368871503229045,3.32114651948045,5.511904034769817,,PREFILL,TF_TEXTUAL_CAREFUL,CRUXEval,sample_279,0.7536354161858131,2009.43924768355,10.408541428397472,0.6929703432927821,-10.40864366200757,1
1.0544201031381621,1.1912868949591517,1.4405049321522578,1.7731755651662342,2.650279437260107,,0,TF_TEXTUAL_CAREFUL,CRUXEval,sample_279,0.9635718740301416,531.2494178873864,2.0296312486270542e-13,4.337121506182786e-14,6.394884621840902e-13,0
0.512674298200371,0.5723177853420255,0.7938100210772653,1.09464467987841,1.9302460639639283,,1,TF_TEXTUAL_CAREFUL,CRUXEval,sample_279,0.9802695909591533,337.96609055194557,0.0009327091153879512,0.00016960907973267536,9.916514986940683e-05,0
0.7600758925128739,0.8382902996378796,0.9977345634482345,1.2553183582632315,1.773462802817955,,3,TF_TEXTUAL_CAREFUL,CRUXEval,sample_279,0.9603737690265975,408.07070068358007,8.678682910550611e-06,2.8907764123880884e-06,,0
1.0002668393582757,1.1575182261451098,1.5020606470429028,1.933823435825019,3.769955506232283,0.8780109139860637,PREFILL,TF_MEANINGFUL_L27_D75,CRUXEval,sample_279,0.9691440141033104,833.1318507511947,1.000006740791529,0.2949499168672946,-1.0000518181535654,1
0.9999663469832126,1.1169682849312923,1.3515822679459957,1.6034128111098434,2.6599937460286225,-0.32797569191228004,0,TF_MEANINGFUL_L27_D75,CRUXEval,sample_279,0.9370209933027405,632.1993754691591,2.619958460198975e-11,8.63948224503585e-12,-3.112177182629239e-11,0
0.9998823744123919,1.1075685809197513,1.3774177509328664,1.7657940877059408,3.0549442696414917,0.015478506286644251,1,TF_MEANINGFUL_L27_D75,CRUXEval,sample_279,0.9434823849658714,561.8758666197034,0.004788845668625755,0.0015896139888654892,-0.005838566842793824,0
1.0003925253231438,1.1085025711016092,1.350477135895102,1.572465838988467,2.416933619393406,0.1894480123647917,3,TF_MEANINGFUL_L27_D75,CRUXEval,sample_279,0.8990632656855075,643.1000929839016,1.3564429969875675e-06,1.1598640861900976e-07,,0
1.0000658353772398,1.065927308161108,1.1791351205369722,1.3375491024988364,1.785555008954056,,PREFILL,TF_RANDOM_R0,CRUXEval,sample_279,0.993589390753856,377.3887576325252,6.401223682142847e-06,1.217759024764861e-06,8.495590670065667e-06,0
1.0000932804514542,1.1069687657040377,1.2954624710358962,1.5085938222092974,1.9875027262919818,,0,TF_RANDOM_R0,CRUXEval,sample_279,0.9716567001840151,449.41912875105913,7.313280151863183e-13,2.2220968493614752e-13,-1.6910917111090384e-12,0
1.0001167491086658,1.0864680749555078,1.302455663071225,1.6147080185282756,2.1266074611958556,,1,TF_RANDOM_R0,CRUXEval,sample_279,0.9801842518699456,332.84324460381004,0.001994671794909361,0.0006443221362688082,-0.002672076835995796,0
1.0001186203637258,1.0819164029598067,1.264502166222217,1.4733607403728284,1.9793900559169655,,3,TF_RANDOM_R0,CRUXEval,sample_279,0.9496678393905204,459.25900082766617,9.436334633342048e-07,2.8918333563665826e-07,,0
0.9998096293719316,1.0631353176425213,1.178279801036598,1.3399680115398216,1.7389100781337437,,PREFILL,TF_RANDOM_R1,CRUXEval,sample_279,0.9928829555012179,374.6806629789602,8.72847230985476e-07,2.516982258659941e-07,-1.2954727139913302e-06,0
1.0001053656403838,1.0752973059985704,1.240907043356016,1.4627797286356568,1.8669853238377152,,0,TF_RANDOM_R1,CRUXEval,sample_279,0.9787080212519508,354.7344512877844,2.8984413147895526e-12,8.973681923038151e-13,-5.009326287108706e-12,0
0.9999919208023669,1.0802520775217952,1.3327081656584325,1.6481897615664398,2.0637958222840593,,1,TF_RANDOM_R1,CRUXEval,sample_279,0.9805558990497969,330.1068369073631,0.0033822707229515534,0.0010878894473249556,-0.0036641648635438173,0
1.0000991281235168,1.100088472724,1.2749160125073555,1.5026376173530913,1.988124606723612,,3,TF_RANDOM_R1,CRUXEval,sample_279,0.9520208060476998,447.33723204511614,1.5250546696858385e-05,5.1409623497403094e-06,,0
0.999799025593258,1.0664864235792653,1.1713394719567163,1.3276394035144652,1.732168258028151,,PREFILL,TF_RANDOM_R2,CRUXEval,sample_279,0.9938287225269423,331.1370897959027,1.6086572145558916e-06,4.6652189925947095e-07,-5.611385788029111e-06,0
1.0000822868279762,1.0886898784634989,1.2937306244778004,1.4959536502164392,1.8365995722964386,,0,TF_RANDOM_R2,CRUXEval,sample_279,0.9806995313835419,340.32952441544177,9.036988601465485e-13,1.7538639531685074e-13,1.1866063687193673e-12,0
0.9999435020776876,1.0853290264066504,1.3302384208549822,1.5866006759605569,2.0751877112139288,,1,TF_RANDOM_R2,CRUXEval,sample_279,0.9688175903538043,416.8603596712933,0.0004337174417910042,9.895308904567574e-05,3.615265564604897e-05,0
0.9998264706674723,1.0895730328828916,1.2628862595088846,1.467627058930849,2.011268133368649,,3,TF_RANDOM_R2,CRUXEval,sample_279,0.9507085629877352,458.97050039551385,1.0775557415270352e-07,3.106091408210629e-08,,0
0.9999735980965704,1.0654287746255209,1.1709649090688588,1.3155036906982178,1.7472530688190702,,PREFILL,TF_RANDOM_R3,CRUXEval,sample_279,0.992919688528809,359.0708086315987,2.4059196421771023e-06,6.691922722954297e-07,-8.871353088579781e-06,0
0.999951844756497,1.0855925614942772,1.275120057277864,1.4932635651296655,1.961482456867929,,0,TF_RANDOM_R3,CRUXEval,sample_279,0.9779621022343525,373.135825557923,6.8109534814806335e-12,2.2044300896503353e-12,-9.372058684675721e-12,0
0.9998484579144281,1.079823560113039,1.292192998601148,1.547421585016163,2.062953445631184,,1,TF_RANDOM_R3,CRUXEval,sample_279,0.9750217841678488,392.90266878024835,0.0009321515731970474,0.00026436579704922937,-0.00048497144321402175,0
0.9998570345001201,1.1008652774808119,1.27722857188576,1.479590148467805,1.9453862327170413,,3,TF_RANDOM_R3,CRUXEval,sample_279,0.9549772309105593,437.80783062346507,4.804641269770321e-06,1.5742447327054969e-06,,0
0.0,0.0,0.0,0.0,0.0,,PREFILL,TF_BASELINE,CRUXEval,sample_414,1.0,0.0,0.0,0.0,0.0,0
0.0,0.0,0.0,0.0,0.0,,0,TF_BASELINE,CRUXEval,sample_414,1.0,0.0,0.0,0.0,0.0,0
0.0,0.0,0.0,0.0,0.0,,1,TF_BASELINE,CRUXEval,sample_414,0.9999999999999999,0.0,0.0,0.0,0.0,0
0.0,0.0,0.0,0.0,0.0,,3,TF_BASELINE,CRUXEval,sample_414,1.0,0.0,0.0,0.0,0.0,0
0.0,0.0,0.0,0.0,0.0,,7,TF_BASELINE,CRUXEval,sample_414,1.0,0.0,0.0,0.0,0.0,0
1.5636980734045043,1.8525468757321288,2.5693209905274292,3.3579291564445795,5.766982297028339,,PREFILL,TF_TEXTUAL_CAREFUL,CRUXEval,sample_414,0.7441646911216896,1924.982706784141,8.328424515419213,0.692015602409582,-8.328510602445803,1
1.021033092387414,1.1457094371816492,1.3816569233335356,1.5929454781175711,2.0237642187218814,,0,TF_TEXTUAL_CAREFUL,CRUXEval,sample_414,0.9802689374853888,466.06346500984466,6.918856541364743e-15,2.5534700115314733e-15,-7.105427357601002e-15,0
0.5363378388297055,0.6023422287187868,0.7680129767880869,0.9877228810630895,1.5037625535200374,,1,TF_TEXTUAL_CAREFUL,CRUXEval,sample_414,0.9881571899528611,415.973845644094,1.2585465324485504e-06,2.2102641291016742e-07,9.151714479571638e-07,0
0.36781654555223053,0.4226077513696796,0.5189026537143762,0.665863658065556,0.9196962882057581,,3,TF_TEXTUAL_CAREFUL,CRUXEval,sample_414,0.9973168613355652,212.00146572420076,4.194286576288476e-11,1.1125820476293096e-11,-2.516742370062275e-10,0
0.39530641293460617,0.4500390250779867,0.5466739890453708,0.6750866064428811,1.2085180353039726,,7,TF_TEXTUAL_CAREFUL,CRUXEval,sample_414,0.9972177717499406,179.15977918133402,6.636259554897549e-13,1.2520342056162032e-13,8.100187187665142e-13,0
1.0000892260654906,1.138843100645601,1.4269165016577088,1.7971093851983078,3.0875936160537676,0.7783686020477057,PREFILL,TF_MEANINGFUL_L27_D75,CRUXEval,sample_414,0.9744659502074153,665.4217229044847,0.032181414613193904,0.01110018654264164,-0.032213255716683875,0
0.9999091957349197,1.136120736409041,1.3918480902665258,1.6089588992320507,2.1647935394550384,0.06861395896486495,0,TF_MEANINGFUL_L27_D75,CRUXEval,sample_414,0.9798105291018933,462.93679547224605,7.740716722972497e-13,2.6499838081441914e-13,-8.242295734817162e-13,0
0.9997778960048713,1.1571580095460463,1.4544945909192706,1.7948732354015229,2.334086140677586,-0.16162645430183895,1,TF_MEANINGFUL_L27_D75,CRUXEval,sample_414,0.9838732013424376,456.9865897694569,1.2745987029891333e-05,4.1266507927888156e-06,-1.6314316368948312e-05,0
0.9998041715446732,1.1696675055605428,1.4983089365853821,1.8010543027407808,2.4578189830767414,0.14084899052632707,3,TF_MEANINGFUL_L27_D75,CRUXEval,sample_414,0.9811289637555041,514.160225547594,1.1355997735435814e-08,3.578673185460543e-09,-1.6892052201455954e-08,0
0.9998403491425012,1.1557424050931024,1.4697705816021605,1.8571191315334907,2.712428184066873,-0.018936456737962282,7,TF_MEANINGFUL_L27_D75,CRUXEval,sample_414,0.9787810697793352,502.90501820000213,2.0357781966535691e-10,6.993972195396699e-11,-2.0909141085212468e-10,0
0.9999092737038805,1.0575320782720212,1.1712568248582298,1.3241772697774905,1.7490349714500228,,PREFILL,TF_RANDOM_R0,CRUXEval,sample_414,0.9927447709926732,396.3898613749992,6.541012274508686e-06,1.2532302387392805e-06,8.38444526607418e-06,0
1.0000539840951925,1.1195906149910992,1.3258667012208911,1.5353145647775035,1.9576357802161097,,0,TF_RANDOM_R0,CRUXEval,sample_414,0.9833265329280114,419.27841921471935,4.961315713803744e-14,1.4897508515709315e-14,-7.105427357601002e-14,0
1.0001862974217317,1.1438500334036252,1.3835685663153199,1.6432451260081238,2.0774099825356847,,1,TF_RANDOM_R0,CRUXEval,sample_414,0.9855079586328997,418.51302758053714,1.0460332723557722e-05,3.3432633849923554e-06,-1.395709643503551e-05,0
1.000046577043913,1.1318244127600787,1.3934126154346669,1.6540405523875952,2.227606893683973,,3,TF_RANDOM_R0,CRUXEval,sample_414,0.9859095664908396,443.3903963690728,2.8760658798155518e-09,8.972832463961362e-10,-2.3549304728476272e-09,0
1.000064743811788,1.1418192538496832,1.4564179292451802,1.7807034683349783,2.410375806035387,,7,TF_RANDOM_R0,CRUXEval,sample_414,0.9868775237053662,384.78783622571063,2.436640967903437e-13,5.841338467234824e-14,1.8474111129762605e-13,0
1.0000646658428272,1.052392208435771,1.1529118979078625,1.2999601885106986,1.6699298469164234,,PREFILL,TF_RANDOM_R1,CRUXEval,sample_414,0.9923794248240551,382.05798059754034,1.4708502414157126e-07,3.9860395881495155e-08,-7.354209685672686e-08,0
0.9999351593988781,1.0817146192891625,1.250106211200286,1.4297550396459149,1.744513707349048,,0,TF_RANDOM_R1,CRUXEval,sample_414,0.987667500184098,360.6749552629583,1.888829910826781e-14,7.077357342215207e-15,-3.552713678800501e-14,0
1.000061001301668,1.1093463511957797,1.3887273046400923,1.6717611818685463,2.109144597099429,,1,TF_RANDOM_R1,CRUXEval,sample_414,0.9827210553496311,474.03383868310505,2.1057921681530524e-05,6.990299606836808e-06,-2.462810340375654e-05,0
1.0000978026511826,1.1040036840923944,1.330688145821086,1.6217582838429365,2.2005418401847137,,3,TF_RANDOM_R1,CRUXEval,sample_414,0.9877708892745436,412.83593834177174,1.0841156439942942e-08,3.337214971939692e-09,-1.717504005682713e-08,0
0.9999015547767577,1.1061125885450944,1.3407113676124347,1.677698986049995,2.2501938778865602,,7,TF_RANDOM_R1,CRUXEval,sample_414,0.9873638311666575,377.95619164116636,8.893099507272964e-13,2.3076356334133447e-13,-1.6910917111090384e-12,0
0.9998025341964956,1.0582695866725715,1.1568739686217195,1.2964176687751017,1.6414031872773271,,PREFILL,TF_RANDOM_R2,CRUXEval,sample_414,0.9936511721066528,321.1683725374064,9.796986000957244e-07,2.621640990762621e-07,-5.218979097776355e-06,0
0.9999555872666172,1.0878561563652764,1.2976845084507698,1.4951683468428962,1.809776690389537,,0,TF_RANDOM_R2,CRUXEval,sample_414,0.9870591171748675,377.1034638401893,2.1967421318926133e-15,6.775800842954542e-16,-7.105427357601002e-15,0
1.0000882904379607,1.1241716812850358,1.369967660787037,1.6242904038150558,2.0556940675635604,,1,TF_RANDOM_R2,CRUXEval,sample_414,0.9823821103143737,470.8322943093865,2.205284193172372e-06,6.623624092480048e-07,-2.830754155525028e-06,0
1.0000955415513184,1.1265172995028347,1.3851466580826464,1.6384589233782272,2.149470611457725,,3,TF_RANDOM_R2,CRUXEval,sample_414,0.9877685201851797,410.3507985283982,1.5479474091355854e-09,4.310668794129873e-10,-3.944791160392924e-10,0
0.9999273625027945,1.1086328572351667,1.387816939053368,1.6585206488772486,2.1438908407444366,,7,TF_RANDOM_R2,CRUXEval,sample_414,0.9889402583961955,353.46916348089667,5.075755887445065e-13,9.42857255022692e-14,6.963318810448982e-13,0
1.0000478245472866,1.0546080863027385,1.1511057469300898,1.284909840000469,1.6529388509709784,,PREFILL,TF_RANDOM_R3,CRUXEval,sample_414,0.9929088113011255,344.8930788280966,4.4514151960976975e-06,1.2469604053580452e-06,-1.3268924362819234e-05,0
0.9999180062274942,1.1011112695522505,1.2803294754271801,1.4795728393584993,1.789583197346702,,0,TF_RANDOM_R3,CRUXEval,sample_414,0.9875000323440063,364.95293023611225,2.861368120905997e-14,8.682849301443428e-15,-4.973799150320701e-14,0
0.9999903614231502,1.1259282440037166,1.3422202229425386,1.6118908440353386,1.964691971171794,,1,TF_RANDOM_R3,CRUXEval,sample_414,0.9867844785078189,402.8550266411739,1.8188342059727997e-06,2.7328194131115895e-07,1.1729922917425029e-06,0
0.999794269486647,1.1299071560131142,1.391897522587696,1.6925059154644937,2.2225103745899477,,3,TF_RANDOM_R3,CRUXEval,sample_414,0.9869201052897099,430.6809728428058,1.1362312035851025e-08,3.578516738732785e-09,-1.6975270966668177e-08,0
1.000169534095152,1.1270375084095345,1.3989217462694377,1.7377399199695125,2.394184615690201,,7,TF_RANDOM_R3,CRUXEval,sample_414,0.9853223482454828,421.40642005662124,2.5388891787766658e-12,8.498195978304325e-13,-2.6858515411731787e-12,0
0.0,0.0,0.0,0.0,0.0,,PREFILL,TF_BASELINE,CRUXEval,sample_603,1.0,0.0,0.0,0.0,0.0,0
0.0,0.0,0.0,0.0,0.0,,0,TF_BASELINE,CRUXEval,sample_603,1.0000000000000002,0.0,0.0,0.0,0.0,0
0.0,0.0,0.0,0.0,0.0,,1,TF_BASELINE,CRUXEval,sample_603,1.0000000000000002,0.0,0.0,0.0,0.0,0
0.0,0.0,0.0,0.0,0.0,,3,TF_BASELINE,CRUXEval,sample_603,1.0000000000000002,0.0,0.0,0.0,0.0,0
1.4550062232402783,1.685141279299741,2.386587008270469,3.0839777275260234,5.527189069852164,,PREFILL,TF_TEXTUAL_CAREFUL,CRUXEval,sample_603,0.6466787669143955,2118.3666224391336,10.944262144639787,0.693023040596163,-10.944448735593532,1
1.1485764338405604,1.3773602098397693,1.6161195685952559,1.913568659178967,2.5431628719806176,,0,TF_TEXTUAL_CAREFUL,CRUXEval,sample_603,0.9608599744778284,609.985965516926,2.5509997077001027e-15,2.082554047496072e-16,0.0,0
0.5278709164811295,0.614319898451419,0.7475379378276722,0.9908575451645518,1.866722100625932,,1,TF_TEXTUAL_CAREFUL,CRUXEval,sample_603,0.9885331542434401,372.11947083329164,0.0024066917839518347,0.0005516836194178016,0.0090820157812459,0
0.7918597834598671,0.873776624659145,1.1963649354094588,1.3773592742122391,2.0709527491371444,,3,TF_TEXTUAL_CAREFUL,CRUXEval,sample_603,0.9946200753428591,293.8874237071272,1.8581301852396561e-09,4.079074201314224e-10,5.213557585648232e-09,0
1.0001816192840816,1.156586185187273,1.5205062319217097,1.9600445532921862,3.6413435222019146,0.8690461952245782,PREFILL,TF_MEANINGFUL_L27_D75,CRUXEval,sample_603,0.9595182037200823,861.347017946225,1.6814904745767403,0.4354514725369142,-1.6815928760486472,1
0.9998102531236184,1.1296527432939054,1.355455142168656,1.5811208614550605,2.3366555298129854,-0.18678173237270512,0,TF_MEANINGFUL_L27_D75,CRUXEval,sample_603,0.9603127909216086,585.2710668002848,8.514392744704892e-14,2.734039676975292e-14,-9.237055564881302e-14,0
0.9999038938455828,1.1491345356622267,1.408486042757304,1.662746410616654,2.6205975894972604,-0.1641216567752151,1,TF_MEANINGFUL_L27_D75,CRUXEval,sample_603,0.9782007000460885,525.7024750747559,0.026925183833540946,0.007825338258383344,-0.05564694820306926,0
0.9998330980291434,1.1836825822087882,1.4847440527170055,1.8575640224240226,2.7529333710971704,0.10821600187828427,3,TF_MEANINGFUL_L27_D75,CRUXEval,sample_603,0.990569800366146,402.875161565675,8.715179140983322e-09,1.5659290788260287e-09,8.680579810516065e-09,0
1.000109030181543,1.0661670627156798,1.1906069276516984,1.3520139041131853,1.8146430451111732,,PREFILL,TF_RANDOM_R0,CRUXEval,sample_603,0.9922325293729429,396.4813013061626,2.111023099518699e-05,3.441182962312955e-06,1.723679867637884e-05,0
1.0001286783596737,1.106430000184659,1.2964734165820997,1.4810367845671615,1.8263366739194788,,0,TF_RANDOM_R0,CRUXEval,sample_603,0.9790332645648298,416.07062126576415,1.7217378471184524e-14,5.016252510522799e-15,-2.1316282072803006e-14,0
0.9999217487376143,1.0981897725897145,1.2694116377791957,1.4486274266163395,1.762464813078231,,1,TF_RANDOM_R0,CRUXEval,sample_603,0.9865472934957532,418.3562892136977,0.04249509001239303,0.012582691591900534,-0.0769611649430928,0
0.9999692318347636,1.0839286259010699,1.3404372287461344,1.655440874924215,2.377874288772857,,3,TF_RANDOM_R0,CRUXEval,sample_603,0.9934800460619734,321.37747061109104,9.394374964104283e-10,2.3165449077821257e-10,2.7161135562892014e-09,0
0.999897578359755,1.063040663324066,1.1905344165181206,1.360918427254455,1.7635607447917458,,PREFILL,TF_RANDOM_R1,CRUXEval,sample_603,0.9912419093644201,397.6867451001412,6.057312506129004e-06,1.7765376303743384e-06,-1.4856252178674367e-05,0
0.9999273625027945,1.0805305826499025,1.2344248598900085,1.419059725412157,1.7152705129598662,,0,TF_RANDOM_R1,CRUXEval,sample_603,0.979097287665468,413.2271851530515,2.99780111021421e-14,9.987214169615623e-15,-3.552713678800501e-14,0
0.9998264706674723,1.0817299012054864,1.2501514331975712,1.4635885786353724,1.8311885264143997,,1,TF_RANDOM_R1,CRUXEval,sample_603,0.9863932903814367,399.4364768796037,0.026922557747637958,0.007824442897196965,-0.05564426768950881,0
0.9997962966796287,1.0860229501580934,1.2900961013684167,1.5803385209020293,2.390548767108483,,3,TF_RANDOM_R1,CRUXEval,sample_603,0.9911191604957381,429.22169194105817,1.5027406804031387e-07,4.922005565886888e-08,-1.819581711970386e-07,0
0.9999955853435262,1.0650577983098617,1.1765329064690608,1.3287830522320119,1.6873322070992407,,PREFILL,TF_RANDOM_R2,CRUXEval,sample_603,0.9932011070857181,323.1729663071495,1.569686214840949e-06,4.183580712531693e-07,-7.230909361055637e-06,0
1.0000624827119238,1.0891534039356707,1.287578873467817,1.4903336475193594,1.771865062872498,,0,TF_RANDOM_R2,CRUXEval,sample_603,0.9816671583870272,395.4519860325234,-5.970317755845813e-16,5.369161174990431e-16,0.0,0
0.9998487697902715,1.0805052427376307,1.2690474447631293,1.47937058787409,1.7885248466723103,,1,TF_RANDOM_R2,CRUXEval,sample_603,0.9866673746077679,396.28525868522536,0.0024066809347931695,0.0005516824915938379,0.009081997190598656,0
1.0000331663826494,1.0773428216861107,1.269864013689968,1.4946913327404998,2.2160230451725247,,3,TF_RANDOM_R2,CRUXEval,sample_603,0.9938525331532324,310.2657572960694,2.2082213568126393e-09,4.686585482658182e-10,5.437115646600432e-09,0
1.0000769069696784,1.0622130228047888,1.1737670355523542,1.3173732304411505,1.732494947974055,,PREFILL,TF_RANDOM_R3,CRUXEval,sample_603,0.9922642598344463,344.52039524818986,1.1394312980198575e-05,3.2791319088204723e-06,-2.8592670858529345e-05,0
0.9998787098712326,1.0942713644939257,1.2543907615361622,1.456216613388301,1.8219733749331584,,0,TF_RANDOM_R3,CRUXEval,sample_603,0.9788721845531425,410.24411751515316,1.6907958798947485e-14,5.2343893614558234e-15,-2.1316282072803006e-14,0
1.0000195997834638,1.096963164897838,1.2687949032989807,1.4859772098015922,1.8184323366078172,,1,TF_RANDOM_R3,CRUXEval,sample_603,0.9862242665847045,411.2219147870811,0.008346389504427008,0.0017315420619507596,0.014630982532906955,0
1.000126183352927,1.0787308251269183,1.247419166902985,1.5441194435868244,2.272384935706021,,3,TF_RANDOM_R3,CRUXEval,sample_603,0.9937658694301462,323.4723251084467,1.0223879561250397e-08,2.9724972617443465e-09,-2.2375580499556236e-08,0
0.0,0.0,0.0,0.0,0.0,,PREFILL,TF_BASELINE,CRUXEval,sample_352,1.0000000000000002,0.0,0.0,0.0,0.0,0
0.0,0.0,0.0,0.0,0.0,,0,TF_BASELINE,CRUXEval,sample_352,1.0,0.0,0.0,0.0,0.0,0
0.0,0.0,0.0,0.0,0.0,,1,TF_BASELINE,CRUXEval,sample_352,1.0,0.0,0.0,0.0,0.0,0
0.0,0.0,0.0,0.0,0.0,,3,TF_BASELINE,CRUXEval,sample_352,1.0000000000000002,0.0,0.0,0.0,0.0,0
1.662444982614061,1.9259396823190182,2.577878707730899,3.3964342836915042,5.703740113514805,,PREFILL,TF_TEXTUAL_CAREFUL,CRUXEval,sample_352,0.6719774738181018,2087.9548291188403,8.634435915449542,0.6922872137112188,-8.63449062825692,1
0.9469675696064291,1.086105519287619,1.3371645595839918,1.5635408879794583,2.2576063869932663,,0,TF_TEXTUAL_CAREFUL,CRUXEval,sample_352,0.9796112293135961,477.853572723364,-5.865399253352151e-16,9.566603415431196e-16,0.0,0
0.46781282939022806,0.5430551766815954,0.7168254963404913,0.9053788479273897,1.3965111019383012,,1,TF_TEXTUAL_CAREFUL,CRUXEval,sample_352,0.9921488172873179,331.41166535128355,0.025650272638712165,0.00853323515516501,-0.028838951819196268,0
0.7690625949388651,0.8834580305261875,1.0231108092557795,1.3603949436514002,2.0144406903850776,,3,TF_TEXTUAL_CAREFUL,CRUXEval,sample_352,0.9774600664221273,331.8474896189846,2.725498693150829e-07,6.535586292598229e-08,6.327596366872967e-07,0
1.000079012131621,1.1318970798315782,1.4063916405313195,1.750295105795059,2.8365142258586165,0.642104293651416,PREFILL,TF_MEANINGFUL_L27_D75,CRUXEval,sample_352,0.979830562862736,566.7923874656075,0.003793107498733821,0.0013120247847479307,-0.0038134802431954995,0
0.9998525123003916,1.1398312012862792,1.4001017285227342,1.6586505451660019,2.2940707546592622,0.09667994265969995,0,TF_MEANINGFUL_L27_D75,CRUXEval,sample_352,0.9729091364072928,511.6888910632644,-1.1908579787430984e-15,1.2174340142108739e-15,0.0,0
0.9999211249859276,1.1759065038377021,1.506034569038807,1.8479130244517064,2.4020529313419563,0.21591740299101372,1,TF_MEANINGFUL_L27_D75,CRUXEval,sample_352,0.9723931013823587,624.0185398581318,0.010746599700154624,0.003494984743399312,-0.013251990487148646,0
0.9998630381101046,1.1409999560092154,1.3695442893296959,1.693294493534392,2.513766858428197,0.09449776247730014,3,TF_MEANINGFUL_L27_D75,CRUXEval,sample_352,0.9674434278885908,409.974057597813,1.4623310388461462e-06,4.24739229375177e-07,-3.308947356117642e-06,0
0.9997850691492682,1.0643644203411446,1.1788419572442277,1.3401353329297763,1.7526234149035524,,PREFILL,TF_RANDOM_R0,CRUXEval,sample_352,0.9930334504407812,387.60109472993935,2.628460635774152e-06,5.382967636447146e-07,4.445155873611384e-06,0
1.0001402177658776,1.11570011978329,1.3450434790144208,1.591827247281257,2.032018324791855,,0,TF_RANDOM_R0,CRUXEval,sample_352,0.9804587956841625,423.2206915315343,-1.071463201615064e-15,7.77900406415366e-16,0.0,0
1.0000258373003308,1.127351567383783,1.418367205102009,1.688932286113523,2.048052485649917,,1,TF_RANDOM_R0,CRUXEval,sample_352,0.983594030550403,466.8912212498506,0.0008413219115769794,0.00014641640663726912,0.000753017676792922,0
0.9999815509305757,1.1119345308507405,1.2692573372057006,1.4940226709323676,1.9747264204935033,,3,TF_RANDOM_R0,CRUXEval,sample_352,0.9792637227175212,318.164041721117,3.1043454619718766e-07,7.025370062832543e-08,7.822785121902598e-07,0
0.9998897814636714,1.057732146625527,1.1621767935861176,1.3102833568943846,1.6973259566233934,,PREFILL,TF_RANDOM_R1,CRUXEval,sample_352,0.9929020013069286,356.5011879008436,1.0293237797419785e-07,2.7832691067035914e-08,-9.701981085186162e-07,0
0.9999813170236932,1.0874546162169694,1.2690907955053543,1.482107142461522,1.8209702262830385,,0,TF_RANDOM_R1,CRUXEval,sample_352,0.9842826458052264,381.4637989734743,-1.032696355534842e-15,6.256388213658739e-16,0.0,0
1.0000716830493024,1.1178767012939959,1.3492662779333144,1.6566927445594026,2.0340098079895355,,1,TF_RANDOM_R1,CRUXEval,sample_352,0.9843081139506743,458.56622364530705,0.00033383839109103026,9.305820727347874e-05,-0.0010171267907850279,0
0.9999437359845701,1.1046294629720663,1.2850126810598121,1.5796224539657087,2.0020467443705403,,3,TF_RANDOM_R1,CRUXEval,sample_352,0.9791725502039371,318.97186251670104,4.858519479695585e-07,1.315446303089902e-07,-1.556539665159562e-06,0
1.0000843140209579,1.0623744185537198,1.1610945844097098,1.3046452653983907,1.640429822770247,,PREFILL,TF_RANDOM_R2,CRUXEval,sample_352,0.9940354476966526,306.7379076970456,1.70908220980228e-06,4.6921309420739364e-07,-6.044078560307753e-06,0
1.0000450956336573,1.0972280254577989,1.3137729357055739,1.522148258236922,1.8574723309260792,,0,TF_RANDOM_R2,CRUXEval,sample_352,0.9848616890519653,391.23593593275655,-3.1925644534952793e-16,7.529362385686007e-17,0.0,0
1.0000564011329784,1.1285288207234503,1.3543557798208643,1.6086114695425642,1.9441906566715776,,1,TF_RANDOM_R2,CRUXEval,sample_352,0.9843954723300069,459.0947700657842,9.6990622934875e-05,2.2162153255577827e-05,0.000358534979795877,0
0.999925647185656,1.0800246420630357,1.2207972889771195,1.4665013430742946,1.8753895981262592,,3,TF_RANDOM_R2,CRUXEval,sample_352,0.982261155399834,296.8743868345883,4.1296561543636914e-08,1.1262319248674677e-08,-2.7106485589456497e-07,0
1.000036129203161,1.0574126298240198,1.1625253928100165,1.2960898872637459,1.6889265164104212,,PREFILL,TF_RANDOM_R3,CRUXEval,sample_352,0.99321563060973,330.06786090813927,3.6920489406030744e-06,1.04567169308766e-06,-9.830339180894043e-06,0
1.000021003224759,1.101241087872043,1.279894174718831,1.5193861298303355,1.9930433565869303,,0,TF_RANDOM_R3,CRUXEval,sample_352,0.9823010804897604,403.53186802141556,-8.95348466794556e-16,1.0319716843910102e-15,0.0,0
0.9999059990075253,1.130732145587723,1.3572909993205073,1.64507864409115,1.9835980407333003,,1,TF_RANDOM_R3,CRUXEval,sample_352,0.9854434597624298,439.98876125552835,0.0004885719750497861,9.541597920069136e-05,0.0006502420193612579,0
1.0001077047092088,1.1026238673924744,1.2341154010844493,1.4735711006291647,1.9192494776654991,,3,TF_RANDOM_R3,CRUXEval,sample_352,0.9799214568394545,313.1553968646509,8.379085285971119e-07,1.7216501615065874e-07,1.0765071110085955e-06,0
0.0,0.0,0.0,0.0,0.0,,PREFILL,TF_BASELINE,CRUXEval,sample_686,0.9999999999999999,0.0,0.0,0.0,0.0,0
0.0,0.0,0.0,0.0,0.0,,0,TF_BASELINE,CRUXEval,sample_686,1.0000000000000002,0.0,0.0,0.0,0.0,0
0.0,0.0,0.0,0.0,0.0,,1,TF_BASELINE,CRUXEval,sample_686,0.9999999999999999,0.0,0.0,0.0,0.0,0
0.0,0.0,0.0,0.0,0.0,,3,TF_BASELINE,CRUXEval,sample_686,1.0,0.0,0.0,0.0,0.0,0
0.0,0.0,0.0,0.0,0.0,,7,TF_BASELINE,CRUXEval,sample_686,1.0,0.0,0.0,0.0,0.0,0
0.0,0.0,0.0,0.0,0.0,,15,TF_BASELINE,CRUXEval,sample_686,1.0000000000000002,0.0,0.0,0.0,0.0,0
1.6485453000278534,1.9347568802241513,2.6313806967809197,3.4598651520902624,5.755129143726163,,PREFILL,TF_TEXTUAL_CAREFUL,CRUXEval,sample_686,0.7877946109190981,1800.5379826252424,9.643053835169582,0.692792836013356,-9.64319788725409,1
0.925997895558469,1.04428842652229,1.2870417452966159,1.5062948294300786,1.970842162802561,,0,TF_TEXTUAL_CAREFUL,CRUXEval,sample_686,0.9836622670929019,450.2053638533208,1.7568203601007e-14,5.038091818877348e-15,-2.1316282072803006e-14,0
0.5527277330715831,0.6092983075287576,0.7541211690669237,1.0230793877645625,1.5330299182870784,,1,TF_TEXTUAL_CAREFUL,CRUXEval,sample_686,0.9910104481032447,351.20717981936275,1.6221938182630517e-06,2.457508476495936e-07,1.045968929247465e-06,0
0.49949773874143955,0.5470763088832861,0.6521502433267863,0.7929621865971315,1.3530317109279424,,3,TF_TEXTUAL_CAREFUL,CRUXEval,sample_686,0.9971718513743006,245.65450316472447,6.850192947191046e-10,1.7882636292927393e-10,-3.4661766790122783e-09,0
0.8667034364699981,1.029064441136278,1.2831488330510206,1.5884012911421104,2.1950967998357505,,7,TF_TEXTUAL_CAREFUL,CRUXEval,sample_686,0.9965116698901283,328.5586840350141,5.231153261719818e-12,1.4579518850134573e-12,-1.5901946426311042e-11,0
1.0263793460629977,1.191556277718841,1.4929565233618922,1.8296364762799926,2.434096614866456,,15,TF_TEXTUAL_CAREFUL,CRUXEval,sample_686,0.9963066185738022,291.49613059375673,9.75470140685004e-14,2.715164002310887e-14,-1.7053025658242404e-13,0
1.0001796700600607,1.1449911091454643,1.4566025597444405,1.864251576132873,3.3577548178481496,0.8192239867950187,PREFILL,TF_MEANINGFUL_L27_D75,CRUXEval,sample_686,0.9738404102565018,687.8300653666427,0.42998454623605037,0.13975444549338115,-0.4300419466216354,0
0.9999600314973849,1.1280436978491268,1.385272655923358,1.6315934445007483,2.2345299136545487,0.0449075028684215,0,TF_MEANINGFUL_L27_D75,CRUXEval,sample_686,0.9823874713854782,445.5436521357749,8.106501633271302e-13,2.723577683804916e-13,-9.166001291305292e-13,0
1.000018976031777,1.1501945236847961,1.4037670493716483,1.7503407956061092,2.411096551109358,-0.07519451757612161,1,TF_MEANINGFUL_L27_D75,CRUXEval,sample_686,0.9868189989206178,401.0118826254516,2.617939651022041e-06,8.035611766349631e-07,-1.7720146345823196e-06,0
0.9998790997160368,1.1528425055327183,1.3977506524776766,1.627392320952967,2.5686317449136364,0.10668684169844085,3,TF_MEANINGFUL_L27_D75,CRUXEval,sample_686,0.9917835705650775,340.67493181677713,8.707355728746881e-09,2.5078390955620983e-09,-2.031492840615101e-08,0
0.9998773843988984,1.193642337266016,1.5000565328735667,1.9560721906754985,3.2547235142406383,0.5426458127698643,7,TF_MEANINGFUL_L27_D75,CRUXEval,sample_686,0.9881908598465374,732.4916702693064,1.3484829220706407e-10,4.368291404985062e-11,-1.708642116682313e-10,0
1.000024277921114,1.1668946954063217,1.4379731240559817,1.8658911074413387,3.429478153045612,0.13372989224551726,15,TF_MEANINGFUL_L27_D75,CRUXEval,sample_686,0.9893886079251013,806.892117792398,1.6670899827143468e-11,5.699836189173076e-12,-1.736566446197685e-11,0
1.0000764391559134,1.0622681468601,1.1762317123733503,1.3348262704485112,1.7687852889194642,,PREFILL,TF_RANDOM_R0,CRUXEval,sample_686,0.9931738119141582,376.0338658940323,1.1689472452231193e-05,2.142396971786498e-06,1.3508096898817712e-05,0
1.0000553095675269,1.117515159222598,1.3279101117464889,1.5529216714514769,1.906070696091184,,0,TF_RANDOM_R0,CRUXEval,sample_686,0.984838628226677,436.006387804604,1.3519750525227076e-13,4.403860887621791e-14,-1.9184653865522705e-13,0
1.0001336683731672,1.132465785431918,1.358969982923156,1.6700416544062626,2.294344581649719,,1,TF_RANDOM_R0,CRUXEval,sample_686,0.9863194927788081,402.05596949026653,0.00022374417772517863,7.686437976612888e-05,-0.0002295136511420992,0
1.0001164372328224,1.0969730669558642,1.3368523718648033,1.596046615565874,2.4498670846989694,,3,TF_RANDOM_R0,CRUXEval,sample_686,0.9908518143273497,398.2484495115171,1.2783796923289192e-07,4.1349392389774335e-08,-1.6304132088862389e-07,0
1.0000532823745452,1.141380600476018,1.3958703530181484,1.7754581844636776,2.7625369639412987,,7,TF_RANDOM_R0,CRUXEval,sample_686,0.9953780022162002,339.7162598040501,1.0678398354087324e-11,3.078153818150188e-12,-2.511058028176194e-11,0
1.0001591642233607,1.111845568266426,1.2876402350399951,1.5592022271847619,2.2232696363305715,,15,TF_RANDOM_R0,CRUXEval,sample_686,0.9966620759584209,322.79369597980104,3.665090815369581e-13,1.1121377473260148e-13,-6.039613253960852e-13,0
0.9999594077456981,1.0586824323201998,1.1734911813689155,1.3326414242279567,1.7283016213223574,,PREFILL,TF_RANDOM_R1,CRUXEval,sample_686,0.9928696987894814,360.1393959901673,1.5806411292122414e-06,4.388608793917731e-07,-4.092283333534397e-06,0
0.9999836560925183,1.0872621108526648,1.293419372386142,1.4874244696526355,1.8207564353924255,,0,TF_RANDOM_R1,CRUXEval,sample_686,0.9876587416472857,374.66555933050626,8.65759747046771e-14,2.77311912339775e-14,-1.3500311979441904e-13,0
0.9999492717807895,1.1050404373646345,1.358289002019212,1.6328527991561759,2.152499705586215,,1,TF_RANDOM_R1,CRUXEval,sample_686,0.9835294052459259,476.36027118783363,7.594740809557692e-06,2.4332331979510277e-06,-1.0125102072322534e-05,0
0.9999445936431393,1.084905343073466,1.2859854997841664,1.5444554898080287,2.3183934838679874,,3,TF_RANDOM_R1,CRUXEval,sample_686,0.9937864768728492,296.96198384902453,1.308360658032452e-08,3.827595928194896e-09,-2.553501587954088e-08,0
0.9998382439805585,1.111779450587637,1.3268015490613183,1.6147393620505317,2.6995929337340026,,7,TF_RANDOM_R1,CRUXEval,sample_686,0.9953431240252514,399.1658617225269,2.927431284603718e-11,8.855616667520083e-12,-5.084643817099277e-11,0
0.9999725845000795,1.0924539859857927,1.265927594764226,1.5018869321981596,2.231003533493845,,15,TF_RANDOM_R1,CRUXEval,sample_686,0.9968958159371228,267.84395122971017,4.753060811177395e-14,8.707134481885431e-15,7.105427357601002e-14,0
0.9999201113894367,1.0622555938574054,1.1651577808657716,1.3130139858407932,1.674502726469472,,PREFILL,TF_RANDOM_R2,CRUXEval,sample_686,0.9937675129520998,319.61873262223213,7.542388225933826e-07,2.004675088627386e-07,-4.610027907858694e-06,0
0.9999835781235574,1.099607794080444,1.3286483218676868,1.533517848043992,1.87584649623676,,0,TF_RANDOM_R2,CRUXEval,sample_686,0.9878649556286148,380.3675443735881,2.59313796403931e-16,1.962010614908968e-15,-7.105427357601002e-15,0
1.00013951604523,1.1168442363146018,1.3570410308320662,1.633482008670125,2.2494363314630745,,1,TF_RANDOM_R2,CRUXEval,sample_686,0.9841091922615591,442.40338861183375,1.8218506716697004e-07,5.23401093850858e-08,-3.481497543589285e-07,0
1.000049539864425,1.0816659666576005,1.2674114220579014,1.4879515398278889,2.3328386373042056,,3,TF_RANDOM_R2,CRUXEval,sample_686,0.993030986452027,316.0344547205997,3.779347996215969e-08,1.1630585013945124e-08,-6.045781475449985e-08,0
1.0000960873340443,1.1304785905270835,1.378964966991702,1.7108758704512894,2.5329451956009432,,7,TF_RANDOM_R2,CRUXEval,sample_686,0.9954947912956423,349.7198139627861,2.0985008157918396e-12,5.665374289810039e-13,-8.959943897934863e-12,0
1.0000032263016883,1.098848220463977,1.2651153920991942,1.471550612978053,2.0538998458367956,,15,TF_RANDOM_R2,CRUXEval,sample_686,0.9975069022042545,253.37751237977554,2.637565212300794e-14,5.869352491275004e-15,-9.947598300641403e-14,0
1.0000086841289466,1.0587183760111454,1.1590805681823475,1.30032578496806,1.7036493952851384,,PREFILL,TF_RANDOM_R3,CRUXEval,sample_686,0.9928361398517406,344.21151181089743,3.563557741026844e-06,9.804554447689402e-07,-1.3290904590235186e-05,0
1.0000460312611874,1.102302089491103,1.3008079450218717,1.5059480234922786,1.8243352106948112,,0,TF_RANDOM_R3,CRUXEval,sample_686,0.9884935530258717,359.98234156428526,1.2019781886159768e-13,4.01118539810695e-14,-1.8474111129762605e-13,0
0.9999269726579902,1.1300776741304632,1.356199589806721,1.6472951457098042,2.154365814694871,,1,TF_RANDOM_R3,CRUXEval,sample_686,0.9880847912726857,374.9094802337141,2.6584054353600175e-06,8.093479036953713e-07,-4.457833618687346e-06,0
1.0000786222868168,1.0936184524158825,1.2948252307189811,1.5551501802900998,2.5231357647002075,,3,TF_RANDOM_R3,CRUXEval,sample_686,0.9922314428381235,337.1852978177183,2.728944948163733e-09,7.059647776293408e-10,-6.263519480853574e-09,0
1.0000560112881745,1.143610122911132,1.376524382579604,1.6855323716072956,2.45137375689817,,7,TF_RANDOM_R3,CRUXEval,sample_686,0.9951573193082291,345.43125025603575,5.096813729735052e-12,1.4233259144718552e-12,-1.5432988220709376e-11,0
0.9999735980965704,1.0987622986691354,1.2788769136868,1.515271395891161,2.5425004476893527,,15,TF_RANDOM_R3,CRUXEval,sample_686,0.9959261000457411,400.9775477560206,2.2552913997588731e-13,6.757561332880518e-14,-3.623767952376511e-13,0
0.0,0.0,0.0,0.0,0.0,,PREFILL,TF_BASELINE,CRUXEval,sample_750,0.9999999999999999,0.0,0.0,0.0,0.0,0
0.0,0.0,0.0,0.0,0.0,,0,TF_BASELINE,CRUXEval,sample_750,1.0000000000000002,0.0,0.0,0.0,0.0,0
0.0,0.0,0.0,0.0,0.0,,1,TF_BASELINE,CRUXEval,sample_750,1.0,0.0,0.0,0.0,0.0,0
0.0,0.0,0.0,0.0,0.0,,3,TF_BASELINE,CRUXEval,sample_750,1.0,0.0,0.0,0.0,0.0,0
1.5975723121915184,1.8780912226192368,2.484799518222454,3.2534903571560516,5.394536422395415,,PREFILL,TF_TEXTUAL_CAREFUL,CRUXEval,sample_750,0.8112537257053133,1701.6138587693379,7.264450814033429,0.6902493175284605,-7.264519208916063,1
0.9526056611024232,1.0970565717129197,1.3636359574154433,1.7089927641091713,2.366888930004788,,0,TF_TEXTUAL_CAREFUL,CRUXEval,sample_750,0.963613192816667,475.83645842852866,2.5364563203882414e-13,8.368721288203886e-14,-2.8421709430404007e-13,0
0.48011368046552666,0.5530595689689023,0.7330857671849785,1.0724814569779677,2.321817412814152,,1,TF_TEXTUAL_CAREFUL,CRUXEval,sample_750,0.9816334761488329,379.96851587085064,1.2414242608382399e-05,3.713212727335599e-06,-2.1253845687851936e-05,0
0.8339061829390156,0.9384704342855291,1.0729940249265055,1.3948286877013756,1.9626194002548438,,3,TF_TEXTUAL_CAREFUL,CRUXEval,sample_750,0.9719865099974382,333.2569665296497,2.3202202428473863e-08,6.6525022764887496e-09,-4.1392965499653656e-08,0
1.000258106834662,1.1422524493960895,1.436071305163263,1.8200161980782457,2.9761316846489496,0.6465403362559018,PREFILL,TF_MEANINGFUL_L27_D75,CRUXEval,sample_750,0.9783245524455275,591.6843144514294,0.07335272473147662,0.025157722841211278,-0.07338186120541934,0
0.9998095514029708,1.1281109850623285,1.371863242162889,1.5957910333122525,2.2609860295696764,-0.020209309446483893,0,TF_MEANINGFUL_L27_D75,CRUXEval,sample_750,0.9574549223778234,501.4810367241798,3.190194791257379e-14,1.1592858983969823e-14,-4.973799150320701e-14,0
0.9999392137848416,1.1441357116761295,1.4661571880811632,1.8197861896437786,2.915970522591823,-0.30550235761325484,1,TF_MEANINGFUL_L27_D75,CRUXEval,sample_750,0.9755228772150862,470.69186093194384,4.0009904187997325e-05,1.2725022381267e-05,-5.4295402847515106e-05,0
1.0002850840951114,1.1089691373632538,1.3019724114519617,1.5415229212530541,2.330383706603314,0.23628929124887574,3,TF_MEANINGFUL_L27_D75,CRUXEval,sample_750,0.969081611575518,348.5910747116907,2.417986137589364e-08,7.3429846572635185e-09,-4.391952046489678e-08,0
0.9999140298104915,1.0622003138641725,1.174095830660201,1.3317098510838847,1.7490281101814693,,PREFILL,TF_RANDOM_R0,CRUXEval,sample_750,0.9928483523666033,401.7572593606843,4.111685734087985e-06,8.23249524820555e-07,6.620181061123276e-06,0
1.0000093078806334,1.115467772279998,1.3377126813786708,1.5507037663915275,1.9773999761605798,,0,TF_RANDOM_R0,CRUXEval,sample_750,0.9717498913458106,423.11332364124644,1.6457959428072652e-14,4.562860850614584e-15,-2.842170943040401e-14,0
1.000165791585032,1.0986641357474425,1.4764232052165562,1.834726601919229,3.634697447980229,,1,TF_RANDOM_R0,CRUXEval,sample_750,0.9673861100209394,506.3940661558364,4.56077999572796e-06,1.2918533020378857e-06,-1.0431935784538382e-05,0
1.0000458753232657,1.0721610825178913,1.2013536234306472,1.401679664352139,1.8114828071905567,,3,TF_RANDOM_R0,CRUXEval,sample_750,0.980902161834595,274.9709073366908,2.794514819229527e-09,7.123262522625209e-10,1.6573125094510033e-09,0
0.9998845575432953,1.0586786118411189,1.1697598987791338,1.3238856658639626,1.7154846157263226,,PREFILL,TF_RANDOM_R1,CRUXEval,sample_750,0.9927025718967885,365.94015978911955,3.796792876071724e-07,1.0808268098862655e-07,-1.7110859360514041e-06,0
0.9998941477254782,1.079191075902735,1.2356002419746155,1.4457464735134384,1.8513212036677824,,0,TF_RANDOM_R1,CRUXEval,sample_750,0.9790552748971403,356.8263764387566,4.364789195276831e-14,1.5365652720688993e-14,-6.394884621840902e-14,0
1.0001767072395489,1.0970951663485338,1.3163725767977774,1.6411388725000922,2.6953139971633067,,1,TF_RANDOM_R1,CRUXEval,sample_750,0.980337775010236,391.50071065764513,3.3311962594866067e-07,8.635709811498681e-08,-1.9130306441184075e-06,0
0.9999484920911811,1.0773358044796353,1.2124647461325448,1.4627946986761373,1.8202616443669584,,3,TF_RANDOM_R1,CRUXEval,sample_750,0.9813968495999457,274.50786502916316,7.372544034205463e-09,2.129732402493902e-09,-1.8503499177313643e-08,0
0.999932820330053,1.062452465483517,1.163272959206515,1.312913717757158,1.6574506028587315,,PREFILL,TF_RANDOM_R2,CRUXEval,sample_750,0.9936870700809534,319.866099218184,2.560678116729256e-06,7.06978587817845e-07,-8.85742046108362e-06,0
0.9999317287646013,1.0869077419256636,1.290793221847254,1.500120779297296,1.8113089364078918,,0,TF_RANDOM_R2,CRUXEval,sample_750,0.9785433808015422,368.2462473294131,3.181321909068311e-16,5.0146380721005584e-17,0.0,0
1.0000662252220438,1.1042431267711226,1.343624599865122,1.6369388405177627,2.907543637304636,,1,TF_RANDOM_R2,CRUXEval,sample_750,0.9792231873758392,447.2442578011875,4.817540737350234e-06,1.5299223424264899e-06,-8.48958890742324e-06,0
0.9999463869292385,1.0548200839072523,1.167755628671876,1.373876400731682,1.74773133042484,,3,TF_RANDOM_R2,CRUXEval,sample_750,0.98151278706129,274.62891604510173,9.587648241624661e-09,2.6862485964628056e-09,-2.3733441878448502e-08,0
0.999887598332768,1.059580166935269,1.1629906335993268,1.3036585681990074,1.7025381816552996,,PREFILL,TF_RANDOM_R3,CRUXEval,sample_750,0.9925806813280076,353.36229179932724,5.757014434501012e-06,1.6398781836716109e-06,-1.4944840252439917e-05,0
1.0000051755257091,1.0938757499866425,1.2679911212817192,1.4893219222835477,1.9620235614561328,,0,TF_RANDOM_R3,CRUXEval,sample_750,0.9754887126583495,383.09626538431814,3.249593344435546e-14,1.0556652428451497e-14,-4.973799150320701e-14,0
0.9999672826107426,1.1187403634731796,1.348739207758061,1.6090077078015341,2.388376395921662,,1,TF_RANDOM_R3,CRUXEval,sample_750,0.9859420308274781,333.04784357677113,9.901763699462377e-05,3.258940772466864e-05,-0.0001175645327151642,0
0.9998651432720471,1.0720959784355932,1.2215956131671222,1.463008177690907,1.8755909139831386,,3,TF_RANDOM_R3,CRUXEval,sample_750,0.9801556930905275,282.3912690210882,1.5095414631733246e-08,4.367250744977217e-09,-3.408543136629305e-08,0
0.0,0.0,0.0,0.0,0.0,,PREFILL,TF_BASELINE,CRUXEval,sample_133,1.0,0.0,0.0,0.0,0.0,0
0.0,0.0,0.0,0.0,0.0,,0,TF_BASELINE,CRUXEval,sample_133,1.0,0.0,0.0,0.0,0.0,0
0.0,0.0,0.0,0.0,0.0,,1,TF_BASELINE,CRUXEval,sample_133,0.9999999999999999,0.0,0.0,0.0,0.0,0
0.0,0.0,0.0,0.0,0.0,,3,TF_BASELINE,CRUXEval,sample_133,1.0,0.0,0.0,0.0,0.0,0
0.0,0.0,0.0,0.0,0.0,,7,TF_BASELINE,CRUXEval,sample_133,1.0,0.0,0.0,0.0,0.0,0
0.0,0.0,0.0,0.0,0.0,,15,TF_BASELINE,CRUXEval,sample_133,0.9999999999999999,0.0,0.0,0.0,0.0,0
1.738597890414555,2.0612978527167862,2.9651193486204317,3.899345308615955,6.385028527040527,,PREFILL,TF_TEXTUAL_CAREFUL,CRUXEval,sample_133,0.6881790838334515,2074.946103934762,15.96616129647462,0.6931440138735215,-15.96633853087927,1
1.0419003152208353,1.1688497670992917,1.452432623780994,1.6966490301054127,2.509051295676818,,0,TF_TEXTUAL_CAREFUL,CRUXEval,sample_133,0.9808260994895066,424.86559484184147,1.0416694992800776e-14,2.950864659945944e-15,-7.105427357601002e-15,0
0.4928330689225945,0.5808742160576414,0.7484669379960366,0.9878073994166361,2.0059838650169297,,1,TF_TEXTUAL_CAREFUL,CRUXEval,sample_133,0.9655335976132154,472.51474731312015,5.2212032812969995e-08,1.2277061944455895e-08,-5.602436914386999e-08,0
0.3728047267751736,0.4218773771290456,0.5386342586332168,0.7490774349593847,2.5610860648218217,,3,TF_TEXTUAL_CAREFUL,CRUXEval,sample_133,0.9941936948381943,421.7581259294992,2.5961530406577373e-08,3.441479561200964e-09,1.268282545652255e-08,0
0.3566414883024472,0.37812848640555613,0.48720682870864757,0.6077930777553325,1.68270693240451,,7,TF_TEXTUAL_CAREFUL,CRUXEval,sample_133,0.9980920413712726,262.4456803744098,3.0674775150817606e-17,2.273635510622515e-18,0.0,0
0.3747629172265771,0.425470654658147,0.5190320821893644,0.7949040035667594,1.7185397514877319,,15,TF_TEXTUAL_CAREFUL,CRUXEval,sample_133,0.993909820922694,231.41353755324317,0.04666536488676544,0.012958766705056943,-0.12252354438465574,0
1.0003107358832266,1.1462540503730907,1.4764879194540503,1.8945242726809373,3.4131829521066703,0.8241393803125266,PREFILL,TF_MEANINGFUL_L27_D75,CRUXEval,sample_133,0.9728150839842628,698.4683685382653,0.46939568235394635,0.1516068586604085,-0.469457940285146,0
1.0000139080493227,1.1411940987216977,1.4039075494390754,1.6105335603651003,2.3192764043804974,0.1450897005652909,0,TF_MEANINGFUL_L27_D75,CRUXEval,sample_133,0.9829318275149249,402.435974426295,2.856208459762794e-15,3.860369643684852e-15,-2.1316282072803006e-14,0
0.9999901275162677,1.1642746264463788,1.4206579331713793,1.733759916394663,2.57509864646332,0.11946140601372678,1,TF_MEANINGFUL_L27_D75,CRUXEval,sample_133,0.951673879000465,556.4719476056822,8.864077042330546e-07,2.893106354017894e-07,-1.1113792837136316e-06,0
0.9998739537646216,1.134942391503922,1.4449670957809189,1.815559960090608,3.1893699312676578,-0.82082926515262,3,TF_MEANINGFUL_L27_D75,CRUXEval,sample_133,0.8779171715615386,916.5405694823103,1.914623944665284e-06,6.558208370801526e-07,-1.9818305361241073e-06,0
0.999956678832069,1.1180660099309065,1.561751656266187,1.9144876013513834,3.5517019841767414,-0.545913770171011,7,TF_MEANINGFUL_L27_D75,CRUXEval,sample_133,0.9537379833434768,1337.260766657972,5.257198548795192e-13,1.8570521089155254e-13,-5.258016244624741e-13,0
0.9999006971181884,1.1766187502949417,1.4937655292995295,1.8809848066937933,5.779446726983473,-0.35338982720135775,15,TF_MEANINGFUL_L27_D75,CRUXEval,sample_133,0.8161032331409652,1202.8623267764199,0.07821879499073975,0.022037687230387237,-0.17304153743994988,0
1.000059052077647,1.0659446952393747,1.1878497892586055,1.3512036506721747,1.7992438634701622,,PREFILL,TF_RANDOM_R0,CRUXEval,sample_133,0.9930841943462875,378.6245230575567,7.664974122185305e-06,1.5377589806231871e-06,1.2382811171107733e-05,0
1.000109030181543,1.126801496365083,1.347277133804459,1.5688164238075635,2.1923823884331957,,0,TF_RANDOM_R0,CRUXEval,sample_133,0.9854430281748923,373.4018714123652,2.4564528059549662e-14,7.830594526510911e-15,-4.973799150320701e-14,0
1.0000364410790044,1.1458045593138695,1.4173246041577063,1.7653370336575183,2.781734793354254,,1,TF_RANDOM_R0,CRUXEval,sample_133,0.9685689290198021,451.3308126494529,1.5462479864123349e-07,2.2340952772985392e-08,8.548593655177683e-08,0
1.0000569469157043,1.0904264811282056,1.3237615392783113,1.646241785048906,2.0192086482781386,,3,TF_RANDOM_R0,CRUXEval,sample_133,0.9861583416133126,314.83209415708495,3.2695044965445193e-09,8.971843849467252e-10,-1.1669833099858806e-08,0
1.0000258373003308,1.063266383465687,1.3348610446050444,1.647560084238726,2.283909683745155,,7,TF_RANDOM_R0,CRUXEval,sample_133,0.9898110485587144,507.5410412297741,-1.4970107138089348e-17,2.0737426448643505e-17,0.0,0
1.000242357104573,1.1016989995790343,1.3190921341517474,1.6581036708746961,2.0667786028498125,,15,TF_RANDOM_R0,CRUXEval,sample_133,0.9846089947811753,339.11770106823616,0.007626707698450788,0.0017618374950067882,0.030302381665975986,0
0.9999345356471914,1.061263672737646,1.179858672493533,1.3397632650486653,1.718865037992341,,PREFILL,TF_RANDOM_R1,CRUXEval,sample_133,0.9924522475202814,373.44179711675656,1.197844997739223e-06,3.3324149233488453e-07,-6.267466424958457e-06,0
0.9998140736026994,1.0869818124384583,1.2511382083659153,1.4526574862640458,1.9138061526336743,,0,TF_RANDOM_R1,CRUXEval,sample_133,0.9867458979666337,361.35567524157426,6.465521029915221e-14,2.072617800684953e-14,-9.947598300641403e-14,0
0.9999594077456981,1.1049317486332286,1.33531934615684,1.623545488363226,2.199201397810016,,1,TF_RANDOM_R1,CRUXEval,sample_133,0.9701800524474397,439.58437800301743,2.1845843408393006e-06,7.363303628247252e-07,-2.400721662354499e-06,0
1.000030983251746,1.085148294355432,1.2894490369624363,1.6452035503664098,3.197031473235275,,3,TF_RANDOM_R1,CRUXEval,sample_133,0.984374651692231,608.7341555263824,2.5961399994345425e-08,3.4414802376284155e-09,1.2682832561949908e-08,0
0.9999713369967062,1.0515553675791152,1.2873051244463207,1.6117760737249875,2.237558851845117,,7,TF_RANDOM_R1,CRUXEval,sample_133,0.9908900149421662,502.3526682416903,2.944503016129252e-18,1.5611938830671535e-19,0.0,0
1.0001583065647917,1.0940918019771197,1.2791291432751053,1.6264473371476311,2.6524444793646094,,15,TF_RANDOM_R1,CRUXEval,sample_133,0.9854190348188977,421.5623287033727,0.42461199720497717,0.11944581132457666,-0.6142574443867517,1
0.9997515424961086,1.063258430631682,1.172279699655441,1.3310257514215071,1.6774992295723323,,PREFILL,TF_RANDOM_R2,CRUXEval,sample_133,0.993766308050992,317.41092568828617,2.9901450786399544e-06,8.169605250448839e-07,-1.2404683694455798e-05,0
1.0000973348374176,1.0985984858824183,1.3218101321265006,1.521369504256089,1.969473807539884,,0,TF_RANDOM_R2,CRUXEval,sample_133,0.9873648672112034,345.79437197101515,1.0083405133347618e-15,7.20373057934174e-16,7.105427357601002e-15,0
0.9998557869967467,1.1126280647573792,1.3925700828438698,1.6587885502266821,2.223795459002451,,1,TF_RANDOM_R2,CRUXEval,sample_133,0.9689698810355686,448.45359622373195,1.6847136210259815e-07,4.797918700518488e-08,-1.8129728829308078e-07,0
0.999845183218073,1.1146895640818908,1.357131630764558,1.649392822632144,2.547856915298806,,3,TF_RANDOM_R2,CRUXEval,sample_133,0.9860515081076385,401.6263693057998,2.7551398542993264e-08,3.543670054434716e-09,1.2771884883022722e-08,0
0.9999173824758074,1.0619654713541336,1.351998778134783,1.6627068023845493,2.567698300514504,,7,TF_RANDOM_R2,CRUXEval,sample_133,0.9897583834815169,489.91734711778236,5.372923284603376e-18,3.274546156440722e-19,0.0,0
1.0000362851410827,1.096754441989679,1.3104201144516916,1.602569498829438,2.0574240428665957,,15,TF_RANDOM_R2,CRUXEval,sample_133,0.9854825476228439,314.09506470510735,0.02444078236078215,0.006657564960638873,-0.08133441906901595,0
1.0000346477929052,1.061097988695869,1.1686242028955922,1.3172249334776398,1.7347732010096915,,PREFILL,TF_RANDOM_R3,CRUXEval,sample_133,0.9928556648767777,342.28382730152424,1.0899745027167462e-05,3.1082592397206713e-06,-2.813934841583432e-05,0
0.9999457631775518,1.0978195759636638,1.2854946072067412,1.521783363500208,2.0700024634424716,,0,TF_RANDOM_R3,CRUXEval,sample_133,0.9825153876163766,414.41844177324543,2.84345833465573e-15,1.591697018640466e-15,-7.105427357601002e-15,0
1.0000507093988376,1.118646332906411,1.3577730034363973,1.6453679089358526,2.114383799391785,,1,TF_RANDOM_R3,CRUXEval,sample_133,0.9668979127973787,464.0901459128743,9.161403103640698e-08,2.7312041774818313e-08,-1.7889771442014535e-07,0
0.9999084940142721,1.1067723618916911,1.3834810851412616,1.7171188451454513,2.379214419271711,,3,TF_RANDOM_R3,CRUXEval,sample_133,0.9808168021722833,334.48391902671545,1.382192545869836e-08,2.3343354481945673e-09,1.13797113954206e-08,0
0.9999686080830769,1.069078813558111,1.3149133097267653,1.6247225077960106,2.1766939419474816,,7,TF_RANDOM_R3,CRUXEval,sample_133,0.9905507796462758,429.5949361056145,5.377106443691976e-18,3.775266891254813e-19,0.0,0
0.9999459191154735,1.1158103678939124,1.3337950529724905,1.6405052967243365,2.0972756940671635,,15,TF_RANDOM_R3,CRUXEval,sample_133,0.9707210514141809,492.91951679491495,0.010109187584065808,0.0026883901194359973,-0.04803827920574122,0
0.0,0.0,0.0,0.0,0.0,,PREFILL,TF_BASELINE,CRUXEval,sample_391,1.0,0.0,0.0,0.0,0.0,0
0.0,0.0,0.0,0.0,0.0,,0,TF_BASELINE,CRUXEval,sample_391,1.0,0.0,0.0,0.0,0.0,0
0.0,0.0,0.0,0.0,0.0,,1,TF_BASELINE,CRUXEval,sample_391,1.0000000000000002,0.0,0.0,0.0,0.0,0
0.0,0.0,0.0,0.0,0.0,,3,TF_BASELINE,CRUXEval,sample_391,1.0000000000000002,0.0,0.0,0.0,0.0,0
0.0,0.0,0.0,0.0,0.0,,7,TF_BASELINE,CRUXEval,sample_391,0.9999999999999998,0.0,0.0,0.0,0.0,0
1.6790740466433038,1.9695400811565948,2.8436084656671894,3.6775738270474796,5.956832350402906,,PREFILL,TF_TEXTUAL_CAREFUL,CRUXEval,sample_391,0.6923891900726853,2059.6645263140013,16.134523781671625,0.6931391827037632,-16.134801037181788,1
1.0203598304105925,1.1691105732732892,1.4481486971968047,1.7090977103304568,2.3931741379577627,,0,TF_TEXTUAL_CAREFUL,CRUXEval,sample_391,0.9671360369918466,533.6557072717418,1.2038625621213894e-11,2.8217678437696182e-12,5.978506578685483e-11,0
0.5614619330179058,0.6738999188589527,0.8791876705411837,1.0628947833983413,1.5395683953428099,,1,TF_TEXTUAL_CAREFUL,CRUXEval,sample_391,0.993577728089977,259.20751612584974,1.2981822990800102e-05,3.1696990524545677e-06,-6.211894074681368e-07,0
0.37117030243364285,0.4341047034742756,0.5751388582830042,0.7479341760866423,2.087220505001872,,3,TF_TEXTUAL_CAREFUL,CRUXEval,sample_391,0.9955839031368112,421.40667942377996,0.024435104184958884,0.005443766635169383,0.06493933661600693,0
0.3359652894230748,0.37670859365976644,0.5008191956741734,0.7029451500565711,1.275300165577396,,7,TF_TEXTUAL_CAREFUL,CRUXEval,sample_391,0.9963936621398491,188.33030043961455,0.04867284552178095,0.011200697095010686,0.1530415491373418,0
1.000061001301668,1.166472649421315,1.5706819091645325,2.0348008810661806,3.915405978920701,0.9130527593317379,PREFILL,TF_MEANINGFUL_L27_D75,CRUXEval,sample_391,0.9576610078392963,938.7210045051701,3.677586492414101,0.6338377858731228,-3.6776971557978158,1
0.9998681840615197,1.130793195284058,1.404521632974622,1.6057417439700234,2.30389344028334,0.11036551404853397,0,TF_MEANINGFUL_L27_D75,CRUXEval,sample_391,0.9766440684516143,439.4361786732763,6.99402563752448e-10,2.1726189446729935e-10,-1.0590497367957141e-09,0
1.0000677846012607,1.133640309857956,1.3994060894541527,1.734873001279562,2.4768646170781445,-0.1449072393027629,1,TF_MEANINGFUL_L27_D75,CRUXEval,sample_391,0.9823135265215973,433.18857980641945,1.1098893012048216e-05,3.3885619354444963e-06,-1.9899770656195415e-05,0
0.999830447084475,1.1202069596265103,1.5211867450118888,1.9338094014120686,4.099269575482257,-0.8606356034165152,3,TF_MEANINGFUL_L27_D75,CRUXEval,sample_391,0.9617275374632727,784.5484080061854,0.11851523241148863,0.03290214343020931,-0.26878973348928525,0
1.0002780668886362,1.134344291605347,1.5341451863028808,1.9791737700196055,4.726945595909414,-0.2767344669654304,7,TF_MEANINGFUL_L27_D75,CRUXEval,sample_391,0.9550525510110951,782.6716943506673,0.16916973501324895,0.034342709423832926,0.23422651325169852,0
1.0001851278873193,1.0717074591037459,1.19639955362807,1.3633947214506157,1.9076863688976335,,PREFILL,TF_RANDOM_R0,CRUXEval,sample_391,0.9925375395157924,379.48520209245834,1.7285141155263857e-05,3.2496333071148767e-06,2.1265362697420187e-05,0
1.000026149176174,1.1290020143467658,1.3641327756338921,1.5854512575399082,2.1011108313127793,,0,TF_RANDOM_R0,CRUXEval,sample_391,0.9815392492035517,389.0161068106322,2.0425738006851094e-11,4.6716649805956046e-12,7.542411140093463e-11,0
1.0000995959372818,1.1437226321216187,1.464457464734932,1.7447497973624602,2.364209916510453,,1,TF_RANDOM_R0,CRUXEval,sample_391,0.9831742605832101,419.85868967508543,0.0001517844292963093,1.7602063430627164e-05,4.113522717119622e-05,0
1.000122362873846,1.1213704124601094,1.4162291402579563,1.7721836440464749,2.3511441899293506,,3,TF_RANDOM_R0,CRUXEval,sample_391,0.9875837410237309,324.585736599774,0.015161020393564411,0.0039809917759258875,-0.07423263610153441,0
1.0001903518076953,1.1056138990715854,1.370087732986725,1.778795723801236,2.4487340397600965,,7,TF_RANDOM_R0,CRUXEval,sample_391,0.982505441343106,390.10463734586665,0.08262332925250128,0.01830715017491715,0.18633817450457002,0
0.9999139518415306,1.0675687107246339,1.1907470378743212,1.3624735961472958,1.7834677798724683,,PREFILL,TF_RANDOM_R1,CRUXEval,sample_391,0.991644562295472,391.5286712641909,2.4938214302721976e-06,7.336158358559264e-07,-2.566108463497585e-07,0
0.9998279520777282,1.0792628853156652,1.2284609361066796,1.432982174934929,1.879142712025075,,0,TF_RANDOM_R1,CRUXEval,sample_391,0.9836869556647909,374.38791416886403,1.0083225219277042e-10,2.8556893397232783e-11,-2.686562083908939e-10,0
1.0000101655392026,1.1055042747126496,1.3467018788114087,1.6334444276310018,2.25830873139248,,1,TF_RANDOM_R1,CRUXEval,sample_391,0.9856127770961907,389.8365382144678,0.0003409833993260532,0.0001099858393162292,-0.0004655340323935775,0
1.000022406666054,1.1029668528511933,1.381623864494141,1.7540792513402876,2.751016270288128,,3,TF_RANDOM_R1,CRUXEval,sample_391,0.9842602866743223,363.9115108071364,0.00027690885081127205,7.944164601608175e-05,-0.0006541237315431658,0
1.0000801816660336,1.0860744876412063,1.3504621658546214,1.7845672981581817,2.5907479525306942,,7,TF_RANDOM_R1,CRUXEval,sample_391,0.9818008530029989,397.740499969906,0.005904782839516602,0.00144392303889713,0.06132799193304095,0
0.9998177381438587,1.0677979394694925,1.181436140509173,1.346921751280967,1.7469613089676208,,PREFILL,TF_RANDOM_R2,CRUXEval,sample_391,0.9928058665271383,342.988175846598,4.405137180324224e-06,1.1985603628614239e-06,-1.838291311884177e-05,0
1.0001101997159556,1.0961990690816423,1.3158904167439658,1.5322271498663078,1.9636936565972463,,0,TF_RANDOM_R2,CRUXEval,sample_391,0.9843173136369527,367.0777859392969,4.865287947790725e-14,1.6750852328779153e-14,-7.105427357601002e-15,0
0.9999039718145436,1.125153154564043,1.418100551255949,1.7318089770566174,2.317634534003207,,1,TF_RANDOM_R2,CRUXEval,sample_391,0.9778879015071295,499.36634819009,0.00014079814367429932,4.222168855219874e-05,-0.00022678537663267662,0
0.9999733641896879,1.0903011850081417,1.3673661484397732,1.7368849123449817,2.273155424977005,,3,TF_RANDOM_R2,CRUXEval,sample_391,0.9888553301114893,301.96507173285397,0.06120954005047517,0.01228149777538897,0.08926569761710823,0
0.9998479121317023,1.080515144795657,1.3422080597846482,1.736323223951117,2.4008267914638446,,7,TF_RANDOM_R2,CRUXEval,sample_391,0.9842068758227649,367.4992019132441,0.006387319139221191,0.0016211555629159677,-0.07360418260983437,0
0.9998612448240053,1.0643833667986278,1.1768924993164378,1.3342779927159105,1.7748610981615933,,PREFILL,TF_RANDOM_R3,CRUXEval,sample_391,0.9925297364583863,348.7005699307828,1.7488743159383183e-05,5.015934586084135e-06,-4.391039556139731e-05,0
0.9999312609508363,1.091417856465239,1.2646361168969336,1.496843899811268,1.9871403265620147,,0,TF_RANDOM_R3,CRUXEval,sample_391,0.9786537547625738,430.9693454480706,1.4145503433536025e-09,4.5308150680199946e-10,-1.8700632153922925e-09,0
0.999876136895525,1.1218526504828819,1.37043968487594,1.7084990646491558,2.319027059643743,,1,TF_RANDOM_R3,CRUXEval,sample_391,0.9820474383950071,452.78042449640304,3.095734701208156e-05,8.25036488177123e-06,-6.144496686744105e-05,0
1.0000715271113807,1.1217976043965314,1.3753673232007935,1.7297852147091506,2.3725106480190066,,3,TF_RANDOM_R3,CRUXEval,sample_391,0.9878529425695158,315.21529282513586,0.12961145275572863,0.02227191364177563,0.10862013565954953,0
0.9999370306539381,1.1031668432357384,1.3085979798369474,1.6593290310631994,2.2678457387440534,,7,TF_RANDOM_R3,CRUXEval,sample_391,0.9844444799814943,371.7368298248949,0.17651285822855242,0.04502209093115404,-0.5126986848033752,1
0.0,0.0,0.0,0.0,0.0,,PREFILL,TF_BASELINE,CRUXEval,sample_202,1.0000000000000002,0.0,0.0,0.0,0.0,0
0.0,0.0,0.0,0.0,0.0,,0,TF_BASELINE,CRUXEval,sample_202,1.0,0.0,0.0,0.0,0.0,0
0.0,0.0,0.0,0.0,0.0,,1,TF_BASELINE,CRUXEval,sample_202,1.0,0.0,0.0,0.0,0.0,0
0.0,0.0,0.0,0.0,0.0,,3,TF_BASELINE,CRUXEval,sample_202,1.0,0.0,0.0,0.0,0.0,0
0.0,0.0,0.0,0.0,0.0,,7,TF_BASELINE,CRUXEval,sample_202,1.0,0.0,0.0,0.0,0.0,0
1.6720201947564444,1.974627555851163,2.8235801108834058,3.6891503464766093,6.397611469816131,,PREFILL,TF_TEXTUAL_CAREFUL,CRUXEval,sample_202,0.6672052611573819,2157.776311030448,14.143985802343686,0.6931406423279395,-14.14407597264836,1
1.0318681269989902,1.1765144278253428,1.5552400005329832,1.837837563456597,2.564608858410327,,0,TF_TEXTUAL_CAREFUL,CRUXEval,sample_202,0.9721481489975524,519.1150071390142,-3.3180865962151338e-15,7.00544198805763e-16,0.0,0
0.473916044722091,0.554768843512836,0.6989508001929278,1.0850756272839326,2.1620925387137473,,1,TF_TEXTUAL_CAREFUL,CRUXEval,sample_202,0.9734341737612796,435.2199119855182,0.00017110051249748085,5.679349969401197e-05,-0.00019691420983036778,0
0.31282751298889966,0.33701389397736214,0.4201617870992842,0.5979630240644556,2.8093835224943335,,3,TF_TEXTUAL_CAREFUL,CRUXEval,sample_202,0.9938621671061332,365.9260964682592,6.286504242212789e-08,9.696866145408468e-09,4.5119662672732375e-08,0
0.5526403298664856,0.6259936841591918,0.759330509247279,0.9555859466614296,2.757050132229327,,7,TF_TEXTUAL_CAREFUL,CRUXEval,sample_202,0.9867542003656711,363.31239189706554,1.6881853379913047e-05,3.173867117917938e-06,3.186429665902324e-05,0
1.0001402177658776,1.145440834111568,1.4429361602890551,1.8323984487486573,3.295974396412374,0.755198841965555,PREFILL,TF_MEANINGFUL_L27_D75,CRUXEval,sample_202,0.9769552468676825,638.374941843999,0.0721015341352207,0.024732352863271256,-0.07213364152010371,0
0.9998197653368404,1.1353588237237486,1.3909581525475403,1.599240847953415,2.242417877484435,0.09631415546588168,0,TF_MEANINGFUL_L27_D75,CRUXEval,sample_202,0.9825285874817131,411.8097141987983,-2.6973759400878854e-15,2.6383524699623354e-15,-7.105427357601002e-15,0
1.000110043778034,1.1564472444990626,1.4086673985602094,1.71255968812951,3.068054906344036,-0.25673884450674067,1,TF_MEANINGFUL_L27_D75,CRUXEval,sample_202,0.9454575321676196,625.0936484366343,2.1279956728280494e-06,6.313196075411929e-07,-6.244798271382024e-06,0
1.0002162375026928,1.0941904327125778,1.312779299268676,1.608393936141831,4.062200324618093,-0.7375650021498541,3,TF_MEANINGFUL_L27_D75,CRUXEval,sample_202,0.8043295956479167,1189.4253042266653,4.880782518901748e-05,1.6872966731438415e-05,-4.915203357569453e-05,0
1.0001892602422435,1.105238400556198,1.3672727416246913,1.6862077387460597,4.950479487868632,-0.6567726366954186,7,TF_MEANINGFUL_L27_D75,CRUXEval,sample_202,0.7391430437429057,940.9757793258051,0.008444709525925572,0.0028891168931623346,-0.008740310672685325,0
0.9999593297767373,1.0617533957806589,1.1746453558961751,1.3271104620841518,1.7626160728622535,,PREFILL,TF_RANDOM_R0,CRUXEval,sample_202,0.9933842023047516,382.72463460983266,3.6013499056090114e-06,7.207283293845406e-07,5.818890151942924e-06,0
1.0000334782584928,1.113435433346839,1.3282330591822726,1.5638081655772051,2.144013407950871,,0,TF_RANDOM_R0,CRUXEval,sample_202,0.984035501212256,389.0585885558349,8.094684077417297e-15,4.760599260392304e-15,-2.1316282072803006e-14,0
0.9999717268415104,1.1243642646183014,1.339533880365885,1.6138174570576034,2.16184568898374,,1,TF_RANDOM_R0,CRUXEval,sample_202,0.9703080146286219,460.3974354908535,2.595217419075177e-05,2.495936652646026e-06,7.835031397007697e-06,0
1.0000658353772398,1.0603690568810105,1.231494552434898,1.5398606230080243,2.0931977614775037,,3,TF_RANDOM_R0,CRUXEval,sample_202,0.9820251898270337,348.3457991953558,7.358667319708829e-08,2.2016518016786423e-08,-1.391886570445422e-07,0
1.0001235324082587,1.0635416918664,1.2827564152711315,1.5861464287947247,2.035409350836547,,7,TF_RANDOM_R0,CRUXEval,sample_202,0.9731125891336124,321.7929733365493,6.290473027628366e-06,1.443465660557291e-06,2.2808698737719624e-05,0
0.9999479463084553,1.0610735844111272,1.1720528879483683,1.3293013898836517,1.7202541329986003,,PREFILL,TF_RANDOM_R1,CRUXEval,sample_202,0.9927539145513873,376.7569949715126,1.2004841983592075e-06,3.4247570975290665e-07,-4.711721580008543e-06,0
1.00000338223961,1.0828609969203384,1.2303200280088602,1.4253304570563767,1.8415691579222222,,0,TF_RANDOM_R1,CRUXEval,sample_202,0.9855366818265135,385.51421830294044,2.702535174046526e-14,1.1198987369420831e-14,-4.263256414560601e-14,0
1.0000297357483725,1.1090855450217822,1.3067361590211375,1.5383879452757485,2.0643063630396155,,1,TF_RANDOM_R1,CRUXEval,sample_202,0.9743046345200578,424.1994360820715,4.22899628668131e-07,1.1954491046774337e-07,-2.349821308200717e-06,0
1.0000667710047697,1.0475582888018424,1.225214464515378,1.483696929572974,2.0087272808729155,,3,TF_RANDOM_R1,CRUXEval,sample_202,0.9664506844619255,518.9926647841426,4.6686154465327424e-08,7.50366758530564e-09,3.564171890957368e-08,0
1.000172886760468,1.0515231663982898,1.2478770786099767,1.520558938939235,2.0624059475881915,,7,TF_RANDOM_R1,CRUXEval,sample_202,0.968468890711624,349.7407374314351,1.1889507903545152e-05,3.3297214158019614e-06,-4.2908882491587974e-05,0
0.9998436238388563,1.0623178910571136,1.165991970777759,1.3132313633036048,1.6684004077806587,,PREFILL,TF_RANDOM_R2,CRUXEval,sample_202,0.9940455566824717,314.84774314570194,2.329294535287674e-06,6.476476395613599e-07,-7.946748645792923e-06,0
1.0000232643246232,1.0944460929351598,1.315416989213768,1.507391540833202,1.9042962784804716,,0,TF_RANDOM_R2,CRUXEval,sample_202,0.9879020416599985,345.1869611842355,-3.132564108725234e-15,3.883616096670618e-16,7.105427357601002e-15,0
0.9998987478941675,1.1007874644578972,1.3235313749059225,1.5318795642388998,1.9292739469602214,,1,TF_RANDOM_R2,CRUXEval,sample_202,0.9689094408492372,465.4704807674533,2.4670570707657375e-07,5.962944342406453e-08,1.6974628991306417e-06,0
1.0000464990749522,1.063148416427942,1.198386124781218,1.4765655765390433,2.00953503930718,,3,TF_RANDOM_R2,CRUXEval,sample_202,0.9806645893575396,397.90811029956103,7.318085223998741e-08,2.192825394248704e-08,-1.3754024763557027e-07,0
0.9998896255257497,1.063423646859694,1.238124798957534,1.4742455321403987,2.0472166583897518,,7,TF_RANDOM_R2,CRUXEval,sample_202,0.9755906595497555,312.96656154338507,3.436095886814261e-06,7.407264258300397e-07,-1.5602853501661684e-05,0
0.9999873986026384,1.056744435829653,1.1564686079943318,1.2930991538639873,1.6863685107433042,,PREFILL,TF_RANDOM_R3,CRUXEval,sample_202,0.9933853109233196,332.31819747442455,8.94915055023574e-06,2.6110939794017047e-06,-1.9273486145721108e-05,0
1.0001216611531984,1.098435764661153,1.2673842108905695,1.491769212026277,1.998236869068236,,0,TF_RANDOM_R3,CRUXEval,sample_202,0.9854608032898855,371.14518857358087,4.937748475443304e-15,1.5899397643026931e-15,-7.105427357601002e-15,0
1.0000424446889888,1.1104005695152472,1.3133182207259766,1.5519933730037598,1.967504935340846,,1,TF_RANDOM_R3,CRUXEval,sample_202,0.9738314438166179,439.6593295712781,2.8985007419042605e-06,8.080426794318709e-07,-8.826407459139318e-06,0
0.9999268946890294,1.0599714151807453,1.2834211786312217,1.5149019789547187,2.0236767375478233,,3,TF_RANDOM_R3,CRUXEval,sample_202,0.982070030210213,374.947648358905,4.054342314446678e-08,1.2079315206464014e-08,-8.570793141871036e-08,0
0.9999886461060118,1.0695415593406745,1.2759683595717628,1.5030276180951945,2.096719307562636,,7,TF_RANDOM_R3,CRUXEval,sample_202,0.9676473745924695,363.0727588500973,6.740606010624992e-05,1.105001869507066e-05,5.130372161943342e-05,0
0.0,0.0,0.0,0.0,0.0,,PREFILL,TF_BASELINE,CRUXEval,sample_682,1.0000000000000002,0.0,0.0,0.0,0.0,0
0.0,0.0,0.0,0.0,0.0,,0,TF_BASELINE,CRUXEval,sample_682,1.0,0.0,0.0,0.0,0.0,0
0.0,0.0,0.0,0.0,0.0,,1,TF_BASELINE,CRUXEval,sample_682,1.0,0.0,0.0,0.0,0.0,0
0.0,0.0,0.0,0.0,0.0,,3,TF_BASELINE,CRUXEval,sample_682,0.9999999999999998,0.0,0.0,0.0,0.0,0
1.6753984338915593,1.9648985889180104,2.8377043440768217,3.676060605455569,6.170260217534368,,PREFILL,TF_TEXTUAL_CAREFUL,CRUXEval,sample_682,0.6707462256815218,2063.416701935834,15.875053235754221,0.6931357454128568,-15.875278728027347,1
1.0626774839044906,1.2513297001337294,1.5064788361776522,1.786347953285761,2.3893954502397925,,0,TF_TEXTUAL_CAREFUL,CRUXEval,sample_682,0.958175534325703,499.2267268139403,5.499594596867126e-13,1.8532124259472184e-13,-6.181721801112872e-13,0
0.452471188842314,0.5324639510105542,0.714915802582728,0.9439122779070982,2.1578879845316896,,1,TF_TEXTUAL_CAREFUL,CRUXEval,sample_682,0.9841498337949414,442.69239157134325,0.24848768755074133,0.06908068552303143,-0.26267685486720893,1
0.4384744348998652,0.4930210520871708,0.6198321090601429,0.8335159482900301,1.8778033612158291,,3,TF_TEXTUAL_CAREFUL,CRUXEval,sample_682,0.9876394143899718,262.85204880496747,0.059892316190394555,0.01393458689528378,0.10970238987064462,0
1.000111837064133,1.152905036639309,1.5368337120104378,2.002471207393333,3.586531342734,0.8263215870928549,PREFILL,TF_MEANINGFUL_L27_D75,CRUXEval,sample_682,0.9630054772935354,793.6358567284672,1.0798828804079523,0.31389850085669635,-1.0799597593509276,1
0.9997768824083805,1.133136474433032,1.381490069757346,1.607238436142237,2.4677445877291233,0.13884314174759663,0,TF_MEANINGFUL_L27_D75,CRUXEval,sample_682,0.9613546955982187,480.7340290995623,2.6223141129818345e-13,8.320902289423464e-14,-3.339550858072471e-13,0
0.9998982800804025,1.1266955365473066,1.4694856830192646,1.8633235895609996,7.637028526330566,0.3303962239843633,1,TF_MEANINGFUL_L27_D75,CRUXEval,sample_682,0.9545671533423103,896.830830212162,1.111707093392299,0.19273886219076464,0.7713076378438117,1
1.0001927688454813,1.1058999671888938,1.3424884361678155,1.7336513836011789,3.639343462418542,0.0716751269427376,3,TF_MEANINGFUL_L27_D75,CRUXEval,sample_682,0.9600711550832668,466.11566857510974,0.30703225585674304,0.08288792069836981,-0.6059155714575226,0
1.0001286783596737,1.0685677270198293,1.1977704818664545,1.3624190178747104,1.8097213324273431,,PREFILL,TF_RANDOM_R0,CRUXEval,sample_682,0.9920103670020262,407.2531366297998,1.3365943374145144e-05,2.446760442345052e-06,1.5479700103071536e-05,0
1.0000473567335215,1.1287235092186585,1.3330563750375275,1.528984108909283,1.947240958357415,,0,TF_RANDOM_R0,CRUXEval,sample_682,0.97072952850829,418.43980383021176,3.9574241695851285e-14,7.923634458982095e-15,-1.4210854715202004e-14,0
1.0000988162476734,1.0984903429337385,1.2985629847325122,1.6117077729152949,2.6690867981171946,,1,TF_RANDOM_R0,CRUXEval,sample_682,0.9871749527934832,391.8480277197595,0.1957973453049728,0.04576595581943259,-0.9542454252175077,0
1.000020925255798,1.0655872075539403,1.2137690888783752,1.508958872883933,2.2688959806465183,,3,TF_RANDOM_R0,CRUXEval,sample_682,0.9788445563905609,350.0669022058906,0.0521669813638395,0.011592474684488561,0.12907654109020328,0
1.000000497388059,1.0645481931818357,1.191430123940208,1.3622632358909594,1.771521063817288,,PREFILL,TF_RANDOM_R1,CRUXEval,sample_682,0.9912072798041993,390.12069910520904,2.8004296399448428e-06,8.21772289071993e-07,-2.258323846149324e-06,0
0.9999096635486846,1.0762660703369615,1.2263706662356193,1.3968766204267018,1.7617462511351638,,0,TF_RANDOM_R1,CRUXEval,sample_682,0.9796703012639957,359.5977263100182,2.3804072107035392e-14,6.646353774622872e-15,-4.973799150320701e-14,0
1.000065757408279,1.0835992850104974,1.2569652966229765,1.5497737526266724,2.4474071639845847,,1,TF_RANDOM_R1,CRUXEval,sample_682,0.9875480022204315,394.37746425759417,0.36268724085339477,0.07245612033844699,-1.5324665649371738,0
1.0002436046079464,1.047780968153991,1.179097071684084,1.4398091371457546,2.504301894396436,,3,TF_RANDOM_R1,CRUXEval,sample_682,0.9751879092580003,369.2948565178808,0.16259720802289487,0.042288153511322736,-0.4242429331657114,0
0.9998986699252067,1.0631305615359103,1.174407784472507,1.3475578220634696,1.7353799554629195,,PREFILL,TF_RANDOM_R2,CRUXEval,sample_682,0.9925383626025667,338.6872807173291,3.6148814511333315e-06,1.0127753910124398e-06,-1.2702422679922165e-05,0
1.0001017790681852,1.0928361898318122,1.2911778427310594,1.477890269183652,1.8530115707387131,,0,TF_RANDOM_R2,CRUXEval,sample_682,0.9759693828764066,387.7476183312737,9.714452536650648e-14,2.788946210452267e-14,-1.2079226507921703e-13,0
1.0000355054514745,1.0988665431697735,1.331002984484943,1.6732993535279246,2.838348991445016,,1,TF_RANDOM_R2,CRUXEval,sample_682,0.9827726799214281,452.81239533904346,0.1174320462822889,0.02870904417701252,0.4513465313840257,1
0.9999930903367794,1.0544612707494838,1.205888298192886,1.4564706362627056,2.451048938207326,,3,TF_RANDOM_R2,CRUXEval,sample_682,0.9779737075037404,353.42160688343745,1.134248204789113,0.23834876986572112,-1.8588788391774251,1
1.0000227185418973,1.0651145597133507,1.1794731159821974,1.3265069823272788,1.7370684512787904,,PREFILL,TF_RANDOM_R3,CRUXEval,sample_682,0.9921267676113913,349.3893246897429,5.780617828755591e-06,1.6474913847737311e-06,-1.7787973106919708e-05,0
1.0000338681032968,1.0909313301496206,1.253448350706534,1.4419100887644496,1.8575220751230928,,0,TF_RANDOM_R3,CRUXEval,sample_682,0.9771922610853122,370.514015864341,1.1374548325330814e-13,3.3145903533321294e-14,-1.5631940186722204e-13,0
0.9998082259306366,1.1067275297392103,1.2887889517399962,1.5560012894665887,2.6650639116138852,,1,TF_RANDOM_R3,CRUXEval,sample_682,0.9861315034803197,409.1138396037263,0.06187966093702028,0.015806482447775428,0.13686258755310377,1
0.9999484920911811,1.0669447251310609,1.18524531409083,1.4451554687902994,2.2242468992856934,,3,TF_RANDOM_R3,CRUXEval,sample_682,0.9822389365377563,312.90665856412744,0.03446237800676617,0.009837869759863657,-0.11476078223794417,0
0.0,0.0,0.0,0.0,0.0,,PREFILL,TF_BASELINE,CRUXEval,sample_189,1.0,0.0,0.0,0.0,0.0,0
0.0,0.0,0.0,0.0,0.0,,0,TF_BASELINE,CRUXEval,sample_189,1.0,0.0,0.0,0.0,0.0,0
0.0,0.0,0.0,0.0,0.0,,1,TF_BASELINE,CRUXEval,sample_189,0.9999999999999998,0.0,0.0,0.0,0.0,0
0.0,0.0,0.0,0.0,0.0,,3,TF_BASELINE,CRUXEval,sample_189,1.0,0.0,0.0,0.0,0.0,0
1.5913061027470272,1.8627388223547274,2.5330414092986153,3.2937410534981795,5.745818402298936,,PREFILL,TF_TEXTUAL_CAREFUL,CRUXEval,sample_189,0.6961303020273263,2215.309348550442,11.579590839338154,0.6930835857092215,-11.579661758090985,1
1.0349522672138307,1.160642520374781,1.402396043164303,1.7226736657912722,2.5095771183486977,,0,TF_TEXTUAL_CAREFUL,CRUXEval,sample_189,0.9660938524827735,463.90905542636744,1.3730910525361424e-12,4.659612550418519e-13,-1.4637180356658064e-12,0
0.4780905028852661,0.5570886929890786,0.7454599870524241,1.0353591872204353,1.9177616739548211,,1,TF_TEXTUAL_CAREFUL,CRUXEval,sample_189,0.9918498221476292,301.3065157659869,0.0026275603084865732,0.0008082461077696531,-0.0045713652001495575,0
0.5447788364988034,0.5953500892644293,0.7275798330776021,0.9390921587792377,1.4817807643914613,,3,TF_TEXTUAL_CAREFUL,CRUXEval,sample_189,0.9919404894703848,228.33893714731303,0.007792252478697209,0.0019417395253388402,0.11720777834160145,1
1.000005721308435,1.1634566540782454,1.5122825337464625,1.9549268266408135,3.8762624418224485,0.8922333826389484,PREFILL,TF_MEANINGFUL_L27_D75,CRUXEval,sample_189,0.9657149438045535,912.7745945613163,1.2590858469583646,0.35397161943841426,-1.2591214671141913,1
0.9999597196215415,1.1273917213986138,1.3891272854091825,1.6057389370874333,2.847763587528077,-0.09336726173683751,0,TF_MEANINGFUL_L27_D75,CRUXEval,sample_189,0.9402507236612978,603.0964413542354,2.354601514219292e-12,7.937694247127481e-13,-2.5721647034515627e-12,0
0.9999444377052176,1.125110739449348,1.3682585811655055,1.7233848986520208,2.7091400770504848,0.02367145829331778,1,TF_MEANINGFUL_L27_D75,CRUXEval,sample_189,0.98777911800221,363.59601439272956,0.0005541053872499157,0.00016033337459916497,-0.001558985555945469,0
0.9999417087915884,1.099896045328656,1.2789781173979655,1.5857104263657282,2.6771154179524292,0.2345542784929419,3,TF_MEANINGFUL_L27_D75,CRUXEval,sample_189,0.9721678576049357,464.56951449427527,0.1837820907187814,0.04246536101786168,0.4412178446787536,1
1.000129536018243,1.0653347440587524,1.1798153217513079,1.3410605126190596,1.7969805804750063,,PREFILL,TF_RANDOM_R0,CRUXEval,sample_189,0.9933134834871185,393.01854927814924,3.1503838368691297e-06,5.991024278318365e-07,4.8154476388617695e-06,0
0.9999487259980636,1.1064273492399905,1.318610753787544,1.5247681712589432,2.006521538970857,,0,TF_RANDOM_R0,CRUXEval,sample_189,0.9719413149033632,411.48107951573144,3.182462674409285e-14,8.71676842794146e-15,7.105427357601002e-15,0
0.9999583161802464,1.09578770484427,1.2615781742529342,1.571576213145325,2.279581782667054,,1,TF_RANDOM_R0,CRUXEval,sample_189,0.9892041129036532,342.08665225342247,0.0014412418684863688,0.0004190262400365453,-0.0031961777258544544,0
1.0001303936768122,1.0803288769482189,1.2579491089708088,1.5217649628254508,2.2005575899148027,,3,TF_RANDOM_R0,CRUXEval,sample_189,0.9819844785124628,339.8953689495573,0.12011451125898623,0.02853525761623725,0.3798854923738304,1
0.9999217487376143,1.0589958675427618,1.1774718086954514,1.3499414891341568,1.7638275545757278,,PREFILL,TF_RANDOM_R1,CRUXEval,sample_189,0.9927643894860515,382.3047994903263,1.7173059560832011e-06,5.066370754095275e-07,-4.2504662900455514e-06,0
0.999893757880674,1.0740679693930646,1.2436987999677205,1.4453154610979355,1.867576952312541,,0,TF_RANDOM_R1,CRUXEval,sample_189,0.9790702538274653,344.7366305195547,1.771405122270121e-13,5.3212119940712885e-14,-2.7000623958883807e-13,0
1.0000234202625449,1.0866877135181836,1.2754890064005413,1.5534501450680251,2.1963124918731096,,1,TF_RANDOM_R1,CRUXEval,sample_189,0.9915045022236484,298.3179459640104,0.0003082900261620411,7.417390032671986e-05,-0.0006925171600116187,0
0.999966658859056,1.0613068675419495,1.2229387844554491,1.5265129606645376,2.14574182387469,,3,TF_RANDOM_R1,CRUXEval,sample_189,0.9831434081837398,328.8384943927029,0.6357425436923503,0.11944581024463422,-1.8857425462535673,0
0.9999357831505647,1.0659566244903826,1.1722352573477643,1.3268366350936946,1.702524615056114,,PREFILL,TF_RANDOM_R2,CRUXEval,sample_189,0.9937234486211177,340.2557238411879,2.1436844139788436e-06,6.116611001092458e-07,-6.525920781541572e-06,0
1.000275337975007,1.0845265698617232,1.2825450414183042,1.4682091751924529,1.9188975257762841,,0,TF_RANDOM_R2,CRUXEval,sample_189,0.9793485130004302,342.8660810938475,9.362908660925125e-14,2.737367658225164e-14,-1.0658141036401503e-13,0
0.9997740755257903,1.0980883349716664,1.3211074758514438,1.6052722148878673,2.3684202403956127,,1,TF_RANDOM_R2,CRUXEval,sample_189,0.9892323925410843,336.43833384352723,0.00028941967596325083,7.093258147596828e-05,-0.0007134138319528915,0
1.0000586622328427,1.0535051373827482,1.2108109465042463,1.4728129304539925,2.1931754887028223,,3,TF_RANDOM_R2,CRUXEval,sample_189,0.9821929529849512,357.859620393178,0.007792241069500718,0.0019417373968250713,-0.13279223411058894,0
1.0000032263016883,1.0620950557670434,1.1675262439890957,1.3119673305105268,1.7508165622051322,,PREFILL,TF_RANDOM_R3,CRUXEval,sample_189,0.9924443524278418,373.12283685746286,2.7908608264106846e-06,7.953160273811527e-07,-8.08335893509593e-06,0
1.0000230304177407,1.0921545072072203,1.3054455388124144,1.5386599010111455,2.0410536798494077,,0,TF_RANDOM_R3,CRUXEval,sample_189,0.9734814565102768,406.2221819904774,1.6294563138645477e-13,5.076979488630476e-14,-2.1316282072803006e-13,0
1.0001079386160914,1.1210781068259341,1.3878475028860155,1.6827208108795388,2.4995722972321066,,1,TF_RANDOM_R3,CRUXEval,sample_189,0.9891051514566934,337.2885046088854,0.00691044081614742,0.0021773690229471743,-0.009725854568053194,0
1.0001368651005615,1.0794391731361161,1.2519849512805976,1.5347464829288502,2.293487390894285,,3,TF_RANDOM_R3,CRUXEval,sample_189,0.980821379708859,350.6737512746537,0.342076964907793,0.07363825061372115,-1.2170769642458978,0
0.0,0.0,0.0,0.0,0.0,,PREFILL,TF_BASELINE,CRUXEval,sample_410,1.0,0.0,0.0,0.0,0.0,0
0.0,0.0,0.0,0.0,0.0,,0,TF_BASELINE,CRUXEval,sample_410,1.0,0.0,0.0,0.0,0.0,0
0.0,0.0,0.0,0.0,0.0,,1,TF_BASELINE,CRUXEval,sample_410,1.0000000000000002,0.0,0.0,0.0,0.0,0
0.0,0.0,0.0,0.0,0.0,,3,TF_BASELINE,CRUXEval,sample_410,1.0,0.0,0.0,0.0,0.0,0
0.0,0.0,0.0,0.0,0.0,,7,TF_BASELINE,CRUXEval,sample_410,1.0,0.0,0.0,0.0,0.0,0
0.0,0.0,0.0,0.0,0.0,,15,TF_BASELINE,CRUXEval,sample_410,1.0000000000000002,0.0,0.0,0.0,0.0,0
0.0,0.0,0.0,0.0,0.0,,31,TF_BASELINE,CRUXEval,sample_410,1.0,0.0,0.0,0.0,0.0,0
1.7843910883066916,2.121261441427154,3.007687594354458,3.988111723024701,6.526813522942109,,PREFILL,TF_TEXTUAL_CAREFUL,CRUXEval,sample_410,0.715058094288188,2088.4929518981507,18.02471488529458,0.6931441108510699,-18.024895382940727,1
0.9936925745495203,1.1194561185336567,1.4231992534808775,1.6469668963846833,2.3360116621343994,,0,TF_TEXTUAL_CAREFUL,CRUXEval,sample_410,0.9795590297769915,448.5278271442672,3.328850198023259e-14,9.904186429438443e-15,-4.263256414560601e-14,0
0.59438148086396,0.7236321086525389,0.944807751422303,1.2843520500546461,2.2829873109384615,,1,TF_TEXTUAL_CAREFUL,CRUXEval,sample_410,0.9497405649500998,648.8518072457365,2.58486964067408e-07,8.46049031382987e-08,-2.6559101939938046e-07,0
0.41558403448618336,0.4918713997596396,0.6008631575317224,0.8292545547355225,1.3545163958801871,,3,TF_TEXTUAL_CAREFUL,CRUXEval,sample_410,0.9852484698181511,283.60256215079534,5.7728795403569236e-12,1.3943770479578408e-12,-5.400124791776761e-13,0
0.42307965850514123,0.49792607941338196,0.761805166095262,0.9707623709813316,2.1370512475619554,,7,TF_TEXTUAL_CAREFUL,CRUXEval,sample_410,0.9939849784470297,436.40777387051276,2.2978857510321824e-08,7.407025089999054e-09,-2.9595291550776892e-08,0
0.3364423035254713,0.37713535676690385,0.48261344331889905,0.6056074128606891,1.005661355820617,,15,TF_TEXTUAL_CAREFUL,CRUXEval,sample_410,0.9988948348136852,164.58096540743034,6.296602157540381e-14,1.1763179936039494e-14,9.947598300641403e-14,0
0.7787454042472026,0.8609219600550262,0.9805927755325322,1.245449826890182,1.9295825481072115,,31,TF_TEXTUAL_CAREFUL,CRUXEval,sample_410,0.9726430793122801,317.055889434045,8.232785213360705e-09,1.9702924910843556e-09,5.23222354331665e-10,0
1.000015779304383,1.158610259410583,1.518114767954939,1.9787998308834347,3.6634442919647268,0.8187726812784681,PREFILL,TF_MEANINGFUL_L27_D75,CRUXEval,sample_410,0.9743457240641082,709.6298553518739,1.3014110384803435,0.3629412586049887,-1.3014740611409152,1
0.9999725845000795,1.1353705190678742,1.398604412598834,1.6127556757489347,2.2983743294215824,0.1810334326781262,0,TF_MEANINGFUL_L27_D75,CRUXEval,sample_410,0.9822255751199152,428.6845923650464,7.042508133018985e-16,1.041966574770202e-15,-1.4210854715202004e-14,0
0.9996649969495803,1.1727532051546,1.456563263388179,1.7650993842648894,2.692092007825708,0.3638482708044992,1,TF_MEANINGFUL_L27_D75,CRUXEval,sample_410,0.9659860492601993,546.0454500308351,7.214064449464178e-07,2.3341704138922752e-07,-9.198065242799203e-07,0
0.9999770287308472,1.1622425214201026,1.4758842837592558,1.905721083270794,2.9462171775069677,0.6980144555604988,3,TF_MEANINGFUL_L27_D75,CRUXEval,sample_410,0.9102812290362996,647.7545157818943,7.960089946527332e-09,2.7385904597084905e-09,-8.15862932768141e-09,0
0.9999991719157247,1.1152521881032855,1.4529980546849788,1.7310213346142491,4.327781629652951,-0.721900191254432,7,TF_MEANINGFUL_L27_D75,CRUXEval,sample_410,0.9029861527053732,1450.646625644311,6.303927924489743e-07,2.1675266687261092e-07,-6.449489475812697e-07,0
1.0000461871991089,1.113799782300827,1.3828808800807437,1.6997155493351042,5.7021426854451915,-0.24129669411179436,15,TF_MEANINGFUL_L27_D75,CRUXEval,sample_410,0.9663512703008438,1771.4369873784237,3.5060898708138376e-09,1.2150330934538122e-09,-3.5074876336693706e-09,0
1.0001678967469745,1.1197366508547457,1.3382266527685036,1.6326798640010411,3.2401330266614212,0.4144418878797836,31,TF_MEANINGFUL_L27_D75,CRUXEval,sample_410,0.9602108564441816,382.9988339750781,7.837129323325147e-08,2.5239541576764267e-08,-1.0951354312283001e-07,0
0.9999892698576985,1.0669965744900172,1.186863559872987,1.3570477361626982,1.8436008731036941,,PREFILL,TF_RANDOM_R0,CRUXEval,sample_410,0.9937334320186989,359.37862067358816,7.384966335745196e-06,1.4026790681779447e-06,1.0499525295415424e-05,0
1.0000588181707644,1.11890542376327,1.3182457031129087,1.5477994226003757,2.1258750207777593,,0,TF_RANDOM_R0,CRUXEval,sample_410,0.9843706370263368,394.49420094621325,6.972053684298096e-14,2.2314621824677493e-14,-1.2079226507921703e-13,0
1.0001667272125618,1.130454498118185,1.429249177028009,1.7387273188895433,2.5445851817641936,,1,TF_RANDOM_R0,CRUXEval,sample_410,0.978175066597089,432.04714151103263,1.239845912931574e-07,1.695944553656159e-08,6.363231364048261e-08,0
1.0002793923609703,1.1193470399574468,1.3695339974268654,1.737814926109837,2.257267533889472,,3,TF_RANDOM_R0,CRUXEval,sample_410,0.9738444547439534,422.87792427360483,6.387192179106845e-12,1.7630698222198552e-12,-1.695354967523599e-11,0
1.0000821308900545,1.0791520134533559,1.3263565022328647,1.6003328812188882,2.2082303594127803,,7,TF_RANDOM_R0,CRUXEval,sample_410,0.980397520720183,640.6160149636312,1.9009851143686746e-09,5.458841091986114e-10,-4.547558773992932e-09,0
1.0001348379075798,1.0764281678065402,1.2843727118292678,1.5969616592902485,2.007328673653434,,15,TF_RANDOM_R0,CRUXEval,sample_410,0.993813803449767,416.6797743832689,1.964036024570676e-14,6.108330316864474e-15,-6.394884621840902e-14,0
1.000121427246316,1.0753393312684612,1.213272504566809,1.4138033699484176,1.897852611681117,,31,TF_RANDOM_R0,CRUXEval,sample_410,0.9834950617520023,246.37534560156075,1.6202692153269168e-09,4.3523842439590323e-10,-1.4979306683926552e-09,0
0.9999403053502933,1.0620169308682856,1.1773956330207145,1.3484117381225487,1.7679488379076125,,PREFILL,TF_RANDOM_R1,CRUXEval,sample_410,0.9934004273711224,355.2922135313984,1.2188895194573039e-06,3.6071347042464593e-07,-3.5549942154489145e-06,0
0.9998717706337182,1.0796875042763796,1.222979328315084,1.4237832409975415,1.8038285943052579,,0,TF_RANDOM_R1,CRUXEval,sample_410,0.9857138486651719,398.56909896426106,1.1343366501418025e-13,3.8042689113880134e-14,-1.7763568394002505e-13,0
1.000134214155893,1.1199647880341528,1.3310263751731937,1.6813516759272535,2.4465117684383406,,1,TF_RANDOM_R1,CRUXEval,sample_410,0.9777152316675167,436.8238719003725,7.5063497517111165e-06,2.5644094460754415e-06,-7.840890781096732e-06,0
1.000056167226096,1.1125197658707775,1.34840628029529,1.6759471794379253,2.2239721366677063,,3,TF_RANDOM_R1,CRUXEval,sample_410,0.9816430753375371,324.06313524375275,2.5506250780141508e-11,7.499104263448021e-12,-5.1109338983224006e-11,0
1.000250076031696,1.081728575733152,1.286537208151044,1.554075144258089,2.191533150511767,,7,TF_RANDOM_R1,CRUXEval,sample_410,0.9909650681447089,382.29697451525215,1.650862708179323e-08,5.251602075717608e-09,-2.24634177925509e-08,0
0.9999548075770088,1.078599057583105,1.2532403295190226,1.5501804387263944,2.3311755593695676,,15,TF_RANDOM_R1,CRUXEval,sample_410,0.9947941218236613,388.41288086575594,1.815527434520072e-12,5.978120638092373e-13,-2.1174173525650986e-12,0
1.0000107113219285,1.0656884112651057,1.2076787774095306,1.4479236787758312,1.8332648398414702,,31,TF_RANDOM_R1,CRUXEval,sample_410,0.981225151774371,262.96966738337414,2.0169527088465504e-09,5.70768495266375e-10,-3.0892266522641876e-09,0
0.9999396036296457,1.0664266213863038,1.1730847291760758,1.335490410056915,1.7199701700432346,,PREFILL,TF_RANDOM_R2,CRUXEval,sample_410,0.9941164730693176,319.92495732630493,6.0720003780687206e-06,1.7266343413111496e-06,-1.7399556732300425e-05,0
1.0000093078806334,1.0896622293740883,1.3101186864490983,1.4976881477192034,1.921649518217962,,0,TF_RANDOM_R2,CRUXEval,sample_410,0.9874576420940581,351.07692323821794,9.648524888315169e-15,9.728218494473915e-16,0.0,0
1.0002032166862334,1.1212730292280249,1.3941082545032484,1.6735200056870914,2.259163115265324,,1,TF_RANDOM_R2,CRUXEval,sample_410,0.9792471294438109,414.30549625777803,9.85813803393286e-08,2.9371013408160888e-08,-1.9121669936339458e-07,0
1.0001649339264627,1.1454311659604244,1.3962809375659124,1.7705143285949698,2.7830880226385286,,3,TF_RANDOM_R2,CRUXEval,sample_410,0.9771277139893157,398.8324748865608,1.3034817872502548e-10,1.2164045497818769e-11,3.885247679136228e-11,0
1.0000140639872444,1.0786164446613715,1.289544938784265,1.528388426048494,2.2006503729781977,,7,TF_RANDOM_R2,CRUXEval,sample_410,0.9877713425417121,419.9273934868866,2.4448370378268493e-09,4.2533980986791676e-10,2.186666847592278e-09,0
0.999886662705238,1.0716176388608625,1.2442754584020657,1.5199325363078762,1.988255126764052,,15,TF_RANDOM_R2,CRUXEval,sample_410,0.9936901038877275,394.13398323128195,1.4495558309756348e-13,1.666872278274701e-14,1.0658141036401503e-13,0
1.0000732424285192,1.0653165772908775,1.2089970765993507,1.4182277966000338,1.8686827081151214,,31,TF_RANDOM_R2,CRUXEval,sample_410,0.9828843563766861,252.316820545879,3.3882016120467086e-09,8.929615292544546e-10,-3.115950164556125e-09,0
0.999880893002136,1.0602510118743043,1.1664027112634447,1.3180356547324157,1.7515360597757295,,PREFILL,TF_RANDOM_R3,CRUXEval,sample_410,0.9934049426328508,338.50705884083663,6.611879389165552e-06,1.8714662635269518e-06,-1.873228507776048e-05,0
1.0000291119966858,1.0936618811270684,1.2540581459492346,1.4673834838971964,1.9244587398768935,,0,TF_RANDOM_R3,CRUXEval,sample_410,0.9835461521077653,420.3037794795424,2.7955033971055386e-14,6.909960102845342e-15,-4.973799150320701e-14,0
1.0001020129750677,1.1185392815231827,1.3434265587045977,1.6267239710206782,2.188177522375294,,1,TF_RANDOM_R3,CRUXEval,sample_410,0.978849170012197,421.00709668710476,3.554313846838838e-07,1.1530545963479136e-07,-4.761413308074225e-07,0
1.0000082942841426,1.1381495667389623,1.4664308591336987,1.8162825764196389,2.4091836606242003,,3,TF_RANDOM_R3,CRUXEval,sample_410,0.9758101269534559,343.89993882546986,7.52045092263207e-11,2.1350516689928598e-11,-7.056399908833555e-11,0
1.0001187763016475,1.0751568839001042,1.3112369172854126,1.6101051988942658,2.2324216329535354,,7,TF_RANDOM_R3,CRUXEval,sample_410,0.9867253088261153,456.1652892525253,5.2446851141614095e-09,1.582032275858841e-09,-9.214545571012422e-09,0
0.9999836560925183,1.0842631907120184,1.2774259113256365,1.5658317719867503,2.136854142028961,,15,TF_RANDOM_R3,CRUXEval,sample_410,0.992832791419169,580.7495635309965,9.616554706727007e-13,3.23177686738115e-13,-1.1226575225009583e-12,0
0.9998692756269715,1.079058138824509,1.2317648708221174,1.450729937614251,2.0147040695347824,,31,TF_RANDOM_R3,CRUXEval,sample_410,0.9816957612365356,263.50094346027447,1.3348884406674306e-08,3.831662967880012e-09,-3.319661345813074e-08,0
0.0,0.0,0.0,0.0,0.0,,PREFILL,TF_BASELINE,CRUXEval,sample_491,1.0000000000000002,0.0,0.0,0.0,0.0,0
0.0,0.0,0.0,0.0,0.0,,0,TF_BASELINE,CRUXEval,sample_491,1.0000000000000002,0.0,0.0,0.0,0.0,0
0.0,0.0,0.0,0.0,0.0,,1,TF_BASELINE,CRUXEval,sample_491,1.0000000000000002,0.0,0.0,0.0,0.0,0
0.0,0.0,0.0,0.0,0.0,,3,TF_BASELINE,CRUXEval,sample_491,1.0,0.0,0.0,0.0,0.0,0
0.0,0.0,0.0,0.0,0.0,,7,TF_BASELINE,CRUXEval,sample_491,1.0,0.0,0.0,0.0,0.0,0
0.0,0.0,0.0,0.0,0.0,,15,TF_BASELINE,CRUXEval,sample_491,1.0,0.0,0.0,0.0,0.0,0
0.0,0.0,0.0,0.0,0.0,,31,TF_BASELINE,CRUXEval,sample_491,1.0000000000000002,0.0,0.0,0.0,0.0,0
1.6863895623627299,1.9760493978209737,2.8100437636546953,3.700697237700621,6.1193439911015215,,PREFILL,TF_TEXTUAL_CAREFUL,CRUXEval,sample_491,0.6537631492572776,2171.0560884343117,15.795435438840489,0.6931442183405657,-15.795568045969077,1
1.01484399424519,1.1439764990581016,1.5473512570134886,1.8100583142760776,2.5266916171281073,,0,TF_TEXTUAL_CAREFUL,CRUXEval,sample_491,0.9776247159757322,483.00769930979436,1.778137269099256e-15,7.298770740884581e-16,7.105427357601002e-15,0
0.48302398888218256,0.561213017110436,0.7083260219507662,0.9911425996853693,1.8473731673668758,,1,TF_TEXTUAL_CAREFUL,CRUXEval,sample_491,0.9437144230572421,629.0276140250188,1.1524069903985108e-08,3.3507181714343325e-09,-2.486916628186009e-08,0
0.4169702056564114,0.480257104368985,0.6151005236873119,0.8099774308893966,1.4405178749997567,,3,TF_TEXTUAL_CAREFUL,CRUXEval,sample_491,0.9905594098157239,425.1989858417389,1.1408084871310742e-13,2.8027773561592254e-14,-5.684341886080802e-14,0
0.3206967447759448,0.34707613923360947,0.43637781055849684,0.5903010142830731,1.8363536581939608,,7,TF_TEXTUAL_CAREFUL,CRUXEval,sample_491,0.9607868082038304,575.6069100596436,1.2140094733884515e-10,4.0328645756061056e-11,-1.688107431618846e-10,0
0.36073992672880695,0.40303648961879873,0.47067292579610537,0.5628624504769277,0.9467726472043384,,15,TF_TEXTUAL_CAREFUL,CRUXEval,sample_491,0.9943785592086276,343.16502205141984,3.8535772241968945e-16,2.830295126495659e-17,0.0,0
0.2262263356070577,0.2535604404979226,0.324604100771535,0.41810091152645934,0.9142370575059225,,31,TF_TEXTUAL_CAREFUL,CRUXEval,sample_491,0.9985632842711105,309.04610785043457,-2.5028894742081873e-19,7.618191948326763e-20,0.0,0
1.0000001075432547,1.1595643655843368,1.5259339631613673,1.986268633579865,3.7258958702153806,0.8540615014991814,PREFILL,TF_MEANINGFUL_L27_D75,CRUXEval,sample_491,0.9668058226906918,788.4361063505531,0.85201543491188,0.25802490169372,-0.852061169604653,1
0.9998889238051022,1.1358542385009025,1.4149627683960533,1.6335827445675253,2.3985907976049816,0.26914794501015143,0,TF_MEANINGFUL_L27_D75,CRUXEval,sample_491,0.9821296851011733,435.5557924963523,3.730551396744214e-15,1.7828829052164948e-15,-1.4210854715202004e-14,0
1.0000401835891246,1.1724170809644345,1.4291515598890419,1.7248864248998061,2.4760896056074317,0.45049140586444564,1,TF_MEANINGFUL_L27_D75,CRUXEval,sample_491,0.9558378464240532,562.093591738682,1.920792668253453e-07,6.32433520130327e-08,-2.2783731168374288e-07,0
0.9998139176647777,1.176654693985887,1.5386793932513545,1.9774250821659691,3.249710421934708,0.8206923057884918,3,TF_MEANINGFUL_L27_D75,CRUXEval,sample_491,0.968574058762356,808.6884084669005,4.736830794141625e-10,1.650864991300615e-10,-4.77740513815661e-10,0
1.0000160911802263,1.1105980648930456,1.4982735386771624,1.844598252050712,3.126251874339775,0.8761698938708153,7,TF_MEANINGFUL_L27_D75,CRUXEval,sample_491,0.9277523871444688,685.1272071754798,8.994876766276145e-10,3.0791972995411236e-10,-9.755041219250415e-10,0
0.9996767702626667,1.1475601864050202,1.4289589765557762,1.7707491711050087,3.5509285320852455,0.7674664004925694,15,TF_MEANINGFUL_L27_D75,CRUXEval,sample_491,0.9031122801401619,1334.460116856222,1.9238504670850952e-11,6.669472843005486e-12,-1.9255708139098715e-11,0
1.0001969012004055,1.114336520627224,1.5005285569624696,1.8071963855996207,4.910304265480594,0.8222556986148642,31,TF_MEANINGFUL_L27_D75,CRUXEval,sample_491,0.9583762601191833,1779.076819364066,2.3383953993833733e-11,8.15225794614737e-12,-2.3383961433864897e-11,0
1.000101857037146,1.0683533903464901,1.1934020369287186,1.3602924924368613,1.841756907179916,,PREFILL,TF_RANDOM_R0,CRUXEval,sample_491,0.9925539044832696,393.3111706155127,7.811261823620353e-06,1.474355322380052e-06,9.717836185529904e-06,0
1.0001834905391418,1.1115874910060581,1.3168319699150248,1.541651570038434,2.0841611589165776,,0,TF_RANDOM_R0,CRUXEval,sample_491,0.9860367880501295,382.03607918474086,3.237966797421103e-14,9.890838970848265e-15,-5.684341886080802e-14,0
0.9999672826107426,1.1309623879290727,1.3906539176623571,1.6718461680358578,2.381994012725525,,1,TF_RANDOM_R0,CRUXEval,sample_491,0.9752990356309624,417.2459230034282,1.4864789404192522e-08,2.3778306282874416e-09,1.030148411018672e-08,0
1.0000103994460852,1.1215881017987643,1.4083333795319866,1.7380924956104142,2.345548513548051,,3,TF_RANDOM_R0,CRUXEval,sample_491,0.9918916007375883,279.5030466048127,2.8234850138952134e-12,9.14582079521483e-13,-3.97193389289896e-12,0
1.000049539864425,1.0552954606614713,1.2523390083317552,1.5254898519604438,2.062981670395007,,7,TF_RANDOM_R0,CRUXEval,sample_491,0.9853115771443284,307.7390186471721,8.206062602268779e-11,2.683677966219843e-11,-1.2228440482431324e-10,0
1.0001716392570945,1.1024030592953862,1.2987759179645562,1.5635376132831031,2.007127981548242,,15,TF_RANDOM_R0,CRUXEval,sample_491,0.9880876878031527,411.02473359830844,5.0313761872909573e-14,1.8261603119426433e-14,-5.684341886080802e-14,0
1.000033322320571,1.072372300432797,1.3284301647152668,1.5743288293386895,2.2018139817497184,,31,TF_RANDOM_R0,CRUXEval,sample_491,0.990762595960495,578.8199682978983,-2.1266041034751235e-19,2.505885137255571e-18,0.0,0
1.000037610613417,1.060786034883563,1.1816682541055825,1.3586735449340566,1.793864005172458,,PREFILL,TF_RANDOM_R1,CRUXEval,sample_491,0.9918622991765137,382.68259747520983,6.292377535575413e-07,1.7903842377376575e-07,8.713948247418557e-07,0
0.9998115785959526,1.0771088368346409,1.2179292787217173,1.413585992485606,1.7761321481611465,,0,TF_RANDOM_R1,CRUXEval,sample_491,0.9873333735935798,387.94992468477517,2.7870435301105853e-14,9.419296329822927e-15,-4.973799150320701e-14,0
1.0001548759305148,1.1052575029516027,1.2966277171555947,1.6058454426879358,2.4340888179703724,,1,TF_RANDOM_R1,CRUXEval,sample_491,0.9746746571441052,439.69148858506776,1.0041334015735497e-06,3.4205327212562894e-07,-1.0576267754913715e-06,0
1.0000645878738663,1.1161570178937907,1.40144014370445,1.7447816086984815,2.308557699458489,,3,TF_RANDOM_R1,CRUXEval,sample_491,0.991647385606881,303.3151582144587,1.9239582093361924e-13,3.721578800994477e-14,8.526512829121202e-14,0
0.9999792118617506,1.0606513045192378,1.2901889624007727,1.5542190749597928,2.134244209033927,,7,TF_RANDOM_R1,CRUXEval,sample_491,0.9848460870049299,275.67354612705407,2.424065700496122e-12,7.497153456369586e-13,-2.0747847884194925e-12,0
1.0000579605121953,1.0864697123036855,1.3044313965388168,1.5645041165216298,2.455938059865527,,15,TF_RANDOM_R1,CRUXEval,sample_491,0.9861886937227066,435.7604296589081,2.7390951301134212e-15,1.0397505311756624e-15,0.0,0
1.0000886023138038,1.0697923075187241,1.3048521950204501,1.5727933086239794,2.2194870501645596,,31,TF_RANDOM_R1,CRUXEval,sample_491,0.9883840504164124,709.1885890777854,-1.5409275988185938e-18,6.003082920828987e-18,0.0,0
0.9998391016391278,1.0663417131879531,1.175994686732408,1.3453876340075521,1.7364810331278497,,PREFILL,TF_RANDOM_R2,CRUXEval,sample_491,0.992952028953212,338.93004967002554,1.3824523859929723e-06,3.881738011962661e-07,-6.214062103993001e-06,0
0.99996143493868,1.090830126438455,1.321196048590954,1.5033404295660697,1.9496689117978572,,0,TF_RANDOM_R2,CRUXEval,sample_491,0.9874223263910801,362.7206980165759,1.0595206240443706e-14,7.952493322960733e-16,0.0,0
0.9998590616931019,1.117008984728849,1.3703450305574847,1.64490243423966,2.275742591035475,,1,TF_RANDOM_R2,CRUXEval,sample_491,0.9749845631778756,437.84634347932354,1.9251135317147425e-09,5.014165965729554e-10,-7.628322862274217e-09,0
0.9999767168550039,1.125582763538251,1.4097068807460786,1.7885081613146914,2.355152262330101,,3,TF_RANDOM_R2,CRUXEval,sample_491,0.9909794546931399,298.40054578212164,5.550311557930527e-13,7.699059702875858e-14,4.121147867408581e-13,0
1.0000948398306708,1.0650918707457473,1.2531617368064998,1.4860024717449032,2.4530996778152425,,7,TF_RANDOM_R2,CRUXEval,sample_491,0.9897624304459479,348.97573126291263,4.1860893295284754e-11,5.3147124961116714e-12,2.013678113144124e-11,0
1.0000553095675269,1.0967956096010008,1.3076545554108283,1.5641269026891038,1.9657757397274187,,15,TF_RANDOM_R2,CRUXEval,sample_491,0.98728595577443,391.7006040689366,5.717325015600733e-15,4.845277567190241e-16,0.0,0
0.9997937237039211,1.0640236180133291,1.2662501523552057,1.4834801758618492,2.093250624432951,,31,TF_RANDOM_R2,CRUXEval,sample_491,0.9858432730712049,749.2476331104929,-1.3909403808521816e-18,6.586128377955386e-17,0.0,0
1.0001388143245824,1.060540744532772,1.1672130426734162,1.3216286203856737,1.7517500066042644,,PREFILL,TF_RANDOM_R3,CRUXEval,sample_491,0.992512599764506,350.4908525051193,6.0258939369214975e-06,1.7256052518414266e-06,-1.641738797530934e-05,0
1.0000051755257091,1.0883413572085607,1.2492468373139485,1.4626244144656708,1.920073921457382,,0,TF_RANDOM_R3,CRUXEval,sample_491,0.9856760704497093,397.00808597384645,6.23330374976973e-15,1.0817165606281417e-15,-7.105427357601002e-15,0
0.9999888020439335,1.111716061822477,1.3221616162019505,1.625413468726942,2.322181995675023,,1,TF_RANDOM_R3,CRUXEval,sample_491,0.9739481546870867,428.50251642426804,6.288635602202081e-09,1.779446863818485e-09,-1.6680694159276754e-08,0
0.9999581602423248,1.1515444782727156,1.4714506567702608,1.894099029968536,2.699533677323767,,3,TF_RANDOM_R3,CRUXEval,sample_491,0.9893073669066957,372.97921445582296,2.460884982019412e-13,4.645303203447906e-14,1.8474111129762605e-13,0
0.9999950395608004,1.0623893885942004,1.2675775739134436,1.5348481544537806,2.0600760791004817,,7,TF_RANDOM_R3,CRUXEval,sample_491,0.9883158553479579,240.7257008308831,5.4944589092619564e-12,1.6387456924920697e-12,-8.313350008393172e-12,0
1.000080493541877,1.1132599252159965,1.3065338295677673,1.5933948912078315,2.2494958997491534,,15,TF_RANDOM_R3,CRUXEval,sample_491,0.984977159077358,426.13154013549666,5.4102179723968696e-15,4.602542358113188e-16,0.0,0
1.0000963992098875,1.0757584144329564,1.3053140831444443,1.5343845510126481,2.3118339551928297,,31,TF_RANDOM_R3,CRUXEval,sample_491,0.9872648933142498,839.7694097792821,-1.8364228285694693e-18,1.789262347038834e-17,0.0,0
0.0,0.0,0.0,0.0,0.0,,PREFILL,TF_BASELINE,CRUXEval,sample_12,1.0,0.0,0.0,0.0,0.0,0
0.0,0.0,0.0,0.0,0.0,,0,TF_BASELINE,CRUXEval,sample_12,1.0000000000000002,0.0,0.0,0.0,0.0,0
0.0,0.0,0.0,0.0,0.0,,1,TF_BASELINE,CRUXEval,sample_12,1.0,0.0,0.0,0.0,0.0,0
0.0,0.0,0.0,0.0,0.0,,3,TF_BASELINE,CRUXEval,sample_12,1.0000000000000002,0.0,0.0,0.0,0.0,0
0.0,0.0,0.0,0.0,0.0,,7,TF_BASELINE,CRUXEval,sample_12,1.0000000000000002,0.0,0.0,0.0,0.0,0
1.5648563802866882,1.8576508798463942,2.6628324399547503,3.4639700619403713,5.74258923981694,,PREFILL,TF_TEXTUAL_CAREFUL,CRUXEval,sample_12,0.7478193284289714,1955.4291834670237,12.656854513510789,0.693108731667492,-12.657030927904891,1
0.9023566150674532,1.043630680368675,1.2414469004408466,1.506823770860392,2.446166677817679,,0,TF_TEXTUAL_CAREFUL,CRUXEval,sample_12,0.965271127248712,454.77945079477166,7.69825231765539e-15,5.340964089069937e-15,-1.4210854715202004e-14,0
0.5107332999048319,0.5845685023755063,0.7903984891958733,1.029728814651564,1.6365622504369235,,1,TF_TEXTUAL_CAREFUL,CRUXEval,sample_12,0.9831131139672008,336.5025198229395,0.8084244008000241,0.07814520809400251,0.24957213838228398,0
0.2363930202863453,0.2505975225249424,0.30718579593622675,0.3748329333534081,0.6776832067456122,,3,TF_TEXTUAL_CAREFUL,CRUXEval,sample_12,0.9974822115875195,322.0356324242452,3.875985709305889e-13,1.081980051671065e-13,-1.0373923942097463e-12,0
0.26210574114437923,0.29133474518268876,0.3787573450591813,0.5213153642229749,1.6175081957877502,,7,TF_TEXTUAL_CAREFUL,CRUXEval,sample_12,0.9930225953663827,193.76929931278832,1.0903848372633237e-13,1.7829782345315256e-14,8.526512829121202e-14,0
1.0003739687104647,1.1671668070796404,1.5470275298880964,2.018493984783113,3.7692818544106577,0.8828077213895583,PREFILL,TF_MEANINGFUL_L27_D75,CRUXEval,sample_12,0.9653745827894699,851.1757177086236,2.4807167232019474,0.545785616245073,-2.480797418716442,1
0.9998972664839116,1.1163803989665866,1.3469443622796096,1.5548479725978983,2.6867477033741447,-0.21306504020282052,0,TF_MEANINGFUL_L27_D75,CRUXEval,sample_12,0.9384439955845884,557.476474766475,1.622988216020307e-12,5.600332558125847e-13,-1.6768808563938364e-12,0
0.9997558307889546,1.1427824823918546,1.4619663564362124,1.869322521407744,3.455142104318643,0.043868110537718163,1,TF_MEANINGFUL_L27_D75,CRUXEval,sample_12,0.9439445484703033,607.1178041926798,0.4308692299967745,0.061748406597501845,0.23664650136998944,0
1.0001169830155483,1.0935190419908163,1.314452980981988,1.513559197511196,2.5975549546875456,0.721955723288346,3,TF_MEANINGFUL_L27_D75,CRUXEval,sample_12,0.9777271987569823,797.895355593493,1.3711810374011007e-10,4.749992140886226e-11,-1.3729106740356656e-10,0
1.0002202918886565,1.1064714796718238,1.3847959536968049,1.7225715264525767,3.842391165855946,-0.2663348735963803,7,TF_MEANINGFUL_L27_D75,CRUXEval,sample_12,0.7116007192836645,965.0756138990708,5.645451450571452e-10,1.9580385665360913e-10,-5.652722734339477e-10,0
1.000071371173459,1.0653436325202876,1.1822612080527424,1.343677462820569,1.7854084273076836,,PREFILL,TF_RANDOM_R0,CRUXEval,sample_12,0.9936014330975763,349.0727008767334,7.856983795086754e-06,1.4300878285340045e-06,1.0346559768947827e-05,0
0.99994186472951,1.1099968462360368,1.2885916902690804,1.4632118326166115,1.8735852404345859,,0,TF_RANDOM_R0,CRUXEval,sample_12,0.9690300044297286,401.93353112166017,3.1832805771950935e-14,1.0731796738844123e-14,-4.263256414560601e-14,0
0.9998800353435668,1.09482369661249,1.3396091983820528,1.572305378867066,2.1046632531064025,,1,TF_RANDOM_R0,CRUXEval,sample_12,0.9739615640849827,432.2575121863538,0.10151999288413983,0.02655201668652623,-0.3237675076174611,0
1.000039014054712,1.0726310014448517,1.2222288770670346,1.3895487856114634,1.7916414219748587,,3,TF_RANDOM_R0,CRUXEval,sample_12,0.9920382860274862,406.46629608118974,6.576668555733547e-13,1.9758211277346474e-13,-1.3358203432289883e-12,0
0.9999214368617709,1.0675549881875266,1.2794202793748681,1.5494950915606434,2.2184311944969144,,7,TF_RANDOM_R0,CRUXEval,sample_12,0.9533033404971968,498.2648776741825,4.324556543899582e-14,1.0021571991078493e-14,3.552713678800501e-14,0
0.9998515766728616,1.061738113864335,1.1835383396312409,1.355638525164543,1.7713799399981744,,PREFILL,TF_RANDOM_R1,CRUXEval,sample_12,0.9919889715482222,396.01274001760436,3.7186427491114283e-06,1.0726110459550687e-06,-9.978538763277811e-06,0
0.9999296236026587,1.0761778094732948,1.2064446067284529,1.3742656217841767,1.864263583352842,,0,TF_RANDOM_R1,CRUXEval,sample_12,0.9746574334479721,363.21387555183907,2.3774054852478208e-15,1.1344558129965202e-15,-7.105427357601002e-15,0
0.9999434241087267,1.097326500255335,1.306816467050799,1.5166296151889291,1.9296028200370288,,1,TF_RANDOM_R1,CRUXEval,sample_12,0.9795206702242449,370.25988296422344,0.18641505028133334,0.035331380125840854,0.2035379520547025,0
1.0000507873677984,1.0578572088387084,1.1733310331233577,1.3367053224046659,1.7144794398832213,,3,TF_RANDOM_R1,CRUXEval,sample_12,0.9884030195935909,521.2565423462742,2.019475987126903e-13,5.593397905215989e-14,-3.694822225952521e-13,0
0.9999484141222202,1.0729808481721241,1.2770752849087557,1.5488326672693782,2.0857748045300455,,7,TF_RANDOM_R1,CRUXEval,sample_12,0.938690330123478,469.8423412438874,6.241934571870042e-14,2.286404377579435e-14,-1.2789769243681803e-13,0
0.9999915309575628,1.0672302474656434,1.1803370900372245,1.34757372773148,1.7303724769221696,,PREFILL,TF_RANDOM_R2,CRUXEval,sample_12,0.9933600771774526,333.83072630025146,6.290346036750526e-06,1.8217905364739372e-06,-1.729517589410534e-05,0
0.9999568347699905,1.1069152789969041,1.3264475699791216,1.485705410004117,1.8196644021269524,,0,TF_RANDOM_R2,CRUXEval,sample_12,0.9715371143111234,394.65669108311994,2.5113101431589433e-14,8.90214580410958e-15,-3.552713678800501e-14,0
1.0002863315984847,1.0870621984370805,1.3168210542605079,1.5430409769205367,2.0104095391719197,,1,TF_RANDOM_R2,CRUXEval,sample_12,0.9782721027140425,382.9153392785687,0.10126693183404148,0.026501517918320217,-0.3241275654208664,0
0.9998870525500421,1.0481716706167417,1.180050086292386,1.311838681725147,1.6681022544744206,,3,TF_RANDOM_R2,CRUXEval,sample_12,0.9905913771438221,453.0756967581583,4.0131062662040985e-13,1.1665148474504378e-13,-1.0658141036401503e-12,0
0.9998341895945951,1.0604910003357584,1.2494272574893237,1.4908022409739854,2.068255490905974,,7,TF_RANDOM_R2,CRUXEval,sample_12,0.9686391544936095,370.6357468536887,3.861386995433032e-14,9.778980239203113e-15,4.973799150320701e-14,0
1.0000022127051973,1.064542423478734,1.1753547954708246,1.324858094743513,1.7387132844765927,,PREFILL,TF_RANDOM_R3,CRUXEval,sample_12,0.9928892883336345,346.01943860021976,6.7571800924200255e-06,1.9777931998745915e-06,-1.729797580196646e-05,0
1.0000146097699703,1.095267573906531,1.2627286842390344,1.456959033833384,1.9734779814925927,,0,TF_RANDOM_R3,CRUXEval,sample_12,0.9715769545836098,369.391924323011,-3.6036435569158825e-15,1.2311295341445226e-15,0.0,0
0.9999550414838914,1.1119626776456022,1.321225053044385,1.550955606135029,2.036272779108848,,1,TF_RANDOM_R3,CRUXEval,sample_12,0.975235856583725,407.7353029605783,0.07159549778373028,0.015626931713043565,0.15221488956823492,0
1.0000614691154328,1.068999831000784,1.2179957082763497,1.3758596192195138,1.7027254630992283,,3,TF_RANDOM_R3,CRUXEval,sample_12,0.9908166642827471,448.6978188878358,6.120600206051662e-13,1.832584556798385e-13,-1.2008172234345693e-12,0
1.0000631064636105,1.0863291342672976,1.2978746747462495,1.5142384630980017,1.978702057806546,,7,TF_RANDOM_R3,CRUXEval,sample_12,0.9737588057832511,320.2416711300768,8.561267246560752e-15,2.8456038093383094e-15,2.1316282072803006e-14,0
0.0,0.0,0.0,0.0,0.0,,PREFILL,TF_BASELINE,CHARCOUNT,gate10_charcount_080,0.9999999999999999,0.0,0.0,0.0,0.0,0
0.0,0.0,0.0,0.0,0.0,,0,TF_BASELINE,CHARCOUNT,gate10_charcount_080,1.0,0.0,0.0,0.0,0.0,0
0.0,0.0,0.0,0.0,0.0,,1,TF_BASELINE,CHARCOUNT,gate10_charcount_080,1.0,0.0,0.0,0.0,0.0,0
0.0,0.0,0.0,0.0,0.0,,3,TF_BASELINE,CHARCOUNT,gate10_charcount_080,1.0000000000000002,0.0,0.0,0.0,0.0,0
0.0,0.0,0.0,0.0,0.0,,7,TF_BASELINE,CHARCOUNT,gate10_charcount_080,1.0,0.0,0.0,0.0,0.0,0
0.0,0.0,0.0,0.0,0.0,,15,TF_BASELINE,CHARCOUNT,gate10_charcount_080,1.0000000000000002,0.0,0.0,0.0,0.0,0
0.0,0.0,0.0,0.0,0.0,,31,TF_BASELINE,CHARCOUNT,gate10_charcount_080,0.9999999999999999,0.0,0.0,0.0,0.0,0
0.0,0.0,0.0,0.0,0.0,,63,TF_BASELINE,CHARCOUNT,gate10_charcount_080,1.0,0.0,0.0,0.0,0.0,0
0.0,0.0,0.0,0.0,0.0,,127,TF_BASELINE,CHARCOUNT,gate10_charcount_080,1.0,0.0,0.0,0.0,0.0,0
0.0,0.0,0.0,0.0,0.0,,255,TF_BASELINE,CHARCOUNT,gate10_charcount_080,0.9999999999999999,0.0,0.0,0.0,,0
1.8626613212076562,2.197882630806431,2.7518870276427476,3.339434295182524,5.3165905403715294,,PREFILL,TF_TEXTUAL_CAREFUL,CHARCOUNT,gate10_charcount_080,0.7803936897484193,1121.7286610053804,5.742328342756336,0.6571129649269118,-5.843150871096874,1
1.004544528425598,1.1307648925512743,1.5206033812469117,1.9028671074283423,2.7981307301905964,,0,TF_TEXTUAL_CAREFUL,CHARCOUNT,gate10_charcount_080,0.9151885404233321,735.267876688621,0.7024716837650596,0.08939213092333265,0.3072176026468014,0
0.7149582956663838,0.8049390766401553,1.0732940494878036,1.4422982182514925,2.294163381784736,,1,TF_TEXTUAL_CAREFUL,CHARCOUNT,gate10_charcount_080,0.968942259019502,726.1640216263888,0.00936039322266031,0.0032014358588491093,-0.009689549906127581,0
0.6831917917976571,0.7852462222948502,1.080024018311349,1.3628936929082818,3.497006758150082,,3,TF_TEXTUAL_CAREFUL,CHARCOUNT,gate10_charcount_080,0.9569334379328399,1180.8308223155605,9.380857802340535e-09,2.3890960038041614e-09,2.994319459048711e-09,0
0.524946105837758,0.5697221596513048,0.7715808364359557,1.0446358562117766,1.894138170386876,,7,TF_TEXTUAL_CAREFUL,CHARCOUNT,gate10_charcount_080,0.9873055670675448,457.41144588776206,3.786643507118384e-05,7.850875667849908e-06,3.422055634416665e-05,0
0.7883186671655652,0.8642977821523552,1.1564700894045876,1.5241313207868323,2.541106206731678,,15,TF_TEXTUAL_CAREFUL,CHARCOUNT,gate10_charcount_080,0.9266071935460742,562.7728024928239,0.9434419157336532,0.2353998767509809,-1.3150148155740382,1
0.3446665864679247,0.3886263442459959,0.5261113129729761,0.6575234742628194,1.6749909681022288,,31,TF_TEXTUAL_CAREFUL,CHARCOUNT,gate10_charcount_080,0.9969943089451202,217.40311620976985,2.1645459762139365e-08,3.478778062066558e-09,1.612575317722076e-08,0
0.5104764311633567,0.6051785056071287,0.8631179558369804,1.1323432182254833,2.1058936033083993,,63,TF_TEXTUAL_CAREFUL,CHARCOUNT,gate10_charcount_080,0.944605285249055,465.84528476568437,0.07696537421597568,0.016988158495788056,0.17673754148538734,0
0.2256205167813597,0.25595209938709546,0.3159763284567538,0.3855441922396568,0.8028827232670589,,127,TF_TEXTUAL_CAREFUL,CHARCOUNT,gate10_charcount_080,0.9993726943801582,140.87559718583108,1.1911197015185802e-13,2.1543896180891493e-14,1.2079226507921703e-13,0
1.2018865412779633,1.2593439736801701,1.4475051413940618,1.665486863652128,2.230691501712578,,255,TF_TEXTUAL_CAREFUL,CHARCOUNT,gate10_charcount_080,0.9950226481528055,281.17358469529756,3.1606433289668243e-11,9.072589443643154e-12,,0
1.0000167149319128,1.2125282908356263,1.7742856872306214,2.329261109505193,3.956358084034512,0.5652368075184729,PREFILL,TF_MEANINGFUL_L27_D75,CHARCOUNT,gate10_charcount_080,0.699170057284992,1257.6107995877258,0.45736074359945383,0.14278463743031083,-0.494755806967099,0
1.0001688323745044,1.0996314186755776,1.2865782977934048,1.4724196550155344,3.0654894156566783,0.8723379800443335,0,TF_MEANINGFUL_L27_D75,CHARCOUNT,gate10_charcount_080,0.9329021673049783,716.3118692953144,0.18351761437838293,0.03800030197683146,0.18502556641648482,0
1.0000889141896472,1.088214969523045,1.2436201292862366,1.4380984981450065,2.8322608631070754,0.9337417833456787,1,TF_MEANINGFUL_L27_D75,CHARCOUNT,gate10_charcount_080,0.9747083000367406,668.3096441291259,8.268141305151163e-05,2.4982404149325333e-05,-0.00015859455249511711,0
1.0002067252894709,1.1098759943467407,1.2757342187823715,1.4565598327539022,3.9028601493704547,0.9584870962551257,3,TF_MEANINGFUL_L27_D75,CHARCOUNT,gate10_charcount_080,0.9679077955414485,1159.572473320142,6.713280654289446e-06,2.3172063208013013e-06,-6.7901472675657715e-06,0
1.0001841922597892,1.077718943953185,1.262452206303909,1.4690153742475,3.184839310891382,0.8251568020375528,7,TF_MEANINGFUL_L27_D75,CHARCOUNT,gate10_charcount_080,0.9726006645763239,720.7737199627172,0.0007077442537849913,0.00023140450852423959,-0.0008691927404171906,0
1.000305745869733,1.1028154371292493,1.327037950950574,1.5703725283279342,3.3339178352654346,0.870766415298581,15,TF_MEANINGFUL_L27_D75,CHARCOUNT,gate10_charcount_080,0.8593319805382224,722.8757535000367,0.0111700959219424,0.003038658840789239,-0.03528189141419347,0
1.0001202577119035,1.0657213921355395,1.2079324104391311,1.3846928787305792,3.818773431991103,0.2089948246085128,31,TF_MEANINGFUL_L27_D75,CHARCOUNT,gate10_charcount_080,0.9920553713743654,368.50600388400284,1.1286425901555865e-08,2.073300440830557e-09,9.818002411066118e-09,0
0.9999934801815836,1.1008974786616372,1.3200692411689479,1.5316274126195553,3.186140145033975,0.910764724898656,63,TF_MEANINGFUL_L27_D75,CHARCOUNT,gate10_charcount_080,0.8872669130240713,631.5803365676993,0.08970738829779987,0.02289918993017919,-0.3628423077257352,0
0.9999253353098128,1.1432012536805065,1.463111096719211,1.7858424025436985,6.601678071633745,0.18620880710352086,127,TF_MEANINGFUL_L27_D75,CHARCOUNT,gate10_charcount_080,0.96071742239598,2012.568793833584,1.972133281307202e-09,6.835323475368395e-10,-1.973397445453884e-09,0
0.9999848256269308,1.1312856472407,1.4857367535263732,1.8034251829018908,3.5511615033402246,-0.18029520594622445,255,TF_MEANINGFUL_L27_D75,CHARCOUNT,gate10_charcount_080,0.9893465262042926,569.8543990551519,7.978255569311706e-09,2.737526120797988e-09,,0
1.0000858734001747,1.134052219878054,1.4000493333810522,1.6834859982611863,2.2037906508448404,,PREFILL,TF_RANDOM_R0,CHARCOUNT,gate10_charcount_080,0.9701527066878354,431.259908467894,0.02541819469015045,0.007734367407564903,-0.04148210216560955,0
1.0000824427658979,1.0437141851257308,1.1748179791754667,1.3011551408044757,1.5546245135561414,,0,TF_RANDOM_R0,CHARCOUNT,gate10_charcount_080,0.9923373890059426,215.73685759365713,0.027168072426290237,0.0061895167646912105,0.12034872388932882,0
1.0000917990411982,1.048252914273933,1.1788662835600086,1.3690906659155504,1.6266073294552672,,1,TF_RANDOM_R0,CHARCOUNT,gate10_charcount_080,0.9956197828638602,195.7337526509164,5.142671269655197e-07,1.2627879252967755e-07,7.633185568067802e-06,0
1.0000302815310984,1.0848517004284106,1.2268567247374729,1.407653490193494,1.689547617152443,,3,TF_RANDOM_R0,CHARCOUNT,gate10_charcount_080,0.9952067873546391,305.300076929751,1.5168543618962154e-08,4.410703046567144e-09,-2.924393527337088e-08,0
1.0002391603771787,1.0508820276333328,1.181780373471265,1.3445602273951576,1.7230700599881639,,7,TF_RANDOM_R0,CHARCOUNT,gate10_charcount_080,0.9913729849486955,338.92985757077804,0.00014815427571592777,4.528091797198163e-05,-0.00024015660778786696,0
1.0000779985351302,1.03664528522943,1.1656860205754374,1.3352797379247352,1.7225401829303204,,15,TF_RANDOM_R0,CHARCOUNT,gate10_charcount_080,0.9850596798697402,318.9746849253252,0.020619401380917793,0.004947671662993833,-0.018816183021954203,0
0.9999472445878077,1.0370283467340187,1.1234717539236083,1.2542839440598164,1.9907362550357846,,31,TF_RANDOM_R0,CHARCOUNT,gate10_charcount_080,0.9959408032865533,262.67195843787573,1.2485499229384713e-09,3.337329546721065e-10,5.149445314600598e-10,0
1.0000850157416055,1.065065283330102,1.2520321225019035,1.4606912520506958,1.805707958137256,,63,TF_RANDOM_R0,CHARCOUNT,gate10_charcount_080,0.9846498457309177,250.2443478735259,0.05064766329990978,0.012897724048847795,-0.26341864080249877,0
0.9999603433732283,1.0652669110628248,1.2516209142024528,1.4546940355210898,2.1437994611223363,,127,TF_RANDOM_R0,CHARCOUNT,gate10_charcount_080,0.9956460669460082,365.3894441698879,1.2145110906138945e-11,4.172629058614003e-12,-1.2541079286165768e-11,0
1.0001040401680494,1.0724757652438268,1.341448486168181,1.6032688804081396,2.6110894306611963,,255,TF_RANDOM_R0,CHARCOUNT,gate10_charcount_080,0.9940656182263634,389.1616198695597,8.166397694074362e-11,2.5560961026443903e-11,,0
0.9998529021451958,1.1159315316590521,1.3693052364957718,1.6740907384804131,2.2089794851884954,,PREFILL,TF_RANDOM_R1,CHARCOUNT,gate10_charcount_080,0.9701096337221787,424.4945909895505,0.016898597770671642,0.005068926010583031,-0.030543568870207594,0
1.0001687544055435,1.062808237851813,1.165615302727959,1.2792477340645374,1.5134427118837066,,0,TF_RANDOM_R1,CHARCOUNT,gate10_charcount_080,0.9914061343077238,227.8025013491974,0.010627158627989379,0.002751535774028935,-0.09390365498783382,0
1.000080493541877,1.0441704594845447,1.1233565157994923,1.2826611372009895,1.5127787282132246,,1,TF_RANDOM_R1,CHARCOUNT,gate10_charcount_080,0.9961798204568233,189.8425981161267,3.531383096215044e-05,9.892062721984458e-06,-9.202962453258579e-05,0
0.9999475564636511,1.057465414810506,1.1775092337966528,1.3465320624147072,1.5950166455932264,,3,TF_RANDOM_R1,CHARCOUNT,gate10_charcount_080,0.995604440779364,275.83560588217404,1.3188722629040278e-09,3.034819897241112e-10,4.438227563241526e-09,0
0.9999569127389514,1.0448347550308699,1.1388869971705518,1.3118990297008344,1.667533392936159,,7,TF_RANDOM_R1,CHARCOUNT,gate10_charcount_080,0.9924420215330592,284.78468352295954,1.3553474038989327e-05,2.950744178060242e-06,3.2243450718283384e-05,0
1.000195731665993,1.0523405150147365,1.1768663797145578,1.3736833495846512,1.6716183427322941,,15,TF_RANDOM_R1,CHARCOUNT,gate10_charcount_080,0.9878123062917187,212.50924763047237,0.03280249984257611,0.008769289480709146,-0.10284058608645807,0
1.0000491500196207,1.0290895471416672,1.1140337671522968,1.259355591055335,1.9438967136892247,,31,TF_RANDOM_R1,CHARCOUNT,gate10_charcount_080,0.9957471313308566,277.7094033800068,6.30040000398819e-09,1.7943687593781121e-09,-1.2587790365614637e-08,0
1.0002472691491058,1.0656780413933145,1.2290266788865076,1.4586274136573592,1.8376936327548934,,63,TF_RANDOM_R1,CHARCOUNT,gate10_charcount_080,0.9833431177289473,241.929994461169,0.24234755242801406,0.06060054731985354,-0.6741226012606489,1
0.9999594077456981,1.052297865993159,1.2544618692284448,1.4931434929299776,2.1582170135464187,,127,TF_RANDOM_R1,CHARCOUNT,gate10_charcount_080,0.9955791257911556,396.62858057582054,2.762997665343609e-13,8.986175547946898e-14,-3.623767952376511e-13,0
1.0000174166525604,1.0759096742169787,1.3447206875165585,1.6010313271700598,2.6311049985354025,,255,TF_RANDOM_R1,CHARCOUNT,gate10_charcount_080,0.9934393979491937,369.28029146655257,3.7689985079375456e-11,1.0891944532017942e-11,,0
0.9999564449251864,1.1249954233562711,1.3566809701709241,1.6035604843216673,2.0608359645927923,,PREFILL,TF_RANDOM_R2,CHARCOUNT,gate10_charcount_080,0.9759555207065727,381.41343304066055,0.06544705948066197,0.02089045807627144,-0.08587672755662368,0
0.9999304032922671,1.0639369165288792,1.1909970843317232,1.2871618174963035,1.539164983939443,,0,TF_RANDOM_R2,CHARCOUNT,gate10_charcount_080,0.9914313651707685,237.458144681656,0.02803260655741455,0.006817068662495438,0.08975485899532032,0
0.9999110669899797,1.0481103090445634,1.156446542778415,1.3292546085071497,1.553962245202798,,1,TF_RANDOM_R2,CHARCOUNT,gate10_charcount_080,0.9957921093047511,206.58083046703993,0.0001620611568887627,4.939229480675956e-05,-0.00026920337401037386,0
0.9996982896958574,1.0760316176717266,1.2263786190696246,1.413024460029663,1.7515065875085334,,3,TF_RANDOM_R2,CHARCOUNT,gate10_charcount_080,0.9957381215420413,264.49451472859846,1.7751360025822994e-09,4.786641328829369e-10,-7.618766062478244e-09,0
1.0000390920236728,1.0309565918778532,1.1271147756497233,1.2736476134524706,1.9698362072698512,,7,TF_RANDOM_R2,CHARCOUNT,gate10_charcount_080,0.9918116028262659,322.1798479672551,8.129208145837763e-05,2.438892899461156e-05,-0.00015291394925043278,0
1.0000192099386596,1.0457183772640277,1.156260898682664,1.3213109748392267,1.6757792342962838,,15,TF_RANDOM_R2,CHARCOUNT,gate10_charcount_080,0.9823934035546594,264.9220355444764,0.00951575142082107,0.002484345222858804,-0.018541768725846453,0
0.9999682962072335,1.0320400485576342,1.1105682807500061,1.2440693864385755,2.0712607265324476,,31,TF_RANDOM_R2,CHARCOUNT,gate10_charcount_080,0.9953719969573468,266.02012513507947,2.92309649430962e-09,6.309603370167342e-10,7.103665211616317e-09,0
0.9997973882450804,1.076631043042636,1.2455730178483033,1.4405436047568327,1.834278436332342,,63,TF_RANDOM_R2,CHARCOUNT,gate10_charcount_080,0.9868672171213582,222.69539081830789,0.03565443350519449,0.009886011560752098,-0.1315454246584764,0
0.9999877104784818,1.0550567197033904,1.2249729166747072,1.453495652593036,2.2779508279442804,,127,TF_RANDOM_R2,CHARCOUNT,gate10_charcount_080,0.9961953120496373,359.9866164423868,9.720089292314867e-13,3.2055917121939865e-13,-1.2576606422953773e-12,0
0.9999252573408519,1.0577114068819446,1.2955511217443672,1.5207140971712991,2.3626124884408393,,255,TF_RANDOM_R2,CHARCOUNT,gate10_charcount_080,0.9949627471658563,489.6323881257605,1.943060832689487e-12,3.841685183878778e-13,,0
1.0001248578805928,1.1329875537178347,1.404961221975817,1.6656412421945839,2.2436984396972104,,PREFILL,TF_RANDOM_R3,CHARCOUNT,gate10_charcount_080,0.9723372216197315,416.02457161976105,0.017091306706245982,0.0051055581660368,-0.031105346416872237,0
0.9998972664839116,1.0671514988151989,1.2131198413414914,1.33110434413403,1.6147407654918269,,0,TF_RANDOM_R3,CHARCOUNT,gate10_charcount_080,0.9921659011258004,212.38744352139037,0.01392561229278266,0.0032803550412256405,-0.06141188699796629,0
0.9999283760992853,1.052132727734108,1.1498746950074457,1.3278521028396266,1.6975706232224976,,1,TF_RANDOM_R3,CHARCOUNT,gate10_charcount_080,0.9950385411016069,199.95150532920857,2.4406788259654087e-06,5.387818098077213e-07,1.4971135620100995e-05,0
1.0000076705324559,1.067316247229446,1.1951232797081408,1.3944271475530687,1.7869916650264255,,3,TF_RANDOM_R3,CHARCOUNT,gate10_charcount_080,0.9955984824814097,262.5424779793732,4.760991359138506e-10,1.0955426069372801e-10,2.8542288532662496e-09,0
0.9999024124353268,1.0443021490593973,1.149436821323389,1.3078419927926785,1.690186806693379,,7,TF_RANDOM_R3,CHARCOUNT,gate10_charcount_080,0.993270587521085,258.51477380993344,9.868506884109729e-05,2.9870058773497547e-05,-0.0001743681554557952,0
1.0000253694865657,1.0471671964942877,1.1909782938121618,1.3621568862283788,1.7072133564849654,,15,TF_RANDOM_R3,CHARCOUNT,gate10_charcount_080,0.9848228103293367,241.89515287460816,0.017577928484018537,0.004205451293394221,-0.004487602796316992,0
0.9999466988050819,1.0380278308429791,1.1468127759464435,1.2682502121385784,1.924242298041612,,31,TF_RANDOM_R3,CHARCOUNT,gate10_charcount_080,0.9963838302222662,236.0167123513111,8.229051626397484e-09,1.5792810984971806e-09,1.1269193578300474e-08,0
0.9999530142909097,1.0709718219582554,1.2472476351891453,1.4377743032058492,1.8133612353950246,,63,TF_RANDOM_R3,CHARCOUNT,gate10_charcount_080,0.9847536307841183,228.64377902579574,0.016040461388019872,0.0038702541633607005,0.094371234874842,0
0.9998366846013419,1.0654338426079752,1.2839048200952892,1.5013160434669162,2.517582659371525,,127,TF_RANDOM_R3,CHARCOUNT,gate10_charcount_080,0.9950732600493215,397.34335136544496,9.182163992676756e-11,3.175428237950125e-11,-9.245582077710424e-11,0
1.0000187421248945,1.0766376704043072,1.3770470864930506,1.6252464592128306,2.70488265991298,,255,TF_RANDOM_R3,CHARCOUNT,gate10_charcount_080,0.9942666871522672,470.9273975449945,1.5295439927393452e-10,2.509294947368606e-11,,0
0.0,0.0,0.0,0.0,0.0,,PREFILL,TF_BASELINE,CHARCOUNT,gate10_charcount_006,1.0,0.0,0.0,0.0,0.0,0
0.0,0.0,0.0,0.0,0.0,,0,TF_BASELINE,CHARCOUNT,gate10_charcount_006,1.0,0.0,0.0,0.0,0.0,0
0.0,0.0,0.0,0.0,0.0,,1,TF_BASELINE,CHARCOUNT,gate10_charcount_006,0.9999999999999998,0.0,0.0,0.0,0.0,0
0.0,0.0,0.0,0.0,0.0,,3,TF_BASELINE,CHARCOUNT,gate10_charcount_006,1.0,0.0,0.0,0.0,0.0,0
0.0,0.0,0.0,0.0,0.0,,7,TF_BASELINE,CHARCOUNT,gate10_charcount_006,0.9999999999999998,0.0,0.0,0.0,0.0,0
0.0,0.0,0.0,0.0,0.0,,15,TF_BASELINE,CHARCOUNT,gate10_charcount_006,1.0,0.0,0.0,0.0,0.0,0
0.0,0.0,0.0,0.0,0.0,,31,TF_BASELINE,CHARCOUNT,gate10_charcount_006,0.9999999999999999,0.0,0.0,0.0,0.0,0
0.0,0.0,0.0,0.0,0.0,,63,TF_BASELINE,CHARCOUNT,gate10_charcount_006,0.9999999999999999,0.0,0.0,0.0,0.0,0
0.0,0.0,0.0,0.0,0.0,,127,TF_BASELINE,CHARCOUNT,gate10_charcount_006,1.0,0.0,0.0,0.0,0.0,0
1.8475980298499277,2.1855722675179106,2.7563134814873456,3.3505230407926616,5.561008886304514,,PREFILL,TF_TEXTUAL_CAREFUL,CHARCOUNT,gate10_charcount_006,0.8128324625330404,1004.8088277915399,5.054223614813626,0.6636632490482229,-5.09013423670207,1
1.0017908206667818,1.1287054983887053,1.5108089203866566,1.9107291855632307,2.877835280095105,,0,TF_TEXTUAL_CAREFUL,CHARCOUNT,gate10_charcount_006,0.9175009377900697,786.7241249777217,0.8931415197198493,0.09639258102655202,-4.176027337950565,0
0.7438016652243971,0.8389053967699172,1.133917957327494,1.4711974135854646,2.341978002955514,,1,TF_TEXTUAL_CAREFUL,CHARCOUNT,gate10_charcount_006,0.9677457660985581,896.3753399666681,0.23060566911875086,0.07503222739323354,-0.2513800998987321,0
0.709533917092042,0.8118312988712011,1.1112597874636632,1.4068296701532979,4.295578577572503,,3,TF_TEXTUAL_CAREFUL,CHARCOUNT,gate10_charcount_006,0.9591190164516363,1470.9432690912352,2.452110167284624e-09,7.276733462044069e-10,9.46343448049447e-10,0
0.5576292128100762,0.6054799336097217,0.7999593550494629,1.0656303243892826,2.1804780874927103,,7,TF_TEXTUAL_CAREFUL,CHARCOUNT,gate10_charcount_006,0.9824032162939363,646.7735812581323,1.089301036450344e-05,3.381602395039378e-06,-8.205228425595124e-06,0
0.785355924622747,0.8603422608312083,1.1550586173065682,1.526812829287914,3.2146512108809038,,15,TF_TEXTUAL_CAREFUL,CHARCOUNT,gate10_charcount_006,0.9196087021807963,689.6691931432675,1.4337633771902631,0.20907022907913725,0.4003224379811279,1
0.3218471378086039,0.3515105459122128,0.435848362329938,0.5409194898908481,1.1956508956661198,,31,TF_TEXTUAL_CAREFUL,CHARCOUNT,gate10_charcount_006,0.9985428996633029,154.25648360449642,4.339317194437607e-11,8.38855309655201e-12,5.975664407742443e-11,0
0.5966464012072935,0.6929875781302465,0.924623380747886,1.1561585254370859,1.836738357046727,,63,TF_TEXTUAL_CAREFUL,CHARCOUNT,gate10_charcount_006,0.9948786530945517,169.22455825157218,0.0037751011553339288,0.0010317976761707258,-0.013717345106478263,0
0.187590707811933,0.20515380100751424,0.2814656485346731,0.37385711282406153,1.068940340683666,,127,TF_TEXTUAL_CAREFUL,CHARCOUNT,gate10_charcount_006,0.9995438600485761,127.71449933272038,4.339296688296568e-12,9.54727430029283e-13,1.3450573987938697e-11,0
0.9998395694528928,1.2197266192069154,1.7614097371001942,2.2983512506091746,3.8479484815085137,0.30208412739065266,PREFILL,TF_MEANINGFUL_L27_D75,CHARCOUNT,gate10_charcount_006,0.7553539477135154,1069.5107851222472,0.252913334222886,0.08262384456254326,-0.2675160744064087,0
1.0003349842300466,1.098933908351936,1.2911226407067873,1.4792930867270186,3.1273393854055196,0.8870896130020391,0,TF_MEANINGFUL_L27_D75,CHARCOUNT,gate10_charcount_006,0.9327386992334064,777.0891896806388,0.17775380582381495,0.036537253728918744,-1.3062661021426436,0
1.000053360343506,1.0953105348039518,1.2612722240506125,1.4596160600807633,2.801004977962865,0.9395218033481457,1,TF_MEANINGFUL_L27_D75,CHARCOUNT,gate10_charcount_006,0.9859390187785961,677.8926704617978,0.026648616950400102,0.008338380958668287,-0.039317597164064466,0
1.000209999985826,1.1112695335837677,1.2797100900022966,1.4717190259334594,4.2307040358949,0.9666646496068484,3,TF_MEANINGFUL_L27_D75,CHARCOUNT,gate10_charcount_006,0.9780776559572865,1307.6909999521445,3.815561632616239e-06,1.317837439525784e-06,-3.852189280451057e-06,0
1.0001059893920705,1.0793232332913525,1.2654914363973078,1.4624856297153823,3.171529073649097,0.9014742291478265,7,TF_MEANINGFUL_L27_D75,CHARCOUNT,gate10_charcount_006,0.9725840811800537,778.3157274021643,0.0002838095188175107,9.341278599787272e-05,-0.0003401873954800294,0
1.0001211153704725,1.1027367664477654,1.3230551404931346,1.56885525235006,3.4678993856906772,0.9080675677909485,15,TF_MEANINGFUL_L27_D75,CHARCOUNT,gate10_charcount_006,0.8774502834576063,774.181575789448,0.08587278340145245,0.020077679181753055,-0.3023239925567154,0
1.0002418113218472,1.0743008626790826,1.2531368647079928,1.462136640646679,3.062360053444553,0.028487096335289522,31,TF_MEANINGFUL_L27_D75,CHARCOUNT,gate10_charcount_006,0.9899344777486228,396.01481735400574,2.119664074893882e-11,4.33604821741184e-12,3.8120617773529375e-11,0
1.0000380004582212,1.2185149815555194,1.5770731808222052,1.973299276634356,4.288526129126938,0.6173335580199325,63,TF_MEANINGFUL_L27_D75,CHARCOUNT,gate10_charcount_006,0.9833601027396975,367.3564171003431,0.003785685374842037,0.0010352867081778972,-0.013729546494246847,0
1.000118074581,1.0840863571088417,1.2508713206129727,1.5462111948681405,5.832602845723224,-0.4607999573842675,127,TF_MEANINGFUL_L27_D75,CHARCOUNT,gate10_charcount_006,0.9876167839018469,974.6971974837688,2.834219273444723e-10,9.357209467867189e-11,-3.4657432479434647e-10,0
0.9999700894933328,1.1368842864425108,1.4145493769656992,1.707919287456377,2.200183650778632,,PREFILL,TF_RANDOM_R0,CHARCOUNT,gate10_charcount_006,0.9650592532973656,432.9607800952293,0.019822143005055012,0.006260881447692666,-0.027370597434575927,0
1.0002059455998626,1.0436908724064407,1.1707244527936396,1.296332292762986,1.558592509911022,,0,TF_RANDOM_R0,CHARCOUNT,gate10_charcount_006,0.9926560494733656,220.71440693694055,0.014823705028219333,0.003049173608923903,-0.17570675720195794,0
1.0001586964095956,1.0586131958829772,1.218984822513519,1.427166782021993,1.6306258496967698,,1,TF_RANDOM_R0,CHARCOUNT,gate10_charcount_006,0.9959842948412937,214.80011130239455,0.0015981529096456054,0.00044049316036567855,-0.0036253248976407804,0
1.0000221727591714,1.0828360468528708,1.2277914946089392,1.414467041743056,1.7234948348868,,3,TF_RANDOM_R0,CHARCOUNT,gate10_charcount_006,0.9961331857440637,307.4329008200389,2.0863929630172147e-09,5.788684396125508e-10,-6.245542749638844e-09,0
1.000192846814442,1.0536878186579877,1.1912068988053337,1.3559479060011415,1.7382067981070002,,7,TF_RANDOM_R0,CHARCOUNT,gate10_charcount_006,0.9924095324276203,300.9412958538816,4.813145927571996e-05,1.477089006709466e-05,-7.63394585518995e-05,0
1.0000698117942424,1.0345278821599988,1.1585980962526925,1.327610399061034,1.6516977410523863,,15,TF_RANDOM_R0,CHARCOUNT,gate10_charcount_006,0.9870051073940224,319.54131430589746,0.0874286817441484,0.020751093528296637,0.3630601277553751,1
0.9999022564974052,1.0497262157578957,1.1580806942285828,1.296928131561697,1.9444984781289594,,31,TF_RANDOM_R0,CHARCOUNT,gate10_charcount_006,0.9954434104300142,260.1646444685084,7.630084868304793e-11,2.238259229240931e-11,-1.5661782981624128e-10,0
1.0000268508968215,1.0970300622662355,1.3006734485644291,1.5787916167190372,1.9969182580025724,,63,TF_RANDOM_R0,CHARCOUNT,gate10_charcount_006,0.9952044389581299,134.78970141252256,0.00808965345315332,0.0022762306812752217,-0.022008618508920108,0
1.000077140876561,1.0380456077660498,1.1761458685474695,1.3642151108565352,2.3149480354886314,,127,TF_RANDOM_R0,CHARCOUNT,gate10_charcount_006,0.9977488121197142,247.2959315928623,4.025906564765228e-12,1.127770411761988e-12,-1.6058265828178264e-11,0
0.9998244434744905,1.1197339219411164,1.3741842221890637,1.6879940076388191,2.2601179231597253,,PREFILL,TF_RANDOM_R1,CHARCOUNT,gate10_charcount_006,0.9681671218431431,407.27446830495535,0.004965026732821379,0.0014746691261466336,-0.009504962501743819,0
1.0001427127726243,1.0615530935202704,1.1653462318441128,1.2835912289348057,1.524697687318347,,0,TF_RANDOM_R1,CHARCOUNT,gate10_charcount_006,0.9920549730864134,229.50326494957713,0.009878514461226727,0.00253773951554664,0.15672812095156274,0
0.9999345356471914,1.052579957693465,1.1393488852945461,1.2923388785268726,1.5075597978506865,,1,TF_RANDOM_R1,CHARCOUNT,gate10_charcount_006,0.9964277879803527,205.08248325402343,0.00057036112366085,0.00013463791862286441,0.00044403620000110777,0
1.0000061891221999,1.0558587084345525,1.1825852470539782,1.3546728016156246,1.607738529057041,,3,TF_RANDOM_R1,CHARCOUNT,gate10_charcount_006,0.9965733543603291,276.73253548561974,3.0100233448388646e-09,5.879410390177644e-10,3.983828378295584e-09,0
1.0000348037308269,1.0473576746656108,1.1457238614394039,1.3181009927215963,1.6385963046872207,,7,TF_RANDOM_R1,CHARCOUNT,gate10_charcount_006,0.9929819585212387,296.7995549996333,5.67355782637309e-06,1.1872327297543121e-06,1.1390362310237379e-05,0
0.9999439698914526,1.0509704444349213,1.1706424294468398,1.3666101613955044,1.6568106336281871,,15,TF_RANDOM_R1,CHARCOUNT,gate10_charcount_006,0.9892959209721313,222.64700632318102,0.10656238786749621,0.025486425218866987,0.46613262753256635,1
1.0000930465445717,1.035564089649513,1.1694442024567075,1.3206750599946457,2.178821403012861,,31,TF_RANDOM_R1,CHARCOUNT,gate10_charcount_006,0.9949940821949562,283.65202892081635,3.520576174518535e-11,7.301236666797098e-12,6.014033715473488e-11,0
1.000000497388059,1.099306833891616,1.3130980363805749,1.6109237170451252,2.2351095349094057,,63,TF_RANDOM_R1,CHARCOUNT,gate10_charcount_006,0.9945669183960005,148.10284420810052,0.0005312002023205797,0.00013801392762923052,-0.004508152938527132,0
1.000162906733481,1.0245657880339456,1.1777900000246244,1.4339984223704692,2.431973364124962,,127,TF_RANDOM_R1,CHARCOUNT,gate10_charcount_006,0.9970008111111515,345.38164703793797,1.2690965320742001e-11,2.7088195868316578e-12,1.6925127965805586e-11,0
1.0000005753570198,1.1292849637056406,1.3636702637582112,1.6204237671092625,2.059691536185637,,PREFILL,TF_RANDOM_R2,CHARCOUNT,gate10_charcount_006,0.9728878802975038,380.76245278685826,0.02194845761515561,0.007075098799454845,-0.028807541340242437,0
0.9999160570034732,1.0633380369406957,1.1903367652024006,1.2903382729607742,1.5122681874576687,,0,TF_RANDOM_R2,CHARCOUNT,gate10_charcount_006,0.9920155219638926,236.84306188642353,0.028582840707866156,0.006951619681344884,-0.4077586870727927,0
1.0000412751545762,1.0511270840772413,1.1558405680147954,1.2952255233639147,1.485517192932658,,1,TF_RANDOM_R2,CHARCOUNT,gate10_charcount_006,0.9964312082566571,198.55221714224066,0.0038014879737166335,0.0010269413267830123,-0.0048147096145498836,0
0.9998127481303651,1.07642629655148,1.233806410092655,1.4284707349230195,1.78413176354295,,3,TF_RANDOM_R2,CHARCOUNT,gate10_charcount_006,0.9965342217482259,272.2128312607691,1.5060095512670762e-13,3.46235559826893e-14,-6.679101716144942e-13,0
0.9999082601073895,1.0321229295630032,1.1404591632968548,1.2793090176677546,1.9500950901377885,,7,TF_RANDOM_R2,CHARCOUNT,gate10_charcount_006,0.9923998043627021,333.22662661157193,2.483101172259727e-05,7.473514048008441e-06,-4.591758487038078e-05,0
0.9999222165513793,1.0425792689317976,1.155836903473636,1.314810546636383,1.6722148052826917,,15,TF_RANDOM_R2,CHARCOUNT,gate10_charcount_006,0.9855572332206629,262.0342984215966,0.03522430685886425,0.008938238930102678,0.3436438833568616,0
0.9998659229616554,1.0374561624221275,1.1607565109955236,1.2957895508266044,1.9866285383030853,,31,TF_RANDOM_R2,CHARCOUNT,gate10_charcount_006,0.9948419733908802,286.78103440469823,7.266627625734777e-11,2.05489905208752e-11,-1.3715606428377214e-10,0
0.9998962528874208,1.0811059156119134,1.2725509800183081,1.4932286350352109,2.1237202705760874,,63,TF_RANDOM_R2,CHARCOUNT,gate10_charcount_006,0.9954334545540868,170.59768755688194,0.0001276391426661253,3.253231615636181e-05,-0.0021151451340557514,0
0.999900463211306,1.023772609795358,1.1551249688922398,1.3452625717943707,2.2695426552076947,,127,TF_RANDOM_R2,CHARCOUNT,gate10_charcount_006,0.99796012001862,234.0362013127621,3.7229145348141244e-11,1.0915595149744779e-11,-7.440092986144009e-11,0
0.9998871305190029,1.1373164683924264,1.4107580582760737,1.6815252348340752,2.26011932660102,,PREFILL,TF_RANDOM_R3,CHARCOUNT,gate10_charcount_006,0.9689897917472136,413.9640674271962,0.009858226330113311,0.003018243536568958,-0.015854958976284195,0
0.9998656890547729,1.0660067585322004,1.214651775484003,1.334220607560735,1.6336122168347216,,0,TF_RANDOM_R3,CHARCOUNT,gate10_charcount_006,0.9927988561353341,219.6465119107383,0.009890957617156958,0.0020541782291806842,0.01740109255962352,0
0.9999233860857918,1.0578781045202126,1.1750546149716048,1.3341187800978829,1.6884834967749494,,1,TF_RANDOM_R3,CHARCOUNT,gate10_charcount_006,0.9951680747700211,237.4352818957008,0.00023216812694594217,5.559462840591144e-05,0.00179518864398176,0
0.9999462309913169,1.064874805158779,1.1950030515705312,1.3854738158423154,1.700872920589758,,3,TF_RANDOM_R3,CHARCOUNT,gate10_charcount_006,0.9962164737270739,281.4019575103991,1.2469227623177923e-09,2.710675347558612e-10,2.9621531894008513e-09,0
1.000041898906263,1.045349116265507,1.1576745539115867,1.3084058643174468,1.6859116126328033,,7,TF_RANDOM_R3,CHARCOUNT,gate10_charcount_006,0.9938062863300632,262.71799541535245,2.0888225814145344e-05,6.242024368053769e-06,-3.9872991209222164e-05,0
0.9999031921249352,1.047346057290446,1.1860380245156525,1.3461738730086255,1.6725421189802825,,15,TF_RANDOM_R3,CHARCOUNT,gate10_charcount_006,0.9882656229652987,229.5832364741475,0.024008804000479046,0.0057301172439628255,0.17182836293157777,0
0.999910443238293,1.048993073619152,1.1689091794474489,1.3028850381385504,1.9515284715138028,,31,TF_RANDOM_R3,CHARCOUNT,gate10_charcount_006,0.9955914526829901,257.66012340073524,1.5902538855500362e-11,4.0993342408442715e-12,6.536993168992922e-13,0
1.0001650898643843,1.1023608780875735,1.3403658091780082,1.5967130942431025,2.371718327438988,,63,TF_RANDOM_R3,CHARCOUNT,gate10_charcount_006,0.9939702615530662,152.73044264360746,0.007094543966911033,0.001430315962296638,0.01080101727391991,0
0.999861400761927,1.041347983102271,1.1851944783283646,1.4065647316243761,2.340200310648447,,127,TF_RANDOM_R3,CHARCOUNT,gate10_charcount_006,0.997973989907759,232.48226019212592,2.173852063007238e-11,6.1937839376291134e-12,-4.994404889657744e-11,0
0.0,0.0,0.0,0.0,0.0,,PREFILL,TF_BASELINE,CHARCOUNT,gate10_charcount_035,1.0,0.0,0.0,0.0,0.0,0
0.0,0.0,0.0,0.0,0.0,,0,TF_BASELINE,CHARCOUNT,gate10_charcount_035,1.0,0.0,0.0,0.0,0.0,0
0.0,0.0,0.0,0.0,0.0,,1,TF_BASELINE,CHARCOUNT,gate10_charcount_035,1.0000000000000002,0.0,0.0,0.0,0.0,0
0.0,0.0,0.0,0.0,0.0,,3,TF_BASELINE,CHARCOUNT,gate10_charcount_035,1.0,0.0,0.0,0.0,0.0,0
0.0,0.0,0.0,0.0,0.0,,7,TF_BASELINE,CHARCOUNT,gate10_charcount_035,1.0,0.0,0.0,0.0,0.0,0
0.0,0.0,0.0,0.0,0.0,,15,TF_BASELINE,CHARCOUNT,gate10_charcount_035,1.0,0.0,0.0,0.0,0.0,0
0.0,0.0,0.0,0.0,0.0,,31,TF_BASELINE,CHARCOUNT,gate10_charcount_035,0.9999999999999998,0.0,0.0,0.0,0.0,0
0.0,0.0,0.0,0.0,0.0,,63,TF_BASELINE,CHARCOUNT,gate10_charcount_035,1.0000000000000002,0.0,0.0,0.0,0.0,0
0.0,0.0,0.0,0.0,0.0,,127,TF_BASELINE,CHARCOUNT,gate10_charcount_035,1.0000000000000002,0.0,0.0,0.0,0.0,0
0.0,0.0,0.0,0.0,0.0,,255,TF_BASELINE,CHARCOUNT,gate10_charcount_035,1.0000000000000002,0.0,0.0,0.0,,0
1.8735655922564551,2.2197360830254707,2.825672174040565,3.4494272913651858,5.471996401855368,,PREFILL,TF_TEXTUAL_CAREFUL,CHARCOUNT,gate10_charcount_035,0.7909096173147502,1099.3042769746419,5.219423697775453,0.6699797346435232,-5.240856943145182,1
1.017973980209002,1.1440451897125985,1.5174362820577414,1.9010220499391122,2.8992277798176804,,0,TF_TEXTUAL_CAREFUL,CHARCOUNT,gate10_charcount_035,0.9011057691122956,786.8586227179273,0.5352086056641104,0.06124683900510744,0.20511191782460259,0
0.7243353107103214,0.815167122891621,1.083044146009343,1.4374535389009686,2.5032355908880386,,1,TF_TEXTUAL_CAREFUL,CHARCOUNT,gate10_charcount_035,0.9661373755992904,825.6035413281136,0.0058010081146376395,0.0019957360945797786,-0.005909674027826384,0
0.6923869052559637,0.7877094956745513,1.0673531265479215,1.3411193012155302,3.8983351427593598,,3,TF_TEXTUAL_CAREFUL,CHARCOUNT,gate10_charcount_035,0.9526960841467377,1302.8274817814736,6.6890448764284675e-09,2.237684552924078e-09,-7.890015751854662e-09,0
0.535961326717827,0.5793002566452392,0.7731903496944993,1.0441978265897982,2.1801726051041537,,7,TF_TEXTUAL_CAREFUL,CHARCOUNT,gate10_charcount_035,0.9798479451847957,604.8080246422436,2.932251899352099e-05,8.88122862948987e-06,-2.5333083939926837e-05,0
0.765510562990046,0.8372875408325641,1.1135777267003653,1.450563239975983,2.9369338811539554,,15,TF_TEXTUAL_CAREFUL,CHARCOUNT,gate10_charcount_035,0.9346452973238671,630.439861869473,0.9111298459019002,0.13949462713535993,-2.785697576246612,1
0.38848720863538355,0.41849625314237976,0.4722790474048526,0.5150005411314021,1.2195493177899737,,31,TF_TEXTUAL_CAREFUL,CHARCOUNT,gate10_charcount_035,0.997937724973311,170.47471609675202,1.5202029471496623e-09,3.3187274658867527e-10,3.5133140841026034e-09,0
1.089756104002935,1.266202825195978,1.7044088129636839,2.3185109051230066,5.406034660987865,,63,TF_TEXTUAL_CAREFUL,CHARCOUNT,gate10_charcount_035,0.9279905503988423,495.4508694772331,0.6849018939103588,0.2040319871326025,-0.7470079273638106,1
0.3969578734940797,0.46915081574265927,0.5950543919804577,0.7610343649484345,1.2090989820311637,,127,TF_TEXTUAL_CAREFUL,CHARCOUNT,gate10_charcount_035,0.9962515974954219,347.3907537509363,1.7164403116528785e-11,2.5590492794244038e-12,1.0530243343964685e-11,0
0.35941453236355075,0.40811429616222317,0.48333835973227446,0.5638055240427231,1.0333039254127907,,255,TF_TEXTUAL_CAREFUL,CHARCOUNT,gate10_charcount_035,0.9983211544936975,183.7094126474376,1.7078461800650407e-14,2.8185482137247586e-15,,0
0.9997835877390123,1.2255124618836943,1.8218785646767814,2.4001091651483075,3.78154481257099,0.5358334073922422,PREFILL,TF_MEANINGFUL_L27_D75,CHARCOUNT,gate10_charcount_035,0.7740502184459336,1106.9215286758276,0.18731337014566063,0.06202668179194849,-0.19536051281295386,0
1.0000732424285192,1.0986765328122154,1.2906609864896756,1.480524528494467,2.935009919076359,0.8925402481155558,0,TF_MEANINGFUL_L27_D75,CHARCOUNT,gate10_charcount_035,0.9310086396899484,716.5763575949508,0.1292307166060452,0.02594834996982626,0.12112682041687606,0
1.0001040401680494,1.0901005708719098,1.247811662651835,1.4400106089405558,2.9958447329551112,0.9479013954370566,1,TF_MEANINGFUL_L27_D75,CHARCOUNT,gate10_charcount_035,0.9780821017729607,698.5499024481283,4.837957790982779e-05,1.501632693698204e-05,-7.736393187229851e-05,0
1.0003718635485221,1.1136213893184337,1.285486576403775,1.4656684786346414,4.273929404030854,0.9658164019015891,3,TF_MEANINGFUL_L27_D75,CHARCOUNT,gate10_charcount_035,0.964857986217306,1273.435013288385,3.6138474900850617e-06,1.2493679977225745e-06,-3.6385738795274847e-06,0
1.0002321431707035,1.0811972952340136,1.270074451915265,1.4760884064987252,3.061564146292336,0.8840172612086273,7,TF_MEANINGFUL_L27_D75,CHARCOUNT,gate10_charcount_035,0.971253603247246,714.9032745291606,0.0005367415184883527,0.00017830254634882046,-0.0006199565193085732,0
1.0001686764365827,1.0982507443170884,1.3186845124244952,1.558363437104085,3.397970895971666,0.8966273600553516,15,TF_MEANINGFUL_L27_D75,CHARCOUNT,gate10_charcount_035,0.872514388921143,787.186914375153,0.13298169602704904,0.03157139666541334,0.3547761407003911,0
1.0003621953973785,1.0803454843368772,1.2024713084842356,1.386997173399135,3.374995626344114,-0.28964608456885815,31,TF_MEANINGFUL_L27_D75,CHARCOUNT,gate10_charcount_035,0.9928236720870863,282.1060932146545,1.7876840027471586e-07,5.954457625116217e-08,-2.0409106582519598e-07,0
1.0000525026849367,1.1734369149721733,1.4659800426021432,1.7744793621293387,3.391467349010389,0.7094013777014229,63,TF_MEANINGFUL_L27_D75,CHARCOUNT,gate10_charcount_035,0.9354473505272813,462.432031810359,0.06136477258989131,0.018933697233408556,-0.089977001926421,0
0.9998028460723389,1.1236218441732182,1.4471087471971702,1.8148569919397082,3.6800576062638806,0.8180270526961192,127,TF_MEANINGFUL_L27_D75,CHARCOUNT,gate10_charcount_035,0.9065380746998929,1396.159106330848,2.813189465017958e-08,9.738186549052594e-09,-2.8222807202382683e-08,0
1.000055699412331,1.1411199502399425,1.4600731141291856,1.835165255292894,3.7034492301422985,-0.18756297743228292,255,TF_MEANINGFUL_L27_D75,CHARCOUNT,gate10_charcount_035,0.9626324392899949,1104.156659373837,2.5158255523463645e-11,8.75397764537267e-12,,0
1.000159008285439,1.1358155658963278,1.4067504536890882,1.7063903161343774,2.204621799967355,,PREFILL,TF_RANDOM_R0,CHARCOUNT,gate10_charcount_035,0.9696807593471694,434.9519243865479,0.006845171134689355,0.002131410264104867,-0.010272404311713501,0
1.0001886364905568,1.041777046293753,1.1692028105539585,1.2901108375020147,1.5338434464244444,,0,TF_RANDOM_R0,CHARCOUNT,gate10_charcount_035,0.9922844616173164,224.2884872145331,0.01077711775988024,0.00221579340338469,0.05040982827038931,0
1.0001550318684365,1.0487489528027736,1.1813228516090777,1.3731146439843114,1.752323546280176,,1,TF_RANDOM_R0,CHARCOUNT,gate10_charcount_035,0.9959588222552127,182.13315772367568,1.5750660240681183e-06,4.186444615982543e-07,-8.780160058563524e-06,0
1.0001707036295646,1.0820511333241318,1.2204444014603744,1.3985889747445883,1.6911277361127515,,3,TF_RANDOM_R0,CHARCOUNT,gate10_charcount_035,0.9953166508053463,299.3962656278713,4.469636051185738e-09,1.2852933705890197e-09,-8.288459696359496e-09,0
1.0001054436093446,1.052041192174086,1.1770713601125964,1.3448636825907323,1.72230799136495,,7,TF_RANDOM_R0,CHARCOUNT,gate10_charcount_035,0.9914266745431665,331.16075040838274,3.5529321835379335e-05,1.0371288272788152e-05,-5.6204200561182915e-05,0
1.0000040059912965,1.034554391606683,1.1566605675759107,1.3197225911690695,1.7111213167400021,,15,TF_RANDOM_R0,CHARCOUNT,gate10_charcount_035,0.9862976862603806,348.82380614941553,0.09890028510060303,0.0233497690122052,-0.5391809675752555,1
1.0000611572395894,1.038108372779523,1.114692838778246,1.2394767027694744,2.1735731563210483,,31,TF_RANDOM_R0,CHARCOUNT,gate10_charcount_035,0.9959059342318716,207.15798187263155,5.82345819741007e-09,1.6825740155060465e-09,-1.4197915731983812e-08,0
1.000111837064133,1.0712152410539864,1.2475359644063178,1.4396418157558,1.9149653951433883,,63,TF_RANDOM_R0,CHARCOUNT,gate10_charcount_035,0.977482099006475,287.3299642591622,0.00047640928575200855,0.00011005898861492679,0.0032178498550905488,0
1.0000715271113807,1.0804675837295468,1.3473296848840626,1.594961599506876,2.0916899977128516,,127,TF_RANDOM_R0,CHARCOUNT,gate10_charcount_035,0.9916127126434146,361.20115601891604,2.150563868956848e-10,7.115203900402894e-11,-2.51006326834613e-10,0
1.0001477807550787,1.067761060151017,1.2551475282700393,1.4904984739025673,2.4452486712727928,,255,TF_RANDOM_R0,CHARCOUNT,gate10_charcount_035,0.9886887997480144,551.7349802257388,9.661091461392992e-13,3.334288034142693e-13,,0
0.9999003852423451,1.1183136393505226,1.3674690674680772,1.687559252713196,2.257963952647662,,PREFILL,TF_RANDOM_R1,CHARCOUNT,gate10_charcount_035,0.9687904847616343,433.0739248461583,0.00243620617480462,0.0007270807927802083,-0.0046564880352732985,0
0.9999846696890091,1.0598647536423214,1.16283524146038,1.2739994873727247,1.5247209220686764,,0,TF_RANDOM_R1,CHARCOUNT,gate10_charcount_035,0.9914087424014929,223.9981551976708,0.022253562843897495,0.005780717766362167,-0.12395586037306572,0
1.00000899600479,1.0438257587086874,1.1234301964674827,1.278227198336151,1.5091305605356946,,1,TF_RANDOM_R1,CHARCOUNT,gate10_charcount_035,0.996399472146776,197.13671438089517,2.3690709441584013e-05,6.94974696526121e-06,-4.701463129919148e-05,0
1.0000893040344514,1.056250892307559,1.184307893274695,1.356106650805404,1.6060317885043345,,3,TF_RANDOM_R1,CHARCOUNT,gate10_charcount_035,0.9954472139960534,304.81599706303234,2.5432736156142176e-10,6.833295129543737e-11,3.794298208958935e-10,0
1.0000460312611874,1.0470393273985161,1.1448328321549668,1.318143095960448,1.6439689898405279,,7,TF_RANDOM_R1,CHARCOUNT,gate10_charcount_035,0.9927953236804612,266.0349698507371,9.631678644425227e-06,1.989796377351543e-06,1.702263750757993e-05,0
1.00013951604523,1.0510457624510892,1.165196609408268,1.348272485558495,1.6425625857249628,,15,TF_RANDOM_R1,CHARCOUNT,gate10_charcount_035,0.9886794006837754,226.0461681288821,0.11192503845669456,0.02699701962039491,-0.28624324321337014,1
1.0000017448914322,1.0281631199490104,1.102865493202106,1.2402962345168247,2.1525742439127744,,31,TF_RANDOM_R1,CHARCOUNT,gate10_charcount_035,0.9959380486851287,211.00740660521888,1.7005225120497072e-08,5.261830851776687e-09,-2.841586876911606e-08,0
1.000056635039861,1.0787998276572583,1.266231517773566,1.4617402464497873,1.9516285836595166,,63,TF_RANDOM_R1,CHARCOUNT,gate10_charcount_035,0.9839232614773069,234.526510488648,0.0004478680944643827,0.00010742488710539536,0.003154716294439197,0
1.0000331663826494,1.0724550255002443,1.3020334611482964,1.6305508435564453,2.2112805051606963,,127,TF_RANDOM_R1,CHARCOUNT,gate10_charcount_035,0.9907334403875979,370.3008254663861,3.07317755576346e-11,9.496621975298603e-12,-4.9183768169314135e-11,0
1.000029034027725,1.0620977067117119,1.252411441496372,1.546048083802071,2.40966660036762,,255,TF_RANDOM_R1,CHARCOUNT,gate10_charcount_035,0.9893938194878882,517.8621233709154,1.0698924381229265e-13,3.655334292513101e-14,,0
1.0000453295405398,1.128890050919005,1.3622070982391574,1.626248828173342,2.0779328423870527,,PREFILL,TF_RANDOM_R2,CHARCOUNT,gate10_charcount_035,0.9749259422847524,393.04992865916194,0.02083714758510983,0.006846796906804477,-0.025179238476077614,0
0.9998754351748775,1.0625556184187035,1.1857479020123807,1.2808708139222664,1.5018850609430994,,0,TF_RANDOM_R2,CHARCOUNT,gate10_charcount_035,0.991438386814966,228.51404296145415,0.00768635417901168,0.0019487217090338668,0.029101207713708277,0
0.9999502074083195,1.0500343490911206,1.1602812901792265,1.3299689601263318,1.570116946074313,,1,TF_RANDOM_R2,CHARCOUNT,gate10_charcount_035,0.9959706625698375,217.8521852512213,3.751636266919035e-05,1.131541673339632e-05,-6.58419376051711e-05,0
0.9999538719494788,1.0796292614626348,1.2335035786487667,1.4236575550326733,1.7717944229939802,,3,TF_RANDOM_R2,CHARCOUNT,gate10_charcount_035,0.9959127643020519,263.54280612268667,1.2214713151077864e-10,3.1653716947632315e-11,-9.184404348161479e-10,0
1.000074723838775,1.032270680743788,1.13135184288845,1.268918484101906,1.8733435366559932,,7,TF_RANDOM_R2,CHARCOUNT,gate10_charcount_035,0.9918032973091845,297.620430702974,2.360161913517088e-05,7.135844190605016e-06,-4.3397623812779784e-05,0
0.999882842226157,1.0428945754094197,1.1580103662259087,1.3241928635696576,1.6833369216080674,,15,TF_RANDOM_R2,CHARCOUNT,gate10_charcount_035,0.9840623414029926,280.53327269233466,0.06713698927029227,0.017002625641131797,-0.3235585379543622,1
0.9998345014704384,1.0329267115802647,1.1172504546005588,1.2416737121479193,2.1327903997901734,,31,TF_RANDOM_R2,CHARCOUNT,gate10_charcount_035,0.9952394518105553,228.42599519676884,3.6732493022591263e-09,1.0351227649138436e-09,-1.0865115029901062e-08,0
1.0000054874015525,1.0826620981012451,1.270669822900211,1.4572651399736274,1.9293558143690994,,63,TF_RANDOM_R2,CHARCOUNT,gate10_charcount_035,0.9827451106760402,240.74573985207726,6.185408559238064e-05,1.7416235005707403e-05,-0.0001224991382784424,0
1.000069967732164,1.0704693899746265,1.2831440769444094,1.555360072732671,2.6182563375412684,,127,TF_RANDOM_R2,CHARCOUNT,gate10_charcount_035,0.9893748157055949,582.8165818983175,1.502892088943512e-09,5.1449067702533e-10,-1.559122608796315e-09,0
0.9999491938118287,1.0699387332271746,1.2657983222271594,1.506368899942873,2.3271247599782785,,255,TF_RANDOM_R2,CHARCOUNT,gate10_charcount_035,0.9917779883767269,402.03825004897357,6.470523279514321e-14,2.158113058097776e-14,,0
1.0000997518752035,1.1356834864766712,1.4062124678593177,1.6769132148626869,2.3269240678730863,,PREFILL,TF_RANDOM_R3,CHARCOUNT,gate10_charcount_035,0.9710633184655586,428.2179714919108,0.009843019462050425,0.003109257412883082,-0.013801199552588628,0
1.0001455196552145,1.0652837523583654,1.2109212725838296,1.3253499229484682,1.6260840017901341,,0,TF_RANDOM_R3,CHARCOUNT,gate10_charcount_035,0.9921213512196315,213.61686383712808,0.009574970910918062,0.002270681552221698,-0.04167048710267096,0
0.9999938700263878,1.0530236010806233,1.1500816246295051,1.3290755917730697,1.6420147758061272,,1,TF_RANDOM_R3,CHARCOUNT,gate10_charcount_035,0.994835480684434,234.05666846807668,7.904867142836186e-07,1.9168104862725307e-07,-5.261537424416929e-06,0
1.0001730426983897,1.0696101720262103,1.197468819956979,1.3896379821026603,1.7018174365813288,,3,TF_RANDOM_R3,CHARCOUNT,gate10_charcount_035,0.9955482221371958,271.51194396074425,1.4709836423700552e-10,3.4140445331568055e-11,8.679208463036048e-10,0
1.000014687738931,1.045078641940366,1.1537815636970306,1.304379313272978,1.6847314744415853,,7,TF_RANDOM_R3,CHARCOUNT,gate10_charcount_035,0.9936702136764777,246.3701777578823,1.7417226325354806e-05,5.136666649677315e-06,-3.7584820965719246e-05,0
0.9998844016053736,1.0471662608667576,1.182112365306506,1.3447060293519213,1.6831501079779037,,15,TF_RANDOM_R3,CHARCOUNT,gate10_charcount_035,0.9870810272749748,245.64855237964264,0.015064056890830894,0.0037441552474635972,-0.0953799843518226,0
0.9999511430358495,1.0430936301664346,1.1236316682622836,1.251682353743592,2.096237771260511,,31,TF_RANDOM_R3,CHARCOUNT,gate10_charcount_035,0.9964085368221031,193.39514202497202,1.8000797406028487e-09,3.592130631383769e-10,4.776055106958665e-10,0
0.9999581602423248,1.0731182294811177,1.2810070256968475,1.4926552512972209,2.0119288423427757,,63,TF_RANDOM_R3,CHARCOUNT,gate10_charcount_035,0.983608337923913,235.33498704688427,0.00021307440416667916,6.09002854805045e-05,-0.002021280198015063,0
0.9997130258294555,1.0714633382873675,1.3162734002795937,1.5667167196922422,2.3657262568607975,,127,TF_RANDOM_R3,CHARCOUNT,gate10_charcount_035,0.9911207384142956,348.57878422785683,1.0348266943556762e-11,3.005387456578742e-12,-2.2957635792408837e-11,0
0.9998192195541146,1.0825976957395942,1.303099140905007,1.5465603398747654,2.549383235676137,,255,TF_RANDOM_R3,CHARCOUNT,gate10_charcount_035,0.9863795089559481,566.0597672425544,1.7353572772242256e-13,5.330009439118972e-14,,0
0.0,0.0,0.0,0.0,0.0,,PREFILL,TF_BASELINE,CHARCOUNT,gate10_charcount_054,1.0,0.0,0.0,0.0,0.0,0
0.0,0.0,0.0,0.0,0.0,,0,TF_BASELINE,CHARCOUNT,gate10_charcount_054,1.0,0.0,0.0,0.0,0.0,0
0.0,0.0,0.0,0.0,0.0,,1,TF_BASELINE,CHARCOUNT,gate10_charcount_054,1.0000000000000002,0.0,0.0,0.0,0.0,0
0.0,0.0,0.0,0.0,0.0,,3,TF_BASELINE,CHARCOUNT,gate10_charcount_054,1.0000000000000002,0.0,0.0,0.0,0.0,0
0.0,0.0,0.0,0.0,0.0,,7,TF_BASELINE,CHARCOUNT,gate10_charcount_054,1.0000000000000002,0.0,0.0,0.0,0.0,0
0.0,0.0,0.0,0.0,0.0,,15,TF_BASELINE,CHARCOUNT,gate10_charcount_054,1.0,0.0,0.0,0.0,0.0,0
0.0,0.0,0.0,0.0,0.0,,31,TF_BASELINE,CHARCOUNT,gate10_charcount_054,0.9999999999999999,0.0,0.0,0.0,0.0,0
0.0,0.0,0.0,0.0,0.0,,63,TF_BASELINE,CHARCOUNT,gate10_charcount_054,1.0000000000000002,0.0,0.0,0.0,0.0,0
0.0,0.0,0.0,0.0,0.0,,127,TF_BASELINE,CHARCOUNT,gate10_charcount_054,1.0000000000000002,0.0,0.0,0.0,0.0,0
0.0,0.0,0.0,0.0,0.0,,255,TF_BASELINE,CHARCOUNT,gate10_charcount_054,1.0000000000000002,0.0,0.0,0.0,,0
1.8888180363131724,2.225827330121845,2.8271685543369354,3.4101643058189324,5.169011826928124,,PREFILL,TF_TEXTUAL_CAREFUL,CHARCOUNT,gate10_charcount_054,0.8075875233846085,1089.323066042117,5.188713362534092,0.670637483516,-5.2060678984022815,1
1.0347308353650555,1.1671786583616874,1.5591729108554875,1.969859597958102,3.0284978218775076,,0,TF_TEXTUAL_CAREFUL,CHARCOUNT,gate10_charcount_054,0.8921808942135184,823.6139809202941,0.7657824316631365,0.09107060006557931,-3.6999441376425324,0
0.7630710701434001,0.863237638191864,1.1540111822866934,1.4981604836839497,2.4741026446094794,,1,TF_TEXTUAL_CAREFUL,CHARCOUNT,gate10_charcount_054,0.9573601209888525,934.4280854254276,0.22484949248766492,0.07282671748572643,-0.24975187137067678,0
0.6744515492568695,0.765439611235685,1.0487256400834835,1.329321193999704,5.061128670825692,,3,TF_TEXTUAL_CAREFUL,CHARCOUNT,gate10_charcount_054,0.9332034369003905,1683.9691527462944,3.731868230690772e-08,1.2305734992359135e-08,-4.448916968158301e-08,0
0.5339508970626632,0.5777848129379446,0.759858670987984,1.0214523314898307,2.7115730205044204,,7,TF_TEXTUAL_CAREFUL,CHARCOUNT,gate10_charcount_054,0.9729607930109334,787.7669588673562,4.021035161648494e-05,1.2914330956852315e-05,-5.482990286509448e-05,0
0.7723280129876499,0.8437070372540594,1.1263950441722435,1.4496556812718486,3.3862256517112868,,15,TF_TEXTUAL_CAREFUL,CHARCOUNT,gate10_charcount_054,0.8783253805329971,791.8170633253239,0.559121274238847,0.08597156546293043,-2.662172489455923,0
0.3114747320261497,0.33875903424328047,0.41745388610495937,0.5061897756655381,1.4844434044040207,,31,TF_TEXTUAL_CAREFUL,CHARCOUNT,gate10_charcount_054,0.9981186347287648,154.43940638019555,5.569893453078571e-07,1.5024628487049214e-07,-2.3957909789373844e-06,0
1.108056900521469,1.2985513673573477,1.775506057405631,2.4296007686467136,5.772710208767217,,63,TF_TEXTUAL_CAREFUL,CHARCOUNT,gate10_charcount_054,0.9394867720815999,434.4534229002446,0.7608879567308319,0.2169980852241044,-0.8780619767714413,1
0.34637289819134653,0.3765422858663026,0.5163230896295878,0.6326389397067885,1.6364958208822908,,127,TF_TEXTUAL_CAREFUL,CHARCOUNT,gate10_charcount_054,0.9966763836796683,298.8146603962997,2.1171285651281154e-12,6.774423989440079e-13,-3.439026841078885e-12,0
0.30419303534348646,0.33422630870506254,0.4837052816619701,0.6249552155698131,1.2278440456885429,,255,TF_TEXTUAL_CAREFUL,CHARCOUNT,gate10_charcount_054,0.9954298439693414,167.2684013862871,3.351911629545082e-10,5.88100564938396e-11,,0
0.9999203452963192,1.2130154409029317,1.7920596474807844,2.3423873399999047,3.788292870193449,0.5518057267430654,PREFILL,TF_MEANINGFUL_L27_D75,CHARCOUNT,gate10_charcount_054,0.8168533748806114,1049.5260565896356,0.23938559662269646,0.07910329961589782,-0.24662218773603684,0
1.0001169050465875,1.0978952838246359,1.2857307751891143,1.476934837537564,3.0057449197262605,0.8990070189856659,0,TF_MEANINGFUL_L27_D75,CHARCOUNT,gate10_charcount_054,0.9324871655301441,725.0536306721365,0.13656282446614282,0.029748076559215637,-1.0742434672815975,0
0.9999329762679747,1.094439387604528,1.261694893787306,1.461356951038316,2.723864047490654,0.9405355474186898,1,TF_MEANINGFUL_L27_D75,CHARCOUNT,gate10_charcount_054,0.98506575942796,634.1014298251788,0.025327593517763917,0.00773889723514422,-0.041703249862017344,0
1.000309566348814,1.111034067322042,1.2796623729982648,1.468144305017037,4.149366815950478,0.9744799790190303,3,TF_MEANINGFUL_L27_D75,CHARCOUNT,gate10_charcount_054,0.9734920557033415,1318.906125901807,1.90625167513987e-06,6.584840977911827e-07,-1.923786051349907e-06,0
1.0002456318009283,1.0767431624083188,1.2645699212491837,1.4605864617673319,3.065332542107476,0.9159133515772612,7,TF_MEANINGFUL_L27_D75,CHARCOUNT,gate10_charcount_054,0.969993424530907,786.1149574459049,0.0004691709283994419,0.00015686143198673073,-0.000529034604291212,0
1.0001787344325306,1.1008769728249372,1.3224962589818599,1.5625826494507802,3.440028912825979,0.9265143237080068,15,TF_MEANINGFUL_L27_D75,CHARCOUNT,gate10_charcount_054,0.8851519784385934,750.4709406682438,0.14148148141235278,0.03448509400492124,0.4682917543771268,1
1.0002346381774503,1.066768047465806,1.20276540740451,1.388279762804892,3.0704794291502013,-0.25123745826046245,31,TF_MEANINGFUL_L27_D75,CHARCOUNT,gate10_charcount_054,0.9958120815845366,245.2097577573151,1.5985799028540634e-07,4.0060504702434766e-08,6.420250713290443e-07,0
1.0000667710047697,1.169931196586091,1.4686585882827132,1.782222459629991,3.3864430291740986,0.5923540392046023,63,TF_MEANINGFUL_L27_D75,CHARCOUNT,gate10_charcount_054,0.9523926218537395,378.2601941289199,0.07781602082564153,0.02365177015528268,-0.1258925178013257,0
0.9997091273814137,1.1450324326947077,1.4157164163714968,1.741200806203114,4.521357975603806,0.8237084219983764,127,TF_MEANINGFUL_L27_D75,CHARCOUNT,gate10_charcount_054,0.9060652897104097,1156.2007357183265,1.0650190064812095e-08,3.693870238541101e-09,-1.0659164217940997e-08,0
0.9998621804515353,1.1397428624536519,1.4861587215424192,1.9008896586436121,4.350547006837933,-0.30495237369160827,255,TF_MEANINGFUL_L27_D75,CHARCOUNT,gate10_charcount_054,0.5973464690145692,1276.9187311421897,2.8741342733600574e-07,9.930804958854708e-08,,0
1.000171873163977,1.1382969280749429,1.415543949030127,1.7106218475768846,2.2263536206074903,,PREFILL,TF_RANDOM_R0,CHARCOUNT,gate10_charcount_054,0.9686022458706122,463.61639209077805,0.007373518322867501,0.0023347395145758496,-0.010226206516186664,0
1.0001869211734185,1.0419273704502454,1.167489832484385,1.2920470407064624,1.538262415248802,,0,TF_RANDOM_R0,CHARCOUNT,gate10_charcount_054,0.9919706626867918,233.56161635058808,0.011190243303602009,0.002374615300483439,-0.18468081946689097,0
1.0001603337577734,1.056462422098308,1.2150456746741478,1.428977221292612,1.6369826590737528,,1,TF_RANDOM_R0,CHARCOUNT,gate10_charcount_054,0.9957553367179581,219.58517584188218,0.001969085056448603,0.0005073355209700052,-0.001881358493264429,0
1.000229492226035,1.0816534136549059,1.2221331311831276,1.406921517589163,1.7030838084432318,,3,TF_RANDOM_R0,CHARCOUNT,gate10_charcount_054,0.995913556630014,313.60758518100727,3.324901597267135e-09,9.759468378802956e-10,-6.571426069967856e-09,0
1.000154719992593,1.0501739135310177,1.1769385789722921,1.3427430827939069,1.7037647893471761,,7,TF_RANDOM_R0,CHARCOUNT,gate10_charcount_054,0.9919907394309291,316.1516349444359,3.2711757441530164e-05,9.59098139749226e-06,-4.706458133085789e-05,0
0.9999816288995366,1.0330410920458115,1.1565831443978003,1.3173220828028418,1.6750675336217702,,15,TF_RANDOM_R0,CHARCOUNT,gate10_charcount_054,0.9881209117641296,304.2813679591743,0.13108184705518047,0.028530678480948174,-0.9093950612216304,0
1.0002270751882492,1.0348407715998347,1.1137799002158137,1.249128012617634,2.0624480508270433,,31,TF_RANDOM_R0,CHARCOUNT,gate10_charcount_054,0.9973246238024102,181.2782180888391,7.43260496197852e-06,2.238040116051978e-06,-1.2866911191622421e-05,0
1.0000772968144827,1.0675384587678294,1.2416456433220184,1.4269741986887274,1.9344075792796045,,63,TF_RANDOM_R0,CHARCOUNT,gate10_charcount_054,0.9766076693003308,271.7424879337725,0.0014901978260650618,0.0002995692517577343,0.0071550297143474495,0
1.0000584283259604,1.0610986904165165,1.2247423624575142,1.4485767467917958,2.1265896842727847,,127,TF_RANDOM_R0,CHARCOUNT,gate10_charcount_054,0.9887123699853901,332.7943616131795,4.2367323544466285e-12,1.3462586493961814e-12,-6.103562100179261e-12,0
1.0001549538994756,1.0780114055252819,1.3772156553863788,1.6889193432660243,2.372973783646374,,255,TF_RANDOM_R0,CHARCOUNT,gate10_charcount_054,0.9768774946123036,358.5193724362238,2.0586140540005704e-10,6.354787226456787e-11,,0
0.9999484141222202,1.1211304239986553,1.3837953000534318,1.705881958509725,2.2150471856586975,,PREFILL,TF_RANDOM_R1,CHARCOUNT,gate10_charcount_054,0.9671608315912328,463.32070597910774,0.002518535594614794,0.0007568797376706149,-0.00455594598553688,0
1.0000582723880387,1.061153190720141,1.1638728523911894,1.2772888418924864,1.5130884209256663,,0,TF_RANDOM_R1,CHARCOUNT,gate10_charcount_054,0.9924287259062623,210.02025984779382,0.030482453833041417,0.007837894104407486,0.32089708574175546,0
0.9999332101748571,1.0523962628217345,1.1415504168727195,1.2944100460025278,1.5142465718699287,,1,TF_RANDOM_R1,CHARCOUNT,gate10_charcount_054,0.9965173544832384,183.9265562891193,0.0016562115154385593,0.0003678072326561802,0.0020429774642920506,0
1.0001274308563004,1.0533982419374417,1.1745097678732808,1.344613246288526,1.590386069009159,,3,TF_RANDOM_R1,CHARCOUNT,gate10_charcount_054,0.996259202228457,288.21909222950825,9.878018676358755e-10,2.0475453523298762e-10,1.6318040252372157e-09,0
1.0001321869629114,1.045981132662046,1.1418551975406286,1.3068110092235403,1.6133482398512906,,7,TF_RANDOM_R1,CHARCOUNT,gate10_charcount_054,0.9929197324056659,280.7991057754552,6.122729134861089e-06,1.2730767970724092e-06,1.1312719152556383e-05,0
1.000173354574233,1.048190071291499,1.1651945822152863,1.3402153290835943,1.6264127189290198,,15,TF_RANDOM_R1,CHARCOUNT,gate10_charcount_054,0.9895400650374767,213.91441780206642,0.14204065219006465,0.033121324337247605,-0.5973111429896178,0
1.0000078264703776,1.0299246726811848,1.1187685882370022,1.263630551209028,2.1747422229198277,,31,TF_RANDOM_R1,CHARCOUNT,gate10_charcount_054,0.9966052704514986,207.82738344199052,2.022253644119822e-06,3.956161426985976e-07,2.7414581893481227e-06,0
1.0001183864568435,1.0755572545139986,1.2614903032340716,1.4635810936151321,1.9649665778518597,,63,TF_RANDOM_R1,CHARCOUNT,gate10_charcount_054,0.983416304693863,228.27708109743222,0.00016529154866821275,3.853790467555152e-05,7.861870919612102e-06,0
0.999927596409677,1.0663555916629819,1.237566541197946,1.4695787779585032,2.333038081906025,,127,TF_RANDOM_R1,CHARCOUNT,gate10_charcount_054,0.9851732006432886,471.485167297607,1.926917245572664e-11,6.449897299755576e-12,-2.2019719381205505e-11,0
0.9999926225230145,1.0772212680761668,1.3025935121939836,1.6264367333689573,2.1783485992343494,,255,TF_RANDOM_R1,CHARCOUNT,gate10_charcount_054,0.9790263077742648,327.1400044720269,5.701894680718824e-10,8.497839138559741e-11,,0
0.9999527024150663,1.1266232593206114,1.3704011682092867,1.6305051537453952,2.082723099402913,,PREFILL,TF_RANDOM_R2,CHARCOUNT,gate10_charcount_054,0.9744418522486188,408.984917852663,0.016300440952658236,0.005360551962516061,-0.01969494993253562,0
0.9998859609845904,1.062082424795388,1.1859193557572596,1.2836893918564984,1.5039172439383366,,0,TF_RANDOM_R2,CHARCOUNT,gate10_charcount_054,0.9916335442488015,228.16098719632515,0.00599273108473469,0.0016621871287416132,-0.018595939015305873,0
0.9999691538658028,1.0521272699068493,1.1569711179469215,1.3056298574358314,1.4963531631717646,,1,TF_RANDOM_R2,CHARCOUNT,gate10_charcount_054,0.9961459390751453,202.75314804058033,0.00670888384897172,0.0016645760862192363,-0.004403279723128151,0
0.9999048294731128,1.0778478266454472,1.2323345900189482,1.4271561782433195,1.7638627965460258,,3,TF_RANDOM_R2,CHARCOUNT,gate10_charcount_054,0.9962611108826152,275.3368066988589,4.990813248798577e-14,1.1465432713578242e-14,-1.3500311979441904e-13,0
0.999927596409677,1.0303933441047717,1.132642073252369,1.2699651394321725,1.9555571277202142,,7,TF_RANDOM_R2,CHARCOUNT,gate10_charcount_054,0.991957255894093,336.3492488142368,2.9511057524333562e-05,9.206675801618313e-06,-4.81072213105449e-05,0
1.0000058772463567,1.042050015625641,1.1544805554309279,1.317920260670378,1.68525027990699,,15,TF_RANDOM_R2,CHARCOUNT,gate10_charcount_054,0.9833582454130901,287.91473664099897,0.1042100702099399,0.0250613663870609,-0.5002093060490864,0
0.9998583599724543,1.0344763446768859,1.1061247517029849,1.239992701352289,2.095852448656058,,31,TF_RANDOM_R2,CHARCOUNT,gate10_charcount_054,0.997116360175037,183.6441403196153,5.624680039388954e-07,1.5171458502851813e-07,-2.480088838296979e-06,0
1.0000498517402683,1.084061407041374,1.2728390753285983,1.4524856426743626,1.916616777733901,,63,TF_RANDOM_R2,CHARCOUNT,gate10_charcount_054,0.9834740984901542,224.9929860820545,0.0010535192681872787,0.00030478460281512074,-0.005367690161087069,0
0.9999975345675471,1.0654880310357564,1.2488320424422994,1.4887338803809202,2.1607430519395927,,127,TF_RANDOM_R2,CHARCOUNT,gate10_charcount_054,0.9903782260864913,351.9485911974838,2.561303963925224e-13,6.432743971787206e-14,-3.268496584496461e-13,0
0.9998917306876923,1.0640877864680975,1.2689248775566948,1.5460730338695385,2.1715573468075866,,255,TF_RANDOM_R2,CHARCOUNT,gate10_charcount_054,0.977914209196694,365.9622228259302,4.599190589870914e-10,1.374859046037894e-10,,0
1.0000709033596942,1.1371975657271511,1.419414640121884,1.6949670836822521,2.239402505893052,,PREFILL,TF_RANDOM_R3,CHARCOUNT,gate10_charcount_054,0.9702871357806848,444.85126615269246,0.005391098978353409,0.0016791840245446506,-0.00810864213417517,0
0.9999488819359853,1.065424486332675,1.2133969430283036,1.329628391705399,1.6432390444291787,,0,TF_RANDOM_R3,CHARCOUNT,gate10_charcount_054,0.9927988993845879,212.4211940827359,0.01070806592866258,0.0025559069567474176,0.18465620327927468,0
1.000054763784801,1.057931825134229,1.1763104610237949,1.338190787046519,1.7128065378595176,,1,TF_RANDOM_R3,CHARCOUNT,gate10_charcount_054,0.9950826326184988,224.4599690713259,0.002018132755984774,0.00044566825558917247,0.005569374611873457,0
1.0000426006269105,1.0657378435862759,1.1916908521452445,1.3770505171273275,1.6762994432029836,,3,TF_RANDOM_R3,CHARCOUNT,gate10_charcount_054,0.9962065712576474,272.6166355580948,2.836213336946538e-10,6.480365564151767e-11,1.0510348147363402e-09,0
0.9998677942167156,1.0445858001389197,1.152744966362712,1.296038895563359,1.6707022074424678,,7,TF_RANDOM_R3,CHARCOUNT,gate10_charcount_054,0.9937283173960422,258.42101495799903,2.5863327537227124e-05,7.940739967771368e-06,-4.5060934318996715e-05,0
0.9999963650331346,1.0474383725400762,1.186527357713861,1.3412761747647328,1.6673994422614424,,15,TF_RANDOM_R3,CHARCOUNT,gate10_charcount_054,0.9877035398085846,236.525259497293,0.03413091619857296,0.00832615998427349,-0.299621782276688,0
1.0000408073408114,1.048376339138937,1.1451178866757843,1.2807013873703692,2.2550468219469324,,31,TF_RANDOM_R3,CHARCOUNT,gate10_charcount_054,0.9964711361969145,207.73391268318946,7.972056021661767e-08,2.2257074046070442e-08,-2.412085322589519e-07,0
0.9999145755932173,1.0723644255677525,1.277785738079896,1.4809100070368415,1.9988270941017665,,63,TF_RANDOM_R3,CHARCOUNT,gate10_charcount_054,0.9839462572332135,223.46509115342332,0.0011718291475458795,0.0003476085030406496,-0.005693416581884492,0
1.0000695778873598,1.052338409852794,1.2555245861646436,1.4812331104105472,2.4449773392890823,,127,TF_RANDOM_R3,CHARCOUNT,gate10_charcount_054,0.9877400396544945,357.83764040359404,1.0685249474327955e-11,3.5632048028767156e-12,-1.2015277661703294e-11,0
0.9999700894933328,1.090599650190223,1.3476356350863843,1.6239552932213817,2.373380625684018,,255,TF_RANDOM_R3,CHARCOUNT,gate10_charcount_054,0.9793365014864932,335.2432667923406,2.1558385001996763e-10,4.838199353036243e-11,,0
0.0,0.0,0.0,0.0,0.0,,PREFILL,TF_BASELINE,CHARCOUNT,gate10_charcount_131,0.9999999999999999,0.0,0.0,0.0,0.0,0
0.0,0.0,0.0,0.0,0.0,,0,TF_BASELINE,CHARCOUNT,gate10_charcount_131,1.0000000000000002,0.0,0.0,0.0,0.0,0
0.0,0.0,0.0,0.0,0.0,,1,TF_BASELINE,CHARCOUNT,gate10_charcount_131,1.0,0.0,0.0,0.0,0.0,0
0.0,0.0,0.0,0.0,0.0,,3,TF_BASELINE,CHARCOUNT,gate10_charcount_131,1.0,0.0,0.0,0.0,0.0,0
0.0,0.0,0.0,0.0,0.0,,7,TF_BASELINE,CHARCOUNT,gate10_charcount_131,1.0000000000000002,0.0,0.0,0.0,0.0,0
0.0,0.0,0.0,0.0,0.0,,15,TF_BASELINE,CHARCOUNT,gate10_charcount_131,1.0,0.0,0.0,0.0,0.0,0
0.0,0.0,0.0,0.0,0.0,,31,TF_BASELINE,CHARCOUNT,gate10_charcount_131,1.0,0.0,0.0,0.0,0.0,0
0.0,0.0,0.0,0.0,0.0,,63,TF_BASELINE,CHARCOUNT,gate10_charcount_131,1.0,0.0,0.0,0.0,0.0,0
0.0,0.0,0.0,0.0,0.0,,127,TF_BASELINE,CHARCOUNT,gate10_charcount_131,1.0,0.0,0.0,0.0,0.0,0
0.0,0.0,0.0,0.0,0.0,,255,TF_BASELINE,CHARCOUNT,gate10_charcount_131,1.0,0.0,0.0,0.0,,0
1.8895765183641877,2.2261198696629028,2.800287975399015,3.397131326201381,5.564734555129116,,PREFILL,TF_TEXTUAL_CAREFUL,CHARCOUNT,gate10_charcount_131,0.7949007393754933,1084.4440624398799,4.435362940111353,0.6525607808802487,-4.463298182087691,1
1.0095948898948082,1.13836008293322,1.5270412783431644,1.9170275182195864,2.818539885379104,,0,TF_TEXTUAL_CAREFUL,CHARCOUNT,gate10_charcount_131,0.9174781501230398,736.8026613713628,0.6900888051172755,0.07584867867363233,0.26246824912928446,0
0.7005220306917008,0.7875159767137555,1.0396370322256794,1.361232330290782,2.2416433338274873,,1,TF_TEXTUAL_CAREFUL,CHARCOUNT,gate10_charcount_131,0.9769222784870251,726.9399889448001,0.0064430316739524,0.0022047417420725745,-0.00666996079587534,0
0.6918407326853054,0.7886058268483253,1.0615224517186617,1.3262004083732706,3.4624836616709884,,3,TF_TEXTUAL_CAREFUL,CHARCOUNT,gate10_charcount_131,0.9653617597388475,1201.752351750453,2.876084484512353e-09,9.201871333044808e-10,-1.742833433127089e-09,0
0.49284784404067294,0.5314559682848626,0.7204400593959011,0.9787341514441167,1.942366806739695,,7,TF_TEXTUAL_CAREFUL,CHARCOUNT,gate10_charcount_131,0.9848815300703964,511.01366385167313,5.316166521500059e-05,1.278746195884651e-05,1.115507237869906e-05,0
0.7494229933938112,0.8213340778489676,1.0871282381469087,1.3998185452569767,2.6065043879502574,,15,TF_TEXTUAL_CAREFUL,CHARCOUNT,gate10_charcount_131,0.9471267954933092,546.6780394427274,0.8471791349746363,0.2096295232633793,-1.267716663596648,1
0.28380567247953215,0.30747884227552996,0.3873668726371268,0.5064517123894677,1.3019880832130897,,31,TF_TEXTUAL_CAREFUL,CHARCOUNT,gate10_charcount_131,0.9970675092191706,195.96950492587698,1.9198641009715323e-11,4.155924799970957e-12,4.597211500367848e-11,0
0.9539395540844104,1.0889573899681282,1.543338974288853,1.9248740025623077,3.698532507471962,,63,TF_TEXTUAL_CAREFUL,CHARCOUNT,gate10_charcount_131,0.9625350415417979,451.30100010016554,1.2486549267123739,0.32882084038590453,-1.3141568746136834,1
0.5815671651970741,0.6399377310841152,0.8435365971056713,1.058455152799362,1.8010334070592768,,127,TF_TEXTUAL_CAREFUL,CHARCOUNT,gate10_charcount_131,0.9784822360932668,227.22745667153995,0.13069640959772305,0.03416115004811836,0.7652121567042407,1
0.20652654202423823,0.24009311529179242,0.3484828552250179,0.4242987421922971,0.9533000526676312,,255,TF_TEXTUAL_CAREFUL,CHARCOUNT,gate10_charcount_131,0.9996018119423844,93.63431417300748,1.607719298502417e-09,3.495470288245041e-10,,0
1.0000160132112654,1.2134068450863298,1.7714516714421438,2.3176702437872696,3.8886230171217475,0.5329046919226521,PREFILL,TF_MEANINGFUL_L27_D75,CHARCOUNT,gate10_charcount_131,0.7460782916046677,1159.472099823421,0.2340842631209226,0.07692779617371498,-0.2450935102936711,0
1.0002241903366982,1.09809613186775,1.287896986828029,1.4769788120314757,2.997726279918013,0.873988722684063,0,TF_MEANINGFUL_L27_D75,CHARCOUNT,gate10_charcount_131,0.9366065641440264,712.8812094239628,0.15428444328245816,0.03135791306327422,0.15369411532431343,0
1.0001017010992244,1.0871354112913056,1.2410774055354434,1.436201669265781,2.873976128409552,0.9402216030762518,1,TF_MEANINGFUL_L27_D75,CHARCOUNT,gate10_charcount_131,0.9813563895666638,669.1304964063927,9.6574280054813e-05,2.938727601543369e-05,-0.0001650387923959329,0
1.0002912436430174,1.1112220504866184,1.2719857830212058,1.4489054639306818,4.037592696826472,0.9616160046752361,3,TF_MEANINGFUL_L27_D75,CHARCOUNT,gate10_charcount_131,0.9730116792291963,1210.1947747400945,2.313767949380387e-06,7.984620990018289e-07,-2.34181101887998e-06,0
1.000040963278733,1.0813710880477176,1.2592089314400017,1.4613206175025664,3.021349315672193,0.8600885431107929,7,TF_MEANINGFUL_L27_D75,CHARCOUNT,gate10_charcount_131,0.9687582532704262,736.4134635851519,0.0011978394594804565,0.00039580481580426326,-0.0014109310979080192,0
1.0003288246821405,1.0993904166176325,1.3235507112082099,1.566431041419738,3.4593861107948842,0.8780770927835152,15,TF_MEANINGFUL_L27_D75,CHARCOUNT,gate10_charcount_131,0.8742030656818139,745.8046206486271,0.013735848215239177,0.0037324315119717623,-0.03118565443499932,0
1.0002084406066094,1.0661161489842537,1.2587118793146703,1.4980976407015156,3.4381118120169365,0.19371104484856783,31,TF_MEANINGFUL_L27_D75,CHARCOUNT,gate10_charcount_131,0.988657384155729,393.8359560045685,1.02826545431425e-09,3.408674707479241e-10,-1.2262191262379929e-09,0
1.0001820091288858,1.1814747351447867,1.5348961833336559,1.84045669678901,4.404474394538276,0.6708085965640638,63,TF_MEANINGFUL_L27_D75,CHARCOUNT,gate10_charcount_131,0.9567904558883095,512.1657583455138,0.5235964146984586,0.15103766363309817,-0.588340993241701,0
1.0000309052827852,1.1302467108375565,1.3656938701677563,1.6969772794305336,4.321644224931762,0.7286523492437929,127,TF_MEANINGFUL_L27_D75,CHARCOUNT,gate10_charcount_131,0.8926806596378265,471.8473849702169,0.0942934458326674,0.024555367048209743,0.4366209120480242,1
1.0003018474216911,1.1529306884274242,1.4962806520381868,2.0588173481967407,10.444152508339863,-0.22185604704596426,255,TF_MEANINGFUL_L27_D75,CHARCOUNT,gate10_charcount_131,0.981982632070215,1020.1574204703348,8.733673056975957e-08,2.84885460197393e-08,,0
0.9999958972193695,1.1317132290219263,1.3962495940436563,1.6789917114206607,2.2023444825592486,,PREFILL,TF_RANDOM_R0,CHARCOUNT,gate10_charcount_131,0.9708112753843654,427.04467200603654,0.010962071644556839,0.003415619666398761,-0.016237322557650202,0
1.0000269288657824,1.0427841713608754,1.1694061536038196,1.2960907449223151,1.5464611633565817,,0,TF_RANDOM_R0,CHARCOUNT,gate10_charcount_131,0.9925273447852332,216.9288353975812,0.011062202024287834,0.0023787937510080324,0.06021892104245552,0
1.0002003318346824,1.0487304741590553,1.1819777129111417,1.3758008306230434,1.6571759961786658,,1,TF_RANDOM_R0,CHARCOUNT,gate10_charcount_131,0.995904286625461,193.18648709267512,7.0791008720197365e-09,1.9535080512863966e-09,-3.325695985267885e-08,0
1.0000200675972288,1.0816211345051197,1.216223785672384,1.3936842592942205,1.6822051241725677,,3,TF_RANDOM_R0,CHARCOUNT,gate10_charcount_131,0.9952362601142749,330.6273989462164,9.229701235666886e-10,2.1586448599372613e-10,-2.6873721026277053e-09,0
1.0003037186767512,1.0468791011839975,1.1730314763758247,1.3416934646431287,1.7544447698286882,,7,TF_RANDOM_R0,CHARCOUNT,gate10_charcount_131,0.9903488805868229,365.6120522464991,0.00018630050520110442,5.6472664668612024e-05,-0.00028605631466405157,0
1.0000011991087063,1.0364153547639237,1.1671506675047472,1.338374637856171,1.699755157567209,,15,TF_RANDOM_R0,CHARCOUNT,gate10_charcount_131,0.9850397363913169,341.00328461853604,0.030537610912783272,0.00774844205735946,-0.05988756776739734,0
1.0000292679346074,1.0288161879649753,1.1401579692011443,1.3044777101015534,2.0850004168110194,,31,TF_RANDOM_R0,CHARCOUNT,gate10_charcount_131,0.994592648753599,256.9754691290239,9.786732542444423e-11,2.882898933061644e-11,-1.9763035652431427e-10,0
1.000206179506745,1.0720110702372425,1.2478628102901435,1.4052871322321125,1.852429610415031,,63,TF_RANDOM_R0,CHARCOUNT,gate10_charcount_131,0.9896329536562668,227.9326957172958,0.045599534537965246,0.010010951260974576,-0.02984937342638716,0
1.0001030265715587,1.0635526075209172,1.2464417480099412,1.4648062978657137,2.1712794654311662,,127,TF_RANDOM_R0,CHARCOUNT,gate10_charcount_131,0.9820967722909886,207.4712522328535,0.04711824726341044,0.01116713827167848,0.28805355696930235,0
1.0000588181707644,1.0832671372373346,1.4133042126611437,1.7090916287515117,3.4744356796155054,,255,TF_RANDOM_R0,CHARCOUNT,gate10_charcount_131,0.9966161054043262,279.5538093887212,1.4752598738941993e-08,1.898127929645044e-09,,0
0.9998491596350757,1.1154784540276323,1.3681017076163027,1.6745900517056087,2.2652161575708885,,PREFILL,TF_RANDOM_R1,CHARCOUNT,gate10_charcount_131,0.97284752922041,403.215036493349,0.0024555767212521766,0.0007143387860199307,-0.005407778400766006,0
1.0001444280897627,1.0625364380543378,1.1681039939888926,1.2833731497513465,1.525819816602703,,0,TF_RANDOM_R1,CHARCOUNT,gate10_charcount_131,0.9921921637639579,215.29738604813997,0.026188968976516493,0.006769506113959881,-0.14983424128066503,0
1.0001215831842376,1.0439919105642297,1.1227007188698983,1.2796071709739927,1.5140960917755146,,1,TF_RANDOM_R1,CHARCOUNT,gate10_charcount_131,0.9963910060715394,205.5274923103571,7.183927146371516e-05,2.1411728672297003e-05,-0.00013408171540874037,0
1.0000029923948057,1.055852392948725,1.174681611462964,1.342834462416007,1.5976774143507257,,3,TF_RANDOM_R1,CHARCOUNT,gate10_charcount_131,0.9959386419911279,276.3859012605473,2.367717086505304e-09,4.6416880153427067e-10,3.0061215738896863e-09,0
1.0001031825094804,1.0439176061445528,1.1391267517251233,1.3098493816583698,1.6480955750617496,,7,TF_RANDOM_R1,CHARCOUNT,gate10_charcount_131,0.9918970807080058,287.7652553208195,2.760119881629441e-05,5.687033826385647e-06,4.7317653077527666e-05,0
1.000042912502754,1.0540068676457297,1.173547085113835,1.3607005819778786,1.6583742231687981,,15,TF_RANDOM_R1,CHARCOUNT,gate10_charcount_131,0.9886481207262718,217.08707193685635,0.03408677783220815,0.008991575314769025,-0.1186686260416181,0
1.0000364410790044,1.0308844705890796,1.160679633600139,1.3163295379313957,2.124991788389406,,31,TF_RANDOM_R1,CHARCOUNT,gate10_charcount_131,0.9930992601103694,307.2590820932272,4.1933753099519604e-11,1.1807132414302846e-11,-1.0840750519491849e-10,0
1.0000890701275689,1.0761202683801976,1.2338807924812927,1.3877413091613566,1.8284296727041685,,63,TF_RANDOM_R1,CHARCOUNT,gate10_charcount_131,0.9896015158216214,224.90633586450474,0.06221642223908272,0.014705475206606896,0.020485241273220822,0
1.0000177285284038,1.0685464414935208,1.2493340066121637,1.493388627342847,2.0641056709344228,,127,TF_RANDOM_R1,CHARCOUNT,gate10_charcount_131,0.9818337242269958,198.17784282786047,0.0795664644293648,0.017547803855132584,0.19433854498108616,0
0.9999678283934685,1.0643150659889353,1.300854882336295,1.6424019696656402,3.071142477193153,,255,TF_RANDOM_R1,CHARCOUNT,gate10_charcount_131,0.996518856192364,281.0339128225539,2.19124944348784e-08,6.747657129573745e-09,,0
0.9999854493786176,1.1245389150905747,1.3623232719908034,1.616550425072837,2.05138113652594,,PREFILL,TF_RANDOM_R2,CHARCOUNT,gate10_charcount_131,0.9769847875055304,372.1970671281901,0.017077726357597897,0.005487317671275065,-0.02268359396914832,0
0.9999974565985863,1.0626993931824855,1.1912494698579503,1.2902367573737654,1.5143661762558516,,0,TF_RANDOM_R2,CHARCOUNT,gate10_charcount_131,0.9918586633959802,228.828891619382,0.008384238048082297,0.0021216112815436276,0.03903026343931515,0
0.9999416308226275,1.0487087987879429,1.1591768598489804,1.328810653244148,1.5659512204347514,,1,TF_RANDOM_R2,CHARCOUNT,gate10_charcount_131,0.99605050917073,219.7154700699884,8.996142968632245e-05,2.713475069779909e-05,-0.00015802104969964148,0
0.9997863946216025,1.077703194223096,1.2326772636018237,1.4226843464635146,1.7077641292243129,,3,TF_RANDOM_R2,CHARCOUNT,gate10_charcount_131,0.995986285853739,268.294774137138,1.806937119985038e-11,4.135564051996502e-12,6.641442951149656e-11,0
1.0000250576107224,1.0301743292937826,1.1311147392785468,1.2720455072452066,1.8132213590792843,,7,TF_RANDOM_R2,CHARCOUNT,gate10_charcount_131,0.9926183555442689,275.35188495039165,7.483980886378522e-05,2.207174584482214e-05,-0.00015176688476969957,0
1.000044237975088,1.0449641055368974,1.1592760363671641,1.3271018854984598,1.6680515746498772,,15,TF_RANDOM_R2,CHARCOUNT,gate10_charcount_131,0.9848741598512101,258.3670963561975,0.01120767592469314,0.002972170280907763,-0.048980379191227996,0
1.0001084064298564,1.0379801138389473,1.1545812913283284,1.2893123573740903,2.042900140779933,,31,TF_RANDOM_R2,CHARCOUNT,gate10_charcount_131,0.993957055587767,269.27290145169076,2.7737666300814207e-11,7.874685010648323e-12,-8.209610768972198e-11,0
1.0000862632449787,1.0825461582564815,1.2407177347191056,1.3824263210390682,1.806391278110025,,63,TF_RANDOM_R2,CHARCOUNT,gate10_charcount_131,0.9889114691959301,231.60970478454934,0.07194369929545431,0.019317553834523667,-0.04831791967017551,0
0.9999487259980636,1.0650115627160859,1.2584714230394511,1.448778218586597,2.0310315496235107,,127,TF_RANDOM_R2,CHARCOUNT,gate10_charcount_131,0.9770096526800977,222.98933901188772,0.08386167429692412,0.023547658827423427,-0.33492705600255945,0
0.9999198774825542,1.0671410509744468,1.3081788187034915,1.6018163186677594,3.0272871198536415,,255,TF_RANDOM_R2,CHARCOUNT,gate10_charcount_131,0.9962722948883932,306.70437337418446,1.1703656257209475e-09,3.1968824752709033e-10,,0
0.9998982800804025,1.1313255673486482,1.4003392219774415,1.6644177532611408,2.333538174820829,,PREFILL,TF_RANDOM_R3,CHARCOUNT,gate10_charcount_131,0.9708887850705723,441.82762933267776,0.011006115729579744,0.0034291116206518276,-0.01633498051566562,0
1.0000650556876314,1.0668141271216602,1.2153986401598538,1.3306591413676547,1.6111612104998325,,0,TF_RANDOM_R3,CHARCOUNT,gate10_charcount_131,0.9924778871966945,210.56765237743215,0.01098989594418062,0.002638417314099338,-0.05605607803296664,0
0.9999054532247995,1.0525520448054855,1.1523571487515123,1.3248265952833351,1.6392969337692955,,1,TF_RANDOM_R3,CHARCOUNT,gate10_charcount_131,0.9953217645661984,218.26749003413056,9.765321138040748e-08,1.5633937987481e-08,7.092111786732858e-08,0
1.0000510992436418,1.067594284543788,1.1930620142905117,1.3823067166531453,1.7095999863761642,,3,TF_RANDOM_R3,CHARCOUNT,gate10_charcount_131,0.9957889985534331,269.45154732118044,1.0091339505262027e-09,2.1937187517326478e-10,2.3937332116474863e-09,0
0.9998310708361616,1.04371410715677,1.15346173501968,1.3043695671528734,1.6911562727524174,,7,TF_RANDOM_R3,CHARCOUNT,gate10_charcount_131,0.9931333559800058,259.254241790854,8.45272514854678e-05,2.4971296008769873e-05,-0.00017070477222347336,0
0.9998734859508566,1.0471352292203449,1.1916828993112394,1.3574558257037153,1.6938210958958804,,15,TF_RANDOM_R3,CHARCOUNT,gate10_charcount_131,0.9870506899938777,236.654614204523,0.017322623642669347,0.004099274813986083,0.002011353491148782,0
1.0000439260992446,1.042852550139529,1.1726838127794557,1.3327628998689396,2.1023131126888748,,31,TF_RANDOM_R3,CHARCOUNT,gate10_charcount_131,0.9937674557983976,283.95702772755567,7.479430656570078e-12,1.7537282354296124e-12,-2.079048044834053e-11,0
0.9999215927996926,1.0817277960435439,1.2586707117033489,1.4608741672328178,1.8400185112291099,,63,TF_RANDOM_R3,CHARCOUNT,gate10_charcount_131,0.9900819384922148,222.109305283232,0.2937443150058174,0.07789574061382196,-0.44171033177262586,0
1.0000124266390669,1.0681870825530264,1.253645456239528,1.4801530843650428,2.250621615605708,,127,TF_RANDOM_R3,CHARCOUNT,gate10_charcount_131,0.9800488525634065,214.3667810242408,0.11637772683268159,0.025630844311213964,-1.010116304610257,0
0.9999816288995366,1.087948237708024,1.368127281435457,1.6857631597313711,3.1289561497774208,,255,TF_RANDOM_R3,CHARCOUNT,gate10_charcount_131,0.9959805860548909,338.2819040584772,2.1890521741412842e-08,6.74061943982197e-09,,0
0.0,0.0,0.0,0.0,0.0,,PREFILL,TF_BASELINE,CHARCOUNT,gate10_charcount_079,1.0,0.0,0.0,0.0,0.0,0
0.0,0.0,0.0,0.0,0.0,,0,TF_BASELINE,CHARCOUNT,gate10_charcount_079,1.0,0.0,0.0,0.0,0.0,0
0.0,0.0,0.0,0.0,0.0,,1,TF_BASELINE,CHARCOUNT,gate10_charcount_079,1.0,0.0,0.0,0.0,0.0,0
0.0,0.0,0.0,0.0,0.0,,3,TF_BASELINE,CHARCOUNT,gate10_charcount_079,0.9999999999999999,0.0,0.0,0.0,0.0,0
0.0,0.0,0.0,0.0,0.0,,7,TF_BASELINE,CHARCOUNT,gate10_charcount_079,1.0000000000000002,0.0,0.0,0.0,0.0,0
0.0,0.0,0.0,0.0,0.0,,15,TF_BASELINE,CHARCOUNT,gate10_charcount_079,1.0000000000000002,0.0,0.0,0.0,0.0,0
0.0,0.0,0.0,0.0,0.0,,31,TF_BASELINE,CHARCOUNT,gate10_charcount_079,1.0,0.0,0.0,0.0,0.0,0
0.0,0.0,0.0,0.0,0.0,,63,TF_BASELINE,CHARCOUNT,gate10_charcount_079,1.0000000000000002,0.0,0.0,0.0,0.0,0
0.0,0.0,0.0,0.0,0.0,,127,TF_BASELINE,CHARCOUNT,gate10_charcount_079,0.9999999999999998,0.0,0.0,0.0,0.0,0
1.8821757046016068,2.221002610825295,2.790332898479437,3.377221172362225,5.288646464807802,,PREFILL,TF_TEXTUAL_CAREFUL,CHARCOUNT,gate10_charcount_079,0.8162128659701765,992.6291760503934,5.332233269741105,0.6696500543965108,-5.361399749676465,1
1.0466448824256454,1.181092687236689,1.5720708482328705,1.967289117257251,2.86725021397197,,0,TF_TEXTUAL_CAREFUL,CHARCOUNT,gate10_charcount_079,0.9123971683684868,770.5180394946756,0.8986637319280499,0.09670013991968103,0.31255061705699205,0
0.7151105690468971,0.8062192490081264,1.0656774176416277,1.4208966741294602,2.3100105730747122,,1,TF_TEXTUAL_CAREFUL,CHARCOUNT,gate10_charcount_079,0.9735776886197579,749.7020648526419,0.008299463350492966,0.0028423055976433183,-0.008563086108544837,0
0.6546609998036366,0.7421442010549391,0.9993977973207944,1.2596958476004243,3.6919188683379844,,3,TF_TEXTUAL_CAREFUL,CHARCOUNT,gate10_charcount_079,0.9609387452647379,1216.4204112815416,8.735386616499184e-09,2.756090479587514e-09,-1.3991730440920946e-08,0
0.5163069500546947,0.5578473699624962,0.7308445494057393,0.9788019064710833,2.036740904749709,,7,TF_TEXTUAL_CAREFUL,CHARCOUNT,gate10_charcount_079,0.9830426685577065,564.3291446963659,3.47859682198047e-05,1.0593078315421517e-05,-3.645137763896855e-05,0
0.7321104534538774,0.7997677853126881,1.0648847851857661,1.3701834788706317,2.818761940979566,,15,TF_TEXTUAL_CAREFUL,CHARCOUNT,gate10_charcount_079,0.9292751128072528,616.0204659056008,0.46085979889608436,0.07480206642956394,-2.40387644245142,0
0.2739508636435897,0.294539600841144,0.35911630108835196,0.42016911618160285,1.044906642412761,,31,TF_TEXTUAL_CAREFUL,CHARCOUNT,gate10_charcount_079,0.996971950971642,164.14700229378184,2.2038737161527073e-12,5.654277949116793e-13,-4.213518423057394e-12,0
0.9980430086573029,1.135021919843975,1.589384947552021,1.9840632035536494,3.292026671987311,,63,TF_TEXTUAL_CAREFUL,CHARCOUNT,gate10_charcount_079,0.9636030792396807,390.91077408744997,2.3113506189542212,0.5014633594630468,-2.3139192934661494,1
0.26717040991790275,0.29694849087066166,0.36959540739371055,0.4655671283957407,1.325591938602904,,127,TF_TEXTUAL_CAREFUL,CHARCOUNT,gate10_charcount_079,0.9969469932303552,289.42463278125604,4.757004724923633e-13,5.306871613236252e-14,1.7053025658242404e-13,0
0.9998256130089032,1.2123806176238026,1.76257381368548,2.3118509524262922,3.873707866789608,0.3005291168090623,PREFILL,TF_MEANINGFUL_L27_D75,CHARCOUNT,gate10_charcount_079,0.7917779536433031,995.7838719490926,0.2863622462661101,0.09357175910106484,-0.2985995197531537,0
1.000201891213899,1.0991188507270397,1.2889537001542433,1.484801905685946,3.030895211485302,0.8845941208562705,0,TF_MEANINGFUL_L27_D75,CHARCOUNT,gate10_charcount_079,0.9322163833682123,742.6153546525347,0.13956517095639417,0.030637219524265735,0.16982140136822466,0
1.000235807711863,1.0900849770797427,1.245537464002162,1.4398570100877082,2.8699993995310575,0.9390028415276221,1,TF_MEANINGFUL_L27_D75,CHARCOUNT,gate10_charcount_079,0.980191019516439,664.3186529483834,6.833225161818918e-05,2.0345757280828976e-05,-0.00013291781228730315,0
1.00016376439205,1.1104041560874456,1.2727512043097358,1.4573289185835914,3.937606860829227,0.9628077117772751,3,TF_MEANINGFUL_L27_D75,CHARCOUNT,gate10_charcount_079,0.9697710671304333,1180.1132785669877,2.7350250402525817e-06,9.442730263017707e-07,-2.7644181912478416e-06,0
1.0001089522125821,1.0769921952692298,1.2569098606918219,1.455035851445396,3.101348588248663,0.8756564562287131,7,TF_MEANINGFUL_L27_D75,CHARCOUNT,gate10_charcount_079,0.9729228865314231,719.5121567579795,0.000835344178862281,0.00027929402714918424,-0.0009406962001108354,0
1.000120491618786,1.0972937532917837,1.317649708376276,1.5563884833261017,3.4647042176756058,0.8970148204210421,15,TF_MEANINGFUL_L27_D75,CHARCOUNT,gate10_charcount_079,0.8880851564600184,713.7294965832338,0.19544120737017967,0.04723273871555382,0.63006802992766,1
1.0002683207685317,1.072246536498968,1.2304590466660312,1.465181484505258,3.1165837231960745,-0.39528734259802456,31,TF_MEANINGFUL_L27_D75,CHARCOUNT,gate10_charcount_079,0.9715316017610878,483.25455805322156,1.3536704300546028e-09,4.5133102385756695e-10,-1.5418777365994174e-09,0
1.0004616837914055,1.1557311775627421,1.4781182504251373,1.7287050327257245,3.6653991297508144,0.38394805243299807,63,TF_MEANINGFUL_L27_D75,CHARCOUNT,gate10_charcount_079,0.9735264277278238,356.311013732332,0.4074022385152383,0.11654253558601636,-0.6418196768572457,0
1.0000193658765812,1.1494011895082867,1.4107975105702568,1.7582156606505748,4.461136621508913,-0.7813664690824418,127,TF_MEANINGFUL_L27_D75,CHARCOUNT,gate10_charcount_079,0.8330727568245577,1352.4909641169204,6.452622589182717e-10,2.2383917143586177e-10,-6.466009949690488e-10,0
1.0000985043718302,1.1377314192019972,1.4195205219706997,1.703861470858613,2.2201633529308533,,PREFILL,TF_RANDOM_R0,CHARCOUNT,gate10_charcount_079,0.9606062467031493,460.15775153643966,0.01538723763149553,0.004867392227118882,-0.0211924330961466,0
1.000147157003392,1.0426269079668686,1.1696249345079262,1.2944897302805027,1.553300132787376,,0,TF_RANDOM_R0,CHARCOUNT,gate10_charcount_079,0.9927430735561763,212.55440608171253,0.027391858032257167,0.0063076357836524734,0.12268988334690789,0
1.000090941382629,1.050117541972333,1.1857131278558477,1.3868189363546632,1.6884395222810378,,1,TF_RANDOM_R0,CHARCOUNT,gate10_charcount_079,0.9957382033806194,193.53328172895286,4.2846521154980333e-07,1.0959649099917853e-07,-6.8824657049049165e-06,0
1.0002602119966046,1.081818162069153,1.2200519836804853,1.396581741816819,1.6824496348337503,,3,TF_RANDOM_R0,CHARCOUNT,gate10_charcount_079,0.9950090020965945,322.13616202535496,3.5510173448871073e-09,9.634879040100745e-10,-7.258542211729946e-09,0
1.0001468451275486,1.049322102633881,1.1777687144983162,1.3453102887984025,1.731229043925917,,7,TF_RANDOM_R0,CHARCOUNT,gate10_charcount_079,0.9912936787784952,316.932365358998,7.458138650334147e-05,2.257514499617992e-05,-0.00010708931856839854,0
0.999909039796998,1.032966553719252,1.1550717160919888,1.3188964320600483,1.6502521965184815,,15,TF_RANDOM_R0,CHARCOUNT,gate10_charcount_079,0.9853904763917866,326.3166122192045,0.06585941564612609,0.015134117105790977,-0.5824433342593807,0
1.0001459095000187,1.034535834994004,1.1462571691315242,1.28111633817994,1.7932207612455584,,31,TF_RANDOM_R0,CHARCOUNT,gate10_charcount_079,0.9901073818849686,269.46470870868376,4.981678436328919e-11,1.4642628293583498e-11,-1.0719958254412632e-10,0
1.0001930807213246,1.0633965136613228,1.2213026058122995,1.3792751275179085,1.7997107416076499,,63,TF_RANDOM_R0,CHARCOUNT,gate10_charcount_079,0.9888600155149193,220.09073001274254,0.11433863865613389,0.029311782553882143,-0.4744808810009573,0
1.000115735512175,1.059390546422515,1.2321462170095678,1.4382903017886637,2.322112291424035,,127,TF_RANDOM_R0,CHARCOUNT,gate10_charcount_079,0.9858986260558128,507.4518387581168,2.8166424704197412e-12,9.47262629685067e-13,-3.197442310920451e-12,0
0.9999289998509721,1.1195308127981378,1.3791566146974374,1.6922763748437917,2.2427177461078114,,PREFILL,TF_RANDOM_R1,CHARCOUNT,gate10_charcount_079,0.967167920780768,412.3598971561194,0.0019251004665039818,0.0005722851721965396,-0.004251609190632166,0
1.0001000637510469,1.0619002893028744,1.1667685416276885,1.2801850769117114,1.5124865005480101,,0,TF_RANDOM_R1,CHARCOUNT,gate10_charcount_079,0.9915202592720457,234.5828615235982,0.02799267397964508,0.007170024466804042,-0.17327857230668542,0
0.9999458411465126,1.0445906342144915,1.1231179307793333,1.2806365171949534,1.5134031036516018,,1,TF_RANDOM_R1,CHARCOUNT,gate10_charcount_079,0.9965896970805668,178.51936854735825,3.705725396426327e-05,1.0624575155646571e-05,-8.833637262739558e-05,0
1.0000343359170618,1.0564022300605425,1.1778346762391836,1.3438566354925707,1.5842851537616407,,3,TF_RANDOM_R1,CHARCOUNT,gate10_charcount_079,0.995887913164371,262.180487459844,2.3526922761872213e-09,4.599625365288532e-10,3.0373001891348395e-09,0
1.0000556214433702,1.0444128649837847,1.1353468944727407,1.2993072764326554,1.6298887311410235,,7,TF_RANDOM_R1,CHARCOUNT,gate10_charcount_079,0.9918681804437977,300.92241097544235,4.54510648930424e-06,1.0035333786560007e-06,1.3433482365599048e-05,0
1.0000859513691356,1.049489735899679,1.1632040346451358,1.3476789858286091,1.6480040395017277,,15,TF_RANDOM_R1,CHARCOUNT,gate10_charcount_079,0.9887405230610967,215.36621735419425,0.11541287645426992,0.027790338854188003,-0.17662928054854632,1
0.9999881003232859,1.039986800983991,1.1773728660841503,1.3382027942664878,2.0226648563740897,,31,TF_RANDOM_R1,CHARCOUNT,gate10_charcount_079,0.9848012332744969,347.66449580652704,4.4162738211201896e-11,1.0832423087476436e-11,-4.356337512945174e-11,0
0.9999400714434108,1.0604109262129795,1.209687491747556,1.3630218738798967,1.819140606648054,,63,TF_RANDOM_R1,CHARCOUNT,gate10_charcount_079,0.9889240791222591,218.67702454651166,0.13624188519230107,0.03344610165435143,0.24431624532762442,0
1.0001367871316007,1.0595571660918222,1.2772022183769973,1.5862038139499002,2.5592391360775313,,127,TF_RANDOM_R1,CHARCOUNT,gate10_charcount_079,0.9876046825782325,373.5500470276036,1.8466979946051855e-13,3.818619493014675e-14,-1.4210854715202004e-13,0
0.9999320406404446,1.1275829792595453,1.3724759222571405,1.6326126547568003,2.108753660729796,,PREFILL,TF_RANDOM_R2,CHARCOUNT,gate10_charcount_079,0.9686727388452161,404.9998048272307,0.012597856536107238,0.004038713002918267,-0.017293632843198736,0
0.99987566908176,1.0621333385268141,1.1883331188468296,1.2858783704319774,1.5167013466328985,,0,TF_RANDOM_R2,CHARCOUNT,gate10_charcount_079,0.9917826624990709,235.4916631418665,0.00974457407673196,0.0024758727858212094,0.04496999531784951,0
1.0000454075095007,1.0496646982477957,1.159845755563995,1.330009348048045,1.5461776682149808,,1,TF_RANDOM_R2,CHARCOUNT,gate10_charcount_079,0.9963547307557261,188.39972293220424,0.00010193743936168367,3.07468050861927e-05,-0.000179066068248801,0
1.0000408853097722,1.0778985064699909,1.2300337259846692,1.4238390667735001,1.755254555455934,,3,TF_RANDOM_R2,CHARCOUNT,gate10_charcount_079,0.9958027298012301,261.28556413553065,6.209550927988494e-11,1.349837816129292e-11,1.4703260831083753e-10,0
0.9999051413489561,1.0292175721753605,1.1296451803047043,1.266521406369955,1.9450657802880043,,7,TF_RANDOM_R2,CHARCOUNT,gate10_charcount_079,0.9919876303662121,302.85233122463103,5.3347462202354124e-05,1.6537820441461657e-05,-8.759573973549095e-05,0
1.0000912532584723,1.0425883913002156,1.1551733876169192,1.3227750759858106,1.7253260139010012,,15,TF_RANDOM_R2,CHARCOUNT,gate10_charcount_079,0.984897323290417,263.36709837149067,0.053616413202108894,0.01338337674431409,-0.14201328157403736,1
0.999896642732225,1.0307803040574024,1.154084239202997,1.3108391196472258,1.9900780410684045,,31,TF_RANDOM_R2,CHARCOUNT,gate10_charcount_079,0.9875371275539607,304.95452986084484,1.9002117459982246e-11,3.4926451858367382e-12,2.020783540501725e-11,0
0.9999386680021157,1.0658836455430398,1.2247717567557495,1.3439313297570519,1.8404701074502738,,63,TF_RANDOM_R2,CHARCOUNT,gate10_charcount_079,0.9895349869493723,211.50876934236382,0.06681252188026189,0.016493712910635644,-0.03536682250258494,0
0.9999649435419176,1.0503961250694012,1.2217040679916455,1.4520195442264832,2.0334401667616655,,127,TF_RANDOM_R2,CHARCOUNT,gate10_charcount_079,0.990134665381861,312.6043889965364,5.308520984428936e-12,1.7903386633999025e-12,-5.8122395785176195e-12,0
0.9999097415176454,1.1345579265580383,1.414757086277367,1.6857375859122168,2.388993598215642,,PREFILL,TF_RANDOM_R3,CHARCOUNT,gate10_charcount_079,0.9611938309714303,462.4622646104281,0.005245938500461595,0.0015769314637424116,-0.009325600236749665,0
0.9998320844326525,1.065774021184104,1.2126192026439615,1.3299982764556064,1.6193108381622852,,0,TF_RANDOM_R3,CHARCOUNT,gate10_charcount_079,0.9923424004848074,215.14234859309929,0.012312446740793017,0.0029240931433674256,-0.06405489098505512,0
0.9998085378064799,1.0531194249334912,1.1535715153165376,1.324825659655805,1.61658519922937,,1,TF_RANDOM_R3,CHARCOUNT,gate10_charcount_079,0.9949941490771065,232.9046528975623,4.824029405445392e-07,1.1774938773464914e-07,-6.796805756437152e-06,0
0.9998727842302091,1.0676989968581911,1.1908402107825207,1.3839155281910414,1.6984622762586215,,3,TF_RANDOM_R3,CHARCOUNT,gate10_charcount_079,0.9954568514972884,270.79316613127656,1.0753538366757075e-09,2.3257195072109062e-10,2.4819897248562484e-09,0
1.00007425602501,1.0435881093160584,1.148537137484299,1.292305351873713,1.6649527762703995,,7,TF_RANDOM_R3,CHARCOUNT,gate10_charcount_079,0.9934329474504118,257.06388131224645,5.3378243443411944e-05,1.6356567427628468e-05,-9.132784458643073e-05,0
0.9999674385486643,1.0459023060426405,1.1850150717494803,1.3418358359656157,1.677535095294317,,15,TF_RANDOM_R3,CHARCOUNT,gate10_charcount_079,0.9871117003025758,235.03480187823067,0.007553167742228167,0.001978937279102581,0.08317722266939853,0
0.9998653771789296,1.0543326219641038,1.1839930546108381,1.3253767442709958,1.9307637778638813,,31,TF_RANDOM_R3,CHARCOUNT,gate10_charcount_079,0.9861987352766911,324.73173488552624,3.090482645007853e-11,8.367433679475485e-12,-4.25330881625996e-11,0
0.9999420986363925,1.0666343306979715,1.2508517504038028,1.4122418076007883,1.8991202310463935,,63,TF_RANDOM_R3,CHARCOUNT,gate10_charcount_079,0.9892068782527177,217.07070442494683,0.05922680044892258,0.015619996158119726,-0.15268325416446515,0
0.9998074462410282,1.0668531895710391,1.2859401218489597,1.5142643487929994,2.458488736450325,,127,TF_RANDOM_R3,CHARCOUNT,gate10_charcount_079,0.9823686956099177,426.25489684438077,2.5321366931527984e-13,3.336170938759141e-14,1.2079226507921703e-13,0
0.0,0.0,0.0,0.0,0.0,,PREFILL,TF_BASELINE,CHARCOUNT,gate10_charcount_186,1.0,0.0,0.0,0.0,0.0,0
0.0,0.0,0.0,0.0,0.0,,0,TF_BASELINE,CHARCOUNT,gate10_charcount_186,1.0,0.0,0.0,0.0,0.0,0
0.0,0.0,0.0,0.0,0.0,,1,TF_BASELINE,CHARCOUNT,gate10_charcount_186,0.9999999999999999,0.0,0.0,0.0,0.0,0
0.0,0.0,0.0,0.0,0.0,,3,TF_BASELINE,CHARCOUNT,gate10_charcount_186,0.9999999999999999,0.0,0.0,0.0,0.0,0
0.0,0.0,0.0,0.0,0.0,,7,TF_BASELINE,CHARCOUNT,gate10_charcount_186,1.0,0.0,0.0,0.0,0.0,0
0.0,0.0,0.0,0.0,0.0,,15,TF_BASELINE,CHARCOUNT,gate10_charcount_186,1.0,0.0,0.0,0.0,0.0,0
0.0,0.0,0.0,0.0,0.0,,31,TF_BASELINE,CHARCOUNT,gate10_charcount_186,0.9999999999999999,0.0,0.0,0.0,0.0,0
0.0,0.0,0.0,0.0,0.0,,63,TF_BASELINE,CHARCOUNT,gate10_charcount_186,1.0000000000000002,0.0,0.0,0.0,0.0,0
0.0,0.0,0.0,0.0,0.0,,127,TF_BASELINE,CHARCOUNT,gate10_charcount_186,1.0,0.0,0.0,0.0,0.0,0
0.0,0.0,0.0,0.0,0.0,,255,TF_BASELINE,CHARCOUNT,gate10_charcount_186,0.9999999999999998,0.0,0.0,0.0,,0
1.8510191519135024,2.185491491674484,2.7626202347914717,3.345137256853934,5.560843592107541,,PREFILL,TF_TEXTUAL_CAREFUL,CHARCOUNT,gate10_charcount_186,0.8202282796579387,988.7113235577656,5.361151241413436,0.6542475038028378,-5.452146339363459,1
1.0048118060233449,1.1350117059101055,1.517584579021252,1.913565696358455,2.8412079573009614,,0,TF_TEXTUAL_CAREFUL,CHARCOUNT,gate10_charcount_186,0.9102103691395238,780.0730163491543,0.686003442414416,0.08404461051244376,0.2668404764029262,0
0.7047766409466156,0.7887464828536739,1.0567795998309901,1.4257712935609452,2.2211713356565452,,1,TF_TEXTUAL_CAREFUL,CHARCOUNT,gate10_charcount_186,0.977883036628465,670.3548182337206,0.008300347512540922,0.00284242066245193,-0.008562622344605586,0
0.7057064987735493,0.8052258464781111,1.0637607066773893,1.3290676389390643,3.3954085240427423,,3,TF_TEXTUAL_CAREFUL,CHARCOUNT,gate10_charcount_186,0.9641771294297479,1116.6522716181382,2.2965948969371936e-08,4.725243647495462e-09,2.0647171083965077e-08,0
0.5152987334221206,0.5572641231509603,0.7613138057040718,1.0311520600626698,1.8664247270093024,,7,TF_TEXTUAL_CAREFUL,CHARCOUNT,gate10_charcount_186,0.9845140646748207,483.84592672022654,2.285122386661523e-05,5.515595583698762e-06,1.6038488830361075e-05,0
0.7548196929870561,0.8222342295018226,1.092779038583519,1.4323818139364894,2.506265464706137,,15,TF_TEXTUAL_CAREFUL,CHARCOUNT,gate10_charcount_186,0.9550535254770443,493.34997856544476,0.9026733590554161,0.12569272309813015,0.4892769854857555,1
0.2935765867136147,0.3232225297699963,0.43494396136871744,0.5574801361569572,1.2312822429545407,,31,TF_TEXTUAL_CAREFUL,CHARCOUNT,gate10_charcount_186,0.9981046565924221,177.92905443616476,2.1884320068410686e-11,4.687549329808965e-12,4.306599521441967e-11,0
0.9456538705852984,1.0787424425020828,1.3836150358159782,1.6899316922535226,2.6367680400988642,,63,TF_TEXTUAL_CAREFUL,CHARCOUNT,gate10_charcount_186,0.9340651005049739,443.8877865308919,1.0332448400480463,0.1963603101879038,0.19897125431862506,1
0.2711712896820161,0.29462037668457036,0.36952083008267067,0.45624870702587156,0.8321259176562406,,127,TF_TEXTUAL_CAREFUL,CHARCOUNT,gate10_charcount_186,0.9986035038347371,126.87450615209795,5.870588553876576e-12,1.165506920756276e-12,9.045209026226075e-12,0
0.25833582493450324,0.2802860171417004,0.42563427252246194,0.5673096830495886,1.3876095416175434,,255,TF_TEXTUAL_CAREFUL,CHARCOUNT,gate10_charcount_186,0.9986217646396002,230.29895939793573,5.0972199040742316e-14,6.745843239453318e-15,,0
0.999999015977803,1.2157678231894136,1.747886176781061,2.28816616525513,3.935962963258955,0.3086984124375239,PREFILL,TF_MEANINGFUL_L27_D75,CHARCOUNT,gate10_charcount_186,0.7789673948701907,1023.5418504588926,0.39185357768073553,0.12377613477040031,-0.4257317519574926,0
1.0000703575769683,1.098330974377789,1.2830582331185287,1.4669753943561794,3.0786876894712027,0.8838721403342731,0,TF_MEANINGFUL_L27_D75,CHARCOUNT,gate10_charcount_186,0.9271254153114425,766.9760951696903,0.12017574607252256,0.02627606243576918,0.12201340777828307,0
1.000099517968321,1.0890913406428449,1.2421400445026813,1.4345644770261408,2.9783141918006795,0.9280929500501909,1,TF_MEANINGFUL_L27_D75,CHARCOUNT,gate10_charcount_186,0.9769346081725458,694.912174569232,0.00013070422502150004,4.0491113494996776e-05,-0.00020997893520302569,0
1.000370070262423,1.1118014378345928,1.2764001516768744,1.4541487206090007,4.125974568320374,0.9560702470173499,3,TF_MEANINGFUL_L27_D75,CHARCOUNT,gate10_charcount_186,0.9660266775979917,1200.2729347917536,1.2007260176108426e-05,4.138245621780667e-06,-1.219892703829828e-05,0
1.0001448179345669,1.078332403737045,1.2559399268190186,1.4568353750614977,3.098152796481905,0.8175969644638055,7,TF_MEANINGFUL_L27_D75,CHARCOUNT,gate10_charcount_186,0.9749304350767974,675.9673474806643,0.0008306743641842948,0.0002736530204611611,-0.0009916206807076833,0
1.000274792192281,1.0976664449245812,1.3148852409008644,1.5510767699001684,3.299696010851012,0.8536455232468331,15,TF_MEANINGFUL_L27_D75,CHARCOUNT,gate10_charcount_186,0.8609217623715401,749.2077799252746,0.12367874901985922,0.030358007184473193,-0.3650754494561106,0
1.000178968339413,1.0639853352535587,1.2063438708310525,1.387988782643051,3.038306317150713,0.08794786783298643,31,TF_MEANINGFUL_L27_D75,CHARCOUNT,gate10_charcount_186,0.9881455915885338,553.2308615432056,8.660245989743736e-10,2.7895413716258934e-10,-1.1370246966180275e-09,0
1.0001627507955593,1.2100601833803535,1.513724959521934,1.8592904111548598,3.9750444370643816,0.6729002076713206,63,TF_MEANINGFUL_L27_D75,CHARCOUNT,gate10_charcount_186,0.9439958851269513,404.8094097991696,0.36559261177018765,0.08457212476308267,0.07996620483893935,1
0.9999338339265439,1.1595995295856738,1.4794086367269779,1.8430117396356152,4.067619167396216,-0.3861890255835513,127,TF_MEANINGFUL_L27_D75,CHARCOUNT,gate10_charcount_186,0.9421298993062686,1041.2085612998508,3.1858037462937493e-09,1.0976626814294132e-09,-3.2617037959425943e-09,0
1.000067628663339,1.1113658252504004,1.4302623057051156,1.8154469050973956,4.350726647323699,-0.7115215794003086,255,TF_MEANINGFUL_L27_D75,CHARCOUNT,gate10_charcount_186,0.9604954634961715,1312.3945870113437,2.988862663521843e-11,1.036245348732468e-11,,0
1.0001721850398204,1.1360482252754633,1.416169260096034,1.70154251802542,2.190796187893942,,PREFILL,TF_RANDOM_R0,CHARCOUNT,gate10_charcount_186,0.9651640217400023,437.65705137465847,0.013310311575750357,0.003978497431260675,-0.02451348245455165,0
1.0000536722193492,1.0429295834728352,1.1699343933134854,1.2943903198554363,1.540432291428876,,0,TF_RANDOM_R0,CHARCOUNT,gate10_charcount_186,0.9925496529756641,221.85642972351584,0.011282613755621182,0.002385175719923738,0.06432290514205619,0
0.999971414965667,1.0489574418040497,1.1763681580548138,1.361477152827808,1.6798763472503093,,1,TF_RANDOM_R0,CHARCOUNT,gate10_charcount_186,0.9958760060126406,185.01011075412794,4.697729894586866e-07,1.172681344572148e-07,5.696505404273466e-06,0
1.0000159352423046,1.0839273004287355,1.2222319178565073,1.4022988938391008,1.7187268769937392,,3,TF_RANDOM_R0,CHARCOUNT,gate10_charcount_186,0.9951240645400092,290.47388022922854,2.343139250747152e-08,6.699640915971406e-09,-5.5195158665810595e-08,0
1.0000790901005818,1.0471487958195302,1.170414214298472,1.3271592706536353,1.6955102154634378,,7,TF_RANDOM_R0,CHARCOUNT,gate10_charcount_186,0.9918556130332961,316.1950134232096,9.27296635880522e-05,2.7793385259177495e-05,-0.0001612121729692717,0
0.9999835001545966,1.0335078142453775,1.153069785053556,1.3157319838155466,1.6713906733666521,,15,TF_RANDOM_R0,CHARCOUNT,gate10_charcount_186,0.9855733192048175,323.716803047806,0.11700398423419421,0.026602766335917183,0.30136482754460303,1
0.99994092910198,1.034930669811679,1.1194521421166541,1.240993900778388,1.934803193786888,,31,TF_RANDOM_R0,CHARCOUNT,gate10_charcount_186,0.9959187222205436,281.58032245943235,3.540087768778318e-11,8.000062610515056e-12,1.1645795439108042e-11,0
1.0001770191153923,1.0881769206701568,1.261306296486498,1.4557721903115342,1.995375876019309,,63,TF_RANDOM_R0,CHARCOUNT,gate10_charcount_186,0.9644306852899848,332.28177446839703,0.16468190700314522,0.03489006684875488,0.2388511432280076,1
0.9999803813961632,1.061725248985797,1.2426385780382685,1.4921986650625634,2.118614395206762,,127,TF_RANDOM_R0,CHARCOUNT,gate10_charcount_186,0.9914972447998899,290.4104490696516,2.1314985548748643e-11,6.779490450606069e-12,-3.341682486279751e-11,0
1.000025213548644,1.0670092054616724,1.3697470086278702,1.7032531570261684,2.358278037970028,,255,TF_RANDOM_R0,CHARCOUNT,gate10_charcount_186,0.9921124817354746,382.62172928028417,2.2595776663342962e-14,5.912308769840023e-15,,0
0.9998660009306163,1.1181306461994398,1.376946038719807,1.6839884302448154,2.2420813634494654,,PREFILL,TF_RANDOM_R1,CHARCOUNT,gate10_charcount_186,0.9693583321208568,401.7801124120802,0.0054602102504383845,0.0015658753390315149,-0.013519469430399056,0
1.0001162812949007,1.0611738524947627,1.1635614443616094,1.2794234761022625,1.5252695116771204,,0,TF_RANDOM_R1,CHARCOUNT,gate10_charcount_186,0.9916539639293648,230.34365767730597,0.027054963278081677,0.006962664820667635,-0.16076217729579412,0
1.0001811514703165,1.0438401829664423,1.1226738975473705,1.2739880259354819,1.5018417102008745,,1,TF_RANDOM_R1,CHARCOUNT,gate10_charcount_186,0.9964021954721618,189.98800553074506,3.780454825121343e-05,1.0730288394658236e-05,-8.792490393005892e-05,0
0.9999887240749726,1.0583186291489377,1.1854627695226023,1.3556446067434882,1.6221999000371132,,3,TF_RANDOM_R1,CHARCOUNT,gate10_charcount_186,0.9953523526484406,295.80640852386966,7.371856233098295e-09,1.6164358781031403e-09,1.6535537383788323e-08,0
1.000101389223381,1.044987574194109,1.1430404037143012,1.3124775593902396,1.6986514289576102,,7,TF_RANDOM_R1,CHARCOUNT,gate10_charcount_186,0.9920873942880414,285.58982696453927,1.408044994130298e-05,3.037271334234079e-06,3.097420074027468e-05,0
1.0000845479278404,1.049088351689294,1.1644220657513202,1.3551638501309717,1.649755222362111,,15,TF_RANDOM_R1,CHARCOUNT,gate10_charcount_186,0.9881406905129789,218.1934457093251,0.10403905529819935,0.025200291431933933,0.4263540454304007,1
1.000127664763183,1.0281335697128535,1.1411006919066158,1.2909752793708067,2.0014131685947847,,31,TF_RANDOM_R1,CHARCOUNT,gate10_charcount_186,0.9954477200685427,303.5615207822776,5.012174710304637e-11,1.4287125035567391e-11,-1.3881162885809317e-10,0
1.0001216611531984,1.0960078891896716,1.262241222295886,1.460172446585291,1.985195468802914,,63,TF_RANDOM_R1,CHARCOUNT,gate10_charcount_186,0.9710925639710172,296.1863528522475,0.11845461483842125,0.030857913587449742,-0.36384468980010354,1
1.0000235762004666,1.063616931913607,1.2354116350583526,1.5152916678209785,2.135927714836304,,127,TF_RANDOM_R1,CHARCOUNT,gate10_charcount_186,0.989619633128451,351.47414558478994,8.96039500757423e-12,2.6201348336502696e-12,-2.092548356813495e-11,0
1.000071838987224,1.0629900614684833,1.2897413425966116,1.6030337260222574,2.6937873649101323,,255,TF_RANDOM_R1,CHARCOUNT,gate10_charcount_186,0.9917004956742385,543.9963888849248,2.6055691667254426e-14,6.05335129621866e-15,,0
0.9999979244123514,1.1243661358733614,1.3668292541754545,1.6192720096197888,2.071988020999129,,PREFILL,TF_RANDOM_R2,CHARCOUNT,gate10_charcount_186,0.9736322601464968,373.78512635939944,0.05074745137113567,0.01614469059433852,-0.06824528352032644,0
0.9997906049454877,1.062897278405088,1.1889585858506584,1.284741738920906,1.5162673713968837,,0,TF_RANDOM_R2,CHARCOUNT,gate10_charcount_186,0.9909064448269074,248.77051144469124,0.006541193783549037,0.0017490709368808432,-0.030065708972109917,0
1.0000187421248945,1.048913545279099,1.157002851313982,1.3166303421823022,1.537293261065607,,1,TF_RANDOM_R2,CHARCOUNT,gate10_charcount_186,0.9962056962707295,192.592846027334,6.394613698095242e-05,1.8836260348323e-05,-0.0001278077214408313,0
1.000011023197772,1.078611922461643,1.2291118989607017,1.4139419987607844,1.770807180011871,,3,TF_RANDOM_R2,CHARCOUNT,gate10_charcount_186,0.995761037298201,258.2843027416245,3.133725752090908e-12,8.047647612940799e-13,2.9032776183157694e-11,0
1.000077140876561,1.0320914301028254,1.1281091138072685,1.2659853697642056,1.8755304100695296,,7,TF_RANDOM_R2,CHARCOUNT,gate10_charcount_186,0.9925322453311309,286.5075373209033,3.524386030487722e-05,1.0580318638814106e-05,-6.97588479283695e-05,0
0.9998640517065954,1.0423342124878892,1.1527204061400487,1.3164753398881597,1.6928740848975627,,15,TF_RANDOM_R2,CHARCOUNT,gate10_charcount_186,0.9833999710618632,268.5653449927168,0.04776777872335029,0.012042091522350107,0.34101117455239915,1
0.9998511088590966,1.025697195624641,1.1276676535510135,1.2613520642665088,1.9346514661891006,,31,TF_RANDOM_R2,CHARCOUNT,gate10_charcount_186,0.9951282343494587,300.752556349394,1.267956796897594e-10,3.7468236171663084e-11,-2.1185542209423147e-10,0
1.0000482143920908,1.0880770424313255,1.244046229657207,1.4283043491605947,1.9944351025378582,,63,TF_RANDOM_R2,CHARCOUNT,gate10_charcount_186,0.978076143493986,255.47507982285413,0.21444252181885806,0.04949074151349915,-1.1318954652478936,1
0.9998655331168513,1.057460736672856,1.2324463195398268,1.4687950339641767,2.0107883123836623,,127,TF_RANDOM_R2,CHARCOUNT,gate10_charcount_186,0.9928996898736285,282.88637422694757,4.976374542285051e-12,1.3350631427715537e-12,-7.595701845275471e-12,0
0.9998882220844546,1.0598376984129112,1.2803203530587624,1.5717572570723868,2.12488497091306,,255,TF_RANDOM_R2,CHARCOUNT,gate10_charcount_186,0.9933638127357874,349.2673676282767,1.0575791961743085e-13,3.2836433606805383e-14,,0
1.000036597016926,1.1334728325300796,1.405823246806823,1.6727459298439087,2.3375250396642318,,PREFILL,TF_RANDOM_R3,CHARCOUNT,gate10_charcount_186,0.9650854231608142,454.4843169843895,0.020417819009804532,0.006211108274420208,-0.0339902790838309,0
0.9999781982652597,1.067093256001454,1.2150753028792656,1.3324493087084561,1.6472215430107748,,0,TF_RANDOM_R3,CHARCOUNT,gate10_charcount_186,0.9920285005675614,219.6829049144656,0.024200130047847362,0.005275515349653979,-0.031446619114568364,0
0.9999017886836402,1.0526764052980193,1.1512073404860594,1.314347722884859,1.59370614329949,,1,TF_RANDOM_R3,CHARCOUNT,gate10_charcount_186,0.9947898111826685,234.4314617225674,9.397241916867957e-07,1.9500732194558218e-07,-6.419485856667961e-06,0
1.00013951604523,1.069186020879261,1.1963858310909627,1.3856127565305258,1.7035369640436124,,3,TF_RANDOM_R3,CHARCOUNT,gate10_charcount_186,0.9954495044647138,266.0868258615621,3.4669055220412157e-09,7.920189659996306e-10,1.2799461046597571e-08,0
0.9999209690480059,1.0430646257130036,1.152499753980882,1.2999535611490276,1.6843940247790858,,7,TF_RANDOM_R3,CHARCOUNT,gate10_charcount_186,0.9935001101652473,251.61145336519533,3.21047352093832e-05,9.53656357208739e-06,-6.682100264754354e-05,0
0.9999312609508363,1.0446693828649363,1.1810792765754252,1.3410205925111114,1.6800363395579454,,15,TF_RANDOM_R3,CHARCOUNT,gate10_charcount_186,0.9867510477622573,232.03491629486788,0.015285119657419646,0.0037818013770012445,0.0850743339832718,1
0.9998545394933733,1.0316564412703197,1.145670920514996,1.2846038897981473,1.967465794922506,,31,TF_RANDOM_R3,CHARCOUNT,gate10_charcount_186,0.9956764097944397,272.6561292887902,8.192126583855464e-11,2.3761019387411517e-11,-1.8911805454990827e-10,0
0.9999692318347636,1.094427536322481,1.2733202997548798,1.4679693426689204,2.028733960285587,,63,TF_RANDOM_R3,CHARCOUNT,gate10_charcount_186,0.9736883063485482,282.296770350705,0.24263868301660618,0.05997636226585239,-0.9620213325991536,1
0.9998996835216976,1.073213351613338,1.2939073021430556,1.5194099883323513,2.478781717887187,,127,TF_RANDOM_R3,CHARCOUNT,gate10_charcount_186,0.9912596654517708,330.07660616607177,8.780832746864175e-12,2.345450374427814e-12,-1.4921397450962104e-13,0
1.0000378445202995,1.0746774527599219,1.336609576520759,1.6187979583379042,2.535919711456848,,255,TF_RANDOM_R3,CHARCOUNT,gate10_charcount_186,0.9925979556703517,445.5224624905486,3.7085058459298664e-14,6.506072376228742e-15,,0
0.0,0.0,0.0,0.0,0.0,,PREFILL,TF_BASELINE,CHARCOUNT,gate10_charcount_151,1.0,0.0,0.0,0.0,0.0,0
0.0,0.0,0.0,0.0,0.0,,0,TF_BASELINE,CHARCOUNT,gate10_charcount_151,0.9999999999999999,0.0,0.0,0.0,0.0,0
0.0,0.0,0.0,0.0,0.0,,1,TF_BASELINE,CHARCOUNT,gate10_charcount_151,1.0,0.0,0.0,0.0,0.0,0
0.0,0.0,0.0,0.0,0.0,,3,TF_BASELINE,CHARCOUNT,gate10_charcount_151,1.0,0.0,0.0,0.0,0.0,0
0.0,0.0,0.0,0.0,0.0,,7,TF_BASELINE,CHARCOUNT,gate10_charcount_151,0.9999999999999998,0.0,0.0,0.0,0.0,0
0.0,0.0,0.0,0.0,0.0,,15,TF_BASELINE,CHARCOUNT,gate10_charcount_151,1.0000000000000002,0.0,0.0,0.0,0.0,0
0.0,0.0,0.0,0.0,0.0,,31,TF_BASELINE,CHARCOUNT,gate10_charcount_151,0.9999999999999999,0.0,0.0,0.0,0.0,0
0.0,0.0,0.0,0.0,0.0,,63,TF_BASELINE,CHARCOUNT,gate10_charcount_151,0.9999999999999999,0.0,0.0,0.0,0.0,0
0.0,0.0,0.0,0.0,0.0,,127,TF_BASELINE,CHARCOUNT,gate10_charcount_151,1.0,0.0,0.0,0.0,0.0,0
0.0,0.0,0.0,0.0,0.0,,255,TF_BASELINE,CHARCOUNT,gate10_charcount_151,0.9999999999999999,0.0,0.0,0.0,,0
1.910081731312446,2.2637030919168994,2.888705712614901,3.503985603896617,5.704295876267647,,PREFILL,TF_TEXTUAL_CAREFUL,CHARCOUNT,gate10_charcount_151,0.797516801108797,1031.9248803088956,5.225597277501502,0.6724894577995172,-5.238528619704766,1
1.0364530137720076,1.1723494039064288,1.5652335941192141,1.9742896383748985,3.082071542371498,,0,TF_TEXTUAL_CAREFUL,CHARCOUNT,gate10_charcount_151,0.8978216736785241,847.769075914828,0.8242091406864945,0.09235110541077299,0.3137307337492956,0
0.7436369168101499,0.8342709997067687,1.0968477708358002,1.468278099753832,2.6177579599436025,,1,TF_TEXTUAL_CAREFUL,CHARCOUNT,gate10_charcount_151,0.9685947446324044,834.7644324353159,0.005836060325090498,0.002011214192908812,-0.005915597381637383,0
0.6879957713506245,0.7795388163926728,1.0581748543851555,1.3351451634983318,3.8691588457385757,,3,TF_TEXTUAL_CAREFUL,CHARCOUNT,gate10_charcount_151,0.9509641891382712,1356.3246727688343,3.204592953018641e-09,1.0497368262974141e-09,-2.6477806613911525e-09,0
0.5255601503888243,0.5651115821056919,0.7513942046616744,1.025996752372174,2.0987845493972674,,7,TF_TEXTUAL_CAREFUL,CHARCOUNT,gate10_charcount_151,0.9790200949422427,607.6905347173672,1.848821910371072e-05,5.556422301346707e-06,-2.563892778795207e-05,0
0.7368216499434496,0.8065470305194822,1.0770971414905155,1.410192003620402,3.083823660859411,,15,TF_TEXTUAL_CAREFUL,CHARCOUNT,gate10_charcount_151,0.930219930349636,672.4117105844086,0.2511456254748231,0.03427405756794549,-0.15586183802457754,1
0.3857718226208184,0.401154630780054,0.4850947665130336,0.580096982471545,1.1648423964191887,,31,TF_TEXTUAL_CAREFUL,CHARCOUNT,gate10_charcount_151,0.998232617211975,182.44604606770596,7.984024367902931e-12,1.486709660241166e-12,9.116263299802085e-12,0
0.5808978016682945,0.672649608602982,0.9100930072374736,1.1349741248709824,1.904210824499395,,63,TF_TEXTUAL_CAREFUL,CHARCOUNT,gate10_charcount_151,0.9828816738894106,276.11823720266733,0.018487709502635133,0.004970783134646037,0.054138639880441985,0
1.3015350055816701,1.5247474315153606,1.8867133421843574,2.2957990146451595,3.1400031040245504,,127,TF_TEXTUAL_CAREFUL,CHARCOUNT,gate10_charcount_151,0.9891915694675097,504.603767445541,7.467391619256832e-11,9.448223092589154e-12,2.5941915282601258e-11,0
0.16641856786492115,0.18633195741595165,0.2904059399367264,0.3527573865494264,1.0140547144546441,,255,TF_TEXTUAL_CAREFUL,CHARCOUNT,gate10_charcount_151,0.997390588859533,201.1481447553658,5.209276611344159e-10,7.059961816934612e-11,,0
1.0000959313961226,1.2196803836131396,1.7661185945209414,2.326400584270031,3.984953980110831,0.35671232797485114,PREFILL,TF_MEANINGFUL_L27_D75,CHARCOUNT,gate10_charcount_151,0.7348351284605571,1109.2778742253522,0.16658412113803506,0.05565864104848674,-0.17184367208061246,0
1.0002988846011793,1.0998144897956212,1.289234388413254,1.4768885239748273,3.004285340779405,0.8990055073822482,0,TF_MEANINGFUL_L27_D75,CHARCOUNT,gate10_charcount_151,0.9335790407667527,753.5545748340687,0.1444239364039779,0.03183872678235881,0.1609691007628058,0
1.0002673851410016,1.089587145264803,1.2437876845830738,1.4389595873484826,3.002759020402074,0.9455205823627948,1,TF_MEANINGFUL_L27_D75,CHARCOUNT,gate10_charcount_151,0.9786815522550246,714.1364854562103,5.841707638587141e-05,1.8486130201835518e-05,-8.329569681109206e-05,0
1.0002510896281867,1.1130529176249762,1.2754470590996114,1.4526757310008815,4.261783087435933,0.9641586501847123,3,TF_MEANINGFUL_L27_D75,CHARCOUNT,gate10_charcount_151,0.968194931964995,1291.1688343341477,3.0471560710409445e-06,1.053639658973678e-06,-3.0664492101095675e-06,0
1.0001134744123108,1.0817452610907712,1.269259598305565,1.480282980653796,3.092990939398699,0.8897321446607471,7,TF_MEANINGFUL_L27_D75,CHARCOUNT,gate10_charcount_151,0.9672126903951537,753.9242113503792,0.0004797365586619481,0.00015938329600194504,-0.0005538632377550812,0
1.000455836119343,1.1001533428994157,1.3245823964979957,1.563774327048202,3.410166800825679,0.9077602369845231,15,TF_MEANINGFUL_L27_D75,CHARCOUNT,gate10_charcount_151,0.8873772609336207,770.0222598897678,0.1732464268450928,0.04579363598043223,-0.04054251386934027,0
1.000243448670025,1.0717225850821481,1.2276107625577206,1.4382076546901772,3.976731997252722,-0.5218141148221603,31,TF_MEANINGFUL_L27_D75,CHARCOUNT,gate10_charcount_151,0.9797923138475892,696.7540446902815,1.0417898529407019e-09,3.5495684271691414e-10,-1.0970566677315219e-09,0
1.0002162375026928,1.1439937301984464,1.3713548845382362,1.6317409617746503,3.101785838181033,0.6948353002432746,63,TF_MEANINGFUL_L27_D75,CHARCOUNT,gate10_charcount_151,0.9581539371556553,461.2964389052739,0.1437879959625882,0.043821621825081314,-0.3042522764270075,0
0.9997697092639835,1.1794561187487351,1.5949506838523588,2.027417532350827,5.602988622322148,0.11539013765480247,127,TF_MEANINGFUL_L27_D75,CHARCOUNT,gate10_charcount_151,0.9745158283066486,911.3158227733163,6.115014753999429e-11,7.980129217351477e-12,2.8613555969059234e-11,0
1.0002633307550381,1.1097216158042846,1.3261394366458965,1.5534035196294451,3.0961452516782924,-0.7614276461979202,255,TF_MEANINGFUL_L27_D75,CHARCOUNT,gate10_charcount_151,0.9075918063477401,860.954291618108,4.83644685036294e-08,1.6628481964580186e-08,,0
1.000149496072217,1.1320959006817106,1.4056868011253594,1.693093489553356,2.2152168461174773,,PREFILL,TF_RANDOM_R0,CHARCOUNT,gate10_charcount_151,0.9668432244114253,415.04497081836456,0.004232455151565435,0.001319312218141547,-0.00630598958183981,0
1.000189494149126,1.0425112799979483,1.1678328959120647,1.300376308854682,1.5487283447997793,,0,TF_RANDOM_R0,CHARCOUNT,gate10_charcount_151,0.9923326643882383,238.69128276731587,0.012912294606814994,0.002700079816630024,0.07071847286560029,0
1.0002010335553297,1.0492316586393111,1.1800243565353101,1.369548031839816,1.660466130388036,,1,TF_RANDOM_R0,CHARCOUNT,gate10_charcount_151,0.9957481588037012,205.4024831348396,1.0899746464803037e-07,2.697667717618514e-08,1.4739157805365721e-06,0
1.000068954135673,1.0818368746197538,1.2173420165086983,1.3937494413454796,1.6959409160030974,,3,TF_RANDOM_R0,CHARCOUNT,gate10_charcount_151,0.9949245905542525,345.8456501805674,3.4658039898273574e-09,9.96571262734912e-10,-6.480291858679266e-09,0
1.0001102776849164,1.0503310209871028,1.172424955829479,1.3400370920391225,1.76722513001313,,7,TF_RANDOM_R0,CHARCOUNT,gate10_charcount_151,0.9914666855902259,361.41295588629225,2.1968226212586078e-05,5.713256329233603e-06,-2.6490551192637213e-05,0
0.9999510650668887,1.0318952601973612,1.1585348634254544,1.3256370046622674,1.6999848541258327,,15,TF_RANDOM_R0,CHARCOUNT,gate10_charcount_151,0.9860397791595168,360.37705783154956,0.04961670288147754,0.009894101228755416,0.06997018427544077,0
1.0000564791019393,1.0390571770639399,1.1375226183248774,1.3040842007562128,1.9140667249007892,,31,TF_RANDOM_R0,CHARCOUNT,gate10_charcount_151,0.9940771017266694,295.2629165440656,9.228777347065962e-12,2.9146915475301514e-12,-1.3592682535090717e-11,0
1.0001092640884255,1.0605878377851172,1.2141109048026815,1.3984327249470725,1.8799701186374698,,63,TF_RANDOM_R0,CHARCOUNT,gate10_charcount_151,0.9888391323942918,215.55100106123012,0.002414854661961059,0.0005836133563745507,0.002421814894105978,0
1.0000960093650835,1.128617081587117,1.4256445160306255,1.7495824694930153,2.8047930219561357,,127,TF_RANDOM_R0,CHARCOUNT,gate10_charcount_151,0.9913278512312295,460.8885489547844,4.802289720634052e-10,1.5798269170414478e-10,-5.724203333556943e-10,0
0.9999978464433905,1.0482213368447943,1.19131098736805,1.4287925907933516,2.099939737521018,,255,TF_RANDOM_R0,CHARCOUNT,gate10_charcount_151,0.9862989503000932,301.3550912162003,2.0630835988107047e-10,5.875002740373097e-11,,0
0.9999309490749929,1.1196837878992987,1.3701012995859103,1.684253368773737,2.280582904124192,,PREFILL,TF_RANDOM_R1,CHARCOUNT,gate10_charcount_151,0.967851597198837,407.7354945237308,0.0012792937376682972,0.0003795399366483855,-0.002533598620125588,0
0.9999487259980636,1.060829385625788,1.163805955022792,1.2811805066347082,1.524259189882604,,0,TF_RANDOM_R1,CHARCOUNT,gate10_charcount_151,0.9920257978370397,226.86152007908868,0.06282706082658471,0.016115791546809075,-0.27807585232982746,0
1.0001495740411779,1.0441527605304348,1.1230484604352282,1.2815729244145972,1.507523464314937,,1,TF_RANDOM_R1,CHARCOUNT,gate10_charcount_151,0.9965778860034052,193.36741479854837,2.0698983170747503e-05,6.152654064871801e-06,-3.8350937693110154e-05,0
1.00007612728007,1.0568709014841293,1.1780062079530234,1.3428693925104616,1.6013572374263554,,3,TF_RANDOM_R1,CHARCOUNT,gate10_charcount_151,0.9956266434604996,310.1270390056658,3.3037658676061106e-10,7.791799874935703e-11,8.943388252191653e-10,0
0.9998458849387205,1.0454954640049967,1.1419146878577469,1.3189009542597767,1.636666728844444,,7,TF_RANDOM_R1,CHARCOUNT,gate10_charcount_151,0.9920524689843401,286.46560477234686,6.085055926574722e-06,1.2972253507005842e-06,1.2981996427186004e-05,0
0.9999891139197769,1.0501206607307665,1.1657597792123886,1.3540209811030333,1.6377501855242251,,15,TF_RANDOM_R1,CHARCOUNT,gate10_charcount_151,0.9894432301226703,221.87679135406415,0.22624660522683365,0.05015770290489146,0.4461627959553809,0
1.0001031045405195,1.030952459522929,1.1421739346525275,1.3385043782070025,2.130656857145849,,31,TF_RANDOM_R1,CHARCOUNT,gate10_charcount_151,0.9908362399376628,407.2875833229315,2.9694157883538694e-12,8.734688825920556e-13,-7.808864666003501e-12,0
1.0001030265715587,1.0753391753305397,1.2284090087787625,1.4149208210951234,1.9444036678725825,,63,TF_RANDOM_R1,CHARCOUNT,gate10_charcount_151,0.9852967819835128,276.7565269281091,0.007169280788505869,0.0020431952840207082,-0.016091111496542965,0
1.0000520348711717,1.1403303585735534,1.4601064848444236,1.7892549480215814,2.9241987429667984,,127,TF_RANDOM_R1,CHARCOUNT,gate10_charcount_151,0.9922104738684763,460.63655431867636,1.2466084818975716e-11,3.4432215640255012e-12,-3.489475375317852e-11,0
1.0000836123003103,1.0521277377206144,1.2088578240352972,1.4115583316900973,2.058736260477471,,255,TF_RANDOM_R1,CHARCOUNT,gate10_charcount_151,0.9827729197517494,382.17366571914164,1.8088370074026443e-11,5.113806132188818e-12,,0
1.0000235762004666,1.1267615762571348,1.3639807361602614,1.6267096247318844,2.0663089178297347,,PREFILL,TF_RANDOM_R2,CHARCOUNT,gate10_charcount_151,0.9724481824749431,380.2852726558998,0.015763659397000557,0.0051971688340957944,-0.01867358440870248,0
0.9999155112207474,1.062091547163806,1.1862641345020777,1.2808829770801569,1.4996241170167686,,0,TF_RANDOM_R2,CHARCOUNT,gate10_charcount_151,0.992661795342048,217.54457540031618,0.013072072171703582,0.0034320659465589868,0.041904045598919026,0
1.0000468889197565,1.049701343659389,1.159355174862413,1.331738699599394,1.5560438605192053,,1,TF_RANDOM_R2,CHARCOUNT,gate10_charcount_151,0.9964676531804553,188.55736087194083,3.19175353745007e-05,9.728350041098193e-06,-5.3018028758344826e-05,0
1.000109030181543,1.0781253181770636,1.2271799840491,1.4164652302713687,1.7308415381905606,,3,TF_RANDOM_R2,CHARCOUNT,gate10_charcount_151,0.9959265319802257,267.6199359210807,1.0427641568365688e-10,2.668472078667226e-11,-7.006875080151076e-10,0
1.000060533487903,1.031463935906015,1.1275312078695499,1.265496582348723,1.8257743617739275,,7,TF_RANDOM_R2,CHARCOUNT,gate10_charcount_151,0.9916282602080033,298.51874662130706,1.4514502457618628e-05,4.3498462273649724e-06,-2.904555859828406e-05,0
0.9999495836566328,1.0435503723390138,1.1562377419012955,1.3178385491994216,1.6860840799741732,,15,TF_RANDOM_R2,CHARCOUNT,gate10_charcount_151,0.9844954403133607,285.9857797467163,0.06268419405561719,0.015168838088235524,0.2790639183227057,0
0.9997446032585942,1.0392930331704695,1.1356370949449734,1.269110989466211,1.9213431002018753,,31,TF_RANDOM_R2,CHARCOUNT,gate10_charcount_151,0.9937546529191225,289.0296208479699,2.8182535134845098e-12,7.811876557679286e-13,-8.910205906431656e-12,0
0.9998832320709611,1.0665492665616993,1.2005439157723623,1.3580452710476376,1.8460965036021424,,63,TF_RANDOM_R2,CHARCOUNT,gate10_charcount_151,0.9901988097393892,200.0586301250495,0.007501579273356668,0.0021339666223825927,-0.01660753564123496,0
1.0000316849723934,1.1217103571293556,1.4313239310758628,1.7632576014720145,2.7505091601668488,,127,TF_RANDOM_R2,CHARCOUNT,gate10_charcount_151,0.9928625715615936,442.94178173204637,1.682099397592982e-10,5.333472244371793e-11,-2.3448620822819066e-10,0
0.9998652992099688,1.0567226045206188,1.2355239883309177,1.4242571363415044,1.9656790582159815,,255,TF_RANDOM_R2,CHARCOUNT,gate10_charcount_151,0.9759543777845759,448.2762084872199,4.453033300672136e-11,1.2541236679761505e-11,,0
1.000089459972373,1.1355594378599805,1.4043564947155707,1.6702063248515489,2.2686358761931684,,PREFILL,TF_RANDOM_R3,CHARCOUNT,gate10_charcount_151,0.9670067877632601,425.22312464704305,0.004241786360619047,0.0013222836826162713,-0.006329941441570952,0
0.9999950395608004,1.0654662776956831,1.209783783414189,1.3246797017611194,1.6645055463110425,,0,TF_RANDOM_R3,CHARCOUNT,gate10_charcount_151,0.9931441321690578,217.37726907174627,0.013269642089926554,0.0030318402549948872,-0.06405338439291342,0
0.9999017886836402,1.0532784036446363,1.152253917847365,1.3337535734853256,1.6273182504401726,,1,TF_RANDOM_R3,CHARCOUNT,gate10_charcount_151,0.9951573610507845,227.45111019349073,2.0974900789613095e-07,4.466282261410136e-08,-1.6448219994913416e-06,0
1.0001421669898984,1.068276279044223,1.1930886017061568,1.3855241837910157,1.6633533210078038,,3,TF_RANDOM_R3,CHARCOUNT,gate10_charcount_151,0.9955939242662265,281.3386786691848,9.0429109065268e-11,2.1495554971501876e-11,6.376907890626171e-10,0
0.9999711030898236,1.0456238788834942,1.1508864982122182,1.3022987895220224,1.6747063813951764,,7,TF_RANDOM_R3,CHARCOUNT,gate10_charcount_151,0.9933467861679823,254.6959559758101,9.799898704451487e-06,2.8643253708272125e-06,-2.3617843638135128e-05,0
0.9999895817335418,1.0468518900166657,1.1812200885186954,1.341152671930768,1.6815904168853344,,15,TF_RANDOM_R3,CHARCOUNT,gate10_charcount_151,0.9860328240412669,262.026192284416,0.003918990956060373,0.0009673618149919552,0.01881325766251507,0
0.9998178161128195,1.0512838016885222,1.166880193179606,1.3333047841467518,1.9010731975774209,,31,TF_RANDOM_R3,CHARCOUNT,gate10_charcount_151,0.9939298222989709,286.8492965078242,2.5675407925825857e-12,7.312792912638019e-13,-7.673861546209082e-12,0
0.9998069004583023,1.0697849004674447,1.2310155111395198,1.4242945614427058,2.036477057786239,,63,TF_RANDOM_R3,CHARCOUNT,gate10_charcount_151,0.9862979886838453,238.86479259203617,0.011459561178725321,0.00298610031880209,0.06601789663513813,0
0.9999367967470557,1.1265957362774361,1.4375240228415647,1.7939422860091376,3.1863600175035334,,127,TF_RANDOM_R3,CHARCOUNT,gate10_charcount_151,0.9899406706376994,495.2774053116706,1.993669347117836e-11,3.771283753260728e-12,2.332711801500409e-11,0
1.0000316849723934,1.0798004813006314,1.256537870779672,1.4550199457773856,2.411931442741993,,255,TF_RANDOM_R3,CHARCOUNT,gate10_charcount_151,0.981618767899684,358.4567513135006,2.1907966755574897e-10,6.266484447835914e-11,,0
0.0,0.0,0.0,0.0,0.0,,PREFILL,TF_BASELINE,CHARCOUNT,gate10_charcount_135,1.0000000000000002,0.0,0.0,0.0,0.0,0
0.0,0.0,0.0,0.0,0.0,,0,TF_BASELINE,CHARCOUNT,gate10_charcount_135,1.0000000000000002,0.0,0.0,0.0,0.0,0
0.0,0.0,0.0,0.0,0.0,,1,TF_BASELINE,CHARCOUNT,gate10_charcount_135,1.0000000000000002,0.0,0.0,0.0,0.0,0
0.0,0.0,0.0,0.0,0.0,,3,TF_BASELINE,CHARCOUNT,gate10_charcount_135,1.0,0.0,0.0,0.0,0.0,0
0.0,0.0,0.0,0.0,0.0,,7,TF_BASELINE,CHARCOUNT,gate10_charcount_135,1.0,0.0,0.0,0.0,0.0,0
0.0,0.0,0.0,0.0,0.0,,15,TF_BASELINE,CHARCOUNT,gate10_charcount_135,1.0,0.0,0.0,0.0,0.0,0
0.0,0.0,0.0,0.0,0.0,,31,TF_BASELINE,CHARCOUNT,gate10_charcount_135,1.0000000000000002,0.0,0.0,0.0,0.0,0
0.0,0.0,0.0,0.0,0.0,,63,TF_BASELINE,CHARCOUNT,gate10_charcount_135,1.0000000000000002,0.0,0.0,0.0,0.0,0
0.0,0.0,0.0,0.0,0.0,,127,TF_BASELINE,CHARCOUNT,gate10_charcount_135,0.9999999999999999,0.0,0.0,0.0,0.0,0
1.8428947861943608,2.1843119772349526,2.779494277295662,3.394719278428949,5.345694170320814,,PREFILL,TF_TEXTUAL_CAREFUL,CHARCOUNT,gate10_charcount_135,0.7916368057704847,1121.1533378029392,5.951811190404974,0.6811559858347291,-5.961378740264735,1
0.990817001304917,1.1149117756202742,1.4837067536620394,1.843666211092875,2.6868546767884123,,0,TF_TEXTUAL_CAREFUL,CHARCOUNT,gate10_charcount_135,0.9116746042283584,758.0134430493973,0.5371455494338736,0.061584704341419896,-3.7944986358139587,0
0.737147170354941,0.8310216432639161,1.1035146627700292,1.4078158215699552,2.275276804463439,,1,TF_TEXTUAL_CAREFUL,CHARCOUNT,gate10_charcount_135,0.9708694469878073,825.925625476326,0.1480557647458139,0.048601813702608465,-0.16620605787768028,0
0.7145614336557271,0.8157461983637522,1.0952494071386563,1.3828211558567431,4.3250368103556704,,3,TF_TEXTUAL_CAREFUL,CHARCOUNT,gate10_charcount_135,0.9579779566739817,1434.6949758798355,2.765395774729976e-09,9.214309967153449e-10,-3.6833043282058497e-09,0
0.5320548478730462,0.5703167899311228,0.7587240666698943,1.0504354214256626,2.1639552171881267,,7,TF_TEXTUAL_CAREFUL,CHARCOUNT,gate10_charcount_135,0.984300485711506,558.5442106549891,2.5658699510589302e-05,6.940864134569415e-06,-4.711845186022856e-06,0
0.7630766839085803,0.8339906233236014,1.1079819723501054,1.4234835283120868,2.924164124748187,,15,TF_TEXTUAL_CAREFUL,CHARCOUNT,gate10_charcount_135,0.9311344189668389,646.8673547566509,0.6205067876281076,0.09062696408460261,-2.8381789519573637,0
0.35926253187440044,0.39656299969192427,0.5018798074484295,0.6230928489712775,1.5226188788845298,,31,TF_TEXTUAL_CAREFUL,CHARCOUNT,gate10_charcount_135,0.9983758894652736,205.21529339532324,6.12106659130241e-10,1.1879639189334858e-10,7.990976769178815e-10,0
1.058322293690097,1.2157502022042646,1.6990651322638077,2.1045907419728245,3.9758668536632826,,63,TF_TEXTUAL_CAREFUL,CHARCOUNT,gate10_charcount_135,0.9557638168963851,501.975440443221,1.5456440147845054,0.3839526112808859,-1.5231304014667337,1
0.40959707087492736,0.43473172985732106,0.5304157453938653,0.6452989937846599,1.1759133651062557,,127,TF_TEXTUAL_CAREFUL,CHARCOUNT,gate10_charcount_135,0.9975305327610012,199.20220058544658,1.2819341265119068e-12,1.47721844655206e-13,4.902744876744691e-13,0
0.9998916527187315,1.2224666044286245,1.8100130922787927,2.35771603770032,3.796377627680486,0.5988953542980633,PREFILL,TF_MEANINGFUL_L27_D75,CHARCOUNT,gate10_charcount_135,0.7870977805950986,1113.6794639253562,0.1694070911805801,0.056428980479222,-0.17226214300002596,0
1.000188558521596,1.0978086603091466,1.2801796190844528,1.4626481170297652,2.82711397606435,0.8820610948677058,0,TF_MEANINGFUL_L27_D75,CHARCOUNT,gate10_charcount_135,0.938677305867771,702.1139289295262,0.12960795800835762,0.026103705289980447,-1.376897329933243,0
1.0001083284608956,1.093165374784463,1.256687025401752,1.4493013903138083,2.7366406651649755,0.9341939901954665,1,TF_MEANINGFUL_L27_D75,CHARCOUNT,gate10_charcount_135,0.9847242669790599,650.7404798633526,0.029323235716549878,0.009065906175494126,-0.044760063598971556,0
1.0000512551815632,1.111930866309581,1.2779718499894124,1.4681307384178515,4.049448657011239,0.966678784168824,3,TF_MEANINGFUL_L27_D75,CHARCOUNT,gate10_charcount_135,0.9763857443374342,1263.9768349895148,1.3457563982719976e-06,4.6529221626133746e-07,-1.3546107382467198e-06,0
1.0001806056875908,1.0757087482049037,1.2539219341746535,1.462007524047534,3.084335137242497,0.8701061913081983,7,TF_MEANINGFUL_L27_D75,CHARCOUNT,gate10_charcount_135,0.9752857144161514,699.6352243380835,0.0003787303396455847,0.0001239985070718428,-0.00046410222282133873,0
1.0002331567671945,1.0992907722856837,1.3222264863773663,1.5604325773867587,3.2984332255613076,0.9008804787535005,15,TF_MEANINGFUL_L27_D75,CHARCOUNT,gate10_charcount_135,0.8934244670914456,733.1722605250617,0.20068826546365265,0.048354161631395436,0.552856152634952,1
1.000024277921114,1.0762642770508621,1.234171148891447,1.4107315488293892,3.438599273960085,0.4443475885610706,31,TF_MEANINGFUL_L27_D75,CHARCOUNT,gate10_charcount_135,0.9935739249910533,517.5154439460897,6.997440811192546e-10,2.114443608749529e-10,-7.799485501891468e-10,0
1.000187155080301,1.1859647336924664,1.5440056089040033,1.8384338700690732,4.5113760773617,0.6632545583576098,63,TF_MEANINGFUL_L27_D75,CHARCOUNT,gate10_charcount_135,0.9543474427783518,551.8328977678838,0.5137646370637482,0.15019044922585412,-0.5469984710949944,0
1.0001280546079871,1.1460993599547915,1.3825024187448445,1.71426954744065,3.732208237284687,0.297242032896568,127,TF_MEANINGFUL_L27_D75,CHARCOUNT,gate10_charcount_135,0.9443338740945507,1232.546668121536,1.904009061302381e-10,6.565396378209004e-11,-1.9341683810125687e-10,0
0.9999417087915884,1.1329639291227012,1.3904290551793053,1.6654795345698095,2.223398908867638,,PREFILL,TF_RANDOM_R0,CHARCOUNT,gate10_charcount_135,0.9736998694796534,415.21060952669336,0.0011095550110670836,0.0003332037770558179,-0.0019595864595487456,0
1.0001503537307863,1.0423032588104373,1.1697817300881679,1.2935139487356364,1.5332525976392268,,0,TF_RANDOM_R0,CHARCOUNT,gate10_charcount_135,0.9924479301005236,225.34266721935248,0.02108506810153488,0.004662860812245782,-0.4188865462660587,0
1.000024199952153,1.0557592980094863,1.2107094309172373,1.4118762891123877,1.621314640455778,,1,TF_RANDOM_R0,CHARCOUNT,gate10_charcount_135,0.9957994206823833,210.00032640560715,0.0008297610180679067,0.0002090114910263955,0.0002815534918454432,0
1.0000316849723934,1.0782617638585272,1.2156929729870107,1.3947109545705128,1.6952993873933364,,3,TF_RANDOM_R0,CHARCOUNT,gate10_charcount_135,0.9959165098918377,318.1677255534812,4.983585593165778e-10,1.3463958269789426e-10,-1.3757741612607788e-09,0
1.0000687981977514,1.0470843934578795,1.171138623913602,1.3349078259815461,1.7080410749732033,,7,TF_RANDOM_R0,CHARCOUNT,gate10_charcount_135,0.9924178764522436,311.4526487122454,4.933698350122075e-05,1.4548011178216095e-05,-8.485632778842955e-05,0
1.0001177627051567,1.0327577528421323,1.1558194384264087,1.321908061141311,1.68744495021661,,15,TF_RANDOM_R0,CHARCOUNT,gate10_charcount_135,0.9875745275614921,332.7371271640859,0.08054365604333576,0.018209982018836578,-0.6608883591102952,0
1.0000911752895114,1.0379274847903828,1.1484785827947108,1.2890588802824114,2.1531863002553395,,31,TF_RANDOM_R0,CHARCOUNT,gate10_charcount_135,0.9969542796242875,266.1697047665499,1.0091711843796124e-09,2.4490529048645007e-10,-1.5541701259280671e-10,0
1.0001021689129894,1.071661301478931,1.2432259182202483,1.3956288051774777,1.8230373393727304,,63,TF_RANDOM_R0,CHARCOUNT,gate10_charcount_135,0.9889504391419706,248.19272578227876,0.03372963644649504,0.007357246139303428,-0.021492110319414337,0
1.0001148778536058,1.0556106112011716,1.1802666060966285,1.360883653097922,3.0620659545242783,,127,TF_RANDOM_R0,CHARCOUNT,gate10_charcount_135,0.9916160872668957,668.9359372744071,2.6349815774280216e-11,9.013176443593256e-12,-2.7959856652159942e-11,0
0.9998585938793368,1.1169546403631458,1.3605890863638825,1.666029839495392,2.2476032811938134,,PREFILL,TF_RANDOM_R1,CHARCOUNT,gate10_charcount_135,0.9707335686573523,434.20224547272596,0.00107875759745275,0.0003185407276142436,-0.0018707913277680177,0
1.0001219730290418,1.0622368813068048,1.1639103554613517,1.2792028239430957,1.5355453529015788,,0,TF_RANDOM_R1,CHARCOUNT,gate10_charcount_135,0.9922801749554968,213.67127834201744,0.02209725116971494,0.005742561659884539,0.3772845257532893,0
0.9998339556877126,1.0512866865400732,1.1377777327647338,1.2870095441157903,1.4776275137856336,,1,TF_RANDOM_R1,CHARCOUNT,gate10_charcount_135,0.9964182858382782,203.95715848274367,0.0017048396827490477,0.00038154271707922056,0.0022585618206250047,0
0.9999392917538025,1.053621467072316,1.1799642424665053,1.3475662427112398,1.5993394007199122,,3,TF_RANDOM_R1,CHARCOUNT,gate10_charcount_135,0.9961699498607643,306.23870923319254,2.889734721148719e-10,6.348056294271732e-11,6.273808139667381e-10,0
1.0000574926984303,1.0439550312457542,1.1411454460901358,1.3104924696473477,1.6678547809927262,,7,TF_RANDOM_R1,CHARCOUNT,gate10_charcount_135,0.9923939229368406,284.8132909211229,7.375271085903448e-06,1.5981519618484173e-06,1.6406246572842065e-05,0
1.0000858734001747,1.048915884347924,1.1606260689240446,1.3437558995951702,1.6319185750674354,,15,TF_RANDOM_R1,CHARCOUNT,gate10_charcount_135,0.9901910171929451,214.17888785063303,0.1352946661217185,0.0320597904649285,-0.2985811971988426,0
1.0001498079480604,1.038186887523085,1.1494448521263552,1.2976571413455162,1.929436590212526,,31,TF_RANDOM_R1,CHARCOUNT,gate10_charcount_135,0.9972979244398026,265.99251202050993,3.175320820195894e-10,8.852990942998125e-11,-9.625082952879893e-10,0
1.0000730864905976,1.0750867118353518,1.2303163634677008,1.3773842242797067,1.8741740620268215,,63,TF_RANDOM_R1,CHARCOUNT,gate10_charcount_135,0.9890293984002656,241.3210544272858,0.09875920874443793,0.023755936820817752,-0.02214216902058297,0
1.0001519910789638,1.051683938395534,1.2214154268986297,1.4825546842967223,2.477010107159065,,127,TF_RANDOM_R1,CHARCOUNT,gate10_charcount_135,0.9912151420792142,394.66281112612467,5.221122160150573e-12,1.6964735952911023e-12,-6.501466032204917e-12,0
0.9999577703975207,1.1259878122897955,1.3472403324549442,1.6059410326339212,2.0402855296472486,,PREFILL,TF_RANDOM_R2,CHARCOUNT,gate10_charcount_135,0.9773151848733691,386.7373205109103,0.010592382711503747,0.0034883125249962144,-0.012683797815334685,0
0.9998386338253628,1.0626471539787252,1.187243658557064,1.2835327522141784,1.498843335842954,,0,TF_RANDOM_R2,CHARCOUNT,gate10_charcount_135,0.9922103617939259,216.76650517239287,0.007644947792062037,0.0019385039893629412,-0.2214359569137514,0
0.9999402273813325,1.0498287449413954,1.154171408501212,1.2889252414835382,1.4672752629795558,,1,TF_RANDOM_R2,CHARCOUNT,gate10_charcount_135,0.9961840083903862,206.68017176780614,0.0031305367680994583,0.000692436699596979,0.0018050880855184914,0
0.9999479463084553,1.0781628212472258,1.2309767605659843,1.413132992823147,1.7245980956826337,,3,TF_RANDOM_R2,CHARCOUNT,gate10_charcount_135,0.996513429451372,262.1748667700614,8.868804770833092e-13,2.1614759059099635e-13,6.217248937900877e-12,0
0.9999482581842986,1.0308346484231052,1.1282379185305702,1.2685349547835525,1.9924780816208671,,7,TF_RANDOM_R2,CHARCOUNT,gate10_charcount_135,0.9919476445168054,318.65305331001053,4.5757388555260174e-05,1.3938090983979304e-05,-8.171322685512905e-05,0
1.000039481868477,1.0421803797281592,1.1553149792497979,1.31477015871467,1.6583391371364218,,15,TF_RANDOM_R2,CHARCOUNT,gate10_charcount_135,0.9836795356196794,285.65706631105894,0.06525846453643498,0.01597149553720753,-0.1458621702492735,0
0.9998925103773006,1.0276307478844202,1.1357864834739357,1.2499587718953447,1.820197086067386,,31,TF_RANDOM_R2,CHARCOUNT,gate10_charcount_135,0.9974700336397673,255.977027474845,1.8066320062092107e-10,4.893994180150814e-11,-6.208651370798179e-10,0
0.9999484141222202,1.0810917252610412,1.2348830834728433,1.377592245467218,1.804613429865036,,63,TF_RANDOM_R2,CHARCOUNT,gate10_charcount_135,0.9883415082752149,245.33926687934022,0.07150523216278432,0.0181525694769502,-0.005746112478661303,0
0.9998190636161929,1.0434986009490184,1.1945614353763543,1.4100318553748443,2.0109345821541913,,127,TF_RANDOM_R2,CHARCOUNT,gate10_charcount_135,0.9933366355043117,342.7760734632207,3.3203379590661114e-13,1.0172086832058834e-13,-5.044853423896711e-13,0
1.0000493059575424,1.132852589446627,1.396207802680648,1.6595275400374885,2.3029436224024322,,PREFILL,TF_RANDOM_R3,CHARCOUNT,gate10_charcount_135,0.9731255843128295,428.3025185295699,0.002534629744925034,0.0007900009954354346,-0.0038593057746609816,0
0.9998896255257497,1.0653706877496978,1.2095601684345103,1.3267196816524403,1.6949120375959017,,0,TF_RANDOM_R3,CHARCOUNT,gate10_charcount_135,0.9928322650092715,215.79139621002653,0.012346463421017514,0.0027871871429916784,0.2108439107410689,0
0.9998444814974254,1.057762632489214,1.1724185623746906,1.3307124721368668,1.6814446149285704,,1,TF_RANDOM_R3,CHARCOUNT,gate10_charcount_135,0.9954829746442836,212.82097470814523,0.0019188703315382448,0.00042032664981194855,0.004826537588627389,0
0.9999095076107629,1.0645467897405407,1.1921741817334688,1.3831442592304488,1.6614251486063223,,3,TF_RANDOM_R3,CHARCOUNT,gate10_charcount_135,0.9959574384813197,291.8226200832991,1.3422019068232875e-10,3.067585559929508e-11,4.989573199054576e-10,0
1.0000336341964142,1.0425594648157452,1.152530161875608,1.3015937162091797,1.6975946376624351,,7,TF_RANDOM_R3,CHARCOUNT,gate10_charcount_135,0.9935872123540741,254.3831089801854,2.0483391201208536e-05,5.954095974700747e-06,-4.7346707766848795e-05,0
0.9999086499521938,1.0458281575608852,1.1847918466146061,1.3454532838725763,1.6710290533262935,,15,TF_RANDOM_R3,CHARCOUNT,gate10_charcount_135,0.9885257637145207,227.18811414193777,0.015247074972790148,0.0037376691269189106,-0.10292758224193932,0
0.9998783979953892,1.0439227520959677,1.1401712239244863,1.2764809275203006,1.9836398320963085,,31,TF_RANDOM_R3,CHARCOUNT,gate10_charcount_135,0.997240368004273,248.55656301089982,7.100123549709254e-10,2.0653203771760618e-10,-1.6907009126043704e-09,0
0.9998620245136136,1.0828879741807877,1.2620089527615548,1.4595483830227574,1.8490287602812736,,63,TF_RANDOM_R3,CHARCOUNT,gate10_charcount_135,0.9895113159576188,237.250811372801,0.38839173182729997,0.0994197005774598,-0.6016990779498954,0
0.9998022223206522,1.0614759822180033,1.225159730304871,1.416826538435884,2.6527130044657294,,127,TF_RANDOM_R3,CHARCOUNT,gate10_charcount_135,0.9929792522549638,345.6998342978154,4.2525025867470733e-13,6.4499224364097e-14,3.552713678800501e-13,0
0.0,0.0,0.0,0.0,0.0,,PREFILL,TF_BASELINE,CHARCOUNT,gate10_charcount_124,0.9999999999999998,0.0,0.0,0.0,0.0,0
0.0,0.0,0.0,0.0,0.0,,0,TF_BASELINE,CHARCOUNT,gate10_charcount_124,1.0,0.0,0.0,0.0,0.0,0
0.0,0.0,0.0,0.0,0.0,,1,TF_BASELINE,CHARCOUNT,gate10_charcount_124,0.9999999999999998,0.0,0.0,0.0,0.0,0
0.0,0.0,0.0,0.0,0.0,,3,TF_BASELINE,CHARCOUNT,gate10_charcount_124,1.0,0.0,0.0,0.0,0.0,0
0.0,0.0,0.0,0.0,0.0,,7,TF_BASELINE,CHARCOUNT,gate10_charcount_124,1.0,0.0,0.0,0.0,0.0,0
0.0,0.0,0.0,0.0,0.0,,15,TF_BASELINE,CHARCOUNT,gate10_charcount_124,1.0000000000000002,0.0,0.0,0.0,0.0,0
0.0,0.0,0.0,0.0,0.0,,31,TF_BASELINE,CHARCOUNT,gate10_charcount_124,1.0,0.0,0.0,0.0,0.0,0
0.0,0.0,0.0,0.0,0.0,,63,TF_BASELINE,CHARCOUNT,gate10_charcount_124,1.0,0.0,0.0,0.0,0.0,0
0.0,0.0,0.0,0.0,0.0,,127,TF_BASELINE,CHARCOUNT,gate10_charcount_124,1.0,0.0,0.0,0.0,0.0,0
0.0,0.0,0.0,0.0,0.0,,255,TF_BASELINE,CHARCOUNT,gate10_charcount_124,1.0000000000000002,0.0,0.0,0.0,,0
1.9118332260486726,2.2683381907006956,2.86408685729292,3.4802031995864877,5.4479963082065845,,PREFILL,TF_TEXTUAL_CAREFUL,CHARCOUNT,gate10_charcount_124,0.7976804202932253,1039.417459153435,5.443129642465242,0.6724182035266484,-5.466317671299478,1
1.042380526050626,1.1810788087616602,1.5896470791983526,1.981916406185983,3.1805089148065346,,0,TF_TEXTUAL_CAREFUL,CHARCOUNT,gate10_charcount_124,0.8906541518375269,872.2175615086401,0.7534777541930435,0.08966020873525526,0.3206435053423675,0
0.7416661733560518,0.8366883493685371,1.1006547612865538,1.472930351709012,2.731213713614926,,1,TF_TEXTUAL_CAREFUL,CHARCOUNT,gate10_charcount_124,0.9654482369826846,889.7908431447546,0.00581388638412158,0.0020014213787488623,-0.005911948853146498,0
0.7156641486688348,0.8136616981957939,1.1015673100041818,1.3817129050474162,4.629188112812869,,3,TF_TEXTUAL_CAREFUL,CHARCOUNT,gate10_charcount_124,0.9409464798938231,1475.3222071795253,2.005587918409725e-08,6.523322067139074e-09,-2.838278589933907e-08,0
0.5418382371408627,0.5844472606414058,0.7765901862317658,1.0374181135692393,2.565114097276546,,7,TF_TEXTUAL_CAREFUL,CHARCOUNT,gate10_charcount_124,0.9747675744159652,693.2755510881387,3.808288513412398e-05,1.1820686789565358e-05,-5.942107633671867e-05,0
0.7981397154414654,0.8723267918323941,1.17334990161188,1.5522137132870832,3.24580417699681,,15,TF_TEXTUAL_CAREFUL,CHARCOUNT,gate10_charcount_124,0.8661172711986151,736.3939155374162,1.0872114783937703,0.2819688243884573,-1.3264044428353792,1
0.2554729021537956,0.27855623676106683,0.34229414692759796,0.42215935187591,1.4490679512450646,,31,TF_TEXTUAL_CAREFUL,CHARCOUNT,gate10_charcount_124,0.9981461752864984,149.90717717226318,8.099046372398585e-06,2.4682532467369358e-06,-1.3467085025808956e-05,0
0.42739520150294963,0.4767132201765734,0.628617807505098,0.8340498017648761,1.3291502860375508,,63,TF_TEXTUAL_CAREFUL,CHARCOUNT,gate10_charcount_124,0.9933148449789814,226.09971409412708,2.6538162766976352e-05,5.508848126878968e-06,5.5761623208638866e-05,0
0.206737038726256,0.2282896087254283,0.3198199838113407,0.40431436190242515,0.9150521450225051,,127,TF_TEXTUAL_CAREFUL,CHARCOUNT,gate10_charcount_124,0.9992765877789945,125.2593818083112,7.880026396043063e-09,2.6230996646062387e-09,-8.909481152841181e-09,0
0.23488740066811606,0.2602634320610187,0.35421665362043847,0.42512470637891636,0.7618912438280253,,255,TF_TEXTUAL_CAREFUL,CHARCOUNT,gate10_charcount_124,0.999757618114095,71.31519342513319,3.742725597716758e-11,8.698197260106e-12,,0
0.9997640954988033,1.2194350932623486,1.7732008271095452,2.3092843701734833,3.7862466527852616,0.45332177670601304,PREFILL,TF_MEANINGFUL_L27_D75,CHARCOUNT,gate10_charcount_124,0.8122166579456828,960.8373004098297,0.18666571517792135,0.06186160921988065,-0.1953721672524722,0
1.0003741246483864,1.0991984570360536,1.2878089598712448,1.4756411765393682,2.9546163058440964,0.9061368257522534,0,TF_MEANINGFUL_L27_D75,CHARCOUNT,gate10_charcount_124,0.9346796753726887,747.7416414941215,0.18078230785505936,0.03732567276895353,0.19054723067448975,0
1.0000372987375736,1.0888047267428107,1.2449342181521714,1.438031600776609,2.9669849899153227,0.9508992237395895,1,TF_MEANINGFUL_L27_D75,CHARCOUNT,gate10_charcount_124,0.9812663368386266,701.0659607631843,4.9433732063702504e-05,1.537033015727145e-05,-7.703466287978245e-05,0
1.0002659816997066,1.113074904871932,1.2737996529261013,1.4495554131882131,4.0723372251543415,0.9697291298431902,3,TF_MEANINGFUL_L27_D75,CHARCOUNT,gate10_charcount_124,0.9690497597655494,1248.7766615254388,3.810545181081371e-06,1.3149838702090158e-06,-3.856755697029257e-06,0
1.0002064913825883,1.080851814768548,1.2642490010063814,1.4719657197255454,3.247238182124511,0.9078797782346191,7,TF_MEANINGFUL_L27_D75,CHARCOUNT,gate10_charcount_124,0.967680632015556,765.2687863235959,0.0007035080912881003,0.00023560442885196218,-0.0007872919479652296,0
1.0001494181032562,1.1014735913132567,1.3305390691679668,1.5737911553847623,3.41958701067392,0.9128848672823107,15,TF_MEANINGFUL_L27_D75,CHARCOUNT,gate10_charcount_124,0.8527051133999819,749.9481929384609,0.009465481694317386,0.0026338352949073947,-0.040640334058434036,0
1.0001830227253767,1.0724811451021243,1.3301219352274927,1.5250429338769302,4.122875769940896,0.15896570125450352,31,TF_MEANINGFUL_L27_D75,CHARCOUNT,gate10_charcount_124,0.9890262267461372,382.96518185163313,4.149898270085556e-05,1.3570273211760679e-05,-5.062658392063213e-05,0
1.0001243900668277,1.0949638848040737,1.3004015707979928,1.5362052821860972,3.045885212019844,0.7136770745065493,63,TF_MEANINGFUL_L27_D75,CHARCOUNT,gate10_charcount_124,0.9533922013044668,606.8914344077621,0.0015061429381085561,0.000489608700422399,-0.001891206852242533,0
1.0001278986700655,1.124044903754716,1.4454030982099155,1.797618834388412,4.966364572073575,0.24832023728693156,127,TF_MEANINGFUL_L27_D75,CHARCOUNT,gate10_charcount_124,0.9745293761578802,1018.334532753204,2.0262737320891515e-07,6.989234293283769e-08,-2.0547714285612528e-07,0
1.000462931294779,1.1458823723367841,1.47498405413744,1.915812293995992,5.894450320465318,-0.23038850466649227,255,TF_MEANINGFUL_L27_D75,CHARCOUNT,gate10_charcount_124,0.9875888431469583,612.2057542758724,1.1468065760026052e-08,3.747345334976825e-09,,0
1.0001525368616897,1.1375987160306538,1.4119004594902471,1.7151056865766583,2.2706094265298566,,PREFILL,TF_RANDOM_R0,CHARCOUNT,gate10_charcount_124,0.9648966223639911,439.9377963330009,0.005764145361232092,0.001769824053497618,-0.009186039208088914,0
1.000130471645773,1.042995857089546,1.1689341295149165,1.2949371161777812,1.5382756699721443,,0,TF_RANDOM_R0,CHARCOUNT,gate10_charcount_124,0.9925568242899819,230.15831809979997,0.014705426393640045,0.0031160496738436546,0.0749547176837595,0
1.0000405734339288,1.0493090818174216,1.1841220932410224,1.3792503333883626,1.6648264665538446,,1,TF_RANDOM_R0,CHARCOUNT,gate10_charcount_124,0.9956312462713905,216.92956263682888,1.1441133926456471e-08,3.1090243820906226e-09,-5.356343990570167e-08,0
1.0001087962746604,1.0832701000578464,1.222077305407169,1.3991548734623382,1.6892463450877717,,3,TF_RANDOM_R0,CHARCOUNT,gate10_charcount_124,0.9949364407665655,355.3629560492855,1.611342505012604e-09,3.6088008798201766e-10,-4.409635323554539e-09,0
1.0001002196889686,1.0505563512839196,1.1755999298836939,1.3409218838066927,1.7179930331343478,,7,TF_RANDOM_R0,CHARCOUNT,gate10_charcount_124,0.9915260795102101,338.3502450340399,2.0811316928744073e-05,5.506008108737795e-06,-2.175758559985752e-05,0
1.0001416212071725,1.037028190796097,1.170923741457537,1.341785156141072,1.8549398990781163,,15,TF_RANDOM_R0,CHARCOUNT,gate10_charcount_124,0.9806147188656554,418.2997453183465,0.018792350070803373,0.00414332218723482,0.009840255878003745,0
0.9999872426647167,1.0328838286518047,1.1202373675212365,1.2665753608908539,2.3187568192254844,,31,TF_RANDOM_R0,CHARCOUNT,gate10_charcount_124,0.9958347463295778,232.46268980057877,1.2349214683550838e-06,3.446796578973811e-07,-3.722468122191458e-06,0
1.0001172169224308,1.0599700117394504,1.2080373566604168,1.3910802519402101,1.8215273924771747,,63,TF_RANDOM_R0,CHARCOUNT,gate10_charcount_124,0.9905464712295914,245.5609643547965,4.434876240136129e-05,1.1857147162330406e-05,-4.444945842152492e-05,0
1.0000879785621173,1.0631909874805585,1.2734362395996435,1.5264136282084322,2.28913765850715,,127,TF_RANDOM_R0,CHARCOUNT,gate10_charcount_124,0.9941334483745446,386.5615244795753,3.408641422301756e-11,8.717548811984204e-12,1.0887646340052015e-10,0
0.9998716146957966,1.0730507863299943,1.3372783942668127,1.630801903610338,3.101229451676505,,255,TF_RANDOM_R0,CHARCOUNT,gate10_charcount_124,0.9966230830372966,260.1579864319047,3.259012671593315e-09,1.0218036538714876e-09,,0
0.9999650215108784,1.1231042862111869,1.3840259322395856,1.7128410001402072,2.3301324906114993,,PREFILL,TF_RANDOM_R1,CHARCOUNT,gate10_charcount_124,0.9676811655907948,415.9258593167538,0.0016992220248012479,0.0004947314926846437,-0.0037854095885379024,0
1.000014687738931,1.0622561396401313,1.1643888509740041,1.282621840844728,1.5341662379223064,,0,TF_RANDOM_R1,CHARCOUNT,gate10_charcount_124,0.9916294184694701,231.1248329566595,0.02940375381385812,0.007535660621723052,-0.17962958883506275,0
1.0001102776849164,1.044189951724754,1.1237922843216064,1.2852349705671564,1.516773545890633,,1,TF_RANDOM_R1,CHARCOUNT,gate10_charcount_124,0.9965812894458194,193.18565834720124,2.0896110541680486e-05,6.130868211315217e-06,-4.150155393034538e-05,0
0.9999965989400171,1.0577656732786866,1.177775419828948,1.346917540957082,1.5922252008573654,,3,TF_RANDOM_R1,CHARCOUNT,gate10_charcount_124,0.9958814586906038,282.1203895926756,2.6566984322423625e-09,5.484776121792774e-10,4.469590919597977e-09,0
1.000239550221983,1.0470787017237384,1.1423817219331562,1.3160728641123227,1.6725215351746219,,7,TF_RANDOM_R1,CHARCOUNT,gate10_charcount_124,0.9920131198249017,298.3760610450549,5.102418288754524e-06,1.0959141576386857e-06,1.1888616313626699e-05,0
1.0001240781909844,1.055118471120373,1.1808280605836106,1.3789479697582394,1.6863167393533087,,15,TF_RANDOM_R1,CHARCOUNT,gate10_charcount_124,0.9867950197845518,225.19945297287182,0.02812232752266962,0.007707193553365917,-0.08572005314427145,0
1.0000635742773756,1.017739137698963,1.1073984526472065,1.2608929830251048,2.155037751199358,,31,TF_RANDOM_R1,CHARCOUNT,gate10_charcount_124,0.9955116099345804,253.88415111015246,1.2150010620365478e-06,3.383203369601219e-07,-3.656897732184916e-06,0
1.0000738661802058,1.0568979567135395,1.1840623690170218,1.3783034783279666,1.7523987083584223,,63,TF_RANDOM_R1,CHARCOUNT,gate10_charcount_124,0.9907169667367186,236.02288985993025,3.618839030397057e-05,1.0123850260763873e-05,-8.978882664933963e-05,0
1.0001234544392978,1.0473740481473863,1.2594336379851319,1.5356318984481072,2.336728976574093,,127,TF_RANDOM_R1,CHARCOUNT,gate10_charcount_124,0.9944275664753954,347.6775858259702,1.7302020002461488e-10,3.07241953391738e-11,2.049347358479281e-10,0
1.000128990235517,1.0470786237547776,1.2728469501936428,1.5670427858864595,2.68626616707202,,255,TF_RANDOM_R1,CHARCOUNT,gate10_charcount_124,0.9966779955914461,288.273945012223,1.99101718389456e-09,6.061570160018894e-10,,0
1.0000422887510672,1.1293177106691918,1.3738188596385847,1.6451419548873492,2.107642603037879,,PREFILL,TF_RANDOM_R2,CHARCOUNT,gate10_charcount_124,0.972491986552188,383.8843463783736,0.012056817526647081,0.003848381839043489,-0.01630594470818636,0
0.9999855273475784,1.0631446739178216,1.1872748461413987,1.2818423851432474,1.494505922551631,,0,TF_RANDOM_R2,CHARCOUNT,gate10_charcount_124,0.9923623053063909,224.1551766657935,0.009672048581108875,0.0024569529552205165,0.044598493291978514,0
1.0000139080493227,1.0491118983154666,1.159820493620684,1.334151527061434,1.5922417302770626,,1,TF_RANDOM_R2,CHARCOUNT,gate10_charcount_124,0.9962469178561233,223.50477175428193,7.330266737021386e-05,2.2963785953491562e-05,-0.00010668420042492244,0
0.99991855201022,1.0808863550181984,1.2324047620837009,1.4269373973392128,1.7640438404730876,,3,TF_RANDOM_R2,CHARCOUNT,gate10_charcount_124,0.9958334427391272,273.9588372688139,2.3694584680687606e-10,5.64031151080499e-11,1.7009966768455342e-09,0
0.9999109890210188,1.03168817463738,1.1280532880313097,1.2652052903110385,2.0396569438849865,,7,TF_RANDOM_R2,CHARCOUNT,gate10_charcount_124,0.9907674527471456,343.1285970743568,1.4744788571458681e-05,4.455867507646587e-06,-3.0142415496925423e-05,0
0.9999601094663457,1.0463546819534126,1.1599180327906902,1.327949564040672,1.6785455730267556,,15,TF_RANDOM_R2,CHARCOUNT,gate10_charcount_124,0.9844303438724061,249.94619401693618,0.005338005980711461,0.0013807017776727615,-0.00624680363440433,0
0.9998251451951381,1.0223807858754692,1.1040984163798104,1.216286706623779,2.0971748022318417,,31,TF_RANDOM_R2,CHARCOUNT,gate10_charcount_124,0.9968619133950687,193.35594364565233,5.28826572290129e-06,1.5781373921786933e-06,-9.878564142695723e-06,0
1.000010009601281,1.0487195585045384,1.175302634236025,1.3298064728119492,1.9185486926455027,,63,TF_RANDOM_R2,CHARCOUNT,gate10_charcount_124,0.9899515297470409,255.14644701207996,0.00042766159434111904,0.00013563816140587368,-0.0006084098465493071,0
0.9998724723543657,1.0635195486815225,1.2660317612959031,1.4923071978560476,2.390154867918338,,127,TF_RANDOM_R2,CHARCOUNT,gate10_charcount_124,0.9917639522135451,496.1925120879804,4.800178793200106e-09,1.5459337673329994e-09,-5.607290631814976e-09,0
0.9998787098712326,1.0548585226049447,1.2257618066204488,1.4590392457084964,2.2196776063048436,,255,TF_RANDOM_R2,CHARCOUNT,gate10_charcount_124,0.9980381443315849,200.34706545393055,2.4965007422096764e-10,5.4244001293395174e-11,,0
1.00002950184149,1.1375916988241785,1.4116830820274355,1.6913720908360124,2.281741990695984,,PREFILL,TF_RANDOM_R3,CHARCOUNT,gate10_charcount_124,0.9655244238944783,442.86943156545993,0.008462791577318551,0.0026422892981953767,-0.012427077545225984,0
1.0000141419562052,1.0674240003333215,1.2130091254171038,1.3298095915703825,1.6299944570519174,,0,TF_RANDOM_R3,CHARCOUNT,gate10_charcount_124,0.9925057744262653,218.60605843384099,0.015159351425768715,0.003421745738114034,-0.062003040286896294,0
0.9999689199589202,1.0534188257431025,1.1533996717268544,1.3360592715951765,1.6181027870830877,,1,TF_RANDOM_R3,CHARCOUNT,gate10_charcount_124,0.9952550025064807,235.19074506125244,6.709818239532887e-07,1.6524345192102653e-07,-4.65811270089489e-06,0
1.0000592080155686,1.0683087921008918,1.196486722926285,1.3892924236682338,1.7098990753099323,,3,TF_RANDOM_R3,CHARCOUNT,gate10_charcount_124,0.9956254356512215,274.65757093436054,1.703174392162915e-09,3.69098118679316e-10,3.9737599877298635e-09,0
0.9999264268752645,1.0452437801994172,1.1503481225376435,1.3040555861475858,1.6705122750538706,,7,TF_RANDOM_R3,CHARCOUNT,gate10_charcount_124,0.993416506059559,258.83494873817534,1.5394372013372112e-05,4.5369536457666675e-06,-3.383155898006862e-05,0
0.9999301693853846,1.0482199334034994,1.1981664862185422,1.3724498806242211,1.7196054312444424,,15,TF_RANDOM_R3,CHARCOUNT,gate10_charcount_124,0.9865931583234794,226.92904992407819,0.015756521909470127,0.003875084670729759,-0.00024366458934821367,0
0.9998069004583023,1.0383348726107524,1.1494998202437448,1.2871325011670292,2.41057930502317,,31,TF_RANDOM_R3,CHARCOUNT,gate10_charcount_124,0.9950551313860356,260.3957243467581,5.790961928906802e-07,1.324983698940897e-07,1.4467668592033078e-06,0
1.0000119588253018,1.0574500549252213,1.188406331701055,1.3573173528292701,1.8037412690691212,,63,TF_RANDOM_R3,CHARCOUNT,gate10_charcount_124,0.9876280160326718,277.09301492268156,0.00013727294281895507,4.032134134703256e-05,-0.00029535331908192575,0
0.9997651090952941,1.0712290415600545,1.2892622233322726,1.5495741520869315,2.293706483674235,,127,TF_RANDOM_R3,CHARCOUNT,gate10_charcount_124,0.9942907455839658,347.5590074802402,3.2423818574218386e-10,6.250440549073067e-11,3.268283421675733e-10,0
0.999919955451515,1.066145465313528,1.2920599835539612,1.563077596414169,2.554529966780941,,255,TF_RANDOM_R3,CHARCOUNT,gate10_charcount_124,0.9975029318042185,224.0955904312946,1.685676081366491e-09,5.069122336562953e-10,,0
0.0,0.0,0.0,0.0,0.0,,PREFILL,TF_BASELINE,CHARCOUNT,gate10_charcount_143,0.9999999999999999,0.0,0.0,0.0,0.0,0
0.0,0.0,0.0,0.0,0.0,,0,TF_BASELINE,CHARCOUNT,gate10_charcount_143,1.0,0.0,0.0,0.0,0.0,0
0.0,0.0,0.0,0.0,0.0,,1,TF_BASELINE,CHARCOUNT,gate10_charcount_143,1.0,0.0,0.0,0.0,0.0,0
0.0,0.0,0.0,0.0,0.0,,3,TF_BASELINE,CHARCOUNT,gate10_charcount_143,1.0,0.0,0.0,0.0,0.0,0
0.0,0.0,0.0,0.0,0.0,,7,TF_BASELINE,CHARCOUNT,gate10_charcount_143,1.0000000000000002,0.0,0.0,0.0,0.0,0
0.0,0.0,0.0,0.0,0.0,,15,TF_BASELINE,CHARCOUNT,gate10_charcount_143,1.0,0.0,0.0,0.0,0.0,0
0.0,0.0,0.0,0.0,0.0,,31,TF_BASELINE,CHARCOUNT,gate10_charcount_143,1.0,0.0,0.0,0.0,0.0,0
0.0,0.0,0.0,0.0,0.0,,63,TF_BASELINE,CHARCOUNT,gate10_charcount_143,1.0000000000000002,0.0,0.0,0.0,0.0,0
0.0,0.0,0.0,0.0,0.0,,127,TF_BASELINE,CHARCOUNT,gate10_charcount_143,1.0000000000000002,0.0,0.0,0.0,0.0,0
0.0,0.0,0.0,0.0,0.0,,255,TF_BASELINE,CHARCOUNT,gate10_charcount_143,1.0000000000000002,0.0,0.0,0.0,,0
1.8160667583360441,2.150611765168525,2.744060815229844,3.3634986352550373,5.386474431844943,,PREFILL,TF_TEXTUAL_CAREFUL,CHARCOUNT,gate10_charcount_143,0.8025210979825039,1069.4357816721588,4.244457599813128,0.6529421283500453,-4.252286278881044,1
0.9994779494125341,1.1297103623559634,1.513522084285838,1.905553917818761,3.063841775576286,,0,TF_TEXTUAL_CAREFUL,CHARCOUNT,gate10_charcount_143,0.9044488979397407,864.2387516767001,0.63616124093382,0.07318868319089833,0.24999655817717326,0
0.7106220519094734,0.8010757146307169,1.058427551787226,1.3885485997818556,2.433156777012535,,1,TF_TEXTUAL_CAREFUL,CHARCOUNT,gate10_charcount_143,0.9746378334833422,777.193227386461,0.005042816547202585,0.0017278528483104724,-0.005202574997319687,0
0.7010981433433202,0.8101170732982543,1.0866860761700061,1.3616257616671619,3.839697806072817,,3,TF_TEXTUAL_CAREFUL,CHARCOUNT,gate10_charcount_143,0.9602552229181412,1259.5342812540853,4.834799657994437e-09,1.530225928489117e-09,-1.8017871639131045e-09,0
0.5155469086244625,0.555409163603704,0.7359275798695398,0.9982000381444273,2.087397182667127,,7,TF_TEXTUAL_CAREFUL,CHARCOUNT,gate10_charcount_143,0.9846637647883731,554.1462798376107,2.543288796403658e-05,7.238642098289216e-06,-2.4496326439304994e-05,0
0.7679628427462691,0.8412047014249794,1.1283062193402627,1.4703466162848189,2.8400359278816705,,15,TF_TEXTUAL_CAREFUL,CHARCOUNT,gate10_charcount_143,0.9385872154075753,624.8577424167579,1.5289772462471598,0.29187482941838516,-2.3608646541927243,1
0.2603779099877666,0.28534092030287916,0.33805743054919507,0.4024372981547718,1.0538683168023237,,31,TF_TEXTUAL_CAREFUL,CHARCOUNT,gate10_charcount_143,0.9992420892389324,127.24202401440871,2.3894647952787577e-12,5.211344846565949e-13,7.126743639673805e-12,0
1.1765178584596194,1.3555240667300352,1.7163340095856732,2.095507513973318,3.06886547166089,,63,TF_TEXTUAL_CAREFUL,CHARCOUNT,gate10_charcount_143,0.9394236011160001,436.3117309520026,1.0678039018413337,0.22424293332075615,-1.8506811888417474,1
0.24391591394935563,0.2733079121002934,0.3331226190799444,0.4079419067898141,1.0539635948724657,,127,TF_TEXTUAL_CAREFUL,CHARCOUNT,gate10_charcount_143,0.998800481712778,191.50244088743037,3.729458215222406e-14,6.095509896832618e-15,5.684341886080802e-14,0
0.45451958938140513,0.5065357629292492,0.6596509353281985,0.8286005510920276,1.4965145589206956,,255,TF_TEXTUAL_CAREFUL,CHARCOUNT,gate10_charcount_143,0.9934418216618512,287.13683961781567,6.599147813162108e-13,1.5614827589594647e-13,,0
1.0000129724217928,1.2241575172822812,1.802099710567674,2.3484148084863152,3.676699639058583,0.4924436736651776,PREFILL,TF_MEANINGFUL_L27_D75,CHARCOUNT,gate10_charcount_143,0.7772930648705989,1095.7533909949952,0.1330644681348585,0.04470034541126432,-0.1363547540599015,0
1.0002786126713619,1.0982703924952193,1.284887930722474,1.4705780281605811,3.112208105113942,0.9132284961828088,0,TF_MEANINGFUL_L27_D75,CHARCOUNT,gate10_charcount_143,0.9298430138849034,806.6025630243042,0.13207174177994813,0.029478442658800934,0.11697128068340135,0
0.9999754693516305,1.087714876608241,1.2422806225390692,1.436049785730072,3.020524404066545,0.9431834600570439,1,TF_MEANINGFUL_L27_D75,CHARCOUNT,gate10_charcount_143,0.9800949487424875,705.0001147616539,5.780901516654038e-05,1.7608071190299696e-05,-0.00010113102846531774,0
1.0001407635486035,1.112268627847924,1.2781291133834192,1.4572507936848336,4.1910434086483805,0.9635603677523478,3,TF_MEANINGFUL_L27_D75,CHARCOUNT,gate10_charcount_143,0.9670384178598591,1259.7894357054313,4.676902129767457e-06,1.6150623771284091e-06,-4.724137703249198e-06,0
1.0001243900668277,1.0806939276228544,1.2616197317090598,1.4652836238439535,3.1764479794503373,0.8939128968779074,7,TF_MEANINGFUL_L27_D75,CHARCOUNT,gate10_charcount_143,0.9654465023120061,785.7408282596285,0.0010271620763036917,0.0003422103354302927,-0.0011728305807423567,0
1.0001263392908486,1.0997181981289883,1.3246168587786855,1.561274486225869,3.390952441993026,0.8957722498006363,15,TF_MEANINGFUL_L27_D75,CHARCOUNT,gate10_charcount_143,0.880070325731084,780.3821127707554,0.018518213820898792,0.005016577448204031,0.00900497415984347,0
1.0001993182381914,1.0642348359282348,1.2151897613137732,1.3924189789977692,3.9865947589226702,-0.35084166789161686,31,TF_MEANINGFUL_L27_D75,CHARCOUNT,gate10_charcount_143,0.9835791631385307,898.4820497253696,4.2013424483209796e-10,1.405086487808231e-10,-4.746283366330317e-10,0
1.0004006340950709,1.214725066307189,1.5419314786078362,1.8598287088604737,4.391733330710096,0.48209427738213795,63,TF_MEANINGFUL_L27_D75,CHARCOUNT,gate10_charcount_143,0.9738294075543712,295.8187584221576,0.04578174649855756,0.010852191357293258,0.12393726442970632,0
1.000182944756416,1.1487417280375334,1.353517613491874,1.8025853012557622,8.422241455879139,0.6502083311460193,127,TF_MEANINGFUL_L27_D75,CHARCOUNT,gate10_charcount_143,0.9477085034398072,1592.137510998726,4.01183266359028e-09,1.390146949180501e-09,-4.013806176317303e-09,0
1.0000645099049055,1.1337008917405258,1.3945168118580304,1.9150583341447052,3.9588094281632054,0.23307609587595915,255,TF_MEANINGFUL_L27_D75,CHARCOUNT,gate10_charcount_143,0.960520108301274,705.4766815263317,1.4394156699187158e-11,3.995594918779279e-12,,0
1.0001401397969167,1.1350109262204973,1.404218177779047,1.7002203203875583,2.195240418661611,,PREFILL,TF_RANDOM_R0,CHARCOUNT,gate10_charcount_143,0.9674866710697811,455.04452886034585,0.0034962730440088324,0.001108550867772133,-0.004850524365892284,0
1.0000458753232657,1.042605856347443,1.1692840542111498,1.2980970422225546,1.543377646893428,,0,TF_RANDOM_R0,CHARCOUNT,gate10_charcount_143,0.9930398180049158,224.34098777960625,0.012706832600862599,0.0026056216370864234,0.05997714469793891,0
1.0002094542031001,1.0484698239229797,1.1792124657461218,1.3711197301523539,1.6624861502253825,,1,TF_RANDOM_R0,CHARCOUNT,gate10_charcount_143,0.9958276653995872,199.65588370444132,2.519058175585487e-07,6.221172685604928e-08,3.5987059234798835e-06,0
1.000061001301668,1.0830176365626585,1.219151598120748,1.401112362193094,1.69701985048315,,3,TF_RANDOM_R0,CHARCOUNT,gate10_charcount_143,0.9950348377764465,317.93131304083323,9.105714348916057e-09,2.6622532502468776e-09,-1.7786263128982682e-08,0
1.000086107307057,1.0482973565816098,1.1767672811653347,1.342721563360716,1.7030345320599833,,7,TF_RANDOM_R0,CHARCOUNT,gate10_charcount_143,0.9921094336958988,308.5518604240262,7.287390105512634e-05,2.0793543664118907e-05,-9.76251058588673e-05,0
1.0001749139534497,1.0355556690017427,1.1675437870052838,1.343193119635854,1.7345408535063993,,15,TF_RANDOM_R0,CHARCOUNT,gate10_charcount_143,0.9872410346384731,350.77388087902074,0.059819678028029635,0.015412195003659257,-0.19117673617280673,0
0.999979991551359,1.0256457361104891,1.120093748695376,1.2343054114420071,1.8528952410491455,,31,TF_RANDOM_R0,CHARCOUNT,gate10_charcount_143,0.9969772420450314,239.2802581065074,2.1880968537646227e-11,6.5895240557626716e-12,-3.8838265936647076e-11,0
1.0002237225229331,1.089343336324268,1.2579088769870175,1.4604440904448448,1.9868788186673696,,63,TF_RANDOM_R0,CHARCOUNT,gate10_charcount_143,0.9685837575449151,319.2403838785407,0.026810551983399575,0.005174907281925679,0.03513962987828734,0
1.000025681362409,1.0640203433169741,1.244362393793398,1.4925805570327395,2.5436383267037974,,127,TF_RANDOM_R0,CHARCOUNT,gate10_charcount_143,0.9908756761800719,501.8224604552862,3.964107346667627e-13,1.2306837973487646e-13,-6.039613253960852e-13,0
0.9999512210048104,1.0684532685853214,1.2613154188549158,1.5693999435104624,2.45355439279484,,255,TF_RANDOM_R0,CHARCOUNT,gate10_charcount_143,0.9879941903463417,368.5026283609714,1.913295245147992e-12,5.008921441662364e-13,,0
1.000021003224759,1.120800927170161,1.3720821790049171,1.6777186342281258,2.2796564769315353,,PREFILL,TF_RANDOM_R1,CHARCOUNT,gate10_charcount_143,0.9697737617016149,424.6860939154678,0.0014095523269230012,0.0004354901599184861,-0.0022968399207528023,0
0.9999826424960274,1.0625674697007506,1.166569252963791,1.2849508516738688,1.5334726260467069,,0,TF_RANDOM_R1,CHARCOUNT,gate10_charcount_143,0.991252878719679,257.26693099013875,0.030377813345213122,0.007931151631464309,-0.1581245308037893,0
1.0000786222868168,1.0429109488911952,1.1216937497406976,1.2714033548837589,1.4896957054817968,,1,TF_RANDOM_R1,CHARCOUNT,gate10_charcount_143,0.9966903212865479,182.79294677979965,2.256039274968274e-05,6.456529763734033e-06,-5.353423735243723e-05,0
0.9998958630426166,1.0572589530022116,1.1787968132159035,1.346291294263645,1.5929858660392844,,3,TF_RANDOM_R1,CHARCOUNT,gate10_charcount_143,0.9953728111059806,306.7565417496747,8.882817208003138e-10,2.100742082080788e-10,2.540780030813039e-09,0
1.0000554655054485,1.0456784571560795,1.1417286539171914,1.3110822268671134,1.6645730674311268,,7,TF_RANDOM_R1,CHARCOUNT,gate10_charcount_143,0.9913525319509245,310.3534948678741,1.217832729046365e-05,2.589528009064409e-06,2.542252342152551e-05,0
0.9999083380763504,1.0534892317147377,1.1720308227324516,1.3607110298186305,1.6442551359267972,,15,TF_RANDOM_R1,CHARCOUNT,gate10_charcount_143,0.9894912976802459,219.85235515185806,0.0508039636629776,0.013375191097101894,-0.18030031040352412,0
1.0002139764028286,1.0241987101663284,1.126859661209867,1.2468087479085976,1.9374318393325227,,31,TF_RANDOM_R1,CHARCOUNT,gate10_charcount_143,0.9954412110861636,373.78862375133394,1.4079918068936773e-11,3.724555878056549e-12,-1.830358087318018e-11,0
1.0000243558900748,1.0957760095001445,1.2665040972606494,1.4757545434084243,1.9802987061865516,,63,TF_RANDOM_R1,CHARCOUNT,gate10_charcount_143,0.9769673001445364,270.65745076356626,0.02645100845121273,0.006190024650128656,0.11533602438342427,0
1.00009476186171,1.0404338750054263,1.213098088001418,1.4638914100792606,2.466638364112778,,127,TF_RANDOM_R1,CHARCOUNT,gate10_charcount_143,0.9926250017762668,398.3409768796071,1.7125716494832965e-13,4.179004555059096e-14,-1.2789769243681803e-13,0
1.000085249648488,1.0633900422375735,1.2558791110295662,1.5358977726045588,2.602693421082501,,255,TF_RANDOM_R1,CHARCOUNT,gate10_charcount_143,0.9876884569381923,364.4191504482551,9.77350002769363e-12,2.9404937198583057e-12,,0
0.9998720825095615,1.1278732577007387,1.3560941757716702,1.6254964277012718,2.0734017541970124,,PREFILL,TF_RANDOM_R2,CHARCOUNT,gate10_charcount_143,0.9746087111174763,396.6772793472261,0.008552490020314387,0.0028124274420496375,-0.010319763727373754,0
0.999893290066909,1.0638563745923353,1.189030629170471,1.2861989787989363,1.5419452011449435,,0,TF_RANDOM_R2,CHARCOUNT,gate10_charcount_143,0.9910191390314503,272.6874334769562,0.005239060806844872,0.0014485371414895373,-0.017792079677064976,0
1.0000645878738663,1.0489805206164573,1.1595720065424986,1.3346378974391309,1.559677993783785,,1,TF_RANDOM_R2,CHARCOUNT,gate10_charcount_143,0.9961894217955927,211.26422314488462,0.00011374579436675808,3.533130504798583e-05,-0.00017223024661916497,0
0.9997796113220097,1.0770351561666507,1.229341361612443,1.4195707339814783,1.7670097797433002,,3,TF_RANDOM_R2,CHARCOUNT,gate10_charcount_143,0.9957041201021368,280.93582080675435,2.5002906040757217e-10,6.495754738900809e-11,-2.0075106021977263e-09,0
0.9999403053502933,1.0304200094893778,1.1279052249746817,1.2687554510047974,1.899931576052856,,7,TF_RANDOM_R2,CHARCOUNT,gate10_charcount_143,0.9920655249682206,300.4243610332939,4.671797006314826e-05,1.4074773259835673e-05,-8.795366917979663e-05,0
0.9999071685419378,1.0452826087419136,1.1595088516842214,1.3236548777398873,1.6697550405062285,,15,TF_RANDOM_R2,CHARCOUNT,gate10_charcount_143,0.98559802120815,268.20346499301803,0.02032901703999511,0.00530094657349655,-0.10746559569012959,0
0.9999939479953487,1.0253351857394781,1.1316946724092471,1.2464292729762074,1.7607900397994674,,31,TF_RANDOM_R2,CHARCOUNT,gate10_charcount_143,0.9963069516653829,280.75132581294866,1.4438263554149703e-11,4.143514555239378e-12,-1.575273245180142e-11,0
0.9998086157754408,1.1001457799102146,1.2580075856914361,1.4200312186641773,1.981735362258921,,63,TF_RANDOM_R2,CHARCOUNT,gate10_charcount_143,0.9809792869506336,245.8221367524249,0.07389726052312565,0.016420609531216344,0.1740735195710883,0
0.9999049074420736,1.0508660439963615,1.198198453492485,1.4588376179757738,2.3469910952614446,,127,TF_RANDOM_R2,CHARCOUNT,gate10_charcount_143,0.9936162055445965,348.4499797122906,5.408235894602713e-12,1.8058363963769647e-12,-6.0396132539608516e-12,0
0.9999395256606849,1.066556517675057,1.232897214040343,1.5367558989875232,2.6619788357715146,,255,TF_RANDOM_R2,CHARCOUNT,gate10_charcount_143,0.9823473684267636,480.5187438015903,2.457997030041369e-10,7.833154839518658e-11,,0
1.0000765171248742,1.1361127835750358,1.4028730572666994,1.669684244689789,2.250827765538159,,PREFILL,TF_RANDOM_R3,CHARCOUNT,gate10_charcount_143,0.9710443825644496,424.2861042018199,0.002545238629499209,0.0007936912342725831,-0.003822273762317252,0
0.9999321965783663,1.0680925841724929,1.2130258887436836,1.3344938107995052,1.6180259096877032,,0,TF_RANDOM_R3,CHARCOUNT,gate10_charcount_143,0.9924628920317002,223.99557287654156,0.010030753952573909,0.002430617097848245,-0.05824139805893935,0
1.0000382343651038,1.0544572163635202,1.152223509952639,1.329890835227574,1.6373219799913123,,1,TF_RANDOM_R3,CHARCOUNT,gate10_charcount_143,0.9954476904432491,215.20263086351426,1.002257579607517e-07,1.64770377780727e-08,7.756352005117151e-08,0
0.9999136399656873,1.067555767877135,1.192788421206937,1.3843025661126327,1.6916343784202656,,3,TF_RANDOM_R3,CHARCOUNT,gate10_charcount_143,0.9954945940737473,276.45804106357167,7.852100394559924e-10,1.7939611673520932e-10,2.898651985105971e-09,0
1.0000312171586283,1.0428176200450743,1.145449488666221,1.2897851611526014,1.6657953088611965,,7,TF_RANDOM_R3,CHARCOUNT,gate10_charcount_143,0.9938304200386325,244.78153221148176,2.5210337412092194e-05,7.31415335000471e-06,-5.689352580873219e-05,0
0.9999222945203401,1.0485980048945944,1.1938775696208592,1.3573719311018555,1.6848488956966048,,15,TF_RANDOM_R3,CHARCOUNT,gate10_charcount_143,0.9889606284908349,225.26170130757893,0.015028062345789225,0.0038358010640357253,-0.05931463629560341,0
0.9999406172261366,1.0372089228473156,1.1473953600218123,1.2832168219848696,1.8385224428085831,,31,TF_RANDOM_R3,CHARCOUNT,gate10_charcount_143,0.9970323988681564,236.8285389714578,3.3035722602243307e-12,8.923802453741657e-13,-8.554934538551606e-12,0
1.0000433023475581,1.0964789776510446,1.2886907888183035,1.4808056845672426,2.077437271671977,,63,TF_RANDOM_R3,CHARCOUNT,gate10_charcount_143,0.9721361667702921,298.993097272872,0.0839695905249663,0.017985061323807998,0.15362748087783729,0
0.9999312609508363,1.056266642037648,1.213932433851327,1.4641814546135716,2.7363521800098813,,127,TF_RANDOM_R3,CHARCOUNT,gate10_charcount_143,0.9909039984147399,449.38527761285224,7.450416364807124e-13,2.23770201339453e-13,-1.1084466677857563e-12,0
0.999858515910376,1.0836169059956462,1.2932880726560938,1.6139626352626806,2.5763795205519386,,255,TF_RANDOM_R3,CHARCOUNT,gate10_charcount_143,0.9807634459486336,510.489454880529,1.192938020632212e-10,3.6763983973755314e-11,,0
0.0,0.0,0.0,0.0,0.0,,PREFILL,TF_BASELINE,CHARCOUNT,gate10_charcount_052,0.9999999999999999,0.0,0.0,0.0,0.0,0
0.0,0.0,0.0,0.0,0.0,,0,TF_BASELINE,CHARCOUNT,gate10_charcount_052,1.0000000000000002,0.0,0.0,0.0,0.0,0
0.0,0.0,0.0,0.0,0.0,,1,TF_BASELINE,CHARCOUNT,gate10_charcount_052,0.9999999999999999,0.0,0.0,0.0,0.0,0
0.0,0.0,0.0,0.0,0.0,,3,TF_BASELINE,CHARCOUNT,gate10_charcount_052,1.0,0.0,0.0,0.0,0.0,0
0.0,0.0,0.0,0.0,0.0,,7,TF_BASELINE,CHARCOUNT,gate10_charcount_052,1.0,0.0,0.0,0.0,0.0,0
0.0,0.0,0.0,0.0,0.0,,15,TF_BASELINE,CHARCOUNT,gate10_charcount_052,1.0,0.0,0.0,0.0,0.0,0
0.0,0.0,0.0,0.0,0.0,,31,TF_BASELINE,CHARCOUNT,gate10_charcount_052,0.9999999999999999,0.0,0.0,0.0,0.0,0
0.0,0.0,0.0,0.0,0.0,,63,TF_BASELINE,CHARCOUNT,gate10_charcount_052,1.0,0.0,0.0,0.0,0.0,0
0.0,0.0,0.0,0.0,0.0,,127,TF_BASELINE,CHARCOUNT,gate10_charcount_052,0.9999999999999998,0.0,0.0,0.0,0.0,0
0.0,0.0,0.0,0.0,0.0,,255,TF_BASELINE,CHARCOUNT,gate10_charcount_052,0.9999999999999999,0.0,0.0,0.0,,0
1.899877309656114,2.258691558990186,2.880326232455903,3.5134463576044928,5.460526855840507,,PREFILL,TF_TEXTUAL_CAREFUL,CHARCOUNT,gate10_charcount_052,0.7842609750371475,1139.0938328258526,5.9415335498349195,0.6794308715240083,-5.956247896864539,1
1.0371906781104798,1.166411053942254,1.5364685053978806,1.9191972384617388,2.83615837552136,,0,TF_TEXTUAL_CAREFUL,CHARCOUNT,gate10_charcount_052,0.9047168892026127,776.1339139584065,0.5383831946811243,0.06190902656787167,0.19428258434548695,0
0.7111973848714843,0.8038280189482381,1.0633511357261163,1.4082630515293122,2.4146010999610277,,1,TF_TEXTUAL_CAREFUL,CHARCOUNT,gate10_charcount_052,0.9692743886345957,757.1711620302001,0.00391332450625222,0.001339618212067155,-0.004050923110376914,0
0.6897085934822762,0.7889639382854463,1.0696858798871824,1.3439254041160285,3.7155603047669215,,3,TF_TEXTUAL_CAREFUL,CHARCOUNT,gate10_charcount_052,0.9502202501364979,1257.5469094599084,7.6302599152145e-09,2.546461365879818e-09,-8.93086848918756e-09,0
0.5364238775779884,0.576877605094134,0.759418146359259,1.0324640437666621,2.124084229685271,,7,TF_TEXTUAL_CAREFUL,CHARCOUNT,gate10_charcount_052,0.982243821812921,571.2387039357369,5.008826578468895e-05,1.5350703483973613e-05,-4.1394155196883275e-05,0
0.773236195443471,0.8466961333056403,1.1254940348608193,1.441498256713312,2.8628374826644793,,15,TF_TEXTUAL_CAREFUL,CHARCOUNT,gate10_charcount_052,0.9376004865081528,646.7731565021053,0.4816255457814315,0.06267049152640897,0.3835322968500634,0
0.2937476116292091,0.3236131542637861,0.40329733477727653,0.48425652221508264,1.0720418679767727,,31,TF_TEXTUAL_CAREFUL,CHARCOUNT,gate10_charcount_052,0.9983516430133217,155.8280362848298,4.3467349011989e-11,7.704292654997531e-12,3.994671260443283e-11,0
0.9665546200718793,1.0908765959391136,1.542257388864132,1.9181443456146057,3.240076889009619,,63,TF_TEXTUAL_CAREFUL,CHARCOUNT,gate10_charcount_052,0.9653749848864027,377.0324245437753,2.8744739220352256,0.5268214690826737,-3.066498179746226,1
0.33151318379036165,0.38482824225677753,0.5084282255466677,0.6305473833478745,1.3079596479545805,,127,TF_TEXTUAL_CAREFUL,CHARCOUNT,gate10_charcount_052,0.9925085819657374,215.31471216761227,1.5399905903799638e-08,1.0215754800216972e-09,3.00797609043002e-09,0
0.3709439975248155,0.41824749317283155,0.5675180550974237,0.7029117013723724,1.8224860988196177,,255,TF_TEXTUAL_CAREFUL,CHARCOUNT,gate10_charcount_052,0.9830252204466133,318.45098559992834,1.5467968893042743e-07,1.84970035195626e-08,,0
1.000079479945386,1.2271363993999926,1.839035478570886,2.4202841015784635,3.8434774294183174,0.5897508833313804,PREFILL,TF_MEANINGFUL_L27_D75,CHARCOUNT,gate10_charcount_052,0.7323120586980666,1228.9612770491083,0.19318864296892244,0.06339980443179694,-0.1959867005067366,0
1.0001596320371258,1.0970228891218385,1.285053614764251,1.4735054507641405,2.9441478812863724,0.8874875072539185,0,TF_MEANINGFUL_L27_D75,CHARCOUNT,gate10_charcount_052,0.9302630303271014,728.7269019633344,0.10477130969976921,0.022792534431325347,0.10160859943380274,0
1.0001470790344311,1.088651673672689,1.2401814642064737,1.4325807907245438,2.8659921068199155,0.9423621387575035,1,TF_MEANINGFUL_L27_D75,CHARCOUNT,gate10_charcount_052,0.9774354957491608,677.0339255300303,4.864580582250309e-05,1.4723897449924515e-05,-8.683189754066234e-05,0
1.0003055899318114,1.1138738528136216,1.2849963855469972,1.4595337248581202,4.063832682782162,0.9634879244069834,3,TF_MEANINGFUL_L27_D75,CHARCOUNT,gate10_charcount_052,0.9635776065512455,1210.3838692301558,2.1834672987957562e-06,7.543712342215281e-07,-2.2025379848855664e-06,0
1.0004530292367528,1.0799356794787216,1.254256498985602,1.4568498772882132,3.053944395687727,0.896243893835411,7,TF_MEANINGFUL_L27_D75,CHARCOUNT,gate10_charcount_052,0.9658398790267435,754.1615595206672,0.000806934354379726,0.0002666588292743161,-0.0009535424414224281,0
1.0001680526848962,1.1032022411439582,1.3188544847591184,1.559239808223885,3.3540441190640284,0.9018843921721333,15,TF_MEANINGFUL_L27_D75,CHARCOUNT,gate10_charcount_052,0.8925549127702844,765.0243446703402,0.16694908480368437,0.04278744211711673,-0.7601987038024305,1
1.000221461423069,1.0733242234756473,1.230382870991294,1.4232691136697868,3.2622946122136858,-0.24961889841570736,31,TF_MEANINGFUL_L27_D75,CHARCOUNT,gate10_charcount_052,0.9818708744382604,686.547045815355,3.3138386346777247e-09,1.1236425420299939e-09,-3.5570693057707103e-09,0
1.0002751040681244,1.1576988022584067,1.4762243843664238,1.719178941028668,3.8252476626231053,0.35214756758057386,63,TF_MEANINGFUL_L27_D75,CHARCOUNT,gate10_charcount_052,0.9773115697196469,332.99886766628384,0.5353621184406161,0.1311738479670229,-0.9676373131510978,1
1.0001564353097314,1.105158794247184,1.2904810341280655,1.488948762836985,2.7040377882533577,-0.5705523605232486,127,TF_MEANINGFUL_L27_D75,CHARCOUNT,gate10_charcount_052,0.8998860085057889,741.0599238097032,2.940621088992258e-07,1.0034761713203962e-07,-3.080315593706473e-07,0
1.0002194342300872,1.170182256639984,1.4733002364592194,1.777177400050118,3.729005272373532,-0.6177917890519137,255,TF_MEANINGFUL_L27_D75,CHARCOUNT,gate10_charcount_052,0.9421266248667315,463.0775099346884,1.236800583519486e-05,4.2511763649678e-06,,0
1.000093748265219,1.1324664091836047,1.3934085610487035,1.6868904349671423,2.2111400050932692,,PREFILL,TF_RANDOM_R0,CHARCOUNT,gate10_charcount_052,0.9726317060782427,426.2954314272473,0.005891965847961495,0.0018630602309857329,-0.008261926004387021,0
1.0000622488050412,1.0418202410980564,1.1695098523217318,1.289626806193143,1.5355827780027802,,0,TF_RANDOM_R0,CHARCOUNT,gate10_charcount_052,0.9924295913747289,215.64023605440596,0.0072529425775492975,0.0015988779826054123,0.04380528658214189,0
0.9999204232652801,1.0473214190988218,1.1775374585604756,1.3726664783974243,1.6626516003602771,,1,TF_RANDOM_R0,CHARCOUNT,gate10_charcount_052,0.9957294019519319,187.32162094972514,2.1458236258158973e-07,5.2784536375390566e-08,3.2007086261387485e-06,0
1.0000077485014167,1.080858442130219,1.2163268606386097,1.3886440337899193,1.6608300894972197,,3,TF_RANDOM_R0,CHARCOUNT,gate10_charcount_052,0.9951433325870229,314.87750066978487,2.2575059520288333e-09,6.038926693332272e-10,-4.319673507779953e-09,0
1.0001368651005615,1.0468926677831831,1.171504376308885,1.3342014271963694,1.6891225303779636,,7,TF_RANDOM_R0,CHARCOUNT,gate10_charcount_052,0.992288111626492,297.6227300963689,7.803196385570276e-05,2.287072605292326e-05,-0.00012787486741672183,0
1.0001253256943579,1.0331820599270034,1.1612924696323124,1.3273329854983786,1.6755036919886883,,15,TF_RANDOM_R0,CHARCOUNT,gate10_charcount_052,0.988120651455111,323.463853766715,0.07085401009156038,0.01572050227052095,0.30198366815271527,0
1.0001124608158198,1.031830156115063,1.1216618604357154,1.2450234146433683,1.7659375505938795,,31,TF_RANDOM_R0,CHARCOUNT,gate10_charcount_052,0.9953230037410433,258.3623626411095,3.70588384907027e-11,1.06101650012013e-11,-7.081979447320919e-11,0
1.0003101901005007,1.0631384364009548,1.2150734316242056,1.3608942568765958,1.7505700243509679,,63,TF_RANDOM_R0,CHARCOUNT,gate10_charcount_052,0.9898515708350524,206.6357818011466,0.1033152360330994,0.02533078865011057,-0.6329359998028643,0
1.0001317971181072,1.0510555865401545,1.1877000888537999,1.3388348106630268,1.833696008194895,,127,TF_RANDOM_R0,CHARCOUNT,gate10_charcount_052,0.9864797969998369,257.2741684123427,3.5486542600872543e-10,8.370371732046055e-11,1.1192895499334554e-09,0
1.0001151117604883,1.0613625373799864,1.244074766296873,1.424599264141654,1.9346299467559096,,255,TF_RANDOM_R0,CHARCOUNT,gate10_charcount_052,0.9850760074385881,235.0338391075402,2.8850329548295566e-08,5.796606884535689e-09,,0
0.999877072523055,1.1158637766320854,1.365616369020685,1.6757513214083044,2.267550548258327,,PREFILL,TF_RANDOM_R1,CHARCOUNT,gate10_charcount_052,0.9714751976282638,427.44373659675955,0.002328530053917833,0.0007045514028029263,-0.003657564816528236,0
0.9999689979278811,1.0595169341080306,1.1627798055292256,1.2750340575140615,1.5369590860994626,,0,TF_RANDOM_R1,CHARCOUNT,gate10_charcount_052,0.9920436786654188,214.0509321322124,0.02493725459151708,0.006520357805293366,-0.12861401738172162,0
1.0001264172598094,1.0422667693367658,1.1199614353688367,1.2720607111925695,1.495168502780818,,1,TF_RANDOM_R1,CHARCOUNT,gate10_charcount_052,0.996302219432796,185.69513994507471,1.9894795460694702e-05,5.695874068354313e-06,-4.725219211820786e-05,0
0.9999647876039959,1.0570670713895935,1.1799588626082076,1.3465237977048587,1.5965412506534193,,3,TF_RANDOM_R1,CHARCOUNT,gate10_charcount_052,0.9951332587456992,289.2742937836555,6.315413218940554e-10,1.3946026550560362e-10,1.218523948409711e-09,0
0.9999227623341052,1.0433907698761817,1.1392713841474749,1.307805113474203,1.6295395861343986,,7,TF_RANDOM_R1,CHARCOUNT,gate10_charcount_052,0.9924404727105257,276.6692807823407,1.5651189438720952e-05,3.268814972477078e-06,3.0312235303142643e-05,0
0.9999550414838914,1.0512071582000202,1.1637147313386134,1.3470004999314118,1.6208898655571418,,15,TF_RANDOM_R1,CHARCOUNT,gate10_charcount_052,0.9901166450838167,216.94914476507657,0.10685860239936218,0.02458923382200426,-0.8285427563802443,0
1.0000768290007176,1.0318438006832094,1.144841252802737,1.2915234791344468,1.9042639993306854,,31,TF_RANDOM_R1,CHARCOUNT,gate10_charcount_052,0.9925307007483335,372.9537699740528,1.8586178148047178e-11,5.169989459416128e-12,-2.1813661987835076e-11,0
1.0000729305526759,1.058594639270298,1.2081040201219317,1.3586225532336695,1.7872612816929974,,63,TF_RANDOM_R1,CHARCOUNT,gate10_charcount_052,0.9883283219760763,221.52461379223263,0.29060720981215543,0.07122216388969627,0.17513946351013487,1
1.0000438481302838,1.0518875933212386,1.1841923432747359,1.3395100218638691,1.7893312016652791,,127,TF_RANDOM_R1,CHARCOUNT,gate10_charcount_052,0.9729763692843277,410.13574396750346,5.510351847963859e-10,1.7736442358387244e-10,-1.3526175735023571e-09,0
1.0002107796754345,1.086367105151225,1.2711463691888423,1.4895862370607826,2.0805681932633195,,255,TF_RANDOM_R1,CHARCOUNT,gate10_charcount_052,0.9724177905826936,319.9445168032627,2.1060981372750867e-08,4.610437928949002e-09,,0
0.9998879881775722,1.127264943868294,1.354064019969415,1.6141623917403431,2.038604986665383,,PREFILL,TF_RANDOM_R2,CHARCOUNT,gate10_charcount_052,0.977144709183831,389.83825520031274,0.013088712945282573,0.004278707731885979,-0.016244403855580458,0
1.000011335073615,1.0625884433512156,1.1858116026533838,1.2815731583214798,1.4947547994746204,,0,TF_RANDOM_R2,CHARCOUNT,gate10_charcount_052,0.9916278273923093,226.04846156776313,0.006879981309987713,0.0017353154732306388,0.030514025743656248,0
1.0000932024824933,1.0490565403532728,1.1576584923056543,1.3228761237590543,1.5345401770584775,,1,TF_RANDOM_R2,CHARCOUNT,gate10_charcount_052,0.9961674290077976,189.85390567826107,6.755890860746292e-05,2.059181447959475e-05,-0.00011227228519317123,0
0.9999210470169667,1.0776430021853303,1.2327135191686127,1.424951683844634,1.7016947134369724,,3,TF_RANDOM_R2,CHARCOUNT,gate10_charcount_052,0.9957530064459166,255.74988354188628,1.384782911869073e-10,3.178654942339695e-11,7.337277452279523e-10,0
0.9998089276512842,1.0282353192067448,1.1225823619873487,1.2618789005348798,1.8783061050753016,,7,TF_RANDOM_R2,CHARCOUNT,gate10_charcount_052,0.9916809382865213,306.52796898129134,5.361562182261779e-05,1.6024729332105964e-05,-0.00010250042677029114,0
0.9999566008631081,1.042853017953294,1.1568724872114637,1.315186357027614,1.6546381065034446,,15,TF_RANDOM_R2,CHARCOUNT,gate10_charcount_052,0.9845389138787862,283.86465030257506,0.051903635500823636,0.012488863736773279,-0.5101031813197991,0
0.999911846679588,1.030343677876719,1.1434866200771672,1.2830530091981527,1.8957709963647096,,31,TF_RANDOM_R2,CHARCOUNT,gate10_charcount_052,0.9928448538919535,327.4395092455164,1.961699619335164e-11,4.016932429506537e-12,2.7135627078678226e-11,0
0.9999786660790247,1.063197848749112,1.2197012792946438,1.3320928346195124,1.8182497333015386,,63,TF_RANDOM_R2,CHARCOUNT,gate10_charcount_052,0.9894251385658023,210.19495614173942,0.13909658849487683,0.0344170165884819,0.08613710266246954,1
0.9999153552828257,1.0575089994596136,1.19343759077486,1.3262811842166968,1.704816902504701,,127,TF_RANDOM_R2,CHARCOUNT,gate10_charcount_052,0.9870694925034447,254.4609597367233,3.2204009572836543e-10,7.370883527168647e-11,1.1756924322980922e-09,0
1.000003694115453,1.0637461264817127,1.2308388334742648,1.3972790962025388,1.9026275867806532,,255,TF_RANDOM_R2,CHARCOUNT,gate10_charcount_052,0.9846914940954117,238.85016883361098,2.0092788066948507e-08,5.35433283798683e-09,,0
1.0001253256943579,1.134531806956158,1.4021343793317362,1.6741197429338441,2.320658638118203,,PREFILL,TF_RANDOM_R3,CHARCOUNT,gate10_charcount_052,0.9721823131559528,436.9001685204216,0.006286688501810657,0.0019805961175340175,-0.009036862921767863,0
0.9999378103435466,1.065314472128935,1.2083607719099656,1.3260266935285272,1.6481928803248733,,0,TF_RANDOM_R3,CHARCOUNT,gate10_charcount_052,0.9922826770999977,214.39120434421127,0.008969217663036584,0.0021584022952332365,-0.04479001827245099,0
0.9999174604447683,1.0527086064788447,1.1500613526996877,1.325795905404452,1.62106498384318,,1,TF_RANDOM_R3,CHARCOUNT,gate10_charcount_052,0.9945892305639249,232.33659126158477,2.971391242266478e-07,6.969318481742738e-08,-3.6037341075711993e-06,0
0.9999520786633795,1.0687780872761654,1.1927988690476892,1.381393856059674,1.729811100404148,,3,TF_RANDOM_R3,CHARCOUNT,gate10_charcount_052,0.9953259732451251,268.1975809513047,6.935364670298461e-10,1.4960625243100395e-10,1.5763461647111399e-09,0
1.0000488381437773,1.0415944429874744,1.1408217969337044,1.285773346241731,1.665506355892337,,7,TF_RANDOM_R3,CHARCOUNT,gate10_charcount_052,0.9934414670269798,250.23670085472415,4.877540478897571e-05,1.436561240991123e-05,-0.00010089965959281244,0
0.9998203890885271,1.0464204877563585,1.185669621175701,1.3413864228753554,1.665506355892337,,15,TF_RANDOM_R3,CHARCOUNT,gate10_charcount_052,0.9887118967236036,233.85440851915746,0.0032942688314087478,0.0008410614460933739,-0.0019063775140395478,0
0.9999749235689046,1.0436334872512651,1.156801379519181,1.293075607237815,1.8803803913093904,,31,TF_RANDOM_R3,CHARCOUNT,gate10_charcount_052,0.993887429880621,296.9028460571261,3.7364759480038586e-11,1.0704126883900259e-11,-9.379874654769083e-11,0
0.9999046735351911,1.0637933756719797,1.2440903600890403,1.383646691214078,1.862772816821652,,63,TF_RANDOM_R3,CHARCOUNT,gate10_charcount_052,0.9896585068888691,207.99357913060712,0.13091479448429424,0.034092825148097534,-0.43525101842972447,0
0.9999984701950771,1.081260450092291,1.23615725223083,1.393769713275297,1.928453089740537,,127,TF_RANDOM_R3,CHARCOUNT,gate10_charcount_052,0.9803915242783463,312.4385982946901,9.442606748596744e-11,2.297008136303902e-11,6.460751933445863e-10,0
0.9999904393921111,1.0963851809911584,1.3092872254507402,1.515358097375611,2.07338662821861,,255,TF_RANDOM_R3,CHARCOUNT,gate10_charcount_052,0.9834907095009541,250.9155154974139,9.913164498250074e-08,3.0431648212925724e-08,,0
0.0,0.0,0.0,0.0,0.0,,PREFILL,TF_BASELINE,CHARCOUNT,gate10_charcount_066,1.0,0.0,0.0,0.0,0.0,0
0.0,0.0,0.0,0.0,0.0,,0,TF_BASELINE,CHARCOUNT,gate10_charcount_066,1.0,0.0,0.0,0.0,0.0,0
0.0,0.0,0.0,0.0,0.0,,1,TF_BASELINE,CHARCOUNT,gate10_charcount_066,1.0000000000000002,0.0,0.0,0.0,0.0,0
0.0,0.0,0.0,0.0,0.0,,3,TF_BASELINE,CHARCOUNT,gate10_charcount_066,0.9999999999999998,0.0,0.0,0.0,0.0,0
0.0,0.0,0.0,0.0,0.0,,7,TF_BASELINE,CHARCOUNT,gate10_charcount_066,1.0000000000000002,0.0,0.0,0.0,0.0,0
0.0,0.0,0.0,0.0,0.0,,15,TF_BASELINE,CHARCOUNT,gate10_charcount_066,1.0000000000000002,0.0,0.0,0.0,0.0,0
0.0,0.0,0.0,0.0,0.0,,31,TF_BASELINE,CHARCOUNT,gate10_charcount_066,0.9999999999999998,0.0,0.0,0.0,0.0,0
0.0,0.0,0.0,0.0,0.0,,63,TF_BASELINE,CHARCOUNT,gate10_charcount_066,1.0,0.0,0.0,0.0,0.0,0
0.0,0.0,0.0,0.0,0.0,,127,TF_BASELINE,CHARCOUNT,gate10_charcount_066,1.0,0.0,0.0,0.0,0.0,0
0.0,0.0,0.0,0.0,0.0,,255,TF_BASELINE,CHARCOUNT,gate10_charcount_066,1.0,0.0,0.0,0.0,,0
1.8696796192483742,2.193390994910574,2.7681260909298873,3.3353883298668072,5.282049666969365,,PREFILL,TF_TEXTUAL_CAREFUL,CHARCOUNT,gate10_charcount_066,0.8017108738203503,1049.4416039119844,5.299029515862961,0.6650854769979888,-5.342057640178908,1
1.0335910850955508,1.1632797425061079,1.5412068350858237,1.9145758622150502,2.804064168110238,,0,TF_TEXTUAL_CAREFUL,CHARCOUNT,gate10_charcount_066,0.9014744005289866,788.4890067732825,0.6311523267521246,0.07219076739957225,0.24844224367065948,0
0.7207109235658463,0.8147827359146981,1.089277530521322,1.446072539707656,2.2584637336866225,,1,TF_TEXTUAL_CAREFUL,CHARCOUNT,gate10_charcount_066,0.9703264333040269,742.4143808293176,0.006443114247287095,0.0022047535053381605,-0.006669926856432085,0
0.690333514703379,0.7851187430438828,1.0589775448369652,1.322962045553896,3.794422166142712,,3,TF_TEXTUAL_CAREFUL,CHARCOUNT,gate10_charcount_066,0.9573451324185602,1326.3075334043738,3.0504089197728957e-09,9.957008550980868e-10,-2.378904184752173e-09,0
0.4981499672844234,0.541681831405425,0.7262689409390615,0.9803596483396316,1.9925699290567325,,7,TF_TEXTUAL_CAREFUL,CHARCOUNT,gate10_charcount_066,0.9832807193535555,610.2898346123626,3.271847504659199e-05,9.971138352524055e-06,-2.7053648565811272e-05,0
0.7418766115813489,0.8076762549792742,1.07326668238255,1.3797404462761795,2.5902215061071274,,15,TF_TEXTUAL_CAREFUL,CHARCOUNT,gate10_charcount_066,0.9431731991524546,558.4567952111357,0.347351692868847,0.060533904444162914,0.5912692857577682,1
0.24152080493366576,0.26049061412065544,0.34221949164759724,0.40530472364296777,1.2385278984850574,,31,TF_TEXTUAL_CAREFUL,CHARCOUNT,gate10_charcount_066,0.9983835867948538,155.89398271308355,2.0380961705031356e-11,4.603093994990948e-12,9.6413543815288e-11,0
0.9763915740157902,1.1012408539651604,1.5570329747563745,1.9364313416270713,3.240063166472512,,63,TF_TEXTUAL_CAREFUL,CHARCOUNT,gate10_charcount_066,0.9652689884560354,381.4593979854436,2.7351862089600494,0.5278106845247018,-3.8831900056088884,1
0.35335423894462825,0.3972720494217695,0.5317067944318731,0.738779840394853,1.23901294339042,,127,TF_TEXTUAL_CAREFUL,CHARCOUNT,gate10_charcount_066,0.992361646517901,158.4982638055471,2.4709098294711e-06,5.366015968303933e-07,4.610482292832785e-06,0
1.0534507930170454,1.1589592484792863,1.315479832196202,1.4306328142070097,2.0194771733792587,,255,TF_TEXTUAL_CAREFUL,CHARCOUNT,gate10_charcount_066,0.9912485430439226,622.2035583122012,-1.994708945035433e-15,4.423078320676903e-16,,0
0.9998344235014776,1.218454243735028,1.7903157937027199,2.3492277128719943,3.810397694342225,0.5259609248703263,PREFILL,TF_MEANINGFUL_L27_D75,CHARCOUNT,gate10_charcount_066,0.8037631012292542,1008.5639941890466,0.44361035630291235,0.1408862737837769,-0.4623567698629998,0
1.0001979147968965,1.0992549065636992,1.2869710274491373,1.4777039233672533,3.003037525530181,0.8892933550849673,0,TF_MEANINGFUL_L27_D75,CHARCOUNT,gate10_charcount_066,0.9319168311766876,727.57485915162,0.11971658709782777,0.025865005256247214,0.13248351715576945,0
1.0001139422260756,1.0877409962101212,1.2442545627205615,1.434338055163872,2.860781908980991,0.9380508686075192,1,TF_MEANINGFUL_L27_D75,CHARCOUNT,gate10_charcount_066,0.9798700120944361,649.8335269986219,6.376673405979949e-05,1.9132352483242487e-05,-0.00012097683804768167,0
1.0001751478603322,1.112913509123001,1.2833648850414978,1.467808570671676,4.135946798411336,0.9662023429008996,3,TF_MEANINGFUL_L27_D75,CHARCOUNT,gate10_charcount_066,0.9695563915144118,1278.0799554505725,2.373784544069521e-06,8.208019986584344e-07,-2.388819964949107e-06,0
1.0001867652354968,1.0808853414217077,1.2726257522517501,1.4756302608848513,3.055179424027374,0.8965445642980068,7,TF_MEANINGFUL_L27_D75,CHARCOUNT,gate10_charcount_066,0.9689316073141152,787.1525432530668,0.0008977459946768412,0.0002998218681690779,-0.001017254583501881,0
1.0002967794392368,1.0974896113214045,1.3176939947460309,1.5578695817061479,3.3852803560301075,0.8749891683430124,15,TF_MEANINGFUL_L27_D75,CHARCOUNT,gate10_charcount_066,0.8903095409286783,704.9296148273834,0.19880083005637944,0.05075043504878784,-0.7850661497750622,1
1.0003104240073832,1.061402379518974,1.239486916703344,1.417771990054985,4.793740045278649,-0.5348396928093607,31,TF_MEANINGFUL_L27_D75,CHARCOUNT,gate10_charcount_066,0.9783280210059205,721.7341902509606,6.864796383238945e-08,2.3581013037223626e-08,-7.049033001749194e-08,0
1.0001024807888328,1.1570911121776486,1.473115605959959,1.7199329008799549,3.811096919983005,0.28909070099081435,63,TF_MEANINGFUL_L27_D75,CHARCOUNT,gate10_charcount_066,0.9712252748115191,370.2980976399769,0.5230466923174871,0.13982437005417084,-1.0773783191210349,1
1.0001068470506396,1.1040560792340763,1.2949290853748152,1.5644436126080208,3.782384382341275,0.719294434463437,127,TF_MEANINGFUL_L27_D75,CHARCOUNT,gate10_charcount_066,0.8415923187254558,645.9813052220009,0.0006787423093420521,0.00022889468342218068,-0.0007478160897989028,0
0.999751854371952,1.2104226610792814,1.6661658173630904,1.9768828860123135,3.5157027793310953,-0.49836997294387786,255,TF_MEANINGFUL_L27_D75,CHARCOUNT,gate10_charcount_066,0.9793998276198385,707.177551868865,3.53433786090293e-13,1.2170394606762172e-13,,0
1.0000539840951925,1.1358299121851216,1.4077163331759281,1.7061515751762968,2.2282424966527103,,PREFILL,TF_RANDOM_R0,CHARCOUNT,gate10_charcount_066,0.9640006025912897,468.0793142564791,0.016221899521214764,0.005101096496234867,-0.023249789909691287,0
1.000031840910315,1.0415326136015313,1.166059647835765,1.2936263020082015,1.5386884376508114,,0,TF_RANDOM_R0,CHARCOUNT,gate10_charcount_066,0.9927759906971796,211.97168961657889,0.03162467898659375,0.006832368074480085,0.10668476313006181,0
1.0000625606808846,1.049126478511143,1.1816628742472848,1.370860561326534,1.684295316074667,,1,TF_RANDOM_R0,CHARCOUNT,gate10_charcount_066,0.995919960665541,181.7982712289595,1.2499201234611524e-08,3.520316892311862e-09,-4.920791241147526e-08,0
1.000023342293584,1.0819875106520895,1.219559141879039,1.3940176545707565,1.6986034000777352,,3,TF_RANDOM_R0,CHARCOUNT,gate10_charcount_066,0.9958441346232236,278.0361666563668,2.661613791257969e-09,7.732634528343207e-10,-5.063888863787724e-09,0
1.0001299258630472,1.0484047198406814,1.1757030048499193,1.3445187479079925,1.706140971397623,,7,TF_RANDOM_R0,CHARCOUNT,gate10_charcount_066,0.99244803485534,302.04748174497644,0.00011596617899575095,3.5988180581034306e-05,-0.00016678456480434534,0
1.0000825207348587,1.0332874739620541,1.1597184322509493,1.3213499593196447,1.6857525559526974,,15,TF_RANDOM_R0,CHARCOUNT,gate10_charcount_066,0.9855639074014414,335.01841534936904,0.06015995642605459,0.013374992694636528,0.2738587129732295,0
0.9998691196890498,1.031813938571209,1.1375237098903292,1.2797982728970025,1.9183253895416674,,31,TF_RANDOM_R0,CHARCOUNT,gate10_charcount_066,0.9930908992233007,282.2836199305614,3.6116934549488467e-10,1.099848527943205e-10,-6.943281505300547e-10,0
1.0001627507955593,1.0622364914620006,1.2158226353688815,1.364199517064368,1.762552918003976,,63,TF_RANDOM_R0,CHARCOUNT,gate10_charcount_066,0.9894414229528123,211.71587942483072,0.11589423871038676,0.029429444337572025,-0.19703659718135214,1
1.0001103556538773,1.0608661090063418,1.2067194473154008,1.4688781488764282,2.2606616786925975,,127,TF_RANDOM_R0,CHARCOUNT,gate10_charcount_066,0.9878469512061507,190.8949654401351,1.2437897823485985e-05,3.6367697237610524e-06,-2.8516324626082223e-05,0
0.9998834659778436,1.0982607243440754,1.300657231020575,1.5500425896036358,2.753421456792006,,255,TF_RANDOM_R0,CHARCOUNT,gate10_charcount_066,0.9882453944084689,472.8789654844086,2.3286512082324824e-13,8.145744464482131e-14,,0
0.999981862806419,1.1190913017659037,1.3724469178037093,1.6880637118898068,2.2355486560968356,,PREFILL,TF_RANDOM_R1,CHARCOUNT,gate10_charcount_066,0.9687097716932411,420.7633463881661,0.0036586310965746527,0.001093198489569129,-0.007064983821749138,0
1.0001665712746401,1.060532245916041,1.1618314690585736,1.2764219050169476,1.5148764051355643,,0,TF_RANDOM_R1,CHARCOUNT,gate10_charcount_066,0.992147151558309,216.3573391706318,0.026954398497988516,0.00697755628674877,-0.15137856074718314,0
1.000116593170744,1.0437248668733654,1.1235621979181785,1.2725279791748614,1.513533935567885,,1,TF_RANDOM_R1,CHARCOUNT,gate10_charcount_066,0.9966387100452561,166.2621303526203,2.3962463895576993e-05,6.756831475637232e-06,-6.34137694746073e-05,0
1.0000097756943984,1.0545156151151867,1.1784341795790538,1.345891157556633,1.5827867462722889,,3,TF_RANDOM_R1,CHARCOUNT,gate10_charcount_066,0.9958779063847262,300.4962673924909,2.934510585640452e-10,7.137194437871365e-11,6.35289154615748e-10,0
1.0001382685418567,1.0464290643420504,1.140863432358791,1.308729591442839,1.647971448476098,,7,TF_RANDOM_R1,CHARCOUNT,gate10_charcount_066,0.9913397601100705,344.80433511962656,4.529235403308554e-06,1.0073101236465738e-06,1.4245110413924067e-05,0
1.0000383123340646,1.049814632559484,1.165190995643088,1.3470301281365296,1.634209303136806,,15,TF_RANDOM_R1,CHARCOUNT,gate10_charcount_066,0.9887433745488021,215.7316082355534,0.13314863962376458,0.03024878875696458,-0.8902791288075917,0
1.0001978368279356,1.0268156603678376,1.139189282831714,1.2812743812635552,1.9992811853296772,,31,TF_RANDOM_R1,CHARCOUNT,gate10_charcount_066,0.9909204703963499,347.45201697673645,3.42955315457309e-10,1.0013445021822151e-10,-7.475122743016982e-10,0
1.0000364410790044,1.0587382580961586,1.209929897246796,1.3639983571454104,1.7853738090890723,,63,TF_RANDOM_R1,CHARCOUNT,gate10_charcount_066,0.9876159319400488,229.09329109904795,0.22144702647277,0.05529206031881274,-0.780683107392683,0
0.9998805811262927,1.0571510439604141,1.2000674474526918,1.4247007797286628,2.1155768804305017,,127,TF_RANDOM_R1,CHARCOUNT,gate10_charcount_066,0.9718182915579886,279.44308314666716,1.2392114206813612e-05,3.5708438446878983e-06,-2.5335791022484955e-05,0
1.0001102776849164,1.0853257517102954,1.3342245060087767,1.5902079879026088,2.6598499712648405,,255,TF_RANDOM_R1,CHARCOUNT,gate10_charcount_066,0.9890255864233651,500.27957472949294,6.649443957428419e-14,2.3548194465854763e-14,,0
0.9999905953300326,1.1266481314191181,1.3652804787374024,1.6183499486889388,2.075949935775064,,PREFILL,TF_RANDOM_R2,CHARCOUNT,gate10_charcount_066,0.9732428299664956,395.72334553436355,0.03961884564076025,0.012859497583460569,-0.04904532193683764,0
0.9998048732653206,1.0614345806997993,1.1844257043745188,1.2802249970196595,1.5086604077018517,,0,TF_RANDOM_R2,CHARCOUNT,gate10_charcount_066,0.9918111664169378,231.0860267204951,0.007263541355478507,0.001819835165884547,0.04509695130028746,0
0.9998883780223763,1.0494667350562326,1.159267459781472,1.3291028809093623,1.5574596209100708,,1,TF_RANDOM_R2,CHARCOUNT,gate10_charcount_066,0.9961652453190402,198.72333500161704,7.174047385639401e-05,2.139795213727706e-05,-0.0001341025157799436,0
0.9999924665850928,1.078736282954177,1.231919015457691,1.4277710414684746,1.7696220518071593,,3,TF_RANDOM_R2,CHARCOUNT,gate10_charcount_066,0.9960476745499401,275.44782142507927,3.037596031012756e-12,7.319635538363158e-13,2.2154722500999924e-11,0
1.0000283323070775,1.030040846432831,1.1293016490632597,1.2690025346416876,1.87795446506193,,7,TF_RANDOM_R2,CHARCOUNT,gate10_charcount_066,0.9925506578090691,312.7176393525221,3.234050251489188e-05,9.637390967719363e-06,-6.387433661103614e-05,0
0.9998989038320892,1.0421110653219758,1.1543989219289323,1.3153355896186547,1.686119945696158,,15,TF_RANDOM_R2,CHARCOUNT,gate10_charcount_066,0.9817990666256574,289.03818065455783,0.024246616080344636,0.005949484572199718,-0.32298919327450903,0
1.0000479025162474,1.0315734822959899,1.1222511498417163,1.27547676527369,2.0430532718190153,,31,TF_RANDOM_R2,CHARCOUNT,gate10_charcount_066,0.9912229768971443,311.150637122175,3.561700349359439e-10,1.0675751245619971e-10,-2.744755533967691e-10,0
0.9998553971519426,1.0631763293159213,1.220672304732899,1.3352182983835963,1.8362934661561952,,63,TF_RANDOM_R2,CHARCOUNT,gate10_charcount_066,0.9900821364476364,205.02919320223253,0.09461880070950421,0.024399727588994953,-0.33646965999598066,0
1.0000035381775316,1.0611322170696762,1.1885683512016727,1.4053067804102435,1.9268321150447503,,127,TF_RANDOM_R2,CHARCOUNT,gate10_charcount_066,0.9898441815853913,168.2041791850549,2.5973036439365113e-06,5.655098147049513e-07,3.2316201057369653e-06,0
1.000052346747015,1.0901529660135918,1.2995510074042298,1.5179335680899553,2.247382473096725,,255,TF_RANDOM_R2,CHARCOUNT,gate10_charcount_066,0.989737346336269,524.6597312675731,2.9380194579511674e-15,1.1074530331066886e-15,,0
1.000008606159986,1.13581392854815,1.4038264617198055,1.6772896490056044,2.272162724167637,,PREFILL,TF_RANDOM_R3,CHARCOUNT,gate10_charcount_066,0.9668938693184311,449.4153769504624,0.008464379264979218,0.002574490367535398,-0.014359608103291066,0
1.0000265390209782,1.0648270881547472,1.2090037819299826,1.3256522865785914,1.603418736750867,,0,TF_RANDOM_R3,CHARCOUNT,gate10_charcount_066,0.992706247055975,208.05124481132222,0.010179616170894202,0.0023757071031365673,-0.05713547012251752,0
0.9999342237713481,1.0532429277674558,1.1521947394060903,1.3226679466336215,1.6331129036095258,,1,TF_RANDOM_R3,CHARCOUNT,gate10_charcount_066,0.9949850312277896,219.89717182374685,1.2546043858233842e-07,2.0085376314728394e-08,9.16857914035063e-08,0
1.000017572590482,1.0677432052589855,1.196726321542935,1.3830338551819046,1.6777530965088154,,3,TF_RANDOM_R3,CHARCOUNT,gate10_charcount_066,0.9955042416669979,290.0081306495396,6.272061249637931e-11,1.5018040789003077e-11,4.796589792022132e-10,0
0.9998841676984912,1.0459051908941914,1.1601102262791516,1.3036297196834978,1.6806912788289703,,7,TF_RANDOM_R3,CHARCOUNT,gate10_charcount_066,0.9931381722220021,283.58689130590597,3.945038283786436e-05,1.175558763780779e-05,-7.81199026818058e-05,0
0.9999333661127788,1.0462909813124095,1.1844372437807227,1.3388229593809797,1.668952739899223,,15,TF_RANDOM_R3,CHARCOUNT,gate10_charcount_066,0.986709067726223,236.8542719692257,0.0062829385045170315,0.001655596497688152,-0.009679760368115353,0
0.9997542714097379,1.0383201364771544,1.1586220327236694,1.288940055586097,1.9361823087661603,,31,TF_RANDOM_R3,CHARCOUNT,gate10_charcount_066,0.9936170142018682,264.9259831992081,2.0506559712785514e-10,5.878383596365962e-11,-4.896065775028546e-10,0
0.9999800695203198,1.064011298917517,1.2446504891036883,1.3904131495112948,1.8739320463723856,,63,TF_RANDOM_R3,CHARCOUNT,gate10_charcount_066,0.9895105489266584,211.02798985078238,0.0806334674583208,0.021564683490016397,0.027178862322951858,1
0.9999045175972694,1.0715094179432216,1.1934353296749958,1.3904504186745745,2.081574616609794,,127,TF_RANDOM_R3,CHARCOUNT,gate10_charcount_066,0.9861147341094865,197.63170635886672,6.779259571849841e-07,1.6490291519221146e-07,3.5406627958423087e-06,0
0.9998385558564019,1.0998996319008545,1.307219410640401,1.5393581910243952,2.4233039953695745,,255,TF_RANDOM_R3,CHARCOUNT,gate10_charcount_066,0.986691964438436,537.1425598859954,-4.935469524017884e-15,1.7563265015940036e-16,,0
0.0,0.0,0.0,0.0,0.0,,PREFILL,TF_BASELINE,CHARCOUNT,gate10_charcount_022,1.0000000000000002,0.0,0.0,0.0,0.0,0
0.0,0.0,0.0,0.0,0.0,,0,TF_BASELINE,CHARCOUNT,gate10_charcount_022,1.0,0.0,0.0,0.0,0.0,0
0.0,0.0,0.0,0.0,0.0,,1,TF_BASELINE,CHARCOUNT,gate10_charcount_022,1.0,0.0,0.0,0.0,0.0,0
0.0,0.0,0.0,0.0,0.0,,3,TF_BASELINE,CHARCOUNT,gate10_charcount_022,0.9999999999999998,0.0,0.0,0.0,0.0,0
0.0,0.0,0.0,0.0,0.0,,7,TF_BASELINE,CHARCOUNT,gate10_charcount_022,0.9999999999999998,0.0,0.0,0.0,0.0,0
0.0,0.0,0.0,0.0,0.0,,15,TF_BASELINE,CHARCOUNT,gate10_charcount_022,1.0,0.0,0.0,0.0,0.0,0
0.0,0.0,0.0,0.0,0.0,,31,TF_BASELINE,CHARCOUNT,gate10_charcount_022,1.0000000000000002,0.0,0.0,0.0,0.0,0
0.0,0.0,0.0,0.0,0.0,,63,TF_BASELINE,CHARCOUNT,gate10_charcount_022,0.9999999999999998,0.0,0.0,0.0,0.0,0
0.0,0.0,0.0,0.0,0.0,,127,TF_BASELINE,CHARCOUNT,gate10_charcount_022,1.0,0.0,0.0,0.0,0.0,0
1.9045407891416541,2.2487714121650626,2.8450446539257936,3.419904500282445,5.316130211626752,,PREFILL,TF_TEXTUAL_CAREFUL,CHARCOUNT,gate10_charcount_022,0.8067093498182628,1033.8892285909035,4.687450776815096,0.6579792276806593,-4.717334210292513,1
1.0090175297398154,1.1317515117816968,1.5134045070928968,1.9114126614739217,2.8238445815985624,,0,TF_TEXTUAL_CAREFUL,CHARCOUNT,gate10_charcount_022,0.9168798200233642,783.5192122297886,0.5937562804067509,0.06545966904168711,0.20952159900129885,0
0.7069927527204656,0.7907909069757624,1.0645391487823788,1.4516646295167563,2.3607304736641725,,1,TF_TEXTUAL_CAREFUL,CHARCOUNT,gate10_charcount_022,0.9762730342736553,744.4931152879012,0.005132861034141939,0.0017670861497582346,-0.005218916791307038,0
0.6774293398091292,0.7674508205804572,1.0546729564781543,1.3384590002717958,3.375035234576219,,3,TF_TEXTUAL_CAREFUL,CHARCOUNT,gate10_charcount_022,0.9630108092357591,1185.3194791460858,9.126336726213875e-09,1.8639752093707633e-09,5.578407069606328e-09,0
0.5303486141185852,0.5694713335042945,0.7876834540416319,1.0850128622704593,1.9601700833191325,,7,TF_TEXTUAL_CAREFUL,CHARCOUNT,gate10_charcount_022,0.9844896996571681,489.73651160003266,4.39926424633181e-05,9.284593394645647e-06,2.525939117958842e-05,0
0.7482032469704882,0.8176381151984449,1.0890015983689223,1.401470551599176,2.3457619925628213,,15,TF_TEXTUAL_CAREFUL,CHARCOUNT,gate10_charcount_022,0.9624700296693517,474.3384766784614,0.10725355744302523,0.0134271599987544,0.048230357883703334,0
0.3840789605431408,0.4185838122853989,0.5032060594722549,0.6262039274620868,1.6249093214261745,,31,TF_TEXTUAL_CAREFUL,CHARCOUNT,gate10_charcount_022,0.9979765185785902,141.3444840979645,7.09818440334851e-08,1.635043451886834e-08,1.2182547237671315e-07,0
0.2341201276167663,0.26079785081083084,0.3129741531119925,0.3839909335863566,0.876593331338317,,63,TF_TEXTUAL_CAREFUL,CHARCOUNT,gate10_charcount_022,0.9993969226968762,116.10155389949173,1.074319773074297e-10,2.3679126351744735e-11,2.646345365064917e-10,0
0.4464676958113607,0.4908295785049451,0.5919327097109746,0.7292869634751127,1.1926761459033328,,127,TF_TEXTUAL_CAREFUL,CHARCOUNT,gate10_charcount_022,0.9792561285252608,174.53224366108088,7.284318667896779e-07,1.4610174517660742e-07,1.0912624901493473e-06,0
0.9999709471519019,1.215683850618593,1.7514743083587472,2.3207760593732227,3.8438663385949687,0.2676542287527577,PREFILL,TF_MEANINGFUL_L27_D75,CHARCOUNT,gate10_charcount_022,0.8154411718372565,960.2830513774596,0.3379233953291247,0.10959068987733181,-0.35133817123421807,0
1.0000567130088218,1.0986299073736354,1.2860777370648357,1.4695296575131762,3.1595773675804235,0.8862202824742679,0,TF_MEANINGFUL_L27_D75,CHARCOUNT,gate10_charcount_022,0.9329596150771673,773.389201878292,0.13379753694849889,0.02731508617554723,0.1138750788426961,0
1.0001335904042064,1.0879514344354184,1.2407962494626679,1.4319250717639105,3.0008777853150157,0.9324610046295034,1,TF_MEANINGFUL_L27_D75,CHARCOUNT,gate10_charcount_022,0.9792700354995338,718.5428920676383,5.6549448838466255e-05,1.797740371933139e-05,-8.149394057710424e-05,0
1.0000825987038195,1.1134670107759777,1.2799124194556668,1.4628614401066131,4.027368159178245,0.9565881784965047,3,TF_MEANINGFUL_L27_D75,CHARCOUNT,gate10_charcount_022,0.9666943034881417,1251.9719848166558,5.030855808847547e-06,1.736373448700748e-06,-5.089433635419027e-06,0
1.0001634525162069,1.0823631651053987,1.2716743749916257,1.4845277668196455,3.2236528833473757,0.8248843247810662,7,TF_MEANINGFUL_L27_D75,CHARCOUNT,gate10_charcount_022,0.970549105663024,727.7392936516989,0.0008854686096088265,0.00029087971543710064,-0.0010683934588442412,0
1.0001685984676218,1.0995769963409139,1.312312109255345,1.5419924503352103,3.3693731286402873,0.8298215960128991,15,TF_MEANINGFUL_L27_D75,CHARCOUNT,gate10_charcount_022,0.8886601411693982,730.4045037134331,0.24177900507425013,0.06328047717393948,-0.6580781447161534,1
1.0001123048778982,1.074354973137903,1.2202541571959338,1.403487608616011,4.531824840782313,-0.11895779868425116,31,TF_MEANINGFUL_L27_D75,CHARCOUNT,gate10_charcount_022,0.9922800563439232,281.4850577076906,6.72781833752544e-06,2.240947878451994e-06,-7.653859363188076e-06,0
1.0002348720843328,1.0922946174298431,1.2589883572497957,1.566648730758393,3.3997096037983154,0.21366937448444304,63,TF_MEANINGFUL_L27_D75,CHARCOUNT,gate10_charcount_022,0.9926115030254613,508.08479808428706,1.3610208027588878e-08,4.513532947333951e-09,-1.575812547116584e-08,0
0.9998651432720471,1.1051925548072261,1.3868632227244182,1.657375596718407,2.9397675850665896,-0.37931845285445887,127,TF_MEANINGFUL_L27_D75,CHARCOUNT,gate10_charcount_022,0.7705624942529705,646.8795537901096,0.0001234517926174343,4.200237390238336e-05,-0.0001305492798522323,0
1.00000806037726,1.1394166403215127,1.4368832739214121,1.7357298801591527,2.2078564202766096,,PREFILL,TF_RANDOM_R0,CHARCOUNT,gate10_charcount_022,0.9574790932810623,500.5091423271753,0.013627836371207267,0.0042880630626466135,-0.019309593580651097,0
0.9999936361195053,1.0421924649170888,1.1698907306954172,1.292738703358041,1.552210438590728,,0,TF_RANDOM_R0,CHARCOUNT,gate10_charcount_022,0.9928207791264976,217.35863706832686,0.020175936472578426,0.004548361643498667,0.08176358436138287,0
1.0000004194190981,1.0475669433564954,1.1803232115621956,1.3757822740103642,1.6394814083306342,,1,TF_RANDOM_R0,CHARCOUNT,gate10_charcount_022,0.9960867659974791,193.96846753224804,4.345690609751029e-07,1.0430170666206028e-07,3.192077457470077e-06,0
1.000218576571518,1.0843204199292722,1.226754273522934,1.406420021233064,1.6907590988659174,,3,TF_RANDOM_R0,CHARCOUNT,gate10_charcount_022,0.9953147510125644,327.3632019153964,3.555985329299758e-09,9.698824703189975e-10,-1.0231268277038907e-08,0
1.0002335466119985,1.051315846931426,1.190994823231859,1.3618113277939523,1.761684187842338,,7,TF_RANDOM_R0,CHARCOUNT,gate10_charcount_022,0.9908626421114887,359.2496042587895,0.0001028200233260612,2.9989642702235884e-05,-0.00016757104106801535,0
1.0001823210047291,1.0323757049340345,1.156108469364229,1.3127081915763934,1.7208114551306581,,15,TF_RANDOM_R0,CHARCOUNT,gate10_charcount_022,0.985991280262099,345.8243839161356,0.02714493724934648,0.005313001704454581,0.03626941838788866,0
1.0000415870304196,1.0408775183925847,1.1526984188930929,1.3248771191699569,2.127371712949973,,31,TF_RANDOM_R0,CHARCOUNT,gate10_charcount_022,0.9965136086004498,180.28247354232568,4.128849900115675e-08,1.1141983563341798e-08,-1.7746143043950724e-07,0
0.9999468547430035,1.0582273274957983,1.2217180244356352,1.4502038030665276,2.254348375995761,,63,TF_RANDOM_R0,CHARCOUNT,gate10_charcount_022,0.996275960351205,276.4999479927617,1.1624267267175866e-09,1.329313496273504e-10,4.539444375950552e-10,0
1.0001420110519768,1.0642806037082457,1.21901195571189,1.4039013119222084,2.000629112724615,,127,TF_RANDOM_R0,CHARCOUNT,gate10_charcount_022,0.9625104375425008,232.96485657491024,1.2102949823095194e-05,3.879561098101299e-06,-1.5953422355607927e-05,0
1.0000221727591714,1.1225934335797876,1.3927068404011769,1.7040044659327869,2.2359344465150537,,PREFILL,TF_RANDOM_R1,CHARCOUNT,gate10_charcount_022,0.9665617279512935,425.9036106896684,0.004679356995941028,0.0014388097252687915,-0.007937836756738648,0
1.000106613143757,1.0606871702412226,1.163702490211762,1.2819290866276976,1.5175672699119465,,0,TF_RANDOM_R1,CHARCOUNT,gate10_charcount_022,0.9923451320745574,225.20226293788537,0.008764152743629036,0.0022871329565566567,-0.06821870955797493,0
1.0000341799791401,1.0444920814479945,1.1237250750773655,1.2789785072427697,1.5326817089079836,,1,TF_RANDOM_R1,CHARCOUNT,gate10_charcount_022,0.996697278585388,175.27236969157596,1.1018448645290046e-05,3.095613843558864e-06,-2.512620064010207e-05,0
0.9999704013691761,1.0566844776987698,1.1814025358870524,1.348374936773034,1.6255371274988282,,3,TF_RANDOM_R1,CHARCOUNT,gate10_charcount_022,0.9958518175015882,269.50255531825195,4.961567430244993e-09,9.689130315918117e-10,6.564221166627249e-09,0
1.000082364796937,1.046960344841189,1.1426148491260566,1.308327115667002,1.663101793140146,,7,TF_RANDOM_R1,CHARCOUNT,gate10_charcount_022,0.9921406480390509,286.79613055834807,2.1951845484049912e-05,4.58858493750113e-06,4.120033992904837e-05,0
1.0000829885486238,1.0484622609337786,1.15819975283178,1.3323187886680161,1.6068747889088966,,15,TF_RANDOM_R1,CHARCOUNT,gate10_charcount_022,0.98948548392645,212.68482352885667,0.11338548921440963,0.02864506712372937,-0.43910202530125275,1
0.999893290066909,1.0456868778038497,1.1490943036784351,1.3008799883416844,2.3500248675275848,,31,TF_RANDOM_R1,CHARCOUNT,gate10_charcount_022,0.9955609613069012,203.8175714445711,2.992104743629027e-08,7.84006175646154e-09,5.929100410639876e-08,0
0.9998903272463973,1.036282807530502,1.177823994491549,1.395225705649954,2.262754521539365,,63,TF_RANDOM_R1,CHARCOUNT,gate10_charcount_022,0.995642869388544,410.8827105325214,8.052750510836282e-10,2.395778103709196e-10,-1.5098606809260673e-09,0
1.0000259152692916,1.0664605378842675,1.2535584428792348,1.47726636155904,1.9379738795482566,,127,TF_RANDOM_R1,CHARCOUNT,gate10_charcount_022,0.9501107255658611,272.48885988244746,5.911487711325057e-07,1.648787469173301e-07,-1.7991723311183705e-06,0
1.0000048636498657,1.1289334016612298,1.3792016807568008,1.6430310232416674,2.0750882228199012,,PREFILL,TF_RANDOM_R2,CHARCOUNT,gate10_charcount_022,0.9701361689389106,404.2845981858349,0.03925230733306706,0.012936209333510994,-0.04607977011264808,0
0.999878086119546,1.0626178376494508,1.1901625825438924,1.2875071420238475,1.51107588610856,,0,TF_RANDOM_R2,CHARCOUNT,gate10_charcount_022,0.9920120055231918,236.21619031795734,0.008393455719752987,0.0021402377538204988,0.023926193215700664,0
1.0001431026174286,1.049043597505774,1.1600211077569158,1.3362340780053714,1.557886734877532,,1,TF_RANDOM_R2,CHARCOUNT,gate10_charcount_022,0.99632605695283,202.3204179499934,2.3350020376674467e-05,6.959795974338593e-06,-4.3431756331813176e-05,0
0.9999471666188469,1.0786183938853924,1.233854984755256,1.4279127890392749,1.7169819316502228,,3,TF_RANDOM_R2,CHARCOUNT,gate10_charcount_022,0.9959089073794596,263.70331977031026,2.889557629551826e-10,6.866858295657944e-11,2.0978987436137686e-09,0
1.000057648636352,1.031756865291877,1.1357603638720557,1.2820864279906652,1.9121762894763523,,7,TF_RANDOM_R2,CHARCOUNT,gate10_charcount_022,0.9915142688909515,313.65236064654295,6.186363484721224e-05,1.8436074202180334e-05,-0.00012237286783545187,0
0.9998878322396505,1.0416893312128122,1.1531971083666017,1.3090051337504345,1.6637531458389723,,15,TF_RANDOM_R2,CHARCOUNT,gate10_charcount_022,0.9841382669208811,271.8604723070745,0.0635247685941424,0.016181621660055552,-0.30657119723296944,0
0.9998141515716602,1.0464489464270637,1.154145210930371,1.3095579336827639,2.201758935663368,,31,TF_RANDOM_R2,CHARCOUNT,gate10_charcount_022,0.9953017792661948,214.72211602247668,3.0250842311445266e-08,6.968702824823413e-09,1.036472241366937e-07,0
0.9999015547767577,1.0333662226124989,1.1690312788401187,1.3644055110588975,2.061005625051572,,63,TF_RANDOM_R2,CHARCOUNT,gate10_charcount_022,0.9954517886998021,337.07646118362203,4.0977822805482893e-10,6.887085801078236e-11,4.0046188587439246e-10,0
1.0000183522800905,1.0605108044518108,1.2186317010898915,1.3895639115898657,1.8964725610743145,,127,TF_RANDOM_R2,CHARCOUNT,gate10_charcount_022,0.9531523527503842,262.4193712432039,2.062712009557829e-06,6.093067733541353e-07,-4.098830345355964e-06,0
0.9999192537308675,1.1393935615091053,1.4251868382305164,1.7072277027737592,2.351139667729622,,PREFILL,TF_RANDOM_R3,CHARCOUNT,gate10_charcount_022,0.963330927031202,457.1398134613659,0.009514285472411833,0.0029504670450152966,-0.01452889482429498,0
0.9999629163489359,1.0649654050912707,1.2094575612820497,1.3269323809776017,1.574181935816474,,0,TF_RANDOM_R3,CHARCOUNT,gate10_charcount_022,0.9923345684558872,220.3257205307053,0.011196187948288945,0.002642680909156798,-0.039602501918516,0
0.9999233860857918,1.0521042690634026,1.1516445124494685,1.3363465092468974,1.6440087540105544,,1,TF_RANDOM_R3,CHARCOUNT,gate10_charcount_022,0.9950899095558677,237.29908710605912,2.6351866303342094e-07,4.20337255778464e-08,1.8853233285653914e-07,0
0.9999659571384084,1.0681548034032402,1.1982496011307935,1.3929042578100144,1.7619059315669565,,3,TF_RANDOM_R3,CHARCOUNT,gate10_charcount_022,0.9954589021207344,278.0778727769771,2.0783996576671095e-09,4.5176971414399003e-10,4.930285513182753e-09,0
1.0001332785283632,1.0452787102938719,1.1526709738188785,1.3038048379695362,1.7090871065517832,,7,TF_RANDOM_R3,CHARCOUNT,gate10_charcount_022,0.9929068771783346,269.9343032526562,9.712522665862113e-05,2.9246308476305048e-05,-0.00017577082059005988,0
1.000017104776717,1.046144477634998,1.1774912229666998,1.3308088417724604,1.6726670252555422,,15,TF_RANDOM_R3,CHARCOUNT,gate10_charcount_022,0.9864840311848674,243.76822122663717,0.0021821042445496937,0.0005316037196923813,0.010093883162333839,0
0.9998636618617912,1.057647862178863,1.1751183935815688,1.344213733333201,2.2592325076404682,,31,TF_RANDOM_R3,CHARCOUNT,gate10_charcount_022,0.9948712396574546,232.6290039179804,6.769014335500047e-09,1.5594387953664806e-09,3.262368863943266e-08,0
0.9999927784609361,1.0760061997904942,1.2216373265611697,1.4315391254077707,2.324098940546144,,63,TF_RANDOM_R3,CHARCOUNT,gate10_charcount_022,0.9966674728514879,262.903839321537,4.625775284585354e-10,7.812709250665849e-11,1.9104362536381814e-10,0
0.9999803034272023,1.0603137768877775,1.234549844134229,1.400946288306513,1.8291415293166038,,127,TF_RANDOM_R3,CHARCOUNT,gate10_charcount_022,0.9643889851271202,230.19387967098478,4.782254608768875e-07,1.3408520031562262e-07,-1.5284347156807598e-06,0
0.0,0.0,0.0,0.0,0.0,,PREFILL,TF_BASELINE,CHARCOUNT,gate10_charcount_176,1.0,0.0,0.0,0.0,0.0,0
0.0,0.0,0.0,0.0,0.0,,0,TF_BASELINE,CHARCOUNT,gate10_charcount_176,1.0,0.0,0.0,0.0,0.0,0
0.0,0.0,0.0,0.0,0.0,,1,TF_BASELINE,CHARCOUNT,gate10_charcount_176,1.0000000000000002,0.0,0.0,0.0,0.0,0
0.0,0.0,0.0,0.0,0.0,,3,TF_BASELINE,CHARCOUNT,gate10_charcount_176,1.0,0.0,0.0,0.0,0.0,0
0.0,0.0,0.0,0.0,0.0,,7,TF_BASELINE,CHARCOUNT,gate10_charcount_176,1.0000000000000002,0.0,0.0,0.0,0.0,0
0.0,0.0,0.0,0.0,0.0,,15,TF_BASELINE,CHARCOUNT,gate10_charcount_176,1.0,0.0,0.0,0.0,0.0,0
0.0,0.0,0.0,0.0,0.0,,31,TF_BASELINE,CHARCOUNT,gate10_charcount_176,1.0,0.0,0.0,0.0,0.0,0
0.0,0.0,0.0,0.0,0.0,,63,TF_BASELINE,CHARCOUNT,gate10_charcount_176,1.0,0.0,0.0,0.0,0.0,0
0.0,0.0,0.0,0.0,0.0,,127,TF_BASELINE,CHARCOUNT,gate10_charcount_176,1.0,0.0,0.0,0.0,0.0,0
1.8882482391473807,2.2466573617609473,2.882012233265027,3.5497003650141523,5.778527316997291,,PREFILL,TF_TEXTUAL_CAREFUL,CHARCOUNT,gate10_charcount_176,0.7964848365773898,1077.8870944231917,4.991971824461257,0.6674011720590705,-5.009752142151257,1
1.0003969695539114,1.1251516731537872,1.4989431361128245,1.8877829203891097,2.9374076205599966,,0,TF_TEXTUAL_CAREFUL,CHARCOUNT,gate10_charcount_176,0.903043023065031,857.4868066233088,0.43821221241144853,0.04919875973192145,0.1632797820455707,0
0.7162224064284226,0.8089942422932509,1.0815610984052757,1.4336578539495362,2.7807801413977744,,1,TF_TEXTUAL_CAREFUL,CHARCOUNT,gate10_charcount_176,0.9642416573837111,908.4581120507052,0.003137808561297827,0.0010827373749486007,-0.0031723616173024993,0
0.6698826461208236,0.7687831541832278,1.0645934151791208,1.3542266632217195,3.9272825229111286,,3,TF_TEXTUAL_CAREFUL,CHARCOUNT,gate10_charcount_176,0.9558428983184672,1350.3049540239751,3.7330816890745445e-09,1.2377924943869526e-09,-4.673438525060192e-09,0
0.5490447132685591,0.5970241998070258,0.8047587344337409,1.0865422234372633,2.255076762027894,,7,TF_TEXTUAL_CAREFUL,CHARCOUNT,gate10_charcount_176,0.9799683082483505,554.7929047298612,3.568258708129691e-05,1.057587739289213e-05,-2.555601733433832e-05,0
0.7563591901187687,0.8250548346290364,1.103133160644657,1.433755627026425,2.990255917842366,,15,TF_TEXTUAL_CAREFUL,CHARCOUNT,gate10_charcount_176,0.9383667846551048,681.5719665786163,0.598113658106641,0.09222560184890757,0.517962412034457,0
0.32952314301845653,0.3533213750276357,0.4269171738040623,0.5674108867607541,1.734365735220361,,31,TF_TEXTUAL_CAREFUL,CHARCOUNT,gate10_charcount_176,0.9977523445107441,182.77087035872782,1.171066825515242e-05,2.5234949511717114e-06,2.670491845435663e-05,0
0.9839032596406804,1.1271950057104239,1.5188978881975785,2.077939391779763,4.697187338564947,,63,TF_TEXTUAL_CAREFUL,CHARCOUNT,gate10_charcount_176,0.9523089402321159,378.05264100121616,0.5412696616176195,0.14988167734727303,-0.7506202832175113,1
0.45670767131383444,0.522327596257032,0.7455834898863888,1.0501799951099628,1.5980346681292776,,127,TF_TEXTUAL_CAREFUL,CHARCOUNT,gate10_charcount_176,0.9853791415085822,173.27633806702107,0.4445990740111093,0.11170842153238736,-0.9840767434662681,1
0.9997858488388766,1.2267358728481765,1.8194446855953157,2.4040250782373493,3.7666932849108927,0.4604437535553472,PREFILL,TF_MEANINGFUL_L27_D75,CHARCOUNT,gate10_charcount_176,0.7728224801096198,1096.1566087603708,0.1891893617165637,0.0627808748378335,-0.1963403137469868,0
1.0001975249520922,1.099360164660828,1.2936283292011832,1.4879074093960556,2.9954923132521314,0.9037184656775228,0,TF_MEANINGFUL_L27_D75,CHARCOUNT,gate10_charcount_176,0.9431285029256781,740.1298581123472,0.08345201157184477,0.017837986140532704,0.08535603990286944,0
1.0000703575769683,1.0915225687796422,1.2451100381588573,1.4364871916003636,2.9614155111048643,0.950249712717546,1,TF_MEANINGFUL_L27_D75,CHARCOUNT,gate10_charcount_176,0.979422824406559,730.1352368741882,2.8429887195291416e-05,9.039319558800079e-06,-3.946538138421829e-05,0
1.000179046308374,1.113405415296917,1.2827884605140352,1.459706660013255,3.7531192007051373,0.9617652896175112,3,TF_MEANINGFUL_L27_D75,CHARCOUNT,gate10_charcount_176,0.9722548860197846,1218.7858962451448,9.105257911533124e-07,3.1465091775809197e-07,-9.178698405776231e-07,0
1.000065757408279,1.0748654359244982,1.276551255522975,1.478821842327724,3.068017169366991,0.8613536672383404,7,TF_MEANINGFUL_L27_D75,CHARCOUNT,gate10_charcount_176,0.9662831150775291,722.0851261037459,0.0006167232254555221,0.0002039976897600941,-0.0007230802410589376,0
1.0002702699925525,1.1007597075078395,1.3191237895498469,1.5522321139618407,3.3640768530685996,0.9060803292445135,15,TF_MEANINGFUL_L27_D75,CHARCOUNT,gate10_charcount_176,0.902657083624471,777.9323313851418,0.14859566794085166,0.035807058426660626,-0.882066401738161,1
1.0002848501882289,1.072568080493457,1.2045498050422094,1.350444700807394,3.7439803028675938,-0.12223630673057347,31,TF_MEANINGFUL_L27_D75,CHARCOUNT,gate10_charcount_176,0.9956282101579281,246.0960983193695,6.439456156655731e-05,1.9305726785064425e-05,-0.00012343523309965576,0
1.0002926470843125,1.1713875008365915,1.4636794904437076,1.7639571389886377,3.3475449383645586,0.6205053960982467,63,TF_MEANINGFUL_L27_D75,CHARCOUNT,gate10_charcount_176,0.9481476324297156,385.2928443510292,0.06576639926915362,0.018610558697687907,-0.15184058854145022,0
1.0000349596687486,1.1441070190985416,1.3887435221839464,1.7172206726083035,3.2368352514938894,0.38317390143950397,127,TF_MEANINGFUL_L27_D75,CHARCOUNT,gate10_charcount_176,0.9048862916155845,466.4870020739702,0.12858212188415602,0.03315888678604985,-0.4691373755063246,0
0.9999810051478498,1.1356342880623833,1.4133544246719223,1.7298541392705298,2.27126608111802,,PREFILL,TF_RANDOM_R0,CHARCOUNT,gate10_charcount_176,0.96995940968937,425.24607100737006,0.005410462938816215,0.0016835748936010974,-0.008168226318893801,0
1.0001308614905773,1.0434352901528194,1.1717772676718121,1.2942530944843644,1.5434030647746604,,0,TF_RANDOM_R0,CHARCOUNT,gate10_charcount_176,0.9924595420165839,237.82892406383834,0.017690428521239913,0.0038956862890602204,0.06560936913282234,0
0.9999849815648525,1.050527112923606,1.1853037128424964,1.3797420056553964,1.7198081505426168,,1,TF_RANDOM_R0,CHARCOUNT,gate10_charcount_176,0.9961618363449068,186.09183311977563,1.9567894793175007e-07,5.1165769824298827e-08,-1.5753320639078083e-06,0
1.0000493839265032,1.0837373680401383,1.220518004159404,1.3972291960676035,1.674396532744813,,3,TF_RANDOM_R0,CHARCOUNT,gate10_charcount_176,0.9954260750333684,331.18193068978877,5.534460286979069e-10,1.2938485850406595e-10,-9.730953820508148e-10,0
1.0000775307213652,1.04805962922002,1.1811276173311436,1.3388432313107972,1.774283971913483,,7,TF_RANDOM_R0,CHARCOUNT,gate10_charcount_176,0.9897755305056102,382.51284143606233,3.674704666583646e-05,1.0180579675777432e-05,-5.6064033238101274e-05,0
1.0000619369291979,1.0341109041574463,1.1622931232756852,1.3242691172133556,1.7335397320492614,,15,TF_RANDOM_R0,CHARCOUNT,gate10_charcount_176,0.9875122571316178,377.93813149592455,0.10347388306769906,0.023040877229778364,0.2436179980652966,0
1.000069032104634,1.0415401765907324,1.1434747687951201,1.2815946777546707,2.3756799303390803,,31,TF_RANDOM_R0,CHARCOUNT,gate10_charcount_176,0.9966925266302298,214.1705991100387,3.7448124105481464e-06,1.0001375600736201e-06,3.2993510785672697e-06,0
1.000129536018243,1.0662846399086208,1.2368077472710872,1.421364020080713,1.8887884081080546,,63,TF_RANDOM_R0,CHARCOUNT,gate10_charcount_176,0.9763355717408758,267.0917492309197,0.0021501433425195247,0.0005106767004117157,0.017059902697241114,0
1.0000722288320283,1.0666890649084788,1.216631017554832,1.4414862494933434,1.9491872195578106,,127,TF_RANDOM_R0,CHARCOUNT,gate10_charcount_176,0.9646449212907842,274.0129966322572,0.0048683533012288584,0.0010601992471508815,0.03204978393441138,0
0.9998868966121204,1.122323115192568,1.3814855475576175,1.7176565190993784,2.341876487368505,,PREFILL,TF_RANDOM_R1,CHARCOUNT,gate10_charcount_176,0.9670432450468496,439.256406301218,0.0023524491301147874,0.0007217494516167187,-0.004071469839004749,0
0.999965645262565,1.0610468410575604,1.1633457042469753,1.2815025184429623,1.5296764732815094,,0,TF_RANDOM_R1,CHARCOUNT,gate10_charcount_176,0.9925172805217473,222.5352929915111,0.019701396359942048,0.005161901538218876,-0.1025625866742601,0
1.0000362851410827,1.0450894016569614,1.1235212642137393,1.2806374528224835,1.524241880773298,,1,TF_RANDOM_R1,CHARCOUNT,gate10_charcount_176,0.9965438055014179,190.7338295150797,8.638773617983153e-06,2.565176225989736e-06,-1.599044361455526e-05,0
1.0001045079818145,1.058136961470189,1.184953788146263,1.3565964518173776,1.6147290701477013,,3,TF_RANDOM_R1,CHARCOUNT,gate10_charcount_176,0.9956010911728811,292.53191970199913,3.7852598704216194e-10,7.931224603013742e-11,5.310738515618141e-10,0
0.9999763270101997,1.0449694853951952,1.145249420312715,1.3163479386061532,1.6863474591238783,,7,TF_RANDOM_R1,CHARCOUNT,gate10_charcount_176,0.9907346265545481,296.93280510449654,1.0002804562390235e-05,2.1466743548795146e-06,1.931318998771303e-05,0
0.9998319284947308,1.0522734617084173,1.1727559340682292,1.3651791190883151,1.6557856536690332,,15,TF_RANDOM_R1,CHARCOUNT,gate10_charcount_176,0.9900433637068964,225.76342772061906,0.14512383018933753,0.033631261341450946,-0.9370148033928061,0
0.9998771504920159,1.0238299169815726,1.110601105682518,1.2555514074871712,2.1333433556604247,,31,TF_RANDOM_R1,CHARCOUNT,gate10_charcount_176,0.9973326653011885,198.79275399815802,2.8909556705749302e-06,6.778879096745493e-07,1.3837894499602044e-05,0
1.0002286345674658,1.0749034847773864,1.2530539057336632,1.451299111028356,1.9751108074704262,,63,TF_RANDOM_R1,CHARCOUNT,gate10_charcount_176,0.9834108496635683,223.99076634039253,4.519246902047229e-05,1.039642433130261e-05,5.743983518868845e-05,0
1.0000563231640176,1.0814174795794154,1.2409648963249567,1.4739954077140358,2.051718742126361,,127,TF_RANDOM_R1,CHARCOUNT,gate10_charcount_176,0.9710904417685315,245.51424395856114,0.10169070345089108,0.027032159081022845,-0.30477311915610983,0
0.9998660788995771,1.1313948817548316,1.375417535211572,1.6666796328150018,2.139655566791809,,PREFILL,TF_RANDOM_R2,CHARCOUNT,gate10_charcount_176,0.9745932546988475,389.05287517095553,0.01865170235860912,0.006166534344774842,-0.02210649295373912,0
0.9998359828806943,1.062846754518466,1.1885108880775364,1.2856957671256988,1.5004289126305208,,0,TF_RANDOM_R2,CHARCOUNT,gate10_charcount_176,0.9924622600990746,226.11869487545545,0.006292976759818718,0.0015913785269033292,0.023221338965576876,0
1.0000374546754953,1.0502776902178907,1.1611426912585459,1.334114881649841,1.5777845696208757,,1,TF_RANDOM_R2,CHARCOUNT,gate10_charcount_176,0.9960489648015278,227.77586886832458,1.6297911870284197e-05,5.016086129992853e-06,-2.5765349064954535e-05,0
0.9998769165851333,1.079594877150906,1.2386458655228028,1.4326121342468,1.7153662588437733,,3,TF_RANDOM_R2,CHARCOUNT,gate10_charcount_176,0.9959687326676393,268.22494260774084,5.739654757420662e-11,1.3091897676481608e-11,2.85020007595449e-10,0
0.9999527024150663,1.0310935053730816,1.1342747432922808,1.2718048950320657,1.9427909578866445,,7,TF_RANDOM_R2,CHARCOUNT,gate10_charcount_176,0.9910198906982003,299.96138234199077,3.592461671943278e-05,1.0943474891804808e-05,-6.33116020765101e-05,0
1.0000034602085708,1.0433714335738944,1.1586328704092255,1.3245164347571283,1.6937153699849863,,15,TF_RANDOM_R2,CHARCOUNT,gate10_charcount_176,0.9858547276760911,285.6385803405433,0.09356189632358752,0.022873033693052942,-0.5910325327949053,0
0.9999854493786176,1.0292958530120402,1.107344887971112,1.223632240393127,2.207168578104112,,31,TF_RANDOM_R2,CHARCOUNT,gate10_charcount_176,0.9973097288368663,194.13633167790564,1.2675367783658178e-06,3.2543205896492995e-07,-7.667178813619557e-06,0
0.9999977684744297,1.079271072056553,1.2640522073492306,1.4491005422706942,1.9293985413596377,,63,TF_RANDOM_R2,CHARCOUNT,gate10_charcount_176,0.9825210581074196,226.2806141163384,0.00013502562390258917,3.9854395620154165e-05,-0.00027231207246103395,0
0.9999111449589405,1.062630624559028,1.2073634709319088,1.3923130971489535,1.9751298318968704,,127,TF_RANDOM_R2,CHARCOUNT,gate10_charcount_176,0.9706281076307399,259.87699362297235,0.07357289296478874,0.01967791951542447,-0.2305479409351392,0
0.9999984701950771,1.1369592925828353,1.4145911683287076,1.7089436436638443,2.3420026411471384,,PREFILL,TF_RANDOM_R3,CHARCOUNT,gate10_charcount_176,0.9710959826427957,421.0162929052868,0.005978049489954986,0.0018588674670925545,-0.008997358291154,0
1.00000338223961,1.0656895028305575,1.2096315100336756,1.3280499880622292,1.6247013002386632,,0,TF_RANDOM_R3,CHARCOUNT,gate10_charcount_176,0.9928733384301797,220.04327407577364,0.007896360406332225,0.0018808872803419197,-0.03358071315572175,0
1.0000532044055843,1.0539043384622302,1.152717833164341,1.3341398317173085,1.6760376234324952,,1,TF_RANDOM_R3,CHARCOUNT,gate10_charcount_176,0.9953381796146968,220.82241525702315,2.348907959595206e-07,5.584040521821181e-08,-1.5053618085403286e-06,0
0.9999055311937604,1.068615833868665,1.1993004667849452,1.3923268196860608,1.8187194183216164,,3,TF_RANDOM_R3,CHARCOUNT,gate10_charcount_176,0.9959326328182854,275.0982979773488,2.657167244738513e-10,5.7208790776810575e-11,5.980993478260643e-10,0
0.999954261794283,1.0420005833044708,1.1482876368096229,1.2880443481640096,1.6715282106135674,,7,TF_RANDOM_R3,CHARCOUNT,gate10_charcount_176,0.9928480211688355,252.60403230460554,1.901684217621138e-05,5.641692426564097e-06,-3.84917553404307e-05,0
0.9998553971519426,1.0483379004412445,1.189763225526489,1.3505413823188313,1.6774357628382117,,15,TF_RANDOM_R3,CHARCOUNT,gate10_charcount_176,0.9898560644559276,228.51237341615325,0.03516701543488671,0.008773544803291655,-0.24334439253792084,0
0.999763237840234,1.048549664138876,1.1455825037134078,1.2839664935433106,2.2357075568390203,,31,TF_RANDOM_R3,CHARCOUNT,gate10_charcount_176,0.9972478281271562,195.4629623000157,3.5783864758830207e-07,8.760655110213805e-08,-2.4178481083936276e-07,0
0.9998924324083398,1.0687105661560814,1.2614656650424474,1.4535435255349893,1.9718902215741223,,63,TF_RANDOM_R3,CHARCOUNT,gate10_charcount_176,0.9838390289158994,218.54251842121656,0.0024746409686390775,0.0006446245762294239,-0.021564065730380833,0
0.9999232301478701,1.070679204448237,1.2333602716987497,1.4403450957825434,1.9640247128049573,,127,TF_RANDOM_R3,CHARCOUNT,gate10_charcount_176,0.9687082392742956,265.19287753660683,0.014607628091490014,0.0036047591833567416,0.02806128099930305,0
0.0,0.0,0.0,0.0,0.0,,PREFILL,TF_BASELINE,CHARCOUNT,gate10_charcount_008,1.0,0.0,0.0,0.0,0.0,0
0.0,0.0,0.0,0.0,0.0,,0,TF_BASELINE,CHARCOUNT,gate10_charcount_008,0.9999999999999999,0.0,0.0,0.0,0.0,0
0.0,0.0,0.0,0.0,0.0,,1,TF_BASELINE,CHARCOUNT,gate10_charcount_008,1.0,0.0,0.0,0.0,0.0,0
0.0,0.0,0.0,0.0,0.0,,3,TF_BASELINE,CHARCOUNT,gate10_charcount_008,1.0000000000000002,0.0,0.0,0.0,0.0,0
0.0,0.0,0.0,0.0,0.0,,7,TF_BASELINE,CHARCOUNT,gate10_charcount_008,1.0000000000000002,0.0,0.0,0.0,0.0,0
0.0,0.0,0.0,0.0,0.0,,15,TF_BASELINE,CHARCOUNT,gate10_charcount_008,1.0000000000000002,0.0,0.0,0.0,0.0,0
0.0,0.0,0.0,0.0,0.0,,31,TF_BASELINE,CHARCOUNT,gate10_charcount_008,1.0000000000000002,0.0,0.0,0.0,0.0,0
0.0,0.0,0.0,0.0,0.0,,63,TF_BASELINE,CHARCOUNT,gate10_charcount_008,1.0,0.0,0.0,0.0,0.0,0
0.0,0.0,0.0,0.0,0.0,,127,TF_BASELINE,CHARCOUNT,gate10_charcount_008,1.0,0.0,0.0,0.0,0.0,0
1.8640041026511787,2.2058194032058007,2.755325458815628,3.346103448216617,5.32318858571334,,PREFILL,TF_TEXTUAL_CAREFUL,CHARCOUNT,gate10_charcount_008,0.799875941938068,1063.4674553327775,4.67415540099961,0.6566579861227735,-4.7096487454338956,1
1.003458186894266,1.1314192080706125,1.5191933905591481,1.9188103564780692,2.9199722015377847,,0,TF_TEXTUAL_CAREFUL,CHARCOUNT,gate10_charcount_008,0.9004943269297299,823.4463401035457,0.714724131758521,0.08114852060650059,0.2715485386756029,0
0.7226458012979597,0.8140746997813437,1.0783522078530974,1.431449928916574,2.452391563712927,,1,TF_TEXTUAL_CAREFUL,CHARCOUNT,gate10_charcount_008,0.9692866929039266,811.4049419883187,0.006536585983241109,0.0022452948869027796,-0.0066877617702516545,0
0.681355310894119,0.7774689743893517,1.0556661251012869,1.3305030475080606,4.017893994809105,,3,TF_TEXTUAL_CAREFUL,CHARCOUNT,gate10_charcount_008,0.9537609225740595,1349.4292547809864,7.68168902741071e-09,2.3914399151434103e-09,-2.9141915547370445e-09,0
0.5208772956165161,0.5591816917737681,0.7426823428226312,1.0220873107068815,1.918807081781714,,7,TF_TEXTUAL_CAREFUL,CHARCOUNT,gate10_charcount_008,0.986890322018435,534.199862001017,1.2445011513776212e-05,3.511246770953852e-06,-9.506014052362843e-06,0
0.7866499754657469,0.8617810220655204,1.171442001140216,1.5560376230023385,2.999044890983676,,15,TF_TEXTUAL_CAREFUL,CHARCOUNT,gate10_charcount_008,0.9059755551142695,683.9930620722037,1.3049945724749663,0.3269922823459891,-1.5484128980975527,1
0.2633516266618226,0.29145715645120174,0.3565609853503837,0.40625083799823575,0.7604986402185283,,31,TF_TEXTUAL_CAREFUL,CHARCOUNT,gate10_charcount_008,0.9989288070432754,126.46345469045703,2.196562571147652e-12,5.434893128058354e-13,-4.61142235508305e-12,0
1.167931448678562,1.3376230170737091,1.6966680545318567,2.0913463105334853,2.986888282485925,,63,TF_TEXTUAL_CAREFUL,CHARCOUNT,gate10_charcount_008,0.9332518450091843,470.0334582323004,1.122524262067893,0.1588911382450085,0.12518995803161204,0
0.19919841482539694,0.21697412937717878,0.29138690641748827,0.3523390830745397,0.9135850030864486,,127,TF_TEXTUAL_CAREFUL,CHARCOUNT,gate10_charcount_008,0.9997105820245167,94.08464219427943,7.639942777069621e-12,1.7725392344657824e-12,2.6716406864579767e-11,0
0.9999803813961632,1.2218065192061844,1.7675039470170806,2.32136410127585,3.7903125781549525,0.44372098116007225,PREFILL,TF_MEANINGFUL_L27_D75,CHARCOUNT,gate10_charcount_008,0.7988572800311756,1032.5151192302937,0.2514966704857518,0.0821764307120777,-0.26651815931581524,0
1.0000127385149102,1.0979941484669762,1.2826085861213858,1.4715191135178751,3.0406519353685124,0.8970190260109365,0,TF_MEANINGFUL_L27_D75,CHARCOUNT,gate10_charcount_008,0.9381189494851501,729.804719461974,0.11724489017021367,0.025442293657974534,0.13261389612188168,0
1.0001708595674863,1.0888601626739653,1.2424539475390082,1.4350350976737485,2.8751600091108904,0.9406669283652676,1,TF_MEANINGFUL_L27_D75,CHARCOUNT,gate10_charcount_008,0.9795921146569472,689.1524544659836,5.4368558133245504e-05,1.6676746821709503e-05,-9.282233406082696e-05,0
1.0002998981976703,1.1117387507900804,1.280123715339533,1.4588915724966725,3.9311778521945095,0.9647333428864007,3,TF_MEANINGFUL_L27_D75,CHARCOUNT,gate10_charcount_008,0.9696317962184077,1233.1559569417989,4.182534003919991e-06,1.443865093774689e-06,-4.228871162581527e-06,0
1.000308162907519,1.0801662336959146,1.2615143176740093,1.4733824157439408,3.1109618492439344,0.8688532676128136,7,TF_MEANINGFUL_L27_D75,CHARCOUNT,gate10_charcount_008,0.9738943470979199,760.8103251714434,0.00047249841087778244,0.00015809345502866825,-0.0005320638260926103,0
1.0003583749182976,1.1014352305845252,1.329548395551581,1.5722002767078587,3.4492467152518893,0.9019829722238658,15,TF_MEANINGFUL_L27_D75,CHARCOUNT,gate10_charcount_008,0.8501544254392172,797.7044312607035,0.008997347155644405,0.0025148551142453322,-0.03594408451543529,0
1.0001059893920705,1.0739194385226716,1.2406623767569118,1.4382012612353887,2.5571063731228154,0.22268609993204863,31,TF_MEANINGFUL_L27_D75,CHARCOUNT,gate10_charcount_008,0.9842844971561711,563.55136860653,7.801002644595221e-11,2.474471287073786e-11,-1.2595791076819296e-10,0
1.0003120613555607,1.2179406621899993,1.5463509152459591,1.8710624767377666,4.383572787393126,0.49070571498899285,63,TF_MEANINGFUL_L27_D75,CHARCOUNT,gate10_charcount_008,0.9722131306454181,316.39253115715337,0.18555040819359025,0.04534181238617953,-0.6793117570637115,1
1.0001598659440083,1.0923929362894578,1.260959178672855,1.573415500931453,4.8207238551207166,-0.33017516441835454,127,TF_MEANINGFUL_L27_D75,CHARCOUNT,gate10_charcount_008,0.9954238493682658,455.51213735754885,2.0045566098991464e-09,6.561857184416563e-10,-2.4209967364186014e-09,0
1.0000482923610516,1.1435559344833508,1.4361701698056033,1.7441235506690231,2.2315196880145813,,PREFILL,TF_RANDOM_R0,CHARCOUNT,gate10_charcount_008,0.9660865942266518,454.6865704988946,0.019797348685423724,0.006250297640937496,-0.027480109610657166,0
1.0000436142234015,1.0433218453148025,1.1705136247235381,1.2962495676955386,1.544688305125086,,0,TF_RANDOM_R0,CHARCOUNT,gate10_charcount_008,0.9921843090373873,234.7820331591575,0.010000896257589416,0.0021484559997825507,0.06138023539261894,0
1.000102870633637,1.0496253239225735,1.178952361292772,1.3644964228672325,1.631659718117459,,1,TF_RANDOM_R0,CHARCOUNT,gate10_charcount_008,0.9960728600528069,190.85163462101968,2.3970882560894883e-08,6.5615491116118635e-09,-9.453248850377349e-08,0
1.0000139860182835,1.0831923650038926,1.2281158454860182,1.408731333108095,1.695668648391857,,3,TF_RANDOM_R0,CHARCOUNT,gate10_charcount_008,0.9952867042377532,347.3715478112932,5.457282026447318e-09,1.5250996584605343e-09,-1.2210556121772242e-08,0
1.0000725407078717,1.0481704231133682,1.1750334074142572,1.3403980883277944,1.7432443726666331,,7,TF_RANDOM_R0,CHARCOUNT,gate10_charcount_008,0.9924084596679228,348.8257182940467,2.7899261922589867e-05,7.956665670815148e-06,-3.86800490019823e-05,0
1.0000159352423046,1.0377966528740994,1.1700192235428752,1.3428834269234122,1.7227606791515655,,15,TF_RANDOM_R0,CHARCOUNT,gate10_charcount_008,0.9844319294529181,359.5724290462528,0.020627165234004152,0.004651278278930702,0.004309259521484421,0
1.0000750357146184,1.0342713642788472,1.1343455391087203,1.263575271215795,1.777665485744953,,31,TF_RANDOM_R0,CHARCOUNT,gate10_charcount_008,0.9950647795625598,274.2060884400236,8.480749500973431e-10,2.819554824477803e-10,-9.77649960987037e-10,0
1.000237211153158,1.0932516864241086,1.267146327591058,1.4747069524506278,2.009624859550063,,63,TF_RANDOM_R0,CHARCOUNT,gate10_charcount_008,0.9670452353520061,340.642771622222,0.04464801743122261,0.009218205806096854,-0.0542307459419078,0
0.9999712590277453,1.0418749753085634,1.1883543264041772,1.3835272427660767,2.538635838176541,,127,TF_RANDOM_R0,CHARCOUNT,gate10_charcount_008,0.9978965810625137,269.8622576058175,9.584559028607988e-11,1.7938699627921482e-11,9.055867167262477e-11,0
1.000038156396143,1.1301703012559368,1.4002734161744956,1.7317746707138493,2.270178258176432,,PREFILL,TF_RANDOM_R1,CHARCOUNT,gate10_charcount_008,0.9685299272818617,427.3747035043214,0.003367813420668973,0.0009820875849532935,-0.0073632284991873576,0
1.0001114472193289,1.062338240955892,1.1641513575192968,1.2848481665524474,1.5203682268610295,,0,TF_RANDOM_R1,CHARCOUNT,gate10_charcount_008,0.992345666698635,217.65524625645457,0.026379731911254603,0.006797818301491515,-0.15534881929276168,0
0.9999240098374785,1.043872696023111,1.1233717197468553,1.2766385807591116,1.5121042967019906,,1,TF_RANDOM_R1,CHARCOUNT,gate10_charcount_008,0.9965203160000099,184.6052525043861,2.6504386371264175e-05,7.684604647082877e-06,-5.71659022554627e-05,0
0.9999484141222202,1.057368343454265,1.182808628126774,1.35178311598911,1.6018730800712484,,3,TF_RANDOM_R1,CHARCOUNT,gate10_charcount_008,0.9957809471251741,282.8134944300054,1.6624824901174948e-09,3.6519918867794773e-10,3.6081218013350735e-09,0
1.0000372987375736,1.0448321040862016,1.1376535282101217,1.311861136785868,1.6661210631795704,,7,TF_RANDOM_R1,CHARCOUNT,gate10_charcount_008,0.9930932844042867,285.2859677835325,5.59477407503725e-06,1.1670000210812302e-06,1.0781803929660327e-05,0
0.9999927784609361,1.054587346559156,1.1790357101119058,1.380092710041238,1.6934915990673862,,15,TF_RANDOM_R1,CHARCOUNT,gate10_charcount_008,0.9878945772774052,226.9030276134726,0.030113049804140646,0.008268342870679186,-0.08412974225028336,0
1.000155733589084,1.0286137805426443,1.1445180714600707,1.2769095228980178,1.8676295033921446,,31,TF_RANDOM_R1,CHARCOUNT,gate10_charcount_008,0.9932945784515925,349.74004842228425,1.7773025651589911e-10,5.6069767771052415e-11,-2.538058652135078e-10,0
0.9999964430020954,1.0998077064960283,1.2702874631162697,1.4767748452299279,2.0085554372832326,,63,TF_RANDOM_R1,CHARCOUNT,gate10_charcount_008,0.9770349836101275,278.5264939176121,0.07270297915909191,0.018192109030327586,-0.3257378224844416,1
1.000134214155893,1.033313749501856,1.1703021729017502,1.3536166340721363,2.523875690138544,,127,TF_RANDOM_R1,CHARCOUNT,gate10_charcount_008,0.9980010331827666,233.85841525286125,5.541031420629723e-11,1.4223906259101286e-11,-5.339018116501393e-11,0
0.9999251014029302,1.1382089011181586,1.393502591615472,1.6724225145943596,2.127065918685573,,PREFILL,TF_RANDOM_R2,CHARCOUNT,gate10_charcount_008,0.9720422810776862,403.9354465866264,0.0339381127592479,0.011015826277210925,-0.04237251674194198,0
0.9999541838253222,1.0632570271903867,1.1894890866601886,1.2860184806546002,1.5196481055387454,,0,TF_RANDOM_R2,CHARCOUNT,gate10_charcount_008,0.9918670122835548,233.19671691738782,0.005400068600275305,0.001442380853179177,-0.022684655434410672,0
0.9999778863894164,1.0491012945367928,1.1581893829599887,1.3085541612809573,1.5426394367722298,,1,TF_RANDOM_R2,CHARCOUNT,gate10_charcount_008,0.9960384400690164,217.40840317073278,5.457739737554691e-05,1.6461594295128907e-05,-9.581878963160761e-05,0
0.9999126263691964,1.0803041607876338,1.2363897556720438,1.4261648808752467,1.7427765589016153,,3,TF_RANDOM_R2,CHARCOUNT,gate10_charcount_008,0.9956978851528371,282.36502163571413,2.497598899498486e-10,6.488735576698776e-11,-2.006515842367662e-09,0
1.0000365190479652,1.0313907230517896,1.132431557058111,1.2788193725937027,1.9266682242890725,,7,TF_RANDOM_R2,CHARCOUNT,gate10_charcount_008,0.9922727367581766,317.6869415262986,1.8015535743894295e-05,5.456160982306641e-06,-3.389624869498675e-05,0
1.0000349596687486,1.0491058167365213,1.16509330053516,1.3349594414336197,1.6928349444792228,,15,TF_RANDOM_R2,CHARCOUNT,gate10_charcount_008,0.9848429080757674,260.32912263591254,0.0034038883764333995,0.000864786258668311,-0.00018325251163986422,0
0.9998349692842035,1.0350871535160775,1.137948172913122,1.2576693563393282,1.8043807704859005,,31,TF_RANDOM_R2,CHARCOUNT,gate10_charcount_008,0.9921211377667246,396.11354317250004,8.378028184105433e-11,2.540424260946949e-11,-1.4807710613240488e-10,0
0.9998736418887783,1.1008248115901378,1.2629348341714857,1.431675259213391,1.977561839723276,,63,TF_RANDOM_R2,CHARCOUNT,gate10_charcount_008,0.9803487403271473,257.00073943401077,0.17962344164923294,0.043636336110366394,-0.6727861339945207,1
0.9999143416863348,1.0244821273389682,1.1556189802280987,1.336923947370851,2.3356972912843075,,127,TF_RANDOM_R2,CHARCOUNT,gate10_charcount_008,0.9984155598509104,208.3440829941087,4.074777628085885e-11,1.132860354052119e-11,-1.2921219649797422e-10,0
1.0000293459035683,1.1430616892406096,1.4362913335707428,1.7207584362372894,2.2955172348206974,,PREFILL,TF_RANDOM_R3,CHARCOUNT,gate10_charcount_008,0.966946919489101,451.4909544494248,0.014110100692126839,0.004390381538966634,-0.02101626525306699,0
0.9999108330830971,1.067324200063451,1.2143519068606266,1.336216145144379,1.6944540479199492,,0,TF_RANDOM_R3,CHARCOUNT,gate10_charcount_008,0.9925872199696676,223.30492777600756,0.01479886675206101,0.003429124177607337,-0.04157675791715576,0
0.999850874952214,1.05350810020326,1.1516422513496043,1.317711147917415,1.6580765376763251,,1,TF_RANDOM_R3,CHARCOUNT,gate10_charcount_008,0.9949226688957034,228.6753156788076,3.527752592285477e-07,7.46029186241854e-08,3.3488395061453957e-06,0
0.9998330200601826,1.0689638873098384,1.1984342316300538,1.389972936758413,1.7389682429785274,,3,TF_RANDOM_R3,CHARCOUNT,gate10_charcount_008,0.9956802182210316,273.0349681361732,8.047051876722729e-10,1.8343122430821726e-10,2.9213325092314335e-09,0
0.9999720387173536,1.0450432440321462,1.1632641487139406,1.3215896359052555,1.6873178608104469,,7,TF_RANDOM_R3,CHARCOUNT,gate10_charcount_008,0.993912775996444,262.3702684143799,1.6895252702831276e-05,4.988681697614246e-06,-3.460276308686616e-05,0
1.0000053314636308,1.049920904253104,1.20129327545496,1.3738907470204758,1.7243018136314556,,15,TF_RANDOM_R3,CHARCOUNT,gate10_charcount_008,0.9872912829957545,230.95284413125682,0.019495806425532197,0.004728690953486306,0.0032247901495097153,0
0.9999604993111499,1.043473027129864,1.1612968358941191,1.2948936094976347,1.8352957753333339,,31,TF_RANDOM_R3,CHARCOUNT,gate10_charcount_008,0.9938925002342658,320.2243670043986,5.106102685464178e-11,1.5039399147439137e-11,-1.057074427990301e-10,0
0.9999768727929255,1.0986125982643298,1.2916030854434606,1.4896342659406578,2.055057373029371,,63,TF_RANDOM_R3,CHARCOUNT,gate10_charcount_008,0.9704285876233797,320.10814670583846,0.18353066491789152,0.0439501292866129,-0.7021552597353917,1
0.9999083380763504,1.0404652185276824,1.1908009144262592,1.4470047366034147,2.996317848609466,,127,TF_RANDOM_R3,CHARCOUNT,gate10_charcount_008,0.9973790343622037,333.02635551207925,2.529413021604515e-10,7.676411576042882e-11,-3.9466385715059005e-10,0
0.0,0.0,0.0,0.0,0.0,,PREFILL,TF_BASELINE,CHARCOUNT,gate10_charcount_161,1.0,0.0,0.0,0.0,0.0,0
0.0,0.0,0.0,0.0,0.0,,0,TF_BASELINE,CHARCOUNT,gate10_charcount_161,1.0000000000000002,0.0,0.0,0.0,0.0,0
0.0,0.0,0.0,0.0,0.0,,1,TF_BASELINE,CHARCOUNT,gate10_charcount_161,1.0,0.0,0.0,0.0,0.0,0
0.0,0.0,0.0,0.0,0.0,,3,TF_BASELINE,CHARCOUNT,gate10_charcount_161,1.0,0.0,0.0,0.0,0.0,0
0.0,0.0,0.0,0.0,0.0,,7,TF_BASELINE,CHARCOUNT,gate10_charcount_161,1.0000000000000002,0.0,0.0,0.0,0.0,0
0.0,0.0,0.0,0.0,0.0,,15,TF_BASELINE,CHARCOUNT,gate10_charcount_161,1.0,0.0,0.0,0.0,0.0,0
0.0,0.0,0.0,0.0,0.0,,31,TF_BASELINE,CHARCOUNT,gate10_charcount_161,0.9999999999999999,0.0,0.0,0.0,0.0,0
0.0,0.0,0.0,0.0,0.0,,63,TF_BASELINE,CHARCOUNT,gate10_charcount_161,1.0,0.0,0.0,0.0,0.0,0
0.0,0.0,0.0,0.0,0.0,,127,TF_BASELINE,CHARCOUNT,gate10_charcount_161,1.0,0.0,0.0,0.0,0.0,0
0.0,0.0,0.0,0.0,0.0,,255,TF_BASELINE,CHARCOUNT,gate10_charcount_161,1.0,0.0,0.0,0.0,,0
1.8171801550967863,2.1605588892540974,2.763730824669624,3.3972620021797426,5.636617570758371,,PREFILL,TF_TEXTUAL_CAREFUL,CHARCOUNT,gate10_charcount_161,0.7996803260984657,1027.3271583326837,4.581793109931141,0.6615147860312075,-4.591302389983227,1
1.004313974208405,1.1357194301676166,1.526238042108629,1.9203215508769982,3.190530421280745,,0,TF_TEXTUAL_CAREFUL,CHARCOUNT,gate10_charcount_161,0.8992730485919906,903.9500658912192,0.5332978425990278,0.06059121575147087,0.2039450798444804,0
0.7237433703596523,0.8135309442484714,1.082594966825965,1.4210760027393836,2.6619192674854357,,1,TF_TEXTUAL_CAREFUL,CHARCOUNT,gate10_charcount_161,0.9713451193281267,839.0023926329512,0.002776518475218218,0.0009588158067731042,-0.0028011534332890164,0
0.700672900630919,0.8034825384827725,1.0796747173668024,1.3486521943977678,3.9487904166957417,,3,TF_TEXTUAL_CAREFUL,CHARCOUNT,gate10_charcount_161,0.9584997868464464,1363.7178189656856,3.847065462840273e-09,1.2932977389587109e-09,-4.4588190917238535e-09,0
0.5377311831443304,0.5849696136945286,0.7850141866674014,1.0578429405188754,2.326965547360251,,7,TF_TEXTUAL_CAREFUL,CHARCOUNT,gate10_charcount_161,0.9792123939022686,596.0474958554775,4.497755852402651e-05,1.4528566794355413e-05,-6.0820181161602704e-05,0
0.7723494544518799,0.8394568712299122,1.1208831064548825,1.4669116157462152,3.0840843890644476,,15,TF_TEXTUAL_CAREFUL,CHARCOUNT,gate10_charcount_161,0.9293994811794833,725.5940298124679,1.4705096538467866,0.23375423803806944,-2.9239239931577394,1
0.24305681295438095,0.26198093233032055,0.33508731993957774,0.42143626773311427,1.2487589075570351,,31,TF_TEXTUAL_CAREFUL,CHARCOUNT,gate10_charcount_161,0.9990621534529963,110.83082275486014,1.856909204758113e-09,4.511613300554137e-10,1.6285852666442224e-09,0
0.6007939210944997,0.6894615878143467,0.9231531980223568,1.1569556021237153,2.261705839016117,,63,TF_TEXTUAL_CAREFUL,CHARCOUNT,gate10_charcount_161,0.9950666445468169,220.70627245394485,0.005639243134741012,0.0015897101272215038,-0.01525313349797841,0
0.2799866748088097,0.3088859286195023,0.39932072285222353,0.5095553448445171,1.6274082266209777,,127,TF_TEXTUAL_CAREFUL,CHARCOUNT,gate10_charcount_161,0.9993056061528398,393.25105470678716,4.95330051339897e-12,5.755175080668345e-13,2.1174173525650986e-12,0
0.4715088700097117,0.5523739489117884,0.7869859437179905,1.0815975099099864,1.6792661621628044,,255,TF_TEXTUAL_CAREFUL,CHARCOUNT,gate10_charcount_161,0.9868938238185911,200.42252701807234,0.11733974092003967,0.020524767579000253,,0
0.999932820330053,1.2212467800363407,1.788210163946375,2.3246450351478414,3.7413418332328936,0.4247543380235764,PREFILL,TF_MEANINGFUL_L27_D75,CHARCOUNT,gate10_charcount_161,0.7677736036335199,1047.9053004309505,0.14828233179578024,0.04970084317622127,-0.15216523570274632,0
1.0000449396957356,1.0991572114557713,1.2864722600066674,1.4729152257306097,2.9272501362180874,0.9123845335457854,0,TF_MEANINGFUL_L27_D75,CHARCOUNT,gate10_charcount_161,0.9462719354110242,748.8001930525215,0.09998510061515402,0.021560967743236237,0.11227125919038627,0
0.9999991719157247,1.08909274408414,1.2438532564791371,1.4406970476717584,3.0217138985330636,0.9494858585399087,1,TF_MEANINGFUL_L27_D75,CHARCOUNT,gate10_charcount_161,0.9798999954504503,727.7280298318873,2.3065714682326798e-05,7.418820664334909e-06,-3.0790269128999626e-05,0
1.0001697680020345,1.11499528037733,1.2811845610206718,1.4670886052873136,3.9778110876706965,0.9654513360159508,3,TF_MEANINGFUL_L27_D75,CHARCOUNT,gate10_charcount_161,0.9706484914599524,1291.1586143121879,8.372305385956071e-07,2.895678318933993e-07,-8.419480721499895e-07,0
1.0003041085215554,1.0751883053913214,1.2736825435469252,1.4773798843660175,3.0126975679019545,0.8811139852797636,7,TF_MEANINGFUL_L27_D75,CHARCOUNT,gate10_charcount_161,0.9665376827546605,736.6415551016809,0.0005649209919952189,0.0001884147516941758,-0.0006420639465005706,0
1.0002737006268292,1.1002624994445864,1.3176590646515762,1.5514868866341673,3.489731318476526,0.916459710319031,15,TF_MEANINGFUL_L27_D75,CHARCOUNT,gate10_charcount_161,0.8887953192813216,832.2264333230495,0.0489573903185889,0.011959835364683974,0.13332587697455622,0
1.000154797961554,1.0745275184482337,1.2185127204556552,1.4245431264898518,4.248375856806367,0.02977479356131515,31,TF_MEANINGFUL_L27_D75,CHARCOUNT,gate10_charcount_161,0.9915018605183418,360.77476414327117,6.583473252267469e-08,2.1440347890943013e-08,-8.767517556407256e-08,0
0.9998453391559947,1.219258649503976,1.5771179350057254,1.9886434121890166,4.4977386823597465,0.751136633789209,63,TF_MEANINGFUL_L27_D75,CHARCOUNT,gate10_charcount_161,0.9826594116880816,452.2682512547621,0.002631732768014354,0.0007204362923340756,-0.009499259228405776,0
0.999872316416444,1.12007082582089,1.3966671957978953,1.8012040031455865,5.663465714608583,-0.9232191926268886,127,TF_MEANINGFUL_L27_D75,CHARCOUNT,gate10_charcount_161,0.9832648114377356,1868.5677669952647,8.30123421196057e-09,2.875013648515e-09,-8.319389621647133e-09,0
1.0003182988724277,1.1283168231189364,1.3727701771153367,1.6738713338246196,3.578931552183365,-0.11601543212248415,255,TF_MEANINGFUL_L27_D75,CHARCOUNT,gate10_charcount_161,0.9118515468192895,535.6270424969905,0.3181341104857988,0.07773420118951871,,1
0.9999841239062833,1.1323789280095464,1.4025444960657352,1.7042174771337917,2.238652912303572,,PREFILL,TF_RANDOM_R0,CHARCOUNT,gate10_charcount_161,0.9666876652386016,420.1996039270297,0.00315069241327815,0.0009843348618993725,-0.00465746508567122,0
1.0000278644933125,1.0428035076631628,1.1710411627125565,1.2920254433043108,1.5426176054631957,,0,TF_RANDOM_R0,CHARCOUNT,gate10_charcount_161,0.9929203811153419,229.7062802224891,0.01884882138150989,0.00430866823946051,0.0789428395928482,0
1.0001044300128537,1.0488976396110883,1.1811506961435512,1.36263062563442,1.7265251765186633,,1,TF_RANDOM_R0,CHARCOUNT,gate10_charcount_161,0.9960878193799072,188.73200435638438,1.2581864111861091e-08,3.5023522237378133e-09,-4.4372448826379696e-08,0
0.9999243996822826,1.0833240545787453,1.2238279424848262,1.4002096375645317,1.6775463228246776,,3,TF_RANDOM_R0,CHARCOUNT,gate10_charcount_161,0.9954473302895706,332.8578522778672,3.36664783691336e-10,7.877691635002021e-11,-5.917542011957266e-10,0
1.0000969449926134,1.047698476993426,1.1769228292422032,1.335943721595217,1.7130515163344653,,7,TF_RANDOM_R0,CHARCOUNT,gate10_charcount_161,0.9905077515135792,349.39561604307704,4.6276247355315506e-05,1.3704915217672623e-05,-6.823537339784025e-05,0
0.9999116907416664,1.0345314687321971,1.1599939745585448,1.3281142344859582,1.6973307906989652,,15,TF_RANDOM_R0,CHARCOUNT,gate10_charcount_161,0.9883625550038354,347.2916865646551,0.04997104314566881,0.012087586195228824,-0.21769593510567375,0
1.00005281456078,1.0436780075279026,1.152894510829596,1.2992797533894802,1.8532131984714357,,31,TF_RANDOM_R0,CHARCOUNT,gate10_charcount_161,0.9963800149252459,218.85870455973216,4.40359932114125e-09,1.3157238792988397e-09,-8.814836860437936e-09,0
1.0000684083529474,1.0982859862873864,1.2985796700901313,1.6013180970080156,2.035663685586795,,63,TF_RANDOM_R0,CHARCOUNT,gate10_charcount_161,0.995259593769811,152.49035114166628,0.01023794083876047,0.0029623607915779215,-0.022598534751452348,0
1.0000965551478092,1.055774657894771,1.2184024723450326,1.4216598343181257,1.9937943536177056,,127,TF_RANDOM_R0,CHARCOUNT,gate10_charcount_161,0.9975727637772088,281.23629897388355,3.0485091022038598e-12,9.249921575471841e-13,-5.4640736379951704e-12,0
1.0001015451613027,1.0632585865696036,1.2252433130308873,1.430688951858812,1.9394423469566473,,255,TF_RANDOM_R0,CHARCOUNT,gate10_charcount_161,0.9796700259269171,249.12218788597298,0.015043249609448363,0.0038760689749511063,,0
0.9998696654717756,1.1173674080418132,1.3597434350146522,1.6840203975187582,2.253083875388918,,PREFILL,TF_RANDOM_R1,CHARCOUNT,gate10_charcount_161,0.9693041198170915,399.96202426188404,0.0012657183568367887,0.0003763205717873772,-0.002336436652797147,0
1.0001303936768122,1.062656822129869,1.164101691291244,1.2838525808915289,1.5374635452760734,,0,TF_RANDOM_R1,CHARCOUNT,gate10_charcount_161,0.9925982338809304,226.42512699255295,0.005434186451185698,0.00139265101339371,-0.05521414792801238,0
1.0002602119966046,1.0441535402200433,1.125145981419646,1.282544573604539,1.5148216709250573,,1,TF_RANDOM_R1,CHARCOUNT,gate10_charcount_161,0.9966943096109657,185.21054796768158,4.725541946446141e-06,1.3762447510963175e-06,-9.231710343726718e-06,0
1.000085795431214,1.0574462344461404,1.1816563248545746,1.3581391456764846,1.5980652319619255,,3,TF_RANDOM_R1,CHARCOUNT,gate10_charcount_161,0.9957539843537687,306.25464502305624,1.4344496191869433e-10,3.1806873768893436e-11,2.603570692372159e-10,0
1.000128990235517,1.0438277079327085,1.1410248281077222,1.3140115207257328,1.6735204735008564,,7,TF_RANDOM_R1,CHARCOUNT,gate10_charcount_161,0.9904814646255401,317.4595785966971,3.7865795625590236e-06,8.473099913283939e-07,9.49888765688911e-06,0
1.0000390920236728,1.0521650068838941,1.1688297290763567,1.3621150948653704,1.6544466147356307,,15,TF_RANDOM_R1,CHARCOUNT,gate10_charcount_161,0.9899415354401175,231.53296188890306,0.04678089184603924,0.011421965044297329,-0.1714739122438047,0
0.9999435020776876,1.0300078655623972,1.1313068547980474,1.268383149216804,1.9841990254834263,,31,TF_RANDOM_R1,CHARCOUNT,gate10_charcount_161,0.9951405339885118,273.81552209807506,5.09161510127037e-10,1.231243015362184e-10,1.3321326264303934e-09,0
0.9999545736701263,1.0959323372666212,1.3098309809836124,1.6110674918089074,2.266759631119604,,63,TF_RANDOM_R1,CHARCOUNT,gate10_charcount_161,0.994648715645722,169.23431592387794,0.0003689979623957973,9.591183989416424e-05,-0.003115790971698118,0
1.0002674631099624,1.058787534479407,1.260647536736392,1.557320368346017,2.8324211672905544,,127,TF_RANDOM_R1,CHARCOUNT,gate10_charcount_161,0.9945896773325144,507.5807934872158,2.0739355864754393e-12,3.5462517109542167e-13,1.8260948309034575e-12,0
1.0000500856471508,1.0748985727328537,1.2404894416017769,1.4977438175572406,2.0169731222330403,,255,TF_RANDOM_R1,CHARCOUNT,gate10_charcount_161,0.9724769673388749,297.06439496446035,0.15913210245579032,0.034778323883829704,,0
1.0000143758630877,1.1252527988959917,1.3609609983070716,1.6313242956479412,2.076767674236315,,PREFILL,TF_RANDOM_R2,CHARCOUNT,gate10_charcount_161,0.9729142613660942,379.6597891395473,0.006723788416257846,0.0021765116439374553,-0.00863425303472809,0
1.0000017448914322,1.064238422500433,1.1901187639879025,1.28640816952086,1.5017992950861796,,0,TF_RANDOM_R2,CHARCOUNT,gate10_charcount_161,0.9927818520717174,228.74642278051823,0.006945807690566778,0.0017518007132620952,0.031152537725148477,0
0.9998964088253425,1.0489208743614176,1.160559639369412,1.322652976593141,1.5485928347458457,,1,TF_RANDOM_R2,CHARCOUNT,gate10_charcount_161,0.9964142118644947,204.09957404334332,1.1206145990500534e-05,3.4485882799935424e-06,-1.7695431210995594e-05,0
0.9997987137174146,1.0790324870363939,1.2351404590125639,1.42730260395177,1.73051890263062,,3,TF_RANDOM_R2,CHARCOUNT,gate10_charcount_161,0.9961177293440682,272.4747744539266,2.248220866177523e-11,5.800140783638244e-12,-1.5051426771606202e-10,0
0.9999930903367794,1.031544867687363,1.1318688550677554,1.2684031092707782,1.9696475223846273,,7,TF_RANDOM_R2,CHARCOUNT,gate10_charcount_161,0.9913528191335115,303.99909503630806,3.4414037371604454e-05,1.057533128923047e-05,-5.8699463409084274e-05,0
0.9999699335554111,1.042797737960061,1.1562589494586428,1.3203954633010868,1.6765742058209707,,15,TF_RANDOM_R2,CHARCOUNT,gate10_charcount_161,0.985513586395078,292.13786077399624,0.028247714425618953,0.007226342238987807,-0.17271271842260205,0
0.9998507969832532,1.0464091822570372,1.1366737702482528,1.2832678916542175,1.948421564362398,,31,TF_RANDOM_R2,CHARCOUNT,gate10_charcount_161,0.995557645264903,247.06647158204427,6.328456969019104e-09,1.8426010826102496e-09,-1.5617992232819233e-08,0
0.9999931683057403,1.083095995368299,1.2708806509703123,1.4966018841568323,2.1015845707188205,,63,TF_RANDOM_R2,CHARCOUNT,gate10_charcount_161,0.9955407870514652,181.05740945319144,0.00036903161892871505,9.59175950976036e-05,-0.0031155929972186414,0
0.9999715709035887,1.040059234148608,1.211532549236786,1.4312072895104515,1.9333178850829567,,127,TF_RANDOM_R2,CHARCOUNT,gate10_charcount_161,0.9976480133301844,379.3134206580524,2.5603310023393342e-11,8.554406053755634e-12,-2.8975932764296886e-11,0
0.9998019104448088,1.0780730789733033,1.2549298389313843,1.4531187506363534,1.969902948700327,,255,TF_RANDOM_R2,CHARCOUNT,gate10_charcount_161,0.9848964788169853,214.44929536203148,0.06187794753276805,0.014064845502674277,,0
0.9999615908766016,1.1348711278737178,1.3996081850006403,1.6836486415134908,2.285170285903956,,PREFILL,TF_RANDOM_R3,CHARCOUNT,gate10_charcount_161,0.9693179189137477,410.85788389744374,0.0032690483117722544,0.0010200555745280505,-0.0048604805834528975,0
0.9999071685419378,1.066119735556452,1.2101450136097434,1.3268784264567028,1.628681147875591,,0,TF_RANDOM_R3,CHARCOUNT,gate10_charcount_161,0.9929552598547923,222.7823682042049,0.010985028692327505,0.002520704299906758,-0.04236374434243828,0
0.9998772284609767,1.052772307119848,1.1523009331307494,1.334389644267828,1.6318990828272264,,1,TF_RANDOM_R3,CHARCOUNT,gate10_charcount_161,0.9955886365152853,217.25704514182053,1.9395586124742922e-07,4.373903395609779e-08,-1.009680545394076e-06,0
0.9999778084204556,1.0664202279315151,1.1969465058883366,1.3918020885796325,1.7578250361567849,,3,TF_RANDOM_R3,CHARCOUNT,gate10_charcount_161,0.9957741519771116,282.09028048963506,1.612430264778416e-10,3.471653622303909e-11,3.6293101857154397e-10,0
1.0000485262679342,1.0416826258821803,1.1450396058391046,1.2845078320383971,1.6513805633197043,,7,TF_RANDOM_R3,CHARCOUNT,gate10_charcount_161,0.992805024235027,262.27010327308074,3.266442757361911e-05,9.902345427260844e-06,-5.8816627195312776e-05,0
0.999883777853687,1.0467526355295211,1.1821423053874671,1.343856947368414,1.6744231981294189,,15,TF_RANDOM_R3,CHARCOUNT,gate10_charcount_161,0.9891417194952313,242.56529311008234,0.010730499063105041,0.002504407513180174,-0.005992445531610713,0
0.9999658012004867,1.037576390559737,1.1641696802250932,1.316275115596732,1.884253109594129,,31,TF_RANDOM_R3,CHARCOUNT,gate10_charcount_161,0.995486025556531,254.20348672991543,9.189904470773644e-09,2.742724358239762e-09,-1.3944735144377773e-08,0
1.0000385462409471,1.1026246470820829,1.3412858429158765,1.6157356494320978,2.357549807875817,,63,TF_RANDOM_R3,CHARCOUNT,gate10_charcount_161,0.9937091566251243,175.36197529204307,0.005863727789560373,0.0011485541879483801,0.007870149824270811,0
0.9997478779549493,1.0696143043811348,1.2819044484360733,1.504419052170279,2.2572009483969175,,127,TF_RANDOM_R3,CHARCOUNT,gate10_charcount_161,0.9969931717218293,310.5930923506645,1.5625334091752826e-12,2.8761007806282783e-13,1.6910917111090384e-12,0
1.0001046639197362,1.080719423473048,1.256917969463749,1.521419092515181,2.257598434159261,,255,TF_RANDOM_R3,CHARCOUNT,gate10_charcount_161,0.9834126894177052,243.1559885685227,0.09324174263914722,0.025300225055226208,,0
0.0,0.0,0.0,0.0,0.0,,PREFILL,TF_BASELINE,CHARCOUNT,gate10_charcount_137,0.9999999999999999,0.0,0.0,0.0,0.0,0
0.0,0.0,0.0,0.0,0.0,,0,TF_BASELINE,CHARCOUNT,gate10_charcount_137,1.0000000000000002,0.0,0.0,0.0,0.0,0
0.0,0.0,0.0,0.0,0.0,,1,TF_BASELINE,CHARCOUNT,gate10_charcount_137,0.9999999999999998,0.0,0.0,0.0,0.0,0
0.0,0.0,0.0,0.0,0.0,,3,TF_BASELINE,CHARCOUNT,gate10_charcount_137,1.0,0.0,0.0,0.0,0.0,0
0.0,0.0,0.0,0.0,0.0,,7,TF_BASELINE,CHARCOUNT,gate10_charcount_137,1.0000000000000002,0.0,0.0,0.0,0.0,0
0.0,0.0,0.0,0.0,0.0,,15,TF_BASELINE,CHARCOUNT,gate10_charcount_137,1.0,0.0,0.0,0.0,0.0,0
0.0,0.0,0.0,0.0,0.0,,31,TF_BASELINE,CHARCOUNT,gate10_charcount_137,1.0000000000000002,0.0,0.0,0.0,0.0,0
0.0,0.0,0.0,0.0,0.0,,63,TF_BASELINE,CHARCOUNT,gate10_charcount_137,1.0,0.0,0.0,0.0,0.0,0
0.0,0.0,0.0,0.0,0.0,,127,TF_BASELINE,CHARCOUNT,gate10_charcount_137,1.0,0.0,0.0,0.0,0.0,0
1.8607038324769,2.197450994639241,2.7654520674490457,3.3697305383567606,5.239070056997967,,PREFILL,TF_TEXTUAL_CAREFUL,CHARCOUNT,gate10_charcount_137,0.8002608309208287,1072.3374601356934,4.584945950299397,0.6619753759192815,-4.593234321050183,1
1.062327715146179,1.192618448872314,1.591502428590413,1.9771687202227395,3.081210453168022,,0,TF_TEXTUAL_CAREFUL,CHARCOUNT,gate10_charcount_137,0.8976872026172605,885.2611032778416,0.8204678782542772,0.09138606635502959,-3.9377208167162365,0
0.7844932760400541,0.8888361735067533,1.198017955348149,1.5642352795446663,2.6405567078438215,,1,TF_TEXTUAL_CAREFUL,CHARCOUNT,gate10_charcount_137,0.9534928268393202,1023.1590758725395,0.3509442582378648,0.11148936659209191,-0.3858479915476636,0
0.727519874946719,0.8311738386754687,1.1186132740670165,1.4255757474071677,5.329646286925645,,3,TF_TEXTUAL_CAREFUL,CHARCOUNT,gate10_charcount_137,0.9317444734894397,1732.2522236326934,1.4837539892798136e-08,4.86969072927017e-09,-1.8358768727466668e-08,0
0.5233384248497941,0.5648032538500648,0.7600162462578341,1.0012307696210947,2.6823190663986436,,7,TF_TEXTUAL_CAREFUL,CHARCOUNT,gate10_charcount_137,0.9701016577494429,783.5476579479321,4.7333597282200596e-05,1.5149620626285093e-05,-6.144836287091948e-05,0
0.7952211033304806,0.8790945756019451,1.1772878799168387,1.575123488987533,3.5960061308548266,,15,TF_TEXTUAL_CAREFUL,CHARCOUNT,gate10_charcount_137,0.8746014504282301,798.946230458097,1.3967990085790907,0.21802806928472174,0.5465576477069973,1
0.2978201253760908,0.31641507929161977,0.38161826013914735,0.4509677133705078,1.1632526093077367,,31,TF_TEXTUAL_CAREFUL,CHARCOUNT,gate10_charcount_137,0.9964653888736491,203.6743582932881,1.6817340944763561e-12,4.1911196677918296e-13,-9.819700608204585e-12,0
0.7384172067580035,0.8620791753717585,1.1010691663133987,1.350479163088084,2.905070461866909,,63,TF_TEXTUAL_CAREFUL,CHARCOUNT,gate10_charcount_137,0.9234271309965932,632.4327284693238,0.003239223887486208,0.00068955180454751,-0.0004447574865693582,0
0.7652692490562577,0.901718984905734,1.2680721310320282,1.62940173701164,3.1516198554374713,,127,TF_TEXTUAL_CAREFUL,CHARCOUNT,gate10_charcount_137,0.9331412416317163,473.1621576592779,0.27283351170642706,0.08286722749309629,-0.36612191002548755,0
0.9998724723543657,1.21853275847859,1.8240097682522807,2.3594553692786557,3.7462810109639513,0.5366277320088769,PREFILL,TF_MEANINGFUL_L27_D75,CHARCOUNT,gate10_charcount_137,0.7874250283974745,1074.7243092814674,0.09205423410634214,0.030874260115407177,-0.09461709088112258,0
1.0002525710384427,1.0959519074757913,1.2814036538006217,1.467050400496504,3.1022826563994816,0.9031994656918428,0,TF_MEANINGFUL_L27_D75,CHARCOUNT,gate10_charcount_137,0.9375252163726208,781.9748224661365,0.18118820282039688,0.03738226445453882,-1.3038899613262487,0
0.9997724381776127,1.0914394538673908,1.2520789038784053,1.4470908143361778,2.713418389869494,0.9443012308948799,1,TF_MEANINGFUL_L27_D75,CHARCOUNT,gate10_charcount_137,0.9857977975787852,661.7173852100337,0.035807318700093294,0.011093435176889484,-0.05492216949886597,0
1.000082832610702,1.1092963730918837,1.2709435719217073,1.4519674609606446,4.039601177257616,0.9711099984783146,3,TF_MEANINGFUL_L27_D75,CHARCOUNT,gate10_charcount_137,0.97813068871951,1264.4529576326825,1.1336899931994926e-06,3.915952518869841e-07,-1.1442803540262503e-06,0
1.0003264856133154,1.078918106570847,1.2657741518493002,1.4776658745143652,3.2838489754989575,0.9246970399006096,7,TF_MEANINGFUL_L27_D75,CHARCOUNT,gate10_charcount_137,0.966665324172038,813.8758708105405,0.0005547293979033027,0.00018486975566278774,-0.0006348027228710862,0
1.0002365874014711,1.1022994385464346,1.326867510802186,1.5745156429688532,3.5316583474766343,0.9211125210483481,15,TF_MEANINGFUL_L27_D75,CHARCOUNT,gate10_charcount_137,0.8759159428722009,770.6444849858493,0.07952651916487455,0.01886401326744991,-0.43308908017903036,0
1.0004015697226007,1.0701774741852552,1.2010829931675844,1.4009679636776253,3.2136903214075576,-0.5312297632038147,31,TF_MEANINGFUL_L27_D75,CHARCOUNT,gate10_charcount_137,0.9424891753596656,750.7390582516708,1.3358562773618421e-08,4.602116882878326e-09,-1.3588156377863925e-08,0
1.0002178748508705,1.1509328117749549,1.3705886055911372,1.5847615441123504,2.8446077158692673,0.8894160766878589,63,TF_MEANINGFUL_L27_D75,CHARCOUNT,gate10_charcount_137,0.9127540301343136,637.6750314809714,0.0005296392527252805,0.00015804975781979244,-0.0012925135749100036,0
1.0002383806875705,1.2003443152326214,1.5105921666755318,1.8932763014937917,4.499920253883945,0.7049823574365094,127,TF_MEANINGFUL_L27_D75,CHARCOUNT,gate10_charcount_137,0.9720128782928074,324.3248955532039,0.06389537445816071,0.019409675331765335,-0.06321932178682488,0
1.0001693781572303,1.1294903339484834,1.3847828549113843,1.6734177104104742,2.229106080862933,,PREFILL,TF_RANDOM_R0,CHARCOUNT,gate10_charcount_137,0.9688558817868359,442.3964915692247,0.004474191946785147,0.0014195980774168054,-0.006153072129926329,0
0.9999895817335418,1.0424465657604542,1.168565336330161,1.2956612918860289,1.5586885676707725,,0,TF_RANDOM_R0,CHARCOUNT,gate10_charcount_137,0.9930465767558375,219.24971709241774,0.030645339514325708,0.006823425321845836,-0.3782083252279236,0
1.0000763611869525,1.0552607644738992,1.2141214306123944,1.4225109434946148,1.626073553949382,,1,TF_RANDOM_R0,CHARCOUNT,gate10_charcount_137,0.9958946536873148,224.6246362673447,0.001799538647687434,0.0004863746968424504,-0.004292842180099399,0
1.0000932804514542,1.0798918609227315,1.215477076934455,1.3930388322364178,1.6941825599983174,,3,TF_RANDOM_R0,CHARCOUNT,gate10_charcount_137,0.9959928244894962,316.44952185770853,1.1786684912791187e-09,3.356920780793107e-10,-2.748052452261618e-09,0
1.0000884463758823,1.0464747541531005,1.1708073337990086,1.337441661270804,1.71203854359528,,7,TF_RANDOM_R0,CHARCOUNT,gate10_charcount_137,0.9915027275772474,337.40435954050037,4.226749436757066e-05,1.1975181563228692e-05,-6.139748735733974e-05,0
1.0001125387847807,1.0341164399536655,1.1625612585320013,1.333786320448877,1.702407973490703,,15,TF_RANDOM_R0,CHARCOUNT,gate10_charcount_137,0.9859218528240524,341.2360376766266,0.08815329746542327,0.02139282440091405,0.3716275124983639,1
1.0000602216120595,1.0430381162663194,1.1560018857947656,1.3106596350993807,1.9306828460825332,,31,TF_RANDOM_R0,CHARCOUNT,gate10_charcount_137,0.9866381438537507,348.3544086566593,4.3467318476365265e-11,7.187465939481231e-12,3.233679990444216e-11,0
1.000113708319193,1.0657595969263494,1.219536764787279,1.3592690718569242,1.7686875158425757,,63,TF_RANDOM_R0,CHARCOUNT,gate10_charcount_137,0.9794229180560666,330.394396691336,4.221217872533799e-05,1.0278523929934172e-05,0.0002167878344323526,0
1.000258496679466,1.086003146042041,1.2628790863644876,1.4786306624357535,2.049102727552382,,127,TF_RANDOM_R0,CHARCOUNT,gate10_charcount_137,0.9874319173056568,213.05910593612077,0.005342896720264252,0.001222764783670623,0.015333000234072358,0
0.9999731302828053,1.114625707502966,1.3550921186870022,1.6659504670932608,2.208721719803971,,PREFILL,TF_RANDOM_R1,CHARCOUNT,gate10_charcount_137,0.9698304507199307,425.13881584474944,0.0005039589060123237,0.0001471729143459163,-0.0010718200976072012,0
1.0000263830830565,1.0610172908214035,1.1626947413929531,1.2819541926330869,1.5221176944042742,,0,TF_RANDOM_R1,CHARCOUNT,gate10_charcount_137,0.9917059656052195,246.25469685797376,0.007488480567366501,0.001910410147674456,0.16847428939679787,0
0.9999524685081838,1.050883820919432,1.1373059425827134,1.2915658162801809,1.5038224336819597,,1,TF_RANDOM_R1,CHARCOUNT,gate10_charcount_137,0.9964032378941791,210.09602443617328,0.0017036698775727717,0.0003802833438962816,0.0016210813085280051,0
0.9998762148644859,1.052553682153663,1.1728646227996349,1.3378000066148075,1.5825902644909813,,3,TF_RANDOM_R1,CHARCOUNT,gate10_charcount_137,0.9963299207758056,295.3288790669818,5.934650142621088e-10,1.2257835138433343e-10,1.0037481956715055e-09,0
1.0000722288320283,1.0446488770282363,1.1463708478764234,1.3190012223434122,1.6694214892917707,,7,TF_RANDOM_R1,CHARCOUNT,gate10_charcount_137,0.9916551439873015,317.2585154927652,8.558464890106757e-06,1.7695371804530402e-06,1.5888627508786612e-05,0
1.0000546858158401,1.0506527988884742,1.169196806943974,1.3539980582285474,1.6508916979352608,,15,TF_RANDOM_R1,CHARCOUNT,gate10_charcount_137,0.9886538831889515,224.304457785075,0.08908296230845851,0.02179603398767945,0.41626612411556607,1
1.0000874327793914,1.0285255196789775,1.126384284455648,1.2883512339938612,2.1588761631413287,,31,TF_RANDOM_R1,CHARCOUNT,gate10_charcount_137,0.9793496667996661,462.10766735134183,2.975831338650169e-12,7.392791173589544e-13,1.0132339411939029e-11,0
1.0001450518414494,1.0560282129554106,1.1907078974559815,1.346173093319017,1.6519673577189582,,63,TF_RANDOM_R1,CHARCOUNT,gate10_charcount_137,0.9860020795706703,246.70450726728092,5.6865282873886124e-05,1.5019857375067386e-05,-0.0004006363705144622,0
1.0001165152017832,1.0896845284968875,1.2572289096795641,1.4660656525211415,2.1837219081393435,,127,TF_RANDOM_R1,CHARCOUNT,gate10_charcount_137,0.9867512217044208,213.92509850937682,0.008890237839366225,0.002106606355016895,0.018159664835110334,0
0.999870445161384,1.1238679921825785,1.3536821279992388,1.6320695229756146,2.087223779698227,,PREFILL,TF_RANDOM_R2,CHARCOUNT,gate10_charcount_137,0.9739317998632265,400.5655190155608,0.0046690121875909065,0.0015234050826482522,-0.006052240949109944,0
0.999901866652601,1.0612697543165914,1.184727990035681,1.2817549039691891,1.511019280642993,,0,TF_RANDOM_R2,CHARCOUNT,gate10_charcount_137,0.9922072741548831,244.36997048207405,0.008411131451364138,0.0021168158640035048,-0.19673510747637835,0
1.0000763611869525,1.0497716716620633,1.1551404067464854,1.3017602579095262,1.4848044006926928,,1,TF_RANDOM_R2,CHARCOUNT,gate10_charcount_137,0.9962699977397639,213.12502689918801,0.0048805841189742,0.0011816159682114143,-0.0032183832268160018,0
0.9999911411127586,1.0770825612948391,1.2311177284471762,1.4199066242647609,1.7224473998669252,,3,TF_RANDOM_R2,CHARCOUNT,gate10_charcount_137,0.9964910920269328,267.10404296185726,5.5170538849938395e-11,1.4343045636263704e-11,-4.5220360789244296e-10,0
1.000056167226096,1.0318642285509485,1.1349908102286015,1.275003415712453,1.9140172925796188,,7,TF_RANDOM_R2,CHARCOUNT,gate10_charcount_137,0.9921240442552246,311.3163688344216,3.738207653790071e-05,1.1289550404186217e-05,-6.853057755762393e-05,0
0.9999838899994008,1.0417416483855333,1.1530408585690857,1.322955808037029,1.679362999612163,,15,TF_RANDOM_R2,CHARCOUNT,gate10_charcount_137,0.983035290705291,285.2391493316498,0.029473151032686974,0.007502947164882241,0.3076463320596119,0
1.0000356613893961,1.028817279530427,1.1315355377601803,1.287176865505745,1.8836108012947597,,31,TF_RANDOM_R2,CHARCOUNT,gate10_charcount_137,0.9833963943023671,368.5075664714168,1.6542162023251696e-12,4.202526750132609e-13,-1.0089706847793423e-11,0
0.9999091957349197,1.0741888992513218,1.1942833980620122,1.3312150600584176,1.6181529990938663,,63,TF_RANDOM_R2,CHARCOUNT,gate10_charcount_137,0.987233059382157,235.40051155971815,3.1438353406249563e-06,7.402688925663374e-07,2.2352165196082296e-05,0
0.9999505192841629,1.0986002011995568,1.2670347540081013,1.4419186653501415,2.112083870985036,,127,TF_RANDOM_R2,CHARCOUNT,gate10_charcount_137,0.9881288452686878,200.94862518305115,0.0032374979229087735,0.0008074748976861804,-0.013709575726661427,0
1.000063340370493,1.1310490894135226,1.393997382640939,1.6657960885508047,2.2885817398163875,,PREFILL,TF_RANDOM_R3,CHARCOUNT,gate10_charcount_137,0.9700105450111542,437.94629281129835,0.0032645819227547,0.0010206215407277137,-0.004799210364467399,0
0.9999945717470353,1.065241571150553,1.2067781579429107,1.3255292515583916,1.5613975212460685,,0,TF_RANDOM_R3,CHARCOUNT,gate10_charcount_137,0.9923107765416523,226.4383118594055,0.006974410477873189,0.0013669562190068182,0.009376147163578707,0
1.0000231863556623,1.0568447039132884,1.1705614196965308,1.3279611034468757,1.6285114874168112,,1,TF_RANDOM_R3,CHARCOUNT,gate10_charcount_137,0.9951703103668817,246.44873111042043,0.0008915291396855978,0.00020604060803314795,0.004095062551996875,0
1.0000617030223153,1.0629237098828117,1.1927187949249103,1.385257841820799,1.6490185716201295,,3,TF_RANDOM_R3,CHARCOUNT,gate10_charcount_137,0.9958818132029531,312.49367334717755,4.6820230953905254e-11,1.1209194938127885e-11,3.5922909091823385e-10,0
0.9999831882787532,1.044368500645069,1.1593897930810242,1.3242210883334804,1.7208978447392649,,7,TF_RANDOM_R3,CHARCOUNT,gate10_charcount_137,0.9932215117813645,266.37694160674755,1.7975701245279665e-05,5.2066485532521275e-06,-4.2439496255042286e-05,0
1.0000140639872444,1.046072122439342,1.1900491377058755,1.3566198425056286,1.684802582133868,,15,TF_RANDOM_R3,CHARCOUNT,gate10_charcount_137,0.9870000486967424,242.92251387465421,0.014258005303738738,0.0031471285638544184,0.029169998252825735,0
0.9997264364907194,1.0438602209893773,1.158304543115144,1.314517227405717,1.8739127100700983,,31,TF_RANDOM_R3,CHARCOUNT,gate10_charcount_137,0.9867795736809464,319.47067495502137,3.9563253058876293e-11,1.1557250272960116e-11,-8.451905841866392e-11,0
0.9998715367268357,1.0655341106916107,1.199793074679509,1.3390864944686063,1.681469097182273,,63,TF_RANDOM_R3,CHARCOUNT,gate10_charcount_137,0.9768477763616512,326.45551809994157,0.00025166314076819035,6.943573758519957e-05,-0.0009377049046932484,0
1.0000592859845294,1.0920928337591989,1.3055465865856581,1.5399864649108141,2.1726676248098955,,127,TF_RANDOM_R3,CHARCOUNT,gate10_charcount_137,0.9860901491413846,221.36359005824954,0.022708391726094304,0.005058036440002307,0.01566320659253151,0
0.0,0.0,0.0,0.0,0.0,,PREFILL,TF_BASELINE,CHARCOUNT,gate10_charcount_142,1.0000000000000002,0.0,0.0,0.0,0.0,0
0.0,0.0,0.0,0.0,0.0,,0,TF_BASELINE,CHARCOUNT,gate10_charcount_142,1.0,0.0,0.0,0.0,0.0,0
0.0,0.0,0.0,0.0,0.0,,1,TF_BASELINE,CHARCOUNT,gate10_charcount_142,1.0,0.0,0.0,0.0,0.0,0
0.0,0.0,0.0,0.0,0.0,,3,TF_BASELINE,CHARCOUNT,gate10_charcount_142,0.9999999999999999,0.0,0.0,0.0,0.0,0
0.0,0.0,0.0,0.0,0.0,,7,TF_BASELINE,CHARCOUNT,gate10_charcount_142,0.9999999999999998,0.0,0.0,0.0,0.0,0
0.0,0.0,0.0,0.0,0.0,,15,TF_BASELINE,CHARCOUNT,gate10_charcount_142,1.0000000000000002,0.0,0.0,0.0,0.0,0
0.0,0.0,0.0,0.0,0.0,,31,TF_BASELINE,CHARCOUNT,gate10_charcount_142,0.9999999999999998,0.0,0.0,0.0,0.0,0
0.0,0.0,0.0,0.0,0.0,,63,TF_BASELINE,CHARCOUNT,gate10_charcount_142,0.9999999999999999,0.0,0.0,0.0,0.0,0
0.0,0.0,0.0,0.0,0.0,,127,TF_BASELINE,CHARCOUNT,gate10_charcount_142,1.0000000000000002,0.0,0.0,0.0,0.0,0
0.0,0.0,0.0,0.0,0.0,,255,TF_BASELINE,CHARCOUNT,gate10_charcount_142,1.0,0.0,0.0,0.0,,0
1.8818508859107628,2.2311038015774804,2.820227445567445,3.4364991020309987,5.400421519559338,,PREFILL,TF_TEXTUAL_CAREFUL,CHARCOUNT,gate10_charcount_142,0.7766866212859754,1123.595892160086,4.65129898745971,0.6622979928987213,-4.663435621711024,1
1.037800239446298,1.1651407056633485,1.555981641288458,1.93007188130542,2.829834780921693,,0,TF_TEXTUAL_CAREFUL,CHARCOUNT,gate10_charcount_142,0.9105051926895762,737.0504482400207,0.48593349631103006,0.058231151071474536,0.20179281975129015,0
0.725052313274172,0.8125212462056414,1.0709871038745793,1.4197252684618558,2.3933996241925013,,1,TF_TEXTUAL_CAREFUL,CHARCOUNT,gate10_charcount_142,0.9639586061640244,804.6412004601261,0.009399104029617312,0.0032183275102501433,-0.009697560517416548,0
0.6957462759025562,0.7934671135875073,1.088212552485259,1.3832858508633274,3.9118852125251773,,3,TF_TEXTUAL_CAREFUL,CHARCOUNT,gate10_charcount_142,0.9504834314825632,1231.747364930866,6.886274822256189e-09,2.2673663163186955e-09,-5.509939171588485e-09,0
0.5390175150602077,0.5835621959824727,0.7854812207428108,1.0752663523211186,2.1748612035540638,,7,TF_TEXTUAL_CAREFUL,CHARCOUNT,gate10_charcount_142,0.9815332932656136,559.4350275329082,5.419304865117492e-05,1.2083389898000295e-05,3.194317558552484e-05,0
0.8067695539337089,0.8846160255325282,1.1751042811996575,1.5398272522927865,2.8657407348901796,,15,TF_TEXTUAL_CAREFUL,CHARCOUNT,gate10_charcount_142,0.9135780377167172,625.1589993856667,1.6071636836736638,0.3585057082576397,-1.9966744829244192,1
0.34461185225741764,0.3656348570745898,0.4538310065037794,0.5135407282776643,1.2157444325011626,,31,TF_TEXTUAL_CAREFUL,CHARCOUNT,gate10_charcount_142,0.9984899254203988,180.33042842601236,7.848465551256222e-11,2.1508645300017017e-11,-2.689759526219859e-10,0
0.3840287485323622,0.43498438827491104,0.5509662193238891,0.854978620077358,2.8011007238467722,,63,TF_TEXTUAL_CAREFUL,CHARCOUNT,gate10_charcount_142,0.9869791863440893,315.9070121014383,2.0144453790794573e-06,6.298546860158534e-07,-3.0151103800335477e-06,0
0.35555444505046757,0.4264421479101672,0.5102763628098508,0.664839223889128,0.9957729423625543,,127,TF_TEXTUAL_CAREFUL,CHARCOUNT,gate10_charcount_142,0.9969787587051875,151.10469163950782,1.9852859681053952e-11,2.491847545371453e-12,3.5910829865315463e-11,0
1.8847764372592624,2.016789895175075,2.354434480076642,2.6332157742431628,4.191508727406652,,255,TF_TEXTUAL_CAREFUL,CHARCOUNT,gate10_charcount_142,0.9835962857546285,925.1783675931758,2.6469588577071455e-15,2.1691102388849234e-16,,0
0.9998510308901357,1.2199772114470433,1.8042616339137425,2.3466748531562924,3.8188361190356153,0.590260689598664,PREFILL,TF_MEANINGFUL_L27_D75,CHARCOUNT,gate10_charcount_142,0.7561453877096882,1136.1454142415218,0.15164626830096348,0.05073270700016502,-0.1562324847475267,0
1.000390965943927,1.0982599446544672,1.2845267784958803,1.4723694430047558,2.9814482321504547,0.873297162177405,0,TF_MEANINGFUL_L27_D75,CHARCOUNT,gate10_charcount_142,0.9292804426622043,714.9002191325085,0.07901678356673401,0.018274956824209168,0.07706259177763286,0
1.0002110915512776,1.0875512977284065,1.239394523484753,1.4271748907939201,2.9936048406482065,0.9456910458446645,1,TF_MEANINGFUL_L27_D75,CHARCOUNT,gate10_charcount_142,0.9770245937805219,697.138249937216,0.00010605709606390479,3.222539367738466e-05,-0.00018696887579494614,0
1.000195263852228,1.111871921775189,1.274502777014923,1.450345550637328,3.9113344397858296,0.9584318836654654,3,TF_MEANINGFUL_L27_D75,CHARCOUNT,gate10_charcount_142,0.9670809580739888,1143.3370722193183,4.733203210679916e-06,1.633223611623064e-06,-4.791947205262659e-06,0
1.0001965893245621,1.080201631604134,1.271004543649081,1.486350213310233,3.165919986606534,0.864557673113644,7,TF_MEANINGFUL_L27_D75,CHARCOUNT,gate10_charcount_142,0.9687652258581516,741.3628897353803,0.0009175027576876891,0.00030037064946839156,-0.0011283012397740322,0
1.0002949861531376,1.098607686219797,1.3259045941358576,1.5667146924992603,3.377955016221616,0.8917049141980297,15,TF_MEANINGFUL_L27_D75,CHARCOUNT,gate10_charcount_142,0.8575878752552234,742.8541797512524,0.013588167845250486,0.0037351533860390407,-0.039263153391292605,0
1.000176629270588,1.0552776837384006,1.2094409538933917,1.4069014015972672,3.27865530707973,0.43897753027248687,31,TF_MEANINGFUL_L27_D75,CHARCOUNT,gate10_charcount_142,0.9946725287860275,378.09148438940815,4.815684215521794e-10,1.4338195276685988e-10,-9.335607842331228e-10,0
1.000070981328655,1.1039564349021276,1.3100213811859747,1.5755156728605395,7.126334327859594,0.8531960054478507,63,TF_MEANINGFUL_L27_D75,CHARCOUNT,gate10_charcount_142,0.8445499631810236,790.7364325971866,6.172106430536659e-05,2.109774140063185e-05,-6.433614171896807e-05,0
0.9997331418213513,1.1204177876966115,1.4408676437580683,1.7585786841322284,3.4946717437109567,-0.03382281896548279,127,TF_MEANINGFUL_L27_D75,CHARCOUNT,gate10_charcount_142,0.9163445286642864,927.0472930196299,6.081252344476044e-08,2.097202108082978e-08,-6.166980881516793e-08,0
0.9999494277187111,1.153297454419198,1.4366237932197488,1.7310400471648497,3.9574649314025443,-0.538685641031004,255,TF_MEANINGFUL_L27_D75,CHARCOUNT,gate10_charcount_142,0.9847199684303877,946.5838098369263,7.488000339896582e-12,2.591163981705236e-12,,0
1.0001146439467232,1.136389339479122,1.4081950625954631,1.692859738608769,2.1877507202836766,,PREFILL,TF_RANDOM_R0,CHARCOUNT,gate10_charcount_142,0.9682779936103524,446.3301073745047,0.005769921091712888,0.0018285886627318294,-0.007985923392020311,0
1.000116593170744,1.0428156708210534,1.1697275416603867,1.295955546744225,1.5460749051245986,,0,TF_RANDOM_R0,CHARCOUNT,gate10_charcount_142,0.991866135013411,235.48976139882197,0.010438608315030996,0.002195311088352389,0.047402158150482876,0
1.0001495740411779,1.04859106565708,1.180304888856399,1.3660466017465798,1.6592783512386557,,1,TF_RANDOM_R0,CHARCOUNT,gate10_charcount_142,0.9956415777454554,193.10884931609903,5.084678018849813e-07,1.304422904920753e-07,-7.886974557891335e-06,0
1.0000997518752035,1.0822321772511938,1.2214358547663686,1.400435591613035,1.693609332198249,,3,TF_RANDOM_R0,CHARCOUNT,gate10_charcount_142,0.9944897921532696,328.95199322028043,1.184634125027794e-08,3.4388528195038737e-09,-2.277402444406107e-08,0
1.0000915651343156,1.0499150565810411,1.1807157852800063,1.3540619927764332,1.7514869393304027,,7,TF_RANDOM_R0,CHARCOUNT,gate10_charcount_142,0.9908504959979467,341.82664205504193,0.0003374451785963731,0.00010522901077309135,-0.00048747335557663973,0
1.0000843919899187,1.0367017347570755,1.1660060831596704,1.335081228950446,1.764994282105682,,15,TF_RANDOM_R0,CHARCOUNT,gate10_charcount_142,0.9824773885817075,372.43450926825943,0.01784329602065145,0.0045097241293697975,-0.027163874700370627,0
1.0001112912814072,1.032260154934075,1.1528876495610425,1.2774317589976993,1.955696692160111,,31,TF_RANDOM_R0,CHARCOUNT,gate10_charcount_142,0.9968799438617423,246.31361411052953,2.0164691954303262e-09,6.406259420751591e-10,-2.754816819106054e-09,0
0.9999634621316617,1.0455827892411333,1.1780306122377653,1.412163838639952,1.9299946920341922,,63,TF_RANDOM_R0,CHARCOUNT,gate10_charcount_142,0.9878516266572451,224.6656677594856,3.724788226693689e-08,9.432494490871217e-09,-1.1085295170687459e-07,0
1.00005281456078,1.0635650045856901,1.274053207986741,1.5022050455583715,2.2632745745081433,,127,TF_RANDOM_R0,CHARCOUNT,gate10_charcount_142,0.985818932135088,404.4644003726205,5.924420446992754e-10,1.85785718019833e-10,-8.657892180963245e-10,0
1.0000666930358089,1.0700640293472385,1.2470809375508771,1.4807548488047775,2.704173454245213,,255,TF_RANDOM_R0,CHARCOUNT,gate10_charcount_142,0.9920802550284553,441.38314556995493,6.197583894142794e-14,2.0038013404511385e-14,,0
1.0000448617267748,1.1186637979536382,1.378819165034938,1.6892949977193334,2.2573402009609715,,PREFILL,TF_RANDOM_R1,CHARCOUNT,gate10_charcount_142,0.9690394661266796,428.2907419034834,0.001438469141298504,0.00043404425685968567,-0.0026422016753286925,0
0.9999888020439335,1.0628431679462678,1.1672071950013536,1.287039250289869,1.5432542999973848,,0,TF_RANDOM_R1,CHARCOUNT,gate10_charcount_142,0.9913955312514184,219.5351434697013,0.023569712204831738,0.006141788303281657,-0.12660977354455838,0
1.0001051317335012,1.0441895618799497,1.1226285975811248,1.274205637305176,1.4952018734960557,,1,TF_RANDOM_R1,CHARCOUNT,gate10_charcount_142,0.9964292921505205,185.94472475221477,4.21078789022565e-05,1.2058235061849243e-05,-0.0001000147809122609,0
0.9999044396283086,1.0576272004042413,1.177509623641457,1.3468752817803087,1.6025807263597984,,3,TF_RANDOM_R1,CHARCOUNT,gate10_charcount_142,0.995574324192624,260.6166064660917,3.4101956174017765e-09,7.038645834206707e-10,5.763510557699192e-09,0
1.0000015109845497,1.0450845675813893,1.1453804081669199,1.3188995508184818,1.7168991286138147,,7,TF_RANDOM_R1,CHARCOUNT,gate10_charcount_142,0.9914010633372643,306.56786133214047,1.6208969959628412e-05,3.5949139582100346e-06,4.058378195992418e-05,0
1.0000068128738866,1.0543960886982247,1.1748412139257958,1.3697064647682353,1.662997002856782,,15,TF_RANDOM_R1,CHARCOUNT,gate10_charcount_142,0.9879199044857475,215.81243540158928,0.05801334362859147,0.01605246127851898,-0.1432074696700525,0
1.0000706694528116,1.0340521155609756,1.1323032201485743,1.2809193106159067,1.9204260292845188,,31,TF_RANDOM_R1,CHARCOUNT,gate10_charcount_142,0.9967398035414943,291.83430779449697,2.3535661328113675e-11,5.648910811105495e-12,8.377298854611581e-11,0
1.0000611572395894,1.0637526758744231,1.23433550746089,1.4897725828771813,2.2950487973039926,,63,TF_RANDOM_R1,CHARCOUNT,gate10_charcount_142,0.9698438038989403,357.4646239931011,4.881946996957052e-07,1.455009712139392e-07,-1.0147626667844634e-06,0
1.000067628663339,1.0727433547174168,1.3147848168793073,1.5928349181311052,2.1017589093152504,,127,TF_RANDOM_R1,CHARCOUNT,gate10_charcount_142,0.9858208647562411,348.4374413342066,4.5668562463650634e-10,1.414679081347999e-10,-7.065779072945588e-10,0
1.00002950184149,1.063931302763699,1.292556879741371,1.5449596371087961,2.781971818995196,,255,TF_RANDOM_R1,CHARCOUNT,gate10_charcount_142,0.9908294938685389,531.988099355748,1.071246763255722e-14,3.684976024459558e-15,,0
1.0000155453975004,1.1248622523711629,1.3606591024907135,1.620068228647849,2.0731553722807696,,PREFILL,TF_RANDOM_R2,CHARCOUNT,gate10_charcount_142,0.9747465024750538,390.4339770233974,0.00892575113238664,0.002915573295355198,-0.011187596197977712,0
1.0001249358495536,1.063610850334662,1.1903100998177947,1.290151225423728,1.512978172815044,,0,TF_RANDOM_R2,CHARCOUNT,gate10_charcount_142,0.9910898025890472,228.3233241540135,0.00552081164874543,0.001522525947065167,-0.014273813637188937,0
1.0000327765378452,1.0491044912641871,1.1591314039448128,1.323462606282465,1.5487476811020666,,1,TF_RANDOM_R2,CHARCOUNT,gate10_charcount_142,0.9959320758953192,213.17132674160064,0.0001429969114660407,4.3584395356802683e-05,-0.0002376625880273764,0
0.9999317287646013,1.077886577218983,1.2308670582380876,1.416833711580281,1.7096280552020653,,3,TF_RANDOM_R2,CHARCOUNT,gate10_charcount_142,0.995519259174176,259.2529368161432,3.4412334999051827e-10,8.859881539040607e-11,-2.5142909976239025e-09,0
1.000054218002075,1.031481478922203,1.1351200047967072,1.2802596932072317,1.9937779801359299,,7,TF_RANDOM_R2,CHARCOUNT,gate10_charcount_142,0.991636278901792,311.95071294237613,0.0001605661112069397,4.860654221880707e-05,-0.00028174821429161057,0
0.9999346915851131,1.045553940725624,1.1613109482760307,1.3296991875218382,1.6954989879330773,,15,TF_RANDOM_R2,CHARCOUNT,gate10_charcount_142,0.9840484734671443,253.12200117097242,0.0066753095087384706,0.0017781794931828034,-0.019247248483701185,0
0.9999364848712123,1.03138050911792,1.124543047445499,1.2528245210508826,1.8613685958369903,,31,TF_RANDOM_R2,CHARCOUNT,gate10_charcount_142,0.9964185085527472,294.3950024020984,1.6764775452690778e-09,5.29038138036254e-10,-2.3734330056868203e-09,0
0.9998891577119847,1.052013045379224,1.1969175794038662,1.498699093265407,2.519111942569368,,63,TF_RANDOM_R2,CHARCOUNT,gate10_charcount_142,0.983255304694548,281.59545650384774,4.328222661126315e-07,1.0758207247868717e-07,-6.053770107428136e-08,0
1.0000546858158401,1.051160142916636,1.2462525953109524,1.5063009110090237,1.9899936786527797,,127,TF_RANDOM_R2,CHARCOUNT,gate10_charcount_142,0.9878762810370101,302.33731445034306,2.4357018794218855e-10,7.548662665016468e-11,-4.148077437093889e-10,0
1.0000048636498657,1.0671724724656637,1.272836346414969,1.4564321195960523,2.246881756430234,,255,TF_RANDOM_R2,CHARCOUNT,gate10_charcount_142,0.9932823183621123,406.3487041898556,1.143142724310923e-14,3.892924289989272e-15,,0
1.000011335073615,1.134611023420368,1.4100316994369226,1.6815302248475688,2.345967986557351,,PREFILL,TF_RANDOM_R3,CHARCOUNT,gate10_charcount_142,0.9700771090844842,432.633359919865,0.004202532003982009,0.0013108854584027467,-0.006250980605173595,0
0.9999234640547526,1.0654792985121428,1.2082504458303824,1.3278251255791773,1.651342046653051,,0,TF_RANDOM_R3,CHARCOUNT,gate10_charcount_142,0.9918847614960812,214.20682515870664,0.025064350021621513,0.006351140771393583,-0.10759785837603886,0
0.9999421766053533,1.0520956145087497,1.1516718015857612,1.3250731331374994,1.6406565565083588,,1,TF_RANDOM_R3,CHARCOUNT,gate10_charcount_142,0.9951765532466791,211.3343907884566,6.244117446353758e-07,1.3776745067514636e-07,6.994284049710586e-06,0
0.9999822526512232,1.068634546419266,1.1969295866238352,1.3897694377706302,1.8160935796585718,,3,TF_RANDOM_R3,CHARCOUNT,gate10_charcount_142,0.9955600721740728,264.56641758718706,2.206670609024875e-09,4.763179840787342e-10,5.076877584997419e-09,0
0.9999597196215415,1.043355917750688,1.154849192677762,1.306201058042918,1.7187215751044023,,7,TF_RANDOM_R3,CHARCOUNT,gate10_charcount_142,0.9931679529952612,256.48046644439484,0.0001009232870398457,2.9894536128917644e-05,-0.00020030357440958824,0
0.9998545394933733,1.046455963633539,1.1900354151687684,1.3595204437866604,1.690512093197988,,15,TF_RANDOM_R3,CHARCOUNT,gate10_charcount_142,0.987191054388794,222.1680490035094,0.01768446898529767,0.004568018617404928,-0.022312315638750135,0
0.9999731302828053,1.039687244236458,1.155128243588595,1.2924265156388526,1.9891647126611682,,31,TF_RANDOM_R3,CHARCOUNT,gate10_charcount_142,0.9967345647258535,251.4272775940545,4.9362637590137534e-11,1.4412763730935916e-11,-1.3781686902802903e-10,0
1.0000459532922266,1.062375276212289,1.2141017824342637,1.4549513330918495,2.0319729468566483,,63,TF_RANDOM_R3,CHARCOUNT,gate10_charcount_142,0.9863966636975109,226.03953543668496,1.9006908510537022e-08,5.54853768240189e-09,5.753747700509848e-09,0
1.000019443845542,1.0678931395706737,1.281944602450904,1.5273211869125667,2.0069481851245534,,127,TF_RANDOM_R3,CHARCOUNT,gate10_charcount_142,0.9887274926754805,304.635250407276,2.5544101428523836e-11,5.9908841201723e-12,5.67155211683712e-11,0
0.9997849911803074,1.0856210201649823,1.27868019799861,1.4868540487351571,2.3819821614434775,,255,TF_RANDOM_R3,CHARCOUNT,gate10_charcount_142,0.9874691955249839,737.5065858917993,1.6663052479136337e-14,4.8131075746343325e-15,,0
0.0,0.0,0.0,0.0,0.0,,PREFILL,TF_BASELINE,CHARCOUNT,gate10_charcount_025,1.0,0.0,0.0,0.0,0.0,0
0.0,0.0,0.0,0.0,0.0,,0,TF_BASELINE,CHARCOUNT,gate10_charcount_025,1.0000000000000002,0.0,0.0,0.0,0.0,0
0.0,0.0,0.0,0.0,0.0,,1,TF_BASELINE,CHARCOUNT,gate10_charcount_025,1.0,0.0,0.0,0.0,0.0,0
0.0,0.0,0.0,0.0,0.0,,3,TF_BASELINE,CHARCOUNT,gate10_charcount_025,1.0,0.0,0.0,0.0,0.0,0
0.0,0.0,0.0,0.0,0.0,,7,TF_BASELINE,CHARCOUNT,gate10_charcount_025,1.0000000000000002,0.0,0.0,0.0,0.0,0
0.0,0.0,0.0,0.0,0.0,,15,TF_BASELINE,CHARCOUNT,gate10_charcount_025,1.0000000000000002,0.0,0.0,0.0,0.0,0
0.0,0.0,0.0,0.0,0.0,,31,TF_BASELINE,CHARCOUNT,gate10_charcount_025,0.9999999999999999,0.0,0.0,0.0,0.0,0
0.0,0.0,0.0,0.0,0.0,,63,TF_BASELINE,CHARCOUNT,gate10_charcount_025,1.0,0.0,0.0,0.0,0.0,0
0.0,0.0,0.0,0.0,0.0,,127,TF_BASELINE,CHARCOUNT,gate10_charcount_025,1.0,0.0,0.0,0.0,0.0,0
0.0,0.0,0.0,0.0,0.0,,255,TF_BASELINE,CHARCOUNT,gate10_charcount_025,1.0,0.0,0.0,0.0,,0
1.8961535120865725,2.2453831930029606,2.854501976999393,3.475842239668992,5.930612324501191,,PREFILL,TF_TEXTUAL_CAREFUL,CHARCOUNT,gate10_charcount_025,0.7804927761813918,1100.2116662373908,4.647258998390827,0.6614155583899376,-4.662313001473549,1
0.9982600742442712,1.1286424214993889,1.5076985826009752,1.908000115996039,2.877171296424623,,0,TF_TEXTUAL_CAREFUL,CHARCOUNT,gate10_charcount_025,0.9075949349755389,809.7355950695732,0.7478812552028281,0.07798287198544929,0.2626553058438361,0
0.7185553936745661,0.8104247388177144,1.0753184355869572,1.3959854352043428,2.3847160650862413,,1,TF_TEXTUAL_CAREFUL,CHARCOUNT,gate10_charcount_025,0.9756179967830877,754.1596517797047,0.002737871865395271,0.000941687424420575,-0.0027947116344080314,0
0.6724521132251836,0.7727623780684688,1.0569312494598166,1.3260466535825013,3.7257963818213535,,3,TF_TEXTUAL_CAREFUL,CHARCOUNT,gate10_charcount_025,0.9609214424350714,1289.8393688035453,2.9033048742738293e-09,9.147710146609455e-10,-2.1955059992251336e-09,0
0.5295092782551826,0.5704849689796467,0.7542814732504032,1.0342009583072123,1.9590412487041446,,7,TF_TEXTUAL_CAREFUL,CHARCOUNT,gate10_charcount_025,0.9842872867350426,525.0069196506385,2.4425290832230376e-05,6.223348222071682e-06,2.3822692440944593e-07,0
0.7716869521916538,0.8420048189010815,1.1290076281119459,1.504462870726269,2.839443987531001,,15,TF_TEXTUAL_CAREFUL,CHARCOUNT,gate10_charcount_025,0.9255918179827829,660.0132302221346,1.6161147715442563,0.33728864023442234,-2.1586987633905252,1
0.2855551400227769,0.30957653869010976,0.39378371811395374,0.4943577909362286,1.4576857045483784,,31,TF_TEXTUAL_CAREFUL,CHARCOUNT,gate10_charcount_025,0.9985578857282709,158.84077810107848,3.4357736113520492e-09,8.862089794058773e-10,-9.271616363548674e-09,0
0.9563345266544189,1.1344835441694006,1.4731365016414633,1.845082595235427,2.9561064486235997,,63,TF_TEXTUAL_CAREFUL,CHARCOUNT,gate10_charcount_025,0.9762993768309227,397.30055842884235,0.0036437509221560454,0.0005204469927498733,-0.0004379486291554713,0
0.23350436774856168,0.25533398095782556,0.3132716241898232,0.40384615829260323,1.0766805533327672,,127,TF_TEXTUAL_CAREFUL,CHARCOUNT,gate10_charcount_025,0.9982573364624233,184.22227387668178,7.477447427873787e-11,7.193910672823637e-12,2.2581048142455984e-11,0
0.2575192365154245,0.2763996347965752,0.3994132720087362,0.5900750602345695,1.7152631838775476,,255,TF_TEXTUAL_CAREFUL,CHARCOUNT,gate10_charcount_025,0.9991743204253751,417.78580363136484,3.775657045791621e-06,7.382330381134861e-07,,0
0.9998886898982197,1.2214992435315286,1.8027024106349385,2.35455174539374,3.7035259515997616,0.48613588055845935,PREFILL,TF_MEANINGFUL_L27_D75,CHARCOUNT,gate10_charcount_025,0.7886138200709671,1037.9633186901124,0.1901317777005179,0.06313625449422838,-0.19622529825867474,0
1.0001034943853238,1.0986594576097923,1.2909381661454487,1.483860352514887,3.0333081948852634,0.8960197765215338,0,TF_MEANINGFUL_L27_D75,CHARCOUNT,gate10_charcount_025,0.9314315675855537,764.9452419216689,0.14948310565757386,0.03017299015076266,0.1653917153261304,0
1.0001889483664002,1.089794308793745,1.243362753746516,1.4344027694013661,2.889524386703682,0.9372293801579034,1,TF_MEANINGFUL_L27_D75,CHARCOUNT,gate10_charcount_025,0.9798577856522,694.3249292204756,3.148944271868419e-05,9.838998035375187e-06,-4.827966567688691e-05,0
1.0002810297091478,1.114570895323498,1.2785132664534595,1.4629542231700083,4.294239382701178,0.9637549365798566,3,TF_MEANINGFUL_L27_D75,CHARCOUNT,gate10_charcount_025,0.9684584171885524,1307.4338467032478,1.9314091697556046e-06,6.678424451364319e-07,-1.943633897383279e-06,0
1.0001458315310578,1.0803944488442823,1.2644104747242733,1.4761928849062458,3.0497309530441337,0.8614634405636978,7,TF_MEANINGFUL_L27_D75,CHARCOUNT,gate10_charcount_025,0.9699739797977975,729.5181689642192,0.0006500672308881619,0.00021509867965472572,-0.0007652090274206103,0
1.000264344351529,1.0974602170231693,1.3267015928535262,1.5694080522823892,3.5784001157463052,0.903363664751581,15,TF_MEANINGFUL_L27_D75,CHARCOUNT,gate10_charcount_025,0.861919901233984,815.8265861281614,0.012730115622242308,0.0035761282311354134,-0.03771737138860587,0
0.999796140741707,1.0785001149718036,1.2348888531759452,1.4412351894394506,4.8238485391951915,-0.16703604833512223,31,TF_MEANINGFUL_L27_D75,CHARCOUNT,gate10_charcount_025,0.9935597648083065,363.64080482373254,6.853232041618912e-07,2.0747647634212214e-07,-1.0280229361114834e-06,0
1.000251947286756,1.2136883130349487,1.5384199125496913,1.8652201065643816,4.422411309916587,0.26883041462713625,63,TF_MEANINGFUL_L27_D75,CHARCOUNT,gate10_charcount_025,0.9781926863730077,497.47027494676644,0.04005606979769597,0.013344049535037435,-0.043941461702445395,0
1.0000960093650835,1.1132790276114015,1.30113315355752,1.607474214279806,4.024767738396433,-0.4161359262509306,127,TF_MEANINGFUL_L27_D75,CHARCOUNT,gate10_charcount_025,0.9581502917358327,1199.097553037257,3.267802480054758e-09,1.1193364896686557e-09,-3.382375268756732e-09,0
0.9998264706674723,1.1199250238641263,1.3684508526229278,1.7294664775972517,4.061744362135123,-0.9684557187697015,255,TF_MEANINGFUL_L27_D75,CHARCOUNT,gate10_charcount_025,0.9312901084671278,1492.8992002361683,2.783349016083316e-05,8.708369362995385e-06,,0
1.0000530484676626,1.1348013456537693,1.4105257107727815,1.7093216371859787,2.2168412514475406,,PREFILL,TF_RANDOM_R0,CHARCOUNT,gate10_charcount_025,0.9676871658078076,439.91407268993873,0.0035423063516256577,0.001086701038664463,-0.005704538992937103,0
0.999934301740309,1.0426403186281326,1.171197256572151,1.29044883294724,1.5357288918353875,,0,TF_RANDOM_R0,CHARCOUNT,gate10_charcount_025,0.992814880253121,222.20026619765213,0.011117529040798208,0.0023277070956326403,0.05914156671535409,0
0.9999898156404243,1.050135708740208,1.183471676169726,1.3674219742157319,1.651214021619358,,1,TF_RANDOM_R0,CHARCOUNT,gate10_charcount_025,0.995942398356173,197.9159260670839,8.902859419776948e-08,2.2164740940554944e-08,1.1385979021838466e-06,0
0.9999697776174894,1.0837652809281177,1.2228360993340277,1.3980768746098156,1.6882976187723155,,3,TF_RANDOM_R0,CHARCOUNT,gate10_charcount_025,0.9952103702265357,326.35577429147065,1.4436267889735175e-09,3.725694620148717e-10,-2.6077699999405013e-09,0
1.0002319872327818,1.048113895616762,1.1760917580886492,1.3441672638325426,1.755760262135918,,7,TF_RANDOM_R0,CHARCOUNT,gate10_charcount_025,0.9912839411490346,353.04182223885823,8.29760917697327e-05,2.4616372591138806e-05,-0.00012715561484810678,0
1.0000507873677984,1.0356351973417957,1.1648321045163583,1.3364297800970706,1.6754720365905889,,15,TF_RANDOM_R0,CHARCOUNT,gate10_charcount_025,0.987137313978482,330.27032085415027,0.04027376619054334,0.010531259872693679,-0.10162825714071744,0
1.0002596662138787,1.0319593506831688,1.1420052098212776,1.3021787952912953,2.2863491765918007,,31,TF_RANDOM_R0,CHARCOUNT,gate10_charcount_025,0.9967607818818033,242.63055511997447,1.2878967233671998e-07,3.761154809034947e-08,-3.26615491985649e-07,0
1.0001205695877469,1.0816573121029478,1.2470971550947312,1.4218662961264203,1.9506904611227343,,63,TF_RANDOM_R0,CHARCOUNT,gate10_charcount_025,0.989862265691485,281.76662403295876,0.0005494933153408707,0.00013234546196008663,-0.0014424498028660082,0
0.9999488819359853,1.0759112335961956,1.247920663259084,1.4741854960405547,2.100965653107702,,127,TF_RANDOM_R0,CHARCOUNT,gate10_charcount_025,0.9934000496989027,336.4071459080087,2.688299772480395e-12,6.375762588311964e-13,8.72546479513403e-12,0
0.999985215471735,1.0387332940006258,1.1951744273464493,1.3995475251491099,1.8485598549508042,,255,TF_RANDOM_R0,CHARCOUNT,gate10_charcount_025,0.9985230173754752,139.42815097143512,1.2232496662934272e-06,3.291115461650613e-07,,0
0.999853759803765,1.1226999391802899,1.3747128517435336,1.6935408754506347,2.3879255793901066,,PREFILL,TF_RANDOM_R1,CHARCOUNT,gate10_charcount_025,0.9708630247155597,405.7595215883073,0.000974964777421025,0.0002836295309737179,-0.0022054441210883624,0
1.0000670049116522,1.0617712506726904,1.1645373818443971,1.280622482782003,1.5292874081669363,,0,TF_RANDOM_R1,CHARCOUNT,gate10_charcount_025,0.9914082265733364,238.71936931434504,0.025823271007045387,0.0066737225579370845,-0.14830211520617098,0
1.000121427246316,1.044239384045924,1.1248037756505356,1.2777030909814096,1.516527787726077,,1,TF_RANDOM_R1,CHARCOUNT,gate10_charcount_025,0.9965716357418863,184.07791432244483,1.6122889447356115e-05,4.79107683847477e-06,-2.9874493783665912e-05,0
0.9999595636836198,1.057856039304296,1.1796073005637968,1.3532807437888534,1.599915747278414,,3,TF_RANDOM_R1,CHARCOUNT,gate10_charcount_025,0.9955674799260646,314.1343830161595,4.193585537823475e-10,9.498044466274302e-11,6.588720680156257e-10,0
1.0000112571046542,1.0455866876891753,1.1432531030394626,1.319334305744105,1.6755116448226937,,7,TF_RANDOM_R1,CHARCOUNT,gate10_charcount_025,0.9917131497762584,295.28234745720084,8.15105996756759e-06,1.76951087676491e-06,2.0479748876311987e-05,0
1.000041898906263,1.0544198692312796,1.1787644560971564,1.3746281774520654,1.6886453603376455,,15,TF_RANDOM_R1,CHARCOUNT,gate10_charcount_025,0.988693367239792,230.0757470178513,0.03591563269293281,0.009644421657870949,-0.11792587071357019,0
1.0000308273138243,1.0291184736261376,1.1298570999402573,1.2713272571779826,2.1500867221862534,,31,TF_RANDOM_R1,CHARCOUNT,gate10_charcount_025,0.9970462670065818,230.36987842781363,2.5341050878279617e-08,5.839711858901548e-09,9.976587023174943e-08,0
1.000169066281387,1.083069407952654,1.2487047191292537,1.4629763663548858,1.9628319436420836,,63,TF_RANDOM_R1,CHARCOUNT,gate10_charcount_025,0.9900477982694285,259.7321729291151,0.0003791958637058019,0.00010767586035479612,-0.0009549443860237261,0
0.9999565228941473,1.0479213902524571,1.2013169000500934,1.442120760896629,2.0752120375297096,,127,TF_RANDOM_R1,CHARCOUNT,gate10_charcount_025,0.99349259497702,366.0612162345484,1.2802928047530153e-14,1.6940034360511547e-15,-2.1316282072803006e-14,0
0.9999946497159962,1.0485369551982597,1.2185968489643977,1.4299197100912011,2.8832195046546163,,255,TF_RANDOM_R1,CHARCOUNT,gate10_charcount_025,0.9920419193975957,575.042951708882,1.0985134201552752e-06,2.9277916553722625e-07,,0
0.9999137179346481,1.1302889700143297,1.3742108875736696,1.646831854144515,2.0969134502751183,,PREFILL,TF_RANDOM_R2,CHARCOUNT,gate10_charcount_025,0.9753215463585827,375.0498230224932,0.011153207548021148,0.0036221835111345455,-0.014224131861247713,0
0.9999922326782102,1.063425596083715,1.1894019953309343,1.285095172220377,1.505827483478826,,0,TF_RANDOM_R2,CHARCOUNT,gate10_charcount_025,0.992197782550386,225.17784406284434,0.023412918036136706,0.005633328622621113,0.07958171402637504,0
0.9999677504245077,1.0497005639697805,1.1614137893353735,1.333580950206034,1.55335829763216,,1,TF_RANDOM_R2,CHARCOUNT,gate10_charcount_025,0.9963385596779526,196.41832817863138,3.693561159358299e-05,1.1472818258822117e-05,-5.5905164728642376e-05,0
0.9999071685419378,1.080814623574229,1.2356442164685273,1.4288187883641925,1.800265100919196,,3,TF_RANDOM_R2,CHARCOUNT,gate10_charcount_025,0.9957897594435421,292.48911165619603,2.438580318569658e-10,6.565302901936868e-11,-1.005112437724165e-09,0
0.9998489257281932,1.0322496291243621,1.1376417548970355,1.287455526571774,1.9829211142153196,,7,TF_RANDOM_R2,CHARCOUNT,gate10_charcount_025,0.9915407526390536,317.5818558354442,6.525942529383946e-05,1.968588219649407e-05,-0.00011763410007858965,0
0.9998906391222405,1.046344468019543,1.16083541558389,1.3290718492629496,1.7030116091854974,,15,TF_RANDOM_R2,CHARCOUNT,gate10_charcount_025,0.9854378042106182,269.13213603809453,0.02892099765228172,0.007826190432549325,-0.10136709381902875,0
0.999905219317917,1.035866609217558,1.1361380455183467,1.2742103154428261,2.1499112920243717,,31,TF_RANDOM_R2,CHARCOUNT,gate10_charcount_025,0.9971421892979938,227.76346964490793,4.0210235783498336e-08,1.0831005686008147e-08,-1.8062834072907208e-07,0
0.9999322745473271,1.0885858678697433,1.2407924289835868,1.405894198561184,1.897952100075144,,63,TF_RANDOM_R2,CHARCOUNT,gate10_charcount_025,0.9902040056308195,257.0703410759583,0.0011342781890817265,0.0003233417270949086,-0.001722152184100878,0
0.9998410508631487,1.0418971964624018,1.1971489912796285,1.3844631821719555,1.8563077865270283,,127,TF_RANDOM_R2,CHARCOUNT,gate10_charcount_025,0.9938603628859652,352.2701420713908,8.408076538900853e-12,2.3439641323631773e-12,-2.5586643914721208e-11,0
0.9998834659778436,1.04028971039684,1.1842433349751227,1.3861586951943015,1.7869891700196787,,255,TF_RANDOM_R2,CHARCOUNT,gate10_charcount_025,0.9983436898734047,215.88228850123798,3.0082165509657783e-07,7.840162579397465e-08,,0
1.0001463773137835,1.1374679620833312,1.4103895769671613,1.6877841151962478,2.289078558034836,,PREFILL,TF_RANDOM_R3,CHARCOUNT,gate10_charcount_025,0.9704862085404025,426.0480159863401,0.003617733437017881,0.0011090808510606032,-0.005892997163215341,0
1.0000096197564767,1.0659351050571917,1.2122387141150803,1.3314672116777622,1.653252442131462,,0,TF_RANDOM_R3,CHARCOUNT,gate10_charcount_025,0.9923756780623805,220.07830528583847,0.012858781785685175,0.002922411233257591,-0.05097480971925705,0
0.9999282201613636,1.054327787888532,1.1523397616732458,1.3266937959574425,1.6876086850343661,,1,TF_RANDOM_R3,CHARCOUNT,gate10_charcount_025,0.9954033641305889,210.84530388004436,4.306449289923535e-07,1.0342148976561086e-07,-2.814959565000663e-06,0
0.999910911052058,1.0687113458456896,1.195650427852355,1.3873207445866056,1.6809730586534326,,3,TF_RANDOM_R3,CHARCOUNT,gate10_charcount_025,0.9955270127647634,288.56251442779416,1.893353224523666e-10,4.3266663647794e-11,6.989964163039986e-10,0
0.9999796017065548,1.0443162614413086,1.1483979628892063,1.2966831530867493,1.6735313891553734,,7,TF_RANDOM_R3,CHARCOUNT,gate10_charcount_025,0.9934020465201344,256.6694480083058,5.315840169356728e-05,1.5803969683993076e-05,-0.00010310629915011305,0
0.9998679501546373,1.0474297959543843,1.1942837879068164,1.3672842810308952,1.694818162967055,,15,TF_RANDOM_R3,CHARCOUNT,gate10_charcount_025,0.9880331661083164,235.4384474493027,0.019275967076899832,0.0050029303009874355,-0.039042552947613274,0
0.999982330620184,1.0550170335023248,1.1563600752008476,1.2909581261994227,2.1587802613195,,31,TF_RANDOM_R3,CHARCOUNT,gate10_charcount_025,0.9971428931293398,218.5149292959775,6.2679658496479976e-09,1.7186167633448678e-09,2.8096678761357907e-08,0
1.0001172169224308,1.0921824200951997,1.2771179339303331,1.4711651344356784,1.9871050845917166,,63,TF_RANDOM_R3,CHARCOUNT,gate10_charcount_025,0.990092371643313,258.22168182257326,0.0006756759673055208,0.0001900756219825,-0.0010447779056548256,0
1.0000069688118083,1.0864064794764472,1.232540506044517,1.458239751984081,2.048540571344752,,127,TF_RANDOM_R3,CHARCOUNT,gate10_charcount_025,0.9931635904570905,353.321836808688,8.528170824895798e-13,2.1849444668644432e-13,4.831690603168681e-12,0
1.0000121147632235,1.0499096767227434,1.2162647193768232,1.4275237239247018,1.9566461981651755,,255,TF_RANDOM_R3,CHARCOUNT,gate10_charcount_025,0.9984732889375155,163.1860537991069,1.9441782662180433e-06,5.183746668351895e-07,,0
0.0,0.0,0.0,0.0,0.0,,PREFILL,TF_BASELINE,CHARCOUNT,gate10_charcount_078,1.0,0.0,0.0,0.0,0.0,0
0.0,0.0,0.0,0.0,0.0,,0,TF_BASELINE,CHARCOUNT,gate10_charcount_078,1.0,0.0,0.0,0.0,0.0,0
0.0,0.0,0.0,0.0,0.0,,1,TF_BASELINE,CHARCOUNT,gate10_charcount_078,1.0,0.0,0.0,0.0,0.0,0
0.0,0.0,0.0,0.0,0.0,,3,TF_BASELINE,CHARCOUNT,gate10_charcount_078,1.0,0.0,0.0,0.0,0.0,0
0.0,0.0,0.0,0.0,0.0,,7,TF_BASELINE,CHARCOUNT,gate10_charcount_078,0.9999999999999998,0.0,0.0,0.0,0.0,0
0.0,0.0,0.0,0.0,0.0,,15,TF_BASELINE,CHARCOUNT,gate10_charcount_078,1.0,0.0,0.0,0.0,0.0,0
0.0,0.0,0.0,0.0,0.0,,31,TF_BASELINE,CHARCOUNT,gate10_charcount_078,1.0,0.0,0.0,0.0,0.0,0
0.0,0.0,0.0,0.0,0.0,,63,TF_BASELINE,CHARCOUNT,gate10_charcount_078,0.9999999999999999,0.0,0.0,0.0,0.0,0
0.0,0.0,0.0,0.0,0.0,,127,TF_BASELINE,CHARCOUNT,gate10_charcount_078,1.0,0.0,0.0,0.0,0.0,0
1.9122481768582433,2.2623161800415437,2.8237865726917,3.425244126596358,5.492865885788654,,PREFILL,TF_TEXTUAL_CAREFUL,CHARCOUNT,gate10_charcount_078,0.8085527593805855,1039.6640958556688,4.3144056209569515,0.6511358126963519,-4.335317594779646,1
1.0396824101608861,1.1714121390282157,1.550469703571097,1.9290999202396348,2.8579756501425715,,0,TF_TEXTUAL_CAREFUL,CHARCOUNT,gate10_charcount_078,0.9085883604349835,777.665253044077,0.8852394183375869,0.09422670496713385,0.32262412982012023,0
0.723693938038482,0.8185902721481776,1.0645233990522898,1.3658719512743065,2.4477854693825623,,1,TF_TEXTUAL_CAREFUL,CHARCOUNT,gate10_charcount_078,0.9684531013155898,822.9594273183911,0.005021734669788976,0.0017187663293669595,-0.005198489397862716,0
0.7048125066686003,0.7995927449956106,1.0708727234090325,1.3418954042516946,4.115131268998949,,3,TF_TEXTUAL_CAREFUL,CHARCOUNT,gate10_charcount_078,0.9460543732219561,1411.3514249224781,5.582709506228168e-09,1.869088112276372e-09,-7.183871275628917e-09,0
0.5289995561737153,0.5791235010110234,0.7634195134293775,1.016030369953275,2.0956994735548973,,7,TF_TEXTUAL_CAREFUL,CHARCOUNT,gate10_charcount_078,0.9809293812445592,580.1967802077305,3.621058093248073e-05,9.920053280952165e-06,-1.5342584823940797e-05,0
0.7660796584351902,0.8375610559471778,1.105475582135062,1.4433405073199521,2.844540662562948,,15,TF_TEXTUAL_CAREFUL,CHARCOUNT,gate10_charcount_078,0.9241492962626986,641.1757340256283,1.175968526361448,0.21425511638507688,-2.339131816843665,1
0.30973867514416886,0.3388730638485035,0.40231367836736587,0.4787990848013463,1.3164644242336425,,31,TF_TEXTUAL_CAREFUL,CHARCOUNT,gate10_charcount_078,0.9979766804727023,122.58234640548743,6.955178822315641e-08,1.5118234845661133e-08,2.2514786479632676e-07,0
0.3663290927018762,0.4033445059985825,0.5041260932101231,0.6321500353378646,1.2120791116522485,,63,TF_TEXTUAL_CAREFUL,CHARCOUNT,gate10_charcount_078,0.9957694292375204,176.43199979211397,1.8755034514555875e-09,2.372700120246424e-10,9.065743711289542e-10,0
0.22596344376335792,0.251278074599602,0.3291857713249179,0.41201391373845037,1.0819666929395462,,127,TF_TEXTUAL_CAREFUL,CHARCOUNT,gate10_charcount_078,0.9997223877643738,98.62756189007543,9.764493930058722e-11,2.680180817836227e-11,-3.984084173680458e-10,0
1.0000046297429832,1.2200358441055923,1.7954912173851114,2.346330698163161,3.7305450034121272,0.46763901466204166,PREFILL,TF_MEANINGFUL_L27_D75,CHARCOUNT,gate10_charcount_078,0.7695418205357762,1089.9685590532597,0.14729334422693124,0.04893967602594475,-0.15541280539264335,0
1.0001232205324153,1.0983253606126089,1.2859792622672996,1.472122593274748,2.997369493953226,0.8880327744614877,0,TF_MEANINGFUL_L27_D75,CHARCOUNT,gate10_charcount_078,0.9360795216100315,720.8357049199699,0.1784166217105362,0.03672178401558082,0.19981698179446994,0
1.0002041523137633,1.086299973875945,1.2413245671412945,1.4339904695364638,2.947195220151698,0.9480657088799525,1,TF_MEANINGFUL_L27_D75,CHARCOUNT,gate10_charcount_078,0.9802900938276021,688.6243964311466,9.344177422797263e-05,2.872753566213808e-05,-0.00015120164519544232,0
1.0000992060924776,1.1121963506212287,1.2757155842007317,1.4652263946266997,4.140009916898437,0.968636117069646,3,TF_MEANINGFUL_L27_D75,CHARCOUNT,gate10_charcount_078,0.9686681066843178,1260.0078691068654,3.2664607257808087e-06,1.1284192911001297e-06,-3.295898842736733e-06,0
1.000293816618725,1.0777486501272635,1.2635901632873148,1.4760182344339725,2.8840924451401393,0.8725436533829973,7,TF_MEANINGFUL_L27_D75,CHARCOUNT,gate10_charcount_078,0.973326370668237,670.9929925432026,0.0007312072306346896,0.0002410868225761494,-0.0008688055448686782,0
1.0002920233326258,1.099268239256002,1.3196318352986562,1.5611840422312988,3.368508296926691,0.901345487240694,15,TF_MEANINGFUL_L27_D75,CHARCOUNT,gate10_charcount_078,0.8730767567866832,755.1057155972309,0.0354709447061313,0.008755955060651525,0.07744638381867475,0
1.000141933083016,1.0828534339311373,1.2265335433948064,1.4470906583982561,3.0674607828624634,-0.31695327531256534,31,TF_MEANINGFUL_L27_D75,CHARCOUNT,gate10_charcount_078,0.9901745954090531,290.8347169741972,2.7524000521620276e-07,7.303680509410634e-08,-5.407017340530729e-07,0
1.0002250479952675,1.1151102845945635,1.3368979057379315,1.568519985818464,3.2933752231339355,-0.40566552658455923,63,TF_MEANINGFUL_L27_D75,CHARCOUNT,gate10_charcount_078,0.9489451688740771,638.1993771772948,1.6887318613496178e-06,5.844610523818213e-07,-1.6952808223891225e-06,0
1.0000063450601215,1.096473052010021,1.2836483022141378,1.631173035863919,5.947697506951326,-0.3045188106240499,127,TF_MEANINGFUL_L27_D75,CHARCOUNT,gate10_charcount_078,0.9946542660727833,591.6439909930511,2.421573367971898e-09,7.517632001916063e-10,-3.923069868960738e-09,0
1.000089459972373,1.1362634196073713,1.4110948841868864,1.7060974647174763,2.1704947858093098,,PREFILL,TF_RANDOM_R0,CHARCOUNT,gate10_charcount_078,0.9683240773414091,443.24691582540214,0.008451671430124498,0.0026385881922317564,-0.012396902050220149,0
1.0000200675972288,1.042356199734845,1.1674085108582328,1.2893939908760859,1.541597771455457,,0,TF_RANDOM_R0,CHARCOUNT,gate10_charcount_078,0.9921724119464038,233.5303732661178,0.031482010911437354,0.0070332005217324045,0.12550080404453468,0
1.0000938262341799,1.048683926689436,1.1789119733710587,1.3652708105862585,1.6739362040000354,,1,TF_RANDOM_R0,CHARCOUNT,gate10_charcount_078,0.9960715353959521,186.04677566072226,1.0573487405661955e-08,2.9404478629145267e-09,-4.078279403074703e-08,0
1.0000563231640176,1.0808398075485792,1.218364735367988,1.4001728362150168,1.6703268648650018,,3,TF_RANDOM_R0,CHARCOUNT,gate10_charcount_078,0.9959377607558288,284.1621332362999,5.554082931137892e-09,1.6201348904379706e-09,-1.0766370905912481e-08,0
1.0001421669898984,1.0482112788488465,1.175581295302054,1.3420291989884898,1.7127256060781695,,7,TF_RANDOM_R0,CHARCOUNT,gate10_charcount_078,0.9917634573489356,331.84094103198146,8.694830146483154e-05,2.581601609166418e-05,-0.00013578217942722404,0
1.0000862632449787,1.0367834462280319,1.1627920466560768,1.3280570052687044,1.6888624259246137,,15,TF_RANDOM_R0,CHARCOUNT,gate10_charcount_078,0.9851206213095737,342.8156648061107,0.08181061239509485,0.020010165813785265,-0.2731110555459608,0
0.9998752792369558,1.03500068593851,1.1408517370146656,1.270123026577866,1.996415981956865,,31,TF_RANDOM_R0,CHARCOUNT,gate10_charcount_078,0.9959599600494068,171.42616875670112,3.3616004996242036e-07,9.480416414818094e-08,-9.632543864768195e-07,0
1.0000772188455218,1.0697576113311518,1.238880162250116,1.4368392994275003,1.8568066319384589,,63,TF_RANDOM_R0,CHARCOUNT,gate10_charcount_078,0.986197447855144,286.2138944394916,6.25757804076731e-10,1.5524746516361763e-10,-4.764899586007232e-10,0
1.0001788903704523,1.0490694052318108,1.1956944023462666,1.3706107487760146,2.580646761778509,,127,TF_RANDOM_R0,CHARCOUNT,gate10_charcount_078,0.998346908776409,226.54978540907953,5.328613263541585e-09,1.6803088035986877e-09,-7.700748483330244e-09,0
0.9998644415513995,1.1199492722109463,1.3763594002584745,1.703740618969317,2.343463623535289,,PREFILL,TF_RANDOM_R1,CHARCOUNT,gate10_charcount_078,0.9698588983529023,415.9796075951692,0.0005616975395672108,0.0001615530258439279,-0.0016499746133433746,0
1.00005375018831,1.0618308969277301,1.1658446874107393,1.2848815372676854,1.5285814771955246,,0,TF_RANDOM_R1,CHARCOUNT,gate10_charcount_078,0.9916981214280551,225.45846787330217,0.028775845034648452,0.007378147066178724,-0.17561056681482512,0
1.0001169050465875,1.0441500316168058,1.1231532507185922,1.2771268223918686,1.4985392568956926,,1,TF_RANDOM_R1,CHARCOUNT,gate10_charcount_078,0.9965001219398294,199.26509409587018,4.394716060203056e-05,1.2939530381006232e-05,-8.799532118786146e-05,0
1.0000164030560694,1.054773146592829,1.1753668806597541,1.3368877697730228,1.585884297148393,,3,TF_RANDOM_R1,CHARCOUNT,gate10_charcount_078,0.995818139549352,284.1599844267122,1.0198532385962057e-09,2.246497181396174e-10,2.1572006403403066e-09,0
0.9999782762342205,1.045399172338364,1.1400756339785012,1.31126093172535,1.6625037712105315,,7,TF_RANDOM_R1,CHARCOUNT,gate10_charcount_078,0.9921694783305218,287.23488029733574,1.2806681026915866e-05,2.7155273001237456e-06,2.7044722592961534e-05,0
1.0000919549791198,1.0535653294205138,1.1740247229679182,1.364601992840205,1.6580731070420482,,15,TF_RANDOM_R1,CHARCOUNT,gate10_charcount_078,0.9887549334021788,218.13775183406688,0.05391224573819009,0.013479546271467574,-0.19772588696972093,0
0.9999634621316617,1.0301310565205184,1.1152696531505129,1.2616585602515564,2.1057378213246483,,31,TF_RANDOM_R1,CHARCOUNT,gate10_charcount_078,0.9952965376601698,182.2875053307392,1.1701173889043712e-07,3.097697506104721e-08,-9.85292842869967e-08,0
1.0001806056875908,1.0688884913247096,1.224731992585723,1.4138712029443452,1.8242135791159066,,63,TF_RANDOM_R1,CHARCOUNT,gate10_charcount_078,0.9831383555157825,320.7269296205638,3.5747824315191223e-10,1.0219424889753466e-10,-8.465050882477954e-10,0
1.0001365532247182,1.0308005759872196,1.1838833522829415,1.4094551969404991,2.556802761989319,,127,TF_RANDOM_R1,CHARCOUNT,gate10_charcount_078,0.9978251268289071,264.8684507016837,3.5347772984484353e-10,6.57274103482844e-11,5.0792436923075e-10,0
0.999966658859056,1.1290446633683433,1.372471867871177,1.6388918070487901,2.1062634880586066,,PREFILL,TF_RANDOM_R2,CHARCOUNT,gate10_charcount_078,0.9753848216934256,381.4008248910606,0.010752191857321918,0.003448536856841178,-0.014580004032872296,0
0.9998288097362974,1.0626338992553832,1.1880680243799862,1.283913942463707,1.5116611211285973,,0,TF_RANDOM_R2,CHARCOUNT,gate10_charcount_078,0.9918352450512349,230.32194469156212,0.025907140228001654,0.006260444186062715,0.09911910526138712,0
1.000113786288154,1.0490868702790381,1.1592567780338376,1.3239742386034727,1.5656094045104452,,1,TF_RANDOM_R2,CHARCOUNT,gate10_charcount_078,0.9962740962264602,214.27524764681488,7.006874430169345e-05,2.1134469368131707e-05,-0.00012306793620098233,0
0.9999222165513793,1.0786215126438259,1.234161714647186,1.4277465592147718,1.7357935028311953,,3,TF_RANDOM_R2,CHARCOUNT,gate10_charcount_078,0.9959680136473452,268.78108589194204,1.5228698265814732e-10,3.954629803408574e-11,-1.2102816526748938e-09,0
0.9998578921586894,1.028530587661432,1.1277542770665026,1.2661947943930119,1.8190341010475517,,7,TF_RANDOM_R2,CHARCOUNT,gate10_charcount_078,0.9919587092052888,294.3760938899557,5.0884046902394934e-05,1.5369063209054108e-05,-9.68807490480117e-05,0
0.9999495056876719,1.0435400024672226,1.1541197930491385,1.3206566593198885,1.6690919924632766,,15,TF_RANDOM_R2,CHARCOUNT,gate10_charcount_078,0.9839847341997346,271.44025545850235,0.028167916186668456,0.007238301095242455,-0.1285809830404716,0
0.9999074024488204,1.026758275212662,1.1131027397909505,1.2286238912348273,2.139960737304522,,31,TF_RANDOM_R2,CHARCOUNT,gate10_charcount_078,0.9951819814275077,184.45075452103455,1.5664315896324576e-07,4.2819593340904683e-08,-5.938630778246079e-07,0
0.9999166027861991,1.061687512008752,1.1988478569672905,1.3711357917582863,1.8646411090612112,,63,TF_RANDOM_R2,CHARCOUNT,gate10_charcount_078,0.9872924783910032,294.58505936924183,1.1166032746383383e-09,3.282749054298912e-10,-1.6462990970467217e-09,0
0.9998978902355984,1.0276192864471774,1.1815095093013197,1.3898394538974612,2.3310292895990385,,127,TF_RANDOM_R2,CHARCOUNT,gate10_charcount_078,0.9984982454462383,235.92112211773366,1.0733526949599042e-09,3.19290332046606e-10,-2.2367458996086498e-09,0
0.999928532037207,1.1362603788178989,1.4166330194750882,1.6922634319962928,2.4604803755859277,,PREFILL,TF_RANDOM_R3,CHARCOUNT,gate10_charcount_078,0.9687625219673749,460.4935964512498,0.005900637647524347,0.0018107106343672524,-0.009424540412439342,0
1.000138112603935,1.0660567366360965,1.2091082603375032,1.325382358036176,1.6217258487552286,,0,TF_RANDOM_R3,CHARCOUNT,gate10_charcount_078,0.9924248363857938,211.78405476907383,0.014206590957131008,0.0032784179698196188,-0.06797741760525611,0
0.9999356272126431,1.053079037011778,1.153022691801211,1.3248231646490582,1.6282774245963807,,1,TF_RANDOM_R3,CHARCOUNT,gate10_charcount_078,0.9952291553887244,224.46858289131356,2.890967913337046e-06,7.603429529417004e-07,-1.6033945520632642e-05,0
1.0000705914838508,1.0678380934843232,1.1963894176631613,1.3898912252874565,1.7115651160650822,,3,TF_RANDOM_R3,CHARCOUNT,gate10_charcount_078,0.9955859693501321,277.76279120619995,1.4079828174560445e-10,3.352135678583931e-11,1.019053286199778e-09,0
0.9998475222868981,1.0434809799638693,1.149703475169449,1.2964669451583501,1.6674087985367427,,7,TF_RANDOM_R3,CHARCOUNT,gate10_charcount_078,0.9936477948302419,247.3352353953419,4.281634808546707e-05,1.2693167525084171e-05,-8.881216507461431e-05,0
0.9999505192841629,1.047524294334918,1.1921671645269936,1.3579273819788533,1.691385189621433,,15,TF_RANDOM_R3,CHARCOUNT,gate10_charcount_078,0.9875816749251202,231.06186374817838,0.02058661443796736,0.005121947990081501,-0.07878022038038068,0
1.00009569748924,1.0492530221345802,1.15762543346626,1.284844579980249,2.1367866209088766,,31,TF_RANDOM_R3,CHARCOUNT,gate10_charcount_078,0.9948936719984885,191.34735482559557,2.466006768399042e-07,6.840291627374527e-08,-8.161673079598586e-07,0
0.9999948836228787,1.0699994710476661,1.2222819739293642,1.3906900952601853,2.0434714973249415,,63,TF_RANDOM_R3,CHARCOUNT,gate10_charcount_078,0.9857826611065785,290.93779563559644,4.661817898256818e-10,1.2564146220310698e-10,-4.559694843919715e-10,0
0.9999505192841629,1.0453490382965462,1.1865849767759191,1.3831077697567773,2.645038051836848,,127,TF_RANDOM_R3,CHARCOUNT,gate10_charcount_078,0.9973000898554187,393.45795585523757,2.62068493890246e-09,8.014121978482759e-10,-4.445638523975504e-09,0
0.0,0.0,0.0,0.0,0.0,,PREFILL,TF_BASELINE,CHARCOUNT,gate10_charcount_056,0.9999999999999999,0.0,0.0,0.0,0.0,0
0.0,0.0,0.0,0.0,0.0,,0,TF_BASELINE,CHARCOUNT,gate10_charcount_056,1.0,0.0,0.0,0.0,0.0,0
0.0,0.0,0.0,0.0,0.0,,1,TF_BASELINE,CHARCOUNT,gate10_charcount_056,1.0000000000000002,0.0,0.0,0.0,0.0,0
0.0,0.0,0.0,0.0,0.0,,3,TF_BASELINE,CHARCOUNT,gate10_charcount_056,0.9999999999999999,0.0,0.0,0.0,0.0,0
0.0,0.0,0.0,0.0,0.0,,7,TF_BASELINE,CHARCOUNT,gate10_charcount_056,0.9999999999999998,0.0,0.0,0.0,0.0,0
0.0,0.0,0.0,0.0,0.0,,15,TF_BASELINE,CHARCOUNT,gate10_charcount_056,1.0000000000000002,0.0,0.0,0.0,0.0,0
0.0,0.0,0.0,0.0,0.0,,31,TF_BASELINE,CHARCOUNT,gate10_charcount_056,1.0,0.0,0.0,0.0,0.0,0
0.0,0.0,0.0,0.0,0.0,,63,TF_BASELINE,CHARCOUNT,gate10_charcount_056,1.0,0.0,0.0,0.0,0.0,0
0.0,0.0,0.0,0.0,0.0,,127,TF_BASELINE,CHARCOUNT,gate10_charcount_056,1.0000000000000002,0.0,0.0,0.0,0.0,0
0.0,0.0,0.0,0.0,0.0,,255,TF_BASELINE,CHARCOUNT,gate10_charcount_056,1.0,0.0,0.0,0.0,,0
1.865377603865271,2.205517819265286,2.8044175234407485,3.4277753109409472,5.2998010162208855,,PREFILL,TF_TEXTUAL_CAREFUL,CHARCOUNT,gate10_charcount_056,0.7521541269150903,1236.9258418121872,5.97791442387994,0.6798788874506282,-5.991806776850879,1
1.00685966077971,1.1363119163010116,1.519951248858477,1.8920052514942383,2.8229095778202136,,0,TF_TEXTUAL_CAREFUL,CHARCOUNT,gate10_charcount_056,0.9107592875776276,746.8555161320629,0.5272228172349199,0.059352027494961504,0.1996936666061302,0
0.7128238173945294,0.8032962706353346,1.0611346341074621,1.3971192598328244,2.4454864766033433,,1,TF_TEXTUAL_CAREFUL,CHARCOUNT,gate10_charcount_056,0.9642308151020104,803.9945596470008,0.00829951647437538,0.0028423191002658575,-0.008563097202113568,0
0.6973113468534231,0.7954810518459088,1.076854424115432,1.3519664989849969,3.9025158384394016,,3,TF_TEXTUAL_CAREFUL,CHARCOUNT,gate10_charcount_056,0.9530939155789757,1272.6614311100739,9.860689897396643e-09,3.309618467180032e-09,-1.1316956260998268e-08,0
0.5342582117217994,0.5739106522274305,0.769579373211288,1.0342616181587427,2.1791320313528324,,7,TF_TEXTUAL_CAREFUL,CHARCOUNT,gate10_charcount_056,0.9810789522967788,592.0138150594951,3.240962263814193e-05,9.87938781106431e-06,-3.052330844610651e-05,0
0.7950576024196069,0.8703881715901606,1.154913439101491,1.5083965607383816,2.9601848490270246,,15,TF_TEXTUAL_CAREFUL,CHARCOUNT,gate10_charcount_056,0.9104669367766994,685.6298856023302,1.08363490479338,0.2687890701264388,-1.4231333379842184,1
0.3303233384635194,0.3592707965842491,0.4605827286673982,0.5534236840160078,1.1410574191333518,,31,TF_TEXTUAL_CAREFUL,CHARCOUNT,gate10_charcount_056,0.9980968485412455,219.11083778876346,2.350871558615506e-11,4.793850349258405e-12,5.3155702062213095e-11,0
0.5145970517590743,0.6116608450110581,0.8689926831291126,1.1324197837450247,2.3568769357437995,,63,TF_TEXTUAL_CAREFUL,CHARCOUNT,gate10_charcount_056,0.9441884301050762,511.40615399274736,0.11681755318556854,0.025646030435396337,0.21174006356778108,0
0.40368024034394356,0.4493621375444864,0.5570955152731518,0.7057753453659678,1.4597677876785506,,127,TF_TEXTUAL_CAREFUL,CHARCOUNT,gate10_charcount_056,0.9897683872803956,451.6099004701958,9.856313143396411e-11,1.171650710162758e-11,4.177991286269389e-11,0
0.27075744993013723,0.3132977048072229,0.4247334581334398,0.6473904721746131,1.2741286819408306,,255,TF_TEXTUAL_CAREFUL,CHARCOUNT,gate10_charcount_056,0.9973091787552293,195.96195528641502,1.7986795840675582e-12,1.8880171010061652e-13,,0
0.9998723943854049,1.2231064177212472,1.8423786316736246,2.4068650196668506,3.9252684287148054,0.723429985933254,PREFILL,TF_MEANINGFUL_L27_D75,CHARCOUNT,gate10_charcount_056,0.746518153763756,1231.6828056281495,0.11854063547213298,0.03843743219866573,-0.11941625428997327,0
1.0003222752894303,1.0987951236016475,1.2861156299798022,1.469312591926208,2.92476947576012,0.8766187879087777,0,TF_MEANINGFUL_L27_D75,CHARCOUNT,gate10_charcount_056,0.9368417227911506,693.7535684698479,0.10654765121647185,0.023236881053438203,0.09715347796313267,0
1.000199552145074,1.0888897129101223,1.2449108274639207,1.4377961345148833,2.7912198733779108,0.9427520107772089,1,TF_MEANINGFUL_L27_D75,CHARCOUNT,gate10_charcount_056,0.9794133190775856,645.0504949855308,6.893647922981068e-05,2.0551000009987434e-05,-0.00013356112690843247,0
1.0000812732314852,1.1131035974495198,1.2817722910474558,1.4610917006335509,3.9101935979508733,0.9620050862225903,3,TF_MEANINGFUL_L27_D75,CHARCOUNT,gate10_charcount_056,0.969852984024793,1167.3557434122429,2.3084639719103176e-06,7.971729998138745e-07,-2.3318561872542887e-06,0
1.0002368213083537,1.0803165578524068,1.2660454058640496,1.475228876674466,3.2258500486637423,0.886950573758044,7,TF_MEANINGFUL_L27_D75,CHARCOUNT,gate10_charcount_056,0.9672388637891509,771.0002659586272,0.00047522908095647983,0.00015697097627060858,-0.0005608581596661111,0
1.0003050441490855,1.1015471160433252,1.3228826731517647,1.564915480759002,3.465342003775247,0.9074161353954399,15,TF_MEANINGFUL_L27_D75,CHARCOUNT,gate10_charcount_056,0.8621129726091833,789.1154399900312,0.016215976274768597,0.0045001067758115125,-0.057210534693911796,0
1.000253428697012,1.068733489030567,1.2219240184301647,1.4188518601625675,2.952897558071421,-0.5974538005600696,31,TF_MEANINGFUL_L27_D75,CHARCOUNT,gate10_charcount_056,0.986596045061884,649.409903071269,2.905417581095331e-09,9.69929472051942e-10,-3.308244345134881e-09,0
1.000172418946703,1.099465968540683,1.3130122705236549,1.5242680783441391,3.0955330393978056,0.9276729496880817,63,TF_MEANINGFUL_L27_D75,CHARCOUNT,gate10_charcount_056,0.8971556648142583,641.3138828738983,0.07404211775297763,0.018746922697821983,-0.3479429876393638,1
1.0000306713759026,1.2168935390459679,1.6033290724459053,2.0543422417205806,4.960696852372464,-0.8410411231743745,127,TF_MEANINGFUL_L27_D75,CHARCOUNT,gate10_charcount_056,0.7142027012946147,1477.1849350637608,4.0474349334429526e-07,1.4024307752769584e-07,-4.050382358400384e-07,0
0.999968062300351,1.1066035590914804,1.4535390033352609,1.7771981397937002,4.02469943758674,-0.4368097654638875,255,TF_MEANINGFUL_L27_D75,CHARCOUNT,gate10_charcount_056,0.9521200842968794,1042.8850668714265,1.6693889583953681e-09,5.758865372579886e-10,,0
1.0001349938455015,1.1321810427869439,1.3904836334518906,1.674416960612552,2.191828340997493,,PREFILL,TF_RANDOM_R0,CHARCOUNT,gate10_charcount_056,0.9738180342756775,429.1327524700669,0.0035998962150090535,0.0011035122502094578,-0.005673835413631423,0
0.9999317287646013,1.042685852501261,1.1702242039409139,1.2913601341614946,1.534099808367674,,0,TF_RANDOM_R0,CHARCOUNT,gate10_charcount_056,0.9920563625918402,230.2394743605071,0.01223258481086212,0.002448275104957546,0.04802018447772127,0
0.9999699335554111,1.0485085744965152,1.180289217095271,1.362514451882774,1.6287296445692312,,1,TF_RANDOM_R0,CHARCOUNT,gate10_charcount_056,0.99560963688683,202.99826672046217,1.1139220769819942e-08,3.0693263563817893e-09,-4.554377142085286e-08,0
1.000125715539162,1.0837124179726707,1.2250253118163892,1.400690394177048,1.6862919452237628,,3,TF_RANDOM_R0,CHARCOUNT,gate10_charcount_056,0.9949901535366804,313.25944085168874,2.8004815406567666e-09,7.599592081691131e-10,-5.613486564470804e-09,0
1.0001759275499407,1.0512840355954047,1.1738767378802508,1.3437410854926113,1.711852353716803,,7,TF_RANDOM_R0,CHARCOUNT,gate10_charcount_056,0.9919518398469125,304.7787015814017,4.320050140570318e-05,1.253210574279523e-05,-6.4784768326831e-05,0
1.000059441922451,1.0362991810122777,1.1644004683491687,1.33378008293201,1.7241532047921018,,15,TF_RANDOM_R0,CHARCOUNT,gate10_charcount_056,0.9855147095779526,347.6276744714942,0.020230011629346113,0.0046951125271138035,-0.006057076239365244,0
1.000094216078984,1.0338853399537469,1.1318959102971655,1.2539505487832805,1.912668897370916,,31,TF_RANDOM_R0,CHARCOUNT,gate10_charcount_056,0.995438264714151,267.3374239980196,3.6761848294989394e-11,1.0432309071535563e-11,-8.29984969641373e-11,0
0.9999873986026384,1.0642207235463235,1.2419055918374466,1.4503839113660595,1.8077919125224884,,63,TF_RANDOM_R0,CHARCOUNT,gate10_charcount_056,0.9839651907435211,291.8735874219966,0.06305523219412588,0.01594000806331677,-0.31824152874999356,1
1.0001398279210734,1.0716144421334681,1.2657963730031385,1.4966637915117362,2.380267000243001,,127,TF_RANDOM_R0,CHARCOUNT,gate10_charcount_056,0.9813383133455919,460.2177688915378,2.209454712520272e-10,7.0924531875826e-11,-3.0105695714155445e-10,0
1.0001911314973035,1.07993926605092,1.3640006962142355,1.6743729861186405,3.041192728080873,,255,TF_RANDOM_R0,CHARCOUNT,gate10_charcount_056,0.9820016005046236,657.0484687620294,7.64669940481497e-11,2.534445331185621e-11,,0
0.9998873644258854,1.1159652922190941,1.364797227118139,1.689099919379321,2.27732239811994,,PREFILL,TF_RANDOM_R1,CHARCOUNT,gate10_charcount_056,0.9704692898256547,448.75265443485995,0.0015985022088792435,0.00046340206841038003,-0.0026450871483802985,0
0.999962838379975,1.0618853192623938,1.1655606464864128,1.2822139072416325,1.5457178072839683,,0,TF_RANDOM_R1,CHARCOUNT,gate10_charcount_056,0.9925504463441425,204.63260613112385,0.025238518168540298,0.006599335026293292,-0.1298445399374799,0
0.9999042057214261,1.0448611865085935,1.1264260758186564,1.275448306602985,1.5084565968382255,,1,TF_RANDOM_R1,CHARCOUNT,gate10_charcount_056,0.9965523766807957,166.86412747215942,3.7055377420660016e-05,1.0625139756577924e-05,-8.832830209115627e-05,0
0.9999665808900952,1.0569830208498119,1.1831122392602706,1.3575718435174398,1.5971932271039324,,3,TF_RANDOM_R1,CHARCOUNT,gate10_charcount_056,0.9957353175038502,268.6206723596565,7.983091677718613e-10,1.7570575682326682e-10,1.6142962522280868e-09,0
1.0000991281235168,1.0462032662314686,1.1414829737215961,1.3166091346249549,1.675602868506872,,7,TF_RANDOM_R1,CHARCOUNT,gate10_charcount_056,0.9920241092845773,299.3397667028654,5.1761183316187304e-06,1.136094752881355e-06,1.3753117436010598e-05,0
1.0000383123340646,1.0538756458846423,1.1699596552567963,1.3673198348770363,1.6704884165518545,,15,TF_RANDOM_R1,CHARCOUNT,gate10_charcount_056,0.9883829025338869,225.42611226217426,0.03382028649875032,0.009150437284231195,-0.09770601640524745,0
1.000115735512175,1.030296584624374,1.1526313655867735,1.3090211953563669,1.9796197524755892,,31,TF_RANDOM_R1,CHARCOUNT,gate10_charcount_056,0.9938254599350839,356.0172399545609,1.4254845783300044e-10,4.351944303231703e-11,-2.4999735614983365e-10,0
1.000013362266597,1.0645654243221807,1.2273512038870966,1.455718391728557,1.8093901202817106,,63,TF_RANDOM_R1,CHARCOUNT,gate10_charcount_056,0.9870445409101235,219.30143092018938,0.2580934080952913,0.06343231280861411,-0.7357391418308339,1
1.0001932366592463,1.0692919027280767,1.3024826403316745,1.5981896704234202,2.6072619343737427,,127,TF_RANDOM_R1,CHARCOUNT,gate10_charcount_056,0.975465998458592,517.4619815704212,8.37848038683047e-11,2.6450122378191095e-11,-1.3292122957864194e-10,0
1.0000162471181477,1.0557232763495799,1.2893811259975478,1.57092220950183,2.626022981668093,,255,TF_RANDOM_R1,CHARCOUNT,gate10_charcount_056,0.9909215499202318,331.31850943723146,6.121293009490216e-13,1.570051251328784e-13,,0
1.0000749577456576,1.1256957405625028,1.3514414560027252,1.6098951505137729,2.0764547068275183,,PREFILL,TF_RANDOM_R2,CHARCOUNT,gate10_charcount_056,0.9768532745219871,402.72455117073815,0.008610583729533303,0.0027771929850245436,-0.011517651361799608,0
1.0000188980628162,1.0622654179464708,1.1863255740432168,1.2823654009325374,1.4946500091912565,,0,TF_RANDOM_R2,CHARCOUNT,gate10_charcount_056,0.9921596001079647,213.08663215797574,0.00650898478623512,0.0016325433118371717,0.0346799113699916,0
0.9999746116930612,1.0490386854612412,1.157364783230184,1.311468641037018,1.5263457952125046,,1,TF_RANDOM_R2,CHARCOUNT,gate10_charcount_056,0.9960995322858321,193.0423906805003,0.00010193490245587329,3.0746267766977895e-05,-0.00017906570670334077,0
0.9999035819697394,1.0802551183112679,1.2346027850586367,1.4271131393769378,1.736586135287057,,3,TF_RANDOM_R2,CHARCOUNT,gate10_charcount_056,0.9958351335475808,261.68884582208545,2.980114934984782e-11,6.813390341562088e-12,1.0946621387120103e-10,0
1.000048058454169,1.0316774928897454,1.1265675894825742,1.2664611363632288,2.060239657980316,,7,TF_RANDOM_R2,CHARCOUNT,gate10_charcount_056,0.990791896022143,355.2429732049746,3.328028036783188e-05,1.0021281407212707e-05,-6.312452531176405e-05,0
0.9999262709373428,1.04481424919417,1.1583152248627786,1.3226021408306756,1.6972252207259928,,15,TF_RANDOM_R2,CHARCOUNT,gate10_charcount_056,0.9839894465051978,277.11087998088607,0.0062230659945005625,0.0016482089160385887,-0.017503197314518104,0
0.9998893916188671,1.0323191774374283,1.14019578414715,1.2604034938889745,1.8656310029879888,,31,TF_RANDOM_R2,CHARCOUNT,gate10_charcount_056,0.9952735961318788,270.9442273864447,4.3649932102332315e-11,1.2018926345612489e-11,-1.0052758625533897e-10,0
1.0000549976916835,1.0779697701001953,1.2395574006439398,1.4398158424763867,1.7782895493074866,,63,TF_RANDOM_R2,CHARCOUNT,gate10_charcount_056,0.9865606833372427,233.30098399667065,0.014240175715693778,0.0037360996044425816,-0.11856149388667347,0
0.9999732082517662,1.067035169125631,1.2685077436162204,1.5081492431946089,2.2395138455691264,,127,TF_RANDOM_R2,CHARCOUNT,gate10_charcount_056,0.9853171573900343,365.8050197475776,3.991756324312505e-11,1.1348391417419123e-11,-6.712497224725666e-11,0
0.9998687298442456,1.0558614373481818,1.268741884405612,1.5316969609326212,2.402824979992157,,255,TF_RANDOM_R2,CHARCOUNT,gate10_charcount_056,0.9890438265973804,472.625629532448,7.350568098738073e-11,2.4454653781948685e-11,,0
1.0000707474217725,1.1319015240623458,1.3936903408731658,1.6666473536652155,2.328757897831956,,PREFILL,TF_RANDOM_R3,CHARCOUNT,gate10_charcount_056,0.9726244550940119,441.3211280297927,0.0055192074010787864,0.0017235840517569158,-0.008173254009577136,0
1.0000573367605086,1.0659910867710722,1.2071134244745068,1.3193325904269666,1.6199913512524644,,0,TF_RANDOM_R3,CHARCOUNT,gate10_charcount_056,0.9923389001706897,210.99512857312345,0.008712950858846177,0.0021278366492434152,-0.049270539872750874,0
0.9999000733665018,1.053886327632277,1.1529596928808552,1.3154461496051206,1.627864812855635,,1,TF_RANDOM_R3,CHARCOUNT,gate10_charcount_056,0.995185818491544,206.2693963995233,7.211522587005761e-08,1.230867595147306e-08,6.144730946289201e-08,0
0.9998161787646419,1.0689158584299632,1.1993412445514624,1.3960180262299724,1.698087713370764,,3,TF_RANDOM_R3,CHARCOUNT,gate10_charcount_056,0.9955161445008794,267.982806329531,1.610709310336851e-10,3.7184237381444e-11,9.008118695419398e-10,0
1.000167662840092,1.0452806595178927,1.1522007430160748,1.302054200891879,1.6899436994734915,,7,TF_RANDOM_R3,CHARCOUNT,gate10_charcount_056,0.9931803835674154,267.2398667884619,1.989956699552873e-05,5.832794907349769e-06,-4.3739784118201896e-05,0
0.9998319284947308,1.0474520171082227,1.1914118012344115,1.359667805122641,1.6947924332099789,,15,TF_RANDOM_R3,CHARCOUNT,gate10_charcount_056,0.9873505751337097,236.29589809483002,0.019420480801219102,0.004997662821017417,-0.021965064840181014,0
1.0000280204312342,1.0405451367125396,1.1575942458819253,1.306712612394965,1.8621429835560164,,31,TF_RANDOM_R3,CHARCOUNT,gate10_charcount_056,0.9947442276016463,324.0288013483312,6.59129673214301e-10,2.100684466307507e-10,-9.065104222827358e-10,0
0.9998178161128195,1.0737295841030352,1.2488758609982895,1.446864080598066,1.8195137660946166,,63,TF_RANDOM_R3,CHARCOUNT,gate10_charcount_056,0.9859125930501934,227.95497004810443,0.03032459818542565,0.007243248413498011,0.15554549661682415,0
0.9998663128064597,1.084676738080294,1.3163934724792816,1.5624781710432596,2.5225700219203793,,127,TF_RANDOM_R3,CHARCOUNT,gate10_charcount_056,0.9811117367463644,412.4646906611295,1.989923955167294e-11,5.632376801203756e-12,-4.701661282524583e-11,0
1.000114254101919,1.0815663223256518,1.315167800414935,1.561891220706084,2.6680270440015077,,255,TF_RANDOM_R3,CHARCOUNT,gate10_charcount_056,0.9903014166248434,384.106749188288,1.2999980410363709e-11,4.034643528480788e-12,,0
0.0,0.0,0.0,0.0,0.0,,PREFILL,TF_BASELINE,CHARCOUNT,gate10_charcount_067,0.9999999999999999,0.0,0.0,0.0,0.0,0
0.0,0.0,0.0,0.0,0.0,,0,TF_BASELINE,CHARCOUNT,gate10_charcount_067,1.0000000000000002,0.0,0.0,0.0,0.0,0
0.0,0.0,0.0,0.0,0.0,,1,TF_BASELINE,CHARCOUNT,gate10_charcount_067,1.0000000000000002,0.0,0.0,0.0,0.0,0
0.0,0.0,0.0,0.0,0.0,,3,TF_BASELINE,CHARCOUNT,gate10_charcount_067,1.0,0.0,0.0,0.0,0.0,0
0.0,0.0,0.0,0.0,0.0,,7,TF_BASELINE,CHARCOUNT,gate10_charcount_067,1.0,0.0,0.0,0.0,0.0,0
0.0,0.0,0.0,0.0,0.0,,15,TF_BASELINE,CHARCOUNT,gate10_charcount_067,1.0,0.0,0.0,0.0,0.0,0
0.0,0.0,0.0,0.0,0.0,,31,TF_BASELINE,CHARCOUNT,gate10_charcount_067,0.9999999999999999,0.0,0.0,0.0,0.0,0
0.0,0.0,0.0,0.0,0.0,,63,TF_BASELINE,CHARCOUNT,gate10_charcount_067,1.0000000000000002,0.0,0.0,0.0,0.0,0
0.0,0.0,0.0,0.0,0.0,,127,TF_BASELINE,CHARCOUNT,gate10_charcount_067,0.9999999999999999,0.0,0.0,0.0,0.0,0
1.8369371778968597,2.1760904621906088,2.76249143006817,3.3862010135196625,5.511910896038371,,PREFILL,TF_TEXTUAL_CAREFUL,CHARCOUNT,gate10_charcount_067,0.791605376619684,1083.439917730012,5.757906024078861,0.6785547941276201,-5.771219134188058,1
1.0031336800792654,1.130628446869811,1.5104959529778597,1.8805592521055488,2.6764832456179684,,0,TF_TEXTUAL_CAREFUL,CHARCOUNT,gate10_charcount_067,0.917569020377986,712.2160189468675,0.8197971335174351,0.09223360884692916,0.3192766428968312,0
0.7183253072711383,0.812338564930402,1.083679437102237,1.4440908805990407,2.239736836797118,,1,TF_TEXTUAL_CAREFUL,CHARCOUNT,gate10_charcount_067,0.9769608750731664,679.9632799290183,0.0050428516609661855,0.001727854974368621,-0.005202556727979868,0
0.6834402788758424,0.7779930817440932,1.0484270189634806,1.3110602396201574,3.186507846653279,,3,TF_TEXTUAL_CAREFUL,CHARCOUNT,gate10_charcount_067,0.968082985189523,1112.0649110714162,3.0073046729804695e-09,8.333265273164231e-10,1.5702994460298214e-11,0
0.5068192580708499,0.5483085303403428,0.7293261038934525,0.9908676811294606,1.7970417081403018,,7,TF_TEXTUAL_CAREFUL,CHARCOUNT,gate10_charcount_067,0.988082146793471,424.7426513321184,1.536761097530311e-05,3.9593700352429295e-06,-1.605152678507693e-05,0
0.7279054314580544,0.7974316013391503,1.0628561887627275,1.3740696078166343,2.5100315214524516,,15,TF_TEXTUAL_CAREFUL,CHARCOUNT,gate10_charcount_067,0.9445169895515931,556.3534745006386,0.3848932297967823,0.06335416049157513,0.033572294394559776,0
0.2490260191348065,0.26461947993398155,0.3216624098481425,0.4072578461119169,0.8257369070984323,,31,TF_TEXTUAL_CAREFUL,CHARCOUNT,gate10_charcount_067,0.9989758256049608,120.8544622140774,6.677034156147514e-09,1.1336880379654186e-09,5.694246851817297e-09,0
0.8536632837080498,0.9661549511786325,1.2055372039622403,1.5085970969056526,1.9744019136785027,,63,TF_TEXTUAL_CAREFUL,CHARCOUNT,gate10_charcount_067,0.983603896514099,280.2239426379582,0.12223951957357686,0.03793576302336779,-0.1861710136157413,0
0.41536837234051016,0.4762162070357224,0.6445883067066371,0.865004648751297,1.5559632406137005,,127,TF_TEXTUAL_CAREFUL,CHARCOUNT,gate10_charcount_067,0.9885840239065825,239.56294153429283,0.004177573976496849,0.0007952931209474115,0.0035348051932260205,0
1.000046655012874,1.222213984995515,1.813534482426003,2.3516654904015017,3.8580922433133154,0.5151415063821756,PREFILL,TF_MEANINGFUL_L27_D75,CHARCOUNT,gate10_charcount_067,0.7642505450093859,1111.4454580160123,0.15183549705813937,0.050727119177606715,-0.1565713880665882,0
1.0002846162813464,1.1006041594309712,1.2913791585879388,1.4798362185082041,2.944801573054024,0.8680991604858713,0,TF_MEANINGFUL_L27_D75,CHARCOUNT,gate10_charcount_067,0.9328160140542158,707.3909473094717,0.1890772166505721,0.039527375560719134,0.17831250860077574,0
1.0001401397969167,1.0895331907439043,1.244002411101217,1.4387211582662451,2.946380288573037,0.9310649206024355,1,TF_MEANINGFUL_L27_D75,CHARCOUNT,gate10_charcount_067,0.9773213842589671,686.4042844451411,4.522487446341652e-05,1.362078688826903e-05,-8.467388492761074e-05,0
1.0004545886159695,1.110681101836336,1.2747636611578814,1.4546865505008495,4.0591264763060835,0.9568776704741171,3,TF_MEANINGFUL_L27_D75,CHARCOUNT,gate10_charcount_067,0.9682032948610128,1226.7865906101802,2.4177848333547674e-06,8.351298495589931e-07,-2.440541230441795e-06,0
1.0003980611193632,1.0807161487766928,1.272487825160031,1.4830867444854692,3.0585816776024264,0.8181347756455748,7,TF_MEANINGFUL_L27_D75,CHARCOUNT,gate10_charcount_067,0.9699632439753957,688.9024074105481,0.0009379846869919395,0.00031306244643532975,-0.0010614820294705396,0
1.0001982266727398,1.1001708859156039,1.3242101726789632,1.564917819827827,3.3581262619775734,0.879889463438326,15,TF_MEANINGFUL_L27_D75,CHARCOUNT,gate10_charcount_067,0.8822085211402935,735.905603758012,0.13917629365687986,0.03641941933330796,-0.3348473153486857,1
1.000236119587706,1.0586077380557186,1.2320473523672273,1.4275680102944568,2.7266045005261277,0.04360692717638456,31,TF_MEANINGFUL_L27_D75,CHARCOUNT,gate10_charcount_067,0.9866016667637668,482.5017770994831,9.061529046412495e-08,2.9747191070947532e-08,-1.0951256257385467e-07,0
0.9999958192504087,1.1760044328525125,1.4176759322952346,1.6848747813916023,3.243993737726191,0.8196371655526358,63,TF_MEANINGFUL_L27_D75,CHARCOUNT,gate10_charcount_067,0.8973217913727932,604.1934770440689,0.08177976031258001,0.024501835198791084,-0.14367704016372684,0
0.999999015977803,1.1066735752183114,1.335705136575058,1.6151621097561861,3.232516082939402,0.4550189923781837,127,TF_MEANINGFUL_L27_D75,CHARCOUNT,gate10_charcount_067,0.8531804656925366,754.2969152899566,0.0344532183431375,0.010859359925141993,-0.04735309285575795,0
0.9999959751883304,1.1337653720711374,1.3897217207665984,1.6811006158733608,2.164275981493007,,PREFILL,TF_RANDOM_R0,CHARCOUNT,gate10_charcount_067,0.9694121604365381,433.08615897375904,0.004130660096283479,0.001287950525703312,-0.006146435065019773,0
0.9999431122328833,1.0433774371838789,1.1698060564039487,1.2935968297410054,1.5398515786085674,,0,TF_RANDOM_R0,CHARCOUNT,gate10_charcount_067,0.9923082140762035,221.10517025665501,0.01283635983916266,0.002762866281145357,0.07277949864934641,0
1.0001036503232452,1.049111664408584,1.1810292205025683,1.368803584201751,1.6719200826107306,,1,TF_RANDOM_R0,CHARCOUNT,gate10_charcount_067,0.995845351857817,187.42298645897642,2.400671251806439e-07,5.8972697598495846e-08,3.638980061282382e-06,0
1.0000173386835995,1.0812499242825782,1.2189775714001612,1.3928513948545673,1.671607427077777,,3,TF_RANDOM_R0,CHARCOUNT,gate10_charcount_067,0.995210494980284,322.98299402909845,2.5968254163315358e-09,7.273526496379712e-10,-5.7365028283129504e-09,0
1.0000796358833077,1.0534700513503719,1.181906137405094,1.353005669295023,1.7408404336661285,,7,TF_RANDOM_R0,CHARCOUNT,gate10_charcount_067,0.9903220232182616,362.9545076985546,3.2957741790243925e-05,7.939208472064152e-06,-2.0600296217310188e-05,0
1.0000315290344717,1.0352928356347635,1.1576411831963487,1.324350360870547,1.7468198732726639,,15,TF_RANDOM_R0,CHARCOUNT,gate10_charcount_067,0.9853298686030723,368.77440631343694,0.05379477380754235,0.011963374633978225,0.10470703307801443,0
1.0000655235013964,1.0409485481159066,1.1402536371160903,1.2742976406789628,1.806742762185475,,31,TF_RANDOM_R0,CHARCOUNT,gate10_charcount_067,0.9956895677416718,266.0116066945253,1.1629999460325978e-09,2.638363813868001e-10,2.7307507366458594e-09,0
1.0000862632449787,1.0635689810026927,1.2227631203866849,1.400809062935441,1.7176560512856134,,63,TF_RANDOM_R0,CHARCOUNT,gate10_charcount_067,0.9867523358734066,247.47697161932385,0.005041590937190234,0.0010316421420334485,0.012279616226329892,0
1.0002521032246776,1.0695349319790035,1.237454577770185,1.4848617858478683,1.8931395439364846,,127,TF_RANDOM_R0,CHARCOUNT,gate10_charcount_067,0.981326526281808,284.5686360139835,0.00455591724006168,0.000822082850423787,0.00456600886766978,0
0.9997783638186363,1.1162747510246536,1.3613525584283916,1.673735979708608,2.2389470112238463,,PREFILL,TF_RANDOM_R1,CHARCOUNT,gate10_charcount_067,0.9675414120171084,435.3479691062752,0.0011136553375525752,0.0003261971001295824,-0.0022975315577511424,0
1.0000420548441846,1.0620258972987817,1.1646852889631036,1.2831574876056733,1.5437492469607736,,0,TF_RANDOM_R1,CHARCOUNT,gate10_charcount_067,0.9915771694997229,218.65298040974955,0.02891876081453497,0.007410243348978082,-0.17742588439728735,0
0.9999541058563614,1.0437115341810623,1.1240589381676664,1.2767797045782254,1.5039945891474862,,1,TF_RANDOM_R1,CHARCOUNT,gate10_charcount_067,0.9961122737281299,211.6988135981891,2.2569237153017375e-05,6.45851177843272e-06,-5.3525413690636015e-05,0
1.0000044738050615,1.0544399072542145,1.1742531720231686,1.340910812214254,1.5961043125968928,,3,TF_RANDOM_R1,CHARCOUNT,gate10_charcount_067,0.995275304772232,300.55430682046614,4.1134623321658124e-10,9.639627911863478e-11,1.1916441167159064e-09,0
0.9998900153705539,1.0463274707860808,1.14638917058222,1.3262799367133236,1.6706683689134647,,7,TF_RANDOM_R1,CHARCOUNT,gate10_charcount_067,0.9917800639917517,280.9747307459312,6.981779201441693e-06,1.5144884299111192e-06,1.7778246686361854e-05,0
1.0000496958023466,1.051609711944818,1.1683240223963727,1.3603409891305016,1.6392749465223397,,15,TF_RANDOM_R1,CHARCOUNT,gate10_charcount_067,0.9889141219970513,216.23640013417673,0.10366455737473698,0.02307998403677782,0.26336097584952967,0
0.9999580822733639,1.0273880305093368,1.128355573692472,1.2608916575527707,1.940899898710521,,31,TF_RANDOM_R1,CHARCOUNT,gate10_charcount_067,0.9938226665756179,328.9429719068171,1.6975310190533263e-09,3.8836895318367265e-10,2.5798740921345598e-09,0
0.9999103652693322,1.059311018082462,1.212325181692648,1.360115035081998,1.5587866526235044,,63,TF_RANDOM_R1,CHARCOUNT,gate10_charcount_067,0.9929995018739521,151.0749877144671,0.0016266217333873105,0.0004212070217957406,-0.014315957112518873,0
1.0000607673947854,1.0788880105519643,1.2321458271647636,1.4600927623073163,1.9055656131628864,,127,TF_RANDOM_R1,CHARCOUNT,gate10_charcount_067,0.963454724409591,388.16861578296374,0.00014983816422690588,4.315462921248676e-05,-0.0003786977118664936,0
0.9998374642909502,1.1280381620529074,1.354381197702097,1.6102463227133794,2.0463267206707663,,PREFILL,TF_RANDOM_R2,CHARCOUNT,gate10_charcount_067,0.9751316329394045,382.42422178590215,0.010705032080218283,0.003509643597267973,-0.01317222225721082,0
0.9998713028199532,1.0627990375144345,1.1854180933080432,1.2810212160477197,1.501003699809806,,0,TF_RANDOM_R2,CHARCOUNT,gate10_charcount_067,0.9920588143118722,213.17999737497777,0.007020819654406886,0.0017317816737915535,0.05527547462835969,0
1.0002098440479044,1.0495095400157315,1.1602784832966364,1.3300626788172571,1.5618962107195775,,1,TF_RANDOM_R2,CHARCOUNT,gate10_charcount_067,0.9960360165299669,206.65262433529497,7.656056508458019e-05,2.3334751432358276e-05,-0.00012720372329511065,0
0.9999720387173536,1.079196845605837,1.230900117077482,1.4205851101619584,1.741366880089695,,3,TF_RANDOM_R2,CHARCOUNT,gate10_charcount_067,0.9957586495844446,273.4129095295889,1.1592575976217427e-10,3.016765334502823e-11,-9.665654943091795e-10,0
1.0000868090277046,1.0332779617488321,1.1350874917400384,1.2858091339947548,1.890552377878015,,7,TF_RANDOM_R2,CHARCOUNT,gate10_charcount_067,0.992138803767197,273.8156121930412,2.4892794080238777e-05,7.468256933039591e-06,-5.111782762412531e-05,0
1.0000374546754953,1.0422749560776536,1.1514242501351062,1.3154118432623527,1.7016430979848989,,15,TF_RANDOM_R2,CHARCOUNT,gate10_charcount_067,0.9837990876496511,280.03991130552373,0.02471355499033791,0.0060511413235823895,0.15963288459811764,0
0.9997966865244329,1.0325148795291272,1.1385026881625897,1.305385190836727,1.9376677734080134,,31,TF_RANDOM_R2,CHARCOUNT,gate10_charcount_067,0.9938805297446501,301.0156127615517,1.2859226345142974e-08,3.869184358765075e-09,-2.2452681491813564e-08,0
0.9998379321047153,1.0650530422032507,1.2167869554765047,1.4013947657692432,1.6334046634609753,,63,TF_RANDOM_R2,CHARCOUNT,gate10_charcount_067,0.9930222908436281,150.0527037711636,0.00045529477429478044,0.00010646556076568739,-6.0502291276520737e-05,0
1.000004707711944,1.0723054810333603,1.2079026262960917,1.4121563536197117,1.8199779932874358,,127,TF_RANDOM_R2,CHARCOUNT,gate10_charcount_067,0.9780912089239359,300.9380401269464,0.0016196232489381762,0.00034681051682211177,0.0032346566324861215,0
0.9999668147969776,1.134080834486681,1.396178798227217,1.6696521214779245,2.241190334165028,,PREFILL,TF_RANDOM_R3,CHARCOUNT,gate10_charcount_067,0.9708350611898421,420.5481185963279,0.005942885213255979,0.0018807437898446955,-0.008289363600553656,0
1.0001670390884052,1.066956186568304,1.2096748607759007,1.3232442931921233,1.7150598408276865,,0,TF_RANDOM_R3,CHARCOUNT,gate10_charcount_067,0.9925151659443636,215.78097271918764,0.008154942793773155,0.001708505120060635,0.010705183676066099,0
0.9999346915851131,1.0543164823892108,1.1529062841426823,1.325973518697237,1.60337055193307,,1,TF_RANDOM_R3,CHARCOUNT,gate10_charcount_067,0.9947312868192967,239.52212142780476,1.165134300543422e-06,2.9380554749577675e-07,-8.775381928671777e-06,0
0.9998821405055094,1.0675206818447587,1.18964026847525,1.3783948579500669,1.6938797285544291,,3,TF_RANDOM_R3,CHARCOUNT,gate10_charcount_067,0.9956135981344721,269.2453106209659,3.771482598136742e-10,8.61509756197621e-11,1.3908518781136081e-09,0
1.00004813642313,1.0456414218996823,1.1552257827586012,1.3115151105376763,1.693234925248313,,7,TF_RANDOM_R3,CHARCOUNT,gate10_charcount_067,0.9932542861377024,247.48913724950827,2.0715892152416254e-05,5.974745695512636e-06,-5.025276340120399e-05,0
0.9998187517403495,1.0477022195035464,1.1894169653714148,1.353837754045068,1.6812662219461771,,15,TF_RANDOM_R3,CHARCOUNT,gate10_charcount_067,0.9858961702639327,251.0127622964528,0.004592456566345133,0.0012227732990122541,-0.006527708551203659,0
0.9997766485014979,1.037631592584009,1.1570323235811781,1.3112849461652878,1.860668590506602,,31,TF_RANDOM_R3,CHARCOUNT,gate10_charcount_067,0.9949875975073526,277.5325515447807,1.7967439577427513e-09,4.965894615770567e-10,-6.134463603757467e-09,0
0.9997810147633047,1.0552691851216693,1.21609194015961,1.4189642914040934,1.729296817138472,,63,TF_RANDOM_R3,CHARCOUNT,gate10_charcount_067,0.987383695085179,209.68370747455998,0.010120795384198182,0.002877543611646131,-0.01948606223469085,0
0.9999392917538025,1.076271138319416,1.238619589983001,1.4521767296515293,2.1280517582263867,,127,TF_RANDOM_R3,CHARCOUNT,gate10_charcount_067,0.9672679145491132,373.1561332480913,0.00048798335926048556,0.00012198336927933777,0.0011041077406090949,0
0.0,0.0,0.0,0.0,0.0,,PREFILL,TF_BASELINE,CHARCOUNT,gate10_charcount_021,1.0000000000000002,0.0,0.0,0.0,0.0,0
0.0,0.0,0.0,0.0,0.0,,0,TF_BASELINE,CHARCOUNT,gate10_charcount_021,0.9999999999999998,0.0,0.0,0.0,0.0,0
0.0,0.0,0.0,0.0,0.0,,1,TF_BASELINE,CHARCOUNT,gate10_charcount_021,0.9999999999999999,0.0,0.0,0.0,0.0,0
0.0,0.0,0.0,0.0,0.0,,3,TF_BASELINE,CHARCOUNT,gate10_charcount_021,1.0,0.0,0.0,0.0,0.0,0
0.0,0.0,0.0,0.0,0.0,,7,TF_BASELINE,CHARCOUNT,gate10_charcount_021,1.0,0.0,0.0,0.0,0.0,0
0.0,0.0,0.0,0.0,0.0,,15,TF_BASELINE,CHARCOUNT,gate10_charcount_021,1.0000000000000002,0.0,0.0,0.0,0.0,0
0.0,0.0,0.0,0.0,0.0,,31,TF_BASELINE,CHARCOUNT,gate10_charcount_021,1.0,0.0,0.0,0.0,0.0,0
0.0,0.0,0.0,0.0,0.0,,63,TF_BASELINE,CHARCOUNT,gate10_charcount_021,0.9999999999999998,0.0,0.0,0.0,0.0,0
0.0,0.0,0.0,0.0,0.0,,127,TF_BASELINE,CHARCOUNT,gate10_charcount_021,1.0,0.0,0.0,0.0,0.0,0
1.828214634310182,2.1659250250146944,2.7309324016042287,3.3125761713053246,5.251914975481982,,PREFILL,TF_TEXTUAL_CAREFUL,CHARCOUNT,gate10_charcount_021,0.805050086393454,1041.7705753296145,4.322134711878262,0.6507379695012256,-4.345247137199273,1
0.9959310634151303,1.1267463723097717,1.5035860317927041,1.8754171991383952,2.634401214323718,,0,TF_TEXTUAL_CAREFUL,CHARCOUNT,gate10_charcount_021,0.9302119912166292,654.1614554752823,0.6294121134007387,0.07226054575231855,0.25400686009258777,0
0.696817491455486,0.782414935420002,1.032537880372574,1.363947521382945,2.036531324182981,,1,TF_TEXTUAL_CAREFUL,CHARCOUNT,gate10_charcount_021,0.9819393769320967,579.7929713315021,0.004944748321898847,0.0016857087844289733,-0.005182222127110947,0
0.6862387408181786,0.7793957433495381,1.0344656629292515,1.2720378662870446,2.9011470637576267,,3,TF_TEXTUAL_CAREFUL,CHARCOUNT,gate10_charcount_021,0.9756452615998175,990.529817994948,1.0012435524526956e-08,1.7633855295634312e-09,7.017128211828094e-09,0
0.4724120234675589,0.5140325564826196,0.6992634557258813,0.9422806994326379,1.598448371435475,,7,TF_TEXTUAL_CAREFUL,CHARCOUNT,gate10_charcount_021,0.9888831041767383,441.59504754745944,3.4033467073188195e-05,8.28545472990257e-06,2.1765983859722837e-07,0
0.7360276140462927,0.8051666680368365,1.0749331129825042,1.4041427038249574,2.3315646244841406,,15,TF_TEXTUAL_CAREFUL,CHARCOUNT,gate10_charcount_021,0.9553177083565233,461.6361645413081,1.5161166784961206,0.2837928933783379,-2.4585707748690737,1
0.27004376104712224,0.297833945374399,0.39613296188843167,0.5135564390232727,1.3279458215305517,,31,TF_TEXTUAL_CAREFUL,CHARCOUNT,gate10_charcount_021,0.9986032271744837,172.73736649198776,3.1432768429868047e-10,7.101918956072702e-11,1.5607852787979937e-09,0
0.6531296504283314,0.7544186206525142,1.0924929704662107,1.3641702007350935,2.3742654174515883,,63,TF_TEXTUAL_CAREFUL,CHARCOUNT,gate10_charcount_021,0.9827281277513567,281.60477605048266,0.22135293755621524,0.06777788124241615,-0.26613678957051334,0
0.21673595369406412,0.2259403844431906,0.3033092766646473,0.3625204649029449,0.9698933289438502,,127,TF_TEXTUAL_CAREFUL,CHARCOUNT,gate10_charcount_021,0.9995377129605021,111.62718348792183,7.274059363623397e-12,1.5741680099095195e-12,1.8175683180743363e-11,0
0.9996991473544267,1.2172200730539504,1.7929207366842606,2.3190226933819362,3.740117096796077,0.4777153665831092,PREFILL,TF_MEANINGFUL_L27_D75,CHARCOUNT,gate10_charcount_021,0.7745158593335427,1075.4595135972652,0.25842157987168574,0.08489433529106255,-0.26857394636451204,0
1.0003178310586627,1.0982454424277517,1.28754370946648,1.47832174941292,3.0169630938113863,0.8426015740910183,0,TF_MEANINGFUL_L27_D75,CHARCOUNT,gate10_charcount_021,0.9278316847331886,722.8575735833477,0.1240054696144364,0.02698172552552848,0.12242843136857573,0
1.0000546858158401,1.087595818005044,1.2430128290502827,1.436714237214319,2.985337323916969,0.9188316549478776,1,TF_MEANINGFUL_L27_D75,CHARCOUNT,gate10_charcount_021,0.9766271443779468,673.5686932415606,9.34508758715727e-05,2.8374488489464485e-05,-0.0001650048119969938,0
1.0002270751882492,1.1134367588191731,1.2872868017405241,1.477522567564348,4.215518801082423,0.9537654169043095,3,TF_MEANINGFUL_L27_D75,CHARCOUNT,gate10_charcount_021,0.9677496068176715,1229.5962576327095,5.864169278510364e-06,2.0249306252050352e-06,-5.9244467180974425e-06,0
1.0001521470168855,1.081086579309626,1.2684702405460582,1.4711535950294745,3.2169428745778044,0.8438050772450194,7,TF_MEANINGFUL_L27_D75,CHARCOUNT,gate10_charcount_021,0.9651013827182788,818.242087709951,0.0010018706551395014,0.0003343927007492282,-0.0011354231927640512,0
1.0002911656740565,1.0978102976573243,1.3168659643819496,1.5604508221235942,3.360516478440971,0.8409257858627363,15,TF_MEANINGFUL_L27_D75,CHARCOUNT,gate10_charcount_021,0.8746860637646154,692.9642789564552,0.034145330890095506,0.008809311679342529,0.004546570786928328,0
1.0002653579480199,1.0723942876797528,1.2656695175038577,1.4316353391054428,2.8844202266514953,0.2524779165575102,31,TF_MEANINGFUL_L27_D75,CHARCOUNT,gate10_charcount_021,0.9944776069945666,360.02182818886854,2.532616250674371e-09,6.961117004425217e-10,-6.96619650852881e-09,0
1.0002188884473613,1.1831043643952261,1.5425580371771168,1.8755489666822087,4.620029566797195,0.5524258357148766,63,TF_MEANINGFUL_L27_D75,CHARCOUNT,gate10_charcount_021,0.9520745784201224,491.5663270547598,0.08189392804777192,0.024544114667054542,-0.07847135942396477,0
1.0000807274487595,1.0609285621439717,1.2370391591468493,1.465006210281298,4.226126322266279,-0.0762119123890232,127,TF_MEANINGFUL_L27_D75,CHARCOUNT,gate10_charcount_021,0.9929347443563186,607.299866226158,3.9799236555590445e-09,1.3605336916986548e-09,-4.167056033566041e-09,0
1.000011335073615,1.1378292702478467,1.408227029869406,1.7058738497377979,2.2125181844450115,,PREFILL,TF_RANDOM_R0,CHARCOUNT,gate10_charcount_021,0.963012930792403,472.11175194634995,0.008499989692072827,0.002651257741072974,-0.012594247960606708,0
1.0000548417537618,1.0433395442689124,1.1717707182791017,1.299577516850914,1.5469442590379232,,0,TF_RANDOM_R0,CHARCOUNT,gate10_charcount_021,0.9925417695016162,208.61530613118435,0.014659709028128461,0.0030531391480116284,0.06370246814579872,0
0.9999858392234217,1.0479947590446042,1.1799007757323845,1.3688149676700332,1.674898964728442,,1,TF_RANDOM_R0,CHARCOUNT,gate10_charcount_021,0.9957514824843906,183.92563063731689,4.446087936733965e-07,1.1397588785521288e-07,-6.95737616496217e-06,0
1.0000553095675269,1.0822451980676533,1.2256372901899932,1.404836471638479,1.6921839036562398,,3,TF_RANDOM_R0,CHARCOUNT,gate10_charcount_021,0.9955177298425582,288.4819706687548,6.822170182499236e-09,1.9386845588731767e-09,-1.5751353998894047e-08,0
1.0001556556201232,1.0465284747671169,1.174414879647943,1.337842109853659,1.7013942210619095,,7,TF_RANDOM_R0,CHARCOUNT,gate10_charcount_021,0.9920713471052651,306.80935917198235,7.379807410875349e-05,2.210258067438202e-05,-0.00011403638089291235,0
1.0000854835553705,1.0345172004123642,1.1606985800576224,1.3262024355662523,1.7234775257774944,,15,TF_RANDOM_R0,CHARCOUNT,gate10_charcount_021,0.983493347945494,338.8030980001654,0.0811416942923402,0.020956169860229433,-0.2611429063349533,0
0.9999369526849773,1.035428345688697,1.1444357362374276,1.268420808224888,2.032410664602783,,31,TF_RANDOM_R0,CHARCOUNT,gate10_charcount_021,0.9971414082702363,247.33815430549225,9.32654351906399e-09,2.7579685710440762e-09,-1.8417949831928127e-08,0
1.0001105895607598,1.0754014725302479,1.2633941493197722,1.4298666911978324,1.9471737491131742,,63,TF_RANDOM_R0,CHARCOUNT,gate10_charcount_021,0.9902024188444313,215.30694561010992,0.010789450195787779,0.002493376403866661,-0.01675639356766112,0
1.0000032263016883,1.0433317473728287,1.1653962879169697,1.3161611249759895,2.3111900875142437,,127,TF_RANDOM_R0,CHARCOUNT,gate10_charcount_021,0.9975360229176008,287.049517398885,7.636959677253416e-11,2.3953146380220495e-11,-1.1397105481592007e-10,0
0.9999386680021157,1.1208084121904014,1.3790490175314833,1.6965514129664456,2.264778283886832,,PREFILL,TF_RANDOM_R1,CHARCOUNT,gate10_charcount_021,0.9674991138132772,428.9555746946667,0.002284472943525779,0.0006932615196204647,-0.004397819326193542,0
0.999987086726795,1.0617113705107681,1.165636666223228,1.2807523790707562,1.5259144709211583,,0,TF_RANDOM_R1,CHARCOUNT,gate10_charcount_021,0.9912740246758248,225.09512812077716,0.024964089598819097,0.006437249565531001,-0.1470797632538421,0
1.0000836902692711,1.0430721887022048,1.122206005813392,1.2731977325484451,1.500581263979995,,1,TF_RANDOM_R1,CHARCOUNT,gate10_charcount_021,0.9963931449060265,180.53251949352472,2.728537620953723e-05,7.674552998291723e-06,-7.178958106379696e-05,0
0.9999525464771446,1.054567854318947,1.1786715950648003,1.343391160796378,1.5864759256232188,,3,TF_RANDOM_R1,CHARCOUNT,gate10_charcount_021,0.9959383167566133,264.59595888847906,2.080832673226822e-09,4.53631989031701e-10,4.767251482462598e-09,0
1.0000839241761537,1.046490737790072,1.1397278924131713,1.311585750416194,1.6722310228265458,,7,TF_RANDOM_R1,CHARCOUNT,gate10_charcount_021,0.9906462910572339,358.2458250033439,8.71215168968192e-06,1.8652515609984335e-06,2.058817519667855e-05,0
0.9997573121992105,1.0511139852918208,1.1655768640302666,1.3524558321832054,1.6549180150728469,,15,TF_RANDOM_R1,CHARCOUNT,gate10_charcount_021,0.9877856463028619,213.03973812365362,0.062388955428263164,0.016401671567014286,-0.2025490651615982,0
1.0001987724554655,1.0306291222423407,1.1540210063757588,1.2854417442512942,2.014174660290704,,31,TF_RANDOM_R1,CHARCOUNT,gate10_charcount_021,0.9972660511266261,237.1717846322236,1.2381780422536748e-09,2.5065736822502365e-10,2.991789926909405e-09,0
1.0000378445202995,1.0766913130493625,1.2424813146442617,1.410185922041457,1.8425166367343047,,63,TF_RANDOM_R1,CHARCOUNT,gate10_charcount_021,0.9894324144649853,212.73093748903682,0.03254736472189228,0.008742080960212041,-0.056068498172365366,0
1.0001143320708799,1.029006744105259,1.2090422985966358,1.3747382696247663,2.179430496534914,,127,TF_RANDOM_R1,CHARCOUNT,gate10_charcount_021,0.997476935369145,282.5875356443045,3.6926660266466644e-11,6.172969643593692e-12,3.2869706956262235e-11,0
0.9999094296418021,1.1304912994676999,1.372874811460779,1.634476424796631,2.0718514193797435,,PREFILL,TF_RANDOM_R2,CHARCOUNT,gate10_charcount_021,0.9722940241506408,397.99540564548096,0.018532911851728198,0.006043961694509441,-0.02321545664109692,0
0.9998029240412998,1.0622821033040897,1.1886524017414541,1.284648799919589,1.5107714952854552,,0,TF_RANDOM_R2,CHARCOUNT,gate10_charcount_021,0.9914435725263298,230.1503408071827,0.0077880682747843545,0.001960593725006699,0.04288164660372473,0
0.9998783979953892,1.047810908234952,1.157594401819847,1.3326476617448235,1.568047961729561,,1,TF_RANDOM_R2,CHARCOUNT,gate10_charcount_021,0.9959809056647397,200.48616651334493,0.00012620951840980877,3.846707942652545e-05,-0.0002097154806435242,0
0.9998606990412794,1.0817458848424577,1.2354779086750634,1.4338852114393348,1.6871988801762106,,3,TF_RANDOM_R2,CHARCOUNT,gate10_charcount_021,0.9960292009404985,254.37162890387603,3.038694993267734e-10,7.191178749393595e-11,2.1337527300602233e-09,0
1.0000401835891246,1.0303597394826514,1.129999705169627,1.2709634540067205,1.9472298867649762,,7,TF_RANDOM_R2,CHARCOUNT,gate10_charcount_021,0.9922452801636286,312.09964927032837,2.7949741493375682e-05,8.240341872856348e-06,-5.5456753337068676e-05,0
0.999985215471735,1.045365333809361,1.1573386636283038,1.324263659386097,1.6916381209303857,,15,TF_RANDOM_R2,CHARCOUNT,gate10_charcount_021,0.9818273440542928,268.646983768397,0.029025469492797547,0.007596366522207857,-0.1486321814636895,0
0.9998600752895928,1.0306905617834796,1.123787762121878,1.232738079391276,1.9723294986994742,,31,TF_RANDOM_R2,CHARCOUNT,gate10_charcount_021,0.997008652398936,245.23744081859928,1.0595696105560997e-09,2.2731739527916823e-10,3.0829099273432803e-09,0
0.9999905173610719,1.08487867768886,1.251768977259081,1.4009879237315994,1.8309830002336354,,63,TF_RANDOM_R2,CHARCOUNT,gate10_charcount_021,0.989964650841545,207.33163519864164,0.025101654987513558,0.005032220150814884,0.03187256230850721,0
1.0001264952287703,1.0285726129313226,1.1376907973734014,1.3067179922532626,2.028185214739221,,127,TF_RANDOM_R2,CHARCOUNT,gate10_charcount_021,0.9972773623899119,286.6469802844249,1.866107678395698e-11,5.521448271382242e-12,-3.7346126191550866e-11,0
1.0000864191829004,1.1381537770628474,1.4212908851954484,1.6959204881353582,2.307486873750363,,PREFILL,TF_RANDOM_R3,CHARCOUNT,gate10_charcount_021,0.9654820195833385,455.35696199021953,0.006214166388987819,0.0019035881057771734,-0.010033018308817532,0
1.000130549614734,1.0661767308668235,1.2106456523072733,1.327365576524008,1.60964502608741,,0,TF_RANDOM_R3,CHARCOUNT,gate10_charcount_021,0.9918675550413264,212.78768852048034,0.011386478916918992,0.0026233538120067736,-0.05513467431263308,0
0.9998348913152426,1.0522545152509342,1.151883955128197,1.324401820384699,1.5937131605059653,,1,TF_RANDOM_R3,CHARCOUNT,gate10_charcount_021,0.9944542792277429,242.99880590849918,6.115201117579044e-07,1.395806896609613e-07,-6.690335524695001e-06,0
0.9998664687443813,1.0676912779310683,1.195616511354391,1.3872251546406202,1.7100096352963983,,3,TF_RANDOM_R3,CHARCOUNT,gate10_charcount_021,0.9955374400296798,269.704159062537,1.0039436667499734e-09,2.2934339556156574e-10,3.7043932366032095e-09,0
1.0001178406741176,1.044726144268425,1.1582254825888558,1.3044433257898247,1.68489879583154,,7,TF_RANDOM_R3,CHARCOUNT,gate10_charcount_021,0.9932262036636509,268.98181827544823,5.189757761820088e-05,1.5613555877094803e-05,-9.574810742662976e-05,0
1.0000211591626804,1.0466882331678704,1.1854485791717302,1.3458580987172384,1.6743729861186405,,15,TF_RANDOM_R3,CHARCOUNT,gate10_charcount_021,0.9868356539907827,221.408824728561,0.02268028772750575,0.00594406800654884,-0.08177221236898902,0
0.9998245994124122,1.0413342605651636,1.183657788079242,1.3179667301710363,2.1197023740862715,,31,TF_RANDOM_R3,CHARCOUNT,gate10_charcount_021,0.9966666863287562,259.696289076125,4.654276245940811e-09,1.3278599122186918e-09,-1.0862216015539161e-08,0
1.0000029923948057,1.0818127042418946,1.2646395475312104,1.4302085071221387,1.8407015193260359,,63,TF_RANDOM_R3,CHARCOUNT,gate10_charcount_021,0.9914277497888021,193.3771418379405,0.025445658597184565,0.006908989124166941,-0.05800333626572041,0
0.9999946497159962,1.0568484464234085,1.1636759807650778,1.3375768594488942,2.071169814724113,,127,TF_RANDOM_R3,CHARCOUNT,gate10_charcount_021,0.997726721210139,252.93316390110527,4.596666658766007e-11,7.543913174489442e-12,2.7633006993710296e-11,0
