bank_index,replicate,p_value
0,0,0.4944944944944945
0,1,0.23523523523523523
0,2,0.7527527527527528
0,3,0.26326326326326327
0,4,0.14714714714714713
0,5,0.2952952952952953
0,6,0.12612612612612611
0,7,0.7717717717717718
0,8,0.22722722722722724
0,9,0.3683683683683684
0,10,0.34634634634634637
0,11,0.05805805805805806
0,12,0.2002002002002002
0,13,0.16016016016016016
0,14,0.7857857857857858
0,15,0.5365365365365365
0,16,0.08608608608608609
0,17,0.2682682682682683
0,18,0.23523523523523523
0,19,0.2882882882882883
0,20,0.37537537537537535
0,21,0.03303303303303303
0,22,0.0990990990990991
0,23,0.6826826826826827
0,24,0.04604604604604605
0,25,0.5315315315315315
0,26,0.21421421421421422
0,27,0.13213213213213212
0,28,0.34634634634634637
0,29,0.7097097097097097
0,30,0.31431431431431434
0,31,0.4024024024024024
0,32,0.06106106106106106
0,33,0.3153153153153153
0,34,0.03303303303303303
0,35,0.5285285285285285
0,36,0.21021021021021022
0,37,0.4594594594594595
0,38,0.2732732732732733
0,39,0.1111111111111111
0,40,0.25825825825825827
0,41,0.2862862862862863
0,42,0.6166166166166166
0,43,0.22122122122122123
0,44,0.16516516516516516
0,45,0.3163163163163163
0,46,0.6456456456456456
0,47,0.5005005005005005
0,48,0.23423423423423423
0,49,0.16016016016016016
0,50,0.042042042042042045
0,51,0.4994994994994995
0,52,0.22922922922922923
0,53,0.3033033033033033
0,54,0.14114114114114115
0,55,0.2982982982982983
0,56,0.07207207207207207
0,57,0.056056056056056056
0,58,0.21121121121121122
0,59,0.3883883883883884
0,60,0.4184184184184184
0,61,0.26926926926926925
0,62,0.13513513513513514
0,63,0.16116116116116116
0,64,0.43843843843843844
0,65,0.5385385385385385
0,66,0.2022022022022022
0,67,0.34234234234234234
0,68,0.3713713713713714
0,69,0.037037037037037035
0,70,0.3973973973973974
0,71,0.2952952952952953
0,72,0.33133133133133136
0,73,0.2962962962962963
0,74,0.11911911911911911
0,75,0.34034034034034033
0,76,0.1111111111111111
0,77,0.25825825825825827
0,78,0.2182182182182182
0,79,0.5175175175175175
0,80,0.32932932932932935
0,81,0.6126126126126126
0,82,0.062062062062062065
0,83,0.43743743743743746
0,84,0.6176176176176176
0,85,0.25625625625625625
0,86,0.2222222222222222
0,87,0.0920920920920921
0,88,0.14114114114114115
0,89,0.6326326326326326
0,90,0.1001001001001001
0,91,0.14314314314314314
0,92,0.16916916916916916
0,93,0.39039039039039036
0,94,0.22922922922922923
0,95,0.2932932932932933
0,96,0.5805805805805806
0,97,0.27927927927927926
0,98,0.5625625625625625
0,99,0.16116116116116116
0,100,0.3173173173173173
0,101,0.4844844844844845
0,102,0.4924924924924925
0,103,0.05005005005005005
0,104,0.22522522522522523
0,105,0.6656656656656657
0,106,0.17217217217217218
0,107,0.11411411411411411
0,108,0.44544544544544545
0,109,0.4094094094094094
0,110,0.29429429429429427
0,111,0.7767767767767768
0,112,0.2172172172172172
0,113,0.6166166166166166
0,114,0.11911911911911911
0,115,0.07107107107107107
0,116,0.2732732732732733
0,117,0.1931931931931932
0,118,0.13013013013013014
0,119,0.4824824824824825
0,120,0.13713713713713713
0,121,0.16316316316316315
0,122,0.6276276276276276
0,123,0.2972972972972973
0,124,0.2882882882882883
0,125,0.8468468468468469
0,126,0.34634634634634637
0,127,0.16716716716716717
0,128,0.34934934934934936
0,129,0.07807807807807808
0,130,0.36536536536536535
0,131,0.3233233233233233
0,132,0.19019019019019018
0,133,0.2962962962962963
0,134,0.23523523523523523
0,135,0.1961961961961962
0,136,0.14314314314314314
0,137,0.0980980980980981
0,138,0.10710710710710711
0,139,0.3993993993993994
0,140,0.16016016016016016
0,141,0.2092092092092092
0,142,0.1931931931931932
0,143,0.2062062062062062
0,144,0.13813813813813813
0,145,0.17117117117117117
0,146,0.7237237237237237
0,147,0.16116116116116116
0,148,0.44044044044044045
0,149,0.23523523523523523
0,150,0.3613613613613614
0,151,0.24224224224224225
0,152,0.6136136136136137
0,153,0.6566566566566566
0,154,0.28128128128128127
0,155,0.42242242242242245
0,156,0.5175175175175175
0,157,0.24924924924924924
0,158,0.31431431431431434
0,159,0.12512512512512514
0,160,0.14214214214214213
0,161,0.2962962962962963
0,162,0.3283283283283283
0,163,0.06706706706706707
0,164,0.21921921921921922
0,165,0.15015015015015015
0,166,0.16316316316316315
0,167,0.45645645645645644
0,168,0.2822822822822823
0,169,0.04704704704704705
0,170,0.30930930930930933
0,171,0.05105105105105105
0,172,0.7987987987987988
0,173,0.1921921921921922
0,174,0.13613613613613615
0,175,0.4744744744744745
0,176,0.4984984984984985
0,177,0.2862862862862863
0,178,0.3953953953953954
0,179,0.2852852852852853
0,180,0.3613613613613614
0,181,0.6446446446446447
0,182,0.35135135135135137
0,183,0.15515515515515516
0,184,0.05205205205205205
0,185,0.4974974974974975
0,186,0.04604604604604605
0,187,0.11911911911911911
0,188,0.5035035035035035
0,189,0.3123123123123123
0,190,0.37037037037037035
0,191,0.4874874874874875
0,192,0.3133133133133133
0,193,0.8778778778778779
0,194,0.4724724724724725
0,195,0.23023023023023023
0,196,0.12112112112112113
0,197,0.4894894894894895
0,198,0.5855855855855856
0,199,0.5785785785785785
0,200,0.34934934934934936
0,201,0.33933933933933935
0,202,0.07307307307307308
0,203,0.15515515515515516
0,204,0.5625625625625625
0,205,0.4444444444444444
0,206,0.5565565565565566
0,207,0.4804804804804805
0,208,0.8318318318318318
0,209,0.38238238238238237
0,210,0.04504504504504504
0,211,0.8258258258258259
0,212,0.6056056056056056
0,213,0.7767767767767768
0,214,0.6386386386386387
0,215,0.33933933933933935
0,216,0.43543543543543545
0,217,0.24724724724724725
0,218,0.5835835835835835
0,219,0.12612612612612611
0,220,0.4624624624624625
0,221,0.14914914914914915
0,222,0.3433433433433433
0,223,0.34734734734734735
0,224,0.14614614614614616
0,225,0.12712712712712712
0,226,0.3113113113113113
0,227,0.04804804804804805
0,228,0.24924924924924924
0,229,0.17517517517517517
0,230,0.03803803803803804
0,231,0.3923923923923924
0,232,0.37037037037037035
0,233,0.5265265265265265
0,234,0.15215215215215216
0,235,0.2852852852852853
0,236,0.06406406406406406
0,237,0.46346346346346345
0,238,0.2752752752752753
0,239,0.3303303303303303
0,240,0.18118118118118118
0,241,0.0920920920920921
0,242,0.5665665665665666
0,243,0.08008008008008008
0,244,0.36736736736736736
0,245,0.17017017017017017
0,246,0.40540540540540543
0,247,0.057057057057057055
0,248,0.47047047047047047
0,249,0.6876876876876877
0,250,0.42742742742742745
0,251,0.16916916916916916
0,252,0.11611611611611612
0,253,0.43743743743743746
0,254,0.35035035035035034
0,255,0.9329329329329329
0,256,0.08608608608608609
0,257,0.23623623623623624
0,258,0.13113113113113112
0,259,0.08208208208208208
0,260,0.5095095095095095
0,261,0.24924924924924924
0,262,0.24624624624624625
0,263,0.06806806806806807
0,264,0.16616616616616617
0,265,0.25325325325325326
0,266,0.35235235235235235
0,267,0.13013013013013014
0,268,0.33433433433433435
0,269,0.5195195195195195
0,270,0.2072072072072072
0,271,0.2802802802802803
0,272,0.4314314314314314
0,273,0.46346346346346345
0,274,0.044044044044044044
0,275,0.08608608608608609
0,276,0.23523523523523523
0,277,0.11711711711711711
0,278,0.4694694694694695
0,279,0.11411411411411411
0,280,0.44344344344344344
0,281,0.21021021021021022
0,282,0.4044044044044044
0,283,0.3113113113113113
0,284,0.34734734734734735
0,285,0.6406406406406406
0,286,0.35035035035035034
0,287,0.17517517517517517
0,288,0.30930930930930933
0,289,0.2172172172172172
0,290,0.15415415415415415
0,291,0.15615615615615616
0,292,0.09109109109109109
0,293,0.17317317317317318
0,294,0.03803803803803804
0,295,0.08508508508508508
0,296,0.35035035035035034
0,297,0.14714714714714713
0,298,0.8148148148148148
0,299,0.16616616616616617
0,300,0.2912912912912913
0,301,0.23723723723723725
0,302,0.09009009009009009
0,303,0.1941941941941942
0,304,0.03803803803803804
0,305,0.026026026026026026
0,306,0.46646646646646645
0,307,0.12712712712712712
0,308,0.1841841841841842
0,309,0.13513513513513514
0,310,0.4004004004004004
0,311,0.26926926926926925
0,312,0.4594594594594595
0,313,0.09009009009009009
0,314,0.4344344344344344
0,315,0.04704704704704705
0,316,0.16516516516516516
0,317,0.3793793793793794
0,318,0.25425425425425424
0,319,0.15315315315315314
0,320,0.17517517517517517
0,321,0.028028028028028028
0,322,0.10710710710710711
0,323,0.07507507507507508
0,324,0.14614614614614616
0,325,0.5765765765765766
0,326,0.3103103103103103
0,327,0.2032032032032032
0,328,0.5345345345345346
0,329,0.5695695695695696
0,330,0.33133133133133136
0,331,0.4294294294294294
0,332,0.17117117117117117
0,333,0.3533533533533533
0,334,0.4744744744744745
0,335,0.6486486486486487
0,336,0.43043043043043044
0,337,0.35035035035035034
0,338,0.5425425425425425
0,339,0.016016016016016016
0,340,0.2702702702702703
0,341,0.08408408408408409
0,342,0.03803803803803804
0,343,0.3113113113113113
0,344,0.6656656656656657
0,345,0.8288288288288288
0,346,0.23623623623623624
0,347,0.1001001001001001
0,348,0.21621621621621623
0,349,0.06606606606606606
0,350,0.07607607607607608
0,351,0.14214214214214213
0,352,0.27627627627627627
0,353,0.5285285285285285
0,354,0.4014014014014014
0,355,0.13913913913913914
0,356,0.6456456456456456
0,357,0.3033033033033033
0,358,0.2122122122122122
0,359,0.05905905905905906
0,360,0.06406406406406406
0,361,0.6976976976976977
0,362,0.02002002002002002
0,363,0.21921921921921922
0,364,0.08408408408408409
0,365,0.43743743743743746
0,366,0.4904904904904905
0,367,0.3993993993993994
0,368,0.35535535535535534
0,369,0.2082082082082082
0,370,0.5815815815815816
0,371,0.34634634634634637
0,372,0.1091091091091091
0,373,0.3263263263263263
0,374,0.24324324324324326
0,375,0.19119119119119118
0,376,0.27427427427427425
0,377,0.2952952952952953
0,378,0.5675675675675675
0,379,0.22722722722722724
0,380,0.3533533533533533
0,381,0.2062062062062062
0,382,0.3283283283283283
0,383,0.35535535535535534
0,384,0.03403403403403404
0,385,0.3813813813813814
0,386,0.24224224224224225
0,387,0.35535535535535534
0,388,0.10710710710710711
0,389,0.5685685685685685
0,390,0.13513513513513514
0,391,0.37037037037037035
0,392,0.08208208208208208
0,393,0.5695695695695696
0,394,0.3103103103103103
0,395,0.3133133133133133
0,396,0.3783783783783784
0,397,0.24124124124124124
0,398,0.23923923923923923
0,399,0.1041041041041041
0,400,0.04704704704704705
0,401,0.22522522522522523
0,402,0.07507507507507508
0,403,0.4574574574574575
0,404,0.07807807807807808
0,405,0.2062062062062062
0,406,0.12912912912912913
0,407,0.2092092092092092
0,408,0.4264264264264264
0,409,0.13413413413413414
0,410,0.2852852852852853
0,411,0.34934934934934936
0,412,0.02902902902902903
0,413,0.2082082082082082
0,414,0.22122122122122123
0,415,0.05305305305305305
0,416,0.4084084084084084
0,417,0.2062062062062062
0,418,0.08708708708708708
0,419,0.4644644644644645
0,420,0.14714714714714713
0,421,0.3103103103103103
0,422,0.3843843843843844
0,423,0.03003003003003003
0,424,0.2992992992992993
0,425,0.6616616616616616
0,426,0.1891891891891892
0,427,0.2042042042042042
0,428,0.24924924924924924
0,429,0.1781781781781782
0,430,0.3763763763763764
0,431,0.23723723723723725
0,432,0.36936936936936937
0,433,0.33733733733733734
0,434,0.09009009009009009
0,435,0.33433433433433435
0,436,0.36436436436436437
0,437,0.2822822822822823
0,438,0.06106106106106106
0,439,0.12712712712712712
0,440,0.47147147147147145
0,441,0.19119119119119118
0,442,0.02702702702702703
0,443,0.23323323323323322
0,444,0.11411411411411411
0,445,0.35735735735735735
0,446,0.21521521521521522
0,447,0.21521521521521522
0,448,0.13413413413413414
0,449,0.11711711711711711
0,450,0.22422422422422422
0,451,0.1881881881881882
0,452,0.15815815815815815
0,453,0.25825825825825827
0,454,0.2822822822822823
0,455,0.5305305305305306
0,456,0.1881881881881882
0,457,0.3303303303303303
0,458,0.38238238238238237
0,459,0.07607607607607608
0,460,0.2902902902902903
0,461,0.1981981981981982
0,462,0.25825825825825827
0,463,0.03303303303303303
0,464,0.17717717717717718
0,465,0.34534534534534533
0,466,0.44844844844844844
0,467,0.3253253253253253
0,468,0.23723723723723725
0,469,0.27927927927927926
0,470,0.3353353353353353
0,471,0.17117117117117117
0,472,0.45845845845845845
0,473,0.021021021021021023
0,474,0.3783783783783784
0,475,0.45045045045045046
0,476,0.23223223223223224
0,477,0.057057057057057055
0,478,0.3433433433433433
0,479,0.22322322322322322
0,480,0.25625625625625625
0,481,0.10810810810810811
0,482,0.23923923923923923
0,483,0.6066066066066066
0,484,0.2972972972972973
0,485,0.1871871871871872
0,486,0.08008008008008008
0,487,0.14514514514514515
0,488,0.2092092092092092
0,489,0.04504504504504504
0,490,0.11711711711711711
0,491,0.3163163163163163
0,492,0.2982982982982983
0,493,0.06806806806806807
0,494,0.01701701701701702
0,495,0.5475475475475475
0,496,0.18118118118118118
0,497,0.17617617617617617
0,498,0.4904904904904905
0,499,0.3733733733733734
0,500,0.33933933933933935
0,501,0.16516516516516516
0,502,0.3073073073073073
0,503,0.26326326326326327
0,504,0.3213213213213213
0,505,0.1981981981981982
0,506,0.23823823823823823
0,507,0.06306306306306306
0,508,0.4804804804804805
0,509,0.24224224224224225
0,510,0.33433433433433435
0,511,0.2962962962962963
0,512,0.3203203203203203
0,513,0.2022022022022022
0,514,0.2062062062062062
0,515,0.14914914914914915
0,516,0.2782782782782783
0,517,0.07407407407407407
0,518,0.25125125125125125
0,519,0.42542542542542544
0,520,0.4974974974974975
0,521,0.38538538538538536
0,522,0.10510510510510511
0,523,0.4344344344344344
0,524,0.4004004004004004
0,525,0.12312312312312312
0,526,0.1001001001001001
0,527,0.16316316316316315
0,528,0.22722722722722724
0,529,0.2222222222222222
0,530,0.15815815815815815
0,531,0.3713713713713714
0,532,0.25425425425425424
0,533,0.6906906906906907
0,534,0.47347347347347346
0,535,0.10810810810810811
0,536,0.44744744744744747
0,537,0.3923923923923924
0,538,0.5595595595595596
0,539,0.13313313313313313
0,540,0.26126126126126126
0,541,0.26626626626626626
0,542,0.14814814814814814
0,543,0.4674674674674675
0,544,0.16316316316316315
0,545,0.13013013013013014
0,546,0.17217217217217218
0,547,0.24724724724724725
0,548,0.3973973973973974
0,549,0.4804804804804805
0,550,0.3973973973973974
0,551,0.43243243243243246
0,552,0.3103103103103103
0,553,0.037037037037037035
0,554,0.07407407407407407
0,555,0.4114114114114114
0,556,0.12212212212212212
0,557,0.08308308308308308
0,558,0.3533533533533533
0,559,0.35535535535535534
0,560,0.16716716716716717
0,561,0.6416416416416416
0,562,0.2092092092092092
0,563,0.2822822822822823
0,564,0.4164164164164164
0,565,0.4084084084084084
0,566,0.4084084084084084
0,567,0.2072072072072072
0,568,0.7117117117117117
0,569,0.4294294294294294
0,570,0.11311311311311312
0,571,0.16316316316316315
0,572,0.5115115115115115
0,573,0.07707707707707707
0,574,0.5355355355355356
0,575,0.4824824824824825
0,576,0.2022022022022022
0,577,0.0890890890890891
0,578,0.056056056056056056
0,579,0.22422422422422422
0,580,0.09009009009009009
0,581,0.43843843843843844
0,582,0.3083083083083083
0,583,0.15915915915915915
0,584,0.3103103103103103
0,585,0.18518518518518517
0,586,0.4974974974974975
0,587,0.34534534534534533
0,588,0.12012012012012012
0,589,0.21521521521521522
0,590,0.13313313313313313
0,591,0.09509509509509509
0,592,0.5125125125125125
0,593,0.2922922922922923
0,594,0.11211211211211211
0,595,0.20520520520520522
0,596,0.17017017017017017
0,597,0.2782782782782783
0,598,0.1921921921921922
0,599,0.1011011011011011
0,600,0.09009009009009009
0,601,0.34034034034034033
0,602,0.43243243243243246
0,603,0.24924924924924924
0,604,0.08208208208208208
0,605,0.09509509509509509
0,606,0.16716716716716717
0,607,0.17617617617617617
0,608,0.4004004004004004
0,609,0.1061061061061061
0,610,0.5265265265265265
0,611,0.5715715715715716
0,612,0.15515515515515516
0,613,0.08808808808808809
0,614,0.12212212212212212
0,615,0.44644644644644643
0,616,0.2172172172172172
0,617,0.24924924924924924
0,618,0.3713713713713714
0,619,0.3433433433433433
0,620,0.5205205205205206
0,621,0.2082082082082082
0,622,0.03803803803803804
0,623,0.2912912912912913
0,624,0.043043043043043044
0,625,0.11411411411411411
0,626,0.22722722722722724
0,627,0.5185185185185185
0,628,0.5505505505505506
0,629,0.36036036036036034
0,630,0.03303303303303303
0,631,0.24024024024024024
0,632,0.3913913913913914
0,633,0.3763763763763764
0,634,0.5785785785785785
0,635,0.6226226226226226
0,636,0.24324324324324326
0,637,0.09309309309309309
0,638,0.12312312312312312
0,639,0.03203203203203203
0,640,0.5495495495495496
0,641,0.4744744744744745
0,642,0.7357357357357357
0,643,0.23823823823823823
0,644,0.1871871871871872
0,645,0.7737737737737738
0,646,0.15415415415415415
0,647,0.0970970970970971
0,648,0.2852852852852853
0,649,0.14714714714714713
0,650,0.17617617617617617
0,651,0.1031031031031031
0,652,0.11711711711711711
0,653,0.3283283283283283
0,654,0.6116116116116116
0,655,0.15815815815815815
0,656,0.08008008008008008
0,657,0.14014014014014015
0,658,0.12412412412412413
0,659,0.06406406406406406
0,660,0.3893893893893894
0,661,0.30430430430430433
0,662,0.43243243243243246
0,663,0.1061061061061061
0,664,0.15015015015015015
0,665,0.2832832832832833
0,666,0.44544544544544545
0,667,0.1031031031031031
0,668,0.12712712712712712
0,669,0.17517517517517517
0,670,0.45545545545545546
0,671,0.37537537537537535
0,672,0.26426426426426425
0,673,0.15715715715715717
0,674,0.3813813813813814
0,675,0.031031031031031032
0,676,0.008008008008008008
0,677,0.5115115115115115
0,678,0.2222222222222222
0,679,0.2992992992992993
0,680,0.06906906906906907
0,681,0.2822822822822823
0,682,0.17617617617617617
0,683,0.12012012012012012
0,684,0.4364364364364364
0,685,0.36736736736736736
0,686,0.14714714714714713
0,687,0.43743743743743746
0,688,0.08008008008008008
0,689,0.3763763763763764
0,690,0.02902902902902903
0,691,0.08208208208208208
0,692,0.13413413413413414
0,693,0.07007007007007007
0,694,0.16616616616616617
0,695,0.45245245245245247
0,696,0.15015015015015015
0,697,0.42042042042042044
0,698,0.13013013013013014
0,699,0.6216216216216216
0,700,0.4904904904904905
0,701,0.6046046046046046
0,702,0.24524524524524524
0,703,0.1981981981981982
0,704,0.37237237237237236
0,705,0.23523523523523523
0,706,0.03003003003003003
0,707,0.10810810810810811
0,708,0.16516516516516516
0,709,0.25725725725725723
0,710,0.12512512512512514
0,711,0.23923923923923923
0,712,0.39039039039039036
0,713,0.29429429429429427
0,714,0.3263263263263263
0,715,0.25125125125125125
0,716,0.47647647647647645
0,717,0.08608608608608609
0,718,0.2172172172172172
0,719,0.12812812812812813
0,720,0.1781781781781782
0,721,0.25625625625625625
0,722,0.31931931931931934
0,723,0.6126126126126126
0,724,0.05005005005005005
0,725,0.14114114114114115
0,726,0.7477477477477478
0,727,0.6666666666666666
0,728,0.11011011011011011
0,729,0.007007007007007007
0,730,0.7427427427427428
0,731,0.25225225225225223
0,732,0.32732732732732733
0,733,0.7377377377377378
0,734,0.31931931931931934
0,735,0.11711711711711711
0,736,0.20520520520520522
0,737,0.2802802802802803
0,738,0.6436436436436437
0,739,0.4574574574574575
0,740,0.5135135135135135
0,741,0.11711711711711711
0,742,0.24524524524524524
0,743,0.5355355355355356
0,744,0.24624624624624625
0,745,0.3763763763763764
0,746,0.5105105105105106
0,747,0.04604604604604605
0,748,0.07507507507507508
0,749,0.09309309309309309
0,750,0.42542542542542544
0,751,0.06706706706706707
0,752,0.0920920920920921
0,753,0.1961961961961962
0,754,0.1881881881881882
0,755,0.21521521521521522
0,756,0.4494494494494494
0,757,0.3133133133133133
0,758,0.14314314314314314
0,759,0.24424424424424424
0,760,0.5005005005005005
0,761,0.3883883883883884
0,762,0.45845845845845845
0,763,0.1931931931931932
0,764,0.8268268268268268
0,765,0.07207207207207207
0,766,0.17217217217217218
0,767,0.4844844844844845
0,768,0.1921921921921922
0,769,0.35235235235235235
0,770,0.3263263263263263
0,771,0.6136136136136137
0,772,0.5235235235235235
0,773,0.7127127127127127
0,774,0.16816816816816818
0,775,0.0980980980980981
0,776,0.15215215215215216
0,777,0.28928928928928926
0,778,0.2902902902902903
0,779,0.35535535535535534
0,780,0.06606606606606606
0,781,0.4574574574574575
0,782,0.1921921921921922
0,783,0.33633633633633636
0,784,0.5835835835835835
0,785,0.17117117117117117
0,786,0.2752752752752753
0,787,0.07307307307307308
0,788,0.17017017017017017
0,789,0.31931931931931934
0,790,0.44344344344344344
0,791,0.19519519519519518
0,792,0.5435435435435435
0,793,0.03203203203203203
0,794,0.2992992992992993
0,795,0.3103103103103103
0,796,0.12312312312312312
0,797,0.2012012012012012
0,798,0.6336336336336337
0,799,0.5755755755755756
0,800,0.2132132132132132
0,801,0.21121121121121122
0,802,0.13013013013013014
0,803,0.18018018018018017
0,804,0.3973973973973974
0,805,0.38038038038038036
0,806,0.3663663663663664
0,807,0.06406406406406406
0,808,0.34034034034034033
0,809,0.28928928928928926
0,810,0.46546546546546547
0,811,0.2952952952952953
0,812,0.057057057057057055
0,813,0.12512512512512514
0,814,0.04704704704704705
0,815,0.8398398398398398
0,816,0.37237237237237236
0,817,0.3893893893893894
0,818,0.2952952952952953
0,819,0.47647647647647645
0,820,0.27127127127127126
0,821,0.6346346346346347
0,822,0.4044044044044044
0,823,0.1881881881881882
0,824,0.19019019019019018
0,825,0.2922922922922923
0,826,0.6806806806806807
0,827,0.3763763763763764
0,828,0.07407407407407407
0,829,0.15915915915915915
0,830,0.15415415415415415
0,831,0.33933933933933935
0,832,0.22522522522522523
0,833,0.14514514514514515
0,834,0.013013013013013013
0,835,0.22322322322322322
0,836,0.3333333333333333
0,837,0.06506506506506507
0,838,0.35835835835835833
0,839,0.4994994994994995
0,840,0.35435435435435436
0,841,0.26326326326326327
0,842,0.7687687687687688
0,843,0.25825825825825827
0,844,0.022022022022022022
0,845,0.2992992992992993
0,846,0.16716716716716717
0,847,0.5685685685685685
0,848,0.2772772772772773
0,849,0.46046046046046046
0,850,0.2832832832832833
0,851,0.2072072072072072
0,852,0.2872872872872873
0,853,0.43843843843843844
0,854,0.13313313313313313
0,855,0.19519519519519518
0,856,0.3013013013013013
0,857,0.44244244244244246
0,858,0.3933933933933934
0,859,0.2752752752752753
0,860,0.3993993993993994
0,861,0.34534534534534533
0,862,0.4984984984984985
0,863,0.7077077077077077
0,864,0.4014014014014014
0,865,0.1041041041041041
0,866,0.3123123123123123
0,867,0.6226226226226226
0,868,0.08608608608608609
0,869,0.5615615615615616
0,870,0.08508508508508508
0,871,0.3433433433433433
0,872,0.23123123123123124
0,873,0.07907907907907907
0,874,0.44344344344344344
0,875,0.22022022022022023
0,876,0.26626626626626626
0,877,0.03403403403403404
0,878,0.36036036036036034
0,879,0.044044044044044044
0,880,0.15315315315315314
0,881,0.5795795795795796
0,882,0.2922922922922923
0,883,0.22022022022022023
0,884,0.2862862862862863
0,885,0.6106106106106106
0,886,0.1831831831831832
0,887,0.4894894894894895
0,888,0.17017017017017017
0,889,0.055055055055055056
0,890,0.7227227227227228
0,891,0.12212212212212212
0,892,0.22722722722722724
0,893,0.24624624624624625
0,894,0.44744744744744747
0,895,0.1931931931931932
0,896,0.26226226226226224
0,897,0.2952952952952953
0,898,0.06806806806806807
0,899,0.1871871871871872
0,900,0.4114114114114114
0,901,0.2722722722722723
0,902,0.2972972972972973
0,903,0.34934934934934936
0,904,0.2172172172172172
0,905,0.43743743743743746
0,906,0.40540540540540543
0,907,0.2122122122122122
0,908,0.06606606606606606
0,909,0.2862862862862863
0,910,0.5545545545545546
0,911,0.2182182182182182
0,912,0.3963963963963964
0,913,0.26926926926926925
0,914,0.4744744744744745
0,915,0.1781781781781782
0,916,0.21021021021021022
0,917,0.26226226226226224
0,918,0.26126126126126126
0,919,0.5535535535535535
0,920,0.1991991991991992
0,921,0.2982982982982983
0,922,0.44244244244244246
0,923,0.36036036036036034
0,924,0.4244244244244244
0,925,0.4894894894894895
0,926,0.1061061061061061
0,927,0.35835835835835833
0,928,0.17717717717717718
0,929,0.2952952952952953
0,930,0.8238238238238238
0,931,0.12112112112112113
0,932,0.42242242242242245
0,933,0.3083083083083083
0,934,0.2072072072072072
0,935,0.1061061061061061
0,936,0.08508508508508508
0,937,0.3533533533533533
0,938,0.4724724724724725
0,939,0.3213213213213213
0,940,0.3563563563563564
0,941,0.3923923923923924
0,942,0.23223223223223224
0,943,0.6316316316316316
0,944,0.07207207207207207
0,945,0.22922922922922923
0,946,0.7347347347347347
0,947,0.12412412412412413
0,948,0.5665665665665666
0,949,0.3023023023023023
0,950,0.05405405405405406
0,951,0.12412412412412413
0,952,0.46146146146146144
0,953,0.32432432432432434
0,954,0.01701701701701702
0,955,0.5425425425425425
0,956,0.24324324324324326
0,957,0.2552552552552553
0,958,0.17617617617617617
0,959,0.1831831831831832
0,960,0.16916916916916916
0,961,0.48348348348348347
0,962,0.10510510510510511
0,963,0.05305305305305305
0,964,0.2862862862862863
0,965,0.5725725725725725
0,966,0.43243243243243246
0,967,0.3083083083083083
0,968,0.3953953953953954
0,969,0.17417417417417416
0,970,0.21121121121121122
0,971,0.23723723723723725
0,972,0.2832832832832833
0,973,0.2182182182182182
0,974,0.035035035035035036
0,975,0.34934934934934936
0,976,0.5405405405405406
0,977,0.06806806806806807
0,978,0.06806806806806807
0,979,0.13613613613613615
0,980,0.2922922922922923
0,981,0.3863863863863864
0,982,0.2072072072072072
0,983,0.15315315315315314
0,984,0.13113113113113112
0,985,0.5345345345345346
0,986,0.5685685685685685
0,987,0.01901901901901902
0,988,0.37237237237237236
0,989,0.018018018018018018
0,990,0.21921921921921922
0,991,0.05305305305305305
0,992,0.35235235235235235
0,993,0.2502502502502503
0,994,0.3173173173173173
0,995,0.48148148148148145
0,996,0.3163163163163163
0,997,0.1031031031031031
0,998,0.25125125125125125
0,999,0.3683683683683684
0,1000,0.17117117117117117
0,1001,0.44144144144144143
0,1002,0.37237237237237236
0,1003,0.4084084084084084
0,1004,0.4964964964964965
0,1005,0.2922922922922923
0,1006,0.23423423423423423
0,1007,0.22122122122122123
0,1008,0.17517517517517517
0,1009,0.3563563563563564
0,1010,0.15715715715715717
0,1011,0.14114114114114115
0,1012,0.13913913913913914
0,1013,0.2012012012012012
0,1014,0.17017017017017017
0,1015,0.11611611611611612
0,1016,0.042042042042042045
0,1017,0.3173173173173173
0,1018,0.5115115115115115
0,1019,0.17617617617617617
0,1020,0.08208208208208208
0,1021,0.7097097097097097
0,1022,0.22922922922922923
0,1023,0.3033033033033033
0,1024,0.4164164164164164
0,1025,0.33633633633633636
0,1026,0.07107107107107107
0,1027,0.5195195195195195
0,1028,0.44244244244244246
0,1029,0.07607607607607608
0,1030,0.11311311311311312
0,1031,0.037037037037037035
0,1032,0.23223223223223224
0,1033,0.6916916916916916
0,1034,0.45045045045045046
0,1035,0.2922922922922923
0,1036,0.1031031031031031
0,1037,0.06106106106106106
0,1038,0.12612612612612611
0,1039,0.3203203203203203
0,1040,0.17217217217217218
0,1041,0.1111111111111111
0,1042,0.32932932932932935
0,1043,0.2972972972972973
0,1044,0.23023023023023023
0,1045,0.24724724724724725
0,1046,0.07707707707707707
0,1047,0.36436436436436437
0,1048,0.13613613613613615
0,1049,0.23023023023023023
0,1050,0.12112112112112113
0,1051,0.14114114114114115
0,1052,0.2772772772772773
0,1053,0.12712712712712712
0,1054,0.21521521521521522
0,1055,0.1111111111111111
0,1056,0.30930930930930933
0,1057,0.08608608608608609
0,1058,0.4804804804804805
0,1059,0.1931931931931932
0,1060,0.42242242242242245
0,1061,0.08108108108108109
0,1062,0.4824824824824825
0,1063,0.30930930930930933
0,1064,0.7887887887887888
0,1065,0.6496496496496497
0,1066,0.19119119119119118
0,1067,0.3613613613613614
0,1068,0.7347347347347347
0,1069,0.24924924924924924
0,1070,0.15515515515515516
0,1071,0.15215215215215216
0,1072,0.4174174174174174
0,1073,0.27927927927927926
0,1074,0.12912912912912913
0,1075,0.6156156156156156
0,1076,0.28128128128128127
0,1077,0.22722722722722724
0,1078,0.2962962962962963
0,1079,0.12312312312312312
0,1080,0.2702702702702703
0,1081,0.24024024024024024
0,1082,0.35935935935935936
0,1083,0.5665665665665666
0,1084,0.2882882882882883
0,1085,0.21621621621621623
0,1086,0.3123123123123123
0,1087,0.4094094094094094
0,1088,0.21621621621621623
0,1089,0.5855855855855856
0,1090,0.31431431431431434
0,1091,0.07507507507507508
0,1092,0.4934934934934935
0,1093,0.1841841841841842
0,1094,0.14614614614614616
0,1095,0.32232232232232233
0,1096,0.24624624624624625
0,1097,0.25725725725725723
0,1098,0.13313313313313313
0,1099,0.4164164164164164
0,1100,0.3953953953953954
0,1101,0.007007007007007007
0,1102,0.5535535535535535
0,1103,0.25625625625625625
0,1104,0.18218218218218218
0,1105,0.3633633633633634
0,1106,0.3213213213213213
0,1107,0.18518518518518517
0,1108,0.4094094094094094
0,1109,0.22522522522522523
0,1110,0.07007007007007007
0,1111,0.4164164164164164
0,1112,0.2912912912912913
0,1113,0.6606606606606606
0,1114,0.14214214214214213
0,1115,0.22922922922922923
0,1116,0.4144144144144144
0,1117,0.15915915915915915
0,1118,0.3063063063063063
0,1119,0.05805805805805806
0,1120,0.044044044044044044
0,1121,0.09309309309309309
0,1122,0.36536536536536535
0,1123,0.26326326326326327
0,1124,0.1931931931931932
0,1125,0.4994994994994995
0,1126,0.17717717717717718
0,1127,0.38238238238238237
0,1128,0.11711711711711711
0,1129,0.06906906906906907
0,1130,0.3733733733733734
0,1131,0.2852852852852853
0,1132,0.12112112112112113
0,1133,0.8058058058058059
0,1134,0.46846846846846846
0,1135,0.27427427427427425
0,1136,0.34034034034034033
0,1137,0.2062062062062062
0,1138,0.05805805805805806
0,1139,0.11611611611611612
0,1140,0.31931931931931934
0,1141,0.4854854854854855
0,1142,0.13213213213213212
0,1143,0.21521521521521522
0,1144,0.17017017017017017
0,1145,0.25625625625625625
0,1146,0.19019019019019018
0,1147,0.2122122122122122
0,1148,0.09309309309309309
0,1149,0.037037037037037035
0,1150,0.5655655655655656
0,1151,0.12612612612612611
0,1152,0.13113113113113112
0,1153,0.3163163163163163
0,1154,0.12412412412412413
0,1155,0.4014014014014014
0,1156,0.24024024024024024
0,1157,0.16716716716716717
0,1158,0.031031031031031032
0,1159,0.0970970970970971
0,1160,0.5105105105105106
0,1161,0.5025025025025025
0,1162,0.3203203203203203
0,1163,0.32232232232232233
0,1164,0.4184184184184184
0,1165,0.04004004004004004
0,1166,0.16216216216216217
0,1167,0.4394394394394394
0,1168,0.2832832832832833
0,1169,0.6166166166166166
0,1170,0.42342342342342343
0,1171,0.07007007007007007
0,1172,0.21921921921921922
0,1173,0.2782782782782783
0,1174,0.4674674674674675
0,1175,0.07407407407407407
0,1176,0.25425425425425424
0,1177,0.4014014014014014
0,1178,0.15115115115115116
0,1179,0.3733733733733734
0,1180,0.5065065065065065
0,1181,0.14814814814814814
0,1182,0.5365365365365365
0,1183,0.13913913913913914
0,1184,0.43043043043043044
0,1185,0.22022022022022023
0,1186,0.3633633633633634
0,1187,0.25625625625625625
0,1188,0.6916916916916916
0,1189,0.4994994994994995
0,1190,0.16316316316316315
0,1191,0.3863863863863864
0,1192,0.0960960960960961
0,1193,0.21121121121121122
0,1194,0.4114114114114114
0,1195,0.4964964964964965
0,1196,0.5685685685685685
0,1197,0.14814814814814814
0,1198,0.5605605605605606
0,1199,0.2182182182182182
0,1200,0.3233233233233233
0,1201,0.07407407407407407
0,1202,0.2032032032032032
0,1203,0.2062062062062062
0,1204,0.35535535535535534
0,1205,0.43343343343343343
0,1206,0.14514514514514515
0,1207,0.44644644644644643
0,1208,0.15815815815815815
0,1209,0.3833833833833834
0,1210,0.25625625625625625
0,1211,0.25925925925925924
0,1212,0.1031031031031031
0,1213,0.14314314314314314
0,1214,0.27427427427427425
0,1215,0.7197197197197197
0,1216,0.22122122122122123
0,1217,0.2062062062062062
0,1218,0.3163163163163163
0,1219,0.3973973973973974
0,1220,0.46846846846846846
0,1221,0.15015015015015015
0,1222,0.3793793793793794
0,1223,0.02702702702702703
0,1224,0.12712712712712712
0,1225,0.04904904904904905
0,1226,0.5385385385385385
0,1227,0.3843843843843844
0,1228,0.4594594594594595
0,1229,0.21421421421421422
0,1230,0.3353353353353353
0,1231,0.7937937937937938
0,1232,0.2652652652652653
0,1233,0.3153153153153153
0,1234,0.06906906906906907
0,1235,0.2022022022022022
0,1236,0.07107107107107107
0,1237,0.31431431431431434
0,1238,0.15915915915915915
0,1239,0.39039039039039036
0,1240,0.5935935935935935
0,1241,0.2042042042042042
0,1242,0.1781781781781782
0,1243,0.1921921921921922
0,1244,0.15315315315315314
0,1245,0.25425425425425424
0,1246,0.17917917917917917
0,1247,0.5085085085085085
0,1248,0.04904904904904905
0,1249,0.1931931931931932
1,0,0.018018018018018018
1,1,0.03203203203203203
1,2,0.07107107107107107
1,3,0.09009009009009009
1,4,0.28928928928928926
1,5,0.031031031031031032
1,6,0.12812812812812813
1,7,0.2032032032032032
1,8,0.1871871871871872
1,9,0.09109109109109109
1,10,0.10710710710710711
1,11,0.10510510510510511
1,12,0.19019019019019018
1,13,0.13513513513513514
1,14,0.05805805805805806
1,15,0.07707707707707707
1,16,0.07907907907907907
1,17,0.17217217217217218
1,18,0.004004004004004004
1,19,0.3103103103103103
1,20,0.055055055055055056
1,21,0.014014014014014014
1,22,0.17417417417417416
1,23,0.09509509509509509
1,24,0.14414414414414414
1,25,0.07607607607607608
1,26,0.08808808808808809
1,27,0.1091091091091091
1,28,0.013013013013013013
1,29,0.05005005005005005
1,30,0.23323323323323322
1,31,0.15015015015015015
1,32,0.1891891891891892
1,33,0.10810810810810811
1,34,0.07707707707707707
1,35,0.12212212212212212
1,36,0.12012012012012012
1,37,0.11011011011011011
1,38,0.12712712712712712
1,39,0.31431431431431434
1,40,0.02902902902902903
1,41,0.22322322322322322
1,42,0.06306306306306306
1,43,0.021021021021021023
1,44,0.013013013013013013
1,45,0.2872872872872873
1,46,0.09109109109109109
1,47,0.15715715715715717
1,48,0.04004004004004004
1,49,0.02702702702702703
1,50,0.03003003003003003
1,51,0.06506506506506507
1,52,0.05105105105105105
1,53,0.11811811811811812
1,54,0.028028028028028028
1,55,0.06606606606606606
1,56,0.031031031031031032
1,57,0.023023023023023025
1,58,0.2972972972972973
1,59,0.055055055055055056
1,60,0.015015015015015015
1,61,0.035035035035035036
1,62,0.022022022022022022
1,63,0.04004004004004004
1,64,0.01701701701701702
1,65,0.03303303303303303
1,66,0.022022022022022022
1,67,0.0970970970970971
1,68,0.06506506506506507
1,69,0.043043043043043044
1,70,0.07007007007007007
1,71,0.05405405405405406
1,72,0.12512512512512514
1,73,0.0960960960960961
1,74,0.11411411411411411
1,75,0.12212212212212212
1,76,0.006006006006006006
1,77,0.13313313313313313
1,78,0.04704704704704705
1,79,0.42842842842842843
1,80,0.0990990990990991
1,81,0.13913913913913914
1,82,0.1011011011011011
1,83,0.043043043043043044
1,84,0.035035035035035036
1,85,0.08208208208208208
1,86,0.01901901901901902
1,87,0.021021021021021023
1,88,0.05105105105105105
1,89,0.057057057057057055
1,90,0.05305305305305305
1,91,0.016016016016016016
1,92,0.05805805805805806
1,93,0.24424424424424424
1,94,0.11011011011011011
1,95,0.04504504504504504
1,96,0.11011011011011011
1,97,0.06706706706706707
1,98,0.06606606606606606
1,99,0.24024024024024024
1,100,0.015015015015015015
1,101,0.14614614614614616
1,102,0.023023023023023025
1,103,0.06706706706706707
1,104,0.04604604604604605
1,105,0.05205205205205205
1,106,0.17717717717717718
1,107,0.07807807807807808
1,108,0.042042042042042045
1,109,0.044044044044044044
1,110,0.01901901901901902
1,111,0.044044044044044044
1,112,0.0920920920920921
1,113,0.10810810810810811
1,114,0.12212212212212212
1,115,0.08708708708708708
1,116,0.06006006006006006
1,117,0.01701701701701702
1,118,0.037037037037037035
1,119,0.2732732732732733
1,120,0.04604604604604605
1,121,0.2132132132132132
1,122,0.06506506506506507
1,123,0.025025025025025027
1,124,0.1961961961961962
1,125,0.14814814814814814
1,126,0.01701701701701702
1,127,0.03003003003003003
1,128,0.0960960960960961
1,129,0.08208208208208208
1,130,0.09109109109109109
1,131,0.15615615615615616
1,132,0.035035035035035036
1,133,0.05105105105105105
1,134,0.031031031031031032
1,135,0.16916916916916916
1,136,0.3263263263263263
1,137,0.022022022022022022
1,138,0.0890890890890891
1,139,0.08808808808808809
1,140,0.23323323323323322
1,141,0.12912912912912913
1,142,0.01701701701701702
1,143,0.16316316316316315
1,144,0.04904904904904905
1,145,0.02902902902902903
1,146,0.05405405405405406
1,147,0.06706706706706707
1,148,0.042042042042042045
1,149,0.006006006006006006
1,150,0.04504504504504504
1,151,0.04904904904904905
1,152,0.036036036036036036
1,153,0.12512512512512514
1,154,0.03803803803803804
1,155,0.12512512512512514
1,156,0.06306306306306306
1,157,0.16216216216216217
1,158,0.2912912912912913
1,159,0.014014014014014014
1,160,0.037037037037037035
1,161,0.05805805805805806
1,162,0.08708708708708708
1,163,0.01901901901901902
1,164,0.10710710710710711
1,165,0.03803803803803804
1,166,0.15715715715715717
1,167,0.2032032032032032
1,168,0.06406406406406406
1,169,0.01901901901901902
1,170,0.08708708708708708
1,171,0.06306306306306306
1,172,0.09009009009009009
1,173,0.0970970970970971
1,174,0.09009009009009009
1,175,0.05805805805805806
1,176,0.04604604604604605
1,177,0.06806806806806807
1,178,0.008008008008008008
1,179,0.028028028028028028
1,180,0.22622622622622623
1,181,0.04504504504504504
1,182,0.0920920920920921
1,183,0.26226226226226224
1,184,0.24224224224224225
1,185,0.02702702702702703
1,186,0.03903903903903904
1,187,0.07507507507507508
1,188,0.036036036036036036
1,189,0.1781781781781782
1,190,0.23323323323323322
1,191,0.05205205205205205
1,192,0.011011011011011011
1,193,0.06506506506506507
1,194,0.04504504504504504
1,195,0.0970970970970971
1,196,0.05805805805805806
1,197,0.0990990990990991
1,198,0.14014014014014015
1,199,0.01701701701701702
1,200,0.18018018018018017
1,201,0.023023023023023025
1,202,0.08508508508508508
1,203,0.04904904904904905
1,204,0.15015015015015015
1,205,0.07207207207207207
1,206,0.026026026026026026
1,207,0.12512512512512514
1,208,0.08008008008008008
1,209,0.1061061061061061
1,210,0.02002002002002002
1,211,0.17317317317317318
1,212,0.022022022022022022
1,213,0.13313313313313313
1,214,0.06106106106106106
1,215,0.16616616616616617
1,216,0.22822822822822822
1,217,0.011011011011011011
1,218,0.0960960960960961
1,219,0.014014014014014014
1,220,0.17117117117117117
1,221,0.1041041041041041
1,222,0.04604604604604605
1,223,0.007007007007007007
1,224,0.11411411411411411
1,225,0.026026026026026026
1,226,0.16716716716716717
1,227,0.056056056056056056
1,228,0.024024024024024024
1,229,0.01701701701701702
1,230,0.04704704704704705
1,231,0.16616616616616617
1,232,0.11911911911911911
1,233,0.2122122122122122
1,234,0.037037037037037035
1,235,0.09109109109109109
1,236,0.11311311311311312
1,237,0.11511511511511512
1,238,0.0920920920920921
1,239,0.07007007007007007
1,240,0.022022022022022022
1,241,0.23223223223223224
1,242,0.05405405405405406
1,243,0.2082082082082082
1,244,0.17317317317317318
1,245,0.08408408408408409
1,246,0.2182182182182182
1,247,0.08808808808808809
1,248,0.04504504504504504
1,249,0.36736736736736736
1,250,0.0890890890890891
1,251,0.28928928928928926
1,252,0.14314314314314314
1,253,0.01001001001001001
1,254,0.26126126126126126
1,255,0.1891891891891892
1,256,0.13013013013013014
1,257,0.22422422422422422
1,258,0.062062062062062065
1,259,0.04104104104104104
1,260,0.3113113113113113
1,261,0.028028028028028028
1,262,0.15515515515515516
1,263,0.062062062062062065
1,264,0.11411411411411411
1,265,0.06306306306306306
1,266,0.17017017017017017
1,267,0.15715715715715717
1,268,0.05105105105105105
1,269,0.03203203203203203
1,270,0.3483483483483483
1,271,0.043043043043043044
1,272,0.11711711711711711
1,273,0.07807807807807808
1,274,0.2182182182182182
1,275,0.2172172172172172
1,276,0.1991991991991992
1,277,0.02702702702702703
1,278,0.05405405405405406
1,279,0.011011011011011011
1,280,0.13313313313313313
1,281,0.023023023023023025
1,282,0.044044044044044044
1,283,0.05805805805805806
1,284,0.2002002002002002
1,285,0.23123123123123124
1,286,0.062062062062062065
1,287,0.25425425425425424
1,288,0.0890890890890891
1,289,0.13913913913913914
1,290,0.023023023023023025
1,291,0.16716716716716717
1,292,0.03003003003003003
1,293,0.011011011011011011
1,294,0.21621621621621623
1,295,0.057057057057057055
1,296,0.04104104104104104
1,297,0.0970970970970971
1,298,0.08208208208208208
1,299,0.06806806806806807
1,300,0.12612612612612611
1,301,0.13213213213213212
1,302,0.24424424424424424
1,303,0.1091091091091091
1,304,0.055055055055055056
1,305,0.03003003003003003
1,306,0.01001001001001001
1,307,0.15715715715715717
1,308,0.3053053053053053
1,309,0.17417417417417416
1,310,0.24124124124124124
1,311,0.14814814814814814
1,312,0.2922922922922923
1,313,0.026026026026026026
1,314,0.4674674674674675
1,315,0.08308308308308308
1,316,0.13513513513513514
1,317,0.016016016016016016
1,318,0.07007007007007007
1,319,0.023023023023023025
1,320,0.06106106106106106
1,321,0.08008008008008008
1,322,0.03303303303303303
1,323,0.13413413413413414
1,324,0.031031031031031032
1,325,0.1091091091091091
1,326,0.06306306306306306
1,327,0.001001001001001001
1,328,0.026026026026026026
1,329,0.14714714714714713
1,330,0.08808808808808809
1,331,0.03003003003003003
1,332,0.05405405405405406
1,333,0.07907907907907907
1,334,0.15615615615615616
1,335,0.07007007007007007
1,336,0.03203203203203203
1,337,0.012012012012012012
1,338,0.042042042042042045
1,339,0.0890890890890891
1,340,0.11911911911911911
1,341,0.056056056056056056
1,342,0.11711711711711711
1,343,0.035035035035035036
1,344,0.17717717717717718
1,345,0.01701701701701702
1,346,0.024024024024024024
1,347,0.06906906906906907
1,348,0.18518518518518517
1,349,0.0980980980980981
1,350,0.07307307307307308
1,351,0.04804804804804805
1,352,0.0940940940940941
1,353,0.024024024024024024
1,354,0.018018018018018018
1,355,0.024024024024024024
1,356,0.1781781781781782
1,357,0.25425425425425424
1,358,0.14714714714714713
1,359,0.11311311311311312
1,360,0.13213213213213212
1,361,0.016016016016016016
1,362,0.16016016016016016
1,363,0.0960960960960961
1,364,0.38738738738738737
1,365,0.1941941941941942
1,366,0.1781781781781782
1,367,0.08608608608608609
1,368,0.08308308308308308
1,369,0.023023023023023025
1,370,0.22522522522522523
1,371,0.0990990990990991
1,372,0.037037037037037035
1,373,0.005005005005005005
1,374,0.11211211211211211
1,375,0.12012012012012012
1,376,0.05105105105105105
1,377,0.057057057057057055
1,378,0.5085085085085085
1,379,0.021021021021021023
1,380,0.044044044044044044
1,381,0.044044044044044044
1,382,0.10510510510510511
1,383,0.05205205205205205
1,384,0.12312312312312312
1,385,0.10810810810810811
1,386,0.07607607607607608
1,387,0.015015015015015015
1,388,0.13613613613613615
1,389,0.0890890890890891
1,390,0.06106106106106106
1,391,0.09309309309309309
1,392,0.1001001001001001
1,393,0.04804804804804805
1,394,0.04904904904904905
1,395,0.03003003003003003
1,396,0.05005005005005005
1,397,0.27927927927927926
1,398,0.21521521521521522
1,399,0.1061061061061061
1,400,0.15415415415415415
1,401,0.24324324324324326
1,402,0.024024024024024024
1,403,0.1881881881881882
1,404,0.036036036036036036
1,405,0.1971971971971972
1,406,0.11211211211211211
1,407,0.016016016016016016
1,408,0.026026026026026026
1,409,0.06006006006006006
1,410,0.12912912912912913
1,411,0.08508508508508508
1,412,0.2862862862862863
1,413,0.016016016016016016
1,414,0.05005005005005005
1,415,0.12412412412412413
1,416,0.11211211211211211
1,417,0.16616616616616617
1,418,0.03203203203203203
1,419,0.007007007007007007
1,420,0.036036036036036036
1,421,0.01901901901901902
1,422,0.02702702702702703
1,423,0.1111111111111111
1,424,0.12212212212212212
1,425,0.07307307307307308
1,426,0.01901901901901902
1,427,0.01701701701701702
1,428,0.24524524524524524
1,429,0.2972972972972973
1,430,0.036036036036036036
1,431,0.16516516516516516
1,432,0.007007007007007007
1,433,0.011011011011011011
1,434,0.012012012012012012
1,435,0.13413413413413414
1,436,0.25125125125125125
1,437,0.15215215215215216
1,438,0.037037037037037035
1,439,0.007007007007007007
1,440,0.17917917917917917
1,441,0.24024024024024024
1,442,0.008008008008008008
1,443,0.11711711711711711
1,444,0.07607607607607608
1,445,0.13413413413413414
1,446,0.07807807807807808
1,447,0.031031031031031032
1,448,0.07807807807807808
1,449,0.13813813813813813
1,450,0.013013013013013013
1,451,0.024024024024024024
1,452,0.055055055055055056
1,453,0.08808808808808809
1,454,0.13213213213213212
1,455,0.06406406406406406
1,456,0.05205205205205205
1,457,0.2902902902902903
1,458,0.055055055055055056
1,459,0.016016016016016016
1,460,0.1031031031031031
1,461,0.08508508508508508
1,462,0.028028028028028028
1,463,0.1031031031031031
1,464,0.026026026026026026
1,465,0.06906906906906907
1,466,0.13013013013013014
1,467,0.07607607607607608
1,468,0.04004004004004004
1,469,0.07107107107107107
1,470,0.05805805805805806
1,471,0.02702702702702703
1,472,0.17317317317317318
1,473,0.17717717717717718
1,474,0.031031031031031032
1,475,0.04904904904904905
1,476,0.2122122122122122
1,477,0.33233233233233234
1,478,0.062062062062062065
1,479,0.12712712712712712
1,480,0.10710710710710711
1,481,0.26426426426426425
1,482,0.012012012012012012
1,483,0.04104104104104104
1,484,0.16416416416416416
1,485,0.07707707707707707
1,486,0.03903903903903904
1,487,0.0890890890890891
1,488,0.07807807807807808
1,489,0.23023023023023023
1,490,0.4044044044044044
1,491,0.001001001001001001
1,492,0.04904904904904905
1,493,0.07607607607607608
1,494,0.08208208208208208
1,495,0.11511511511511512
1,496,0.08308308308308308
1,497,0.08008008008008008
1,498,0.13513513513513514
1,499,0.0980980980980981
1,500,0.08608608608608609
1,501,0.024024024024024024
1,502,0.03003003003003003
1,503,0.06906906906906907
1,504,0.04104104104104104
1,505,0.03903903903903904
1,506,0.06806806806806807
1,507,0.16016016016016016
1,508,0.16716716716716717
1,509,0.2922922922922923
1,510,0.06006006006006006
1,511,0.09309309309309309
1,512,0.024024024024024024
1,513,0.035035035035035036
1,514,0.018018018018018018
1,515,0.016016016016016016
1,516,0.15115115115115116
1,517,0.2872872872872873
1,518,0.2072072072072072
1,519,0.023023023023023025
1,520,0.2872872872872873
1,521,0.11011011011011011
1,522,0.07407407407407407
1,523,0.05305305305305305
1,524,0.07607607607607608
1,525,0.057057057057057055
1,526,0.4924924924924925
1,527,0.015015015015015015
1,528,0.04504504504504504
1,529,0.2222222222222222
1,530,0.07907907907907907
1,531,0.04004004004004004
1,532,0.17617617617617617
1,533,0.05005005005005005
1,534,0.0960960960960961
1,535,0.4114114114114114
1,536,0.1041041041041041
1,537,0.02702702702702703
1,538,0.1111111111111111
1,539,0.16716716716716717
1,540,0.05805805805805806
1,541,0.022022022022022022
1,542,0.055055055055055056
1,543,0.044044044044044044
1,544,0.11411411411411411
1,545,0.022022022022022022
1,546,0.03203203203203203
1,547,0.026026026026026026
1,548,0.0970970970970971
1,549,0.1781781781781782
1,550,0.25625625625625625
1,551,0.1031031031031031
1,552,0.014014014014014014
1,553,0.018018018018018018
1,554,0.2032032032032032
1,555,0.01701701701701702
1,556,0.02002002002002002
1,557,0.01701701701701702
1,558,0.12212212212212212
1,559,0.013013013013013013
1,560,0.2022022022022022
1,561,0.04604604604604605
1,562,0.09009009009009009
1,563,0.25225225225225223
1,564,0.12112112112112113
1,565,0.035035035035035036
1,566,0.023023023023023025
1,567,0.26326326326326327
1,568,0.0940940940940941
1,569,0.014014014014014014
1,570,0.30930930930930933
1,571,0.17717717717717718
1,572,0.012012012012012012
1,573,0.13913913913913914
1,574,0.009009009009009009
1,575,0.056056056056056056
1,576,0.03003003003003003
1,577,0.1001001001001001
1,578,0.04504504504504504
1,579,0.11511511511511512
1,580,0.025025025025025027
1,581,0.05005005005005005
1,582,0.031031031031031032
1,583,0.01001001001001001
1,584,0.02002002002002002
1,585,0.33633633633633636
1,586,0.06406406406406406
1,587,0.19519519519519518
1,588,0.07607607607607608
1,589,0.04104104104104104
1,590,0.043043043043043044
1,591,0.008008008008008008
1,592,0.028028028028028028
1,593,0.02002002002002002
1,594,0.021021021021021023
1,595,0.11011011011011011
1,596,0.0980980980980981
1,597,0.024024024024024024
1,598,0.06306306306306306
1,599,0.08408408408408409
1,600,0.03303303303303303
1,601,0.057057057057057055
1,602,0.006006006006006006
1,603,0.024024024024024024
1,604,0.07207207207207207
1,605,0.056056056056056056
1,606,0.11211211211211211
1,607,0.13813813813813813
1,608,0.1091091091091091
1,609,0.1061061061061061
1,610,0.2552552552552553
1,611,0.056056056056056056
1,612,0.07507507507507508
1,613,0.07007007007007007
1,614,0.16116116116116116
1,615,0.17117117117117117
1,616,0.12912912912912913
1,617,0.01701701701701702
1,618,0.17617617617617617
1,619,0.08408408408408409
1,620,0.10710710710710711
1,621,0.08708708708708708
1,622,0.037037037037037035
1,623,0.25125125125125125
1,624,0.005005005005005005
1,625,0.03303303303303303
1,626,0.057057057057057055
1,627,0.12412412412412413
1,628,0.022022022022022022
1,629,0.16716716716716717
1,630,0.023023023023023025
1,631,0.12412412412412413
1,632,0.15115115115115116
1,633,0.10710710710710711
1,634,0.06006006006006006
1,635,0.021021021021021023
1,636,0.09509509509509509
1,637,0.13513513513513514
1,638,0.24824824824824826
1,639,0.06406406406406406
1,640,0.17117117117117117
1,641,0.11211211211211211
1,642,0.012012012012012012
1,643,0.0970970970970971
1,644,0.01701701701701702
1,645,0.05305305305305305
1,646,0.014014014014014014
1,647,0.008008008008008008
1,648,0.24124124124124124
1,649,0.08608608608608609
1,650,0.2682682682682683
1,651,0.07207207207207207
1,652,0.026026026026026026
1,653,0.09309309309309309
1,654,0.08608608608608609
1,655,0.13813813813813813
1,656,0.04004004004004004
1,657,0.08708708708708708
1,658,0.0960960960960961
1,659,0.04904904904904905
1,660,0.011011011011011011
1,661,0.11611611611611612
1,662,0.037037037037037035
1,663,0.022022022022022022
1,664,0.04004004004004004
1,665,0.031031031031031032
1,666,0.056056056056056056
1,667,0.12512512512512514
1,668,0.2012012012012012
1,669,0.10710710710710711
1,670,0.012012012012012012
1,671,0.42042042042042044
1,672,0.1091091091091091
1,673,0.015015015015015015
1,674,0.04504504504504504
1,675,0.10810810810810811
1,676,0.004004004004004004
1,677,0.07707707707707707
1,678,0.0990990990990991
1,679,0.2002002002002002
1,680,0.009009009009009009
1,681,0.04604604604604605
1,682,0.044044044044044044
1,683,0.17317317317317318
1,684,0.07107107107107107
1,685,0.19119119119119118
1,686,0.0960960960960961
1,687,0.014014014014014014
1,688,0.1061061061061061
1,689,0.021021021021021023
1,690,0.01001001001001001
1,691,0.04504504504504504
1,692,0.0890890890890891
1,693,0.08708708708708708
1,694,0.04104104104104104
1,695,0.028028028028028028
1,696,0.06806806806806807
1,697,0.1971971971971972
1,698,0.031031031031031032
1,699,0.13313313313313313
1,700,0.06406406406406406
1,701,0.01701701701701702
1,702,0.002002002002002002
1,703,0.21121121121121122
1,704,0.01701701701701702
1,705,0.062062062062062065
1,706,0.06506506506506507
1,707,0.20520520520520522
1,708,0.026026026026026026
1,709,0.042042042042042045
1,710,0.1091091091091091
1,711,0.055055055055055056
1,712,0.1881881881881882
1,713,0.05005005005005005
1,714,0.06606606606606606
1,715,0.09109109109109109
1,716,0.17517517517517517
1,717,0.2092092092092092
1,718,0.07907907907907907
1,719,0.01701701701701702
1,720,0.036036036036036036
1,721,0.05405405405405406
1,722,0.3983983983983984
1,723,0.13513513513513514
1,724,0.003003003003003003
1,725,0.1921921921921922
1,726,0.08308308308308308
1,727,0.08708708708708708
1,728,0.004004004004004004
1,729,0.001001001001001001
1,730,0.11711711711711711
1,731,0.06306306306306306
1,732,0.12012012012012012
1,733,0.01901901901901902
1,734,0.036036036036036036
1,735,0.3963963963963964
1,736,0.02002002002002002
1,737,0.17417417417417416
1,738,0.08308308308308308
1,739,0.06806806806806807
1,740,0.14014014014014015
1,741,0.01001001001001001
1,742,0.03403403403403404
1,743,0.09009009009009009
1,744,0.044044044044044044
1,745,0.02002002002002002
1,746,0.05205205205205205
1,747,0.06706706706706707
1,748,0.024024024024024024
1,749,0.3233233233233233
1,750,0.011011011011011011
1,751,0.07107107107107107
1,752,0.0920920920920921
1,753,0.005005005005005005
1,754,0.026026026026026026
1,755,0.10710710710710711
1,756,0.01701701701701702
1,757,0.22022022022022023
1,758,0.12312312312312312
1,759,0.04904904904904905
1,760,0.06706706706706707
1,761,0.04804804804804805
1,762,0.056056056056056056
1,763,0.12512512512512514
1,764,0.021021021021021023
1,765,0.14614614614614616
1,766,0.24624624624624625
1,767,0.03003003003003003
1,768,0.19019019019019018
1,769,0.05805805805805806
1,770,0.013013013013013013
1,771,0.24224224224224225
1,772,0.3153153153153153
1,773,0.1111111111111111
1,774,0.018018018018018018
1,775,0.011011011011011011
1,776,0.13413413413413414
1,777,0.14314314314314314
1,778,0.01001001001001001
1,779,0.07707707707707707
1,780,0.04504504504504504
1,781,0.22022022022022023
1,782,0.22622622622622623
1,783,0.07507507507507508
1,784,0.035035035035035036
1,785,0.056056056056056056
1,786,0.04604604604604605
1,787,0.04904904904904905
1,788,0.04804804804804805
1,789,0.04004004004004004
1,790,0.06606606606606606
1,791,0.0920920920920921
1,792,0.042042042042042045
1,793,0.12512512512512514
1,794,0.07507507507507508
1,795,0.2042042042042042
1,796,0.08608608608608609
1,797,0.04904904904904905
1,798,0.062062062062062065
1,799,0.41541541541541543
1,800,0.05405405405405406
1,801,0.33933933933933935
1,802,0.06506506506506507
1,803,0.15715715715715717
1,804,0.08808808808808809
1,805,0.03403403403403404
1,806,0.2072072072072072
1,807,0.01901901901901902
1,808,0.04904904904904905
1,809,0.07507507507507508
1,810,0.062062062062062065
1,811,0.11811811811811812
1,812,0.03403403403403404
1,813,0.11811811811811812
1,814,0.16316316316316315
1,815,0.07307307307307308
1,816,0.14714714714714713
1,817,0.16816816816816818
1,818,0.12112112112112113
1,819,0.13313313313313313
1,820,0.004004004004004004
1,821,0.09509509509509509
1,822,0.11211211211211211
1,823,0.04904904904904905
1,824,0.13213213213213212
1,825,0.14314314314314314
1,826,0.055055055055055056
1,827,0.18618618618618618
1,828,0.05205205205205205
1,829,0.1041041041041041
1,830,0.16116116116116116
1,831,0.10810810810810811
1,832,0.07707707707707707
1,833,0.036036036036036036
1,834,0.07307307307307308
1,835,0.022022022022022022
1,836,0.0940940940940941
1,837,0.07707707707707707
1,838,0.022022022022022022
1,839,0.1011011011011011
1,840,0.01901901901901902
1,841,0.04904904904904905
1,842,0.05205205205205205
1,843,0.014014014014014014
1,844,0.07307307307307308
1,845,0.23423423423423423
1,846,0.023023023023023025
1,847,0.01701701701701702
1,848,0.3123123123123123
1,849,0.2092092092092092
1,850,0.04904904904904905
1,851,0.23323323323323322
1,852,0.0960960960960961
1,853,0.04104104104104104
1,854,0.056056056056056056
1,855,0.035035035035035036
1,856,0.17117117117117117
1,857,0.03303303303303303
1,858,0.035035035035035036
1,859,0.01701701701701702
1,860,0.025025025025025027
1,861,0.18518518518518517
1,862,0.03803803803803804
1,863,0.05205205205205205
1,864,0.08608608608608609
1,865,0.1031031031031031
1,866,0.04504504504504504
1,867,0.03803803803803804
1,868,0.003003003003003003
1,869,0.02702702702702703
1,870,0.022022022022022022
1,871,0.022022022022022022
1,872,0.026026026026026026
1,873,0.03803803803803804
1,874,0.02902902902902903
1,875,0.011011011011011011
1,876,0.08508508508508508
1,877,0.1001001001001001
1,878,0.22322322322322322
1,879,0.18618618618618618
1,880,0.02702702702702703
1,881,0.062062062062062065
1,882,0.09009009009009009
1,883,0.11511511511511512
1,884,0.23323323323323322
1,885,0.0890890890890891
1,886,0.022022022022022022
1,887,0.12412412412412413
1,888,0.27127127127127126
1,889,0.0990990990990991
1,890,0.1021021021021021
1,891,0.022022022022022022
1,892,0.25325325325325326
1,893,0.07407407407407407
1,894,0.11911911911911911
1,895,0.007007007007007007
1,896,0.0890890890890891
1,897,0.33633633633633636
1,898,0.13713713713713713
1,899,0.11811811811811812
1,900,0.13413413413413414
1,901,0.08308308308308308
1,902,0.2922922922922923
1,903,0.05105105105105105
1,904,0.08708708708708708
1,905,0.1931931931931932
1,906,0.05005005005005005
1,907,0.014014014014014014
1,908,0.031031031031031032
1,909,0.08808808808808809
1,910,0.21421421421421422
1,911,0.013013013013013013
1,912,0.2222222222222222
1,913,0.11011011011011011
1,914,0.0890890890890891
1,915,0.0890890890890891
1,916,0.03403403403403404
1,917,0.03003003003003003
1,918,0.025025025025025027
1,919,0.14814814814814814
1,920,0.1061061061061061
1,921,0.06306306306306306
1,922,0.031031031031031032
1,923,0.08708708708708708
1,924,0.2552552552552553
1,925,0.09109109109109109
1,926,0.17517517517517517
1,927,0.12412412412412413
1,928,0.06406406406406406
1,929,0.012012012012012012
1,930,0.021021021021021023
1,931,0.009009009009009009
1,932,0.3023023023023023
1,933,0.12812812812812813
1,934,0.01001001001001001
1,935,0.16716716716716717
1,936,0.01701701701701702
1,937,0.05305305305305305
1,938,0.27627627627627627
1,939,0.055055055055055056
1,940,0.14514514514514515
1,941,0.02902902902902903
1,942,0.08808808808808809
1,943,0.30430430430430433
1,944,0.06606606606606606
1,945,0.05805805805805806
1,946,0.057057057057057055
1,947,0.06906906906906907
1,948,0.12312312312312312
1,949,0.03903903903903904
1,950,0.03403403403403404
1,951,0.024024024024024024
1,952,0.037037037037037035
1,953,0.13113113113113112
1,954,0.07307307307307308
1,955,0.1021021021021021
1,956,0.037037037037037035
1,957,0.4944944944944945
1,958,0.05805805805805806
1,959,0.044044044044044044
1,960,0.05405405405405406
1,961,0.04804804804804805
1,962,0.13413413413413414
1,963,0.016016016016016016
1,964,0.05105105105105105
1,965,0.028028028028028028
1,966,0.24724724724724725
1,967,0.022022022022022022
1,968,0.23623623623623624
1,969,0.07907907907907907
1,970,0.06806806806806807
1,971,0.06806806806806807
1,972,0.03203203203203203
1,973,0.12312312312312312
1,974,0.1001001001001001
1,975,0.07907907907907907
1,976,0.09309309309309309
1,977,0.04604604604604605
1,978,0.1061061061061061
1,979,0.15715715715715717
1,980,0.03203203203203203
1,981,0.25825825825825827
1,982,0.2962962962962963
1,983,0.48348348348348347
1,984,0.08408408408408409
1,985,0.03203203203203203
1,986,0.055055055055055056
1,987,0.044044044044044044
1,988,0.1921921921921922
1,989,0.3263263263263263
1,990,0.14114114114114115
1,991,0.0940940940940941
1,992,0.11011011011011011
1,993,0.025025025025025027
1,994,0.05805805805805806
1,995,0.11811811811811812
1,996,0.14014014014014015
1,997,0.11911911911911911
1,998,0.057057057057057055
1,999,0.028028028028028028
1,1000,0.0980980980980981
1,1001,0.11711711711711711
1,1002,0.0890890890890891
1,1003,0.02702702702702703
1,1004,0.10710710710710711
1,1005,0.062062062062062065
1,1006,0.022022022022022022
1,1007,0.012012012012012012
1,1008,0.13413413413413414
1,1009,0.22922922922922923
1,1010,0.24724724724724725
1,1011,0.042042042042042045
1,1012,0.0890890890890891
1,1013,0.05805805805805806
1,1014,0.04604604604604605
1,1015,0.07807807807807808
1,1016,0.01701701701701702
1,1017,0.07407407407407407
1,1018,0.01701701701701702
1,1019,0.07007007007007007
1,1020,0.02702702702702703
1,1021,0.02002002002002002
1,1022,0.05305305305305305
1,1023,0.025025025025025027
1,1024,0.035035035035035036
1,1025,0.02002002002002002
1,1026,0.01001001001001001
1,1027,0.13613613613613615
1,1028,0.05105105105105105
1,1029,0.16316316316316315
1,1030,0.2132132132132132
1,1031,0.07707707707707707
1,1032,0.05805805805805806
1,1033,0.022022022022022022
1,1034,0.043043043043043044
1,1035,0.016016016016016016
1,1036,0.09309309309309309
1,1037,0.013013013013013013
1,1038,0.05305305305305305
1,1039,0.3253253253253253
1,1040,0.07707707707707707
1,1041,0.15015015015015015
1,1042,0.1931931931931932
1,1043,0.14114114114114115
1,1044,0.09109109109109109
1,1045,0.10510510510510511
1,1046,0.02902902902902903
1,1047,0.08108108108108109
1,1048,0.11811811811811812
1,1049,0.1961961961961962
1,1050,0.044044044044044044
1,1051,0.037037037037037035
1,1052,0.03303303303303303
1,1053,0.10710710710710711
1,1054,0.055055055055055056
1,1055,0.02002002002002002
1,1056,0.12112112112112113
1,1057,0.05905905905905906
1,1058,0.10710710710710711
1,1059,0.06506506506506507
1,1060,0.0960960960960961
1,1061,0.1001001001001001
1,1062,0.025025025025025027
1,1063,0.035035035035035036
1,1064,0.34534534534534533
1,1065,0.07807807807807808
1,1066,0.05905905905905906
1,1067,0.14914914914914915
1,1068,0.022022022022022022
1,1069,0.01701701701701702
1,1070,0.03303303303303303
1,1071,0.18518518518518517
1,1072,0.35435435435435436
1,1073,0.0920920920920921
1,1074,0.2132132132132132
1,1075,0.06306306306306306
1,1076,0.015015015015015015
1,1077,0.13513513513513514
1,1078,0.056056056056056056
1,1079,0.33733733733733734
1,1080,0.03203203203203203
1,1081,0.06306306306306306
1,1082,0.2122122122122122
1,1083,0.09009009009009009
1,1084,0.013013013013013013
1,1085,0.021021021021021023
1,1086,0.012012012012012012
1,1087,0.16716716716716717
1,1088,0.07207207207207207
1,1089,0.02702702702702703
1,1090,0.14614614614614616
1,1091,0.04804804804804805
1,1092,0.0940940940940941
1,1093,0.028028028028028028
1,1094,0.0890890890890891
1,1095,0.11011011011011011
1,1096,0.02702702702702703
1,1097,0.08108108108108109
1,1098,0.023023023023023025
1,1099,0.17317317317317318
1,1100,0.01701701701701702
1,1101,0.03203203203203203
1,1102,0.04704704704704705
1,1103,0.06106106106106106
1,1104,0.13113113113113112
1,1105,0.05905905905905906
1,1106,0.037037037037037035
1,1107,0.13113113113113112
1,1108,0.06406406406406406
1,1109,0.03403403403403404
1,1110,0.3963963963963964
1,1111,0.037037037037037035
1,1112,0.15015015015015015
1,1113,0.02002002002002002
1,1114,0.021021021021021023
1,1115,0.07807807807807808
1,1116,0.08808808808808809
1,1117,0.13213213213213212
1,1118,0.1021021021021021
1,1119,0.07107107107107107
1,1120,0.12412412412412413
1,1121,0.0890890890890891
1,1122,0.04704704704704705
1,1123,0.013013013013013013
1,1124,0.12912912912912913
1,1125,0.01001001001001001
1,1126,0.3063063063063063
1,1127,0.0920920920920921
1,1128,0.07407407407407407
1,1129,0.1061061061061061
1,1130,0.35235235235235235
1,1131,0.25625625625625625
1,1132,0.10710710710710711
1,1133,0.08108108108108109
1,1134,0.026026026026026026
1,1135,0.012012012012012012
1,1136,0.2912912912912913
1,1137,0.0920920920920921
1,1138,0.16416416416416416
1,1139,0.01701701701701702
1,1140,0.056056056056056056
1,1141,0.22422422422422422
1,1142,0.09009009009009009
1,1143,0.024024024024024024
1,1144,0.04604604604604605
1,1145,0.03403403403403404
1,1146,0.036036036036036036
1,1147,0.11011011011011011
1,1148,0.16316316316316315
1,1149,0.0960960960960961
1,1150,0.022022022022022022
1,1151,0.10510510510510511
1,1152,0.25725725725725723
1,1153,0.02702702702702703
1,1154,0.11411411411411411
1,1155,0.0940940940940941
1,1156,0.08108108108108109
1,1157,0.062062062062062065
1,1158,0.01001001001001001
1,1159,0.09109109109109109
1,1160,0.10810810810810811
1,1161,0.13713713713713713
1,1162,0.0960960960960961
1,1163,0.05005005005005005
1,1164,0.18518518518518517
1,1165,0.06406406406406406
1,1166,0.17417417417417416
1,1167,0.21421421421421422
1,1168,0.25225225225225223
1,1169,0.06106106106106106
1,1170,0.24924924924924924
1,1171,0.07707707707707707
1,1172,0.042042042042042045
1,1173,0.015015015015015015
1,1174,0.01901901901901902
1,1175,0.03303303303303303
1,1176,0.13313313313313313
1,1177,0.03203203203203203
1,1178,0.07007007007007007
1,1179,0.024024024024024024
1,1180,0.21421421421421422
1,1181,0.14714714714714713
1,1182,0.05005005005005005
1,1183,0.01701701701701702
1,1184,0.03003003003003003
1,1185,0.12712712712712712
1,1186,0.022022022022022022
1,1187,0.09009009009009009
1,1188,0.2032032032032032
1,1189,0.23323323323323322
1,1190,0.057057057057057055
1,1191,0.015015015015015015
1,1192,0.056056056056056056
1,1193,0.01901901901901902
1,1194,0.13213213213213212
1,1195,0.006006006006006006
1,1196,0.08208208208208208
1,1197,0.0920920920920921
1,1198,0.028028028028028028
1,1199,0.08208208208208208
1,1200,0.12912912912912913
1,1201,0.01701701701701702
1,1202,0.02902902902902903
1,1203,0.17717717717717718
1,1204,0.08008008008008008
1,1205,0.005005005005005005
1,1206,0.1781781781781782
1,1207,0.11811811811811812
1,1208,0.05105105105105105
1,1209,0.03303303303303303
1,1210,0.05905905905905906
1,1211,0.36536536536536535
1,1212,0.08608608608608609
1,1213,0.025025025025025027
1,1214,0.12512512512512514
1,1215,0.04904904904904905
1,1216,0.02702702702702703
1,1217,0.028028028028028028
1,1218,0.2032032032032032
1,1219,0.16316316316316315
1,1220,0.012012012012012012
1,1221,0.24224224224224225
1,1222,0.14314314314314314
1,1223,0.02902902902902903
1,1224,0.035035035035035036
1,1225,0.18218218218218218
1,1226,0.13913913913913914
1,1227,0.011011011011011011
1,1228,0.17717717717717718
1,1229,0.11511511511511512
1,1230,0.06406406406406406
1,1231,0.05305305305305305
1,1232,0.056056056056056056
1,1233,0.008008008008008008
1,1234,0.12412412412412413
1,1235,0.14114114114114115
1,1236,0.044044044044044044
1,1237,0.16216216216216217
1,1238,0.035035035035035036
1,1239,0.06406406406406406
1,1240,0.005005005005005005
1,1241,0.16516516516516516
1,1242,0.014014014014014014
1,1243,0.018018018018018018
1,1244,0.03403403403403404
1,1245,0.06306306306306306
1,1246,0.13013013013013014
1,1247,0.08808808808808809
1,1248,0.1111111111111111
1,1249,0.04704704704704705
2,0,0.37037037037037035
2,1,0.22922922922922923
2,2,0.7157157157157157
2,3,0.6656656656656657
2,4,0.5445445445445446
2,5,0.3333333333333333
2,6,0.33633633633633636
2,7,0.3003003003003003
2,8,0.26226226226226224
2,9,0.6216216216216216
2,10,0.6266266266266266
2,11,0.8698698698698699
2,12,0.7997997997997998
2,13,0.7557557557557557
2,14,0.6746746746746747
2,15,0.3743743743743744
2,16,0.7937937937937938
2,17,0.8168168168168168
2,18,0.3033033033033033
2,19,0.6926926926926927
2,20,0.5085085085085085
2,21,0.91991991991992
2,22,0.5215215215215215
2,23,0.34034034034034033
2,24,0.6626626626626627
2,25,0.41541541541541543
2,26,0.17517517517517517
2,27,0.7487487487487487
2,28,0.13513513513513514
2,29,0.44544544544544545
2,30,0.8378378378378378
2,31,0.3533533533533533
2,32,0.8038038038038038
2,33,0.6076076076076076
2,34,0.5565565565565566
2,35,0.44744744744744747
2,36,0.5715715715715716
2,37,0.5715715715715716
2,38,0.9029029029029029
2,39,0.4034034034034034
2,40,0.9229229229229229
2,41,0.28428428428428426
2,42,0.45645645645645644
2,43,0.5845845845845846
2,44,0.45045045045045046
2,45,0.2902902902902903
2,46,0.2832832832832833
2,47,0.7527527527527528
2,48,0.3923923923923924
2,49,0.38238238238238237
2,50,0.6426426426426426
2,51,0.5835835835835835
2,52,0.5385385385385385
2,53,0.3483483483483483
2,54,0.8008008008008008
2,55,0.33733733733733734
2,56,0.15515515515515516
2,57,0.9119119119119119
2,58,0.6966966966966966
2,59,0.4364364364364364
2,60,0.5085085085085085
2,61,0.7487487487487487
2,62,0.8148148148148148
2,63,0.32432432432432434
2,64,0.1021021021021021
2,65,0.7177177177177178
2,66,0.21421421421421422
2,67,0.6446446446446447
2,68,0.8658658658658659
2,69,0.8768768768768769
2,70,0.2982982982982983
2,71,0.3953953953953954
2,72,0.6996996996996997
2,73,0.6686686686686687
2,74,0.23723723723723725
2,75,0.4014014014014014
2,76,0.7647647647647647
2,77,0.42042042042042044
2,78,0.6426426426426426
2,79,0.7187187187187187
2,80,0.4024024024024024
2,81,0.7087087087087087
2,82,0.8308308308308309
2,83,0.3283283283283283
2,84,0.4214214214214214
2,85,0.6806806806806807
2,86,0.8788788788788788
2,87,0.22722722722722724
2,88,0.7637637637637638
2,89,0.3973973973973974
2,90,0.7517517517517518
2,91,0.46646646646646645
2,92,0.47647647647647645
2,93,0.5685685685685685
2,94,0.5185185185185185
2,95,0.7057057057057057
2,96,0.7557557557557557
2,97,0.27427427427427425
2,98,0.06606606606606606
2,99,0.9019019019019019
2,100,0.6096096096096096
2,101,0.6066066066066066
2,102,0.44544544544544545
2,103,0.32232232232232233
2,104,0.21021021021021022
2,105,0.5515515515515516
2,106,0.6576576576576577
2,107,0.46646646646646645
2,108,0.07207207207207207
2,109,0.3483483483483483
2,110,0.2912912912912913
2,111,0.3763763763763764
2,112,0.5545545545545546
2,113,0.8198198198198198
2,114,0.5885885885885885
2,115,0.9129129129129129
2,116,0.3383383383383383
2,117,0.08708708708708708
2,118,0.7707707707707707
2,119,0.3533533533533533
2,120,0.5275275275275275
2,121,0.29429429429429427
2,122,0.8688688688688688
2,123,0.7957957957957958
2,124,0.9579579579579579
2,125,0.07107107107107107
2,126,0.40540540540540543
2,127,0.22522522522522523
2,128,0.44344344344344344
2,129,0.08308308308308308
2,130,0.4174174174174174
2,131,0.47147147147147145
2,132,0.9209209209209209
2,133,0.3933933933933934
2,134,0.7457457457457457
2,135,0.7187187187187187
2,136,0.2222222222222222
2,137,0.5125125125125125
2,138,0.26326326326326327
2,139,0.5895895895895896
2,140,0.5075075075075075
2,141,0.6986986986986987
2,142,0.16616616616616617
2,143,0.6236236236236237
2,144,0.3153153153153153
2,145,0.4754754754754755
2,146,0.5895895895895896
2,147,0.3743743743743744
2,148,0.47047047047047047
2,149,0.6496496496496497
2,150,0.6756756756756757
2,151,0.6346346346346347
2,152,0.4854854854854855
2,153,0.5075075075075075
2,154,0.8818818818818819
2,155,0.6586586586586587
2,156,0.05405405405405406
2,157,0.42242242242242245
2,158,0.4754754754754755
2,159,0.33933933933933935
2,160,0.24124124124124124
2,161,0.6866866866866866
2,162,0.7107107107107107
2,163,0.6456456456456456
2,164,0.5955955955955956
2,165,0.1921921921921922
2,166,0.24724724724724725
2,167,0.7687687687687688
2,168,0.4114114114114114
2,169,0.35935935935935936
2,170,0.7547547547547547
2,171,0.5435435435435435
2,172,0.6086086086086087
2,173,0.3353353353353353
2,174,0.5785785785785785
2,175,0.22722722722722724
2,176,0.5205205205205206
2,177,0.4774774774774775
2,178,0.3253253253253253
2,179,0.5915915915915916
2,180,0.1991991991991992
2,181,0.6886886886886887
2,182,0.7427427427427428
2,183,0.6426426426426426
2,184,0.8208208208208209
2,185,0.44544544544544545
2,186,0.6646646646646647
2,187,0.7877877877877878
2,188,0.4644644644644645
2,189,0.3733733733733734
2,190,0.16116116116116116
2,191,0.6106106106106106
2,192,0.4674674674674675
2,193,0.3993993993993994
2,194,0.21621621621621623
2,195,0.4914914914914915
2,196,0.24024024024024024
2,197,0.3863863863863864
2,198,0.5485485485485485
2,199,0.7467467467467468
2,200,0.9179179179179179
2,201,0.7477477477477478
2,202,0.24824824824824826
2,203,0.6306306306306306
2,204,0.6596596596596597
2,205,0.2502502502502503
2,206,0.8758758758758759
2,207,0.8888888888888888
2,208,0.8168168168168168
2,209,0.19119119119119118
2,210,0.42242242242242245
2,211,0.32432432432432434
2,212,0.2502502502502503
2,213,0.2912912912912913
2,214,0.26426426426426425
2,215,0.7747747747747747
2,216,0.5255255255255256
2,217,0.8528528528528528
2,218,0.6266266266266266
2,219,0.35935935935935936
2,220,0.9259259259259259
2,221,0.1841841841841842
2,222,0.7767767767767768
2,223,0.6266266266266266
2,224,0.12512512512512514
2,225,0.48848848848848847
2,226,0.1041041041041041
2,227,0.5295295295295295
2,228,0.5845845845845846
2,229,0.8698698698698699
2,230,0.8038038038038038
2,231,0.37737737737737737
2,232,0.14814814814814814
2,233,0.3033033033033033
2,234,0.34034034034034033
2,235,0.8158158158158159
2,236,0.9119119119119119
2,237,0.8918918918918919
2,238,0.5205205205205206
2,239,0.3353353353353353
2,240,0.7967967967967968
2,241,0.2602602602602603
2,242,0.9369369369369369
2,243,0.4314314314314314
2,244,0.36236236236236236
2,245,0.2972972972972973
2,246,0.8358358358358359
2,247,0.11211211211211211
2,248,0.5375375375375375
2,249,0.23923923923923923
2,250,0.5115115115115115
2,251,0.32432432432432434
2,252,0.5955955955955956
2,253,0.7257257257257257
2,254,0.11711711711711711
2,255,0.5575575575575575
2,256,0.5105105105105106
2,257,0.24024024024024024
2,258,0.5815815815815816
2,259,0.5735735735735735
2,260,0.5855855855855856
2,261,0.42542542542542544
2,262,0.3863863863863864
2,263,0.6206206206206206
2,264,0.7547547547547547
2,265,0.8148148148148148
2,266,0.1831831831831832
2,267,0.7737737737737738
2,268,0.5525525525525525
2,269,0.2912912912912913
2,270,0.2992992992992993
2,271,0.4594594594594595
2,272,0.8618618618618619
2,273,0.2012012012012012
2,274,0.5125125125125125
2,275,0.3203203203203203
2,276,0.34134134134134136
2,277,0.3033033033033033
2,278,0.8818818818818819
2,279,0.17417417417417416
2,280,0.7157157157157157
2,281,0.5465465465465466
2,282,0.6626626626626627
2,283,0.26126126126126126
2,284,0.33433433433433435
2,285,0.7867867867867868
2,286,0.7477477477477478
2,287,0.9019019019019019
2,288,0.2962962962962963
2,289,0.3433433433433433
2,290,0.3613613613613614
2,291,0.4064064064064064
2,292,0.25325325325325326
2,293,0.8088088088088088
2,294,0.23223223223223224
2,295,0.2722722722722723
2,296,0.5135135135135135
2,297,0.35435435435435436
2,298,0.5555555555555556
2,299,0.5175175175175175
2,300,0.4934934934934935
2,301,0.4074074074074074
2,302,0.7157157157157157
2,303,0.5625625625625625
2,304,0.7787787787787788
2,305,0.8028028028028028
2,306,0.3833833833833834
2,307,0.11511511511511512
2,308,0.7837837837837838
2,309,0.5365365365365365
2,310,0.7737737737737738
2,311,0.6046046046046046
2,312,0.21421421421421422
2,313,0.7507507507507507
2,314,0.7147147147147147
2,315,0.5685685685685685
2,316,0.7417417417417418
2,317,0.17117117117117117
2,318,0.7377377377377378
2,319,0.8428428428428428
2,320,0.4974974974974975
2,321,0.25325325325325326
2,322,0.6096096096096096
2,323,0.6716716716716716
2,324,0.39039039039039036
2,325,0.34134134134134136
2,326,0.33733733733733734
2,327,0.32732732732732733
2,328,0.6276276276276276
2,329,0.5015015015015015
2,330,0.6366366366366366
2,331,0.08508508508508508
2,332,0.34634634634634637
2,333,0.22922922922922923
2,334,0.26226226226226224
2,335,0.7757757757757757
2,336,0.4914914914914915
2,337,0.2802802802802803
2,338,0.3743743743743744
2,339,0.8818818818818819
2,340,0.22322322322322322
2,341,0.8268268268268268
2,342,0.5685685685685685
2,343,0.5095095095095095
2,344,0.8558558558558559
2,345,0.5425425425425425
2,346,0.018018018018018018
2,347,0.028028028028028028
2,348,0.28428428428428426
2,349,0.6966966966966966
2,350,0.7887887887887888
2,351,0.12412412412412413
2,352,0.8158158158158159
2,353,0.8288288288288288
2,354,0.7577577577577578
2,355,0.3913913913913914
2,356,0.41041041041041043
2,357,0.6356356356356356
2,358,0.5755755755755756
2,359,0.5975975975975976
2,360,0.5535535535535535
2,361,0.25825825825825827
2,362,0.6276276276276276
2,363,0.17617617617617617
2,364,0.6446446446446447
2,365,0.5305305305305306
2,366,0.4964964964964965
2,367,0.3073073073073073
2,368,0.35835835835835833
2,369,0.45845845845845845
2,370,0.9219219219219219
2,371,0.7657657657657657
2,372,0.7337337337337337
2,373,0.6786786786786787
2,374,0.6726726726726727
2,375,0.8738738738738738
2,376,0.6276276276276276
2,377,0.5305305305305306
2,378,0.24624624624624625
2,379,0.22822822822822822
2,380,0.7957957957957958
2,381,0.1991991991991992
2,382,0.4294294294294294
2,383,0.44144144144144143
2,384,0.4724724724724725
2,385,0.7277277277277278
2,386,0.7927927927927928
2,387,0.6686686686686687
2,388,0.38538538538538536
2,389,0.38038038038038036
2,390,0.3863863863863864
2,391,0.1891891891891892
2,392,0.4024024024024024
2,393,0.9099099099099099
2,394,0.4244244244244244
2,395,0.4184184184184184
2,396,0.3003003003003003
2,397,0.8658658658658659
2,398,0.27927927927927926
2,399,0.8978978978978979
2,400,0.6166166166166166
2,401,0.3973973973973974
2,402,0.23523523523523523
2,403,0.6686686686686687
2,404,0.5485485485485485
2,405,0.21421421421421422
2,406,0.7727727727727728
2,407,0.4674674674674675
2,408,0.5205205205205206
2,409,0.2222222222222222
2,410,0.1921921921921922
2,411,0.4004004004004004
2,412,0.4064064064064064
2,413,0.3353353353353353
2,414,0.5745745745745746
2,415,0.5175175175175175
2,416,0.5245245245245245
2,417,0.5495495495495496
2,418,0.3533533533533533
2,419,0.7287287287287287
2,420,0.3813813813813814
2,421,0.5395395395395396
2,422,0.8808808808808809
2,423,0.4164164164164164
2,424,0.7157157157157157
2,425,0.35735735735735735
2,426,0.11311311311311312
2,427,0.7817817817817818
2,428,0.2072072072072072
2,429,0.6336336336336337
2,430,0.22322322322322322
2,431,0.5965965965965966
2,432,0.7957957957957958
2,433,0.25425425425425424
2,434,0.8268268268268268
2,435,0.4314314314314314
2,436,0.23123123123123124
2,437,0.21021021021021022
2,438,0.7447447447447447
2,439,0.7057057057057057
2,440,0.06006006006006006
2,441,0.4244244244244244
2,442,0.12212212212212212
2,443,0.1991991991991992
2,444,0.45345345345345345
2,445,0.36936936936936937
2,446,0.23423423423423423
2,447,0.7147147147147147
2,448,0.6936936936936937
2,449,0.24924924924924924
2,450,0.5805805805805806
2,451,0.4574574574574575
2,452,0.4394394394394394
2,453,0.15915915915915915
2,454,0.7307307307307307
2,455,0.8208208208208209
2,456,0.7587587587587588
2,457,0.7377377377377378
2,458,0.8078078078078078
2,459,0.6556556556556556
2,460,0.34234234234234234
2,461,0.8018018018018018
2,462,0.26626626626626626
2,463,0.5815815815815816
2,464,0.7147147147147147
2,465,0.34634634634634637
2,466,0.4214214214214214
2,467,0.23323323323323322
2,468,0.4724724724724725
2,469,0.7797797797797797
2,470,0.4844844844844845
2,471,0.11411411411411411
2,472,0.6956956956956957
2,473,0.9059059059059059
2,474,0.9119119119119119
2,475,0.6016016016016016
2,476,0.22422422422422422
2,477,0.6556556556556556
2,478,0.7257257257257257
2,479,0.6576576576576577
2,480,0.24424424424424424
2,481,0.15015015015015015
2,482,0.6516516516516516
2,483,0.47347347347347346
2,484,0.3283283283283283
2,485,0.33733733733733734
2,486,0.7917917917917918
2,487,0.8808808808808809
2,488,0.3233233233233233
2,489,0.08408408408408409
2,490,0.33133133133133136
2,491,0.8028028028028028
2,492,0.8468468468468469
2,493,0.6976976976976977
2,494,0.7527527527527528
2,495,0.45345345345345345
2,496,0.4794794794794795
2,497,0.46646646646646645
2,498,0.5385385385385385
2,499,0.4724724724724725
2,500,0.5085085085085085
2,501,0.4994994994994995
2,502,0.9069069069069069
2,503,0.36236236236236236
2,504,0.4394394394394394
2,505,0.6916916916916916
2,506,0.8838838838838838
2,507,0.8008008008008008
2,508,0.9579579579579579
2,509,0.35235235235235235
2,510,0.2782782782782783
2,511,0.2602602602602603
2,512,0.5435435435435435
2,513,0.6386386386386387
2,514,0.8618618618618619
2,515,0.2672672672672673
2,516,0.4364364364364364
2,517,0.7257257257257257
2,518,0.4214214214214214
2,519,0.4984984984984985
2,520,0.6686686686686687
2,521,0.4744744744744745
2,522,0.6636636636636637
2,523,0.15615615615615616
2,524,0.7867867867867868
2,525,0.5525525525525525
2,526,0.8238238238238238
2,527,0.8728728728728729
2,528,0.6406406406406406
2,529,0.5295295295295295
2,530,0.44844844844844844
2,531,0.8928928928928929
2,532,0.3003003003003003
2,533,0.28928928928928926
2,534,0.8778778778778779
2,535,0.0940940940940941
2,536,0.6006006006006006
2,537,0.3813813813813814
2,538,0.8718718718718719
2,539,0.5175175175175175
2,540,0.46546546546546547
2,541,0.6106106106106106
2,542,0.3973973973973974
2,543,0.47147147147147145
2,544,0.5415415415415415
2,545,0.5755755755755756
2,546,0.3103103103103103
2,547,0.5165165165165165
2,548,0.07407407407407407
2,549,0.6816816816816816
2,550,0.2552552552552553
2,551,0.17317317317317318
2,552,0.4574574574574575
2,553,0.5665665665665666
2,554,0.9469469469469469
2,555,0.7247247247247247
2,556,0.5125125125125125
2,557,0.3483483483483483
2,558,0.8168168168168168
2,559,0.5185185185185185
2,560,0.2862862862862863
2,561,0.4894894894894895
2,562,0.24424424424424424
2,563,0.5415415415415415
2,564,0.25225225225225223
2,565,0.3383383383383383
2,566,0.5645645645645646
2,567,0.4894894894894895
2,568,0.4344344344344344
2,569,0.35435435435435436
2,570,0.7237237237237237
2,571,0.6406406406406406
2,572,0.6846846846846847
2,573,0.7317317317317318
2,574,0.4544544544544545
2,575,0.18018018018018017
2,576,0.22622622622622623
2,577,0.4894894894894895
2,578,0.2862862862862863
2,579,0.23223223223223224
2,580,0.5605605605605606
2,581,0.25925925925925924
2,582,0.7117117117117117
2,583,0.4924924924924925
2,584,0.6756756756756757
2,585,0.991991991991992
2,586,0.5545545545545546
2,587,0.5745745745745746
2,588,0.34134134134134136
2,589,0.6126126126126126
2,590,0.3263263263263263
2,591,0.7127127127127127
2,592,0.3533533533533533
2,593,0.13413413413413414
2,594,0.6106106106106106
2,595,0.6796796796796797
2,596,0.45045045045045046
2,597,0.5355355355355356
2,598,0.7367367367367368
2,599,0.2652652652652653
2,600,0.7637637637637638
2,601,0.46546546546546547
2,602,0.5185185185185185
2,603,0.43243243243243246
2,604,0.24824824824824826
2,605,0.4984984984984985
2,606,0.6706706706706707
2,607,0.2982982982982983
2,608,0.30430430430430433
2,609,0.7167167167167167
2,610,0.16816816816816818
2,611,0.4754754754754755
2,612,0.6526526526526526
2,613,0.30930930930930933
2,614,0.4044044044044044
2,615,0.34934934934934936
2,616,0.7967967967967968
2,617,0.35235235235235235
2,618,0.5415415415415415
2,619,0.16016016016016016
2,620,0.45545545545545546
2,621,0.3613613613613614
2,622,0.5345345345345346
2,623,0.4874874874874875
2,624,0.09109109109109109
2,625,0.7107107107107107
2,626,0.6346346346346347
2,627,0.933933933933934
2,628,0.7277277277277278
2,629,0.7237237237237237
2,630,0.6236236236236237
2,631,0.5995995995995996
2,632,0.6686686686686687
2,633,0.4094094094094094
2,634,0.7357357357357357
2,635,0.4144144144144144
2,636,0.7437437437437437
2,637,0.4494494494494494
2,638,0.33133133133133136
2,639,0.3263263263263263
2,640,0.7027027027027027
2,641,0.23923923923923923
2,642,0.4924924924924925
2,643,0.7117117117117117
2,644,0.6326326326326326
2,645,0.36036036036036034
2,646,0.38238238238238237
2,647,0.7887887887887888
2,648,0.8188188188188188
2,649,0.965965965965966
2,650,0.4804804804804805
2,651,0.1961961961961962
2,652,0.8368368368368369
2,653,0.6536536536536537
2,654,0.1971971971971972
2,655,0.5925925925925926
2,656,0.8668668668668669
2,657,0.22422422422422422
2,658,0.6326326326326326
2,659,0.5225225225225225
2,660,0.15715715715715717
2,661,0.5755755755755756
2,662,0.7177177177177178
2,663,0.27427427427427425
2,664,0.4264264264264264
2,665,0.4184184184184184
2,666,0.3893893893893894
2,667,0.5875875875875876
2,668,0.5795795795795796
2,669,0.14914914914914915
2,670,0.42342342342342343
2,671,0.6816816816816816
2,672,0.04504504504504504
2,673,0.7417417417417418
2,674,0.13013013013013014
2,675,0.33633633633633636
2,676,0.7277277277277278
2,677,0.6336336336336337
2,678,0.8018018018018018
2,679,0.8178178178178178
2,680,0.6806806806806807
2,681,0.36936936936936937
2,682,0.43743743743743746
2,683,0.7887887887887888
2,684,0.38538538538538536
2,685,0.06306306306306306
2,686,0.4364364364364364
2,687,0.953953953953954
2,688,0.8368368368368369
2,689,0.6146146146146146
2,690,0.6106106106106106
2,691,0.4944944944944945
2,692,0.5685685685685685
2,693,0.6876876876876877
2,694,0.16516516516516516
2,695,0.7617617617617618
2,696,0.6276276276276276
2,697,0.6426426426426426
2,698,0.35935935935935936
2,699,0.08708708708708708
2,700,0.1991991991991992
2,701,0.3013013013013013
2,702,0.5125125125125125
2,703,0.11811811811811812
2,704,0.43043043043043044
2,705,0.26926926926926925
2,706,0.12912912912912913
2,707,0.22022022022022023
2,708,0.2022022022022022
2,709,0.43343343343343343
2,710,0.3973973973973974
2,711,0.6286286286286287
2,712,0.5745745745745746
2,713,0.5015015015015015
2,714,0.27627627627627627
2,715,0.6236236236236237
2,716,0.24124124124124124
2,717,0.7387387387387387
2,718,0.8298298298298298
2,719,0.31431431431431434
2,720,0.3833833833833834
2,721,0.3743743743743744
2,722,0.6256256256256256
2,723,0.7737737737737738
2,724,0.5915915915915916
2,725,0.5345345345345346
2,726,0.4164164164164164
2,727,0.6756756756756757
2,728,0.42742742742742745
2,729,0.4674674674674675
2,730,0.6366366366366366
2,731,0.5025025025025025
2,732,0.3003003003003003
2,733,0.6236236236236237
2,734,0.6516516516516516
2,735,0.6366366366366366
2,736,0.7727727727727728
2,737,0.6856856856856857
2,738,0.5055055055055055
2,739,0.37037037037037035
2,740,0.33633633633633636
2,741,0.5575575575575575
2,742,0.8698698698698699
2,743,0.23323323323323322
2,744,0.5305305305305306
2,745,0.4904904904904905
2,746,0.3813813813813814
2,747,0.37737737737737737
2,748,0.37037037037037035
2,749,0.2932932932932933
2,750,0.6756756756756757
2,751,0.7327327327327328
2,752,0.6146146146146146
2,753,0.7397397397397397
2,754,0.3783783783783784
2,755,0.3983983983983984
2,756,0.2782782782782783
2,757,0.7817817817817818
2,758,0.7347347347347347
2,759,0.9069069069069069
2,760,0.47147147147147145
2,761,0.5585585585585585
2,762,0.22922922922922923
2,763,0.5755755755755756
2,764,0.6956956956956957
2,765,0.9109109109109109
2,766,0.7137137137137137
2,767,0.28428428428428426
2,768,0.3923923923923924
2,769,0.07807807807807808
2,770,0.5725725725725725
2,771,0.7877877877877878
2,772,0.33733733733733734
2,773,0.8728728728728729
2,774,0.5675675675675675
2,775,0.5525525525525525
2,776,0.7437437437437437
2,777,0.7297297297297297
2,778,0.48848848848848847
2,779,0.5505505505505506
2,780,0.5815815815815816
2,781,0.5185185185185185
2,782,0.4244244244244244
2,783,0.5865865865865866
2,784,0.3283283283283283
2,785,0.8498498498498499
2,786,0.26426426426426425
2,787,0.43343343343343343
2,788,0.8268268268268268
2,789,0.3213213213213213
2,790,0.12712712712712712
2,791,0.8348348348348348
2,792,0.07607607607607608
2,793,0.22322322322322322
2,794,0.3353353353353353
2,795,0.3893893893893894
2,796,0.5685685685685685
2,797,0.7967967967967968
2,798,0.9059059059059059
2,799,0.7477477477477478
2,800,0.19119119119119118
2,801,0.4364364364364364
2,802,0.9479479479479479
2,803,0.44244244244244246
2,804,0.4964964964964965
2,805,0.5425425425425425
2,806,0.23423423423423423
2,807,0.8958958958958959
2,808,0.26326326326326327
2,809,0.4074074074074074
2,810,0.5805805805805806
2,811,0.4994994994994995
2,812,0.8008008008008008
2,813,0.31431431431431434
2,814,0.32232232232232233
2,815,0.5995995995995996
2,816,0.6196196196196196
2,817,0.5255255255255256
2,818,0.6316316316316316
2,819,0.4004004004004004
2,820,0.3863863863863864
2,821,0.4744744744744745
2,822,0.44844844844844844
2,823,0.47847847847847846
2,824,0.8828828828828829
2,825,0.48848848848848847
2,826,0.3743743743743744
2,827,0.13613613613613615
2,828,0.7927927927927928
2,829,0.44644644644644643
2,830,0.46346346346346345
2,831,0.8358358358358359
2,832,0.47147147147147145
2,833,0.6006006006006006
2,834,0.7207207207207207
2,835,0.5365365365365365
2,836,0.5445445445445446
2,837,0.07607607607607608
2,838,0.43543543543543545
2,839,0.41041041041041043
2,840,0.7967967967967968
2,841,0.09009009009009009
2,842,0.7397397397397397
2,843,0.4114114114114114
2,844,0.28128128128128127
2,845,0.8868868868868869
2,846,0.6626626626626627
2,847,0.24524524524524524
2,848,0.07507507507507508
2,849,0.4854854854854855
2,850,0.8028028028028028
2,851,0.42342342342342343
2,852,0.7067067067067067
2,853,0.4924924924924925
2,854,0.14314314314314314
2,855,0.3003003003003003
2,856,0.5515515515515516
2,857,0.5175175175175175
2,858,0.6726726726726727
2,859,0.7037037037037037
2,860,0.7197197197197197
2,861,0.056056056056056056
2,862,0.6196196196196196
2,863,0.5055055055055055
2,864,0.32932932932932935
2,865,0.7707707707707707
2,866,0.6726726726726727
2,867,0.6606606606606606
2,868,0.31431431431431434
2,869,0.11911911911911911
2,870,0.9169169169169169
2,871,0.6236236236236237
2,872,0.23723723723723725
2,873,0.43543543543543545
2,874,0.5585585585585585
2,875,0.09309309309309309
2,876,0.8528528528528528
2,877,0.3433433433433433
2,878,0.26326326326326327
2,879,0.7197197197197197
2,880,0.17617617617617617
2,881,0.38538538538538536
2,882,0.10510510510510511
2,883,0.6696696696696697
2,884,0.6996996996996997
2,885,0.18118118118118118
2,886,0.9569569569569569
2,887,0.0990990990990991
2,888,0.44744744744744747
2,889,0.6496496496496497
2,890,0.3233233233233233
2,891,0.04504504504504504
2,892,0.3863863863863864
2,893,0.28428428428428426
2,894,0.6806806806806807
2,895,0.47047047047047047
2,896,0.46546546546546547
2,897,0.8348348348348348
2,898,0.32732732732732733
2,899,0.6676676676676677
2,900,0.6166166166166166
2,901,0.2982982982982983
2,902,0.5715715715715716
2,903,0.5225225225225225
2,904,0.5965965965965966
2,905,0.3203203203203203
2,906,0.4844844844844845
2,907,0.5635635635635635
2,908,0.8548548548548549
2,909,0.8788788788788788
2,910,0.1941941941941942
2,911,0.2222222222222222
2,912,0.5575575575575575
2,913,0.9309309309309309
2,914,0.37037037037037035
2,915,0.7857857857857858
2,916,0.8218218218218218
2,917,0.4094094094094094
2,918,0.4064064064064064
2,919,0.42042042042042044
2,920,0.14014014014014015
2,921,0.6396396396396397
2,922,0.12612612612612611
2,923,0.5225225225225225
2,924,0.2222222222222222
2,925,0.7727727727727728
2,926,0.3103103103103103
2,927,0.32732732732732733
2,928,0.8678678678678678
2,929,0.2042042042042042
2,930,0.07607607607607608
2,931,0.5255255255255256
2,932,0.4264264264264264
2,933,0.6146146146146146
2,934,0.8098098098098098
2,935,0.7087087087087087
2,936,0.4594594594594595
2,937,0.4084084084084084
2,938,0.3203203203203203
2,939,0.13513513513513514
2,940,0.5895895895895896
2,941,0.3923923923923924
2,942,0.5765765765765766
2,943,0.8828828828828829
2,944,0.4844844844844845
2,945,0.3883883883883884
2,946,0.6506506506506506
2,947,0.5125125125125125
2,948,0.35035035035035034
2,949,0.5275275275275275
2,950,0.3983983983983984
2,951,0.4994994994994995
2,952,0.7107107107107107
2,953,0.8078078078078078
2,954,0.34434434434434436
2,955,0.7947947947947948
2,956,0.5655655655655656
2,957,0.7667667667667668
2,958,0.44344344344344344
2,959,0.8948948948948949
2,960,0.43743743743743746
2,961,0.7347347347347347
2,962,0.5705705705705706
2,963,0.44244244244244246
2,964,0.42242242242242245
2,965,0.6536536536536537
2,966,0.04004004004004004
2,967,0.6656656656656657
2,968,0.6186186186186187
2,969,0.7077077077077077
2,970,0.25925925925925924
2,971,0.5655655655655656
2,972,0.8758758758758759
2,973,0.5315315315315315
2,974,0.5245245245245245
2,975,0.5285285285285285
2,976,0.5615615615615616
2,977,0.7237237237237237
2,978,0.3283283283283283
2,979,0.6756756756756757
2,980,0.13313313313313313
2,981,0.7607607607607607
2,982,0.5785785785785785
2,983,0.48848848848848847
2,984,0.8888888888888888
2,985,0.2682682682682683
2,986,0.8038038038038038
2,987,0.3983983983983984
2,988,0.7767767767767768
2,989,0.4314314314314314
2,990,0.8568568568568569
2,991,0.7157157157157157
2,992,0.7507507507507507
2,993,0.8308308308308309
2,994,0.6426426426426426
2,995,0.33233233233233234
2,996,0.953953953953954
2,997,0.22422422422422422
2,998,0.94994994994995
2,999,0.3213213213213213
2,1000,0.6136136136136137
2,1001,0.6906906906906907
2,1002,0.4094094094094094
2,1003,0.022022022022022022
2,1004,0.7127127127127127
2,1005,0.9369369369369369
2,1006,0.6186186186186187
2,1007,0.5125125125125125
2,1008,0.5315315315315315
2,1009,0.3713713713713714
2,1010,0.30930930930930933
2,1011,0.30430430430430433
2,1012,0.6946946946946947
2,1013,0.7537537537537538
2,1014,0.5605605605605606
2,1015,0.8228228228228228
2,1016,0.5765765765765766
2,1017,0.43543543543543545
2,1018,0.3613613613613614
2,1019,0.6106106106106106
2,1020,0.5755755755755756
2,1021,0.3663663663663664
2,1022,0.24824824824824826
2,1023,0.5015015015015015
2,1024,0.5045045045045045
2,1025,0.7277277277277278
2,1026,0.2992992992992993
2,1027,0.28428428428428426
2,1028,0.22022022022022023
2,1029,0.3683683683683684
2,1030,0.6746746746746747
2,1031,0.23523523523523523
2,1032,0.8558558558558559
2,1033,0.1991991991991992
2,1034,0.7347347347347347
2,1035,0.8348348348348348
2,1036,0.5395395395395396
2,1037,0.7687687687687688
2,1038,0.6806806806806807
2,1039,0.4264264264264264
2,1040,0.5465465465465466
2,1041,0.8708708708708709
2,1042,0.7407407407407407
2,1043,0.14714714714714713
2,1044,0.4994994994994995
2,1045,0.5615615615615616
2,1046,0.25425425425425424
2,1047,0.5655655655655656
2,1048,0.44844844844844844
2,1049,0.5115115115115115
2,1050,0.8438438438438438
2,1051,0.27927927927927926
2,1052,0.6506506506506506
2,1053,0.8768768768768769
2,1054,0.6076076076076076
2,1055,0.3893893893893894
2,1056,0.48148148148148145
2,1057,0.8728728728728729
2,1058,0.4974974974974975
2,1059,0.6666666666666666
2,1060,0.6166166166166166
2,1061,0.5395395395395396
2,1062,0.3893893893893894
2,1063,0.5855855855855856
2,1064,0.6306306306306306
2,1065,0.7957957957957958
2,1066,0.3843843843843844
2,1067,0.5765765765765766
2,1068,0.5875875875875876
2,1069,0.7117117117117117
2,1070,0.5735735735735735
2,1071,0.11011011011011011
2,1072,0.3863863863863864
2,1073,0.14614614614614616
2,1074,0.6106106106106106
2,1075,0.6156156156156156
2,1076,0.46046046046046046
2,1077,0.4084084084084084
2,1078,0.43243243243243246
2,1079,0.46046046046046046
2,1080,0.5735735735735735
2,1081,0.4064064064064064
2,1082,0.5935935935935935
2,1083,0.5005005005005005
2,1084,0.6486486486486487
2,1085,0.7327327327327328
2,1086,0.6556556556556556
2,1087,0.06406406406406406
2,1088,0.7797797797797797
2,1089,0.45845845845845845
2,1090,0.6076076076076076
2,1091,0.3973973973973974
2,1092,0.5835835835835835
2,1093,0.7417417417417418
2,1094,0.8518518518518519
2,1095,0.24324324324324326
2,1096,0.2962962962962963
2,1097,0.3073073073073073
2,1098,0.6206206206206206
2,1099,0.7087087087087087
2,1100,0.4494494494494494
2,1101,0.36736736736736736
2,1102,0.8188188188188188
2,1103,0.8858858858858859
2,1104,0.2902902902902903
2,1105,0.6926926926926927
2,1106,0.5885885885885885
2,1107,0.33633633633633636
2,1108,0.17417417417417416
2,1109,0.17417417417417416
2,1110,0.21421421421421422
2,1111,0.7937937937937938
2,1112,0.41041041041041043
2,1113,0.8378378378378378
2,1114,0.5225225225225225
2,1115,0.3993993993993994
2,1116,0.15515515515515516
2,1117,0.2982982982982983
2,1118,0.3173173173173173
2,1119,0.8878878878878879
2,1120,0.2862862862862863
2,1121,0.2002002002002002
2,1122,0.24124124124124124
2,1123,0.7537537537537538
2,1124,0.7337337337337337
2,1125,0.8808808808808809
2,1126,0.8268268268268268
2,1127,0.2072072072072072
2,1128,0.8548548548548549
2,1129,0.8858858858858859
2,1130,0.18118118118118118
2,1131,0.48148148148148145
2,1132,0.7337337337337337
2,1133,0.6556556556556556
2,1134,0.36936936936936937
2,1135,0.7427427427427428
2,1136,0.5655655655655656
2,1137,0.8338338338338338
2,1138,0.35035035035035034
2,1139,0.2502502502502503
2,1140,0.46046046046046046
2,1141,0.36436436436436437
2,1142,0.5065065065065065
2,1143,0.4754754754754755
2,1144,0.8858858858858859
2,1145,0.34934934934934936
2,1146,0.46146146146146144
2,1147,0.4754754754754755
2,1148,0.7177177177177178
2,1149,0.3433433433433433
2,1150,0.24124124124124124
2,1151,0.3073073073073073
2,1152,0.5815815815815816
2,1153,0.3763763763763764
2,1154,0.7947947947947948
2,1155,0.5565565565565566
2,1156,0.5215215215215215
2,1157,0.7787787787787788
2,1158,0.33933933933933935
2,1159,0.3073073073073073
2,1160,0.25425425425425424
2,1161,0.7607607607607607
2,1162,0.5095095095095095
2,1163,0.5765765765765766
2,1164,0.7677677677677678
2,1165,0.8488488488488488
2,1166,0.24624624624624625
2,1167,0.7467467467467468
2,1168,0.4724724724724725
2,1169,0.5145145145145145
2,1170,0.23123123123123124
2,1171,0.2932932932932933
2,1172,0.6646646646646647
2,1173,0.3233233233233233
2,1174,0.5175175175175175
2,1175,0.4184184184184184
2,1176,0.38038038038038036
2,1177,0.4124124124124124
2,1178,0.34734734734734735
2,1179,0.3943943943943944
2,1180,0.908908908908909
2,1181,0.5695695695695696
2,1182,0.26326326326326327
2,1183,0.37537537537537535
2,1184,0.3033033033033033
2,1185,0.3963963963963964
2,1186,0.8188188188188188
2,1187,0.8418418418418419
2,1188,0.2822822822822823
2,1189,0.4394394394394394
2,1190,0.4944944944944945
2,1191,0.17517517517517517
2,1192,0.2962962962962963
2,1193,0.32732732732732733
2,1194,0.5125125125125125
2,1195,0.25125125125125125
2,1196,0.8128128128128128
2,1197,0.2922922922922923
2,1198,0.6176176176176176
2,1199,0.6806806806806807
2,1200,0.27627627627627627
2,1201,0.23523523523523523
2,1202,0.23923923923923923
2,1203,0.5985985985985987
2,1204,0.20520520520520522
2,1205,0.5475475475475475
2,1206,0.5625625625625625
2,1207,0.4264264264264264
2,1208,0.28128128128128127
2,1209,0.19019019019019018
2,1210,0.21021021021021022
2,1211,0.3763763763763764
2,1212,0.8668668668668669
2,1213,0.3743743743743744
2,1214,0.2932932932932933
2,1215,0.5435435435435435
2,1216,0.43343343343343343
2,1217,0.2962962962962963
2,1218,0.3863863863863864
2,1219,0.33133133133133136
2,1220,0.7097097097097097
2,1221,0.6196196196196196
2,1222,0.5665665665665666
2,1223,0.7047047047047047
2,1224,0.25225225225225223
2,1225,0.7527527527527528
2,1226,0.19519519519519518
2,1227,0.6956956956956957
2,1228,0.2902902902902903
2,1229,0.5175175175175175
2,1230,0.3013013013013013
2,1231,0.6536536536536537
2,1232,0.44144144144144143
2,1233,0.48848848848848847
2,1234,0.32732732732732733
2,1235,0.5525525525525525
2,1236,0.7607607607607607
2,1237,0.37037037037037035
2,1238,0.3763763763763764
2,1239,0.1941941941941942
2,1240,0.7367367367367368
2,1241,0.4844844844844845
2,1242,0.7537537537537538
2,1243,0.3053053053053053
2,1244,0.7457457457457457
2,1245,0.22422422422422422
2,1246,0.3303303303303303
2,1247,0.45145145145145144
2,1248,0.4244244244244244
2,1249,0.6666666666666666
3,0,0.22522522522522523
3,1,0.35835835835835833
3,2,0.48848848848848847
3,3,0.8048048048048048
3,4,0.2502502502502503
3,5,0.5865865865865866
3,6,0.8828828828828829
3,7,0.30430430430430433
3,8,0.5775775775775776
3,9,0.8718718718718719
3,10,0.8298298298298298
3,11,0.7957957957957958
3,12,0.8888888888888888
3,13,0.977977977977978
3,14,0.23823823823823823
3,15,0.4844844844844845
3,16,0.3563563563563564
3,17,0.6046046046046046
3,18,0.3333333333333333
3,19,0.17217217217217218
3,20,0.22622622622622623
3,21,0.3663663663663664
3,22,0.8608608608608609
3,23,0.0940940940940941
3,24,0.5035035035035035
3,25,0.5035035035035035
3,26,0.4984984984984985
3,27,0.5125125125125125
3,28,0.5425425425425425
3,29,0.7017017017017017
3,30,0.8778778778778779
3,31,0.6616616616616616
3,32,0.6416416416416416
3,33,0.5935935935935935
3,34,0.47147147147147145
3,35,0.1971971971971972
3,36,0.27427427427427425
3,37,0.38738738738738737
3,38,0.7137137137137137
3,39,0.5995995995995996
3,40,0.4004004004004004
3,41,0.7337337337337337
3,42,0.5515515515515516
3,43,0.4804804804804805
3,44,0.5355355355355356
3,45,0.6756756756756757
3,46,0.5475475475475475
3,47,0.5745745745745746
3,48,0.32932932932932935
3,49,0.6066066066066066
3,50,0.8458458458458459
3,51,0.3843843843843844
3,52,0.36536536536536535
3,53,0.5905905905905906
3,54,0.32732732732732733
3,55,0.29429429429429427
3,56,0.6596596596596597
3,57,0.13613613613613615
3,58,0.988988988988989
3,59,0.6806806806806807
3,60,0.21121121121121122
3,61,0.17217217217217218
3,62,0.6186186186186187
3,63,0.7997997997997998
3,64,0.3923923923923924
3,65,0.16816816816816818
3,66,0.5815815815815816
3,67,0.5605605605605606
3,68,0.6196196196196196
3,69,0.6656656656656657
3,70,0.30430430430430433
3,71,0.5645645645645646
3,72,0.36036036036036034
3,73,0.13013013013013014
3,74,0.18618618618618618
3,75,0.25225225225225223
3,76,0.7417417417417418
3,77,0.23423423423423423
3,78,0.12712712712712712
3,79,0.994994994994995
3,80,0.3563563563563564
3,81,0.7197197197197197
3,82,0.5375375375375375
3,83,0.7667667667667668
3,84,0.22722722722722724
3,85,0.16616616616616617
3,86,0.5595595595595596
3,87,0.7517517517517518
3,88,0.4004004004004004
3,89,0.05805805805805806
3,90,0.5385385385385385
3,91,0.6256256256256256
3,92,0.8398398398398398
3,93,0.1021021021021021
3,94,0.5845845845845846
3,95,0.8328328328328328
3,96,0.6016016016016016
3,97,0.27627627627627627
3,98,0.5995995995995996
3,99,0.055055055055055056
3,100,0.2022022022022022
3,101,0.28128128128128127
3,102,0.8478478478478478
3,103,0.14614614614614616
3,104,0.7497497497497497
3,105,0.5305305305305306
3,106,0.5655655655655656
3,107,0.5125125125125125
3,108,0.6196196196196196
3,109,0.21621621621621623
3,110,0.35935935935935936
3,111,0.3613613613613614
3,112,0.2672672672672673
3,113,0.24024024024024024
3,114,0.3103103103103103
3,115,0.7597597597597597
3,116,0.38538538538538536
3,117,0.23023023023023023
3,118,0.21521521521521522
3,119,0.5875875875875876
3,120,0.7137137137137137
3,121,0.7177177177177178
3,122,0.3133133133133133
3,123,0.25925925925925924
3,124,0.5835835835835835
3,125,0.8308308308308309
3,126,0.02902902902902903
3,127,0.3333333333333333
3,128,0.20520520520520522
3,129,0.3533533533533533
3,130,0.44044044044044045
3,131,0.34634634634634637
3,132,0.11811811811811812
3,133,0.0890890890890891
3,134,0.5755755755755756
3,135,0.6146146146146146
3,136,0.5025025025025025
3,137,0.7207207207207207
3,138,0.44244244244244246
3,139,0.3953953953953954
3,140,0.3893893893893894
3,141,0.2952952952952953
3,142,0.6546546546546547
3,143,0.11411411411411411
3,144,0.37237237237237236
3,145,0.5425425425425425
3,146,0.5555555555555556
3,147,0.7407407407407407
3,148,0.2902902902902903
3,149,0.8838838838838838
3,150,0.6806806806806807
3,151,0.2002002002002002
3,152,0.6726726726726727
3,153,0.7177177177177178
3,154,0.6426426426426426
3,155,0.2032032032032032
3,156,0.5095095095095095
3,157,0.6726726726726727
3,158,0.6196196196196196
3,159,0.5445445445445446
3,160,0.6876876876876877
3,161,0.32432432432432434
3,162,0.15315315315315314
3,163,0.8688688688688688
3,164,0.3023023023023023
3,165,0.5945945945945946
3,166,0.6706706706706707
3,167,0.8188188188188188
3,168,0.2862862862862863
3,169,0.5115115115115115
3,170,0.22122122122122123
3,171,0.6696696696696697
3,172,0.6486486486486487
3,173,0.44744744744744747
3,174,0.2072072072072072
3,175,0.45645645645645644
3,176,0.5495495495495496
3,177,0.3923923923923924
3,178,0.7007007007007007
3,179,0.35835835835835833
3,180,0.6356356356356356
3,181,0.7947947947947948
3,182,0.2012012012012012
3,183,0.8568568568568569
3,184,0.47647647647647645
3,185,0.15215215215215216
3,186,0.3153153153153153
3,187,0.6626626626626627
3,188,0.16816816816816818
3,189,0.8348348348348348
3,190,0.25225225225225223
3,191,0.5295295295295295
3,192,0.6256256256256256
3,193,0.7327327327327328
3,194,0.7887887887887888
3,195,0.24724724724724725
3,196,0.33433433433433435
3,197,0.7777777777777778
3,198,0.8568568568568569
3,199,0.8418418418418419
3,200,0.8678678678678678
3,201,0.5215215215215215
3,202,0.6036036036036037
3,203,0.21121121121121122
3,204,0.17717717717717718
3,205,0.8748748748748749
3,206,0.3663663663663664
3,207,0.6376376376376376
3,208,0.12312312312312312
3,209,0.3173173173173173
3,210,0.6646646646646647
3,211,0.4874874874874875
3,212,0.2222222222222222
3,213,0.3263263263263263
3,214,0.17717717717717718
3,215,0.4794794794794795
3,216,0.17217217217217218
3,217,0.26626626626626626
3,218,0.11511511511511512
3,219,0.35735735735735735
3,220,0.45645645645645644
3,221,0.3263263263263263
3,222,0.21421421421421422
3,223,0.7607607607607607
3,224,0.7957957957957958
3,225,0.7557557557557557
3,226,0.14414414414414414
3,227,0.22322322322322322
3,228,0.6096096096096096
3,229,0.7767767767767768
3,230,0.44844844844844844
3,231,0.33133133133133136
3,232,0.3923923923923924
3,233,0.27427427427427425
3,234,0.26326326326326327
3,235,0.7007007007007007
3,236,0.2182182182182182
3,237,0.24724724724724725
3,238,0.3983983983983984
3,239,0.8418418418418419
3,240,0.2912912912912913
3,241,0.5815815815815816
3,242,0.7647647647647647
3,243,0.6216216216216216
3,244,0.5925925925925926
3,245,0.26226226226226224
3,246,0.8198198198198198
3,247,0.6706706706706707
3,248,0.7427427427427428
3,249,0.13613613613613615
3,250,0.7617617617617618
3,251,0.1781781781781782
3,252,0.4994994994994995
3,253,0.4264264264264264
3,254,0.35835835835835833
3,255,0.8708708708708709
3,256,0.20520520520520522
3,257,0.22322322322322322
3,258,0.44144144144144143
3,259,0.13713713713713713
3,260,0.43543543543543545
3,261,0.4824824824824825
3,262,0.6326326326326326
3,263,0.6306306306306306
3,264,0.8018018018018018
3,265,0.44744744744744747
3,266,0.47047047047047047
3,267,0.6936936936936937
3,268,0.3683683683683684
3,269,0.6776776776776777
3,270,0.6426426426426426
3,271,0.37537537537537535
3,272,0.3433433433433433
3,273,0.964964964964965
3,274,0.12312312312312312
3,275,0.8428428428428428
3,276,0.34434434434434436
3,277,0.960960960960961
3,278,0.26226226226226224
3,279,0.4954954954954955
3,280,0.2982982982982983
3,281,0.5665665665665666
3,282,0.8688688688688688
3,283,0.24424424424424424
3,284,0.22122122122122123
3,285,0.7007007007007007
3,286,0.7907907907907908
3,287,0.21121121121121122
3,288,0.7897897897897898
3,289,0.4194194194194194
3,290,0.24224224224224225
3,291,0.6596596596596597
3,292,0.6056056056056056
3,293,0.6556556556556556
3,294,0.2782782782782783
3,295,0.4724724724724725
3,296,0.1871871871871872
3,297,0.7947947947947948
3,298,0.6776776776776777
3,299,0.8278278278278278
3,300,0.8188188188188188
3,301,0.8428428428428428
3,302,0.27427427427427425
3,303,0.38038038038038036
3,304,0.5935935935935935
3,305,0.5775775775775776
3,306,0.6876876876876877
3,307,0.8998998998998999
3,308,0.4214214214214214
3,309,0.8868868868868869
3,310,0.06606606606606606
3,311,0.5275275275275275
3,312,0.32432432432432434
3,313,0.8058058058058059
3,314,0.17117117117117117
3,315,0.2922922922922923
3,316,0.2682682682682683
3,317,0.7447447447447447
3,318,0.7207207207207207
3,319,0.4744744744744745
3,320,0.35135135135135137
3,321,0.35535535535535534
3,322,0.6696696696696697
3,323,0.21421421421421422
3,324,0.4264264264264264
3,325,0.19519519519519518
3,326,0.7017017017017017
3,327,0.8778778778778779
3,328,0.6686686686686687
3,329,0.2902902902902903
3,330,0.4294294294294294
3,331,0.6466466466466466
3,332,0.7047047047047047
3,333,0.35235235235235235
3,334,0.6566566566566566
3,335,0.8208208208208209
3,336,0.08708708708708708
3,337,0.46346346346346345
3,338,0.6606606606606606
3,339,0.3003003003003003
3,340,0.2962962962962963
3,341,0.7247247247247247
3,342,0.5025025025025025
3,343,0.9369369369369369
3,344,0.38538538538538536
3,345,0.8158158158158159
3,346,0.5555555555555556
3,347,0.5465465465465466
3,348,0.5955955955955956
3,349,0.7207207207207207
3,350,0.3923923923923924
3,351,0.6486486486486487
3,352,0.5705705705705706
3,353,0.6316316316316316
3,354,0.2652652652652653
3,355,0.24224224224224225
3,356,0.8688688688688688
3,357,0.35535535535535534
3,358,0.7627627627627628
3,359,0.5075075075075075
3,360,0.4874874874874875
3,361,0.948948948948949
3,362,0.4854854854854855
3,363,0.42242242242242245
3,364,0.23523523523523523
3,365,0.12712712712712712
3,366,0.4624624624624625
3,367,0.7587587587587588
3,368,0.24624624624624625
3,369,0.6026026026026026
3,370,0.8578578578578578
3,371,0.5265265265265265
3,372,0.4044044044044044
3,373,0.7887887887887888
3,374,0.7987987987987988
3,375,0.8848848848848849
3,376,0.6536536536536537
3,377,0.8358358358358359
3,378,0.4344344344344344
3,379,0.8138138138138138
3,380,0.9269269269269269
3,381,0.8448448448448449
3,382,0.6406406406406406
3,383,0.12312312312312312
3,384,0.3713713713713714
3,385,0.2092092092092092
3,386,0.36236236236236236
3,387,0.43543543543543545
3,388,0.5635635635635635
3,389,0.7007007007007007
3,390,0.2732732732732733
3,391,0.6256256256256256
3,392,0.7087087087087087
3,393,0.44744744744744747
3,394,0.7147147147147147
3,395,0.7107107107107107
3,396,0.32432432432432434
3,397,0.5015015015015015
3,398,0.3863863863863864
3,399,0.6866866866866866
3,400,0.7907907907907908
3,401,0.2502502502502503
3,402,0.24024024024024024
3,403,0.23623623623623624
3,404,0.32232232232232233
3,405,0.8078078078078078
3,406,0.042042042042042045
3,407,0.45145145145145144
3,408,0.6076076076076076
3,409,0.3863863863863864
3,410,0.2002002002002002
3,411,0.07607607607607608
3,412,0.2852852852852853
3,413,0.6256256256256256
3,414,0.11211211211211211
3,415,0.13913913913913914
3,416,0.7277277277277278
3,417,0.7397397397397397
3,418,0.4394394394394394
3,419,0.6416416416416416
3,420,0.16816816816816818
3,421,0.43843843843843844
3,422,0.33633633633633636
3,423,0.15315315315315314
3,424,0.17417417417417416
3,425,0.1971971971971972
3,426,0.5835835835835835
3,427,0.7857857857857858
3,428,0.43043043043043044
3,429,0.3683683683683684
3,430,0.4044044044044044
3,431,0.6356356356356356
3,432,0.6076076076076076
3,433,0.2702702702702703
3,434,0.38738738738738737
3,435,0.3963963963963964
3,436,0.34734734734734735
3,437,0.4174174174174174
3,438,0.4824824824824825
3,439,0.43543543543543545
3,440,0.6206206206206206
3,441,0.5615615615615616
3,442,0.7187187187187187
3,443,0.7297297297297297
3,444,0.5965965965965966
3,445,0.7427427427427428
3,446,0.21921921921921922
3,447,0.46546546546546547
3,448,0.1941941941941942
3,449,0.7027027027027027
3,450,0.2752752752752753
3,451,0.11411411411411411
3,452,0.7827827827827828
3,453,0.24824824824824826
3,454,0.8458458458458459
3,455,0.8298298298298298
3,456,0.15315315315315314
3,457,0.3133133133133133
3,458,0.12012012012012012
3,459,0.5975975975975976
3,460,0.9069069069069069
3,461,0.9099099099099099
3,462,0.7087087087087087
3,463,0.5365365365365365
3,464,0.3993993993993994
3,465,0.8568568568568569
3,466,0.5175175175175175
3,467,0.08708708708708708
3,468,0.9169169169169169
3,469,0.12612612612612611
3,470,0.5235235235235235
3,471,0.4824824824824825
3,472,0.6686686686686687
3,473,0.9129129129129129
3,474,0.2972972972972973
3,475,0.4594594594594595
3,476,0.1991991991991992
3,477,0.0940940940940941
3,478,0.3813813813813814
3,479,0.7577577577577578
3,480,0.2502502502502503
3,481,0.20520520520520522
3,482,0.7557557557557557
3,483,0.5015015015015015
3,484,0.6396396396396397
3,485,0.25825825825825827
3,486,0.91991991991992
3,487,0.3053053053053053
3,488,0.974974974974975
3,489,0.43743743743743746
3,490,0.07607607607607608
3,491,0.33733733733733734
3,492,0.23623623623623624
3,493,0.26326326326326327
3,494,0.5005005005005005
3,495,0.35235235235235235
3,496,0.26626626626626626
3,497,0.4874874874874875
3,498,0.24124124124124124
3,499,0.3923923923923924
3,500,0.27427427427427425
3,501,0.4044044044044044
3,502,0.031031031031031032
3,503,0.46646646646646645
3,504,0.22422422422422422
3,505,0.6746746746746747
3,506,0.6076076076076076
3,507,0.4674674674674675
3,508,0.3483483483483483
3,509,0.8448448448448449
3,510,0.3013013013013013
3,511,0.05905905905905906
3,512,0.7427427427427428
3,513,0.3433433433433433
3,514,0.4964964964964965
3,515,0.4314314314314314
3,516,0.4574574574574575
3,517,0.6736736736736737
3,518,0.12512512512512514
3,519,0.17917917917917917
3,520,0.4794794794794795
3,521,0.7607607607607607
3,522,0.2832832832832833
3,523,0.4904904904904905
3,524,0.44644644644644643
3,525,0.6116116116116116
3,526,0.5735735735735735
3,527,0.4924924924924925
3,528,0.95995995995996
3,529,0.7887887887887888
3,530,0.6896896896896897
3,531,0.7017017017017017
3,532,0.4264264264264264
3,533,0.5165165165165165
3,534,0.4164164164164164
3,535,0.12712712712712712
3,536,0.3163163163163163
3,537,0.34134134134134136
3,538,0.5225225225225225
3,539,0.06306306306306306
3,540,0.4844844844844845
3,541,0.44244244244244246
3,542,0.45145145145145144
3,543,0.22622622622622623
3,544,0.7337337337337337
3,545,0.41541541541541543
3,546,0.08308308308308308
3,547,0.32232232232232233
3,548,0.6386386386386387
3,549,0.7907907907907908
3,550,0.6836836836836837
3,551,0.26226226226226224
3,552,0.4644644644644645
3,553,0.46846846846846846
3,554,0.08108108108108109
3,555,0.5745745745745746
3,556,0.44244244244244246
3,557,0.25325325325325326
3,558,0.3993993993993994
3,559,0.8308308308308309
3,560,0.6786786786786787
3,561,0.6826826826826827
3,562,0.5505505505505506
3,563,0.6106106106106106
3,564,0.14714714714714713
3,565,0.26326326326326327
3,566,0.24624624624624625
3,567,0.965965965965966
3,568,0.036036036036036036
3,569,0.5755755755755756
3,570,0.5675675675675675
3,571,0.35535535535535534
3,572,0.16416416416416416
3,573,0.26626626626626626
3,574,0.4674674674674675
3,575,0.973973973973974
3,576,0.34634634634634637
3,577,0.8488488488488488
3,578,0.2902902902902903
3,579,0.9049049049049049
3,580,0.3103103103103103
3,581,0.5905905905905906
3,582,0.36236236236236236
3,583,0.5185185185185185
3,584,0.7577577577577578
3,585,0.5695695695695696
3,586,0.5865865865865866
3,587,0.38738738738738737
3,588,0.06306306306306306
3,589,0.2172172172172172
3,590,0.5605605605605606
3,591,0.5355355355355356
3,592,0.6256256256256256
3,593,0.17517517517517517
3,594,0.8818818818818819
3,595,0.9039039039039038
3,596,0.6726726726726727
3,597,0.6596596596596597
3,598,0.27627627627627627
3,599,0.8248248248248248
3,600,0.7017017017017017
3,601,0.24024024024024024
3,602,0.2672672672672673
3,603,0.4294294294294294
3,604,0.7757757757757757
3,605,0.3683683683683684
3,606,0.9029029029029029
3,607,0.09309309309309309
3,608,0.34934934934934936
3,609,0.6036036036036037
3,610,0.7137137137137137
3,611,0.12012012012012012
3,612,0.4184184184184184
3,613,0.14814814814814814
3,614,0.5175175175175175
3,615,0.40540540540540543
3,616,0.7267267267267268
3,617,0.15215215215215216
3,618,0.5595595595595596
3,619,0.15015015015015015
3,620,0.17017017017017017
3,621,0.5185185185185185
3,622,0.5605605605605606
3,623,0.5665665665665666
3,624,0.5465465465465466
3,625,0.8648648648648649
3,626,0.5045045045045045
3,627,0.4174174174174174
3,628,0.3013013013013013
3,629,0.37737737737737737
3,630,0.43543543543543545
3,631,0.7347347347347347
3,632,0.5375375375375375
3,633,0.4894894894894895
3,634,0.5955955955955956
3,635,0.27427427427427425
3,636,0.34934934934934936
3,637,0.4444444444444444
3,638,0.8018018018018018
3,639,0.6106106106106106
3,640,0.5195195195195195
3,641,0.4084084084084084
3,642,0.8588588588588588
3,643,0.34934934934934936
3,644,0.4164164164164164
3,645,0.8648648648648649
3,646,0.3893893893893894
3,647,0.2802802802802803
3,648,0.5375375375375375
3,649,0.5745745745745746
3,650,0.7807807807807807
3,651,0.4994994994994995
3,652,0.13213213213213212
3,653,0.7597597597597597
3,654,0.11411411411411411
3,655,0.16416416416416416
3,656,0.6656656656656657
3,657,0.3233233233233233
3,658,0.10510510510510511
3,659,0.6686686686686687
3,660,0.6996996996996997
3,661,0.3833833833833834
3,662,0.7347347347347347
3,663,0.8028028028028028
3,664,0.27927927927927926
3,665,0.23723723723723725
3,666,0.5715715715715716
3,667,0.42742742742742745
3,668,0.5165165165165165
3,669,0.5445445445445446
3,670,0.5775775775775776
3,671,0.8288288288288288
3,672,0.47847847847847846
3,673,0.43243243243243246
3,674,0.35735735735735735
3,675,0.7687687687687688
3,676,0.38238238238238237
3,677,0.7407407407407407
3,678,0.5535535535535535
3,679,0.3813813813813814
3,680,0.4924924924924925
3,681,0.2832832832832833
3,682,0.5025025025025025
3,683,0.6516516516516516
3,684,0.25625625625625625
3,685,0.43043043043043044
3,686,0.4244244244244244
3,687,0.7007007007007007
3,688,0.7937937937937938
3,689,0.1931931931931932
3,690,0.2922922922922923
3,691,0.5375375375375375
3,692,0.5815815815815816
3,693,0.5305305305305306
3,694,0.24524524524524524
3,695,0.38538538538538536
3,696,0.3743743743743744
3,697,0.3763763763763764
3,698,0.5645645645645646
3,699,0.21021021021021022
3,700,0.36936936936936937
3,701,0.2772772772772773
3,702,0.4594594594594595
3,703,0.2972972972972973
3,704,0.42242242242242245
3,705,0.07807807807807808
3,706,0.21621621621621623
3,707,0.42242242242242245
3,708,0.22722722722722724
3,709,0.08508508508508508
3,710,0.5095095095095095
3,711,0.7917917917917918
3,712,0.27927927927927926
3,713,0.7937937937937938
3,714,0.4034034034034034
3,715,0.3153153153153153
3,716,0.06506506506506507
3,717,0.7637637637637638
3,718,0.9219219219219219
3,719,0.97997997997998
3,720,0.6566566566566566
3,721,0.7697697697697697
3,722,0.24624624624624625
3,723,0.39039039039039036
3,724,0.5375375375375375
3,725,0.8398398398398398
3,726,0.7137137137137137
3,727,0.2552552552552553
3,728,0.3233233233233233
3,729,0.13313313313313313
3,730,0.7347347347347347
3,731,0.5815815815815816
3,732,0.1871871871871872
3,733,0.8308308308308309
3,734,0.7617617617617618
3,735,0.05105105105105105
3,736,0.3123123123123123
3,737,0.7587587587587588
3,738,0.7287287287287287
3,739,0.32432432432432434
3,740,0.3263263263263263
3,741,0.8408408408408409
3,742,0.23823823823823823
3,743,0.4164164164164164
3,744,0.2502502502502503
3,745,0.5375375375375375
3,746,0.8368368368368369
3,747,0.6766766766766766
3,748,0.29429429429429427
3,749,0.7817817817817818
3,750,0.47147147147147145
3,751,0.16316316316316315
3,752,0.14914914914914915
3,753,0.34234234234234234
3,754,0.5305305305305306
3,755,0.31931931931931934
3,756,0.8058058058058059
3,757,0.6186186186186187
3,758,0.5555555555555556
3,759,0.5075075075075075
3,760,0.27427427427427425
3,761,0.5625625625625625
3,762,0.26326326326326327
3,763,0.7527527527527528
3,764,0.7727727727727728
3,765,0.8538538538538538
3,766,0.3023023023023023
3,767,0.3843843843843844
3,768,0.46846846846846846
3,769,0.6876876876876877
3,770,0.6986986986986987
3,771,0.6816816816816816
3,772,0.8278278278278278
3,773,0.8078078078078078
3,774,0.5085085085085085
3,775,0.2702702702702703
3,776,0.44144144144144143
3,777,0.9629629629629629
3,778,0.8728728728728729
3,779,0.6376376376376376
3,780,0.928928928928929
3,781,0.3263263263263263
3,782,0.5835835835835835
3,783,0.01901901901901902
3,784,0.7507507507507507
3,785,0.5485485485485485
3,786,0.48348348348348347
3,787,0.15915915915915915
3,788,0.4624624624624625
3,789,0.5515515515515516
3,790,0.1931931931931932
3,791,0.9619619619619619
3,792,0.6716716716716716
3,793,0.31431431431431434
3,794,0.5845845845845846
3,795,0.4594594594594595
3,796,0.5865865865865866
3,797,0.45845845845845845
3,798,0.6476476476476476
3,799,0.8158158158158159
3,800,0.4094094094094094
3,801,0.9429429429429429
3,802,0.16816816816816818
3,803,0.16216216216216217
3,804,0.43743743743743746
3,805,0.2992992992992993
3,806,0.5235235235235235
3,807,0.5285285285285285
3,808,0.26226226226226224
3,809,0.7587587587587588
3,810,0.17317317317317318
3,811,0.8238238238238238
3,812,0.6406406406406406
3,813,0.3103103103103103
3,814,0.4994994994994995
3,815,0.7187187187187187
3,816,0.3993993993993994
3,817,0.7047047047047047
3,818,0.5425425425425425
3,819,0.8648648648648649
3,820,0.22722722722722724
3,821,0.2772772772772773
3,822,0.7837837837837838
3,823,0.2772772772772773
3,824,0.7927927927927928
3,825,0.8528528528528528
3,826,0.23223223223223224
3,827,0.34934934934934936
3,828,0.6976976976976977
3,829,0.7327327327327328
3,830,0.16716716716716717
3,831,0.7987987987987988
3,832,0.30430430430430433
3,833,0.5585585585585585
3,834,0.4194194194194194
3,835,0.7307307307307307
3,836,0.5675675675675675
3,837,0.15815815815815815
3,838,0.7007007007007007
3,839,0.4034034034034034
3,840,0.5735735735735735
3,841,0.3053053053053053
3,842,0.2922922922922923
3,843,0.5345345345345346
3,844,0.7877877877877878
3,845,0.23123123123123124
3,846,0.5595595595595596
3,847,0.25325325325325326
3,848,0.2832832832832833
3,849,0.7937937937937938
3,850,0.44144144144144143
3,851,0.7827827827827828
3,852,0.6536536536536537
3,853,0.7697697697697697
3,854,0.3053053053053053
3,855,0.37037037037037035
3,856,0.7837837837837838
3,857,0.6686686686686687
3,858,0.8238238238238238
3,859,0.4094094094094094
3,860,0.04504504504504504
3,861,0.6676676676676677
3,862,0.3783783783783784
3,863,0.8148148148148148
3,864,0.23523523523523523
3,865,0.6526526526526526
3,866,0.23623623623623624
3,867,0.8308308308308309
3,868,0.14114114114114115
3,869,0.19019019019019018
3,870,0.9319319319319319
3,871,0.2502502502502503
3,872,0.6056056056056056
3,873,0.2002002002002002
3,874,0.8418418418418419
3,875,0.5965965965965966
3,876,0.36236236236236236
3,877,0.2772772772772773
3,878,0.05305305305305305
3,879,0.5135135135135135
3,880,0.5795795795795796
3,881,0.7557557557557557
3,882,0.7177177177177178
3,883,0.06406406406406406
3,884,0.3743743743743744
3,885,0.8088088088088088
3,886,0.8588588588588588
3,887,0.12012012012012012
3,888,0.6696696696696697
3,889,0.14314314314314314
3,890,0.18518518518518517
3,891,0.6336336336336337
3,892,0.4494494494494494
3,893,0.4574574574574575
3,894,0.8098098098098098
3,895,0.3793793793793794
3,896,0.15615615615615616
3,897,0.6236236236236237
3,898,0.8928928928928929
3,899,0.33933933933933935
3,900,0.2872872872872873
3,901,0.1981981981981982
3,902,0.5985985985985987
3,903,0.7647647647647647
3,904,0.2082082082082082
3,905,0.3383383383383383
3,906,0.6776776776776777
3,907,0.26326326326326327
3,908,0.6766766766766766
3,909,0.26126126126126126
3,910,0.7767767767767768
3,911,0.5865865865865866
3,912,0.23923923923923923
3,913,0.5385385385385385
3,914,0.6566566566566566
3,915,0.6346346346346347
3,916,0.2182182182182182
3,917,0.2732732732732733
3,918,0.2922922922922923
3,919,0.37037037037037035
3,920,0.5845845845845846
3,921,0.07507507507507508
3,922,0.6456456456456456
3,923,0.5755755755755756
3,924,0.5075075075075075
3,925,0.45345345345345345
3,926,0.12712712712712712
3,927,0.2042042042042042
3,928,0.2962962962962963
3,929,0.4244244244244244
3,930,0.5705705705705706
3,931,0.4594594594594595
3,932,0.5345345345345346
3,933,0.6516516516516516
3,934,0.5655655655655656
3,935,0.7777777777777778
3,936,0.2962962962962963
3,937,0.3303303303303303
3,938,0.09109109109109109
3,939,0.25825825825825827
3,940,0.928928928928929
3,941,0.6976976976976977
3,942,0.43743743743743746
3,943,0.5205205205205206
3,944,0.13313313313313313
3,945,0.8648648648648649
3,946,0.14514514514514515
3,947,0.42542542542542544
3,948,0.6966966966966966
3,949,0.5095095095095095
3,950,0.14414414414414414
3,951,0.23523523523523523
3,952,0.8228228228228228
3,953,0.4004004004004004
3,954,0.17417417417417416
3,955,0.6406406406406406
3,956,0.2772772772772773
3,957,0.028028028028028028
3,958,0.34734734734734735
3,959,0.5895895895895896
3,960,0.5505505505505506
3,961,0.4874874874874875
3,962,0.22722722722722724
3,963,0.4114114114114114
3,964,0.8908908908908909
3,965,0.5495495495495496
3,966,0.8418418418418419
3,967,0.8468468468468469
3,968,0.5995995995995996
3,969,0.6476476476476476
3,970,0.2782782782782783
3,971,0.6326326326326326
3,972,0.6946946946946947
3,973,0.5105105105105106
3,974,0.8678678678678678
3,975,0.1981981981981982
3,976,0.08708708708708708
3,977,0.5465465465465466
3,978,0.7467467467467468
3,979,0.9479479479479479
3,980,0.3203203203203203
3,981,0.8138138138138138
3,982,0.17017017017017017
3,983,0.07207207207207207
3,984,0.4674674674674675
3,985,0.4294294294294294
3,986,0.8318318318318318
3,987,0.3613613613613614
3,988,0.8018018018018018
3,989,0.15315315315315314
3,990,0.7057057057057057
3,991,0.9419419419419419
3,992,0.6436436436436437
3,993,0.5845845845845846
3,994,0.5595595595595596
3,995,0.7717717717717718
3,996,0.8808808808808809
3,997,0.7477477477477478
3,998,0.7267267267267268
3,999,0.6886886886886887
3,1000,0.26126126126126126
3,1001,0.2802802802802803
3,1002,0.8388388388388388
3,1003,0.5295295295295295
3,1004,0.7897897897897898
3,1005,0.7497497497497497
3,1006,0.33233233233233234
3,1007,0.43343343343343343
3,1008,0.35935935935935936
3,1009,0.6576576576576577
3,1010,0.23423423423423423
3,1011,0.5285285285285285
3,1012,0.5495495495495496
3,1013,0.34534534534534533
3,1014,0.2802802802802803
3,1015,0.5345345345345346
3,1016,0.6456456456456456
3,1017,0.5395395395395396
3,1018,0.5375375375375375
3,1019,0.5855855855855856
3,1020,0.6446446446446447
3,1021,0.3103103103103103
3,1022,0.08608608608608609
3,1023,0.9039039039039038
3,1024,0.35835835835835833
3,1025,0.2752752752752753
3,1026,0.2902902902902903
3,1027,0.33933933933933935
3,1028,0.6166166166166166
3,1029,0.7627627627627628
3,1030,0.7637637637637638
3,1031,0.4574574574574575
3,1032,0.5415415415415415
3,1033,0.44744744744744747
3,1034,0.5485485485485485
3,1035,0.7057057057057057
3,1036,0.8018018018018018
3,1037,0.23523523523523523
3,1038,0.4264264264264264
3,1039,0.17317317317317318
3,1040,0.7187187187187187
3,1041,0.13313313313313313
3,1042,0.6736736736736737
3,1043,0.6096096096096096
3,1044,0.7057057057057057
3,1045,0.7307307307307307
3,1046,0.6176176176176176
3,1047,0.7787787787787788
3,1048,0.1881881881881882
3,1049,0.14914914914914915
3,1050,0.7267267267267268
3,1051,0.47047047047047047
3,1052,0.32732732732732733
3,1053,0.5005005005005005
3,1054,0.7597597597597597
3,1055,0.4164164164164164
3,1056,0.9259259259259259
3,1057,0.3253253253253253
3,1058,0.2222222222222222
3,1059,0.18618618618618618
3,1060,0.3973973973973974
3,1061,0.4644644644644645
3,1062,0.4034034034034034
3,1063,0.4934934934934935
3,1064,0.18618618618618618
3,1065,0.8048048048048048
3,1066,0.43243243243243246
3,1067,0.995995995995996
3,1068,0.2732732732732733
3,1069,0.6836836836836837
3,1070,0.5245245245245245
3,1071,0.5705705705705706
3,1072,0.2022022022022022
3,1073,0.3683683683683684
3,1074,0.036036036036036036
3,1075,0.924924924924925
3,1076,0.5405405405405406
3,1077,0.8108108108108109
3,1078,0.7407407407407407
3,1079,0.18118118118118118
3,1080,0.23623623623623624
3,1081,0.6876876876876877
3,1082,0.25825825825825827
3,1083,0.5645645645645646
3,1084,0.36436436436436437
3,1085,0.5355355355355356
3,1086,0.2952952952952953
3,1087,0.4964964964964965
3,1088,0.5745745745745746
3,1089,0.30430430430430433
3,1090,0.41541541541541543
3,1091,0.09109109109109109
3,1092,0.17317317317317318
3,1093,0.6886886886886887
3,1094,0.8498498498498499
3,1095,0.94994994994995
3,1096,0.47347347347347346
3,1097,0.2952952952952953
3,1098,0.5065065065065065
3,1099,0.6156156156156156
3,1100,0.8548548548548549
3,1101,0.04804804804804805
3,1102,0.12812812812812813
3,1103,0.6466466466466466
3,1104,0.36936936936936937
3,1105,0.9329329329329329
3,1106,0.1061061061061061
3,1107,0.3683683683683684
3,1108,0.4674674674674675
3,1109,0.23423423423423423
3,1110,0.45545545545545546
3,1111,0.23523523523523523
3,1112,0.3973973973973974
3,1113,0.3763763763763764
3,1114,0.6876876876876877
3,1115,0.5155155155155156
3,1116,0.5465465465465466
3,1117,0.8608608608608609
3,1118,0.17217217217217218
3,1119,0.7687687687687688
3,1120,0.3253253253253253
3,1121,0.4854854854854855
3,1122,0.8238238238238238
3,1123,0.978978978978979
3,1124,0.4344344344344344
3,1125,0.35235235235235235
3,1126,0.12012012012012012
3,1127,0.4244244244244244
3,1128,0.7227227227227228
3,1129,0.8898898898898899
3,1130,0.8108108108108109
3,1131,0.8068068068068068
3,1132,0.6946946946946947
3,1133,0.7317317317317318
3,1134,0.965965965965966
3,1135,0.7857857857857858
3,1136,0.036036036036036036
3,1137,0.39039039039039036
3,1138,0.13413413413413414
3,1139,0.43343343343343343
3,1140,0.9039039039039038
3,1141,0.2122122122122122
3,1142,0.6416416416416416
3,1143,0.5345345345345346
3,1144,0.7027027027027027
3,1145,0.3173173173173173
3,1146,0.4044044044044044
3,1147,0.6316316316316316
3,1148,0.5335335335335335
3,1149,0.8668668668668669
3,1150,0.23623623623623624
3,1151,0.47047047047047047
3,1152,0.8328328328328328
3,1153,0.4364364364364364
3,1154,0.7017017017017017
3,1155,0.21421421421421422
3,1156,0.8538538538538538
3,1157,0.6756756756756757
3,1158,0.25925925925925924
3,1159,0.8578578578578578
3,1160,0.8448448448448449
3,1161,0.7217217217217218
3,1162,0.5815815815815816
3,1163,0.3073073073073073
3,1164,0.4544544544544545
3,1165,0.3683683683683684
3,1166,0.7727727727727728
3,1167,0.7597597597597597
3,1168,0.4134134134134134
3,1169,0.4364364364364364
3,1170,0.6416416416416416
3,1171,0.7387387387387387
3,1172,0.6136136136136137
3,1173,0.2602602602602603
3,1174,0.5465465465465466
3,1175,0.5575575575575575
3,1176,0.04504504504504504
3,1177,0.6256256256256256
3,1178,0.8638638638638638
3,1179,0.5905905905905906
3,1180,0.5535535535535535
3,1181,0.02902902902902903
3,1182,0.3483483483483483
3,1183,0.3103103103103103
3,1184,0.4774774774774775
3,1185,0.35035035035035034
3,1186,0.4004004004004004
3,1187,0.3663663663663664
3,1188,0.6166166166166166
3,1189,0.44844844844844844
3,1190,0.46146146146146144
3,1191,0.6766766766766766
3,1192,0.06406406406406406
3,1193,0.6776776776776777
3,1194,0.6926926926926927
3,1195,0.07307307307307308
3,1196,0.9019019019019019
3,1197,0.5825825825825826
3,1198,0.8388388388388388
3,1199,0.3973973973973974
3,1200,0.8448448448448449
3,1201,0.5505505505505506
3,1202,0.7697697697697697
3,1203,0.7327327327327328
3,1204,0.8298298298298298
3,1205,0.950950950950951
3,1206,0.3743743743743744
3,1207,0.2722722722722723
3,1208,0.1881881881881882
3,1209,0.36936936936936937
3,1210,0.35835835835835833
3,1211,0.8658658658658659
3,1212,0.3963963963963964
3,1213,0.12312312312312312
3,1214,0.4004004004004004
3,1215,0.8398398398398398
3,1216,0.27927927927927926
3,1217,0.7017017017017017
3,1218,0.5015015015015015
3,1219,0.7947947947947948
3,1220,0.9159159159159159
3,1221,0.4544544544544545
3,1222,0.2862862862862863
3,1223,0.32932932932932935
3,1224,0.2652652652652653
3,1225,0.5195195195195195
3,1226,0.3433433433433433
3,1227,0.7837837837837838
3,1228,0.14314314314314314
3,1229,0.15715715715715717
3,1230,0.17917917917917917
3,1231,0.27427427427427425
3,1232,0.5735735735735735
3,1233,0.3933933933933934
3,1234,0.1111111111111111
3,1235,0.7457457457457457
3,1236,0.7347347347347347
3,1237,0.6656656656656657
3,1238,0.3333333333333333
3,1239,0.6676676676676677
3,1240,0.1991991991991992
3,1241,0.24224224224224225
3,1242,0.2922922922922923
3,1243,0.6786786786786787
3,1244,0.3833833833833834
3,1245,0.26926926926926925
3,1246,0.6836836836836837
3,1247,0.6166166166166166
3,1248,0.3013013013013013
3,1249,0.44044044044044045
4,0,0.5105105105105106
4,1,0.3263263263263263
4,2,0.5405405405405406
4,3,0.4084084084084084
4,4,0.6906906906906907
4,5,0.6396396396396397
4,6,0.3063063063063063
4,7,0.2932932932932933
4,8,0.5155155155155156
4,9,0.3763763763763764
4,10,0.8238238238238238
4,11,0.7187187187187187
4,12,0.7957957957957958
4,13,0.4294294294294294
4,14,0.24124124124124124
4,15,0.4904904904904905
4,16,0.35835835835835833
4,17,0.2702702702702703
4,18,0.41041041041041043
4,19,0.3083083083083083
4,20,0.33933933933933935
4,21,0.4444444444444444
4,22,0.3863863863863864
4,23,0.17017017017017017
4,24,0.38738738738738737
4,25,0.7487487487487487
4,26,0.7087087087087087
4,27,0.6076076076076076
4,28,0.7097097097097097
4,29,0.6946946946946947
4,30,0.5135135135135135
4,31,0.5915915915915916
4,32,0.5695695695695696
4,33,0.4594594594594595
4,34,0.6136136136136137
4,35,0.8128128128128128
4,36,0.44044044044044045
4,37,0.4974974974974975
4,38,0.6436436436436437
4,39,0.7337337337337337
4,40,0.6616616616616616
4,41,0.3953953953953954
4,42,0.5165165165165165
4,43,0.6176176176176176
4,44,0.25125125125125125
4,45,0.35135135135135137
4,46,0.7267267267267268
4,47,0.5965965965965966
4,48,0.7357357357357357
4,49,0.6146146146146146
4,50,0.6066066066066066
4,51,0.10510510510510511
4,52,0.8008008008008008
4,53,0.3073073073073073
4,54,0.6576576576576577
4,55,0.6826826826826827
4,56,0.42842842842842843
4,57,0.5835835835835835
4,58,0.13013013013013014
4,59,0.5635635635635635
4,60,0.39039039039039036
4,61,0.47047047047047047
4,62,0.5855855855855856
4,63,0.5775775775775776
4,64,0.8978978978978979
4,65,0.6016016016016016
4,66,0.6396396396396397
4,67,0.6066066066066066
4,68,0.8058058058058059
4,69,0.7187187187187187
4,70,0.7357357357357357
4,71,0.46346346346346345
4,72,0.5055055055055055
4,73,0.5905905905905906
4,74,0.8478478478478478
4,75,0.3983983983983984
4,76,0.2932932932932933
4,77,0.7327327327327328
4,78,0.3683683683683684
4,79,0.6026026026026026
4,80,0.5675675675675675
4,81,0.7347347347347347
4,82,0.7037037037037037
4,83,0.22422422422422422
4,84,0.6336336336336337
4,85,0.5025025025025025
4,86,0.3863863863863864
4,87,0.7637637637637638
4,88,0.5045045045045045
4,89,0.3233233233233233
4,90,0.7507507507507507
4,91,0.5135135135135135
4,92,0.18118118118118118
4,93,0.6146146146146146
4,94,0.35435435435435436
4,95,0.2962962962962963
4,96,0.12912912912912913
4,97,0.7097097097097097
4,98,0.41541541541541543
4,99,0.5815815815815816
4,100,0.44844844844844844
4,101,0.5485485485485485
4,102,0.1981981981981982
4,103,0.3963963963963964
4,104,0.5995995995995996
4,105,0.3733733733733734
4,106,0.45345345345345345
4,107,0.2222222222222222
4,108,0.36736736736736736
4,109,0.7047047047047047
4,110,0.5875875875875876
4,111,0.4914914914914915
4,112,0.5125125125125125
4,113,0.5915915915915916
4,114,0.5295295295295295
4,115,0.7297297297297297
4,116,0.6676676676676677
4,117,0.3483483483483483
4,118,0.5345345345345346
4,119,0.4864864864864865
4,120,0.28928928928928926
4,121,0.5095095095095095
4,122,0.2782782782782783
4,123,0.6786786786786787
4,124,0.6166166166166166
4,125,0.6456456456456456
4,126,0.14014014014014015
4,127,0.2092092092092092
4,128,0.34434434434434436
4,129,0.3883883883883884
4,130,0.2752752752752753
4,131,0.2602602602602603
4,132,0.3893893893893894
4,133,0.5495495495495496
4,134,0.35235235235235235
4,135,0.5245245245245245
4,136,0.4094094094094094
4,137,0.3973973973973974
4,138,0.4864864864864865
4,139,0.7357357357357357
4,140,0.36036036036036034
4,141,0.36936936936936937
4,142,0.36236236236236236
4,143,0.3163163163163163
4,144,0.8228228228228228
4,145,0.6126126126126126
4,146,0.15215215215215216
4,147,0.3923923923923924
4,148,0.47647647647647645
4,149,0.6046046046046046
4,150,0.4394394394394394
4,151,0.7837837837837838
4,152,0.5955955955955956
4,153,0.42242242242242245
4,154,0.5725725725725725
4,155,0.2862862862862863
4,156,0.5075075075075075
4,157,0.37037037037037035
4,158,0.2852852852852853
4,159,0.5075075075075075
4,160,0.9029029029029029
4,161,0.28928928928928926
4,162,0.5285285285285285
4,163,0.7367367367367368
4,164,0.5325325325325325
4,165,0.5705705705705706
4,166,0.2912912912912913
4,167,0.44644644644644643
4,168,0.38238238238238237
4,169,0.4244244244244244
4,170,0.2172172172172172
4,171,0.43243243243243246
4,172,0.45045045045045046
4,173,0.5575575575575575
4,174,0.5335335335335335
4,175,0.5665665665665666
4,176,0.33433433433433435
4,177,0.3103103103103103
4,178,0.47147147147147145
4,179,0.5375375375375375
4,180,0.21121121121121122
4,181,0.2982982982982983
4,182,0.46146146146146144
4,183,0.28428428428428426
4,184,0.3733733733733734
4,185,0.7527527527527528
4,186,0.2122122122122122
4,187,0.3303303303303303
4,188,0.7937937937937938
4,189,0.5855855855855856
4,190,0.5315315315315315
4,191,0.6466466466466466
4,192,0.5105105105105106
4,193,0.16816816816816818
4,194,0.2602602602602603
4,195,0.13213213213213212
4,196,0.6206206206206206
4,197,0.3923923923923924
4,198,0.14714714714714713
4,199,0.8878878878878879
4,200,0.7447447447447447
4,201,0.3083083083083083
4,202,0.22422422422422422
4,203,0.17217217217217218
4,204,0.5275275275275275
4,205,0.5445445445445446
4,206,0.8228228228228228
4,207,0.8068068068068068
4,208,0.45345345345345345
4,209,0.6006006006006006
4,210,0.3253253253253253
4,211,0.21021021021021022
4,212,0.4644644644644645
4,213,0.7647647647647647
4,214,0.5095095095095095
4,215,0.26426426426426425
4,216,0.3933933933933934
4,217,0.28128128128128127
4,218,0.5865865865865866
4,219,0.0960960960960961
4,220,0.7687687687687688
4,221,0.7767767767767768
4,222,0.1921921921921922
4,223,0.5355355355355356
4,224,0.8778778778778779
4,225,0.7177177177177178
4,226,0.3983983983983984
4,227,0.6666666666666666
4,228,0.5865865865865866
4,229,0.36236236236236236
4,230,0.7077077077077077
4,231,0.5065065065065065
4,232,0.45845845845845845
4,233,0.6126126126126126
4,234,0.7737737737737738
4,235,0.6646646646646647
4,236,0.7447447447447447
4,237,0.5915915915915916
4,238,0.23223223223223224
4,239,0.4084084084084084
4,240,0.7417417417417418
4,241,0.7557557557557557
4,242,0.4744744744744745
4,243,0.3113113113113113
4,244,0.7537537537537538
4,245,0.6906906906906907
4,246,0.5145145145145145
4,247,0.37237237237237236
4,248,0.6466466466466466
4,249,0.6366366366366366
4,250,0.5885885885885885
4,251,0.5485485485485485
4,252,0.7787787787787788
4,253,0.6636636636636637
4,254,0.6476476476476476
4,255,0.4894894894894895
4,256,0.5395395395395396
4,257,0.3033033033033033
4,258,0.6616616616616616
4,259,0.4314314314314314
4,260,0.38038038038038036
4,261,0.015015015015015015
4,262,0.40540540540540543
4,263,0.6296296296296297
4,264,0.38738738738738737
4,265,0.5115115115115115
4,266,0.5275275275275275
4,267,0.43343343343343343
4,268,0.3943943943943944
4,269,0.5645645645645646
4,270,0.28928928928928926
4,271,0.18018018018018017
4,272,0.4144144144144144
4,273,0.4394394394394394
4,274,0.5185185185185185
4,275,0.48148148148148145
4,276,0.4244244244244244
4,277,0.44144144144144143
4,278,0.17317317317317318
4,279,0.7847847847847848
4,280,0.5285285285285285
4,281,0.7987987987987988
4,282,0.5545545545545546
4,283,0.7457457457457457
4,284,0.5965965965965966
4,285,0.08708708708708708
4,286,0.38038038038038036
4,287,0.24924924924924924
4,288,0.42742742742742745
4,289,0.6096096096096096
4,290,0.25725725725725723
4,291,0.6086086086086087
4,292,0.4034034034034034
4,293,0.6476476476476476
4,294,0.6836836836836837
4,295,0.36236236236236236
4,296,0.4044044044044044
4,297,0.4114114114114114
4,298,0.43343343343343343
4,299,0.22922922922922923
4,300,0.9029029029029029
4,301,0.4074074074074074
4,302,0.24124124124124124
4,303,0.7517517517517518
4,304,0.44744744744744747
4,305,0.6186186186186187
4,306,0.5835835835835835
4,307,0.7807807807807807
4,308,0.3183183183183183
4,309,0.4904904904904905
4,310,0.8558558558558559
4,311,0.6626626626626627
4,312,0.5265265265265265
4,313,0.5665665665665666
4,314,0.7877877877877878
4,315,0.6806806806806807
4,316,0.7077077077077077
4,317,0.7327327327327328
4,318,0.44844844844844844
4,319,0.26926926926926925
4,320,0.6866866866866866
4,321,0.42742742742742745
4,322,0.7117117117117117
4,323,0.5635635635635635
4,324,0.6826826826826827
4,325,0.34234234234234234
4,326,0.5635635635635635
4,327,0.2012012012012012
4,328,0.5125125125125125
4,329,0.6456456456456456
4,330,0.29429429429429427
4,331,0.42342342342342343
4,332,0.7257257257257257
4,333,0.7077077077077077
4,334,0.8478478478478478
4,335,0.33433433433433435
4,336,0.6176176176176176
4,337,0.35135135135135137
4,338,0.5815815815815816
4,339,0.2752752752752753
4,340,0.7807807807807807
4,341,0.5205205205205206
4,342,0.7087087087087087
4,343,0.5395395395395396
4,344,0.4744744744744745
4,345,0.4854854854854855
4,346,0.5135135135135135
4,347,0.3943943943943944
4,348,0.3963963963963964
4,349,0.3303303303303303
4,350,0.22522522522522523
4,351,0.7657657657657657
4,352,0.4924924924924925
4,353,0.4624624624624625
4,354,0.4864864864864865
4,355,0.2832832832832833
4,356,0.6596596596596597
4,357,0.5695695695695696
4,358,0.44744744744744747
4,359,0.2672672672672673
4,360,0.08708708708708708
4,361,0.38738738738738737
4,362,0.4644644644644645
4,363,0.28428428428428426
4,364,0.4754754754754755
4,365,0.7227227227227228
4,366,0.4804804804804805
4,367,0.8278278278278278
4,368,0.5525525525525525
4,369,0.23223223223223224
4,370,0.30930930930930933
4,371,0.19119119119119118
4,372,0.3863863863863864
4,373,0.4394394394394394
4,374,0.6356356356356356
4,375,0.7087087087087087
4,376,0.4904904904904905
4,377,0.5845845845845846
4,378,0.2952952952952953
4,379,0.5635635635635635
4,380,0.43043043043043044
4,381,0.5665665665665666
4,382,0.43843843843843844
4,383,0.5605605605605606
4,384,0.4864864864864865
4,385,0.26126126126126126
4,386,0.25125125125125125
4,387,0.4544544544544545
4,388,0.8548548548548549
4,389,0.6556556556556556
4,390,0.3663663663663664
4,391,0.4954954954954955
4,392,0.3913913913913914
4,393,0.7857857857857858
4,394,0.6976976976976977
4,395,0.2992992992992993
4,396,0.6086086086086087
4,397,0.5105105105105106
4,398,0.5065065065065065
4,399,0.5855855855855856
4,400,0.6616616616616616
4,401,0.17917917917917917
4,402,0.4214214214214214
4,403,0.3933933933933934
4,404,0.5175175175175175
4,405,0.45145145145145144
4,406,0.5965965965965966
4,407,0.8218218218218218
4,408,0.5275275275275275
4,409,0.4084084084084084
4,410,0.6286286286286287
4,411,0.3763763763763764
4,412,0.3963963963963964
4,413,0.4954954954954955
4,414,0.5435435435435435
4,415,0.5215215215215215
4,416,0.6536536536536537
4,417,0.4724724724724725
4,418,0.42742742742742745
4,419,0.13413413413413414
4,420,0.3763763763763764
4,421,0.4074074074074074
4,422,0.3353353353353353
4,423,0.15215215215215216
4,424,0.8628628628628628
4,425,0.25825825825825827
4,426,0.6216216216216216
4,427,0.3893893893893894
4,428,0.25125125125125125
4,429,0.5245245245245245
4,430,0.8098098098098098
4,431,0.7047047047047047
4,432,0.4804804804804805
4,433,0.7317317317317318
4,434,0.5745745745745746
4,435,0.44344344344344344
4,436,0.43043043043043044
4,437,0.4794794794794795
4,438,0.6916916916916916
4,439,0.6776776776776777
4,440,0.5255255255255256
4,441,0.46546546546546547
4,442,0.33933933933933935
4,443,0.25225225225225223
4,444,0.9129129129129129
4,445,0.6756756756756757
4,446,0.24824824824824826
4,447,0.4114114114114114
4,448,0.3173173173173173
4,449,0.7397397397397397
4,450,0.2972972972972973
4,451,0.8858858858858859
4,452,0.8338338338338338
4,453,0.5975975975975976
4,454,0.7887887887887888
4,455,0.4544544544544545
4,456,0.5445445445445446
4,457,0.6106106106106106
4,458,0.6206206206206206
4,459,0.26226226226226224
4,460,0.5255255255255256
4,461,0.4594594594594595
4,462,0.3173173173173173
4,463,0.3993993993993994
4,464,0.31931931931931934
4,465,0.6516516516516516
4,466,0.6386386386386387
4,467,0.5085085085085085
4,468,0.5765765765765766
4,469,0.6476476476476476
4,470,0.5715715715715716
4,471,0.46846846846846846
4,472,0.44244244244244246
4,473,0.7067067067067067
4,474,0.8378378378378378
4,475,0.8228228228228228
4,476,0.5205205205205206
4,477,0.33733733733733734
4,478,0.4364364364364364
4,479,0.6686686686686687
4,480,0.06106106106106106
4,481,0.4944944944944945
4,482,0.5415415415415415
4,483,0.8008008008008008
4,484,0.3943943943943944
4,485,0.7447447447447447
4,486,0.5825825825825826
4,487,0.37237237237237236
4,488,0.6866866866866866
4,489,0.2822822822822823
4,490,0.7547547547547547
4,491,0.5505505505505506
4,492,0.6546546546546547
4,493,0.5665665665665666
4,494,0.5105105105105106
4,495,0.3033033033033033
4,496,0.7617617617617618
4,497,0.34734734734734735
4,498,0.7507507507507507
4,499,0.4984984984984985
4,500,0.4164164164164164
4,501,0.5495495495495496
4,502,0.7317317317317318
4,503,0.5515515515515516
4,504,0.8318318318318318
4,505,0.25325325325325326
4,506,0.31431431431431434
4,507,0.5175175175175175
4,508,0.5845845845845846
4,509,0.7837837837837838
4,510,0.47847847847847846
4,511,0.5035035035035035
4,512,0.4174174174174174
4,513,0.42342342342342343
4,514,0.5185185185185185
4,515,0.6576576576576577
4,516,0.7317317317317318
4,517,0.47847847847847846
4,518,0.8618618618618619
4,519,0.26626626626626626
4,520,0.3793793793793794
4,521,0.7117117117117117
4,522,0.33433433433433435
4,523,0.8008008008008008
4,524,0.6646646646646647
4,525,0.1871871871871872
4,526,0.4804804804804805
4,527,0.7577577577577578
4,528,0.4094094094094094
4,529,0.6096096096096096
4,530,0.7807807807807807
4,531,0.5045045045045045
4,532,0.6546546546546547
4,533,0.7497497497497497
4,534,0.5495495495495496
4,535,0.6106106106106106
4,536,0.5465465465465466
4,537,0.5295295295295295
4,538,0.7337337337337337
4,539,0.3563563563563564
4,540,0.7247247247247247
4,541,0.7457457457457457
4,542,0.3983983983983984
4,543,0.2682682682682683
4,544,0.23723723723723725
4,545,0.3083083083083083
4,546,0.5405405405405406
4,547,0.28928928928928926
4,548,0.5065065065065065
4,549,0.15215215215215216
4,550,0.6296296296296297
4,551,0.5775775775775776
4,552,0.7927927927927928
4,553,0.16716716716716717
4,554,0.5995995995995996
4,555,0.6996996996996997
4,556,0.2902902902902903
4,557,0.4294294294294294
4,558,0.5455455455455456
4,559,0.3233233233233233
4,560,0.4844844844844845
4,561,0.5065065065065065
4,562,0.6446446446446447
4,563,0.8588588588588588
4,564,0.3003003003003003
4,565,0.3783783783783784
4,566,0.4264264264264264
4,567,0.5005005005005005
4,568,0.41541541541541543
4,569,0.3763763763763764
4,570,0.7537537537537538
4,571,0.5155155155155156
4,572,0.6236236236236237
4,573,0.5955955955955956
4,574,0.6136136136136137
4,575,0.17717717717717718
4,576,0.5775775775775776
4,577,0.6836836836836837
4,578,0.5515515515515516
4,579,0.45845845845845845
4,580,0.5105105105105106
4,581,0.8058058058058059
4,582,0.45645645645645644
4,583,0.33433433433433435
4,584,0.4914914914914915
4,585,0.46146146146146144
4,586,0.7037037037037037
4,587,0.4174174174174174
4,588,0.4194194194194194
4,589,0.5705705705705706
4,590,0.6286286286286287
4,591,0.3763763763763764
4,592,0.5845845845845846
4,593,0.38038038038038036
4,594,0.1041041041041041
4,595,0.2802802802802803
4,596,0.47047047047047047
4,597,0.6956956956956957
4,598,0.7637637637637638
4,599,0.3383383383383383
4,600,0.44044044044044045
4,601,0.5355355355355356
4,602,0.6606606606606606
4,603,0.4294294294294294
4,604,0.6546546546546547
4,605,0.7877877877877878
4,606,0.6646646646646647
4,607,0.2732732732732733
4,608,0.18118118118118118
4,609,0.4944944944944945
4,610,0.3813813813813814
4,611,0.2922922922922923
4,612,0.7387387387387387
4,613,0.2852852852852853
4,614,0.37737737737737737
4,615,0.4874874874874875
4,616,0.5245245245245245
4,617,0.3813813813813814
4,618,0.5965965965965966
4,619,0.42342342342342343
4,620,0.24624624624624625
4,621,0.3963963963963964
4,622,0.24024024024024024
4,623,0.4174174174174174
4,624,0.44344344344344344
4,625,0.7557557557557557
4,626,0.5685685685685685
4,627,0.7937937937937938
4,628,0.2552552552552553
4,629,0.5265265265265265
4,630,0.6316316316316316
4,631,0.2652652652652653
4,632,0.5155155155155156
4,633,0.5455455455455456
4,634,0.23823823823823823
4,635,0.5615615615615616
4,636,0.5715715715715716
4,637,0.6116116116116116
4,638,0.8608608608608609
4,639,0.2122122122122122
4,640,0.44044044044044045
4,641,0.7117117117117117
4,642,0.2702702702702703
4,643,0.37737737737737737
4,644,0.43043043043043044
4,645,0.34634634634634637
4,646,0.6206206206206206
4,647,0.3113113113113113
4,648,0.7057057057057057
4,649,0.43343343343343343
4,650,0.8728728728728729
4,651,0.4544544544544545
4,652,0.48148148148148145
4,653,0.43043043043043044
4,654,0.2772772772772773
4,655,0.6476476476476476
4,656,0.3033033033033033
4,657,0.7797797797797797
4,658,0.37237237237237236
4,659,0.5485485485485485
4,660,0.5665665665665666
4,661,0.16816816816816818
4,662,0.043043043043043044
4,663,0.6176176176176176
4,664,0.7817817817817818
4,665,0.5575575575575575
4,666,0.28128128128128127
4,667,0.3973973973973974
4,668,0.34534534534534533
4,669,0.48348348348348347
4,670,0.6986986986986987
4,671,0.22322322322322322
4,672,0.7927927927927928
4,673,0.3263263263263263
4,674,0.35235235235235235
4,675,0.6806806806806807
4,676,0.8088088088088088
4,677,0.3913913913913914
4,678,0.3253253253253253
4,679,0.6246246246246246
4,680,0.5945945945945946
4,681,0.6566566566566566
4,682,0.6246246246246246
4,683,0.6716716716716716
4,684,0.5515515515515516
4,685,0.6806806806806807
4,686,0.32932932932932935
4,687,0.5915915915915916
4,688,0.6786786786786787
4,689,0.23323323323323322
4,690,0.42542542542542544
4,691,0.5645645645645646
4,692,0.8808808808808809
4,693,0.2882882882882883
4,694,0.5505505505505506
4,695,0.4144144144144144
4,696,0.5325325325325325
4,697,0.35535535535535534
4,698,0.26226226226226224
4,699,0.4924924924924925
4,700,0.5725725725725725
4,701,0.5125125125125125
4,702,0.7407407407407407
4,703,0.6766766766766766
4,704,0.2072072072072072
4,705,0.6646646646646647
4,706,0.2982982982982983
4,707,0.6406406406406406
4,708,0.4964964964964965
4,709,0.5705705705705706
4,710,0.46846846846846846
4,711,0.8228228228228228
4,712,0.4024024024024024
4,713,0.27927927927927926
4,714,0.7017017017017017
4,715,0.44044044044044045
4,716,0.16816816816816818
4,717,0.5905905905905906
4,718,0.33733733733733734
4,719,0.8658658658658659
4,720,0.36736736736736736
4,721,0.7407407407407407
4,722,0.8948948948948949
4,723,0.34134134134134136
4,724,0.3923923923923924
4,725,0.8698698698698699
4,726,0.5235235235235235
4,727,0.5685685685685685
4,728,0.5865865865865866
4,729,0.4344344344344344
4,730,0.3813813813813814
4,731,0.4574574574574575
4,732,0.6306306306306306
4,733,0.5955955955955956
4,734,0.7327327327327328
4,735,0.7127127127127127
4,736,0.44644644644644643
4,737,0.7667667667667668
4,738,0.8328328328328328
4,739,0.4444444444444444
4,740,0.6936936936936937
4,741,0.7527527527527528
4,742,0.2672672672672673
4,743,0.5645645645645646
4,744,0.7147147147147147
4,745,0.7387387387387387
4,746,0.13813813813813813
4,747,0.6936936936936937
4,748,0.5775775775775776
4,749,0.4494494494494494
4,750,0.7937937937937938
4,751,0.5865865865865866
4,752,0.6276276276276276
4,753,0.23423423423423423
4,754,0.3153153153153153
4,755,0.7357357357357357
4,756,0.056056056056056056
4,757,0.8178178178178178
4,758,0.8008008008008008
4,759,0.43743743743743746
4,760,0.4314314314314314
4,761,0.6496496496496497
4,762,0.8218218218218218
4,763,0.23323323323323322
4,764,0.34934934934934936
4,765,0.6246246246246246
4,766,0.6466466466466466
4,767,0.5775775775775776
4,768,0.42842842842842843
4,769,0.6786786786786787
4,770,0.7677677677677678
4,771,0.5085085085085085
4,772,0.2932932932932933
4,773,0.7257257257257257
4,774,0.45245245245245247
4,775,0.7027027027027027
4,776,0.16416416416416416
4,777,0.2752752752752753
4,778,0.3763763763763764
4,779,0.36536536536536535
4,780,0.40540540540540543
4,781,0.21921921921921922
4,782,0.5275275275275275
4,783,0.4984984984984985
4,784,0.5915915915915916
4,785,0.5215215215215215
4,786,0.6086086086086087
4,787,0.2902902902902903
4,788,0.3813813813813814
4,789,0.5365365365365365
4,790,0.3113113113113113
4,791,0.5255255255255256
4,792,0.5415415415415415
4,793,0.5485485485485485
4,794,0.45545545545545546
4,795,0.44044044044044045
4,796,0.4294294294294294
4,797,0.5525525525525525
4,798,0.22922922922922923
4,799,0.45545545545545546
4,800,0.5375375375375375
4,801,0.5555555555555556
4,802,0.5925925925925926
4,803,0.6806806806806807
4,804,0.6096096096096096
4,805,0.21121121121121122
4,806,0.2992992992992993
4,807,0.4124124124124124
4,808,0.6776776776776777
4,809,0.37037037037037035
4,810,0.48148148148148145
4,811,0.2092092092092092
4,812,0.45545545545545546
4,813,0.3743743743743744
4,814,0.2902902902902903
4,815,0.6656656656656657
4,816,0.5795795795795796
4,817,0.3033033033033033
4,818,0.7597597597597597
4,819,0.25225225225225223
4,820,0.3483483483483483
4,821,0.5285285285285285
4,822,0.7017017017017017
4,823,0.5725725725725725
4,824,0.7657657657657657
4,825,0.3933933933933934
4,826,0.6576576576576577
4,827,0.8948948948948949
4,828,0.4244244244244244
4,829,0.7047047047047047
4,830,0.4824824824824825
4,831,0.4034034034034034
4,832,0.6406406406406406
4,833,0.2972972972972973
4,834,0.6116116116116116
4,835,0.4594594594594595
4,836,0.32732732732732733
4,837,0.45145145145145144
4,838,0.3913913913913914
4,839,0.6976976976976977
4,840,0.7077077077077077
4,841,0.5715715715715716
4,842,0.7167167167167167
4,843,0.3213213213213213
4,844,0.6716716716716716
4,845,0.5615615615615616
4,846,0.5805805805805806
4,847,0.4034034034034034
4,848,0.5275275275275275
4,849,0.5725725725725725
4,850,0.2982982982982983
4,851,0.5135135135135135
4,852,0.5035035035035035
4,853,0.22522522522522523
4,854,0.5825825825825826
4,855,0.3613613613613614
4,856,0.5985985985985987
4,857,0.6506506506506506
4,858,0.7607607607607607
4,859,0.30930930930930933
4,860,0.6716716716716716
4,861,0.2732732732732733
4,862,0.7487487487487487
4,863,0.29429429429429427
4,864,0.6206206206206206
4,865,0.3563563563563564
4,866,0.4034034034034034
4,867,0.3733733733733734
4,868,0.5015015015015015
4,869,0.5255255255255256
4,870,0.8078078078078078
4,871,0.45145145145145144
4,872,0.5875875875875876
4,873,0.43743743743743746
4,874,0.5445445445445446
4,875,0.3983983983983984
4,876,0.7217217217217218
4,877,0.12312312312312312
4,878,0.5415415415415415
4,879,0.4184184184184184
4,880,0.8338338338338338
4,881,0.5375375375375375
4,882,0.4754754754754755
4,883,0.1831831831831832
4,884,0.6386386386386387
4,885,0.5255255255255256
4,886,0.6726726726726727
4,887,0.6866866866866866
4,888,0.6156156156156156
4,889,0.5525525525525525
4,890,0.4724724724724725
4,891,0.3063063063063063
4,892,0.5555555555555556
4,893,0.3883883883883884
4,894,0.6546546546546547
4,895,0.5695695695695696
4,896,0.31431431431431434
4,897,0.5225225225225225
4,898,0.33433433433433435
4,899,0.44044044044044045
4,900,0.7287287287287287
4,901,0.4084084084084084
4,902,0.5375375375375375
4,903,0.4954954954954955
4,904,0.30930930930930933
4,905,0.5985985985985987
4,906,0.17317317317317318
4,907,0.7037037037037037
4,908,0.25225225225225223
4,909,0.7877877877877878
4,910,0.7907907907907908
4,911,0.3433433433433433
4,912,0.28428428428428426
4,913,0.4944944944944945
4,914,0.5205205205205206
4,915,0.6086086086086087
4,916,0.4364364364364364
4,917,0.7337337337337337
4,918,0.7417417417417418
4,919,0.4804804804804805
4,920,0.6286286286286287
4,921,0.29429429429429427
4,922,0.34434434434434436
4,923,0.44144144144144143
4,924,0.4364364364364364
4,925,0.4194194194194194
4,926,0.5785785785785785
4,927,0.6876876876876877
4,928,0.8458458458458459
4,929,0.5695695695695696
4,930,0.09109109109109109
4,931,0.6086086086086087
4,932,0.6106106106106106
4,933,0.23023023023023023
4,934,0.7107107107107107
4,935,0.3913913913913914
4,936,0.2902902902902903
4,937,0.3733733733733734
4,938,0.6186186186186187
4,939,0.7367367367367368
4,940,0.35835835835835833
4,941,0.5435435435435435
4,942,0.5525525525525525
4,943,0.8168168168168168
4,944,0.6816816816816816
4,945,0.5725725725725725
4,946,0.37237237237237236
4,947,0.4264264264264264
4,948,0.4644644644644645
4,949,0.3563563563563564
4,950,0.6076076076076076
4,951,0.5595595595595596
4,952,0.48148148148148145
4,953,0.8878878878878879
4,954,0.4074074074074074
4,955,0.48348348348348347
4,956,0.8268268268268268
4,957,0.5035035035035035
4,958,0.5025025025025025
4,959,0.5115115115115115
4,960,0.7157157157157157
4,961,0.4074074074074074
4,962,0.8478478478478478
4,963,0.3103103103103103
4,964,0.2952952952952953
4,965,0.7147147147147147
4,966,0.5645645645645646
4,967,0.34934934934934936
4,968,0.5225225225225225
4,969,0.6416416416416416
4,970,0.6016016016016016
4,971,0.44044044044044045
4,972,0.6946946946946947
4,973,0.5885885885885885
4,974,0.4094094094094094
4,975,0.47347347347347346
4,976,0.14314314314314314
4,977,0.43743743743743746
4,978,0.5165165165165165
4,979,0.44844844844844844
4,980,0.3353353353353353
4,981,0.6116116116116116
4,982,0.36736736736736736
4,983,0.32432432432432434
4,984,0.3203203203203203
4,985,0.6306306306306306
4,986,0.4804804804804805
4,987,0.6306306306306306
4,988,0.5715715715715716
4,989,0.6016016016016016
4,990,0.34934934934934936
4,991,0.5235235235235235
4,992,0.6916916916916916
4,993,0.6256256256256256
4,994,0.3083083083083083
4,995,0.5565565565565566
4,996,0.5495495495495496
4,997,0.20520520520520522
4,998,0.7247247247247247
4,999,0.6196196196196196
4,1000,0.3353353353353353
4,1001,0.3933933933933934
4,1002,0.4854854854854855
4,1003,0.6966966966966966
4,1004,0.3013013013013013
4,1005,0.3843843843843844
4,1006,0.6186186186186187
4,1007,0.24024024024024024
4,1008,0.3943943943943944
4,1009,0.44844844844844844
4,1010,0.4984984984984985
4,1011,0.7637637637637638
4,1012,0.6036036036036037
4,1013,0.26326326326326327
4,1014,0.36536536536536535
4,1015,0.5435435435435435
4,1016,0.3483483483483483
4,1017,0.46646646646646645
4,1018,0.5925925925925926
4,1019,0.6786786786786787
4,1020,0.6336336336336337
4,1021,0.3863863863863864
4,1022,0.5905905905905906
4,1023,0.26226226226226224
4,1024,0.3283283283283283
4,1025,0.3833833833833834
4,1026,0.4974974974974975
4,1027,0.4494494494494494
4,1028,0.47047047047047047
4,1029,0.12512512512512514
4,1030,0.5085085085085085
4,1031,0.3993993993993994
4,1032,0.5585585585585585
4,1033,0.7347347347347347
4,1034,0.4984984984984985
4,1035,0.7517517517517518
4,1036,0.43743743743743746
4,1037,0.28928928928928926
4,1038,0.5685685685685685
4,1039,0.6436436436436437
4,1040,0.40540540540540543
4,1041,0.5185185185185185
4,1042,0.3973973973973974
4,1043,0.35235235235235235
4,1044,0.6336336336336337
4,1045,0.6876876876876877
4,1046,0.6656656656656657
4,1047,0.5405405405405406
4,1048,0.3133133133133133
4,1049,0.12512512512512514
4,1050,0.5195195195195195
4,1051,0.8478478478478478
4,1052,0.3893893893893894
4,1053,0.5825825825825826
4,1054,0.5475475475475475
4,1055,0.3913913913913914
4,1056,0.6346346346346347
4,1057,0.3383383383383383
4,1058,0.2962962962962963
4,1059,0.3383383383383383
4,1060,0.5735735735735735
4,1061,0.5375375375375375
4,1062,0.7027027027027027
4,1063,0.5265265265265265
4,1064,0.36036036036036034
4,1065,0.6906906906906907
4,1066,0.25125125125125125
4,1067,0.3173173173173173
4,1068,0.6536536536536537
4,1069,0.43843843843843844
4,1070,0.4744744744744745
4,1071,0.44144144144144143
4,1072,0.18518518518518517
4,1073,0.36736736736736736
4,1074,0.5385385385385385
4,1075,0.6086086086086087
4,1076,0.23923923923923923
4,1077,0.7137137137137137
4,1078,0.33133133133133136
4,1079,0.5805805805805806
4,1080,0.1781781781781782
4,1081,0.3433433433433433
4,1082,0.3633633633633634
4,1083,0.6426426426426426
4,1084,0.3083083083083083
4,1085,0.6316316316316316
4,1086,0.5885885885885885
4,1087,0.6766766766766766
4,1088,0.43043043043043044
4,1089,0.3163163163163163
4,1090,0.06606606606606606
4,1091,0.4264264264264264
4,1092,0.6576576576576577
4,1093,0.6036036036036037
4,1094,0.6316316316316316
4,1095,0.7987987987987988
4,1096,0.5335335335335335
4,1097,0.4774774774774775
4,1098,0.3893893893893894
4,1099,0.8118118118118118
4,1100,0.7117117117117117
4,1101,0.7557557557557557
4,1102,0.42042042042042044
4,1103,0.5645645645645646
4,1104,0.46146146146146144
4,1105,0.4594594594594595
4,1106,0.6616616616616616
4,1107,0.4194194194194194
4,1108,0.45845845845845845
4,1109,0.45145145145145144
4,1110,0.3563563563563564
4,1111,0.2722722722722723
4,1112,0.6776776776776777
4,1113,0.4544544544544545
4,1114,0.3993993993993994
4,1115,0.43543543543543545
4,1116,0.24324324324324326
4,1117,0.5455455455455456
4,1118,0.6026026026026026
4,1119,0.33633633633633636
4,1120,0.5095095095095095
4,1121,0.6666666666666666
4,1122,0.6106106106106106
4,1123,0.13413413413413414
4,1124,0.7677677677677678
4,1125,0.6126126126126126
4,1126,0.2882882882882883
4,1127,0.41041041041041043
4,1128,0.34434434434434436
4,1129,0.6576576576576577
4,1130,0.8668668668668669
4,1131,0.33633633633633636
4,1132,0.5595595595595596
4,1133,0.6656656656656657
4,1134,0.4864864864864865
4,1135,0.5245245245245245
4,1136,0.42342342342342343
4,1137,0.36736736736736736
4,1138,0.4004004004004004
4,1139,0.6216216216216216
4,1140,0.4144144144144144
4,1141,0.3133133133133133
4,1142,0.5475475475475475
4,1143,0.5645645645645646
4,1144,0.2992992992992993
4,1145,0.3023023023023023
4,1146,0.5645645645645646
4,1147,0.46846846846846846
4,1148,0.6636636636636637
4,1149,0.29429429429429427
4,1150,0.1841841841841842
4,1151,0.44644644644644643
4,1152,0.43043043043043044
4,1153,0.7347347347347347
4,1154,0.22022022022022023
4,1155,0.7897897897897898
4,1156,0.6666666666666666
4,1157,0.3203203203203203
4,1158,0.8018018018018018
4,1159,0.913913913913914
4,1160,0.22522522522522523
4,1161,0.42842842842842843
4,1162,0.5445445445445446
4,1163,0.29429429429429427
4,1164,0.13013013013013014
4,1165,0.7427427427427428
4,1166,0.3063063063063063
4,1167,0.32932932932932935
4,1168,0.4864864864864865
4,1169,0.4864864864864865
4,1170,0.6436436436436437
4,1171,0.3933933933933934
4,1172,0.5245245245245245
4,1173,0.4164164164164164
4,1174,0.3383383383383383
4,1175,0.5845845845845846
4,1176,0.47847847847847846
4,1177,0.9629629629629629
4,1178,0.7077077077077077
4,1179,0.6976976976976977
4,1180,0.7197197197197197
4,1181,0.42342342342342343
4,1182,0.6006006006006006
4,1183,0.3863863863863864
4,1184,0.8078078078078078
4,1185,0.7737737737737738
4,1186,0.37737737737737737
4,1187,0.3683683683683684
4,1188,0.6506506506506506
4,1189,0.8418418418418419
4,1190,0.5965965965965966
4,1191,0.3253253253253253
4,1192,0.4864864864864865
4,1193,0.13813813813813813
4,1194,0.5465465465465466
4,1195,0.5235235235235235
4,1196,0.46346346346346345
4,1197,0.37037037037037035
4,1198,0.5305305305305306
4,1199,0.4064064064064064
4,1200,0.5715715715715716
4,1201,0.3253253253253253
4,1202,0.3973973973973974
4,1203,0.46346346346346345
4,1204,0.14314314314314314
4,1205,0.15615615615615616
4,1206,0.43543543543543545
4,1207,0.07707707707707707
4,1208,0.7477477477477478
4,1209,0.6536536536536537
4,1210,0.3103103103103103
4,1211,0.35235235235235235
4,1212,0.5345345345345346
4,1213,0.3253253253253253
4,1214,0.7117117117117117
4,1215,0.6246246246246246
4,1216,0.6756756756756757
4,1217,0.8358358358358359
4,1218,0.3663663663663664
4,1219,0.4984984984984985
4,1220,0.5975975975975976
4,1221,0.7887887887887888
4,1222,0.3253253253253253
4,1223,0.7517517517517518
4,1224,0.45545545545545546
4,1225,0.6626626626626627
4,1226,0.46646646646646645
4,1227,0.5805805805805806
4,1228,0.6206206206206206
4,1229,0.4294294294294294
4,1230,0.3913913913913914
4,1231,0.5205205205205206
4,1232,0.3893893893893894
4,1233,0.43243243243243246
4,1234,0.6396396396396397
4,1235,0.5345345345345346
4,1236,0.4964964964964965
4,1237,0.8138138138138138
4,1238,0.39039039039039036
4,1239,0.7377377377377378
4,1240,0.5205205205205206
4,1241,0.5335335335335335
4,1242,0.5695695695695696
4,1243,0.5025025025025025
4,1244,0.5545545545545546
4,1245,0.6006006006006006
4,1246,0.7537537537537538
4,1247,0.6016016016016016
4,1248,0.46346346346346345
4,1249,0.5505505505505506
5,0,0.45045045045045046
5,1,0.6356356356356356
5,2,0.2902902902902903
5,3,0.33933933933933935
5,4,0.20520520520520522
5,5,0.4034034034034034
5,6,0.42842842842842843
5,7,0.12112112112112113
5,8,0.21421421421421422
5,9,0.34434434434434436
5,10,0.2012012012012012
5,11,0.34534534534534533
5,12,0.3833833833833834
5,13,0.5475475475475475
5,14,0.44644644644644643
5,15,0.3733733733733734
5,16,0.4924924924924925
5,17,0.6086086086086087
5,18,0.5855855855855856
5,19,0.5865865865865866
5,20,0.4894894894894895
5,21,0.3713713713713714
5,22,0.27427427427427425
5,23,0.5075075075075075
5,24,0.8008008008008008
5,25,0.36036036036036034
5,26,0.7747747747747747
5,27,0.6116116116116116
5,28,0.7057057057057057
5,29,0.33233233233233234
5,30,0.3663663663663664
5,31,0.4294294294294294
5,32,0.34734734734734735
5,33,0.6296296296296297
5,34,0.3993993993993994
5,35,0.7887887887887888
5,36,0.7877877877877878
5,37,0.36436436436436437
5,38,0.5185185185185185
5,39,0.5695695695695696
5,40,0.5715715715715716
5,41,0.08808808808808809
5,42,0.2902902902902903
5,43,0.26126126126126126
5,44,0.47047047047047047
5,45,0.3083083083083083
5,46,0.5675675675675675
5,47,0.7497497497497497
5,48,0.8668668668668669
5,49,0.14514514514514515
5,50,0.5755755755755756
5,51,0.22522522522522523
5,52,0.5645645645645646
5,53,0.42542542542542544
5,54,0.25825825825825827
5,55,0.6456456456456456
5,56,0.6346346346346347
5,57,0.14414414414414414
5,58,0.35835835835835833
5,59,0.18218218218218218
5,60,0.25625625625625625
5,61,0.47647647647647645
5,62,0.3483483483483483
5,63,0.3883883883883884
5,64,0.4754754754754755
5,65,0.43243243243243246
5,66,0.5525525525525525
5,67,0.15915915915915915
5,68,0.5745745745745746
5,69,0.3483483483483483
5,70,0.6686686686686687
5,71,0.33733733733733734
5,72,0.21521521521521522
5,73,0.6456456456456456
5,74,0.7757757757757757
5,75,0.2952952952952953
5,76,0.5205205205205206
5,77,0.7337337337337337
5,78,0.5465465465465466
5,79,0.6196196196196196
5,80,0.24024024024024024
5,81,0.31931931931931934
5,82,0.6196196196196196
5,83,0.3783783783783784
5,84,0.8138138138138138
5,85,0.5145145145145145
5,86,0.47047047047047047
5,87,0.14714714714714713
5,88,0.0970970970970971
5,89,0.4754754754754755
5,90,0.3983983983983984
5,91,0.5275275275275275
5,92,0.4624624624624625
5,93,0.5075075075075075
5,94,0.4084084084084084
5,95,0.5745745745745746
5,96,0.36036036036036034
5,97,0.7917917917917918
5,98,0.4824824824824825
5,99,0.13613613613613615
5,100,0.7597597597597597
5,101,0.6916916916916916
5,102,0.3073073073073073
5,103,0.6556556556556556
5,104,0.7797797797797797
5,105,0.5905905905905906
5,106,0.3943943943943944
5,107,0.38538538538538536
5,108,0.5335335335335335
5,109,0.15715715715715717
5,110,0.5265265265265265
5,111,0.25825825825825827
5,112,0.26626626626626626
5,113,0.7387387387387387
5,114,0.8058058058058059
5,115,0.2962962962962963
5,116,0.12612612612612611
5,117,0.45145145145145144
5,118,0.6836836836836837
5,119,0.44544544544544545
5,120,0.36936936936936937
5,121,0.13913913913913914
5,122,0.6256256256256256
5,123,0.6416416416416416
5,124,0.1971971971971972
5,125,0.8008008008008008
5,126,0.1921921921921922
5,127,0.5215215215215215
5,128,0.4364364364364364
5,129,0.7687687687687688
5,130,0.7307307307307307
5,131,0.40540540540540543
5,132,0.19119119119119118
5,133,0.4344344344344344
5,134,0.6036036036036037
5,135,0.4874874874874875
5,136,0.5665665665665666
5,137,0.6766766766766766
5,138,0.4894894894894895
5,139,0.6406406406406406
5,140,0.36536536536536535
5,141,0.1971971971971972
5,142,0.6626626626626627
5,143,0.17717717717717718
5,144,0.8368368368368369
5,145,0.23223223223223224
5,146,0.5855855855855856
5,147,0.4394394394394394
5,148,0.6636636636636637
5,149,0.6106106106106106
5,150,0.9099099099099099
5,151,0.40540540540540543
5,152,0.26626626626626626
5,153,0.4644644644644645
5,154,0.7207207207207207
5,155,0.4184184184184184
5,156,0.3433433433433433
5,157,0.6616616616616616
5,158,0.5855855855855856
5,159,0.5895895895895896
5,160,0.9669669669669669
5,161,0.48348348348348347
5,162,0.46046046046046046
5,163,0.1981981981981982
5,164,0.025025025025025027
5,165,0.27127127127127126
5,166,0.4854854854854855
5,167,0.5195195195195195
5,168,0.2132132132132132
5,169,0.7117117117117117
5,170,0.3013013013013013
5,171,0.23823823823823823
5,172,0.5035035035035035
5,173,0.27127127127127126
5,174,0.5045045045045045
5,175,0.3083083083083083
5,176,0.36536536536536535
5,177,0.4184184184184184
5,178,0.5115115115115115
5,179,0.3263263263263263
5,180,0.6526526526526526
5,181,0.6086086086086087
5,182,0.4964964964964965
5,183,0.6286286286286287
5,184,0.38038038038038036
5,185,0.48848848848848847
5,186,0.31431431431431434
5,187,0.23623623623623624
5,188,0.2682682682682683
5,189,0.07307307307307308
5,190,0.46146146146146144
5,191,0.35435435435435436
5,192,0.4864864864864865
5,193,0.7537537537537538
5,194,0.5115115115115115
5,195,0.3663663663663664
5,196,0.6826826826826827
5,197,0.7397397397397397
5,198,0.2682682682682683
5,199,0.5695695695695696
5,200,0.5575575575575575
5,201,0.38238238238238237
5,202,0.5605605605605606
5,203,0.7827827827827828
5,204,0.5105105105105106
5,205,0.5235235235235235
5,206,0.7567567567567568
5,207,0.9119119119119119
5,208,0.4344344344344344
5,209,0.7497497497497497
5,210,0.35435435435435436
5,211,0.46846846846846846
5,212,0.48348348348348347
5,213,0.5345345345345346
5,214,0.41541541541541543
5,215,0.7887887887887888
5,216,0.6196196196196196
5,217,0.6876876876876877
5,218,0.3353353353353353
5,219,0.7117117117117117
5,220,0.4644644644644645
5,221,0.2752752752752753
5,222,0.5075075075075075
5,223,0.3083083083083083
5,224,0.6256256256256256
5,225,0.38038038038038036
5,226,0.8388388388388388
5,227,0.44844844844844844
5,228,0.17917917917917917
5,229,0.8398398398398398
5,230,0.4754754754754755
5,231,0.34934934934934936
5,232,0.5115115115115115
5,233,0.2222222222222222
5,234,0.3013013013013013
5,235,0.4794794794794795
5,236,0.24824824824824826
5,237,0.44744744744744747
5,238,0.2882882882882883
5,239,0.3133133133133133
5,240,0.45345345345345345
5,241,0.42842842842842843
5,242,0.7477477477477478
5,243,0.32432432432432434
5,244,0.5115115115115115
5,245,0.5805805805805806
5,246,0.3973973973973974
5,247,0.6216216216216216
5,248,0.5075075075075075
5,249,0.3063063063063063
5,250,0.6886886886886887
5,251,0.34134134134134136
5,252,0.7957957957957958
5,253,0.3283283283283283
5,254,0.42542542542542544
5,255,0.3943943943943944
5,256,0.3003003003003003
5,257,0.5225225225225225
5,258,0.6446446446446447
5,259,0.6986986986986987
5,260,0.2732732732732733
5,261,0.6546546546546547
5,262,0.30930930930930933
5,263,0.1961961961961962
5,264,0.5425425425425425
5,265,0.45145145145145144
5,266,0.6506506506506506
5,267,0.8568568568568569
5,268,0.47047047047047047
5,269,0.6116116116116116
5,270,0.24524524524524524
5,271,0.23623623623623624
5,272,0.7057057057057057
5,273,0.8038038038038038
5,274,0.46346346346346345
5,275,0.6756756756756757
5,276,0.3863863863863864
5,277,0.45245245245245247
5,278,0.8288288288288288
5,279,0.32932932932932935
5,280,0.6516516516516516
5,281,0.07707707707707707
5,282,0.43843843843843844
5,283,0.35135135135135137
5,284,0.7287287287287287
5,285,0.5195195195195195
5,286,0.8548548548548549
5,287,0.2972972972972973
5,288,0.7677677677677678
5,289,0.43843843843843844
5,290,0.7317317317317318
5,291,0.24324324324324326
5,292,0.5015015015015015
5,293,0.6696696696696697
5,294,0.6266266266266266
5,295,0.4064064064064064
5,296,0.24924924924924924
5,297,0.3793793793793794
5,298,0.32932932932932935
5,299,0.4824824824824825
5,300,0.6876876876876877
5,301,0.33633633633633636
5,302,0.27127127127127126
5,303,0.7907907907907908
5,304,0.2682682682682683
5,305,0.8098098098098098
5,306,0.8538538538538538
5,307,0.5145145145145145
5,308,0.4974974974974975
5,309,0.4914914914914915
5,310,0.5155155155155156
5,311,0.6886886886886887
5,312,0.6276276276276276
5,313,0.7617617617617618
5,314,0.5565565565565566
5,315,0.5765765765765766
5,316,0.6406406406406406
5,317,0.6316316316316316
5,318,0.14014014014014015
5,319,0.4024024024024024
5,320,0.23323323323323322
5,321,0.3993993993993994
5,322,0.23023023023023023
5,323,0.44044044044044045
5,324,0.4964964964964965
5,325,0.37537537537537535
5,326,0.2912912912912913
5,327,0.6186186186186187
5,328,0.4924924924924925
5,329,0.6396396396396397
5,330,0.5325325325325325
5,331,0.45645645645645644
5,332,0.26626626626626626
5,333,0.25425425425425424
5,334,0.2062062062062062
5,335,0.5735735735735735
5,336,0.2782782782782783
5,337,0.6436436436436437
5,338,0.4924924924924925
5,339,0.6676676676676677
5,340,0.4964964964964965
5,341,0.7857857857857858
5,342,0.24624624624624625
5,343,0.5105105105105106
5,344,0.6446446446446447
5,345,0.5745745745745746
5,346,0.3973973973973974
5,347,0.44244244244244246
5,348,0.46846846846846846
5,349,0.25225225225225223
5,350,0.27427427427427425
5,351,0.2672672672672673
5,352,0.5585585585585585
5,353,0.8108108108108109
5,354,0.5415415415415415
5,355,0.11611611611611612
5,356,0.35135135135135137
5,357,0.2782782782782783
5,358,0.4134134134134134
5,359,0.47047047047047047
5,360,0.7617617617617618
5,361,0.5265265265265265
5,362,0.36236236236236236
5,363,0.6826826826826827
5,364,0.7737737737737738
5,365,0.5735735735735735
5,366,0.45545545545545546
5,367,0.6356356356356356
5,368,0.4004004004004004
5,369,0.13013013013013014
5,370,0.6306306306306306
5,371,0.3053053053053053
5,372,0.2722722722722723
5,373,0.47047047047047047
5,374,0.37737737737737737
5,375,0.8708708708708709
5,376,0.3613613613613614
5,377,0.6096096096096096
5,378,0.47147147147147145
5,379,0.8968968968968969
5,380,0.26626626626626626
5,381,0.7447447447447447
5,382,0.43343343343343343
5,383,0.46046046046046046
5,384,0.24624624624624625
5,385,0.6106106106106106
5,386,0.6536536536536537
5,387,0.3733733733733734
5,388,0.7077077077077077
5,389,0.7097097097097097
5,390,0.04704704704704705
5,391,0.6276276276276276
5,392,0.3743743743743744
5,393,0.23823823823823823
5,394,0.47647647647647645
5,395,0.4134134134134134
5,396,0.5335335335335335
5,397,0.3743743743743744
5,398,0.1841841841841842
5,399,0.4034034034034034
5,400,0.8208208208208209
5,401,0.5935935935935935
5,402,0.23223223223223224
5,403,0.16116116116116116
5,404,0.15315315315315314
5,405,0.47647647647647645
5,406,0.7627627627627628
5,407,0.5385385385385385
5,408,0.48148148148148145
5,409,0.7927927927927928
5,410,0.34534534534534533
5,411,0.6886886886886887
5,412,0.21521521521521522
5,413,0.4194194194194194
5,414,0.4964964964964965
5,415,0.5515515515515516
5,416,0.6576576576576577
5,417,0.48148148148148145
5,418,0.6626626626626627
5,419,0.08208208208208208
5,420,0.6226226226226226
5,421,0.7827827827827828
5,422,0.5275275275275275
5,423,0.3933933933933934
5,424,0.014014014014014014
5,425,0.1031031031031031
5,426,0.5265265265265265
5,427,0.18618618618618618
5,428,0.3923923923923924
5,429,0.6666666666666666
5,430,0.3233233233233233
5,431,0.2122122122122122
5,432,0.4344344344344344
5,433,0.35535535535535534
5,434,0.6596596596596597
5,435,0.4924924924924925
5,436,0.6686686686686687
5,437,0.5585585585585585
5,438,0.31931931931931934
5,439,0.46546546546546547
5,440,0.5675675675675675
5,441,0.7467467467467468
5,442,0.908908908908909
5,443,0.45845845845845845
5,444,0.5895895895895896
5,445,0.7847847847847848
5,446,0.2172172172172172
5,447,0.4344344344344344
5,448,0.7127127127127127
5,449,0.16516516516516516
5,450,0.11811811811811812
5,451,0.7367367367367368
5,452,0.2922922922922923
5,453,0.5815815815815816
5,454,0.7777777777777778
5,455,0.3833833833833834
5,456,0.6916916916916916
5,457,0.2922922922922923
5,458,0.5135135135135135
5,459,0.5445445445445446
5,460,0.47347347347347346
5,461,0.5905905905905906
5,462,0.4074074074074074
5,463,0.2502502502502503
5,464,0.3033033033033033
5,465,0.5415415415415415
5,466,0.45345345345345345
5,467,0.7857857857857858
5,468,0.6546546546546547
5,469,0.913913913913914
5,470,0.7717717717717718
5,471,0.6546546546546547
5,472,0.29429429429429427
5,473,0.5255255255255256
5,474,0.6146146146146146
5,475,0.35235235235235235
5,476,0.2092092092092092
5,477,0.1031031031031031
5,478,0.22022022022022023
5,479,0.9049049049049049
5,480,0.47147147147147145
5,481,0.5305305305305306
5,482,0.7737737737737738
5,483,0.6606606606606606
5,484,0.7337337337337337
5,485,0.5005005005005005
5,486,0.5195195195195195
5,487,0.7407407407407407
5,488,0.6226226226226226
5,489,0.4044044044044044
5,490,0.6756756756756757
5,491,0.7007007007007007
5,492,0.6426426426426426
5,493,0.5275275275275275
5,494,0.17017017017017017
5,495,0.3233233233233233
5,496,0.3123123123123123
5,497,0.7547547547547547
5,498,0.6606606606606606
5,499,0.4094094094094094
5,500,0.22622622622622623
5,501,0.6746746746746747
5,502,0.3743743743743744
5,503,0.32932932932932935
5,504,0.5915915915915916
5,505,0.3893893893893894
5,506,0.19019019019019018
5,507,0.4004004004004004
5,508,0.4124124124124124
5,509,0.4184184184184184
5,510,0.6226226226226226
5,511,0.46146146146146144
5,512,0.8088088088088088
5,513,0.4904904904904905
5,514,0.4014014014014014
5,515,0.4944944944944945
5,516,0.45545545545545546
5,517,0.3303303303303303
5,518,0.6246246246246246
5,519,0.7167167167167167
5,520,0.35735735735735735
5,521,0.25725725725725723
5,522,0.5925925925925926
5,523,0.5995995995995996
5,524,0.6556556556556556
5,525,0.3563563563563564
5,526,0.3163163163163163
5,527,0.7447447447447447
5,528,0.23923923923923923
5,529,0.4774774774774775
5,530,0.19119119119119118
5,531,0.5525525525525525
5,532,0.6936936936936937
5,533,0.7907907907907908
5,534,0.7807807807807807
5,535,0.5205205205205206
5,536,0.17617617617617617
5,537,0.7577577577577578
5,538,0.4944944944944945
5,539,0.6196196196196196
5,540,0.34634634634634637
5,541,0.1981981981981982
5,542,0.1991991991991992
5,543,0.29429429429429427
5,544,0.3743743743743744
5,545,0.7467467467467468
5,546,0.45845845845845845
5,547,0.7037037037037037
5,548,0.2952952952952953
5,549,0.4954954954954955
5,550,0.6716716716716716
5,551,0.6576576576576577
5,552,0.2992992992992993
5,553,0.3283283283283283
5,554,0.2222222222222222
5,555,0.33433433433433435
5,556,0.6336336336336337
5,557,0.10710710710710711
5,558,0.7367367367367368
5,559,0.5625625625625625
5,560,0.7857857857857858
5,561,0.7267267267267268
5,562,0.45545545545545546
5,563,0.6126126126126126
5,564,0.9379379379379379
5,565,0.8688688688688688
5,566,0.6236236236236237
5,567,0.4004004004004004
5,568,0.7427427427427428
5,569,0.4014014014014014
5,570,0.32732732732732733
5,571,0.29429429429429427
5,572,0.3733733733733734
5,573,0.7247247247247247
5,574,0.4624624624624625
5,575,0.8018018018018018
5,576,0.37537537537537535
5,577,0.5575575575575575
5,578,0.5645645645645646
5,579,0.22822822822822822
5,580,0.4914914914914915
5,581,0.6546546546546547
5,582,0.45545545545545546
5,583,0.35135135135135137
5,584,0.5945945945945946
5,585,0.16816816816816818
5,586,0.22722722722722724
5,587,0.4184184184184184
5,588,0.32432432432432434
5,589,0.5935935935935935
5,590,0.35235235235235235
5,591,0.6016016016016016
5,592,0.7177177177177178
5,593,0.12712712712712712
5,594,0.6706706706706707
5,595,0.6456456456456456
5,596,0.7437437437437437
5,597,0.5885885885885885
5,598,0.3353353353353353
5,599,0.44644644644644643
5,600,0.45145145145145144
5,601,0.4124124124124124
5,602,0.5925925925925926
5,603,0.3023023023023023
5,604,0.4144144144144144
5,605,0.6746746746746747
5,606,0.5755755755755756
5,607,0.7017017017017017
5,608,0.5875875875875876
5,609,0.2702702702702703
5,610,0.2872872872872873
5,611,0.5535535535535535
5,612,0.036036036036036036
5,613,0.7757757757757757
5,614,0.6886886886886887
5,615,0.25925925925925924
5,616,0.6626626626626627
5,617,0.37237237237237236
5,618,0.7697697697697697
5,619,0.26626626626626626
5,620,0.8248248248248248
5,621,0.1831831831831832
5,622,0.8778778778778779
5,623,0.2032032032032032
5,624,0.5815815815815816
5,625,0.6006006006006006
5,626,0.14414414414414414
5,627,0.7297297297297297
5,628,0.6066066066066066
5,629,0.7667667667667668
5,630,0.5435435435435435
5,631,0.5825825825825826
5,632,0.3253253253253253
5,633,0.42842842842842843
5,634,0.4004004004004004
5,635,0.6906906906906907
5,636,0.7317317317317318
5,637,0.43243243243243246
5,638,0.3303303303303303
5,639,0.2502502502502503
5,640,0.6136136136136137
5,641,0.30930930930930933
5,642,0.4394394394394394
5,643,0.6006006006006006
5,644,0.8818818818818819
5,645,0.6836836836836837
5,646,0.30430430430430433
5,647,0.3933933933933934
5,648,0.41041041041041043
5,649,0.9219219219219219
5,650,0.6816816816816816
5,651,0.6856856856856857
5,652,0.5975975975975976
5,653,0.3923923923923924
5,654,0.5535535535535535
5,655,0.3023023023023023
5,656,0.6106106106106106
5,657,0.5665665665665666
5,658,0.32432432432432434
5,659,0.7427427427427428
5,660,0.7967967967967968
5,661,0.4184184184184184
5,662,0.7847847847847848
5,663,0.5135135135135135
5,664,0.5245245245245245
5,665,0.5385385385385385
5,666,0.5355355355355356
5,667,0.45845845845845845
5,668,0.4084084084084084
5,669,0.8798798798798799
5,670,0.3153153153153153
5,671,0.23323323323323322
5,672,0.6186186186186187
5,673,0.7017017017017017
5,674,0.20520520520520522
5,675,0.5535535535535535
5,676,0.5035035035035035
5,677,0.7267267267267268
5,678,0.3353353353353353
5,679,0.32232232232232233
5,680,0.14614614614614616
5,681,0.16516516516516516
5,682,0.3943943943943944
5,683,0.06306306306306306
5,684,0.13013013013013014
5,685,0.4774774774774775
5,686,0.25225225225225223
5,687,0.24524524524524524
5,688,0.33233233233233234
5,689,0.5035035035035035
5,690,0.8158158158158159
5,691,0.4114114114114114
5,692,0.5995995995995996
5,693,0.5685685685685685
5,694,0.7527527527527528
5,695,0.6766766766766766
5,696,0.26926926926926925
5,697,0.24724724724724725
5,698,0.38538538538538536
5,699,0.16616616616616617
5,700,0.5645645645645646
5,701,0.6216216216216216
5,702,0.38038038038038036
5,703,0.5125125125125125
5,704,0.7537537537537538
5,705,0.5155155155155156
5,706,0.6466466466466466
5,707,0.24024024024024024
5,708,0.7337337337337337
5,709,0.5475475475475475
5,710,0.22922922922922923
5,711,0.4864864864864865
5,712,0.6016016016016016
5,713,0.5965965965965966
5,714,0.5685685685685685
5,715,0.41041041041041043
5,716,0.8088088088088088
5,717,0.5815815815815816
5,718,0.38738738738738737
5,719,0.5745745745745746
5,720,0.09009009009009009
5,721,0.6836836836836837
5,722,0.7047047047047047
5,723,0.6886886886886887
5,724,0.2932932932932933
5,725,0.4954954954954955
5,726,0.2182182182182182
5,727,0.4164164164164164
5,728,0.3613613613613614
5,729,0.2902902902902903
5,730,0.16916916916916916
5,731,0.4984984984984985
5,732,0.24924924924924924
5,733,0.4294294294294294
5,734,0.7277277277277278
5,735,0.46046046046046046
5,736,0.3533533533533533
5,737,0.5665665665665666
5,738,0.6636636636636637
5,739,0.28128128128128127
5,740,0.5255255255255256
5,741,0.6696696696696697
5,742,0.8658658658658659
5,743,0.14014014014014015
5,744,0.5455455455455456
5,745,0.8648648648648649
5,746,0.7407407407407407
5,747,0.2072072072072072
5,748,0.5405405405405406
5,749,0.25825825825825827
5,750,0.42342342342342343
5,751,0.8948948948948949
5,752,0.4964964964964965
5,753,0.4924924924924925
5,754,0.5355355355355356
5,755,0.22522522522522523
5,756,0.35235235235235235
5,757,0.7097097097097097
5,758,0.4974974974974975
5,759,0.33433433433433435
5,760,0.6676676676676677
5,761,0.37237237237237236
5,762,0.7437437437437437
5,763,0.5435435435435435
5,764,0.43343343343343343
5,765,0.5475475475475475
5,766,0.2652652652652653
5,767,0.5475475475475475
5,768,0.9209209209209209
5,769,0.37037037037037035
5,770,0.43343343343343343
5,771,0.4214214214214214
5,772,0.5545545545545546
5,773,0.8428428428428428
5,774,0.6046046046046046
5,775,0.4894894894894895
5,776,0.5345345345345346
5,777,0.4114114114114114
5,778,0.47647647647647645
5,779,0.4314314314314314
5,780,0.43243243243243246
5,781,0.5025025025025025
5,782,0.5445445445445446
5,783,0.2672672672672673
5,784,0.5355355355355356
5,785,0.022022022022022022
5,786,0.4674674674674675
5,787,0.6036036036036037
5,788,0.5955955955955956
5,789,0.45345345345345345
5,790,0.5405405405405406
5,791,0.2862862862862863
5,792,0.5205205205205206
5,793,0.10710710710710711
5,794,0.43243243243243246
5,795,0.33933933933933935
5,796,0.5645645645645646
5,797,0.5985985985985987
5,798,0.4194194194194194
5,799,0.17217217217217218
5,800,0.03003003003003003
5,801,0.7757757757757757
5,802,0.5165165165165165
5,803,0.8348348348348348
5,804,0.16516516516516516
5,805,0.3883883883883884
5,806,0.2882882882882883
5,807,0.5335335335335335
5,808,0.4074074074074074
5,809,0.23623623623623624
5,810,0.5215215215215215
5,811,0.5385385385385385
5,812,0.7007007007007007
5,813,0.3303303303303303
5,814,0.45245245245245247
5,815,0.3713713713713714
5,816,0.2802802802802803
5,817,0.3883883883883884
5,818,0.3233233233233233
5,819,0.5955955955955956
5,820,0.08608608608608609
5,821,0.8378378378378378
5,822,0.6726726726726727
5,823,0.3943943943943944
5,824,0.8488488488488488
5,825,0.5785785785785785
5,826,0.18018018018018017
5,827,0.3063063063063063
5,828,0.4184184184184184
5,829,0.5895895895895896
5,830,0.6326326326326326
5,831,0.6866866866866866
5,832,0.5255255255255256
5,833,0.2012012012012012
5,834,0.0970970970970971
5,835,0.7917917917917918
5,836,0.6126126126126126
5,837,0.3733733733733734
5,838,0.8698698698698699
5,839,0.7707707707707707
5,840,0.5165165165165165
5,841,0.3083083083083083
5,842,0.7517517517517518
5,843,0.34034034034034033
5,844,0.5815815815815816
5,845,0.3933933933933934
5,846,0.4544544544544545
5,847,0.3113113113113113
5,848,0.39039039039039036
5,849,0.19119119119119118
5,850,0.3953953953953954
5,851,0.6906906906906907
5,852,0.6866866866866866
5,853,0.6716716716716716
5,854,0.2982982982982983
5,855,0.3713713713713714
5,856,0.7187187187187187
5,857,0.8928928928928929
5,858,0.5455455455455456
5,859,0.22622622622622623
5,860,0.5015015015015015
5,861,0.8218218218218218
5,862,0.14314314314314314
5,863,0.7387387387387387
5,864,0.6166166166166166
5,865,0.5715715715715716
5,866,0.5395395395395396
5,867,0.7077077077077077
5,868,0.5515515515515516
5,869,0.6326326326326326
5,870,0.5455455455455456
5,871,0.5355355355355356
5,872,0.3063063063063063
5,873,0.7597597597597597
5,874,0.16016016016016016
5,875,0.3533533533533533
5,876,0.28428428428428426
5,877,0.8178178178178178
5,878,0.5185185185185185
5,879,0.3963963963963964
5,880,0.37537537537537535
5,881,0.6986986986986987
5,882,0.08708708708708708
5,883,0.2882882882882883
5,884,0.48848848848848847
5,885,0.4744744744744745
5,886,0.21421421421421422
5,887,0.5055055055055055
5,888,0.7577577577577578
5,889,0.08608608608608609
5,890,0.08808808808808809
5,891,0.7807807807807807
5,892,0.3183183183183183
5,893,0.5315315315315315
5,894,0.3053053053053053
5,895,0.3333333333333333
5,896,0.37037037037037035
5,897,0.7297297297297297
5,898,0.7917917917917918
5,899,0.3263263263263263
5,900,0.3893893893893894
5,901,0.7157157157157157
5,902,0.4904904904904905
5,903,0.8338338338338338
5,904,0.4034034034034034
5,905,0.5095095095095095
5,906,0.35735735735735735
5,907,0.5085085085085085
5,908,0.5425425425425425
5,909,0.6826826826826827
5,910,0.24924924924924924
5,911,0.5075075075075075
5,912,0.6876876876876877
5,913,0.4724724724724725
5,914,0.38238238238238237
5,915,0.6196196196196196
5,916,0.5545545545545546
5,917,0.35835835835835833
5,918,0.6426426426426426
5,919,0.6466466466466466
5,920,0.5845845845845846
5,921,0.7517517517517518
5,922,0.4294294294294294
5,923,0.45345345345345345
5,924,0.08108108108108109
5,925,0.5695695695695696
5,926,0.4894894894894895
5,927,0.3153153153153153
5,928,0.16316316316316315
5,929,0.42742742742742745
5,930,0.5465465465465466
5,931,0.38538538538538536
5,932,0.33133133133133136
5,933,0.5615615615615616
5,934,0.27427427427427425
5,935,0.8218218218218218
5,936,0.4844844844844845
5,937,0.32732732732732733
5,938,0.7037037037037037
5,939,0.4844844844844845
5,940,0.48148148148148145
5,941,0.7887887887887888
5,942,0.5275275275275275
5,943,0.7437437437437437
5,944,0.17417417417417416
5,945,0.18118118118118118
5,946,0.8698698698698699
5,947,0.4394394394394394
5,948,0.34634634634634637
5,949,0.4594594594594595
5,950,0.6746746746746747
5,951,0.41041041041041043
5,952,0.33433433433433435
5,953,0.7197197197197197
5,954,0.46046046046046046
5,955,0.5885885885885885
5,956,0.13613613613613615
5,957,0.7447447447447447
5,958,0.43343343343343343
5,959,0.8398398398398398
5,960,0.28128128128128127
5,961,0.5625625625625625
5,962,0.3793793793793794
5,963,0.33633633633633636
5,964,0.4084084084084084
5,965,0.7097097097097097
5,966,0.6506506506506506
5,967,0.36736736736736736
5,968,0.44144144144144143
5,969,0.45245245245245247
5,970,0.12912912912912913
5,971,0.6166166166166166
5,972,0.5905905905905906
5,973,0.5115115115115115
5,974,0.31431431431431434
5,975,0.20520520520520522
5,976,0.4134134134134134
5,977,0.6026026026026026
5,978,0.6106106106106106
5,979,0.22322322322322322
5,980,0.4214214214214214
5,981,0.3833833833833834
5,982,0.4174174174174174
5,983,0.14114114114114115
5,984,0.2022022022022022
5,985,0.3733733733733734
5,986,0.36236236236236236
5,987,0.45845845845845845
5,988,0.4904904904904905
5,989,0.6116116116116116
5,990,0.27427427427427425
5,991,0.48348348348348347
5,992,0.6016016016016016
5,993,0.8828828828828829
5,994,0.7547547547547547
5,995,0.6256256256256256
5,996,0.5385385385385385
5,997,0.2902902902902903
5,998,0.6916916916916916
5,999,0.8128128128128128
5,1000,0.7557557557557557
5,1001,0.42342342342342343
5,1002,0.14314314314314314
5,1003,0.2822822822822823
5,1004,0.5065065065065065
5,1005,0.982982982982983
5,1006,0.4644644644644645
5,1007,0.23723723723723725
5,1008,0.5745745745745746
5,1009,0.17117117117117117
5,1010,0.4024024024024024
5,1011,0.6746746746746747
5,1012,0.5605605605605606
5,1013,0.22322322322322322
5,1014,0.6346346346346347
5,1015,0.7727727727727728
5,1016,0.4214214214214214
5,1017,0.5275275275275275
5,1018,0.3763763763763764
5,1019,0.27127127127127126
5,1020,0.19019019019019018
5,1021,0.5265265265265265
5,1022,0.5145145145145145
5,1023,0.6086086086086087
5,1024,0.26226226226226224
5,1025,0.5635635635635635
5,1026,0.25825825825825827
5,1027,0.5705705705705706
5,1028,0.5205205205205206
5,1029,0.4794794794794795
5,1030,0.7757757757757757
5,1031,0.6716716716716716
5,1032,0.35135135135135137
5,1033,0.6826826826826827
5,1034,0.3633633633633634
5,1035,0.5125125125125125
5,1036,0.4954954954954955
5,1037,0.44744744744744747
5,1038,0.5075075075075075
5,1039,0.5485485485485485
5,1040,0.3813813813813814
5,1041,0.1091091091091091
5,1042,0.32732732732732733
5,1043,0.3843843843843844
5,1044,0.4754754754754755
5,1045,0.6606606606606606
5,1046,0.3883883883883884
5,1047,0.8158158158158159
5,1048,0.6796796796796797
5,1049,0.5835835835835835
5,1050,0.34534534534534533
5,1051,0.26926926926926925
5,1052,0.4594594594594595
5,1053,0.19519519519519518
5,1054,0.5095095095095095
5,1055,0.7157157157157157
5,1056,0.16316316316316315
5,1057,0.7697697697697697
5,1058,0.5905905905905906
5,1059,0.6736736736736737
5,1060,0.4034034034034034
5,1061,0.2932932932932933
5,1062,0.4494494494494494
5,1063,0.14314314314314314
5,1064,0.4594594594594595
5,1065,0.38738738738738737
5,1066,0.5285285285285285
5,1067,0.29429429429429427
5,1068,0.7557557557557557
5,1069,0.018018018018018018
5,1070,0.4114114114114114
5,1071,0.0890890890890891
5,1072,0.6406406406406406
5,1073,0.5485485485485485
5,1074,0.4854854854854855
5,1075,0.21921921921921922
5,1076,0.6296296296296297
5,1077,0.6316316316316316
5,1078,0.45145145145145144
5,1079,0.5425425425425425
5,1080,0.4894894894894895
5,1081,0.4064064064064064
5,1082,0.3333333333333333
5,1083,0.4754754754754755
5,1084,0.5075075075075075
5,1085,0.6616616616616616
5,1086,0.4964964964964965
5,1087,0.24024024024024024
5,1088,0.4194194194194194
5,1089,0.5955955955955956
5,1090,0.4854854854854855
5,1091,0.6866866866866866
5,1092,0.5775775775775776
5,1093,0.5375375375375375
5,1094,0.5835835835835835
5,1095,0.3663663663663664
5,1096,0.24624624624624625
5,1097,0.6526526526526526
5,1098,0.18018018018018017
5,1099,0.44044044044044045
5,1100,0.17117117117117117
5,1101,0.4874874874874875
5,1102,0.4854854854854855
5,1103,0.7197197197197197
5,1104,0.5505505505505506
5,1105,0.4844844844844845
5,1106,0.6736736736736737
5,1107,0.2912912912912913
5,1108,0.4024024024024024
5,1109,0.4574574574574575
5,1110,0.2062062062062062
5,1111,0.5475475475475475
5,1112,0.34034034034034033
5,1113,0.36536536536536535
5,1114,0.6036036036036037
5,1115,0.42042042042042044
5,1116,0.1991991991991992
5,1117,0.16416416416416416
5,1118,0.34234234234234234
5,1119,0.25225225225225223
5,1120,0.11011011011011011
5,1121,0.44644644644644643
5,1122,0.3713713713713714
5,1123,0.2032032032032032
5,1124,0.5405405405405406
5,1125,0.5615615615615616
5,1126,0.6806806806806807
5,1127,0.5945945945945946
5,1128,0.18118118118118118
5,1129,0.8198198198198198
5,1130,0.24724724724724725
5,1131,0.37537537537537535
5,1132,0.6046046046046046
5,1133,0.15715715715715717
5,1134,0.6036036036036037
5,1135,0.43743743743743746
5,1136,0.1781781781781782
5,1137,0.6776776776776777
5,1138,0.8058058058058059
5,1139,0.14414414414414414
5,1140,0.4184184184184184
5,1141,0.6216216216216216
5,1142,0.42542542542542544
5,1143,0.5455455455455456
5,1144,0.9059059059059059
5,1145,0.5625625625625625
5,1146,0.5145145145145145
5,1147,0.40540540540540543
5,1148,0.4034034034034034
5,1149,0.5295295295295295
5,1150,0.6336336336336337
5,1151,0.5475475475475475
5,1152,0.39039039039039036
5,1153,0.6866866866866866
5,1154,0.8718718718718719
5,1155,0.42842842842842843
5,1156,0.33933933933933935
5,1157,0.7767767767767768
5,1158,0.4994994994994995
5,1159,0.17517517517517517
5,1160,0.3073073073073073
5,1161,0.28128128128128127
5,1162,0.5025025025025025
5,1163,0.42342342342342343
5,1164,0.2752752752752753
5,1165,0.7147147147147147
5,1166,0.1921921921921922
5,1167,0.6296296296296297
5,1168,0.20520520520520522
5,1169,0.3163163163163163
5,1170,0.7987987987987988
5,1171,0.7917917917917918
5,1172,0.08608608608608609
5,1173,0.22822822822822822
5,1174,0.5455455455455456
5,1175,0.5695695695695696
5,1176,0.5115115115115115
5,1177,0.5255255255255256
5,1178,0.26926926926926925
5,1179,0.7217217217217218
5,1180,0.6446446446446447
5,1181,0.9319319319319319
5,1182,0.3353353353353353
5,1183,0.4934934934934935
5,1184,0.5255255255255256
5,1185,0.4084084084084084
5,1186,0.23623623623623624
5,1187,0.45245245245245247
5,1188,0.25725725725725723
5,1189,0.6046046046046046
5,1190,0.2972972972972973
5,1191,0.4914914914914915
5,1192,0.6726726726726727
5,1193,0.6226226226226226
5,1194,0.8368368368368369
5,1195,0.32432432432432434
5,1196,0.5475475475475475
5,1197,0.5705705705705706
5,1198,0.3303303303303303
5,1199,0.45245245245245247
5,1200,0.6096096096096096
5,1201,0.13613613613613615
5,1202,0.2822822822822823
5,1203,0.7947947947947948
5,1204,0.7667667667667668
5,1205,0.6856856856856857
5,1206,0.7287287287287287
5,1207,0.8708708708708709
5,1208,0.4074074074074074
5,1209,0.8888888888888888
5,1210,0.7807807807807807
5,1211,0.2912912912912913
5,1212,0.7317317317317318
5,1213,0.4914914914914915
5,1214,0.4724724724724725
5,1215,0.24824824824824826
5,1216,0.23923923923923923
5,1217,0.5685685685685685
5,1218,0.6626626626626627
5,1219,0.6016016016016016
5,1220,0.7667667667667668
5,1221,0.23223223223223224
5,1222,0.7467467467467468
5,1223,0.5095095095095095
5,1224,0.7487487487487487
5,1225,0.5315315315315315
5,1226,0.45845845845845845
5,1227,0.38738738738738737
5,1228,0.2912912912912913
5,1229,0.31431431431431434
5,1230,0.16116116116116116
5,1231,0.6646646646646647
5,1232,0.5225225225225225
5,1233,0.6006006006006006
5,1234,0.6616616616616616
5,1235,0.32232232232232233
5,1236,0.4114114114114114
5,1237,0.4744744744744745
5,1238,0.5445445445445446
5,1239,0.3013013013013013
5,1240,0.5665665665665666
5,1241,0.7597597597597597
5,1242,0.8588588588588588
5,1243,0.47347347347347346
5,1244,0.7947947947947948
5,1245,0.34234234234234234
5,1246,0.45645645645645644
5,1247,0.48348348348348347
5,1248,0.6366366366366366
5,1249,0.5035035035035035
6,0,0.2932932932932933
6,1,0.07707707707707707
6,2,0.11411411411411411
6,3,0.025025025025025027
6,4,0.4294294294294294
6,5,0.04104104104104104
6,6,0.25725725725725723
6,7,0.05305305305305305
6,8,0.5885885885885885
6,9,0.34234234234234234
6,10,0.1021021021021021
6,11,0.1841841841841842
6,12,0.26126126126126126
6,13,0.33133133133133136
6,14,0.03403403403403404
6,15,0.03203203203203203
6,16,0.28428428428428426
6,17,0.0960960960960961
6,18,0.13813813813813813
6,19,0.05005005005005005
6,20,0.026026026026026026
6,21,0.043043043043043044
6,22,0.04704704704704705
6,23,0.23623623623623624
6,24,0.3923923923923924
6,25,0.08508508508508508
6,26,0.8158158158158159
6,27,0.0970970970970971
6,28,0.21421421421421422
6,29,0.08608608608608609
6,30,0.03203203203203203
6,31,0.15515515515515516
6,32,0.2952952952952953
6,33,0.27927927927927926
6,34,0.3843843843843844
6,35,0.08208208208208208
6,36,0.08308308308308308
6,37,0.13613613613613615
6,38,0.11711711711711711
6,39,0.0990990990990991
6,40,0.14714714714714713
6,41,0.21521521521521522
6,42,0.17317317317317318
6,43,0.042042042042042045
6,44,0.0960960960960961
6,45,0.13813813813813813
6,46,0.0980980980980981
6,47,0.39039039039039036
6,48,0.06806806806806807
6,49,0.035035035035035036
6,50,0.025025025025025027
6,51,0.26926926926926925
6,52,0.025025025025025027
6,53,0.0940940940940941
6,54,0.14314314314314314
6,55,0.023023023023023025
6,56,0.23523523523523523
6,57,0.10810810810810811
6,58,0.1021021021021021
6,59,0.45645645645645644
6,60,0.5015015015015015
6,61,0.08408408408408409
6,62,0.2222222222222222
6,63,0.13613613613613615
6,64,0.2012012012012012
6,65,0.3233233233233233
6,66,0.1001001001001001
6,67,0.15515515515515516
6,68,0.33133133133133136
6,69,0.25325325325325326
6,70,0.24824824824824826
6,71,0.40540540540540543
6,72,0.01701701701701702
6,73,0.0990990990990991
6,74,0.056056056056056056
6,75,0.25725725725725723
6,76,0.2982982982982983
6,77,0.11511511511511512
6,78,0.14914914914914915
6,79,0.13813813813813813
6,80,0.14014014014014015
6,81,0.0920920920920921
6,82,0.3813813813813814
6,83,0.11811811811811812
6,84,0.2802802802802803
6,85,0.17217217217217218
6,86,0.07207207207207207
6,87,0.1021021021021021
6,88,0.46146146146146144
6,89,0.3023023023023023
6,90,0.7027027027027027
6,91,0.32432432432432434
6,92,0.11911911911911911
6,93,0.23623623623623624
6,94,0.25625625625625625
6,95,0.4194194194194194
6,96,0.014014014014014014
6,97,0.36036036036036034
6,98,0.3743743743743744
6,99,0.23323323323323322
6,100,0.3303303303303303
6,101,0.3933933933933934
6,102,0.3863863863863864
6,103,0.1031031031031031
6,104,0.07307307307307308
6,105,0.02702702702702703
6,106,0.0970970970970971
6,107,0.0890890890890891
6,108,0.03403403403403404
6,109,0.16016016016016016
6,110,0.13613613613613615
6,111,0.08708708708708708
6,112,0.24324324324324326
6,113,0.2952952952952953
6,114,0.08108108108108109
6,115,0.3663663663663664
6,116,0.4174174174174174
6,117,0.1091091091091091
6,118,0.27127127127127126
6,119,0.37537537537537535
6,120,0.07407407407407407
6,121,0.15115115115115116
6,122,0.055055055055055056
6,123,0.06506506506506507
6,124,0.022022022022022022
6,125,0.14214214214214213
6,126,0.5175175175175175
6,127,0.2652652652652653
6,128,0.09009009009009009
6,129,0.002002002002002002
6,130,0.035035035035035036
6,131,0.5685685685685685
6,132,0.035035035035035036
6,133,0.07107107107107107
6,134,0.06306306306306306
6,135,0.08208208208208208
6,136,0.5995995995995996
6,137,0.12912912912912913
6,138,0.015015015015015015
6,139,0.05105105105105105
6,140,0.04504504504504504
6,141,0.2132132132132132
6,142,0.05805805805805806
6,143,0.005005005005005005
6,144,0.16616616616616617
6,145,0.15015015015015015
6,146,0.11411411411411411
6,147,0.12012012012012012
6,148,0.2672672672672673
6,149,0.25425425425425424
6,150,0.14214214214214213
6,151,0.09009009009009009
6,152,0.13913913913913914
6,153,0.24624624624624625
6,154,0.08408408408408409
6,155,0.35035035035035034
6,156,0.21121121121121122
6,157,0.08008008008008008
6,158,0.2802802802802803
6,159,0.10710710710710711
6,160,0.018018018018018018
6,161,0.5805805805805806
6,162,0.0940940940940941
6,163,0.062062062062062065
6,164,0.02902902902902903
6,165,0.18118118118118118
6,166,0.056056056056056056
6,167,0.12512512512512514
6,168,0.37537537537537535
6,169,0.16116116116116116
6,170,0.024024024024024024
6,171,0.2042042042042042
6,172,0.3933933933933934
6,173,0.2672672672672673
6,174,0.003003003003003003
6,175,0.042042042042042045
6,176,0.12112112112112113
6,177,0.5365365365365365
6,178,0.17317317317317318
6,179,0.016016016016016016
6,180,0.037037037037037035
6,181,0.08108108108108109
6,182,0.35735735735735735
6,183,0.13513513513513514
6,184,0.11211211211211211
6,185,0.35535535535535534
6,186,0.1001001001001001
6,187,0.4924924924924925
6,188,0.17517517517517517
6,189,0.055055055055055056
6,190,0.03303303303303303
6,191,0.24224224224224225
6,192,0.11611611611611612
6,193,0.37737737737737737
6,194,0.008008008008008008
6,195,0.24724724724724725
6,196,0.06706706706706707
6,197,0.3713713713713714
6,198,0.27627627627627627
6,199,0.5185185185185185
6,200,0.12912912912912913
6,201,0.17117117117117117
6,202,0.04004004004004004
6,203,0.1091091091091091
6,204,0.18118118118118118
6,205,0.12312312312312312
6,206,0.30430430430430433
6,207,0.23823823823823823
6,208,0.28928928928928926
6,209,0.2732732732732733
6,210,0.5485485485485485
6,211,0.11211211211211211
6,212,0.01901901901901902
6,213,0.12012012012012012
6,214,0.04804804804804805
6,215,0.3843843843843844
6,216,0.14014014014014015
6,217,0.011011011011011011
6,218,0.05105105105105105
6,219,0.5815815815815816
6,220,0.02902902902902903
6,221,0.06106106106106106
6,222,0.25725725725725723
6,223,0.04604604604604605
6,224,0.11211211211211211
6,225,0.3713713713713714
6,226,0.08808808808808809
6,227,0.12912912912912913
6,228,0.08608608608608609
6,229,0.057057057057057055
6,230,0.02902902902902903
6,231,0.08608608608608609
6,232,0.14714714714714713
6,233,0.15215215215215216
6,234,0.12012012012012012
6,235,0.1891891891891892
6,236,0.12512512512512514
6,237,0.2002002002002002
6,238,0.5095095095095095
6,239,0.12112112112112113
6,240,0.21921921921921922
6,241,0.17117117117117117
6,242,0.2922922922922923
6,243,0.4044044044044044
6,244,0.043043043043043044
6,245,0.5935935935935935
6,246,0.062062062062062065
6,247,0.04104104104104104
6,248,0.042042042042042045
6,249,0.5855855855855856
6,250,0.16116116116116116
6,251,0.3663663663663664
6,252,0.06006006006006006
6,253,0.3763763763763764
6,254,0.15815815815815815
6,255,0.2062062062062062
6,256,0.1021021021021021
6,257,0.28428428428428426
6,258,0.25325325325325326
6,259,0.011011011011011011
6,260,0.27927927927927926
6,261,0.5845845845845846
6,262,0.08408408408408409
6,263,0.2852852852852853
6,264,0.09109109109109109
6,265,0.7357357357357357
6,266,0.04004004004004004
6,267,0.028028028028028028
6,268,0.06406406406406406
6,269,0.2872872872872873
6,270,0.1841841841841842
6,271,0.17917917917917917
6,272,0.07607607607607608
6,273,0.3883883883883884
6,274,0.07707707707707707
6,275,0.008008008008008008
6,276,0.06606606606606606
6,277,0.42042042042042044
6,278,0.37737737737737737
6,279,0.15415415415415415
6,280,0.12612612612612611
6,281,0.044044044044044044
6,282,0.21621621621621623
6,283,0.2782782782782783
6,284,0.39039039039039036
6,285,0.15415415415415415
6,286,0.2982982982982983
6,287,0.13313313313313313
6,288,0.2652652652652653
6,289,0.2082082082082082
6,290,0.32432432432432434
6,291,0.08408408408408409
6,292,0.0960960960960961
6,293,0.07907907907907907
6,294,0.2602602602602603
6,295,0.044044044044044044
6,296,0.1961961961961962
6,297,0.17717717717717718
6,298,0.42342342342342343
6,299,0.34934934934934936
6,300,0.15815815815815815
6,301,0.08408408408408409
6,302,0.1031031031031031
6,303,0.1881881881881882
6,304,0.5615615615615616
6,305,0.14914914914914915
6,306,0.022022022022022022
6,307,0.0940940940940941
6,308,0.06606606606606606
6,309,0.25425425425425424
6,310,0.3033033033033033
6,311,0.4064064064064064
6,312,0.07507507507507508
6,313,0.33233233233233234
6,314,0.08508508508508508
6,315,0.12012012012012012
6,316,0.08008008008008008
6,317,0.2922922922922923
6,318,0.03403403403403404
6,319,0.03403403403403404
6,320,0.4794794794794795
6,321,0.0970970970970971
6,322,0.14014014014014015
6,323,0.042042042042042045
6,324,0.32232232232232233
6,325,0.05405405405405406
6,326,0.08608608608608609
6,327,0.22622622622622623
6,328,0.05205205205205205
6,329,0.2982982982982983
6,330,0.04904904904904905
6,331,0.17917917917917917
6,332,0.0940940940940941
6,333,0.1891891891891892
6,334,0.25725725725725723
6,335,0.6116116116116116
6,336,0.07107107107107107
6,337,0.036036036036036036
6,338,0.13613613613613615
6,339,0.14714714714714713
6,340,0.15515515515515516
6,341,0.4624624624624625
6,342,0.07607607607607608
6,343,0.11411411411411411
6,344,0.07207207207207207
6,345,0.13913913913913914
6,346,0.2502502502502503
6,347,0.28428428428428426
6,348,0.13913913913913914
6,349,0.3013013013013013
6,350,0.016016016016016016
6,351,0.47147147147147145
6,352,0.08708708708708708
6,353,0.062062062062062065
6,354,0.043043043043043044
6,355,0.07207207207207207
6,356,0.18118118118118118
6,357,0.12312312312312312
6,358,0.12712712712712712
6,359,0.14314314314314314
6,360,0.044044044044044044
6,361,0.1061061061061061
6,362,0.32732732732732733
6,363,0.028028028028028028
6,364,0.0980980980980981
6,365,0.07207207207207207
6,366,0.3923923923923924
6,367,0.026026026026026026
6,368,0.023023023023023025
6,369,0.4164164164164164
6,370,0.6906906906906907
6,371,0.1921921921921922
6,372,0.45245245245245247
6,373,0.043043043043043044
6,374,0.04504504504504504
6,375,0.2072072072072072
6,376,0.024024024024024024
6,377,0.2042042042042042
6,378,0.1091091091091091
6,379,0.025025025025025027
6,380,0.13613613613613615
6,381,0.04104104104104104
6,382,0.07507507507507508
6,383,0.18618618618618618
6,384,0.5135135135135135
6,385,0.05205205205205205
6,386,0.25925925925925924
6,387,0.1781781781781782
6,388,0.5185185185185185
6,389,0.2772772772772773
6,390,0.13613613613613615
6,391,0.12412412412412413
6,392,0.3103103103103103
6,393,0.2702702702702703
6,394,0.15115115115115116
6,395,0.33733733733733734
6,396,0.07707707707707707
6,397,0.05405405405405406
6,398,0.4144144144144144
6,399,0.2602602602602603
6,400,0.07107107107107107
6,401,0.016016016016016016
6,402,0.3713713713713714
6,403,0.07807807807807808
6,404,0.23923923923923923
6,405,0.2092092092092092
6,406,0.5425425425425425
6,407,0.0990990990990991
6,408,0.13313313313313313
6,409,0.008008008008008008
6,410,0.012012012012012012
6,411,0.037037037037037035
6,412,0.2802802802802803
6,413,0.013013013013013013
6,414,0.15815815815815815
6,415,0.14114114114114115
6,416,0.4114114114114114
6,417,0.03303303303303303
6,418,0.2882882882882883
6,419,0.05105105105105105
6,420,0.15215215215215216
6,421,0.002002002002002002
6,422,0.22322322322322322
6,423,0.13913913913913914
6,424,0.24824824824824826
6,425,0.10710710710710711
6,426,0.5495495495495496
6,427,0.2962962962962963
6,428,0.3153153153153153
6,429,0.14414414414414414
6,430,0.15115115115115116
6,431,0.3303303303303303
6,432,0.2222222222222222
6,433,0.2082082082082082
6,434,0.45045045045045046
6,435,0.04604604604604605
6,436,0.02702702702702703
6,437,0.11811811811811812
6,438,0.17617617617617617
6,439,0.016016016016016016
6,440,0.1971971971971972
6,441,0.14914914914914915
6,442,0.22822822822822822
6,443,0.33433433433433435
6,444,0.03003003003003003
6,445,0.31431431431431434
6,446,0.22122122122122123
6,447,0.03903903903903904
6,448,0.14714714714714713
6,449,0.13213213213213212
6,450,0.08608608608608609
6,451,0.04104104104104104
6,452,0.04704704704704705
6,453,0.13413413413413414
6,454,0.35235235235235235
6,455,0.4724724724724725
6,456,0.21121121121121122
6,457,0.0940940940940941
6,458,0.33233233233233234
6,459,0.46846846846846846
6,460,0.06606606606606606
6,461,0.03003003003003003
6,462,0.07607607607607608
6,463,0.24124124124124124
6,464,0.2022022022022022
6,465,0.012012012012012012
6,466,0.07407407407407407
6,467,0.2652652652652653
6,468,0.13313313313313313
6,469,0.04804804804804805
6,470,0.22322322322322322
6,471,0.35935935935935936
6,472,0.014014014014014014
6,473,0.5025025025025025
6,474,0.48848848848848847
6,475,0.2802802802802803
6,476,0.13313313313313313
6,477,0.12612612612612611
6,478,0.11911911911911911
6,479,0.23723723723723725
6,480,0.1111111111111111
6,481,0.16716716716716717
6,482,0.011011011011011011
6,483,0.06706706706706707
6,484,0.21121121121121122
6,485,0.21421421421421422
6,486,0.6976976976976977
6,487,0.04104104104104104
6,488,0.25425425425425424
6,489,0.06906906906906907
6,490,0.02902902902902903
6,491,0.1991991991991992
6,492,0.06106106106106106
6,493,0.5025025025025025
6,494,0.04804804804804805
6,495,0.02702702702702703
6,496,0.21521521521521522
6,497,0.14414414414414414
6,498,0.1971971971971972
6,499,0.08208208208208208
6,500,0.02702702702702703
6,501,0.28128128128128127
6,502,0.012012012012012012
6,503,0.5645645645645646
6,504,0.14514514514514515
6,505,0.04004004004004004
6,506,0.6416416416416416
6,507,0.2182182182182182
6,508,0.11911911911911911
6,509,0.17517517517517517
6,510,0.24924924924924924
6,511,0.037037037037037035
6,512,0.14614614614614616
6,513,0.2072072072072072
6,514,0.23323323323323322
6,515,0.46146146146146144
6,516,0.5405405405405406
6,517,0.05405405405405406
6,518,0.24624624624624625
6,519,0.05805805805805806
6,520,0.21621621621621623
6,521,0.024024024024024024
6,522,0.16216216216216217
6,523,0.16216216216216217
6,524,0.28128128128128127
6,525,0.33233233233233234
6,526,0.11711711711711711
6,527,0.2182182182182182
6,528,0.06506506506506507
6,529,0.5565565565565566
6,530,0.035035035035035036
6,531,0.4874874874874875
6,532,0.022022022022022022
6,533,0.2092092092092092
6,534,0.13813813813813813
6,535,0.1871871871871872
6,536,0.055055055055055056
6,537,0.062062062062062065
6,538,0.07907907907907907
6,539,0.4294294294294294
6,540,0.28928928928928926
6,541,0.23023023023023023
6,542,0.14914914914914915
6,543,0.07507507507507508
6,544,0.0920920920920921
6,545,0.3743743743743744
6,546,0.1061061061061061
6,547,0.22922922922922923
6,548,0.26326326326326327
6,549,0.3263263263263263
6,550,0.06806806806806807
6,551,0.01901901901901902
6,552,0.1871871871871872
6,553,0.24724724724724725
6,554,0.042042042042042045
6,555,0.35735735735735735
6,556,0.20520520520520522
6,557,0.006006006006006006
6,558,0.15215215215215216
6,559,0.23823823823823823
6,560,0.14614614614614616
6,561,0.2182182182182182
6,562,0.26426426426426425
6,563,0.2002002002002002
6,564,0.012012012012012012
6,565,0.08408408408408409
6,566,0.26426426426426425
6,567,0.05305305305305305
6,568,0.10710710710710711
6,569,0.04104104104104104
6,570,0.13413413413413414
6,571,0.13513513513513514
6,572,0.2222222222222222
6,573,0.2012012012012012
6,574,0.03403403403403404
6,575,0.09009009009009009
6,576,0.44344344344344344
6,577,0.2912912912912913
6,578,0.14014014014014015
6,579,0.12912912912912913
6,580,0.32732732732732733
6,581,0.11511511511511512
6,582,0.16716716716716717
6,583,0.2502502502502503
6,584,0.3163163163163163
6,585,0.3133133133133133
6,586,0.13813813813813813
6,587,0.12612612612612611
6,588,0.19519519519519518
6,589,0.1941941941941942
6,590,0.2012012012012012
6,591,0.42342342342342343
6,592,0.3863863863863864
6,593,0.16616616616616617
6,594,0.21921921921921922
6,595,0.1041041041041041
6,596,0.19519519519519518
6,597,0.5115115115115115
6,598,0.13713713713713713
6,599,0.15515515515515516
6,600,0.014014014014014014
6,601,0.0960960960960961
6,602,0.27427427427427425
6,603,0.22122122122122123
6,604,0.0920920920920921
6,605,0.5545545545545546
6,606,0.3893893893893894
6,607,0.13713713713713713
6,608,0.34234234234234234
6,609,0.1111111111111111
6,610,0.1111111111111111
6,611,0.0960960960960961
6,612,0.1011011011011011
6,613,0.18518518518518517
6,614,0.23223223223223224
6,615,0.3253253253253253
6,616,0.3163163163163163
6,617,0.3353353353353353
6,618,0.008008008008008008
6,619,0.16216216216216217
6,620,0.04704704704704705
6,621,0.5135135135135135
6,622,0.028028028028028028
6,623,0.2602602602602603
6,624,0.12912912912912913
6,625,0.057057057057057055
6,626,0.16516516516516516
6,627,0.08708708708708708
6,628,0.044044044044044044
6,629,0.19019019019019018
6,630,0.08608608608608609
6,631,0.13413413413413414
6,632,0.1111111111111111
6,633,0.043043043043043044
6,634,0.23123123123123124
6,635,0.1111111111111111
6,636,0.0890890890890891
6,637,0.2132132132132132
6,638,0.11211211211211211
6,639,0.26626626626626626
6,640,0.14614614614614616
6,641,0.062062062062062065
6,642,0.12312312312312312
6,643,0.1011011011011011
6,644,0.07907907907907907
6,645,0.08108108108108109
6,646,0.0890890890890891
6,647,0.0970970970970971
6,648,0.11511511511511512
6,649,0.32232232232232233
6,650,0.009009009009009009
6,651,0.1111111111111111
6,652,0.14914914914914915
6,653,0.04904904904904905
6,654,0.04104104104104104
6,655,0.13713713713713713
6,656,0.16816816816816818
6,657,0.14714714714714713
6,658,0.2902902902902903
6,659,0.0990990990990991
6,660,0.16016016016016016
6,661,0.43243243243243246
6,662,0.26926926926926925
6,663,0.27127127127127126
6,664,0.1941941941941942
6,665,0.008008008008008008
6,666,0.29429429429429427
6,667,0.11311311311311312
6,668,0.07407407407407407
6,669,0.1001001001001001
6,670,0.2672672672672673
6,671,0.24024024024024024
6,672,0.005005005005005005
6,673,0.08008008008008008
6,674,0.17517517517517517
6,675,0.17517517517517517
6,676,0.32432432432432434
6,677,0.4194194194194194
6,678,0.018018018018018018
6,679,0.7087087087087087
6,680,0.05305305305305305
6,681,0.23323323323323322
6,682,0.04804804804804805
6,683,0.15915915915915915
6,684,0.2042042042042042
6,685,0.18218218218218218
6,686,0.036036036036036036
6,687,0.8098098098098098
6,688,0.2972972972972973
6,689,0.4794794794794795
6,690,0.02002002002002002
6,691,0.16516516516516516
6,692,0.5005005005005005
6,693,0.4044044044044044
6,694,0.08408408408408409
6,695,0.36436436436436437
6,696,0.24724724724724725
6,697,0.22622622622622623
6,698,0.4114114114114114
6,699,0.0990990990990991
6,700,0.27427427427427425
6,701,0.056056056056056056
6,702,0.34634634634634637
6,703,0.22122122122122123
6,704,0.17717717717717718
6,705,0.7867867867867868
6,706,0.05805805805805806
6,707,0.21021021021021022
6,708,0.21021021021021022
6,709,0.056056056056056056
6,710,0.11011011011011011
6,711,0.15915915915915915
6,712,0.07507507507507508
6,713,0.3933933933933934
6,714,0.13613613613613615
6,715,0.38738738738738737
6,716,0.4914914914914915
6,717,0.1941941941941942
6,718,0.16016016016016016
6,719,0.04704704704704705
6,720,0.08708708708708708
6,721,0.1881881881881882
6,722,0.2002002002002002
6,723,0.13813813813813813
6,724,0.27627627627627627
6,725,0.17517517517517517
6,726,0.5415415415415415
6,727,0.36036036036036034
6,728,0.1891891891891892
6,729,0.19519519519519518
6,730,0.08708708708708708
6,731,0.08108108108108109
6,732,0.12412412412412413
6,733,0.12612612612612611
6,734,0.08408408408408409
6,735,0.1991991991991992
6,736,0.06006006006006006
6,737,0.5285285285285285
6,738,0.016016016016016016
6,739,0.16016016016016016
6,740,0.04604604604604605
6,741,0.036036036036036036
6,742,0.04104104104104104
6,743,0.06606606606606606
6,744,0.056056056056056056
6,745,0.08708708708708708
6,746,0.04704704704704705
6,747,0.19019019019019018
6,748,0.037037037037037035
6,749,0.2992992992992993
6,750,0.03303303303303303
6,751,0.14914914914914915
6,752,0.007007007007007007
6,753,0.25425425425425424
6,754,0.33733733733733734
6,755,0.031031031031031032
6,756,0.23023023023023023
6,757,0.16116116116116116
6,758,0.12412412412412413
6,759,0.10710710710710711
6,760,0.05405405405405406
6,761,0.16216216216216217
6,762,0.15115115115115116
6,763,0.01001001001001001
6,764,0.4094094094094094
6,765,0.04104104104104104
6,766,0.17117117117117117
6,767,0.13613613613613615
6,768,0.17017017017017017
6,769,0.4174174174174174
6,770,0.13313313313313313
6,771,0.06406406406406406
6,772,0.11611611611611612
6,773,0.036036036036036036
6,774,0.3163163163163163
6,775,0.21421421421421422
6,776,0.4024024024024024
6,777,0.1971971971971972
6,778,0.3013013013013013
6,779,0.08108108108108109
6,780,0.04904904904904905
6,781,0.1981981981981982
6,782,0.16416416416416416
6,783,0.028028028028028028
6,784,0.3053053053053053
6,785,0.12012012012012012
6,786,0.18518518518518517
6,787,0.16016016016016016
6,788,0.3683683683683684
6,789,0.09009009009009009
6,790,0.018018018018018018
6,791,0.09109109109109109
6,792,0.5615615615615616
6,793,0.15715715715715717
6,794,0.2922922922922923
6,795,0.04804804804804805
6,796,0.07407407407407407
6,797,0.44344344344344344
6,798,0.15515515515515516
6,799,0.07107107107107107
6,800,0.1021021021021021
6,801,0.24724724724724725
6,802,0.04904904904904905
6,803,0.03203203203203203
6,804,0.07707707707707707
6,805,0.12012012012012012
6,806,0.35935935935935936
6,807,0.06006006006006006
6,808,0.10810810810810811
6,809,0.1061061061061061
6,810,0.26126126126126126
6,811,0.17117117117117117
6,812,0.3913913913913914
6,813,0.25425425425425424
6,814,0.09109109109109109
6,815,0.1021021021021021
6,816,0.17917917917917917
6,817,0.16316316316316315
6,818,0.07207207207207207
6,819,0.03803803803803804
6,820,0.044044044044044044
6,821,0.2822822822822823
6,822,0.04504504504504504
6,823,0.036036036036036036
6,824,0.28128128128128127
6,825,0.4094094094094094
6,826,0.018018018018018018
6,827,0.037037037037037035
6,828,0.08808808808808809
6,829,0.0890890890890891
6,830,0.4494494494494494
6,831,0.02002002002002002
6,832,0.3283283283283283
6,833,0.007007007007007007
6,834,0.05205205205205205
6,835,0.1031031031031031
6,836,0.44344344344344344
6,837,0.24224224224224225
6,838,0.1111111111111111
6,839,0.14114114114114115
6,840,0.12712712712712712
6,841,0.014014014014014014
6,842,0.2222222222222222
6,843,0.057057057057057055
6,844,0.3353353353353353
6,845,0.01001001001001001
6,846,0.012012012012012012
6,847,0.5235235235235235
6,848,0.13913913913913914
6,849,0.1871871871871872
6,850,0.14214214214214213
6,851,0.025025025025025027
6,852,0.01701701701701702
6,853,0.25125125125125125
6,854,0.24024024024024024
6,855,0.46546546546546547
6,856,0.11511511511511512
6,857,0.41541541541541543
6,858,0.2132132132132132
6,859,0.17517517517517517
6,860,0.02902902902902903
6,861,0.3613613613613614
6,862,0.04504504504504504
6,863,0.22922922922922923
6,864,0.3033033033033033
6,865,0.2002002002002002
6,866,0.09109109109109109
6,867,0.03803803803803804
6,868,0.003003003003003003
6,869,0.07107107107107107
6,870,0.3123123123123123
6,871,0.24524524524524524
6,872,0.3333333333333333
6,873,0.011011011011011011
6,874,0.12512512512512514
6,875,0.018018018018018018
6,876,0.12812812812812813
6,877,0.09009009009009009
6,878,0.24324324324324326
6,879,0.44144144144144143
6,880,0.3613613613613614
6,881,0.3963963963963964
6,882,0.02702702702702703
6,883,0.15815815815815815
6,884,0.13713713713713713
6,885,0.062062062062062065
6,886,0.0940940940940941
6,887,0.3953953953953954
6,888,0.014014014014014014
6,889,0.018018018018018018
6,890,0.3793793793793794
6,891,0.05205205205205205
6,892,0.5735735735735735
6,893,0.08808808808808809
6,894,0.4624624624624625
6,895,0.44544544544544545
6,896,0.11911911911911911
6,897,0.1021021021021021
6,898,0.022022022022022022
6,899,0.24824824824824826
6,900,0.2672672672672673
6,901,0.12512512512512514
6,902,0.18618618618618618
6,903,0.06506506506506507
6,904,0.4024024024024024
6,905,0.01701701701701702
6,906,0.14414414414414414
6,907,0.4964964964964965
6,908,0.4694694694694695
6,909,0.22022022022022023
6,910,0.2222222222222222
6,911,0.06106106106106106
6,912,0.026026026026026026
6,913,0.04704704704704705
6,914,0.4754754754754755
6,915,0.11911911911911911
6,916,0.5115115115115115
6,917,0.23023023023023023
6,918,0.14514514514514515
6,919,0.01001001001001001
6,920,0.25725725725725723
6,921,0.5655655655655656
6,922,0.45645645645645644
6,923,0.2652652652652653
6,924,0.043043043043043044
6,925,0.6666666666666666
6,926,0.13113113113113112
6,927,0.15315315315315314
6,928,0.14314314314314314
6,929,0.34434434434434436
6,930,0.26626626626626626
6,931,0.26226226226226224
6,932,0.24924924924924924
6,933,0.36436436436436437
6,934,0.6466466466466466
6,935,0.07507507507507508
6,936,0.4894894894894895
6,937,0.008008008008008008
6,938,0.10710710710710711
6,939,0.15815815815815815
6,940,0.08108108108108109
6,941,0.05005005005005005
6,942,0.14414414414414414
6,943,0.03003003003003003
6,944,0.16816816816816818
6,945,0.21021021021021022
6,946,0.1831831831831832
6,947,0.25625625625625625
6,948,0.062062062062062065
6,949,0.05405405405405406
6,950,0.2072072072072072
6,951,0.05405405405405406
6,952,0.5305305305305306
6,953,0.043043043043043044
6,954,0.2172172172172172
6,955,0.1971971971971972
6,956,0.4004004004004004
6,957,0.07707707707707707
6,958,0.04004004004004004
6,959,0.057057057057057055
6,960,0.12312312312312312
6,961,0.24924924924924924
6,962,0.13913913913913914
6,963,0.07607607607607608
6,964,0.22322322322322322
6,965,0.15015015015015015
6,966,0.12212212212212212
6,967,0.09109109109109109
6,968,0.1871871871871872
6,969,0.23723723723723725
6,970,0.06606606606606606
6,971,0.15315315315315314
6,972,0.12112112112112113
6,973,0.11411411411411411
6,974,0.2012012012012012
6,975,0.07707707707707707
6,976,0.3813813813813814
6,977,0.7127127127127127
6,978,0.4314314314314314
6,979,0.015015015015015015
6,980,0.02002002002002002
6,981,0.07407407407407407
6,982,0.011011011011011011
6,983,0.016016016016016016
6,984,0.4724724724724725
6,985,0.3353353353353353
6,986,0.1831831831831832
6,987,0.3123123123123123
6,988,0.15215215215215216
6,989,0.2832832832832833
6,990,0.2722722722722723
6,991,0.037037037037037035
6,992,0.10810810810810811
6,993,0.026026026026026026
6,994,0.16216216216216217
6,995,0.5515515515515516
6,996,0.042042042042042045
6,997,0.07507507507507508
6,998,0.015015015015015015
6,999,0.15215215215215216
6,1000,0.1091091091091091
6,1001,0.17317317317317318
6,1002,0.46146146146146144
6,1003,0.36736736736736736
6,1004,0.14214214214214213
6,1005,0.2132132132132132
6,1006,0.07307307307307308
6,1007,0.056056056056056056
6,1008,0.1011011011011011
6,1009,0.18618618618618618
6,1010,0.15915915915915915
6,1011,0.15215215215215216
6,1012,0.15615615615615616
6,1013,0.05305305305305305
6,1014,0.04704704704704705
6,1015,0.4494494494494494
6,1016,0.24124124124124124
6,1017,0.33133133133133136
6,1018,0.05205205205205205
6,1019,0.055055055055055056
6,1020,0.08408408408408409
6,1021,0.11611611611611612
6,1022,0.16816816816816818
6,1023,0.04904904904904905
6,1024,0.3253253253253253
6,1025,0.06106106106106106
6,1026,0.17417417417417416
6,1027,0.044044044044044044
6,1028,0.04104104104104104
6,1029,0.28428428428428426
6,1030,0.2992992992992993
6,1031,0.07507507507507508
6,1032,0.47047047047047047
6,1033,0.14814814814814814
6,1034,0.44644644644644643
6,1035,0.06506506506506507
6,1036,0.2872872872872873
6,1037,0.25225225225225223
6,1038,0.0890890890890891
6,1039,0.04704704704704705
6,1040,0.3053053053053053
6,1041,0.21421421421421422
6,1042,0.48348348348348347
6,1043,0.07407407407407407
6,1044,0.33633633633633636
6,1045,0.23523523523523523
6,1046,0.25925925925925924
6,1047,0.3813813813813814
6,1048,0.17517517517517517
6,1049,0.03203203203203203
6,1050,0.06506506506506507
6,1051,0.33133133133133136
6,1052,0.07907907907907907
6,1053,0.14214214214214213
6,1054,0.06706706706706707
6,1055,0.22422422422422422
6,1056,0.062062062062062065
6,1057,0.12212212212212212
6,1058,0.044044044044044044
6,1059,0.03303303303303303
6,1060,0.04904904904904905
6,1061,0.01001001001001001
6,1062,0.037037037037037035
6,1063,0.056056056056056056
6,1064,0.27927927927927926
6,1065,0.19519519519519518
6,1066,0.14914914914914915
6,1067,0.043043043043043044
6,1068,0.06806806806806807
6,1069,0.22522522522522523
6,1070,0.5455455455455456
6,1071,0.24024024024024024
6,1072,0.16716716716716717
6,1073,0.15815815815815815
6,1074,0.037037037037037035
6,1075,0.1011011011011011
6,1076,0.03203203203203203
6,1077,0.1981981981981982
6,1078,0.09009009009009009
6,1079,0.25325325325325326
6,1080,0.023023023023023025
6,1081,0.11411411411411411
6,1082,0.37237237237237236
6,1083,0.07107107107107107
6,1084,0.028028028028028028
6,1085,0.1991991991991992
6,1086,0.06806806806806807
6,1087,0.06406406406406406
6,1088,0.1991991991991992
6,1089,0.42042042042042044
6,1090,0.044044044044044044
6,1091,0.14414414414414414
6,1092,0.2092092092092092
6,1093,0.07107107107107107
6,1094,0.014014014014014014
6,1095,0.22522522522522523
6,1096,0.04704704704704705
6,1097,0.06306306306306306
6,1098,0.15215215215215216
6,1099,0.02002002002002002
6,1100,0.0970970970970971
6,1101,0.14114114114114115
6,1102,0.062062062062062065
6,1103,0.17617617617617617
6,1104,0.005005005005005005
6,1105,0.11511511511511512
6,1106,0.06706706706706707
6,1107,0.7017017017017017
6,1108,0.0960960960960961
6,1109,0.04904904904904905
6,1110,0.1061061061061061
6,1111,0.024024024024024024
6,1112,0.1971971971971972
6,1113,0.10510510510510511
6,1114,0.01701701701701702
6,1115,0.3263263263263263
6,1116,0.023023023023023025
6,1117,0.13813813813813813
6,1118,0.015015015015015015
6,1119,0.14514514514514515
6,1120,0.1031031031031031
6,1121,0.06506506506506507
6,1122,0.27927927927927926
6,1123,0.02902902902902903
6,1124,0.22422422422422422
6,1125,0.36436436436436437
6,1126,0.24824824824824826
6,1127,0.025025025025025027
6,1128,0.14014014014014015
6,1129,0.14614614614614616
6,1130,0.17517517517517517
6,1131,0.1041041041041041
6,1132,0.13313313313313313
6,1133,0.04604604604604605
6,1134,0.4794794794794795
6,1135,0.5835835835835835
6,1136,0.04604604604604605
6,1137,0.02702702702702703
6,1138,0.07207207207207207
6,1139,0.1001001001001001
6,1140,0.09009009009009009
6,1141,0.2862862862862863
6,1142,0.39039039039039036
6,1143,0.005005005005005005
6,1144,0.07407407407407407
6,1145,0.4094094094094094
6,1146,0.6226226226226226
6,1147,0.15315315315315314
6,1148,0.14214214214214213
6,1149,0.04604604604604605
6,1150,0.16516516516516516
6,1151,0.035035035035035036
6,1152,0.26126126126126126
6,1153,0.12312312312312312
6,1154,0.17217217217217218
6,1155,0.14014014014014015
6,1156,0.5275275275275275
6,1157,0.1031031031031031
6,1158,0.1941941941941942
6,1159,0.18218218218218218
6,1160,0.08208208208208208
6,1161,0.3023023023023023
6,1162,0.043043043043043044
6,1163,0.028028028028028028
6,1164,0.5395395395395396
6,1165,0.12412412412412413
6,1166,0.11911911911911911
6,1167,0.12312312312312312
6,1168,0.03003003003003003
6,1169,0.0990990990990991
6,1170,0.07507507507507508
6,1171,0.4144144144144144
6,1172,0.14614614614614616
6,1173,0.14414414414414414
6,1174,0.14114114114114115
6,1175,0.11611611611611612
6,1176,0.04004004004004004
6,1177,0.24124124124124124
6,1178,0.037037037037037035
6,1179,0.23423423423423423
6,1180,0.018018018018018018
6,1181,0.4094094094094094
6,1182,0.01001001001001001
6,1183,0.2652652652652653
6,1184,0.2902902902902903
6,1185,0.07107107107107107
6,1186,0.2042042042042042
6,1187,0.27427427427427425
6,1188,0.06606606606606606
6,1189,0.13513513513513514
6,1190,0.025025025025025027
6,1191,0.35735735735735735
6,1192,0.2122122122122122
6,1193,0.04904904904904905
6,1194,0.0890890890890891
6,1195,0.06006006006006006
6,1196,0.037037037037037035
6,1197,0.24524524524524524
6,1198,0.2952952952952953
6,1199,0.27927927927927926
6,1200,0.007007007007007007
6,1201,0.06006006006006006
6,1202,0.03803803803803804
6,1203,0.18218218218218218
6,1204,0.13513513513513514
6,1205,0.06406406406406406
6,1206,0.2882882882882883
6,1207,0.43243243243243246
6,1208,0.12512512512512514
6,1209,0.14914914914914915
6,1210,0.16916916916916916
6,1211,0.25925925925925924
6,1212,0.08808808808808809
6,1213,0.15815815815815815
6,1214,0.11711711711711711
6,1215,0.11011011011011011
6,1216,0.5285285285285285
6,1217,0.18018018018018017
6,1218,0.06606606606606606
6,1219,0.15415415415415415
6,1220,0.09009009009009009
6,1221,0.1881881881881882
6,1222,0.2062062062062062
6,1223,0.2782782782782783
6,1224,0.3213213213213213
6,1225,0.2882882882882883
6,1226,0.3923923923923924
6,1227,0.3303303303303303
6,1228,0.12612612612612611
6,1229,0.1091091091091091
6,1230,0.11811811811811812
6,1231,0.25925925925925924
6,1232,0.021021021021021023
6,1233,0.22722722722722724
6,1234,0.2782782782782783
6,1235,0.15715715715715717
6,1236,0.1891891891891892
6,1237,0.05405405405405406
6,1238,0.03303303303303303
6,1239,0.15915915915915915
6,1240,0.03003003003003003
6,1241,0.04704704704704705
6,1242,0.16916916916916916
6,1243,0.18518518518518517
6,1244,0.15015015015015015
6,1245,0.10510510510510511
6,1246,0.09509509509509509
6,1247,0.0920920920920921
6,1248,0.22522522522522523
6,1249,0.2722722722722723
7,0,0.4794794794794795
7,1,0.34134134134134136
7,2,0.9419419419419419
7,3,0.5795795795795796
7,4,0.3213213213213213
7,5,0.5165165165165165
7,6,0.36536536536536535
7,7,0.2752752752752753
7,8,0.2012012012012012
7,9,0.2502502502502503
7,10,0.3003003003003003
7,11,0.4724724724724725
7,12,0.4954954954954955
7,13,0.6086086086086087
7,14,0.2852852852852853
7,15,0.5435435435435435
7,16,0.6006006006006006
7,17,0.39039039039039036
7,18,0.25725725725725723
7,19,0.4174174174174174
7,20,0.1971971971971972
7,21,0.6176176176176176
7,22,0.4294294294294294
7,23,0.044044044044044044
7,24,0.6556556556556556
7,25,0.8528528528528528
7,26,0.5965965965965966
7,27,0.23023023023023023
7,28,0.5775775775775776
7,29,0.5305305305305306
7,30,0.9219219219219219
7,31,0.20520520520520522
7,32,0.9309309309309309
7,33,0.23723723723723725
7,34,0.4864864864864865
7,35,0.3303303303303303
7,36,0.46846846846846846
7,37,0.6576576576576577
7,38,0.9059059059059059
7,39,0.3023023023023023
7,40,0.22022022022022023
7,41,0.4924924924924925
7,42,0.6356356356356356
7,43,0.037037037037037035
7,44,0.7477477477477478
7,45,0.4694694694694695
7,46,0.7707707707707707
7,47,0.3203203203203203
7,48,0.4724724724724725
7,49,0.9169169169169169
7,50,0.3483483483483483
7,51,0.3633633633633634
7,52,0.2822822822822823
7,53,0.21021021021021022
7,54,0.8438438438438438
7,55,0.9009009009009009
7,56,0.4694694694694695
7,57,0.8548548548548549
7,58,0.8498498498498499
7,59,0.34034034034034033
7,60,0.18518518518518517
7,61,0.5735735735735735
7,62,0.3953953953953954
7,63,0.6846846846846847
7,64,0.6166166166166166
7,65,0.7797797797797797
7,66,0.6836836836836837
7,67,0.2652652652652653
7,68,0.45145145145145144
7,69,0.6746746746746747
7,70,0.22622622622622623
7,71,0.47047047047047047
7,72,0.34634634634634637
7,73,0.91991991991992
7,74,0.3833833833833834
7,75,0.8438438438438438
7,76,0.16716716716716717
7,77,0.4594594594594595
7,78,0.2652652652652653
7,79,0.2932932932932933
7,80,0.5985985985985987
7,81,0.5605605605605606
7,82,0.44544544544544545
7,83,0.25425425425425424
7,84,0.1841841841841842
7,85,0.34934934934934936
7,86,0.6656656656656657
7,87,0.3863863863863864
7,88,0.18218218218218218
7,89,0.43743743743743746
7,90,0.6076076076076076
7,91,0.6516516516516516
7,92,0.18218218218218218
7,93,0.1011011011011011
7,94,0.2072072072072072
7,95,0.14914914914914915
7,96,0.16916916916916916
7,97,0.4364364364364364
7,98,0.6886886886886887
7,99,0.4264264264264264
7,100,0.18018018018018017
7,101,0.7207207207207207
7,102,0.35035035035035034
7,103,0.8358358358358359
7,104,0.1931931931931932
7,105,0.1991991991991992
7,106,0.7947947947947948
7,107,0.2832832832832833
7,108,0.41541541541541543
7,109,0.38738738738738737
7,110,0.7467467467467468
7,111,0.5415415415415415
7,112,0.8078078078078078
7,113,0.5175175175175175
7,114,0.12312312312312312
7,115,0.8438438438438438
7,116,0.7727727727727728
7,117,0.3063063063063063
7,118,0.22122122122122123
7,119,0.28928928928928926
7,120,0.0980980980980981
7,121,0.14014014014014015
7,122,0.031031031031031032
7,123,0.6156156156156156
7,124,0.7087087087087087
7,125,0.2752752752752753
7,126,0.5465465465465466
7,127,0.6806806806806807
7,128,0.15715715715715717
7,129,0.3103103103103103
7,130,0.5955955955955956
7,131,0.46846846846846846
7,132,0.16916916916916916
7,133,0.6986986986986987
7,134,0.6846846846846847
7,135,0.7507507507507507
7,136,0.2902902902902903
7,137,0.2912912912912913
7,138,0.6006006006006006
7,139,0.7437437437437437
7,140,0.13413413413413414
7,141,0.5125125125125125
7,142,0.46646646646646645
7,143,0.3163163163163163
7,144,0.5555555555555556
7,145,0.6966966966966966
7,146,0.6276276276276276
7,147,0.6586586586586587
7,148,0.5835835835835835
7,149,0.15015015015015015
7,150,0.3203203203203203
7,151,0.7587587587587588
7,152,0.3383383383383383
7,153,0.6486486486486487
7,154,0.8268268268268268
7,155,0.33933933933933935
7,156,0.4974974974974975
7,157,0.7617617617617618
7,158,0.3963963963963964
7,159,0.7207207207207207
7,160,0.7857857857857858
7,161,0.2992992992992993
7,162,0.4964964964964965
7,163,0.5815815815815816
7,164,0.15215215215215216
7,165,0.8398398398398398
7,166,0.8188188188188188
7,167,0.17917917917917917
7,168,0.7397397397397397
7,169,0.5825825825825826
7,170,0.6946946946946947
7,171,0.5955955955955956
7,172,0.5935935935935935
7,173,0.5055055055055055
7,174,0.05005005005005005
7,175,0.48148148148148145
7,176,0.7597597597597597
7,177,0.5235235235235235
7,178,0.15415415415415415
7,179,0.22422422422422422
7,180,0.8458458458458459
7,181,0.4874874874874875
7,182,0.6446446446446447
7,183,0.22622622622622623
7,184,0.34734734734734735
7,185,0.46146146146146144
7,186,0.4754754754754755
7,187,0.46546546546546547
7,188,0.26626626626626626
7,189,0.07507507507507508
7,190,0.7477477477477478
7,191,0.6486486486486487
7,192,0.3733733733733734
7,193,0.7697697697697697
7,194,0.6246246246246246
7,195,0.4774774774774775
7,196,0.6006006006006006
7,197,0.13813813813813813
7,198,0.05405405405405406
7,199,0.4624624624624625
7,200,0.6486486486486487
7,201,0.36936936936936937
7,202,0.5655655655655656
7,203,0.36436436436436437
7,204,0.5225225225225225
7,205,0.16116116116116116
7,206,0.28928928928928926
7,207,0.4364364364364364
7,208,0.37537537537537535
7,209,0.5845845845845846
7,210,0.7647647647647647
7,211,0.4244244244244244
7,212,0.22822822822822822
7,213,0.8818818818818819
7,214,0.6676676676676677
7,215,0.16716716716716717
7,216,0.6386386386386387
7,217,0.2882882882882883
7,218,0.43743743743743746
7,219,0.8518518518518519
7,220,0.3683683683683684
7,221,0.5205205205205206
7,222,0.5775775775775776
7,223,0.19119119119119118
7,224,0.2172172172172172
7,225,0.4394394394394394
7,226,0.7847847847847848
7,227,0.33433433433433435
7,228,0.8278278278278278
7,229,0.15915915915915915
7,230,0.8208208208208209
7,231,0.7537537537537538
7,232,0.45645645645645644
7,233,0.5295295295295295
7,234,0.7537537537537538
7,235,0.2952952952952953
7,236,0.32432432432432434
7,237,0.33133133133133136
7,238,0.36936936936936937
7,239,0.2042042042042042
7,240,0.36936936936936937
7,241,0.44344344344344344
7,242,0.25425425425425424
7,243,0.7127127127127127
7,244,0.6166166166166166
7,245,0.5065065065065065
7,246,0.4004004004004004
7,247,0.48148148148148145
7,248,0.7267267267267268
7,249,0.4574574574574575
7,250,0.17917917917917917
7,251,0.24724724724724725
7,252,0.7417417417417418
7,253,0.43043043043043044
7,254,0.44044044044044045
7,255,0.07407407407407407
7,256,0.3483483483483483
7,257,0.42742742742742745
7,258,0.41541541541541543
7,259,0.5415415415415415
7,260,0.8378378378378378
7,261,0.17217217217217218
7,262,0.5135135135135135
7,263,0.3613613613613614
7,264,0.48148148148148145
7,265,0.2962962962962963
7,266,0.24324324324324326
7,267,0.2822822822822823
7,268,0.8138138138138138
7,269,0.15115115115115116
7,270,0.15815815815815815
7,271,0.23623623623623624
7,272,0.3113113113113113
7,273,0.3053053053053053
7,274,0.3923923923923924
7,275,0.1881881881881882
7,276,0.8548548548548549
7,277,0.8378378378378378
7,278,0.07007007007007007
7,279,0.6406406406406406
7,280,0.057057057057057055
7,281,0.6566566566566566
7,282,0.45545545545545546
7,283,0.8328328328328328
7,284,0.7187187187187187
7,285,0.3893893893893894
7,286,0.3833833833833834
7,287,0.34934934934934936
7,288,0.48848848848848847
7,289,0.28428428428428426
7,290,0.7007007007007007
7,291,0.07007007007007007
7,292,0.3743743743743744
7,293,0.6666666666666666
7,294,0.4264264264264264
7,295,0.6406406406406406
7,296,0.4064064064064064
7,297,0.4114114114114114
7,298,0.4034034034034034
7,299,0.2852852852852853
7,300,0.6786786786786787
7,301,0.42542542542542544
7,302,0.7447447447447447
7,303,0.5455455455455456
7,304,0.42542542542542544
7,305,0.6466466466466466
7,306,0.4064064064064064
7,307,0.6846846846846847
7,308,0.5655655655655656
7,309,0.43243243243243246
7,310,0.16516516516516516
7,311,0.23423423423423423
7,312,0.04804804804804805
7,313,0.8988988988988988
7,314,0.6536536536536537
7,315,0.6016016016016016
7,316,0.25325325325325326
7,317,0.5355355355355356
7,318,0.7147147147147147
7,319,0.6606606606606606
7,320,0.5575575575575575
7,321,0.6866866866866866
7,322,0.3153153153153153
7,323,0.1001001001001001
7,324,0.7187187187187187
7,325,0.45345345345345345
7,326,0.4494494494494494
7,327,0.6206206206206206
7,328,0.7347347347347347
7,329,0.6016016016016016
7,330,0.6076076076076076
7,331,0.28928928928928926
7,332,0.2782782782782783
7,333,0.6036036036036037
7,334,0.7467467467467468
7,335,0.3103103103103103
7,336,0.3893893893893894
7,337,0.5195195195195195
7,338,0.1871871871871872
7,339,0.42042042042042044
7,340,0.5865865865865866
7,341,0.5505505505505506
7,342,0.4894894894894895
7,343,0.8188188188188188
7,344,0.5535535535535535
7,345,0.7217217217217218
7,346,0.3663663663663664
7,347,0.8558558558558559
7,348,0.27927927927927926
7,349,0.4944944944944945
7,350,0.5165165165165165
7,351,0.4914914914914915
7,352,0.16816816816816818
7,353,0.2912912912912913
7,354,0.6356356356356356
7,355,0.8908908908908909
7,356,0.10510510510510511
7,357,0.6976976976976977
7,358,0.3253253253253253
7,359,0.6976976976976977
7,360,0.5355355355355356
7,361,0.6866866866866866
7,362,0.5355355355355356
7,363,0.6316316316316316
7,364,0.5595595595595596
7,365,0.06306306306306306
7,366,0.1981981981981982
7,367,0.44844844844844844
7,368,0.21421421421421422
7,369,0.2782782782782783
7,370,0.4624624624624625
7,371,0.6406406406406406
7,372,0.22522522522522523
7,373,0.8248248248248248
7,374,0.5445445445445446
7,375,0.7387387387387387
7,376,0.3953953953953954
7,377,0.5755755755755756
7,378,0.5385385385385385
7,379,0.3023023023023023
7,380,0.7577577577577578
7,381,0.34134134134134136
7,382,0.6476476476476476
7,383,0.1931931931931932
7,384,0.4914914914914915
7,385,0.7937937937937938
7,386,0.12012012012012012
7,387,0.17017017017017017
7,388,0.2782782782782783
7,389,0.2992992992992993
7,390,0.21621621621621623
7,391,0.0970970970970971
7,392,0.6736736736736737
7,393,0.4184184184184184
7,394,0.4574574574574575
7,395,0.5305305305305306
7,396,0.22322322322322322
7,397,0.7697697697697697
7,398,0.7017017017017017
7,399,0.45145145145145144
7,400,0.22822822822822822
7,401,0.37037037037037035
7,402,0.26626626626626626
7,403,0.5265265265265265
7,404,0.37537537537537535
7,405,0.45845845845845845
7,406,0.5285285285285285
7,407,0.6566566566566566
7,408,0.24224224224224225
7,409,0.5785785785785785
7,410,0.5025025025025025
7,411,0.5915915915915916
7,412,0.16616616616616617
7,413,0.6516516516516516
7,414,0.25825825825825827
7,415,0.43743743743743746
7,416,0.16916916916916916
7,417,0.8968968968968969
7,418,0.16316316316316315
7,419,0.3893893893893894
7,420,0.44244244244244246
7,421,0.6036036036036037
7,422,0.5635635635635635
7,423,0.4174174174174174
7,424,0.08508508508508508
7,425,0.5535535535535535
7,426,0.8388388388388388
7,427,0.44144144144144143
7,428,0.3333333333333333
7,429,0.7257257257257257
7,430,0.7327327327327328
7,431,0.3433433433433433
7,432,0.7517517517517518
7,433,0.15215215215215216
7,434,0.8158158158158159
7,435,0.15915915915915915
7,436,0.4034034034034034
7,437,0.3893893893893894
7,438,0.7237237237237237
7,439,0.6576576576576577
7,440,0.5915915915915916
7,441,0.22822822822822822
7,442,0.21121121121121122
7,443,0.4184184184184184
7,444,0.6656656656656657
7,445,0.4044044044044044
7,446,0.954954954954955
7,447,0.5395395395395396
7,448,0.4934934934934935
7,449,0.2682682682682683
7,450,0.5685685685685685
7,451,0.2702702702702703
7,452,0.2872872872872873
7,453,0.6166166166166166
7,454,0.13813813813813813
7,455,0.42242242242242245
7,456,0.35935935935935936
7,457,0.6946946946946947
7,458,0.30930930930930933
7,459,0.18518518518518517
7,460,0.17717717717717718
7,461,0.5875875875875876
7,462,0.43743743743743746
7,463,0.4644644644644645
7,464,0.27627627627627627
7,465,0.15515515515515516
7,466,0.8518518518518519
7,467,0.8368368368368369
7,468,0.5655655655655656
7,469,0.37537537537537535
7,470,0.2222222222222222
7,471,0.27927927927927926
7,472,0.2222222222222222
7,473,0.6856856856856857
7,474,0.6756756756756757
7,475,0.1881881881881882
7,476,0.6246246246246246
7,477,0.3743743743743744
7,478,0.8228228228228228
7,479,0.6936936936936937
7,480,0.6956956956956957
7,481,0.15715715715715717
7,482,0.5375375375375375
7,483,0.43743743743743746
7,484,0.5705705705705706
7,485,0.6546546546546547
7,486,0.3733733733733734
7,487,0.6016016016016016
7,488,0.15615615615615616
7,489,0.3633633633633634
7,490,0.8038038038038038
7,491,0.5185185185185185
7,492,0.17617617617617617
7,493,0.5695695695695696
7,494,0.3923923923923924
7,495,0.7257257257257257
7,496,0.7217217217217218
7,497,0.13713713713713713
7,498,0.5315315315315315
7,499,0.3183183183183183
7,500,0.43843843843843844
7,501,0.4124124124124124
7,502,0.4194194194194194
7,503,0.3183183183183183
7,504,0.20520520520520522
7,505,0.21621621621621623
7,506,0.5715715715715716
7,507,0.5575575575575575
7,508,0.21621621621621623
7,509,0.40540540540540543
7,510,0.3083083083083083
7,511,0.45245245245245247
7,512,0.7217217217217218
7,513,0.11611611611611612
7,514,0.7007007007007007
7,515,0.2552552552552553
7,516,0.12412412412412413
7,517,0.6556556556556556
7,518,0.3883883883883884
7,519,0.7587587587587588
7,520,0.7067067067067067
7,521,0.8078078078078078
7,522,0.5895895895895896
7,523,0.47347347347347346
7,524,0.2752752752752753
7,525,0.34134134134134136
7,526,0.2802802802802803
7,527,0.14214214214214213
7,528,0.43843843843843844
7,529,0.27127127127127126
7,530,0.2222222222222222
7,531,0.1841841841841842
7,532,0.4024024024024024
7,533,0.34934934934934936
7,534,0.5175175175175175
7,535,0.7977977977977978
7,536,0.6286286286286287
7,537,0.15515515515515516
7,538,0.7217217217217218
7,539,0.6516516516516516
7,540,0.4894894894894895
7,541,0.7047047047047047
7,542,0.5735735735735735
7,543,0.4954954954954955
7,544,0.6036036036036037
7,545,0.5005005005005005
7,546,0.25925925925925924
7,547,0.25125125125125125
7,548,0.5345345345345346
7,549,0.4394394394394394
7,550,0.5205205205205206
7,551,0.48348348348348347
7,552,0.35435435435435436
7,553,0.8778778778778779
7,554,0.8298298298298298
7,555,0.6226226226226226
7,556,0.44344344344344344
7,557,0.2872872872872873
7,558,0.6956956956956957
7,559,0.22122122122122123
7,560,0.3843843843843844
7,561,0.3633633633633634
7,562,0.16716716716716717
7,563,0.4974974974974975
7,564,0.972972972972973
7,565,0.6296296296296297
7,566,0.18518518518518517
7,567,0.4674674674674675
7,568,0.16616616616616617
7,569,0.6486486486486487
7,570,0.5225225225225225
7,571,0.2752752752752753
7,572,0.42842842842842843
7,573,0.35235235235235235
7,574,0.4954954954954955
7,575,0.2952952952952953
7,576,0.6586586586586587
7,577,0.3973973973973974
7,578,0.33733733733733734
7,579,0.2952952952952953
7,580,0.5045045045045045
7,581,0.5765765765765766
7,582,0.23723723723723725
7,583,0.05205205205205205
7,584,0.3113113113113113
7,585,0.5105105105105106
7,586,0.3923923923923924
7,587,0.4084084084084084
7,588,0.6756756756756757
7,589,0.7447447447447447
7,590,0.5195195195195195
7,591,0.38738738738738737
7,592,0.23723723723723725
7,593,0.21921921921921922
7,594,0.6276276276276276
7,595,0.3483483483483483
7,596,0.23523523523523523
7,597,0.35235235235235235
7,598,0.5915915915915916
7,599,0.4194194194194194
7,600,0.948948948948949
7,601,0.18518518518518517
7,602,0.4794794794794795
7,603,0.4574574574574575
7,604,0.7597597597597597
7,605,0.4174174174174174
7,606,0.23623623623623624
7,607,0.6836836836836837
7,608,0.7757757757757757
7,609,0.09509509509509509
7,610,0.6796796796796797
7,611,0.15615615615615616
7,612,0.5895895895895896
7,613,0.4004004004004004
7,614,0.04104104104104104
7,615,0.4134134134134134
7,616,0.6076076076076076
7,617,0.6656656656656657
7,618,0.2882882882882883
7,619,0.43843843843843844
7,620,0.12112112112112113
7,621,0.8938938938938938
7,622,0.47647647647647645
7,623,0.5435435435435435
7,624,0.6866866866866866
7,625,0.6126126126126126
7,626,0.9309309309309309
7,627,0.7107107107107107
7,628,0.3083083083083083
7,629,0.25725725725725723
7,630,0.3333333333333333
7,631,0.6426426426426426
7,632,0.5495495495495496
7,633,0.5375375375375375
7,634,0.4164164164164164
7,635,0.13413413413413414
7,636,0.5475475475475475
7,637,0.23023023023023023
7,638,0.5015015015015015
7,639,0.7227227227227228
7,640,0.31931931931931934
7,641,0.26426426426426425
7,642,0.6216216216216216
7,643,0.46046046046046046
7,644,0.6666666666666666
7,645,0.6516516516516516
7,646,0.6016016016016016
7,647,0.7437437437437437
7,648,0.4964964964964965
7,649,0.7097097097097097
7,650,0.22322322322322322
7,651,0.7377377377377378
7,652,0.46046046046046046
7,653,0.6576576576576577
7,654,0.6666666666666666
7,655,0.4214214214214214
7,656,0.7447447447447447
7,657,0.24524524524524524
7,658,0.1001001001001001
7,659,0.9049049049049049
7,660,0.7687687687687688
7,661,0.6236236236236237
7,662,0.6036036036036037
7,663,0.08608608608608609
7,664,0.2972972972972973
7,665,0.5405405405405406
7,666,0.6936936936936937
7,667,0.4974974974974975
7,668,0.7697697697697697
7,669,0.4864864864864865
7,670,0.6556556556556556
7,671,0.6096096096096096
7,672,0.27127127127127126
7,673,0.19019019019019018
7,674,0.3663663663663664
7,675,0.3683683683683684
7,676,0.5625625625625625
7,677,0.6656656656656657
7,678,0.5245245245245245
7,679,0.3123123123123123
7,680,0.5765765765765766
7,681,0.38738738738738737
7,682,0.32932932932932935
7,683,0.44644644644644643
7,684,0.16016016016016016
7,685,0.46846846846846846
7,686,0.4174174174174174
7,687,0.3563563563563564
7,688,0.43343343343343343
7,689,0.45845845845845845
7,690,0.7777777777777778
7,691,0.43743743743743746
7,692,0.43343343343343343
7,693,0.6616616616616616
7,694,0.3303303303303303
7,695,0.2182182182182182
7,696,0.6526526526526526
7,697,0.6516516516516516
7,698,0.21421421421421422
7,699,0.7387387387387387
7,700,0.5515515515515516
7,701,0.43843843843843844
7,702,0.7847847847847848
7,703,0.8558558558558559
7,704,0.7967967967967968
7,705,0.6616616616616616
7,706,0.42542542542542544
7,707,0.43543543543543545
7,708,0.8038038038038038
7,709,0.7727727727727728
7,710,0.6086086086086087
7,711,0.2032032032032032
7,712,0.8438438438438438
7,713,0.32432432432432434
7,714,0.2652652652652653
7,715,0.7067067067067067
7,716,0.2862862862862863
7,717,0.4184184184184184
7,718,0.5545545545545546
7,719,0.8208208208208209
7,720,0.4444444444444444
7,721,0.38538538538538536
7,722,0.27427427427427425
7,723,0.5055055055055055
7,724,0.3353353353353353
7,725,0.12712712712712712
7,726,0.05805805805805806
7,727,0.4094094094094094
7,728,0.8148148148148148
7,729,0.8618618618618619
7,730,0.95995995995996
7,731,0.47647647647647645
7,732,0.5435435435435435
7,733,0.3073073073073073
7,734,0.23323323323323322
7,735,0.6806806806806807
7,736,0.01001001001001001
7,737,0.28928928928928926
7,738,0.5105105105105106
7,739,0.42742742742742745
7,740,0.8478478478478478
7,741,0.33933933933933935
7,742,0.6656656656656657
7,743,0.7377377377377378
7,744,0.6616616616616616
7,745,0.6466466466466466
7,746,0.13313313313313313
7,747,0.23823823823823823
7,748,0.4984984984984985
7,749,0.42342342342342343
7,750,0.3733733733733734
7,751,0.23323323323323322
7,752,0.7147147147147147
7,753,0.7037037037037037
7,754,0.7087087087087087
7,755,0.6456456456456456
7,756,0.6266266266266266
7,757,0.3203203203203203
7,758,0.25925925925925924
7,759,0.46546546546546547
7,760,0.13213213213213212
7,761,0.3433433433433433
7,762,0.6766766766766766
7,763,0.7107107107107107
7,764,0.4544544544544545
7,765,0.46646646646646645
7,766,0.2912912912912913
7,767,0.5275275275275275
7,768,0.1881881881881882
7,769,0.3163163163163163
7,770,0.4904904904904905
7,771,0.3073073073073073
7,772,0.23423423423423423
7,773,0.5315315315315315
7,774,0.7197197197197197
7,775,0.8838838838838838
7,776,0.5735735735735735
7,777,0.7427427427427428
7,778,0.38238238238238237
7,779,0.6576576576576577
7,780,0.2922922922922923
7,781,0.6556556556556556
7,782,0.3163163163163163
7,783,0.12012012012012012
7,784,0.24924924924924924
7,785,0.09509509509509509
7,786,0.5465465465465466
7,787,0.2882882882882883
7,788,0.2012012012012012
7,789,0.2172172172172172
7,790,0.7657657657657657
7,791,0.7437437437437437
7,792,0.3953953953953954
7,793,0.2932932932932933
7,794,0.3743743743743744
7,795,0.2852852852852853
7,796,0.24824824824824826
7,797,0.6656656656656657
7,798,0.5725725725725725
7,799,0.8448448448448449
7,800,0.5925925925925926
7,801,0.6736736736736737
7,802,0.15815815815815815
7,803,0.6886886886886887
7,804,0.23523523523523523
7,805,0.5255255255255256
7,806,0.6616616616616616
7,807,0.36236236236236236
7,808,0.5615615615615616
7,809,0.9079079079079079
7,810,0.6576576576576577
7,811,0.22922922922922923
7,812,0.37237237237237236
7,813,0.42542542542542544
7,814,0.36236236236236236
7,815,0.5255255255255256
7,816,0.8148148148148148
7,817,0.8068068068068068
7,818,0.2132132132132132
7,819,0.4794794794794795
7,820,0.6546546546546547
7,821,0.4944944944944945
7,822,0.2912912912912913
7,823,0.36936936936936937
7,824,0.25425425425425424
7,825,0.8528528528528528
7,826,0.5805805805805806
7,827,0.6806806806806807
7,828,0.21621621621621623
7,829,0.6686686686686687
7,830,0.12412412412412413
7,831,0.34234234234234234
7,832,0.34934934934934936
7,833,0.5975975975975976
7,834,0.42742742742742745
7,835,0.8338338338338338
7,836,0.6126126126126126
7,837,0.07007007007007007
7,838,0.13113113113113112
7,839,0.3813813813813814
7,840,0.1981981981981982
7,841,0.6656656656656657
7,842,0.8688688688688688
7,843,0.8158158158158159
7,844,0.6866866866866866
7,845,0.7367367367367368
7,846,0.43243243243243246
7,847,0.4074074074074074
7,848,0.4984984984984985
7,849,0.5065065065065065
7,850,0.8808808808808809
7,851,0.4724724724724725
7,852,0.2882882882882883
7,853,0.33433433433433435
7,854,0.3133133133133133
7,855,0.5715715715715716
7,856,0.3123123123123123
7,857,0.36536536536536535
7,858,0.13113113113113112
7,859,0.8048048048048048
7,860,0.46146146146146144
7,861,0.12212212212212212
7,862,0.6686686686686687
7,863,0.6666666666666666
7,864,0.14514514514514515
7,865,0.3153153153153153
7,866,0.6896896896896897
7,867,0.6286286286286287
7,868,0.16616616616616617
7,869,0.7367367367367368
7,870,0.8318318318318318
7,871,0.4844844844844845
7,872,0.7797797797797797
7,873,0.6706706706706707
7,874,0.2042042042042042
7,875,0.1991991991991992
7,876,0.36436436436436437
7,877,0.7757757757757757
7,878,0.6726726726726727
7,879,0.46546546546546547
7,880,0.46546546546546547
7,881,0.46646646646646645
7,882,0.8118118118118118
7,883,0.24824824824824826
7,884,0.26226226226226224
7,885,0.5545545545545546
7,886,0.2172172172172172
7,887,0.24724724724724725
7,888,0.48148148148148145
7,889,0.9009009009009009
7,890,0.4004004004004004
7,891,0.6096096096096096
7,892,0.17917917917917917
7,893,0.5285285285285285
7,894,0.0920920920920921
7,895,0.4194194194194194
7,896,0.7937937937937938
7,897,0.5195195195195195
7,898,0.5935935935935935
7,899,0.7607607607607607
7,900,0.5545545545545546
7,901,0.5335335335335335
7,902,0.5085085085085085
7,903,0.4244244244244244
7,904,0.3833833833833834
7,905,0.3923923923923924
7,906,0.17117117117117117
7,907,0.3103103103103103
7,908,0.3993993993993994
7,909,0.48348348348348347
7,910,0.44544544544544545
7,911,0.5005005005005005
7,912,0.13813813813813813
7,913,0.2732732732732733
7,914,0.3433433433433433
7,915,0.12612612612612611
7,916,0.4954954954954955
7,917,0.36436436436436437
7,918,0.6016016016016016
7,919,0.4114114114114114
7,920,0.2852852852852853
7,921,0.4094094094094094
7,922,0.23523523523523523
7,923,0.8338338338338338
7,924,0.8138138138138138
7,925,0.22522522522522523
7,926,0.4544544544544545
7,927,0.5915915915915916
7,928,0.17217217217217218
7,929,0.4194194194194194
7,930,0.6956956956956957
7,931,0.8028028028028028
7,932,0.31431431431431434
7,933,0.42342342342342343
7,934,0.5395395395395396
7,935,0.23223223223223224
7,936,0.2972972972972973
7,937,0.3533533533533533
7,938,0.45345345345345345
7,939,0.7297297297297297
7,940,0.23123123123123124
7,941,0.5445445445445446
7,942,0.7687687687687688
7,943,0.04704704704704705
7,944,0.5635635635635635
7,945,0.13413413413413414
7,946,0.7907907907907908
7,947,0.6436436436436437
7,948,0.3033033033033033
7,949,0.3533533533533533
7,950,0.9159159159159159
7,951,0.6566566566566566
7,952,0.38538538538538536
7,953,0.36236236236236236
7,954,0.5935935935935935
7,955,0.5565565565565566
7,956,0.11211211211211211
7,957,0.5765765765765766
7,958,0.3963963963963964
7,959,0.7467467467467468
7,960,0.5785785785785785
7,961,0.27427427427427425
7,962,0.08108108108108109
7,963,0.5855855855855856
7,964,0.1971971971971972
7,965,0.23523523523523523
7,966,0.6156156156156156
7,967,0.5095095095095095
7,968,0.3253253253253253
7,969,0.7517517517517518
7,970,0.6346346346346347
7,971,0.6786786786786787
7,972,0.5045045045045045
7,973,0.8418418418418419
7,974,0.18618618618618618
7,975,0.19119119119119118
7,976,0.36436436436436437
7,977,0.8528528528528528
7,978,0.10810810810810811
7,979,0.45545545545545546
7,980,0.15915915915915915
7,981,0.4174174174174174
7,982,0.43543543543543545
7,983,0.15815815815815815
7,984,0.2952952952952953
7,985,0.5905905905905906
7,986,0.6616616616616616
7,987,0.6056056056056056
7,988,0.46846846846846846
7,989,0.2822822822822823
7,990,0.8198198198198198
7,991,0.2752752752752753
7,992,0.21621621621621623
7,993,0.4974974974974975
7,994,0.29429429429429427
7,995,0.8438438438438438
7,996,0.5605605605605606
7,997,0.45645645645645644
7,998,0.7377377377377378
7,999,0.3883883883883884
7,1000,0.3923923923923924
7,1001,0.14314314314314314
7,1002,0.6676676676676677
7,1003,0.4244244244244244
7,1004,0.3263263263263263
7,1005,0.25925925925925924
7,1006,0.5155155155155156
7,1007,0.2902902902902903
7,1008,0.4264264264264264
7,1009,0.6586586586586587
7,1010,0.3383383383383383
7,1011,0.5655655655655656
7,1012,0.25425425425425424
7,1013,0.5685685685685685
7,1014,0.1941941941941942
7,1015,0.5445445445445446
7,1016,0.42842842842842843
7,1017,0.24224224224224225
7,1018,0.6126126126126126
7,1019,0.7807807807807807
7,1020,0.2802802802802803
7,1021,0.24424424424424424
7,1022,0.12512512512512514
7,1023,0.08308308308308308
7,1024,0.2932932932932933
7,1025,0.7497497497497497
7,1026,0.6986986986986987
7,1027,0.7637637637637638
7,1028,0.8328328328328328
7,1029,0.7627627627627628
7,1030,0.18218218218218218
7,1031,0.5625625625625625
7,1032,0.26326326326326327
7,1033,0.7707707707707707
7,1034,0.7927927927927928
7,1035,0.22822822822822822
7,1036,0.6886886886886887
7,1037,0.43243243243243246
7,1038,0.32432432432432434
7,1039,0.5295295295295295
7,1040,0.5985985985985987
7,1041,0.6336336336336337
7,1042,0.5525525525525525
7,1043,0.1941941941941942
7,1044,0.6246246246246246
7,1045,0.3683683683683684
7,1046,0.22522522522522523
7,1047,0.6936936936936937
7,1048,0.4854854854854855
7,1049,0.44644644644644643
7,1050,0.6606606606606606
7,1051,0.8408408408408409
7,1052,0.3383383383383383
7,1053,0.35435435435435436
7,1054,0.6036036036036037
7,1055,0.35135135135135137
7,1056,0.07407407407407407
7,1057,0.4074074074074074
7,1058,0.3023023023023023
7,1059,0.5755755755755756
7,1060,0.9319319319319319
7,1061,0.6706706706706707
7,1062,0.6446446446446447
7,1063,0.6946946946946947
7,1064,0.5065065065065065
7,1065,0.6676676676676677
7,1066,0.7457457457457457
7,1067,0.43343343343343343
7,1068,0.4194194194194194
7,1069,0.32932932932932935
7,1070,0.15315315315315314
7,1071,0.4544544544544545
7,1072,0.23923923923923923
7,1073,0.4824824824824825
7,1074,0.8138138138138138
7,1075,0.5505505505505506
7,1076,0.6346346346346347
7,1077,0.37037037037037035
7,1078,0.7177177177177178
7,1079,0.28928928928928926
7,1080,0.8758758758758759
7,1081,0.5955955955955956
7,1082,0.2652652652652653
7,1083,0.6316316316316316
7,1084,0.5495495495495496
7,1085,0.3933933933933934
7,1086,0.5605605605605606
7,1087,0.3993993993993994
7,1088,0.6086086086086087
7,1089,0.6246246246246246
7,1090,0.15115115115115116
7,1091,0.5545545545545546
7,1092,0.6716716716716716
7,1093,0.26126126126126126
7,1094,0.5985985985985987
7,1095,0.6546546546546547
7,1096,0.6976976976976977
7,1097,0.17017017017017017
7,1098,0.8928928928928929
7,1099,0.5545545545545546
7,1100,0.7727727727727728
7,1101,0.26926926926926925
7,1102,0.3153153153153153
7,1103,0.6606606606606606
7,1104,0.26226226226226224
7,1105,0.5305305305305306
7,1106,0.4804804804804805
7,1107,0.6166166166166166
7,1108,0.7107107107107107
7,1109,0.9259259259259259
7,1110,0.14014014014014015
7,1111,0.33433433433433435
7,1112,0.3283283283283283
7,1113,0.4844844844844845
7,1114,0.5195195195195195
7,1115,0.5555555555555556
7,1116,0.3563563563563564
7,1117,0.5695695695695696
7,1118,0.45545545545545546
7,1119,0.44644644644644643
7,1120,0.4264264264264264
7,1121,0.3483483483483483
7,1122,0.7017017017017017
7,1123,0.5275275275275275
7,1124,0.9369369369369369
7,1125,0.13013013013013014
7,1126,0.11811811811811812
7,1127,0.2502502502502503
7,1128,0.35135135135135137
7,1129,0.25325325325325326
7,1130,0.33233233233233234
7,1131,0.5185185185185185
7,1132,0.3813813813813814
7,1133,0.7607607607607607
7,1134,0.43743743743743746
7,1135,0.23223223223223224
7,1136,0.3943943943943944
7,1137,0.8178178178178178
7,1138,0.2902902902902903
7,1139,0.5115115115115115
7,1140,0.8118118118118118
7,1141,0.16916916916916916
7,1142,0.7667667667667668
7,1143,0.14314314314314314
7,1144,0.5415415415415415
7,1145,0.14314314314314314
7,1146,0.14114114114114115
7,1147,0.7497497497497497
7,1148,0.3073073073073073
7,1149,0.3383383383383383
7,1150,0.9079079079079079
7,1151,0.33133133133133136
7,1152,0.13813813813813813
7,1153,0.5935935935935935
7,1154,0.5925925925925926
7,1155,0.8198198198198198
7,1156,0.41541541541541543
7,1157,0.6236236236236237
7,1158,0.7397397397397397
7,1159,0.6896896896896897
7,1160,0.7967967967967968
7,1161,0.4964964964964965
7,1162,0.46046046046046046
7,1163,0.08308308308308308
7,1164,0.45245245245245247
7,1165,0.7267267267267268
7,1166,0.42842842842842843
7,1167,0.38038038038038036
7,1168,0.3783783783783784
7,1169,0.5195195195195195
7,1170,0.6266266266266266
7,1171,0.39039039039039036
7,1172,0.32932932932932935
7,1173,0.17017017017017017
7,1174,0.4084084084084084
7,1175,0.93993993993994
7,1176,0.3763763763763764
7,1177,0.6936936936936937
7,1178,0.33933933933933935
7,1179,0.9569569569569569
7,1180,0.4644644644644645
7,1181,0.4034034034034034
7,1182,0.08508508508508508
7,1183,0.6356356356356356
7,1184,0.3893893893893894
7,1185,0.36736736736736736
7,1186,0.2772772772772773
7,1187,0.7337337337337337
7,1188,0.8238238238238238
7,1189,0.8058058058058059
7,1190,0.7447447447447447
7,1191,0.6676676676676677
7,1192,0.6236236236236237
7,1193,0.22022022022022023
7,1194,0.3063063063063063
7,1195,0.4964964964964965
7,1196,0.7387387387387387
7,1197,0.3203203203203203
7,1198,0.5495495495495496
7,1199,0.3793793793793794
7,1200,0.4964964964964965
7,1201,0.4824824824824825
7,1202,0.37237237237237236
7,1203,0.7327327327327328
7,1204,0.35535535535535534
7,1205,0.21121121121121122
7,1206,0.6866866866866866
7,1207,0.15515515515515516
7,1208,0.23423423423423423
7,1209,0.16216216216216217
7,1210,0.5775775775775776
7,1211,0.5275275275275275
7,1212,0.5645645645645646
7,1213,0.42742742742742745
7,1214,0.4964964964964965
7,1215,0.9409409409409409
7,1216,0.5775775775775776
7,1217,0.5255255255255256
7,1218,0.6126126126126126
7,1219,0.38238238238238237
7,1220,0.6326326326326326
7,1221,0.3763763763763764
7,1222,0.4394394394394394
7,1223,0.25425425425425424
7,1224,0.48348348348348347
7,1225,0.35835835835835833
7,1226,0.5345345345345346
7,1227,0.41041041041041043
7,1228,0.6756756756756757
7,1229,0.6656656656656657
7,1230,0.4144144144144144
7,1231,0.7207207207207207
7,1232,0.15215215215215216
7,1233,0.16116116116116116
7,1234,0.16516516516516516
7,1235,0.42742742742742745
7,1236,0.3793793793793794
7,1237,0.6836836836836837
7,1238,0.24624624624624625
7,1239,0.7897897897897898
7,1240,0.5115115115115115
7,1241,0.5485485485485485
7,1242,0.5045045045045045
7,1243,0.7067067067067067
7,1244,0.5555555555555556
7,1245,0.2782782782782783
7,1246,0.0940940940940941
7,1247,0.96996996996997
7,1248,0.46846846846846846
7,1249,0.4824824824824825
