replicate,p_value
0,0.81
1,0.716
2,0.837
3,0.218
4,0.063
5,0.709
6,0.881
7,0.587
8,0.437
9,0.548
10,0.782
11,0.913
12,0.414
13,0.965
14,0.844
15,0.894
16,0.268
17,0.908
18,0.582
19,0.648
20,0.084
21,0.556
22,0.802
23,0.063
24,0.535
25,0.6
26,0.031
27,0.634
28,0.404
29,0.355
30,0.538
31,0.818
32,0.346
33,0.823
34,0.671
35,0.959
36,0.001
37,0.254
38,0.083
39,0.61
40,0.756
41,0.522
42,0.043
43,0.793
44,0.934
45,0.135
46,0.636
47,0.94
48,0.688
49,0.168
50,0.09
51,0.98
52,0.7
53,0.217
54,0.752
55,0.969
56,0.336
57,0.231
58,0.701
59,0.589
60,0.985
61,0.152
62,0.657
63,0.242
64,0.782
65,0.476
66,0.102
67,0.56
68,0.013
69,0.771
70,0.096
71,0.255
72,0.503
73,0.682
74,0.888
75,0.372
76,0.105
77,0.696
78,0.158
79,0.184
80,0.386
81,0.927
82,0.149
83,0.111
84,0.477
85,0.827
86,0.638
87,0.831
88,0.994
89,0.212
90,0.216
91,0.627
92,0.053
93,0.687
94,0.174
95,0.428
96,0.937
97,0.407
98,0.693
99,0.599
100,0.516
101,0.167
102,0.362
103,0.542
104,0.805
105,0.317
106,0.121
107,0.836
108,0.876
109,0.647
110,0.439
111,0.106
112,0.545
113,0.968
114,0.636
115,0.811
116,0.157
117,0.047
118,0.723
119,0.692
120,0.67
121,0.293
122,0.779
123,0.274
124,0.882
125,0.752
126,0.327
127,0.478
128,0.836
129,0.07
130,0.599
131,0.109
132,0.316
133,0.225
134,0.497
135,0.714
136,0.689
137,0.506
138,0.444
139,0.688
140,0.233
141,0.091
142,0.35
143,0.891
144,0.178
145,0.8
146,0.9
147,0.969
148,0.109
149,0.303
150,0.704
151,0.625
152,0.268
153,0.342
154,0.07
155,0.865
156,0.832
157,0.115
158,0.969
159,0.026
160,0.474
161,0.325
162,0.944
163,0.323
164,0.56
165,0.567
166,0.012
167,0.76
168,0.438
169,0.129
170,0.054
171,0.385
172,0.236
173,0.298
174,0.557
175,0.336
176,0.142
177,0.652
178,0.306
179,0.434
180,0.71
181,0.649
182,0.155
183,0.094
184,0.977
185,0.979
186,0.986
187,0.137
188,0.501
189,0.107
190,0.734
191,0.456
192,0.085
193,0.217
194,0.389
195,0.359
196,0.707
197,0.971
198,0.788
199,0.749
200,0.839
201,0.814
202,0.192
203,0.775
204,0.78
205,0.64
206,0.093
207,0.697
208,0.634
209,0.905
210,0.88
211,0.876
212,0.753
213,0.071
214,0.761
215,0.657
216,0.178
217,0.397
218,0.961
219,0.838
220,0.526
221,0.848
222,0.007
223,0.964
224,0.726
225,0.436
226,0.568
227,0.713
228,0.345
229,0.593
230,0.525
231,0.584
232,0.094
233,0.253
234,0.766
235,0.494
236,0.505
237,0.68
238,0.99
239,0.864
240,0.194
241,0.041
242,0.518
243,0.108
244,0.235
245,0.394
246,0.118
247,0.477
248,0.707
249,0.657
250,0.001
251,0.178
252,0.429
253,0.753
254,0.996
255,0.993
256,0.287
257,0.608
258,0.59
259,0.277
260,0.247
261,0.834
262,0.604
263,0.28
264,0.678
265,0.565
266,0.203
267,0.56
268,0.123
269,0.939
270,0.608
271,0.959
272,0.262
273,0.912
274,0.299
275,0.107
276,0.119
277,0.863
278,0.661
279,0.115
280,0.845
281,0.942
282,0.991
283,0.864
284,0.84
285,0.353
286,0.79
287,0.357
288,0.414
289,0.975
290,0.955
291,0.228
292,0.632
293,0.096
294,0.569
295,0.802
296,0.933
297,0.753
298,0.114
299,0.377
300,0.227
301,0.992
302,0.224
303,0.518
304,0.741
305,0.502
306,0.596
307,0.684
308,0.895
309,0.993
310,0.877
311,0.192
312,0.159
313,0.67
314,0.717
315,0.575
316,0.061
317,0.323
318,0.411
319,0.878
320,0.487
321,0.401
322,0.015
323,0.256
324,0.478
325,0.947
326,0.403
327,0.332
328,0.982
329,0.752
330,0.233
331,0.49
332,0.119
333,0.027
334,0.397
335,0.922
336,0.706
337,0.818
338,0.734
339,0.299
340,0.787
341,0.353
342,0.982
343,0.163
344,0.292
345,0.415
346,0.125
347,0.476
348,0.23
349,0.834
350,0.008
351,0.406
352,0.058
353,0.635
354,0.352
355,0.604
356,0.713
357,0.342
358,0.632
359,0.577
360,0.539
361,0.524
362,0.559
363,0.467
364,0.799
365,0.998
366,0.593
367,0.71
368,0.637
369,0.891
370,0.046
371,0.717
372,0.819
373,0.359
374,0.523
375,0.94
376,0.383
377,0.222
378,0.162
379,0.861
380,0.463
381,0.281
382,0.068
383,0.109
384,0.28
385,0.119
386,0.312
387,0.807
388,0.057
389,0.892
390,0.86
391,0.387
392,0.078
393,0.219
394,0.96
395,0.011
396,0.509
397,0.625
398,0.644
399,0.995
400,0.101
401,0.15
402,0.165
403,0.508
404,0.231
405,0.32
406,0.935
407,0.119
408,0.435
409,0.234
410,0.189
411,0.445
412,0.926
413,0.905
414,0.135
415,0.729
416,0.953
417,0.963
418,0.575
419,0.828
420,0.867
421,0.084
422,0.33
423,0.27
424,0.992
425,0.681
426,0.985
427,0.832
428,0.802
429,0.206
430,0.197
431,0.145
432,0.631
433,0.399
434,0.713
435,0.145
436,0.572
437,0.881
438,0.686
439,0.791
440,0.413
441,0.412
442,0.803
443,0.594
444,0.926
445,0.068
446,0.947
447,0.293
448,0.042
449,0.783
450,0.107
451,0.798
452,0.289
453,0.165
454,0.017
455,0.682
456,0.909
457,0.315
458,0.495
459,0.849
460,0.633
461,0.884
462,0.702
463,0.974
464,0.313
465,0.098
466,0.69
467,0.896
468,0.606
469,0.673
470,0.549
471,0.737
472,0.657
473,0.142
474,0.096
475,0.193
476,0.107
477,0.334
478,0.951
479,0.766
480,0.3
481,0.846
482,0.547
483,0.806
484,0.58
485,0.271
486,0.56
487,0.3
488,0.779
489,0.46
490,0.654
491,0.37
492,0.873
493,0.16
494,0.157
495,0.686
496,0.62
497,0.982
498,0.769
499,0.198
500,0.698
501,0.66
502,0.005
503,0.63
504,0.808
505,0.312
506,0.474
507,0.504
508,0.531
509,0.151
510,0.432
511,0.996
512,0.142
513,0.961
514,0.24
515,0.627
516,0.716
517,0.922
518,0.682
519,0.479
520,0.576
521,0.304
522,0.559
523,0.757
524,0.479
525,0.505
526,0.653
527,0.647
528,0.169
529,0.089
530,0.888
531,0.134
532,0.471
533,0.601
534,0.667
535,0.581
536,0.138
537,0.143
538,0.412
539,0.175
540,0.532
541,0.929
542,0.362
543,0.496
544,0.376
545,0.516
546,0.946
547,0.617
548,0.122
549,0.757
550,0.808
551,0.927
552,0.579
553,0.743
554,0.146
555,0.284
556,0.097
557,0.274
558,0.483
559,0.063
560,0.498
561,0.284
562,0.245
563,0.906
564,0.156
565,0.515
566,0.57
567,0.112
568,0.991
569,0.434
570,0.357
571,0.072
572,0.002
573,0.321
574,0.599
575,0.099
576,0.056
577,0.976
578,0.421
579,0.018
580,0.323
581,0.249
582,0.439
583,0.243
584,0.878
585,0.907
586,0.737
587,0.258
588,0.222
589,0.772
590,0.154
591,0.483
592,0.961
593,0.779
594,0.479
595,0.757
596,0.086
597,0.25
598,0.87
599,0.829
600,0.982
601,0.311
602,0.047
603,0.513
604,0.311
605,0.644
606,0.884
607,0.007
608,0.985
609,0.425
610,0.881
611,0.862
612,0.479
613,0.477
614,0.139
615,0.177
616,0.12
617,0.684
618,0.315
619,0.858
620,0.825
621,0.75
622,0.488
623,0.709
624,0.152
625,0.507
626,0.734
627,0.746
628,0.256
629,0.628
630,0.831
631,0.742
632,0.807
633,0.164
634,0.999
635,0.208
636,0.651
637,0.23
638,0.481
639,0.193
640,0.31
641,0.001
642,0.768
643,0.328
644,0.205
645,0.774
646,0.052
647,0.961
648,0.327
649,0.285
650,0.488
651,0.933
652,0.049
653,0.234
654,0.68
655,0.66
656,0.762
657,0.127
658,0.883
659,0.96
660,0.738
661,0.678
662,0.16
663,0.843
664,0.188
665,0.763
666,0.845
667,0.528
668,0.192
669,0.757
670,0.833
671,0.336
672,0.067
673,0.556
674,0.537
675,0.147
676,0.049
677,0.222
678,0.383
679,0.447
680,0.988
681,0.154
682,0.335
683,0.982
684,0.213
685,0.768
686,0.033
687,0.078
688,0.318
689,0.595
690,0.516
691,0.69
692,0.542
693,0.418
694,0.899
695,0.477
696,0.332
697,0.718
698,0.943
699,0.646
700,0.088
701,0.781
702,0.113
703,0.731
704,0.929
705,0.547
706,0.612
707,0.003
708,0.967
709,0.221
710,0.578
711,0.285
712,0.125
713,0.156
714,0.093
715,0.822
716,0.548
717,0.513
718,0.674
719,0.286
720,0.824
721,0.906
722,0.613
723,0.533
724,0.859
725,0.794
726,0.155
727,0.926
728,0.543
729,0.997
730,0.991
731,0.355
732,0.167
733,0.874
734,0.044
735,0.278
736,0.765
737,0.902
738,0.671
739,0.452
740,0.185
741,0.375
742,0.999
743,0.855
744,0.778
745,0.832
746,0.508
747,0.85
748,0.487
749,0.471
750,0.173
751,0.325
752,0.944
753,0.512
754,0.347
755,0.438
756,0.737
757,0.902
758,0.299
759,0.238
760,0.722
761,0.493
762,0.182
763,0.605
764,0.84
765,0.042
766,0.048
767,0.773
768,0.43
769,0.607
770,0.468
771,0.666
772,0.048
773,0.002
774,0.842
775,0.242
776,0.998
777,0.103
778,0.193
779,0.399
780,0.209
781,0.78
782,0.291
783,0.437
784,0.748
785,0.864
786,0.719
787,0.391
788,0.631
789,0.151
790,1.0
791,0.593
792,0.28
793,0.462
794,0.243
795,0.76
796,0.732
797,0.805
798,0.52
799,0.69
800,0.914
801,0.126
802,0.107
803,0.057
804,0.665
805,0.626
806,0.029
807,0.117
808,0.947
809,0.181
810,0.248
811,0.15
812,0.956
813,0.741
814,0.893
815,0.573
816,0.59
817,0.856
818,0.533
819,0.151
820,0.365
821,0.84
822,0.308
823,0.723
824,0.689
825,0.656
826,0.64
827,0.46
828,0.411
829,0.209
830,0.31
831,0.066
832,0.535
833,0.297
834,0.189
835,0.061
836,0.084
837,0.853
838,0.892
839,0.394
840,0.646
841,0.881
842,0.655
843,0.913
844,0.152
845,0.192
846,0.468
847,0.537
848,0.954
849,0.284
850,0.345
851,0.102
852,0.845
853,0.071
854,0.803
855,0.389
856,0.117
857,0.256
858,0.491
859,0.318
860,0.997
861,0.953
862,0.422
863,0.211
864,0.269
865,0.387
866,0.449
867,0.206
868,0.241
869,0.982
870,0.446
871,0.556
872,0.463
873,0.829
874,0.804
875,0.062
876,0.67
877,0.617
878,0.183
879,0.17
880,0.568
881,0.573
882,0.717
883,0.907
884,0.167
885,0.357
886,0.13
887,0.574
888,0.908
889,0.75
890,0.513
891,0.293
892,0.657
893,0.545
894,0.254
895,0.647
896,0.741
897,0.896
898,0.816
899,0.296
900,0.144
901,0.68
902,0.052
903,0.762
904,0.833
905,0.143
906,0.05
907,0.728
908,0.283
909,0.902
910,0.56
911,0.493
912,0.764
913,0.436
914,0.931
915,0.402
916,0.062
917,0.732
918,0.713
919,0.488
920,0.404
921,0.038
922,0.428
923,0.397
924,0.25
925,0.633
926,0.253
927,0.417
928,0.505
929,0.517
930,0.944
931,0.353
932,0.639
933,0.266
934,0.577
935,0.148
936,0.197
937,0.793
938,0.443
939,0.353
940,0.89
941,0.619
942,0.887
943,0.707
944,0.736
945,0.085
946,0.326
947,0.844
948,0.437
949,0.182
950,0.673
951,0.54
952,0.126
953,0.312
954,0.263
955,0.011
956,0.77
957,0.967
958,0.182
959,0.778
960,1.0
961,0.539
962,0.818
963,0.148
964,0.939
965,0.828
966,0.34
967,0.366
968,0.726
969,0.483
970,0.616
971,0.685
972,0.839
973,0.617
974,0.418
975,0.447
976,0.486
977,0.321
978,0.546
979,0.031
980,0.626
981,0.316
982,0.465
983,0.315
984,0.276
985,0.399
986,0.219
987,0.541
988,0.303
989,0.919
990,0.913
991,0.408
992,0.812
993,0.706
994,0.568
995,0.497
996,0.461
997,0.88
998,0.701
999,0.613
1000,0.45
1001,0.383
1002,0.806
1003,0.398
1004,0.399
1005,0.066
1006,0.882
1007,0.633
1008,0.277
1009,0.445
1010,0.464
1011,0.031
1012,0.553
1013,0.775
1014,0.622
1015,0.675
1016,0.81
1017,0.455
1018,0.386
1019,0.073
1020,0.134
1021,0.355
1022,0.391
1023,0.026
1024,0.006
1025,0.803
1026,0.226
1027,0.869
1028,0.73
1029,0.429
1030,0.761
1031,0.737
1032,0.403
1033,0.075
1034,0.69
1035,0.231
1036,0.649
1037,0.532
1038,0.752
1039,0.049
1040,0.457
1041,0.746
1042,0.472
1043,0.537
1044,0.314
1045,0.98
1046,0.898
1047,0.701
1048,0.985
1049,0.287
1050,0.354
1051,0.504
1052,0.737
1053,0.59
1054,0.089
1055,0.327
1056,0.057
1057,0.066
1058,0.874
1059,0.198
1060,0.586
1061,0.893
1062,0.232
1063,0.97
1064,0.646
1065,0.886
1066,0.535
1067,0.018
1068,0.379
1069,0.522
1070,0.531
1071,0.886
1072,0.174
1073,0.132
1074,0.761
1075,0.498
1076,0.563
1077,0.931
1078,0.838
1079,0.209
1080,0.917
1081,0.65
1082,0.385
1083,0.115
1084,0.909
1085,0.739
1086,0.092
1087,0.83
1088,0.916
1089,0.011
1090,0.15
1091,0.67
1092,0.419
1093,0.24
1094,0.538
1095,0.098
1096,0.791
1097,0.652
1098,0.733
1099,0.245
1100,0.861
1101,0.221
1102,0.754
1103,0.845
1104,0.223
1105,0.287
1106,0.789
1107,0.998
1108,0.095
1109,0.343
1110,0.804
1111,0.192
1112,0.433
1113,0.705
1114,0.38
1115,0.138
1116,0.157
1117,0.424
1118,0.778
1119,0.485
1120,0.46
1121,0.47
1122,0.409
1123,0.286
1124,0.004
1125,0.024
1126,0.211
1127,0.827
1128,0.999
1129,0.352
1130,0.621
1131,0.203
1132,0.952
1133,0.655
1134,0.584
1135,0.634
1136,0.286
1137,0.306
1138,0.071
1139,0.336
1140,0.429
1141,0.702
1142,0.709
1143,0.094
1144,0.002
1145,0.157
1146,0.401
1147,0.005
1148,0.16
1149,0.427
1150,0.81
1151,0.87
1152,0.884
1153,0.5
1154,0.744
1155,0.774
1156,0.191
1157,0.882
1158,0.357
1159,0.455
1160,0.722
1161,0.338
1162,0.13
1163,0.684
1164,0.873
1165,0.385
1166,0.554
1167,0.463
1168,0.373
1169,0.699
1170,0.814
1171,0.736
1172,0.675
1173,0.728
1174,0.546
1175,0.828
1176,0.155
1177,0.858
1178,0.767
1179,0.389
1180,0.536
1181,0.368
1182,0.363
1183,0.888
1184,0.326
1185,0.953
1186,0.471
1187,0.351
1188,0.086
1189,0.959
1190,0.649
1191,0.244
1192,0.364
1193,0.174
1194,0.489
1195,0.44
1196,0.53
1197,0.038
1198,0.998
1199,0.323
1200,0.138
1201,0.153
1202,0.92
1203,0.049
1204,0.561
1205,0.134
1206,0.52
1207,0.43
1208,0.118
1209,0.369
1210,0.554
1211,0.291
1212,0.452
1213,0.919
1214,0.246
1215,0.488
1216,0.21
1217,0.098
1218,0.877
1219,0.152
1220,0.76
1221,0.361
1222,0.438
1223,0.788
1224,0.621
1225,0.611
1226,0.954
1227,0.082
1228,0.139
1229,0.631
1230,0.453
1231,0.075
1232,0.595
1233,0.555
1234,0.83
1235,0.619
1236,0.585
1237,0.208
1238,0.084
1239,0.651
1240,0.263
1241,0.51
1242,0.134
1243,0.221
1244,0.66
1245,0.904
1246,0.353
1247,0.297
1248,0.743
1249,0.271
1250,0.248
1251,0.974
1252,0.092
1253,0.062
1254,0.545
1255,0.39
1256,0.398
1257,0.381
1258,0.696
1259,0.756
1260,0.23
1261,0.93
1262,0.727
1263,0.82
1264,0.831
1265,0.611
1266,0.858
1267,0.549
1268,0.07
1269,0.572
1270,0.048
1271,0.14
1272,0.68
1273,0.701
1274,0.948
1275,0.689
1276,0.378
1277,0.347
1278,0.236
1279,0.875
1280,0.649
1281,0.063
1282,0.323
1283,0.258
1284,0.046
1285,0.233
1286,0.821
1287,0.1
1288,0.959
1289,0.674
1290,0.696
1291,0.964
1292,0.627
1293,0.406
1294,0.815
1295,0.015
1296,0.577
1297,0.932
1298,0.294
1299,0.151
1300,0.552
1301,0.048
1302,0.149
1303,0.658
1304,0.931
1305,0.318
1306,0.43
1307,0.955
1308,0.27
1309,0.91
1310,0.223
1311,0.723
1312,0.67
1313,0.975
1314,0.176
1315,0.594
1316,0.479
1317,0.635
1318,0.793
1319,0.547
1320,0.233
1321,0.987
1322,0.883
1323,0.076
1324,0.815
1325,0.287
1326,0.036
1327,0.794
1328,0.97
1329,0.971
1330,0.001
1331,0.419
1332,0.494
1333,0.626
1334,0.281
1335,0.38
1336,0.321
1337,0.369
1338,0.758
1339,0.673
1340,0.205
1341,0.952
1342,0.525
1343,0.366
1344,0.617
1345,0.251
1346,0.99
1347,0.172
1348,0.64
1349,0.428
1350,0.564
1351,0.278
1352,0.349
1353,0.665
1354,0.64
1355,0.298
1356,0.777
1357,0.568
1358,0.113
1359,0.691
1360,0.072
1361,0.587
1362,0.429
1363,0.73
1364,0.501
1365,0.012
1366,0.031
1367,0.286
1368,0.283
1369,0.497
1370,0.039
1371,0.136
1372,0.042
1373,0.819
1374,0.026
1375,0.368
1376,0.888
1377,0.601
1378,0.908
1379,0.897
1380,0.171
1381,0.821
1382,0.257
1383,0.64
1384,0.907
1385,0.493
1386,0.909
1387,0.512
1388,0.431
1389,0.81
1390,0.365
1391,0.13
1392,0.697
1393,0.088
1394,0.704
1395,0.688
1396,0.738
1397,0.035
1398,0.604
1399,0.569
1400,0.01
1401,0.867
1402,0.661
1403,0.014
1404,0.656
1405,0.17
1406,0.553
1407,0.384
1408,0.569
1409,0.218
1410,0.024
1411,0.151
1412,0.51
1413,0.762
1414,0.862
1415,0.27
1416,0.048
1417,0.252
1418,0.261
1419,0.691
1420,0.185
1421,0.699
1422,0.025
1423,0.242
1424,0.482
1425,0.137
1426,0.126
1427,0.702
1428,0.758
1429,0.013
1430,0.572
1431,0.342
1432,0.819
1433,0.387
1434,0.689
1435,0.669
1436,0.881
1437,0.571
1438,0.512
1439,0.251
1440,0.355
1441,0.691
1442,0.934
1443,0.257
1444,0.044
1445,0.495
1446,0.372
1447,0.73
1448,0.711
1449,0.061
1450,0.89
1451,0.467
1452,0.877
1453,0.748
1454,0.457
1455,0.668
1456,0.643
1457,0.22
1458,0.318
1459,0.446
1460,0.804
1461,0.909
1462,0.859
1463,0.444
1464,0.806
1465,0.317
1466,0.581
1467,0.589
1468,0.324
1469,0.883
1470,0.208
1471,0.4
1472,0.161
1473,0.649
1474,0.374
1475,0.679
1476,0.731
1477,0.974
1478,0.475
1479,0.098
1480,0.526
1481,0.047
1482,0.278
1483,0.034
1484,0.269
1485,0.781
1486,0.872
1487,0.626
1488,0.936
1489,0.839
1490,0.093
1491,0.14
1492,0.414
1493,0.975
1494,0.164
1495,0.886
1496,0.805
1497,0.269
1498,0.073
1499,0.757
1500,0.055
1501,0.181
1502,0.985
1503,0.791
1504,0.364
1505,0.99
1506,0.082
1507,0.725
1508,0.02
1509,0.84
1510,0.552
1511,0.897
1512,0.569
1513,0.725
1514,0.559
1515,0.384
1516,0.073
1517,0.88
1518,0.22
1519,0.89
1520,0.693
1521,0.389
1522,0.841
1523,0.445
1524,0.228
1525,0.927
1526,0.905
1527,0.144
1528,0.108
1529,0.169
1530,0.269
1531,0.69
1532,0.232
1533,0.314
1534,0.676
1535,0.004
1536,0.783
1537,0.266
1538,0.769
1539,0.78
1540,0.79
1541,0.679
1542,0.935
1543,0.742
1544,0.875
1545,0.145
1546,0.811
1547,0.195
1548,0.727
1549,0.423
1550,0.833
1551,0.915
1552,0.343
1553,0.601
1554,0.165
1555,0.657
1556,0.829
1557,0.218
1558,0.83
1559,0.933
1560,0.778
1561,0.313
1562,0.573
1563,0.734
1564,0.951
1565,0.085
1566,0.245
1567,0.767
1568,0.752
1569,0.295
1570,0.364
1571,0.44
1572,0.244
1573,0.515
1574,0.899
1575,0.506
1576,0.668
1577,0.787
1578,0.344
1579,0.296
1580,0.757
1581,0.384
1582,0.644
1583,0.207
1584,0.297
1585,0.842
1586,0.573
1587,0.876
1588,0.489
1589,0.792
1590,0.027
1591,0.026
1592,0.914
1593,0.943
1594,0.552
1595,0.298
1596,0.42
1597,0.342
1598,0.582
1599,0.1
1600,0.04
1601,0.545
1602,0.35
1603,0.816
1604,0.187
1605,0.793
1606,0.698
1607,0.86
1608,0.847
1609,0.042
1610,0.402
1611,0.78
1612,0.706
1613,0.249
1614,0.684
1615,0.685
1616,0.017
1617,0.746
1618,0.417
1619,0.244
1620,0.234
1621,0.542
1622,0.704
1623,0.104
1624,0.945
1625,0.693
1626,0.87
1627,0.244
1628,0.342
1629,0.106
1630,0.788
1631,0.78
1632,0.389
1633,0.367
1634,0.348
1635,0.197
1636,0.492
1637,0.583
1638,0.964
1639,0.913
1640,0.507
1641,0.345
1642,0.209
1643,0.885
1644,0.853
1645,0.727
1646,0.423
1647,0.534
1648,0.814
1649,0.437
1650,0.39
1651,0.401
1652,0.902
1653,0.024
1654,0.558
1655,0.962
1656,0.708
1657,0.527
1658,0.784
1659,0.44
1660,0.883
1661,0.099
1662,0.634
1663,0.055
1664,0.284
1665,0.328
1666,0.304
1667,0.748
1668,0.247
1669,0.462
1670,0.575
1671,0.757
1672,0.001
1673,0.612
1674,0.1
1675,0.233
1676,0.426
1677,0.298
1678,0.105
1679,0.218
1680,0.022
1681,0.683
1682,0.31
1683,0.415
1684,0.672
1685,0.923
1686,0.739
1687,0.8
1688,0.408
1689,0.289
1690,0.511
1691,0.086
1692,0.177
1693,0.05
1694,0.832
1695,0.681
1696,0.962
1697,0.19
1698,0.547
1699,0.093
1700,0.176
1701,0.346
1702,0.549
1703,0.472
1704,0.814
1705,0.704
1706,0.492
1707,0.225
1708,0.3
1709,0.677
1710,0.658
1711,0.598
1712,0.023
1713,0.507
1714,0.73
1715,0.3
1716,0.202
1717,0.704
1718,0.866
1719,0.909
1720,0.255
1721,0.33
1722,0.209
1723,0.158
1724,0.933
1725,0.589
1726,0.457
1727,0.746
1728,0.817
1729,0.805
1730,0.624
1731,0.075
1732,0.789
1733,0.407
1734,0.431
1735,0.197
1736,0.208
1737,0.187
1738,0.11
1739,0.649
1740,0.708
1741,0.385
1742,0.723
1743,0.862
1744,0.525
1745,0.514
1746,0.882
1747,0.424
1748,0.622
1749,0.331
1750,0.734
1751,0.511
1752,0.855
1753,0.021
1754,0.302
1755,0.659
1756,0.127
1757,0.793
1758,0.655
1759,0.005
1760,0.948
1761,0.368
1762,0.3
1763,0.925
1764,0.201
1765,0.978
1766,0.99
1767,0.644
1768,0.196
1769,0.957
1770,0.756
1771,0.077
1772,0.309
1773,0.824
1774,0.094
1775,1.0
1776,0.285
1777,0.444
1778,0.42
1779,0.892
1780,0.807
1781,0.549
1782,0.565
1783,0.699
1784,0.743
1785,0.57
1786,0.253
1787,0.837
1788,0.573
1789,0.324
1790,0.573
1791,0.702
1792,0.021
1793,0.297
1794,0.41
1795,0.846
1796,0.212
1797,0.826
1798,0.647
1799,0.487
1800,0.247
1801,0.414
1802,0.004
1803,0.625
1804,0.701
1805,0.702
1806,0.492
1807,0.2
1808,0.228
1809,0.036
1810,0.292
1811,0.926
1812,0.43
1813,0.086
1814,0.109
1815,0.721
1816,0.505
1817,0.011
1818,0.003
1819,0.414
1820,0.454
1821,0.324
1822,0.456
1823,0.563
1824,0.476
1825,0.739
1826,0.405
1827,0.038
1828,0.963
1829,0.638
1830,0.899
1831,0.059
1832,0.891
1833,0.484
1834,0.544
1835,0.397
1836,0.944
1837,0.759
1838,0.332
1839,0.864
1840,0.671
1841,0.573
1842,0.122
1843,0.321
1844,0.995
1845,0.001
1846,0.772
1847,0.33
1848,0.09
1849,0.613
1850,0.865
1851,0.265
1852,0.187
1853,0.452
1854,0.388
1855,0.598
1856,0.946
1857,0.177
1858,0.217
1859,0.047
1860,0.571
1861,0.231
1862,0.302
1863,0.829
1864,0.711
1865,0.42
1866,0.934
1867,0.625
1868,0.63
1869,0.928
1870,0.366
1871,0.09
1872,0.831
1873,0.364
1874,0.817
1875,0.686
1876,0.608
1877,0.069
1878,0.455
1879,0.336
1880,0.297
1881,0.146
1882,0.527
1883,0.317
1884,0.216
1885,0.986
1886,0.095
1887,0.654
1888,0.758
1889,0.554
1890,0.199
1891,0.095
1892,0.435
1893,0.505
1894,0.381
1895,0.127
1896,0.493
1897,0.682
1898,0.092
1899,0.929
1900,0.154
1901,0.903
1902,0.045
1903,0.813
1904,0.457
1905,0.628
1906,0.849
1907,0.674
1908,0.964
1909,0.663
1910,0.696
1911,0.091
1912,0.762
1913,0.771
1914,0.152
1915,0.753
1916,0.902
1917,0.634
1918,0.901
1919,0.541
1920,0.918
1921,0.827
1922,0.966
1923,0.896
1924,0.993
1925,0.638
1926,0.044
1927,0.294
1928,0.471
1929,0.486
1930,0.259
1931,0.715
1932,0.038
1933,0.757
1934,0.205
1935,0.794
1936,0.916
1937,0.06
1938,0.325
1939,0.83
1940,0.691
1941,0.331
1942,0.142
1943,0.476
1944,0.568
1945,0.603
1946,0.679
1947,0.357
1948,0.743
1949,0.232
1950,0.839
1951,0.288
1952,0.804
1953,0.837
1954,0.289
1955,0.617
1956,0.64
1957,0.252
1958,0.997
1959,0.231
1960,0.307
1961,0.638
1962,0.943
1963,0.6
1964,0.263
1965,0.747
1966,0.017
1967,0.025
1968,0.278
1969,0.217
1970,0.609
1971,0.039
1972,0.57
1973,0.592
1974,0.971
1975,0.088
1976,0.152
1977,0.116
1978,0.936
1979,0.368
1980,0.841
1981,0.55
1982,0.351
1983,0.175
1984,0.005
1985,0.785
1986,0.128
1987,0.555
1988,0.029
1989,0.215
1990,0.538
1991,0.147
1992,0.744
1993,0.447
1994,0.241
1995,0.527
1996,0.156
1997,0.405
1998,0.946
1999,0.306
2000,0.202
2001,0.084
2002,0.021
2003,1.0
2004,0.248
2005,0.357
2006,0.56
2007,0.593
2008,0.425
2009,0.422
2010,0.967
2011,0.73
2012,0.863
2013,0.311
2014,0.309
2015,0.092
2016,0.067
2017,0.075
2018,0.223
2019,0.35
2020,0.2
2021,0.968
2022,0.768
2023,0.251
2024,0.729
2025,0.284
2026,0.65
2027,0.906
2028,0.437
2029,0.871
2030,0.193
2031,0.015
2032,0.571
2033,0.287
2034,0.76
2035,0.148
2036,0.452
2037,0.696
2038,0.732
2039,0.139
2040,0.282
2041,0.718
2042,0.551
2043,0.441
2044,0.733
2045,0.958
2046,0.755
2047,0.406
2048,0.603
2049,0.562
2050,0.549
2051,0.597
2052,0.507
2053,0.356
2054,0.779
2055,0.174
2056,0.192
2057,0.366
2058,0.399
2059,0.55
2060,0.74
2061,0.031
2062,0.19
2063,0.22
2064,0.44
2065,0.753
2066,0.644
2067,0.183
2068,0.132
2069,0.966
2070,0.846
2071,0.006
2072,0.418
2073,0.378
2074,0.84
2075,0.274
2076,0.943
2077,0.594
2078,0.274
2079,0.051
2080,0.492
2081,0.13
2082,0.248
2083,0.104
2084,0.038
2085,0.947
2086,0.704
2087,0.784
2088,0.935
2089,0.276
2090,0.047
2091,0.532
2092,0.049
2093,0.116
2094,0.777
2095,0.908
2096,0.11
2097,0.965
2098,0.608
2099,0.868
2100,0.74
2101,0.819
2102,0.247
2103,0.422
2104,0.646
2105,0.562
2106,0.122
2107,0.175
2108,0.582
2109,0.191
2110,0.154
2111,0.353
2112,0.615
2113,0.402
2114,0.063
2115,0.63
2116,0.878
2117,0.452
2118,0.518
2119,0.09
2120,0.554
2121,0.768
2122,0.412
2123,0.742
2124,0.974
2125,0.224
2126,0.197
2127,0.01
2128,0.149
2129,0.573
2130,0.648
2131,0.623
2132,0.912
2133,0.221
2134,0.922
2135,0.547
2136,0.542
2137,0.792
2138,0.966
2139,0.507
2140,0.957
2141,0.034
2142,0.119
2143,0.209
2144,0.312
2145,0.482
2146,0.937
2147,0.744
2148,0.344
2149,0.316
2150,0.307
2151,0.881
2152,0.769
2153,0.806
2154,0.642
2155,0.57
2156,0.833
2157,0.061
2158,0.32
2159,0.649
2160,0.907
2161,0.908
2162,0.538
2163,0.031
2164,0.526
2165,0.932
2166,0.037
2167,0.39
2168,0.761
2169,0.67
2170,0.215
2171,0.474
2172,0.503
2173,0.996
2174,0.344
2175,0.534
2176,0.962
2177,0.12
2178,0.075
2179,0.528
2180,0.932
2181,0.834
2182,0.218
2183,0.276
2184,0.881
2185,0.568
2186,0.482
2187,0.378
2188,0.645
2189,0.967
2190,0.441
2191,0.152
2192,0.724
2193,0.002
2194,0.225
2195,0.168
2196,0.52
2197,0.567
2198,0.451
2199,0.041
2200,0.319
2201,0.202
2202,0.093
2203,0.62
2204,0.122
2205,0.167
2206,0.142
2207,0.736
2208,0.897
2209,0.014
2210,0.388
2211,0.841
2212,0.7
2213,0.15
2214,0.405
2215,0.203
2216,0.071
2217,0.242
2218,0.492
2219,0.439
2220,0.435
2221,0.216
2222,0.867
2223,0.927
2224,0.921
2225,0.244
2226,0.883
2227,0.312
2228,0.288
2229,0.243
2230,0.032
2231,0.589
2232,0.209
2233,0.151
2234,0.917
2235,0.546
2236,0.932
2237,0.037
2238,0.007
2239,0.94
2240,0.189
2241,0.377
2242,0.105
2243,0.254
2244,0.447
2245,0.739
2246,0.811
2247,0.443
2248,0.892
2249,0.364
2250,0.5
2251,0.355
2252,0.262
2253,0.595
2254,0.87
2255,0.753
2256,0.98
2257,0.23
2258,0.899
2259,0.062
2260,0.655
2261,0.032
2262,0.412
2263,0.773
2264,0.155
2265,0.617
2266,0.656
2267,0.881
2268,0.172
2269,0.538
2270,0.427
2271,0.917
2272,0.089
2273,0.68
2274,0.56
2275,0.48
2276,0.812
2277,0.519
2278,0.178
2279,0.671
2280,0.425
2281,0.987
2282,0.178
2283,0.025
2284,0.467
2285,0.077
2286,0.124
2287,0.67
2288,0.426
2289,0.648
2290,0.501
2291,0.64
2292,0.489
2293,0.104
2294,0.119
2295,0.532
2296,0.324
2297,0.462
2298,0.605
2299,0.027
2300,0.009
2301,0.251
2302,0.773
2303,0.578
2304,0.766
2305,0.116
2306,0.723
2307,0.526
2308,0.593
2309,0.474
2310,0.495
2311,0.76
2312,0.189
2313,0.926
2314,0.355
2315,0.35
2316,0.894
2317,0.184
2318,0.776
2319,0.026
2320,0.23
2321,0.798
2322,0.225
2323,0.596
2324,0.033
2325,0.815
2326,0.814
2327,0.814
2328,0.705
2329,0.953
2330,0.363
2331,0.975
2332,0.787
2333,0.775
2334,0.348
2335,0.491
2336,0.24
2337,0.105
2338,0.232
2339,0.815
2340,0.537
2341,0.932
2342,0.759
2343,0.965
2344,0.467
2345,0.98
2346,0.561
2347,0.591
2348,0.353
2349,0.818
2350,0.657
2351,0.658
2352,0.288
2353,0.884
2354,0.544
2355,0.898
2356,0.436
2357,0.057
2358,0.699
2359,0.465
2360,0.638
2361,0.077
2362,0.461
2363,0.718
2364,0.905
2365,0.417
2366,0.302
2367,0.041
2368,0.974
2369,0.263
2370,0.465
2371,0.105
2372,0.649
2373,0.829
2374,0.608
2375,0.978
2376,0.014
2377,0.283
2378,0.693
2379,0.931
2380,0.572
2381,0.588
2382,0.589
2383,0.446
2384,0.86
2385,0.005
2386,0.085
2387,0.182
2388,0.065
2389,0.269
2390,0.762
2391,0.972
2392,0.57
2393,0.838
2394,0.48
2395,0.505
2396,0.202
2397,0.968
2398,0.586
2399,0.632
2400,0.567
2401,0.109
2402,0.79
2403,0.33
2404,0.452
2405,0.371
2406,0.275
2407,0.794
2408,0.04
2409,0.815
2410,0.264
2411,0.521
2412,0.898
2413,0.304
2414,0.051
2415,0.834
2416,0.305
2417,0.446
2418,0.139
2419,0.748
2420,0.29
2421,0.934
2422,0.536
2423,0.19
2424,0.525
2425,0.941
2426,0.526
2427,0.282
2428,0.885
2429,0.271
2430,0.8
2431,0.403
2432,0.252
2433,0.235
2434,0.273
2435,0.29
2436,0.615
2437,0.075
2438,0.203
2439,0.257
2440,0.912
2441,0.276
2442,0.847
2443,0.584
2444,0.783
2445,0.635
2446,0.967
2447,0.496
2448,0.581
2449,0.492
2450,0.681
2451,0.368
2452,0.107
2453,0.117
2454,0.137
2455,0.083
2456,0.04
2457,0.288
2458,0.753
2459,0.28
2460,0.312
2461,0.891
2462,0.945
2463,0.909
2464,0.844
2465,0.169
2466,0.986
2467,0.336
2468,0.806
2469,0.194
2470,0.52
2471,0.979
2472,0.498
2473,0.407
2474,0.234
2475,0.693
2476,0.872
2477,0.839
2478,0.675
2479,0.787
2480,0.043
2481,0.456
2482,0.511
2483,0.797
2484,0.441
2485,0.864
2486,0.192
2487,0.598
2488,0.974
2489,0.228
2490,0.096
2491,0.823
2492,0.268
2493,0.201
2494,0.303
2495,0.147
2496,0.553
2497,0.858
2498,0.279
2499,0.681
2500,0.229
2501,0.126
2502,0.207
2503,0.145
2504,0.241
2505,0.408
2506,0.423
2507,0.963
2508,0.456
2509,0.641
2510,0.579
2511,0.007
2512,0.613
2513,0.953
2514,0.305
2515,0.426
2516,0.615
2517,0.89
2518,0.821
2519,0.185
2520,0.542
2521,0.644
2522,0.287
2523,0.133
2524,0.689
2525,0.677
2526,0.017
2527,0.623
2528,0.34
2529,0.337
2530,0.532
2531,0.889
2532,0.151
2533,0.752
2534,0.091
2535,0.036
2536,0.605
2537,0.923
2538,0.844
2539,0.909
2540,0.325
2541,0.8
2542,0.9
2543,0.262
2544,0.174
2545,0.972
2546,0.051
2547,0.716
2548,0.282
2549,0.265
2550,0.704
2551,0.66
2552,0.679
2553,0.691
2554,0.334
2555,0.542
2556,0.655
2557,0.797
2558,0.967
2559,0.503
2560,0.016
2561,0.149
2562,0.058
2563,0.401
2564,0.963
2565,0.869
2566,0.677
2567,0.06
2568,0.973
2569,0.605
2570,0.932
2571,0.628
2572,0.351
2573,0.464
2574,0.043
2575,0.034
2576,0.013
2577,0.381
2578,0.025
2579,0.635
2580,0.744
2581,0.903
2582,0.738
2583,0.242
2584,0.967
2585,0.456
2586,0.038
2587,0.381
2588,0.59
2589,0.924
2590,0.722
2591,0.376
2592,0.996
2593,0.431
2594,0.987
2595,0.282
2596,0.537
2597,0.178
2598,0.109
2599,0.354
2600,0.391
2601,0.182
2602,0.359
2603,0.091
2604,0.247
2605,0.914
2606,0.64
2607,0.888
2608,0.468
2609,0.766
2610,0.399
2611,0.575
2612,0.133
2613,0.646
2614,0.205
2615,0.616
2616,0.364
2617,0.012
2618,0.052
2619,0.723
2620,0.898
2621,0.561
2622,0.642
2623,0.678
2624,0.454
2625,0.625
2626,0.772
2627,0.251
2628,0.198
2629,0.5
2630,0.135
2631,0.342
2632,0.642
2633,0.263
2634,0.664
2635,0.942
2636,0.995
2637,0.065
2638,0.029
2639,0.032
2640,0.246
2641,0.185
2642,0.199
2643,0.276
2644,0.908
2645,0.499
2646,0.111
2647,0.716
2648,0.966
2649,0.766
2650,0.517
2651,0.624
2652,0.022
2653,0.543
2654,0.381
2655,0.769
2656,0.242
2657,0.788
2658,0.97
2659,0.201
2660,0.277
2661,0.559
2662,0.062
2663,0.658
2664,0.338
2665,0.376
2666,0.875
2667,0.435
2668,0.163
2669,0.602
2670,0.757
2671,0.252
2672,0.815
2673,0.129
2674,0.354
2675,0.929
2676,0.01
2677,0.294
2678,0.093
2679,0.369
2680,0.752
2681,0.134
2682,0.775
2683,0.514
2684,0.493
2685,0.687
2686,0.561
2687,0.049
2688,0.847
2689,0.182
2690,0.36
2691,0.46
2692,0.66
2693,0.607
2694,0.85
2695,0.257
2696,0.717
2697,0.78
2698,0.215
2699,0.69
2700,0.45
2701,0.879
2702,0.195
2703,0.087
2704,0.215
2705,0.107
2706,0.658
2707,0.009
2708,0.794
2709,0.643
2710,0.333
2711,0.266
2712,0.641
2713,0.658
2714,0.498
2715,0.02
2716,0.715
2717,0.164
2718,0.298
2719,0.456
2720,0.061
2721,0.237
2722,0.213
2723,0.485
2724,0.17
2725,0.679
2726,0.566
2727,0.571
2728,0.421
2729,0.167
2730,0.344
2731,0.186
2732,0.177
2733,0.818
2734,0.5
2735,0.376
2736,0.869
2737,0.189
2738,0.907
2739,0.75
2740,0.465
2741,0.287
2742,0.452
2743,0.381
2744,0.653
2745,0.274
2746,0.763
2747,0.841
2748,0.033
2749,0.286
2750,0.647
2751,0.702
2752,0.408
2753,0.091
2754,0.67
2755,0.045
2756,0.025
2757,0.418
2758,0.596
2759,0.41
2760,0.951
2761,0.146
2762,0.623
2763,0.313
2764,0.315
2765,0.408
2766,0.259
2767,0.209
2768,0.678
2769,0.198
2770,0.991
2771,0.124
2772,0.887
2773,0.805
2774,0.394
2775,0.988
2776,0.329
2777,0.573
2778,0.482
2779,0.995
2780,0.952
2781,0.622
2782,0.757
2783,0.374
2784,0.737
2785,0.609
2786,0.567
2787,0.383
2788,0.644
2789,0.602
2790,0.664
2791,0.211
2792,0.062
2793,0.844
2794,0.162
2795,0.666
2796,1.0
2797,0.687
2798,0.352
2799,0.233
2800,0.966
2801,0.922
2802,0.261
2803,0.854
2804,0.602
2805,0.606
2806,0.406
2807,0.945
2808,0.499
2809,0.848
2810,0.622
2811,0.544
2812,0.948
2813,0.724
2814,0.681
2815,0.67
2816,0.628
2817,0.166
2818,0.592
2819,0.114
2820,0.272
2821,0.212
2822,0.854
2823,0.127
2824,0.782
2825,0.259
2826,0.481
2827,0.414
2828,0.627
2829,0.801
2830,0.464
2831,0.161
2832,0.488
2833,0.696
2834,0.701
2835,0.399
2836,0.046
2837,0.951
2838,0.737
2839,0.88
2840,0.356
2841,0.599
2842,0.257
2843,0.523
2844,0.971
2845,0.964
2846,0.228
2847,0.475
2848,0.24
2849,0.019
2850,0.605
2851,0.218
2852,0.558
2853,0.108
2854,0.659
2855,0.956
2856,0.223
2857,0.782
2858,0.202
2859,0.284
2860,0.585
2861,0.181
2862,0.535
2863,0.613
2864,0.777
2865,0.888
2866,0.009
2867,0.22
2868,0.655
2869,0.298
2870,0.989
2871,0.464
2872,0.346
2873,0.255
2874,0.853
2875,0.423
2876,0.774
2877,0.858
2878,0.325
2879,0.212
2880,0.385
2881,0.062
2882,0.267
2883,0.406
2884,0.247
2885,0.028
2886,0.503
2887,0.569
2888,0.265
2889,0.309
2890,0.731
2891,0.913
2892,0.821
2893,0.819
2894,0.669
2895,0.604
2896,0.557
2897,0.586
2898,0.909
2899,0.007
2900,0.643
2901,0.132
2902,0.028
2903,0.316
2904,0.613
2905,0.706
2906,0.481
2907,0.187
2908,0.678
2909,0.546
2910,0.504
2911,0.078
2912,0.597
2913,0.728
2914,0.204
2915,0.382
2916,0.032
2917,0.819
2918,0.607
2919,0.746
2920,0.52
2921,0.761
2922,0.569
2923,0.967
2924,0.377
2925,0.649
2926,0.046
2927,0.721
2928,0.172
2929,0.393
2930,0.428
2931,0.917
2932,0.441
2933,0.522
2934,0.529
2935,0.006
2936,0.519
2937,0.986
2938,0.285
2939,0.636
2940,0.135
2941,0.542
2942,0.049
2943,0.079
2944,0.235
2945,0.258
2946,0.997
2947,0.393
2948,0.268
2949,0.388
2950,0.004
2951,0.6
2952,0.888
2953,0.309
2954,0.044
2955,0.988
2956,0.928
2957,0.588
2958,0.432
2959,0.106
2960,0.985
2961,0.105
2962,0.435
2963,0.543
2964,0.24
2965,0.078
2966,0.66
2967,0.345
2968,0.713
2969,0.207
2970,0.332
2971,0.623
2972,0.763
2973,0.331
2974,0.848
2975,0.98
2976,0.933
2977,0.824
2978,0.145
2979,0.913
2980,0.576
2981,0.934
2982,0.411
2983,0.958
2984,0.296
2985,0.217
2986,0.485
2987,0.634
2988,0.255
2989,0.776
2990,0.171
2991,0.32
2992,0.116
2993,0.927
2994,0.324
2995,0.082
2996,0.549
2997,0.441
2998,0.596
2999,0.939
3000,0.918
3001,0.58
3002,0.308
3003,0.854
3004,0.815
3005,0.93
3006,0.877
3007,0.788
3008,0.297
3009,0.036
3010,0.899
3011,0.7
3012,0.786
3013,0.233
3014,0.181
3015,0.247
3016,0.648
3017,0.729
3018,0.451
3019,0.433
3020,0.939
3021,0.095
3022,0.184
3023,0.732
3024,0.425
3025,0.37
3026,0.29
3027,0.757
3028,0.75
3029,0.314
3030,0.751
3031,0.486
3032,0.069
3033,0.663
3034,0.806
3035,0.554
3036,0.783
3037,0.794
3038,0.169
3039,0.333
3040,0.863
3041,0.344
3042,0.274
3043,0.584
3044,0.905
3045,0.255
3046,0.145
3047,0.871
3048,0.567
3049,0.623
3050,0.483
3051,0.503
3052,0.967
3053,0.649
3054,0.17
3055,0.935
3056,0.683
3057,0.218
3058,0.17
3059,0.555
3060,0.033
3061,0.274
3062,0.357
3063,0.334
3064,0.345
3065,0.281
3066,0.728
3067,0.686
3068,0.444
3069,0.879
3070,0.445
3071,0.82
3072,0.07
3073,0.074
3074,0.559
3075,0.639
3076,0.915
3077,0.952
3078,0.223
3079,0.581
3080,0.834
3081,0.28
3082,0.573
3083,0.559
3084,0.154
3085,0.977
3086,0.729
3087,0.922
3088,0.22
3089,0.916
3090,0.445
3091,0.33
3092,0.71
3093,0.161
3094,0.324
3095,0.459
3096,0.881
3097,0.889
3098,0.56
3099,0.361
3100,0.752
3101,0.86
3102,0.562
3103,0.522
3104,0.642
3105,0.21
3106,0.214
3107,0.125
3108,0.968
3109,0.943
3110,0.52
3111,0.12
3112,0.763
3113,0.663
3114,0.956
3115,0.921
3116,0.578
3117,0.329
3118,0.87
3119,0.444
3120,0.056
3121,0.454
3122,0.518
3123,0.263
3124,0.063
3125,0.343
3126,0.066
3127,0.688
3128,0.269
3129,0.765
3130,0.712
3131,0.215
3132,0.07
3133,0.52
3134,0.858
3135,0.801
3136,0.735
3137,0.616
3138,0.401
3139,0.593
3140,0.646
3141,0.72
3142,0.994
3143,0.628
3144,0.659
3145,0.755
3146,0.173
3147,0.221
3148,0.543
3149,0.937
3150,0.874
3151,0.147
3152,0.051
3153,0.116
3154,0.601
3155,0.053
3156,0.581
3157,0.711
3158,0.724
3159,0.291
3160,0.539
3161,0.544
3162,0.297
3163,0.768
3164,0.796
3165,0.662
3166,0.285
3167,0.807
3168,0.516
3169,0.905
3170,0.07
3171,0.908
3172,0.25
3173,0.536
3174,0.824
3175,0.637
3176,0.396
3177,0.176
3178,0.51
3179,0.458
3180,0.471
3181,0.756
3182,0.452
3183,0.115
3184,0.416
3185,0.767
3186,0.061
3187,0.145
3188,0.327
3189,0.989
3190,0.463
3191,0.575
3192,0.448
3193,0.08
3194,0.745
3195,0.145
3196,0.002
3197,0.02
3198,0.087
3199,0.639
3200,0.18
3201,0.392
3202,0.183
3203,0.512
3204,0.114
3205,0.349
3206,0.914
3207,0.905
3208,0.853
3209,0.443
3210,0.378
3211,0.448
3212,0.546
3213,0.267
3214,0.249
3215,0.04
3216,0.804
3217,0.329
3218,0.708
3219,0.512
3220,0.051
3221,0.064
3222,0.521
3223,0.806
3224,0.001
3225,0.137
3226,0.205
3227,0.772
3228,0.11
3229,0.128
3230,0.546
3231,0.249
3232,0.221
3233,0.025
3234,0.311
3235,0.722
3236,0.282
3237,0.889
3238,0.47
3239,0.022
3240,0.424
3241,0.832
3242,0.919
3243,0.607
3244,0.889
3245,0.449
3246,0.283
3247,0.724
3248,0.717
3249,0.568
3250,0.744
3251,0.99
3252,0.995
3253,0.831
3254,0.69
3255,0.331
3256,0.838
3257,0.36
3258,0.216
3259,0.679
3260,0.657
3261,0.677
3262,0.727
3263,0.674
3264,0.246
3265,0.591
3266,0.732
3267,0.1
3268,0.858
3269,0.254
3270,0.907
3271,0.94
3272,0.107
3273,0.011
3274,0.544
3275,0.984
3276,0.281
3277,0.198
3278,0.886
3279,0.725
3280,0.65
3281,0.417
3282,0.674
3283,0.539
3284,0.073
3285,0.705
3286,0.742
3287,0.37
3288,0.667
3289,0.8
3290,0.232
3291,0.258
3292,0.85
3293,0.079
3294,0.439
3295,0.135
3296,0.155
3297,0.535
3298,0.124
3299,0.346
3300,0.519
3301,0.09
3302,0.425
3303,0.134
3304,0.696
3305,0.365
3306,0.422
3307,0.463
3308,0.815
3309,0.666
3310,0.772
3311,0.654
3312,0.418
3313,0.647
3314,0.246
3315,0.365
3316,0.595
3317,0.772
3318,0.908
3319,0.508
3320,0.673
3321,0.823
3322,0.12
3323,0.04
3324,0.425
3325,0.261
3326,0.786
3327,0.478
3328,0.107
3329,0.239
3330,0.216
3331,0.716
3332,0.753
3333,0.273
3334,0.153
3335,0.418
3336,0.22
3337,0.056
3338,0.945
3339,0.689
3340,0.171
3341,0.153
3342,0.743
3343,0.652
3344,0.177
3345,0.774
3346,0.797
3347,0.209
3348,0.795
3349,0.681
3350,0.993
3351,0.61
3352,0.154
3353,0.943
3354,0.824
3355,0.318
3356,0.54
3357,0.185
3358,0.568
3359,0.131
3360,0.011
3361,0.245
3362,0.343
3363,0.286
3364,0.894
3365,0.713
3366,0.891
3367,0.549
3368,0.467
3369,0.165
3370,0.936
3371,0.952
3372,0.982
3373,0.694
3374,0.937
3375,0.772
3376,0.166
3377,0.935
3378,0.484
3379,0.753
3380,0.218
3381,0.313
3382,0.844
3383,0.257
3384,0.077
3385,0.469
3386,0.28
3387,0.515
3388,0.107
3389,0.86
3390,0.703
3391,0.068
3392,0.026
3393,0.545
3394,0.134
3395,0.712
3396,0.843
3397,0.698
3398,0.991
3399,0.985
3400,0.239
3401,0.587
3402,0.492
3403,0.759
3404,0.967
3405,0.991
3406,0.139
3407,0.426
3408,0.752
3409,0.359
3410,0.016
3411,0.521
3412,0.703
3413,0.835
3414,0.01
3415,0.071
3416,0.614
3417,0.61
3418,0.379
3419,0.042
3420,0.497
3421,0.363
3422,0.649
3423,0.237
3424,0.916
3425,0.619
3426,0.313
3427,0.312
3428,0.268
3429,0.769
3430,0.458
3431,0.804
3432,0.164
3433,0.007
3434,0.626
3435,0.821
3436,0.615
3437,0.716
3438,0.342
3439,0.99
3440,0.314
3441,0.492
3442,0.535
3443,0.679
3444,0.575
3445,0.198
3446,0.517
3447,0.023
3448,0.28
3449,0.474
3450,0.125
3451,0.261
3452,0.287
3453,0.331
3454,0.384
3455,0.592
3456,0.272
3457,0.313
3458,0.148
3459,0.748
3460,0.729
3461,0.513
3462,0.296
3463,0.166
3464,0.255
3465,0.156
3466,0.665
3467,0.478
3468,0.181
3469,0.828
3470,0.923
3471,0.298
3472,0.619
3473,0.039
3474,0.825
3475,0.375
3476,0.945
3477,0.948
3478,0.906
3479,0.163
3480,0.032
3481,0.677
3482,0.87
3483,0.46
3484,0.455
3485,0.092
3486,0.008
3487,0.793
3488,0.945
3489,0.571
3490,0.337
3491,0.487
3492,0.454
3493,0.03
3494,0.544
3495,0.99
3496,0.488
3497,0.367
3498,0.716
3499,0.781
3500,0.959
3501,0.573
3502,0.36
3503,0.399
3504,0.797
3505,0.881
3506,0.925
3507,0.973
3508,0.701
3509,0.676
3510,0.715
3511,0.768
3512,0.363
3513,0.382
3514,0.121
3515,0.383
3516,0.351
3517,0.307
3518,0.75
3519,0.754
3520,0.956
3521,0.118
3522,0.701
3523,0.817
3524,0.311
3525,0.171
3526,0.281
3527,0.379
3528,0.752
3529,0.597
3530,0.998
3531,0.039
3532,0.19
3533,0.994
3534,0.568
3535,0.618
3536,0.248
3537,0.955
3538,0.06
3539,0.394
3540,0.446
3541,0.98
3542,0.448
3543,0.638
3544,0.784
3545,0.599
3546,0.646
3547,0.708
3548,0.512
3549,0.584
3550,0.395
3551,0.403
3552,0.654
3553,0.052
3554,0.956
3555,0.183
3556,0.363
3557,0.386
3558,0.096
3559,0.235
3560,0.425
3561,0.661
3562,0.353
3563,0.864
3564,0.839
3565,0.431
3566,0.566
3567,0.688
3568,0.6
3569,0.172
3570,0.478
3571,0.258
3572,0.469
3573,0.414
3574,0.914
3575,0.502
3576,0.084
3577,0.749
3578,0.383
3579,0.264
3580,0.538
3581,0.73
3582,0.296
3583,0.006
3584,0.125
3585,0.484
3586,0.647
3587,0.756
3588,0.893
3589,0.04
3590,0.117
3591,0.359
3592,0.829
3593,0.036
3594,0.396
3595,0.349
3596,0.105
3597,0.966
3598,0.391
3599,0.6
3600,0.599
3601,0.852
3602,0.21
3603,0.928
3604,0.393
3605,0.287
3606,0.869
3607,0.23
3608,0.125
3609,0.562
3610,0.265
3611,0.893
3612,0.903
3613,0.088
3614,0.279
3615,0.641
3616,0.322
3617,0.868
3618,0.95
3619,0.168
3620,0.131
3621,0.469
3622,0.721
3623,0.557
3624,0.753
3625,0.218
3626,0.637
3627,0.102
3628,0.713
3629,0.13
3630,0.994
3631,0.593
3632,0.322
3633,0.859
3634,0.537
3635,0.086
3636,0.266
3637,0.267
3638,0.558
3639,0.647
3640,0.672
3641,0.477
3642,0.913
3643,0.835
3644,0.048
3645,0.203
3646,0.486
3647,0.464
3648,0.054
3649,0.9
3650,0.876
3651,0.059
3652,0.854
3653,0.609
3654,0.631
3655,0.122
3656,0.458
3657,0.499
3658,0.883
3659,0.783
3660,0.598
3661,0.57
3662,0.356
3663,0.221
3664,0.369
3665,0.031
3666,0.583
3667,0.061
3668,0.499
3669,0.348
3670,0.447
3671,0.547
3672,0.285
3673,0.443
3674,0.399
3675,0.104
3676,0.224
3677,0.739
3678,0.852
3679,0.62
3680,0.595
3681,0.023
3682,0.451
3683,0.544
3684,0.874
3685,0.102
3686,0.98
3687,0.672
3688,0.621
3689,0.369
3690,0.777
3691,0.001
3692,0.448
3693,0.332
3694,0.25
3695,0.639
3696,0.082
3697,0.38
3698,0.673
3699,0.398
3700,0.568
3701,0.727
3702,0.459
3703,0.868
3704,0.988
3705,0.124
3706,0.947
3707,0.853
3708,0.021
3709,0.04
3710,0.385
3711,0.533
3712,0.972
3713,0.194
3714,0.905
3715,0.578
3716,0.727
3717,0.864
3718,0.476
3719,0.405
3720,0.663
3721,0.434
3722,0.516
3723,0.34
3724,0.198
3725,0.546
3726,0.061
3727,0.709
3728,0.35
3729,0.98
3730,0.965
3731,0.051
3732,0.647
3733,0.835
3734,0.25
3735,0.978
3736,0.516
3737,0.772
3738,0.933
3739,0.032
3740,0.098
3741,0.185
3742,0.506
3743,0.63
3744,0.005
3745,0.975
3746,0.622
3747,0.593
3748,0.344
3749,0.828
3750,0.534
3751,0.982
3752,0.088
3753,0.745
3754,0.097
3755,0.376
3756,0.836
3757,0.763
3758,0.742
3759,0.187
3760,0.183
3761,0.146
3762,0.12
3763,0.155
3764,0.281
3765,0.773
3766,0.065
3767,0.893
3768,0.78
3769,0.019
3770,0.986
3771,0.747
3772,0.395
3773,0.934
3774,0.222
3775,0.948
3776,0.284
3777,0.571
3778,0.065
3779,0.817
3780,0.668
3781,0.589
3782,0.147
3783,0.871
3784,0.206
3785,0.12
3786,0.539
3787,0.924
3788,0.001
3789,0.717
3790,0.832
3791,0.967
3792,0.888
3793,0.648
3794,0.712
3795,0.527
3796,0.277
3797,0.424
3798,0.477
3799,0.848
3800,0.654
3801,0.205
3802,0.997
3803,0.35
3804,0.432
3805,0.226
3806,0.801
3807,0.396
3808,0.333
3809,0.925
3810,0.589
3811,0.087
3812,0.382
3813,0.94
3814,0.088
3815,0.357
3816,0.641
3817,0.688
3818,0.097
3819,0.515
3820,0.369
3821,0.388
3822,0.941
3823,0.258
3824,0.111
3825,0.755
3826,0.183
3827,0.288
3828,0.022
3829,0.098
3830,0.765
3831,0.618
3832,0.521
3833,0.812
3834,0.288
3835,0.767
3836,0.211
3837,0.919
3838,0.724
3839,0.567
3840,0.932
3841,0.138
3842,0.996
3843,0.468
3844,0.788
3845,0.125
3846,0.169
3847,0.024
3848,0.896
3849,0.517
3850,0.244
3851,0.487
3852,0.304
3853,0.58
3854,0.673
3855,0.183
3856,0.697
3857,0.338
3858,0.74
3859,0.251
3860,0.681
3861,0.292
3862,0.658
3863,0.873
3864,0.485
3865,0.121
3866,0.38
3867,0.865
3868,0.03
3869,0.367
3870,0.969
3871,0.821
3872,0.62
3873,0.025
3874,0.192
3875,0.481
3876,0.585
3877,0.818
3878,0.932
3879,0.142
3880,0.198
3881,0.723
3882,0.075
3883,0.525
3884,0.461
3885,0.39
3886,0.794
3887,0.959
3888,0.696
3889,0.633
3890,0.217
3891,0.041
3892,0.175
3893,0.155
3894,0.771
3895,0.029
3896,0.569
3897,0.135
3898,0.289
3899,0.755
3900,0.358
3901,0.598
3902,0.664
3903,0.372
3904,0.443
3905,0.595
3906,0.607
3907,0.089
3908,0.03
3909,0.447
3910,0.09
3911,0.172
3912,0.216
3913,0.321
3914,0.939
3915,0.224
3916,0.606
3917,0.544
3918,0.668
3919,0.437
3920,0.124
3921,0.913
3922,0.568
3923,0.738
3924,0.878
3925,0.72
3926,0.288
3927,0.506
3928,1.0
3929,0.172
3930,0.25
3931,0.689
3932,0.099
3933,0.8
3934,0.564
3935,0.911
3936,0.839
3937,0.562
3938,0.119
3939,0.573
3940,0.108
3941,0.394
3942,0.724
3943,0.589
3944,0.294
3945,0.354
3946,0.405
3947,0.723
3948,0.154
3949,0.884
3950,0.575
3951,0.175
3952,0.51
3953,0.716
3954,0.555
3955,0.348
3956,0.442
3957,0.323
3958,0.087
3959,0.328
3960,0.41
3961,0.412
3962,0.41
3963,0.303
3964,0.059
3965,0.479
3966,0.342
3967,0.91
3968,0.988
3969,0.031
3970,0.875
3971,0.921
3972,0.535
3973,0.217
3974,0.872
3975,0.693
3976,0.529
3977,0.647
3978,0.319
3979,0.123
3980,0.757
3981,0.256
3982,0.219
3983,0.864
3984,0.841
3985,0.89
3986,0.794
3987,0.219
3988,0.252
3989,0.065
3990,0.801
3991,0.323
3992,0.489
3993,0.15
3994,0.271
3995,0.08
3996,0.543
3997,0.182
3998,0.556
3999,0.815
4000,0.097
4001,0.856
4002,0.81
4003,0.918
4004,0.283
4005,0.951
4006,0.978
4007,0.061
4008,0.748
4009,0.705
4010,0.378
4011,0.673
4012,0.618
4013,0.457
4014,0.067
4015,0.573
4016,0.783
4017,0.781
4018,0.882
4019,0.486
4020,0.881
4021,0.349
4022,0.034
4023,0.42
4024,0.901
4025,0.971
4026,0.754
4027,0.771
4028,0.558
4029,0.21
4030,0.698
4031,0.802
4032,0.094
4033,0.916
4034,0.143
4035,0.719
4036,0.489
4037,0.404
4038,0.198
4039,0.205
4040,0.36
4041,0.203
4042,0.786
4043,0.233
4044,0.162
4045,0.065
4046,0.347
4047,0.316
4048,0.066
4049,0.837
4050,0.668
4051,0.755
4052,0.156
4053,0.218
4054,0.044
4055,0.84
4056,0.472
4057,0.342
4058,0.103
4059,0.796
4060,0.209
4061,0.421
4062,0.806
4063,0.102
4064,0.683
4065,0.637
4066,0.912
4067,0.444
4068,0.58
4069,0.544
4070,0.387
4071,0.826
4072,0.059
4073,0.316
4074,0.389
4075,0.101
4076,0.215
4077,0.32
4078,0.843
4079,0.773
4080,0.843
4081,0.451
4082,0.333
4083,0.966
4084,0.375
4085,0.688
4086,0.687
4087,0.504
4088,0.416
4089,0.161
4090,0.798
4091,0.384
4092,0.134
4093,0.306
4094,0.729
4095,0.282
4096,0.639
4097,0.472
4098,0.161
4099,0.212
4100,0.265
4101,0.688
4102,0.833
4103,0.422
4104,0.266
4105,0.477
4106,0.855
4107,0.598
4108,0.271
4109,0.881
4110,0.998
4111,0.79
4112,0.643
4113,0.593
4114,0.244
4115,0.222
4116,0.719
4117,0.592
4118,0.897
4119,0.754
4120,0.22
4121,0.843
4122,0.069
4123,0.305
4124,0.903
4125,0.289
4126,0.701
4127,0.757
4128,0.422
4129,0.344
4130,0.145
4131,0.042
4132,0.333
4133,0.52
4134,0.228
4135,0.472
4136,0.925
4137,0.236
4138,0.406
4139,0.114
4140,0.958
4141,0.266
4142,0.655
4143,0.724
4144,0.991
4145,0.857
4146,0.963
4147,0.801
4148,0.907
4149,0.39
4150,0.892
4151,0.343
4152,0.266
4153,0.349
4154,0.987
4155,0.796
4156,0.287
4157,0.77
4158,0.18
4159,0.974
4160,0.809
4161,0.145
4162,0.893
4163,0.778
4164,0.132
4165,0.164
4166,0.99
4167,0.36
4168,0.515
4169,0.724
4170,0.989
4171,0.14
4172,0.543
4173,0.069
4174,0.677
4175,0.64
4176,0.139
4177,0.333
4178,0.568
4179,0.888
4180,0.587
4181,0.133
4182,0.782
4183,0.106
4184,0.231
4185,0.634
4186,0.893
4187,0.278
4188,0.871
4189,0.347
4190,0.274
4191,0.13
4192,0.709
4193,0.825
4194,0.26
4195,0.53
4196,0.297
4197,0.194
4198,0.159
4199,0.269
4200,0.979
4201,0.468
4202,0.112
4203,0.762
4204,0.237
4205,0.401
4206,0.929
4207,0.826
4208,0.853
4209,0.599
4210,0.321
4211,0.891
4212,0.196
4213,0.815
4214,0.535
4215,0.455
4216,0.866
4217,0.539
4218,0.544
4219,0.5
4220,0.214
4221,0.611
4222,0.017
4223,0.299
4224,0.82
4225,0.205
4226,0.939
4227,0.383
4228,0.747
4229,0.242
4230,0.903
4231,0.752
4232,0.84
4233,0.934
4234,0.429
4235,0.382
4236,0.293
4237,0.164
4238,0.279
4239,0.961
4240,0.044
4241,0.948
4242,0.916
4243,0.283
4244,0.283
4245,0.751
4246,0.209
4247,0.086
4248,0.131
4249,0.355
4250,0.72
4251,0.263
4252,0.512
4253,0.964
4254,0.057
4255,0.18
4256,0.987
4257,0.267
4258,0.094
4259,0.48
4260,0.772
4261,0.636
4262,0.384
4263,0.773
4264,0.632
4265,0.12
4266,0.411
4267,0.566
4268,0.383
4269,0.328
4270,0.505
4271,0.316
4272,0.53
4273,0.694
4274,0.408
4275,0.347
4276,0.608
4277,0.988
4278,0.377
4279,0.786
4280,0.918
4281,0.182
4282,0.602
4283,0.797
4284,0.286
4285,0.667
4286,0.502
4287,0.685
4288,0.881
4289,0.005
4290,0.83
4291,0.636
4292,0.998
4293,0.409
4294,0.682
4295,0.648
4296,0.108
4297,0.47
4298,0.406
4299,0.281
4300,0.894
4301,0.939
4302,0.715
4303,0.811
4304,0.453
4305,0.605
4306,0.329
4307,0.527
4308,0.084
4309,0.806
4310,0.813
4311,0.354
4312,0.417
4313,0.374
4314,0.673
4315,0.636
4316,0.032
4317,0.531
4318,0.484
4319,0.666
4320,0.558
4321,0.871
4322,0.488
4323,0.296
4324,0.846
4325,0.847
4326,0.394
4327,0.885
4328,0.56
4329,0.035
4330,0.617
4331,0.259
4332,0.218
4333,0.795
4334,0.261
4335,0.88
4336,0.936
4337,0.177
4338,0.873
4339,0.682
4340,0.006
4341,0.299
4342,0.866
4343,0.124
4344,0.109
4345,0.026
4346,0.512
4347,0.239
4348,0.703
4349,0.891
4350,0.138
4351,0.608
4352,0.966
4353,0.096
4354,0.278
4355,0.193
4356,0.875
4357,0.833
4358,0.399
4359,0.419
4360,0.757
4361,0.433
4362,0.349
4363,0.764
4364,0.699
4365,0.762
4366,0.346
4367,0.189
4368,0.53
4369,0.231
4370,0.021
4371,0.937
4372,0.063
4373,0.085
4374,0.688
4375,0.571
4376,0.581
4377,0.506
4378,0.149
4379,0.141
4380,0.433
4381,0.45
4382,0.041
4383,0.099
4384,0.019
4385,0.075
4386,0.875
4387,0.362
4388,0.958
4389,0.245
4390,0.148
4391,0.751
4392,0.535
4393,0.396
4394,0.8
4395,0.689
4396,0.4
4397,0.735
4398,0.919
4399,0.497
4400,0.566
4401,0.686
4402,0.904
4403,0.818
4404,0.538
4405,0.848
4406,0.183
4407,0.086
4408,0.542
4409,0.719
4410,0.129
4411,0.442
4412,0.14
4413,0.172
4414,0.579
4415,0.681
4416,0.601
4417,0.478
4418,0.21
4419,0.828
4420,0.073
4421,0.045
4422,0.599
4423,0.548
4424,0.167
4425,0.205
4426,0.636
4427,0.013
4428,0.182
4429,0.391
4430,0.244
4431,0.576
4432,0.832
4433,0.668
4434,0.045
4435,0.724
4436,0.775
4437,0.095
4438,0.978
4439,0.908
4440,0.265
4441,0.702
4442,0.628
4443,0.007
4444,0.389
4445,0.7
4446,0.393
4447,0.4
4448,0.086
4449,0.681
4450,0.24
4451,0.492
4452,0.019
4453,0.687
4454,0.852
4455,0.823
4456,0.73
4457,0.939
4458,0.035
4459,0.209
4460,0.159
4461,0.572
4462,0.32
4463,0.209
4464,0.362
4465,0.832
4466,0.283
4467,0.263
4468,0.076
4469,0.969
4470,0.063
4471,0.101
4472,0.822
4473,0.389
4474,0.776
4475,0.251
4476,0.37
4477,0.61
4478,0.75
4479,0.726
4480,0.462
4481,0.112
4482,0.196
4483,0.108
4484,0.886
4485,0.081
4486,0.775
4487,0.656
4488,0.033
4489,0.508
4490,0.721
4491,0.073
4492,0.074
4493,0.294
4494,0.58
4495,0.496
4496,0.41
4497,0.29
4498,0.379
4499,0.503
4500,0.291
4501,0.566
4502,0.303
4503,0.655
4504,0.598
4505,0.146
4506,0.383
4507,0.665
4508,0.165
4509,0.538
4510,0.717
4511,0.368
4512,0.94
4513,0.492
4514,0.616
4515,0.534
4516,0.041
4517,0.879
4518,0.283
4519,0.177
4520,0.377
4521,0.764
4522,0.31
4523,0.901
4524,0.977
4525,0.238
4526,0.382
4527,0.889
4528,0.924
4529,0.762
4530,0.128
4531,0.419
4532,0.686
4533,0.229
4534,0.679
4535,0.475
4536,0.43
4537,0.361
4538,0.38
4539,0.132
4540,0.695
4541,0.298
4542,0.167
4543,0.486
4544,0.19
4545,0.972
4546,0.178
4547,0.156
4548,0.919
4549,0.99
4550,0.002
4551,0.042
4552,0.95
4553,0.275
4554,0.075
4555,0.388
4556,0.246
4557,0.008
4558,0.152
4559,0.81
4560,0.136
4561,0.884
4562,0.324
4563,0.179
4564,0.741
4565,0.634
4566,0.233
4567,0.381
4568,0.386
4569,0.267
4570,0.044
4571,0.519
4572,0.298
4573,0.079
4574,0.087
4575,0.021
4576,0.633
4577,0.029
4578,0.848
4579,0.635
4580,0.25
4581,0.386
4582,0.267
4583,0.504
4584,0.13
4585,0.896
4586,0.943
4587,0.436
4588,0.826
4589,0.641
4590,0.217
4591,0.173
4592,0.195
4593,0.065
4594,0.016
4595,0.872
4596,0.349
4597,0.282
4598,0.269
4599,0.537
4600,0.289
4601,0.691
4602,0.021
4603,0.848
4604,0.935
4605,0.69
4606,0.613
4607,0.713
4608,0.064
4609,0.847
4610,0.947
4611,0.349
4612,0.912
4613,0.995
4614,0.805
4615,0.814
4616,0.936
4617,0.613
4618,0.819
4619,0.587
4620,0.568
4621,0.436
4622,0.177
4623,0.515
4624,0.677
4625,0.847
4626,0.923
4627,0.728
4628,0.792
4629,0.748
4630,0.666
4631,0.044
4632,0.754
4633,0.762
4634,0.88
4635,0.41
4636,0.468
4637,0.736
4638,0.993
4639,0.739
4640,0.368
4641,0.622
4642,0.989
4643,0.721
4644,0.11
4645,0.109
4646,0.636
4647,0.303
4648,0.158
4649,0.249
4650,0.187
4651,0.511
4652,0.153
4653,0.714
4654,0.21
4655,0.493
4656,0.17
4657,0.442
4658,0.407
4659,0.567
4660,0.348
4661,0.437
4662,0.419
4663,0.508
4664,0.067
4665,0.973
4666,0.957
4667,0.247
4668,0.252
4669,0.655
4670,0.08
4671,0.695
4672,0.858
4673,0.678
4674,0.509
4675,0.956
4676,0.008
4677,0.782
4678,0.905
4679,0.548
4680,0.39
4681,0.787
4682,0.094
4683,0.137
4684,0.797
4685,0.511
4686,0.354
4687,0.617
4688,0.617
4689,0.496
4690,0.023
4691,0.517
4692,0.978
4693,0.991
4694,0.307
4695,0.03
4696,0.641
4697,0.223
4698,0.716
4699,0.244
4700,0.123
4701,0.73
4702,0.157
4703,0.906
4704,0.143
4705,0.601
4706,0.602
4707,0.54
4708,0.085
4709,0.706
4710,0.448
4711,0.192
4712,0.96
4713,0.419
4714,0.579
4715,0.676
4716,0.74
4717,0.026
4718,0.776
4719,0.687
4720,0.97
4721,0.464
4722,0.004
4723,0.817
4724,0.665
4725,0.63
4726,0.104
4727,0.835
4728,0.143
4729,0.21
4730,0.075
4731,0.038
4732,0.1
4733,0.925
4734,0.829
4735,0.318
4736,0.613
4737,0.677
4738,0.936
4739,0.559
4740,0.354
4741,0.329
4742,0.32
4743,0.912
4744,0.9
4745,0.874
4746,0.54
4747,0.77
4748,0.996
4749,0.282
4750,0.14
4751,0.274
4752,0.622
4753,0.194
4754,0.544
4755,0.816
4756,0.114
4757,0.97
4758,0.47
4759,0.631
4760,0.203
4761,0.513
4762,0.182
4763,0.235
4764,0.905
4765,0.66
4766,0.806
4767,0.274
4768,0.472
4769,0.686
4770,0.007
4771,0.252
4772,0.037
4773,0.076
4774,0.986
4775,0.497
4776,0.452
4777,0.749
4778,0.111
4779,0.971
4780,0.076
4781,0.4
4782,0.252
4783,0.994
4784,0.426
4785,0.764
4786,0.717
4787,0.879
4788,0.715
4789,0.14
4790,0.098
4791,0.365
4792,0.208
4793,0.12
4794,0.743
4795,0.261
4796,0.908
4797,0.125
4798,0.495
4799,0.587
4800,0.607
4801,0.953
4802,0.376
4803,0.914
4804,0.786
4805,0.178
4806,0.356
4807,0.336
4808,0.588
4809,0.335
4810,0.016
4811,0.183
4812,0.763
4813,0.111
4814,0.214
4815,0.717
4816,0.666
4817,0.607
4818,0.934
4819,0.78
4820,0.25
4821,0.902
4822,0.588
4823,0.281
4824,0.428
4825,0.89
4826,0.459
4827,0.154
4828,0.047
4829,0.553
4830,0.448
4831,0.83
4832,0.691
4833,0.774
4834,0.52
4835,0.167
4836,0.252
4837,0.953
4838,0.777
4839,0.594
4840,0.056
4841,0.838
4842,0.034
4843,0.723
4844,0.171
4845,0.875
4846,0.11
4847,0.085
4848,0.54
4849,0.603
4850,0.726
4851,0.114
4852,0.002
4853,0.099
4854,0.981
4855,0.687
4856,0.759
4857,0.178
4858,0.686
4859,0.66
4860,0.018
4861,0.852
4862,0.375
4863,0.049
4864,0.962
4865,0.138
4866,0.471
4867,0.726
4868,0.911
4869,0.715
4870,0.599
4871,0.624
4872,0.082
4873,0.522
4874,0.04
4875,0.375
4876,0.663
4877,0.009
4878,0.15
4879,0.863
4880,0.12
4881,0.468
4882,0.313
4883,0.41
4884,0.963
4885,0.526
4886,0.528
4887,0.623
4888,0.823
4889,0.241
4890,0.32
4891,0.414
4892,0.597
4893,0.038
4894,0.463
4895,0.213
4896,0.538
4897,0.073
4898,0.795
4899,0.893
4900,0.886
4901,0.202
4902,0.216
4903,0.813
4904,0.07
4905,0.027
4906,0.971
4907,0.235
4908,0.482
4909,0.425
4910,0.586
4911,0.983
4912,0.072
4913,0.657
4914,0.172
4915,0.801
4916,0.584
4917,0.358
4918,0.246
4919,0.934
4920,0.965
4921,0.313
4922,0.655
4923,0.828
4924,0.848
4925,0.592
4926,0.073
4927,0.523
4928,0.112
4929,0.114
4930,0.186
4931,0.684
4932,0.694
4933,0.796
4934,0.592
4935,0.626
4936,0.989
4937,0.756
4938,0.543
4939,0.92
4940,0.315
4941,0.651
4942,0.378
4943,0.32
4944,0.729
4945,0.266
4946,0.628
4947,0.237
4948,0.432
4949,0.783
4950,0.361
4951,0.741
4952,0.352
4953,0.823
4954,0.585
4955,0.387
4956,0.017
4957,0.373
4958,0.601
4959,0.1
4960,0.94
4961,0.824
4962,0.17
4963,0.545
4964,0.488
4965,0.769
4966,0.623
4967,0.136
4968,0.912
4969,0.901
4970,0.069
4971,0.937
4972,0.518
4973,0.593
4974,0.149
4975,0.147
4976,0.145
4977,0.515
4978,0.858
4979,0.703
4980,0.208
4981,0.01
4982,0.622
4983,0.66
4984,0.619
4985,0.491
4986,0.461
4987,0.387
4988,0.441
4989,0.417
4990,0.293
4991,0.149
4992,0.8
4993,0.388
4994,0.938
4995,0.738
4996,0.052
4997,0.165
4998,0.183
4999,0.527
5000,0.686
5001,0.566
5002,0.541
5003,0.851
5004,0.632
5005,0.151
5006,0.855
5007,0.702
5008,0.62
5009,0.368
5010,0.008
5011,0.437
5012,0.134
5013,0.711
5014,0.405
5015,0.125
5016,0.231
5017,0.462
5018,0.778
5019,0.563
5020,0.691
5021,0.265
5022,0.572
5023,0.33
5024,0.229
5025,0.407
5026,0.503
5027,0.933
5028,0.47
5029,0.755
5030,0.005
5031,0.677
5032,0.962
5033,0.492
5034,0.034
5035,0.846
5036,0.216
5037,0.801
5038,0.955
5039,0.454
5040,0.81
5041,0.551
5042,0.378
5043,0.97
5044,0.81
5045,0.116
5046,0.923
5047,0.843
5048,0.221
5049,0.326
5050,0.521
5051,0.032
5052,0.479
5053,0.928
5054,0.591
5055,0.339
5056,0.479
5057,0.436
5058,0.994
5059,0.67
5060,0.47
5061,0.614
5062,0.567
5063,0.428
5064,0.606
5065,0.63
5066,0.952
5067,0.81
5068,0.268
5069,0.177
5070,0.673
5071,0.109
5072,0.292
5073,0.479
5074,0.425
5075,0.776
5076,0.192
5077,0.718
5078,0.225
5079,0.887
5080,0.196
5081,0.833
5082,0.704
5083,0.345
5084,0.64
5085,0.089
5086,0.802
5087,0.242
5088,0.026
5089,0.952
5090,0.208
5091,0.413
5092,0.107
5093,0.388
5094,0.987
5095,0.193
5096,0.362
5097,0.978
5098,0.016
5099,0.822
5100,0.992
5101,0.023
5102,0.359
5103,0.393
5104,0.508
5105,0.169
5106,0.124
5107,0.205
5108,0.522
5109,0.244
5110,0.298
5111,0.412
5112,0.819
5113,0.686
5114,0.421
5115,0.499
5116,0.651
5117,0.411
5118,0.277
5119,0.274
5120,0.663
5121,0.995
5122,0.033
5123,0.777
5124,0.79
5125,0.553
5126,0.064
5127,0.751
5128,0.156
5129,0.132
5130,0.478
5131,0.516
5132,0.188
5133,0.789
5134,0.566
5135,0.913
5136,0.999
5137,0.133
5138,0.84
5139,0.69
5140,0.72
5141,0.911
5142,0.754
5143,0.962
5144,0.72
5145,0.615
5146,0.62
5147,0.46
5148,0.108
5149,0.091
5150,0.819
5151,0.621
5152,0.791
5153,0.165
5154,0.988
5155,0.309
5156,0.563
5157,0.058
5158,0.894
5159,0.653
5160,0.047
5161,0.662
5162,0.291
5163,0.98
5164,0.004
5165,0.457
5166,0.84
5167,0.45
5168,0.422
5169,0.266
5170,0.756
5171,0.785
5172,0.513
5173,0.562
5174,0.837
5175,0.781
5176,0.661
5177,0.868
5178,0.257
5179,0.794
5180,0.946
5181,0.178
5182,0.487
5183,0.605
5184,0.521
5185,0.776
5186,0.769
5187,0.323
5188,0.847
5189,0.354
5190,0.297
5191,0.621
5192,0.139
5193,0.148
5194,0.869
5195,0.439
5196,0.381
5197,0.119
5198,0.503
5199,0.801
5200,0.975
5201,0.533
5202,0.997
5203,0.116
5204,0.99
5205,0.323
5206,0.056
5207,0.972
5208,0.872
5209,0.859
5210,0.671
5211,0.797
5212,0.473
5213,0.36
5214,0.172
5215,0.056
5216,0.681
5217,0.78
5218,0.031
5219,0.055
5220,0.779
5221,0.195
5222,0.772
5223,0.101
5224,0.999
5225,0.499
5226,0.346
5227,0.426
5228,0.944
5229,0.168
5230,0.41
5231,0.611
5232,0.735
5233,0.638
5234,0.188
5235,0.962
5236,0.293
5237,0.983
5238,0.21
5239,0.207
5240,0.365
5241,0.277
5242,0.001
5243,0.258
5244,0.608
5245,0.817
5246,0.803
5247,0.06
5248,0.768
5249,0.581
5250,0.118
5251,0.986
5252,0.168
5253,0.762
5254,0.944
5255,0.101
5256,0.68
5257,0.893
5258,0.894
5259,0.204
5260,0.825
5261,0.438
5262,0.996
5263,0.238
5264,0.147
5265,0.415
5266,0.013
5267,0.05
5268,0.978
5269,0.205
5270,0.72
5271,0.222
5272,0.816
5273,0.258
5274,0.973
5275,0.74
5276,0.537
5277,0.309
5278,0.01
5279,0.541
5280,0.676
5281,0.087
5282,0.711
5283,0.426
5284,0.595
5285,0.722
5286,0.532
5287,0.05
5288,0.508
5289,0.523
5290,0.705
5291,0.678
5292,0.264
5293,0.957
5294,0.618
5295,0.816
5296,0.179
5297,0.653
5298,0.814
5299,0.337
5300,0.895
5301,0.848
5302,0.036
5303,0.826
5304,0.861
5305,0.618
5306,0.203
5307,0.008
5308,0.833
5309,0.118
5310,0.911
5311,0.226
5312,0.589
5313,0.158
5314,0.635
5315,0.301
5316,0.867
5317,0.97
5318,0.257
5319,0.855
5320,0.387
5321,0.488
5322,0.573
5323,0.057
5324,0.402
5325,0.212
5326,0.909
5327,0.435
5328,0.815
5329,0.883
5330,0.634
5331,0.624
5332,0.526
5333,0.519
5334,0.585
5335,0.563
5336,0.63
5337,0.003
5338,0.524
5339,0.517
5340,0.721
5341,0.238
5342,0.835
5343,0.683
5344,0.292
5345,0.337
5346,0.968
5347,0.908
5348,0.5
5349,0.953
5350,0.373
5351,0.291
5352,0.044
5353,0.577
5354,0.947
5355,0.194
5356,0.78
5357,0.161
5358,0.265
5359,0.806
5360,0.483
5361,0.306
5362,0.137
5363,0.488
5364,0.254
5365,0.913
5366,0.461
5367,0.912
5368,0.488
5369,0.275
5370,0.257
5371,0.675
5372,0.214
5373,0.595
5374,0.057
5375,0.759
5376,0.303
5377,0.369
5378,0.313
5379,0.55
5380,0.15
5381,0.026
5382,0.794
5383,0.443
5384,0.198
5385,0.555
5386,0.693
5387,0.109
5388,0.9
5389,0.575
5390,0.616
5391,0.388
5392,0.626
5393,0.737
5394,0.028
5395,0.001
5396,0.028
5397,0.137
5398,0.521
5399,0.745
5400,0.349
5401,0.941
5402,0.253
5403,0.678
5404,0.692
5405,0.999
5406,0.717
5407,0.748
5408,0.05
5409,0.382
5410,0.775
5411,0.444
5412,0.849
5413,0.115
5414,0.888
5415,0.385
5416,0.162
5417,0.246
5418,0.534
5419,0.158
5420,0.899
5421,0.898
5422,0.605
5423,0.2
5424,0.892
5425,0.475
5426,0.23
5427,0.101
5428,0.485
5429,0.356
5430,0.747
5431,0.496
5432,0.497
5433,0.212
5434,0.391
5435,0.742
5436,0.119
5437,0.988
5438,0.869
5439,0.057
5440,0.351
5441,0.48
5442,0.696
5443,0.657
5444,0.084
5445,0.665
5446,0.212
5447,0.598
5448,0.474
5449,0.131
5450,0.378
5451,0.374
5452,0.318
5453,0.672
5454,0.367
5455,0.674
5456,0.969
5457,0.344
5458,0.448
5459,0.588
5460,0.229
5461,0.193
5462,0.498
5463,0.224
5464,0.013
5465,0.035
5466,0.065
5467,0.56
5468,0.979
5469,0.758
5470,0.23
5471,0.465
5472,0.884
5473,0.842
5474,0.23
5475,0.497
5476,0.869
5477,0.073
5478,0.017
5479,0.015
5480,0.778
5481,0.216
5482,0.25
5483,0.975
5484,0.025
5485,0.386
5486,0.926
5487,0.27
5488,0.641
5489,0.393
5490,0.13
5491,0.096
5492,0.523
5493,0.543
5494,0.004
5495,0.65
5496,0.505
5497,0.404
5498,0.921
5499,0.3
5500,0.76
5501,0.089
5502,0.006
5503,0.575
5504,0.657
5505,0.13
5506,0.26
5507,0.345
5508,0.04
5509,0.326
5510,0.281
5511,0.198
5512,0.156
5513,0.045
5514,0.094
5515,0.968
5516,0.701
5517,0.797
5518,0.849
5519,0.992
5520,0.851
5521,0.672
5522,0.55
5523,0.846
5524,0.964
5525,0.252
5526,0.44
5527,0.89
5528,0.064
5529,0.054
5530,0.09
5531,0.567
5532,0.652
5533,0.23
5534,0.056
5535,0.354
5536,0.44
5537,0.013
5538,0.712
5539,0.398
5540,0.258
5541,0.242
5542,0.608
5543,0.887
5544,0.375
5545,0.588
5546,0.555
5547,0.823
5548,0.028
5549,0.846
5550,0.565
5551,0.939
5552,0.847
5553,0.223
5554,0.851
5555,0.201
5556,0.53
5557,0.394
5558,0.621
5559,0.959
5560,0.04
5561,0.409
5562,0.597
5563,0.939
5564,0.942
5565,0.038
5566,0.601
5567,0.247
5568,0.001
5569,0.691
5570,0.008
5571,0.661
5572,0.715
5573,0.161
5574,0.851
5575,0.7
5576,0.131
5577,0.823
5578,0.47
5579,0.548
5580,0.995
5581,0.574
5582,0.587
5583,0.439
5584,0.829
5585,0.218
5586,0.855
5587,0.912
5588,0.891
5589,0.697
5590,0.705
5591,0.909
5592,0.061
5593,0.276
5594,0.254
5595,0.755
5596,0.125
5597,0.437
5598,0.805
5599,0.919
5600,0.386
5601,0.154
5602,0.564
5603,0.94
5604,0.028
5605,0.031
5606,0.609
5607,0.779
5608,0.366
5609,0.145
5610,0.839
5611,0.949
5612,0.098
5613,0.067
5614,0.013
5615,0.957
5616,0.055
5617,0.788
5618,0.815
5619,0.652
5620,0.376
5621,0.039
5622,0.707
5623,0.035
5624,0.592
5625,0.263
5626,0.406
5627,0.074
5628,0.823
5629,0.345
5630,0.157
5631,0.584
5632,0.023
5633,0.935
5634,0.508
5635,0.002
5636,0.417
5637,0.235
5638,0.024
5639,0.024
5640,0.906
5641,0.766
5642,0.953
5643,0.279
5644,0.352
5645,0.81
5646,0.748
5647,0.973
5648,0.672
5649,0.28
5650,0.744
5651,0.369
5652,0.679
5653,0.744
5654,0.273
5655,0.304
5656,0.63
5657,0.92
5658,0.812
5659,0.342
5660,0.048
5661,0.625
5662,0.619
5663,0.988
5664,0.869
5665,0.711
5666,0.131
5667,0.197
5668,0.186
5669,0.385
5670,0.803
5671,0.395
5672,0.733
5673,0.501
5674,0.078
5675,0.273
5676,0.848
5677,0.111
5678,0.451
5679,0.625
5680,0.397
5681,0.592
5682,0.26
5683,0.697
5684,0.908
5685,0.899
5686,0.814
5687,0.195
5688,0.413
5689,0.477
5690,0.43
5691,0.392
5692,0.623
5693,0.937
5694,0.493
5695,0.764
5696,0.803
5697,0.211
5698,0.58
5699,0.532
5700,0.453
5701,0.219
5702,0.687
5703,0.572
5704,0.261
5705,0.857
5706,0.539
5707,0.341
5708,0.028
5709,0.383
5710,0.281
5711,0.068
5712,0.002
5713,0.724
5714,0.174
5715,0.588
5716,0.171
5717,0.196
5718,0.404
5719,0.623
5720,0.865
5721,0.212
5722,0.134
5723,0.832
5724,0.587
5725,0.775
5726,0.084
5727,0.831
5728,0.378
5729,0.126
5730,0.736
5731,0.259
5732,0.104
5733,0.828
5734,0.311
5735,0.137
5736,0.356
5737,0.676
5738,0.51
5739,0.951
5740,0.39
5741,0.302
5742,0.667
5743,0.049
5744,0.061
5745,0.453
5746,0.202
5747,0.089
5748,0.069
5749,0.098
5750,0.892
5751,0.545
5752,0.064
5753,0.338
5754,0.614
5755,0.914
5756,0.882
5757,0.934
5758,0.338
5759,0.629
5760,0.448
5761,0.082
5762,0.993
5763,0.202
5764,0.199
5765,0.806
5766,0.537
5767,0.45
5768,0.59
5769,0.106
5770,0.164
5771,0.959
5772,0.084
5773,0.423
5774,0.532
5775,0.875
5776,0.085
5777,0.875
5778,0.7
5779,0.159
5780,0.306
5781,0.547
5782,0.234
5783,0.113
5784,0.475
5785,0.143
5786,0.624
5787,0.317
5788,0.556
5789,0.266
5790,0.359
5791,0.034
5792,0.422
5793,0.161
5794,0.502
5795,0.461
5796,0.738
5797,0.472
5798,0.575
5799,0.18
5800,0.024
5801,1.0
5802,0.814
5803,0.727
5804,0.315
5805,0.693
5806,0.77
5807,0.122
5808,0.722
5809,0.745
5810,0.877
5811,0.526
5812,0.027
5813,0.512
5814,0.603
5815,0.747
5816,0.121
5817,0.218
5818,0.629
5819,0.508
5820,0.32
5821,0.611
5822,0.117
5823,0.368
5824,0.95
5825,0.145
5826,0.558
5827,0.299
5828,0.216
5829,0.678
5830,0.428
5831,0.904
5832,0.25
5833,0.194
5834,0.765
5835,0.193
5836,0.092
5837,0.3
5838,0.819
5839,0.678
5840,0.561
5841,0.266
5842,0.064
5843,0.127
5844,0.93
5845,0.289
5846,0.08
5847,0.991
5848,0.726
5849,0.856
5850,0.276
5851,0.958
5852,0.799
5853,0.579
5854,0.081
5855,0.767
5856,0.828
5857,0.102
5858,0.086
5859,0.967
5860,0.29
5861,0.357
5862,0.087
5863,0.482
5864,0.741
5865,0.746
5866,0.739
5867,0.355
5868,0.657
5869,0.834
5870,0.242
5871,0.92
5872,0.694
5873,0.303
5874,0.918
5875,0.54
5876,0.556
5877,0.049
5878,0.361
5879,0.777
5880,0.94
5881,0.511
5882,0.124
5883,0.697
5884,0.983
5885,0.716
5886,0.827
5887,0.972
5888,0.815
5889,0.155
5890,0.885
5891,0.252
5892,0.207
5893,0.734
5894,0.963
5895,0.741
5896,0.512
5897,0.93
5898,0.902
5899,0.028
5900,0.175
5901,0.298
5902,0.56
5903,0.62
5904,0.165
5905,0.267
5906,0.25
5907,0.353
5908,0.361
5909,0.021
5910,1.0
5911,0.026
5912,0.726
5913,0.554
5914,0.668
5915,0.28
5916,0.865
5917,0.416
5918,0.433
5919,0.79
5920,0.232
5921,0.163
5922,0.735
5923,0.102
5924,0.297
5925,0.802
5926,0.805
5927,0.362
5928,0.052
5929,0.754
5930,0.065
5931,0.229
5932,0.301
5933,0.398
5934,0.215
5935,0.285
5936,0.577
5937,0.97
5938,0.764
5939,0.418
5940,0.547
5941,0.576
5942,0.009
5943,0.087
5944,0.548
5945,0.231
5946,0.291
5947,0.068
5948,0.592
5949,0.811
5950,0.397
5951,0.624
5952,0.249
5953,0.38
5954,0.242
5955,0.775
5956,0.848
5957,0.947
5958,0.948
5959,0.626
5960,0.258
5961,0.093
5962,0.979
5963,0.284
5964,0.069
5965,0.449
5966,0.583
5967,0.059
5968,0.946
5969,0.708
5970,0.412
5971,0.471
5972,0.632
5973,0.867
5974,0.636
5975,0.836
5976,0.409
5977,0.636
5978,0.403
5979,0.937
5980,0.323
5981,0.305
5982,0.136
5983,0.403
5984,0.967
5985,0.247
5986,0.888
5987,0.227
5988,0.814
5989,0.604
5990,0.706
5991,0.53
5992,0.339
5993,0.659
5994,0.452
5995,0.048
5996,0.001
5997,0.022
5998,0.777
5999,0.018
6000,0.248
6001,0.237
6002,0.246
6003,0.786
6004,0.203
6005,0.33
6006,0.096
6007,0.392
6008,0.343
6009,0.743
6010,0.139
6011,0.948
6012,0.117
6013,0.162
6014,0.231
6015,0.648
6016,0.986
6017,0.863
6018,0.913
6019,0.224
6020,0.868
6021,0.361
6022,0.704
6023,0.822
6024,0.419
6025,0.808
6026,0.655
6027,0.728
6028,0.843
6029,0.131
6030,0.266
6031,0.281
6032,0.553
6033,0.025
6034,0.713
6035,0.475
6036,0.622
6037,0.993
6038,0.303
6039,0.915
6040,0.197
6041,0.352
6042,0.355
6043,0.838
6044,0.289
6045,0.989
6046,0.789
6047,0.228
6048,0.874
6049,0.148
6050,0.795
6051,0.425
6052,0.366
6053,0.056
6054,0.17
6055,0.823
6056,0.031
6057,0.69
6058,0.172
6059,0.423
6060,0.333
6061,0.234
6062,0.694
6063,0.519
6064,0.725
6065,0.316
6066,0.544
6067,0.968
6068,0.935
6069,0.855
6070,0.15
6071,0.325
6072,0.753
6073,0.828
6074,0.857
6075,0.122
6076,0.9
6077,0.628
6078,0.132
6079,0.2
6080,0.649
6081,0.356
6082,0.936
6083,0.623
6084,0.245
6085,0.852
6086,0.991
6087,0.988
6088,0.587
6089,0.278
6090,0.92
6091,0.962
6092,0.287
6093,0.889
6094,0.43
6095,0.128
6096,0.144
6097,0.712
6098,0.698
6099,0.6
6100,0.265
6101,0.722
6102,0.09
6103,0.155
6104,0.095
6105,0.351
6106,0.507
6107,0.276
6108,0.926
6109,0.584
6110,0.857
6111,0.716
6112,0.887
6113,0.799
6114,0.871
6115,0.849
6116,0.049
6117,0.002
6118,0.241
6119,0.594
6120,0.509
6121,0.747
6122,0.924
6123,0.735
6124,0.256
6125,0.328
6126,0.316
6127,0.12
6128,0.811
6129,0.271
6130,0.797
6131,0.578
6132,0.654
6133,0.215
6134,0.274
6135,0.647
6136,0.505
6137,0.455
6138,0.216
6139,0.322
6140,0.544
6141,0.913
6142,0.951
6143,0.887
6144,0.236
6145,0.807
6146,0.304
6147,0.912
6148,0.547
6149,0.065
6150,0.771
6151,0.5
6152,0.169
6153,0.723
6154,0.078
6155,0.429
6156,0.451
6157,0.417
6158,0.001
6159,0.368
6160,0.5
6161,0.362
6162,0.328
6163,0.01
6164,0.572
6165,0.202
6166,0.622
6167,0.757
6168,0.191
6169,0.677
6170,0.554
6171,0.889
6172,0.492
6173,0.607
6174,0.988
6175,0.374
6176,0.076
6177,0.3
6178,0.734
6179,0.436
6180,0.284
6181,0.153
6182,0.272
6183,0.164
6184,0.63
6185,0.955
6186,0.5
6187,0.994
6188,0.805
6189,0.783
6190,0.155
6191,0.288
6192,0.793
6193,0.346
6194,0.818
6195,0.278
6196,0.465
6197,0.515
6198,0.277
6199,0.86
6200,0.097
6201,0.856
6202,0.671
6203,0.605
6204,0.955
6205,0.988
6206,0.601
6207,0.77
6208,0.479
6209,0.408
6210,0.786
6211,0.861
6212,0.56
6213,0.09
6214,0.619
6215,0.973
6216,0.704
6217,0.068
6218,0.117
6219,0.723
6220,0.919
6221,0.43
6222,0.57
6223,0.863
6224,0.81
6225,0.152
6226,0.907
6227,0.359
6228,0.903
6229,0.228
6230,0.126
6231,0.684
6232,0.565
6233,0.238
6234,0.693
6235,0.229
6236,0.091
6237,0.878
6238,0.169
6239,0.625
6240,0.517
6241,0.667
6242,0.904
6243,0.842
6244,0.009
6245,0.587
6246,0.977
6247,0.909
6248,0.081
6249,0.968
6250,0.224
6251,0.8
6252,0.655
6253,0.441
6254,0.378
6255,0.867
6256,0.928
6257,0.778
6258,0.784
6259,0.147
6260,0.557
6261,0.477
6262,0.463
6263,0.077
6264,0.709
6265,0.548
6266,0.791
6267,0.804
6268,0.212
6269,0.843
6270,0.416
6271,0.168
6272,0.18
6273,0.238
6274,0.895
6275,0.268
6276,0.955
6277,0.483
6278,0.056
6279,0.481
6280,0.533
6281,0.74
6282,0.194
6283,0.734
6284,0.986
6285,0.433
6286,0.481
6287,0.007
6288,0.629
6289,0.215
6290,0.368
6291,0.18
6292,1.0
6293,0.537
6294,0.965
6295,0.253
6296,0.364
6297,0.296
6298,0.826
6299,0.034
6300,0.165
6301,0.674
6302,0.345
6303,0.589
6304,0.874
6305,0.613
6306,0.412
6307,0.921
6308,0.516
6309,0.913
6310,0.071
6311,0.466
6312,0.634
6313,0.221
6314,0.774
6315,0.354
6316,0.95
6317,0.71
6318,0.234
6319,0.969
6320,0.616
6321,0.734
6322,0.947
6323,0.316
6324,0.29
6325,0.304
6326,0.772
6327,0.046
6328,0.249
6329,0.591
6330,0.035
6331,0.836
6332,0.988
6333,0.731
6334,0.878
6335,0.348
6336,0.449
6337,0.219
6338,0.257
6339,0.354
6340,0.744
6341,0.772
6342,0.894
6343,0.539
6344,0.576
6345,0.945
6346,0.775
6347,0.671
6348,0.839
6349,0.526
6350,0.811
6351,0.54
6352,0.931
6353,0.184
6354,0.084
6355,0.523
6356,0.496
6357,0.381
6358,0.843
6359,0.383
6360,0.944
6361,0.718
6362,0.726
6363,0.651
6364,0.248
6365,0.328
6366,0.852
6367,0.97
6368,0.596
6369,0.374
6370,0.789
6371,0.349
6372,0.051
6373,0.532
6374,0.41
6375,0.526
6376,0.231
6377,0.389
6378,0.318
6379,0.892
6380,0.556
6381,0.806
6382,0.246
6383,0.487
6384,0.24
6385,0.012
6386,0.157
6387,0.719
6388,0.986
6389,0.539
6390,0.18
6391,0.056
6392,0.854
6393,0.664
6394,0.377
6395,0.857
6396,0.243
6397,0.498
6398,0.322
6399,0.635
6400,0.292
6401,0.226
6402,0.747
6403,0.213
6404,0.008
6405,0.455
6406,0.231
6407,0.101
6408,0.254
6409,0.706
6410,0.788
6411,0.127
6412,0.396
6413,0.901
6414,0.927
6415,0.589
6416,0.386
6417,0.756
6418,0.729
6419,0.016
6420,0.486
6421,0.966
6422,0.478
6423,0.731
6424,0.872
6425,0.789
6426,0.69
6427,0.163
6428,0.937
6429,0.396
6430,0.927
6431,0.83
6432,0.31
6433,0.268
6434,0.569
6435,0.575
6436,0.72
6437,0.262
6438,0.046
6439,0.37
6440,0.837
6441,0.708
6442,0.67
6443,0.229
6444,0.637
6445,0.324
6446,0.678
6447,0.92
6448,0.691
6449,0.956
6450,0.589
6451,0.85
6452,0.285
6453,0.901
6454,0.486
6455,0.203
6456,0.907
6457,0.811
6458,0.487
6459,0.711
6460,0.419
6461,0.289
6462,0.541
6463,0.374
6464,0.959
6465,0.089
6466,0.397
6467,0.324
6468,0.356
6469,0.539
6470,0.047
6471,0.23
6472,0.919
6473,0.556
6474,0.534
6475,0.44
6476,0.636
6477,0.889
6478,0.48
6479,0.671
6480,0.928
6481,0.223
6482,0.177
6483,0.529
6484,0.504
6485,0.275
6486,0.516
6487,0.275
6488,0.461
6489,0.915
6490,0.193
6491,0.447
6492,0.562
6493,0.473
6494,0.351
6495,0.659
6496,0.836
6497,0.619
6498,0.388
6499,0.4
6500,0.127
6501,0.763
6502,0.736
6503,0.092
6504,0.975
6505,0.149
6506,0.849
6507,0.857
6508,0.034
6509,0.488
6510,0.663
6511,0.529
6512,0.409
6513,0.163
6514,0.635
6515,0.194
6516,0.214
6517,0.318
6518,0.169
6519,0.467
6520,0.434
6521,0.63
6522,0.369
6523,0.898
6524,0.912
6525,0.714
6526,0.788
6527,0.727
6528,0.97
6529,0.01
6530,0.706
6531,0.637
6532,0.427
6533,0.663
6534,0.473
6535,0.46
6536,0.72
6537,0.454
6538,0.432
6539,0.916
6540,0.989
6541,0.822
6542,0.824
6543,0.134
6544,0.441
6545,0.722
6546,0.789
6547,0.629
6548,0.231
6549,0.343
6550,0.203
6551,0.722
6552,0.365
6553,0.481
6554,0.995
6555,0.011
6556,0.764
6557,0.33
6558,0.414
6559,0.244
6560,0.327
6561,0.451
6562,0.93
6563,0.724
6564,0.758
6565,0.672
6566,0.428
6567,0.586
6568,0.794
6569,0.417
6570,0.117
6571,0.669
6572,0.508
6573,0.086
6574,0.428
6575,0.676
6576,0.759
6577,0.914
6578,0.544
6579,0.187
6580,0.965
6581,0.925
6582,0.691
6583,0.189
6584,0.608
6585,0.398
6586,0.809
6587,0.988
6588,0.513
6589,0.274
6590,0.318
6591,0.741
6592,0.359
6593,0.626
6594,0.516
6595,0.938
6596,0.107
6597,0.548
6598,0.956
6599,0.892
6600,0.243
6601,0.219
6602,0.336
6603,0.77
6604,0.595
6605,0.866
6606,0.168
6607,0.921
6608,0.177
6609,0.231
6610,0.751
6611,0.029
6612,0.806
6613,0.353
6614,0.782
6615,0.332
6616,0.507
6617,0.524
6618,0.776
6619,0.276
6620,0.585
6621,0.048
6622,0.454
6623,0.594
6624,0.584
6625,0.963
6626,0.417
6627,0.272
6628,0.562
6629,1.0
6630,0.994
6631,0.387
6632,0.558
6633,0.663
6634,0.399
6635,0.903
6636,0.323
6637,0.192
6638,0.623
6639,0.738
6640,0.251
6641,0.405
6642,0.561
6643,0.886
6644,0.632
6645,0.146
6646,0.238
6647,0.002
6648,0.83
6649,0.685
6650,0.192
6651,0.479
6652,0.569
6653,0.897
6654,0.669
6655,0.492
6656,0.791
6657,0.109
6658,0.888
6659,0.384
6660,0.145
6661,0.134
6662,0.806
6663,0.777
6664,0.366
6665,0.295
6666,0.464
6667,0.593
6668,0.263
6669,0.243
6670,0.251
6671,0.34
6672,0.165
6673,0.53
6674,0.005
6675,0.459
6676,0.917
6677,0.389
6678,0.916
6679,0.516
6680,0.546
6681,0.162
6682,0.533
6683,0.633
6684,0.575
6685,0.752
6686,0.645
6687,0.72
6688,0.034
6689,0.204
6690,0.341
6691,0.573
6692,0.12
6693,0.378
6694,0.316
6695,0.373
6696,0.442
6697,0.32
6698,0.17
6699,0.904
6700,0.308
6701,0.739
6702,0.227
6703,0.061
6704,0.482
6705,0.982
6706,0.245
6707,0.063
6708,0.286
6709,0.301
6710,0.532
6711,0.113
6712,0.252
6713,0.143
6714,0.486
6715,0.45
6716,0.85
6717,0.305
6718,0.051
6719,0.209
6720,0.364
6721,0.046
6722,0.251
6723,0.551
6724,0.236
6725,0.786
6726,0.144
6727,0.892
6728,0.763
6729,0.076
6730,0.987
6731,0.446
6732,0.707
6733,0.341
6734,0.855
6735,0.348
6736,0.814
6737,0.051
6738,0.654
6739,0.655
6740,0.638
6741,0.743
6742,0.498
6743,0.684
6744,0.078
6745,0.232
6746,0.826
6747,0.422
6748,0.746
6749,0.276
6750,0.525
6751,0.248
6752,0.524
6753,0.37
6754,0.934
6755,0.935
6756,0.316
6757,0.604
6758,0.641
6759,0.17
6760,0.585
6761,0.496
6762,0.599
6763,0.76
6764,0.9
6765,0.698
6766,0.773
6767,0.795
6768,0.515
6769,0.429
6770,0.148
6771,0.941
6772,0.805
6773,0.821
6774,0.652
6775,0.952
6776,0.046
6777,0.67
6778,0.688
6779,0.698
6780,0.513
6781,0.704
6782,0.318
6783,0.782
6784,0.956
6785,0.647
6786,0.323
6787,0.447
6788,0.992
6789,0.002
6790,0.86
6791,0.228
6792,0.556
6793,0.114
6794,0.328
6795,0.819
6796,0.098
6797,0.287
6798,0.573
6799,0.398
6800,0.343
6801,0.596
6802,0.111
6803,0.631
6804,0.578
6805,0.845
6806,0.01
6807,0.402
6808,0.903
6809,0.574
6810,0.502
6811,0.767
6812,0.694
6813,0.88
6814,0.933
6815,0.55
6816,0.62
6817,0.614
6818,0.984
6819,0.695
6820,0.429
6821,0.748
6822,0.868
6823,0.026
6824,0.159
6825,0.836
6826,0.397
6827,0.408
6828,0.847
6829,0.483
6830,0.93
6831,0.927
6832,0.343
6833,1.0
6834,0.467
6835,0.251
6836,0.597
6837,0.816
6838,0.17
6839,0.381
6840,0.511
6841,0.117
6842,0.41
6843,0.61
6844,0.017
6845,0.296
6846,0.697
6847,0.109
6848,0.596
6849,0.634
6850,0.784
6851,0.844
6852,0.986
6853,0.025
6854,0.853
6855,0.53
6856,0.229
6857,0.913
6858,0.638
6859,0.073
6860,0.075
6861,0.72
6862,0.351
6863,0.29
6864,0.553
6865,0.705
6866,0.929
6867,0.814
6868,0.106
6869,0.174
6870,0.08
6871,0.955
6872,0.082
6873,0.532
6874,0.778
6875,0.425
6876,0.994
6877,0.082
6878,0.908
6879,0.83
6880,0.27
6881,0.983
6882,0.787
6883,0.213
6884,0.961
6885,0.395
6886,0.284
6887,0.687
6888,0.611
6889,0.828
6890,0.74
6891,0.282
6892,0.541
6893,0.376
6894,0.575
6895,0.298
6896,0.636
6897,0.154
6898,0.769
6899,0.881
6900,0.755
6901,0.097
6902,0.922
6903,0.721
6904,0.384
6905,0.386
6906,0.032
6907,0.48
6908,0.413
6909,0.667
6910,0.479
6911,0.48
6912,0.104
6913,0.178
6914,0.015
6915,0.248
6916,0.547
6917,0.452
6918,0.204
6919,0.954
6920,0.932
6921,0.671
6922,0.789
6923,0.617
6924,0.306
6925,0.009
6926,0.552
6927,0.137
6928,0.289
6929,0.676
6930,0.577
6931,0.516
6932,0.652
6933,0.863
6934,0.779
6935,0.873
6936,0.493
6937,0.208
6938,0.525
6939,0.289
6940,0.954
6941,0.177
6942,0.94
6943,0.713
6944,0.698
6945,0.599
6946,0.62
6947,0.875
6948,0.709
6949,0.906
6950,0.504
6951,0.553
6952,0.491
6953,0.056
6954,0.126
6955,0.439
6956,0.981
6957,0.263
6958,0.598
6959,0.72
6960,0.822
6961,0.663
6962,0.166
6963,0.213
6964,0.47
6965,0.242
6966,0.281
6967,0.979
6968,0.462
6969,0.174
6970,0.12
6971,0.573
6972,0.417
6973,0.758
6974,0.719
6975,0.615
6976,0.29
6977,0.116
6978,0.434
6979,0.332
6980,0.562
6981,0.726
6982,0.108
6983,0.722
6984,0.101
6985,0.153
6986,0.918
6987,0.608
6988,0.988
6989,0.347
6990,0.169
6991,0.624
6992,0.938
6993,0.533
6994,0.22
6995,0.195
6996,0.825
6997,0.395
6998,0.832
6999,0.948
7000,0.012
7001,0.602
7002,0.848
7003,0.901
7004,0.009
7005,0.423
7006,0.753
7007,0.908
7008,0.295
7009,0.169
7010,0.553
7011,0.665
7012,0.684
7013,0.792
7014,0.003
7015,0.046
7016,0.958
7017,0.586
7018,0.414
7019,0.12
7020,0.949
7021,0.319
7022,0.334
7023,0.649
7024,0.426
7025,0.846
7026,0.994
7027,0.491
7028,0.035
7029,0.129
7030,0.781
7031,0.871
7032,0.244
7033,0.721
7034,0.764
7035,0.409
7036,0.461
7037,0.723
7038,0.569
7039,0.891
7040,0.424
7041,0.587
7042,0.56
7043,0.168
7044,0.038
7045,0.509
7046,0.039
7047,0.153
7048,0.391
7049,0.219
7050,0.749
7051,0.318
7052,0.903
7053,0.587
7054,0.72
7055,0.158
7056,0.114
7057,0.046
7058,0.002
7059,0.149
7060,0.322
7061,0.858
7062,0.571
7063,0.446
7064,0.973
7065,0.168
7066,0.138
7067,0.317
7068,0.288
7069,0.016
7070,0.358
7071,0.99
7072,0.79
7073,0.044
7074,0.881
7075,0.104
7076,0.823
7077,0.179
7078,0.08
7079,0.073
7080,0.209
7081,0.545
7082,0.595
7083,0.76
7084,0.554
7085,0.074
7086,0.523
7087,0.54
7088,0.669
7089,0.219
7090,0.152
7091,0.607
7092,0.939
7093,0.45
7094,0.072
7095,0.518
7096,0.543
7097,0.394
7098,0.433
7099,0.535
7100,0.393
7101,0.525
7102,0.659
7103,0.601
7104,0.961
7105,0.973
7106,0.921
7107,0.943
7108,0.84
7109,0.117
7110,0.464
7111,0.413
7112,0.254
7113,0.286
7114,0.836
7115,0.168
7116,0.927
7117,0.984
7118,0.428
7119,0.924
7120,0.626
7121,0.273
7122,0.899
7123,0.083
7124,0.793
7125,0.493
7126,0.754
7127,0.551
7128,0.629
7129,0.925
7130,0.536
7131,0.607
7132,0.583
7133,0.492
7134,0.517
7135,0.801
7136,0.955
7137,0.42
7138,0.651
7139,0.846
7140,0.97
7141,0.129
7142,0.591
7143,0.507
7144,0.642
7145,0.515
7146,0.996
7147,0.922
7148,0.996
7149,0.433
7150,0.616
7151,0.794
7152,0.078
7153,0.304
7154,0.021
7155,0.799
7156,0.034
7157,0.894
7158,0.15
7159,0.822
7160,0.742
7161,0.066
7162,0.643
7163,0.232
7164,0.589
7165,0.173
7166,0.489
7167,0.134
7168,0.095
7169,0.215
7170,0.705
7171,0.648
7172,0.296
7173,0.862
7174,0.931
7175,0.779
7176,0.038
7177,0.724
7178,0.676
7179,0.368
7180,0.096
7181,0.589
7182,0.361
7183,0.931
7184,0.465
7185,0.534
7186,0.257
7187,0.185
7188,0.072
7189,0.999
7190,0.38
7191,0.841
7192,0.908
7193,0.149
7194,0.2
7195,0.296
7196,0.328
7197,0.343
7198,0.442
7199,0.508
7200,0.126
7201,0.017
7202,0.935
7203,0.704
7204,0.881
7205,0.572
7206,0.084
7207,0.571
7208,0.139
7209,0.595
7210,0.361
7211,0.137
7212,0.522
7213,0.081
7214,0.901
7215,0.415
7216,0.935
7217,0.006
7218,0.113
7219,0.878
7220,0.847
7221,0.004
7222,0.021
7223,0.13
7224,0.243
7225,0.991
7226,0.753
7227,0.256
7228,0.165
7229,0.974
7230,0.077
7231,0.113
7232,0.36
7233,0.506
7234,0.463
7235,0.222
7236,0.635
7237,0.907
7238,0.114
7239,0.245
7240,0.674
7241,0.474
7242,0.818
7243,0.465
7244,0.123
7245,0.986
7246,0.026
7247,0.156
7248,0.828
7249,0.172
7250,0.865
7251,0.231
7252,0.969
7253,0.782
7254,0.506
7255,0.318
7256,0.254
7257,0.841
7258,0.428
7259,0.617
7260,0.972
7261,0.888
7262,0.831
7263,0.108
7264,0.452
7265,0.784
7266,0.434
7267,0.973
7268,0.468
7269,0.942
7270,0.722
7271,0.694
7272,0.767
7273,0.354
7274,0.346
7275,0.143
7276,0.047
7277,0.601
7278,0.951
7279,0.18
7280,0.334
7281,0.226
7282,0.02
7283,0.449
7284,0.812
7285,0.645
7286,0.768
7287,0.335
7288,0.355
7289,0.915
7290,0.487
7291,0.919
7292,0.471
7293,0.683
7294,0.134
7295,0.372
7296,0.249
7297,0.389
7298,0.534
7299,0.793
7300,0.877
7301,0.76
7302,0.924
7303,0.657
7304,0.872
7305,0.356
7306,0.243
7307,0.895
7308,0.215
7309,0.993
7310,0.29
7311,0.471
7312,0.073
7313,0.463
7314,0.973
7315,0.863
7316,0.105
7317,0.835
7318,0.306
7319,0.668
7320,0.027
7321,0.572
7322,0.545
7323,0.871
7324,0.996
7325,0.248
7326,0.726
7327,0.993
7328,0.748
7329,0.124
7330,0.386
7331,0.574
7332,0.274
7333,0.436
7334,0.456
7335,0.974
7336,0.895
7337,0.297
7338,0.42
7339,0.48
7340,0.031
7341,0.447
7342,0.466
7343,0.793
7344,0.072
7345,0.41
7346,0.306
7347,0.833
7348,0.43
7349,0.864
7350,0.564
7351,0.581
7352,0.622
7353,0.436
7354,0.869
7355,0.627
7356,0.365
7357,0.758
7358,0.313
7359,0.76
7360,0.985
7361,0.02
7362,0.19
7363,0.89
7364,0.985
7365,0.709
7366,0.284
7367,0.432
7368,0.949
7369,0.915
7370,0.934
7371,0.585
7372,0.054
7373,0.031
7374,0.042
7375,0.649
7376,0.087
7377,0.14
7378,0.541
7379,0.093
7380,0.679
7381,0.382
7382,0.576
7383,0.242
7384,0.859
7385,0.779
7386,0.715
7387,0.103
7388,0.49
7389,0.326
7390,0.818
7391,0.234
7392,0.622
7393,0.439
7394,0.257
7395,0.773
7396,0.838
7397,0.938
7398,0.675
7399,0.998
7400,0.967
7401,0.099
7402,0.013
7403,0.909
7404,0.186
7405,0.384
7406,0.528
7407,0.032
7408,0.978
7409,0.91
7410,0.614
7411,0.004
7412,0.967
7413,0.93
7414,0.184
7415,0.512
7416,0.669
7417,0.107
7418,0.614
7419,0.973
7420,0.494
7421,0.255
7422,0.327
7423,0.308
7424,0.793
7425,0.382
7426,0.711
7427,0.716
7428,0.018
7429,0.91
7430,0.546
7431,0.428
7432,0.745
7433,0.309
7434,0.059
7435,0.152
7436,0.249
7437,0.734
7438,0.321
7439,0.393
7440,0.088
7441,0.926
7442,0.571
7443,0.659
7444,0.223
7445,0.055
7446,0.917
7447,0.729
7448,0.636
7449,1.0
7450,0.107
7451,0.197
7452,0.5
7453,0.061
7454,0.443
7455,0.811
7456,0.372
7457,0.31
7458,0.114
7459,0.637
7460,0.149
7461,0.69
7462,0.804
7463,0.755
7464,0.592
7465,0.193
7466,0.8
7467,0.082
7468,0.664
7469,0.628
7470,0.513
7471,0.188
7472,0.048
7473,0.246
7474,0.488
7475,0.163
7476,0.901
7477,0.182
7478,0.329
7479,0.441
7480,0.065
7481,0.682
7482,0.256
7483,0.044
7484,0.754
7485,0.324
7486,0.861
7487,0.854
7488,0.609
7489,0.792
7490,0.466
7491,0.641
7492,0.535
7493,0.306
7494,0.943
7495,0.167
7496,0.735
7497,0.245
7498,0.329
7499,0.882
7500,0.804
7501,0.439
7502,0.761
7503,0.768
7504,0.549
7505,0.732
7506,0.647
7507,0.04
7508,0.956
7509,0.648
7510,0.616
7511,0.674
7512,0.956
7513,0.853
7514,0.026
7515,0.394
7516,0.615
7517,0.55
7518,0.636
7519,0.38
7520,0.865
7521,0.138
7522,0.193
7523,0.622
7524,0.592
7525,0.754
7526,0.669
7527,0.047
7528,0.061
7529,0.205
7530,0.692
7531,0.608
7532,0.665
7533,0.238
7534,0.146
7535,0.388
7536,0.563
7537,0.182
7538,0.902
7539,0.401
7540,0.379
7541,0.755
7542,0.992
7543,0.375
7544,0.719
7545,0.851
7546,0.778
7547,0.447
7548,0.547
7549,0.595
7550,0.991
7551,0.987
7552,0.794
7553,0.616
7554,0.681
7555,0.281
7556,0.044
7557,0.267
7558,0.218
7559,0.119
7560,0.572
7561,0.201
7562,0.267
7563,0.078
7564,0.438
7565,0.037
7566,0.747
7567,0.193
7568,0.485
7569,0.751
7570,0.401
7571,0.039
7572,0.668
7573,0.284
7574,0.158
7575,0.431
7576,0.828
7577,0.243
7578,0.919
7579,0.053
7580,0.568
7581,0.034
7582,0.446
7583,0.382
7584,0.634
7585,0.154
7586,0.688
7587,0.936
7588,0.687
7589,0.597
7590,0.679
7591,0.127
7592,0.311
7593,0.327
7594,0.314
7595,0.795
7596,0.506
7597,0.938
7598,0.696
7599,0.934
7600,0.403
7601,0.867
7602,0.295
7603,0.759
7604,0.681
7605,0.634
7606,0.541
7607,0.096
7608,0.09
7609,0.42
7610,0.237
7611,0.011
7612,0.497
7613,0.737
7614,0.751
7615,0.252
7616,0.889
7617,0.639
7618,0.404
7619,0.66
7620,0.113
7621,0.436
7622,0.362
7623,0.132
7624,0.675
7625,0.308
7626,0.723
7627,0.623
7628,0.61
7629,0.574
7630,0.303
7631,0.139
7632,0.524
7633,0.237
7634,0.698
7635,0.442
7636,0.536
7637,0.402
7638,0.188
7639,0.412
7640,0.153
7641,0.205
7642,0.907
7643,0.727
7644,0.022
7645,0.845
7646,0.256
7647,0.683
7648,0.74
7649,0.211
7650,0.287
7651,0.587
7652,0.676
7653,0.474
7654,0.737
7655,0.934
7656,0.15
7657,0.746
7658,0.84
7659,0.819
7660,0.063
7661,0.745
7662,0.457
7663,0.878
7664,0.584
7665,0.96
7666,0.38
7667,0.648
7668,0.622
7669,0.207
7670,0.422
7671,0.471
7672,0.703
7673,0.141
7674,0.295
7675,0.249
7676,0.349
7677,0.504
7678,0.362
7679,0.031
7680,0.199
7681,0.38
7682,0.304
7683,0.918
7684,0.647
7685,0.632
7686,0.712
7687,0.998
7688,0.073
7689,0.978
7690,0.459
7691,0.188
7692,0.744
7693,0.438
7694,0.996
7695,0.133
7696,0.132
7697,0.58
7698,0.685
7699,0.336
7700,0.733
7701,0.349
7702,0.927
7703,0.329
7704,0.166
7705,0.586
7706,0.831
7707,0.765
7708,0.44
7709,0.683
7710,0.968
7711,0.124
7712,0.791
7713,0.168
7714,0.131
7715,0.784
7716,0.066
7717,0.393
7718,0.056
7719,0.512
7720,0.744
7721,0.38
7722,0.676
7723,0.005
7724,0.116
7725,0.299
7726,0.565
7727,0.336
7728,0.989
7729,0.491
7730,0.134
7731,0.395
7732,0.503
7733,0.305
7734,0.61
7735,0.1
7736,0.054
7737,0.334
7738,0.091
7739,0.699
7740,0.563
7741,0.726
7742,0.659
7743,0.783
7744,0.986
7745,0.273
7746,0.245
7747,0.171
7748,0.457
7749,0.749
7750,0.442
7751,0.533
7752,0.204
7753,0.044
7754,0.782
7755,0.708
7756,0.32
7757,0.15
7758,0.259
7759,0.318
7760,0.482
7761,0.571
7762,0.764
7763,0.719
7764,0.357
7765,0.491
7766,0.496
7767,0.725
7768,0.673
7769,0.563
7770,0.485
7771,0.234
7772,0.596
7773,0.278
7774,0.351
7775,0.059
7776,0.064
7777,0.522
7778,0.906
7779,0.761
7780,0.278
7781,0.851
7782,0.907
7783,0.517
7784,0.1
7785,0.956
7786,0.04
7787,0.441
7788,0.762
7789,0.219
7790,0.475
7791,0.592
7792,0.211
7793,0.975
7794,0.756
7795,0.241
7796,0.14
7797,0.472
7798,0.935
7799,0.89
7800,0.974
7801,0.989
7802,0.69
7803,0.89
7804,0.812
7805,0.933
7806,0.974
7807,0.654
7808,0.939
7809,0.925
7810,0.344
7811,0.344
7812,0.819
7813,0.063
7814,0.019
7815,0.467
7816,0.623
7817,0.721
7818,0.498
7819,0.655
7820,0.597
7821,0.874
7822,0.321
7823,0.875
7824,0.409
7825,0.94
7826,0.667
7827,0.781
7828,0.516
7829,0.446
7830,0.49
7831,0.308
7832,1.0
7833,0.023
7834,0.92
7835,0.234
7836,0.095
7837,0.854
7838,0.591
7839,0.951
7840,0.815
7841,0.25
7842,0.718
7843,0.274
7844,0.757
7845,0.708
7846,0.764
7847,0.267
7848,0.003
7849,0.3
7850,0.012
7851,0.229
7852,0.45
7853,0.184
7854,0.997
7855,0.285
7856,0.794
7857,0.075
7858,0.348
7859,0.886
7860,0.389
7861,0.102
7862,0.368
7863,0.851
7864,0.62
7865,0.811
7866,0.608
7867,0.533
7868,0.535
7869,0.514
7870,0.239
7871,0.358
7872,0.505
7873,0.85
7874,0.463
7875,0.622
7876,0.836
7877,0.412
7878,0.396
7879,0.502
7880,0.914
7881,0.352
7882,0.281
7883,0.102
7884,0.718
7885,0.22
7886,0.012
7887,0.786
7888,0.561
7889,0.009
7890,0.664
7891,0.999
7892,0.882
7893,0.839
7894,0.881
7895,0.811
7896,0.924
7897,0.127
7898,0.27
7899,0.991
7900,0.534
7901,0.916
7902,0.291
7903,0.228
7904,0.993
7905,0.018
7906,0.019
7907,0.029
7908,0.287
7909,0.349
7910,0.769
7911,0.306
7912,0.124
7913,0.638
7914,0.464
7915,0.456
7916,0.291
7917,0.273
7918,0.256
7919,0.741
7920,0.044
7921,0.811
7922,0.038
7923,0.119
7924,0.179
7925,0.135
7926,0.507
7927,0.423
7928,0.032
7929,0.582
7930,0.23
7931,0.583
7932,0.94
7933,0.978
7934,0.91
7935,0.36
7936,0.591
7937,0.966
7938,0.529
7939,0.532
7940,0.205
7941,0.526
7942,0.154
7943,0.389
7944,0.783
7945,0.928
7946,0.759
7947,0.385
7948,0.875
7949,0.268
7950,0.697
7951,0.572
7952,0.178
7953,0.05
7954,0.913
7955,0.591
7956,0.414
7957,0.741
7958,0.278
7959,0.778
7960,0.227
7961,0.522
7962,0.728
7963,0.885
7964,0.669
7965,0.216
7966,0.678
7967,0.83
7968,0.368
7969,0.463
7970,0.954
7971,0.066
7972,0.015
7973,0.417
7974,0.266
7975,0.161
7976,0.46
7977,0.217
7978,0.171
7979,0.291
7980,0.809
7981,0.265
7982,0.578
7983,0.002
7984,0.961
7985,0.91
7986,0.764
7987,0.381
7988,0.561
7989,0.44
7990,0.684
7991,0.404
7992,0.417
7993,0.833
7994,0.768
7995,0.303
7996,0.75
7997,0.205
7998,0.213
7999,0.025
8000,0.742
8001,0.592
8002,0.57
8003,0.048
8004,0.747
8005,0.868
8006,0.459
8007,0.183
8008,0.219
8009,0.885
8010,0.684
8011,0.764
8012,0.212
8013,0.707
8014,0.936
8015,0.077
8016,0.926
8017,0.195
8018,0.353
8019,1.0
8020,0.744
8021,0.718
8022,0.362
8023,0.128
8024,0.188
8025,0.051
8026,0.918
8027,0.306
8028,0.227
8029,0.404
8030,0.691
8031,0.228
8032,0.917
8033,0.333
8034,0.39
8035,0.42
8036,0.866
8037,0.027
8038,0.369
8039,0.833
8040,0.971
8041,0.232
8042,0.179
8043,0.471
8044,0.818
8045,0.413
8046,0.747
8047,1.0
8048,0.889
8049,0.74
8050,0.958
8051,0.017
8052,0.811
8053,0.354
8054,0.709
8055,0.01
8056,0.787
8057,0.975
8058,0.592
8059,0.623
8060,0.221
8061,0.047
8062,0.712
8063,0.843
8064,0.18
8065,0.195
8066,0.583
8067,0.13
8068,0.966
8069,0.922
8070,0.777
8071,0.373
8072,0.959
8073,0.893
8074,0.724
8075,0.701
8076,0.275
8077,0.125
8078,0.579
8079,0.189
8080,0.446
8081,0.841
8082,0.323
8083,0.336
8084,0.937
8085,0.401
8086,0.369
8087,0.452
8088,0.722
8089,0.658
8090,0.19
8091,0.292
8092,0.666
8093,0.413
8094,0.46
8095,0.371
8096,0.112
8097,0.253
8098,0.926
8099,0.296
8100,0.702
8101,0.717
8102,0.75
8103,0.746
8104,0.625
8105,0.534
8106,0.316
8107,0.25
8108,0.316
8109,0.446
8110,0.304
8111,0.848
8112,0.827
8113,0.582
8114,0.77
8115,0.649
8116,0.198
8117,0.643
8118,0.596
8119,0.173
8120,0.09
8121,0.897
8122,0.447
8123,0.38
8124,0.088
8125,0.226
8126,0.298
8127,0.035
8128,0.815
8129,0.911
8130,0.541
8131,0.54
8132,0.657
8133,0.785
8134,0.418
8135,0.684
8136,0.545
8137,0.414
8138,0.386
8139,0.531
8140,0.887
8141,0.572
8142,0.57
8143,0.408
8144,0.642
8145,0.17
8146,0.719
8147,0.504
8148,0.893
8149,0.163
8150,0.336
8151,0.411
8152,0.879
8153,0.278
8154,0.155
8155,0.036
8156,0.943
8157,0.923
8158,0.861
8159,0.156
8160,0.192
8161,0.493
8162,0.557
8163,0.642
8164,0.218
8165,0.942
8166,0.808
8167,0.541
8168,0.652
8169,0.807
8170,0.74
8171,0.331
8172,0.212
8173,0.555
8174,0.948
8175,0.672
8176,0.775
8177,0.264
8178,0.901
8179,0.432
8180,0.283
8181,0.951
8182,0.573
8183,0.441
8184,0.242
8185,0.755
8186,0.807
8187,0.828
8188,0.169
8189,0.558
8190,0.472
8191,0.878
8192,0.069
8193,0.748
8194,0.098
8195,0.233
8196,0.586
8197,0.553
8198,0.593
8199,0.422
8200,0.927
8201,0.707
8202,0.609
8203,0.644
8204,0.117
8205,0.251
8206,0.886
8207,0.979
8208,0.718
8209,0.514
8210,0.629
8211,0.743
8212,0.929
8213,0.115
8214,0.464
8215,0.136
8216,0.319
8217,0.272
8218,0.595
8219,0.126
8220,0.332
8221,0.216
8222,0.829
8223,0.097
8224,0.785
8225,0.784
8226,0.344
8227,0.145
8228,0.563
8229,0.658
8230,0.945
8231,0.089
8232,0.38
8233,0.873
8234,0.779
8235,0.452
8236,0.635
8237,0.275
8238,0.81
8239,0.938
8240,0.2
8241,0.844
8242,0.151
8243,0.091
8244,0.331
8245,0.075
8246,0.981
8247,0.664
8248,0.422
8249,0.134
8250,0.947
8251,0.866
8252,0.451
8253,0.437
8254,0.671
8255,0.098
8256,0.345
8257,0.868
8258,0.405
8259,0.38
8260,0.361
8261,0.043
8262,0.021
8263,0.3
8264,0.127
8265,0.952
8266,0.781
8267,0.603
8268,0.027
8269,0.859
8270,0.922
8271,0.006
8272,0.051
8273,0.412
8274,0.971
8275,0.651
8276,0.597
8277,0.231
8278,0.673
8279,0.726
8280,0.389
8281,0.854
8282,0.579
8283,0.789
8284,0.811
8285,0.078
8286,0.229
8287,0.995
8288,0.225
8289,0.493
8290,0.437
8291,0.298
8292,0.915
8293,0.95
8294,0.559
8295,0.356
8296,0.153
8297,0.512
8298,0.805
8299,0.837
8300,0.193
8301,0.065
8302,0.672
8303,0.74
8304,0.201
8305,0.961
8306,0.029
8307,0.526
8308,0.14
8309,0.521
8310,0.426
8311,0.894
8312,0.686
8313,0.495
8314,0.621
8315,0.207
8316,0.774
8317,0.466
8318,0.196
8319,0.972
8320,0.176
8321,0.134
8322,0.425
8323,0.153
8324,0.343
8325,0.446
8326,0.963
8327,0.877
8328,0.439
8329,0.038
8330,0.153
8331,0.404
8332,0.624
8333,0.086
8334,0.257
8335,0.919
8336,0.772
8337,0.166
8338,0.114
8339,0.609
8340,0.588
8341,0.601
8342,0.527
8343,0.774
8344,0.053
8345,0.026
8346,0.259
8347,0.83
8348,0.383
8349,0.757
8350,0.759
8351,0.908
8352,0.876
8353,0.907
8354,0.567
8355,0.212
8356,0.744
8357,0.061
8358,0.584
8359,0.732
8360,0.816
8361,0.019
8362,0.077
8363,0.369
8364,0.982
8365,0.429
8366,0.165
8367,0.26
8368,0.758
8369,0.782
8370,0.463
8371,0.418
8372,0.292
8373,0.232
8374,0.036
8375,0.203
8376,0.823
8377,0.407
8378,0.64
8379,0.274
8380,0.133
8381,0.423
8382,0.991
8383,0.264
8384,0.029
8385,0.522
8386,0.275
8387,0.717
8388,0.933
8389,0.729
8390,0.967
8391,0.936
8392,0.269
8393,0.436
8394,0.68
8395,0.262
8396,0.746
8397,0.871
8398,0.536
8399,0.96
8400,0.556
8401,0.873
8402,0.913
8403,0.59
8404,0.898
8405,0.258
8406,0.646
8407,0.849
8408,0.789
8409,0.489
8410,0.252
8411,0.757
8412,0.445
8413,0.585
8414,0.183
8415,0.004
8416,0.216
8417,0.955
8418,0.849
8419,0.627
8420,0.82
8421,0.878
8422,0.17
8423,0.011
8424,0.756
8425,0.205
8426,0.991
8427,0.435
8428,0.082
8429,0.214
8430,0.432
8431,0.965
8432,0.94
8433,0.19
8434,0.035
8435,0.847
8436,0.797
8437,0.038
8438,0.362
8439,0.437
8440,0.292
8441,0.863
8442,0.117
8443,0.961
8444,0.672
8445,0.964
8446,0.05
8447,0.954
8448,0.515
8449,0.703
8450,0.366
8451,0.581
8452,0.468
8453,0.841
8454,0.166
8455,0.454
8456,0.918
8457,0.745
8458,0.136
8459,0.035
8460,0.262
8461,0.963
8462,0.501
8463,0.251
8464,0.004
8465,0.592
8466,0.602
8467,0.831
8468,0.674
8469,0.875
8470,0.404
8471,0.89
8472,0.394
8473,0.825
8474,0.729
8475,0.778
8476,0.065
8477,0.163
8478,0.607
8479,0.231
8480,0.981
8481,0.643
8482,0.835
8483,0.524
8484,0.672
8485,0.387
8486,0.998
8487,0.132
8488,0.032
8489,0.87
8490,0.757
8491,0.047
8492,0.081
8493,0.639
8494,0.101
8495,0.806
8496,0.17
8497,0.835
8498,0.138
8499,0.264
8500,0.878
8501,0.334
8502,0.742
8503,0.097
8504,0.685
8505,0.139
8506,0.018
8507,0.743
8508,0.887
8509,0.352
8510,0.518
8511,0.759
8512,0.874
8513,0.504
8514,0.402
8515,0.701
8516,0.525
8517,0.931
8518,0.507
8519,0.535
8520,0.106
8521,0.41
8522,0.263
8523,0.628
8524,0.887
8525,0.313
8526,0.622
8527,0.165
8528,0.633
8529,0.556
8530,0.242
8531,0.871
8532,0.659
8533,0.147
8534,0.417
8535,0.53
8536,0.479
8537,0.883
8538,0.706
8539,0.021
8540,0.102
8541,0.596
8542,0.522
8543,0.755
8544,0.805
8545,0.579
8546,0.27
8547,0.159
8548,0.844
8549,0.589
8550,0.664
8551,0.738
8552,0.698
8553,0.911
8554,0.392
8555,0.456
8556,0.911
8557,0.768
8558,0.164
8559,0.476
8560,0.883
8561,0.286
8562,0.48
8563,0.742
8564,0.734
8565,0.122
8566,0.615
8567,0.299
8568,0.377
8569,0.638
8570,0.155
8571,0.423
8572,0.757
8573,0.202
8574,0.574
8575,0.731
8576,0.823
8577,0.573
8578,0.01
8579,0.767
8580,0.407
8581,0.518
8582,0.252
8583,0.662
8584,0.999
8585,0.714
8586,0.022
8587,0.579
8588,0.937
8589,0.852
8590,0.899
8591,0.366
8592,0.95
8593,0.469
8594,0.245
8595,0.59
8596,0.471
8597,0.144
8598,0.76
8599,0.579
8600,0.587
8601,0.634
8602,0.091
8603,0.803
8604,0.204
8605,0.062
8606,0.29
8607,0.536
8608,0.123
8609,0.976
8610,0.335
8611,0.549
8612,0.902
8613,0.211
8614,0.379
8615,0.729
8616,0.465
8617,0.784
8618,0.429
8619,0.484
8620,0.93
8621,0.916
8622,0.532
8623,0.339
8624,0.662
8625,0.95
8626,0.647
8627,0.766
8628,0.808
8629,0.049
8630,0.21
8631,0.159
8632,0.362
8633,0.049
8634,0.803
8635,0.92
8636,0.186
8637,0.377
8638,0.613
8639,0.747
8640,0.158
8641,0.27
8642,0.947
8643,0.748
8644,0.995
8645,0.272
8646,0.884
8647,0.056
8648,0.179
8649,0.106
8650,0.984
8651,0.998
8652,0.356
8653,0.137
8654,0.235
8655,0.761
8656,0.323
8657,0.564
8658,0.694
8659,0.33
8660,0.082
8661,0.149
8662,0.444
8663,0.053
8664,0.224
8665,0.299
8666,0.49
8667,0.467
8668,0.494
8669,0.341
8670,0.941
8671,0.745
8672,0.918
8673,0.19
8674,0.666
8675,0.403
8676,0.532
8677,0.079
8678,0.061
8679,0.431
8680,0.533
8681,0.435
8682,0.788
8683,0.714
8684,0.851
8685,0.32
8686,0.434
8687,0.221
8688,0.114
8689,0.422
8690,0.319
8691,0.61
8692,0.993
8693,0.162
8694,0.516
8695,0.419
8696,0.977
8697,0.875
8698,0.24
8699,0.654
8700,0.003
8701,0.241
8702,0.668
8703,0.898
8704,0.616
8705,0.389
8706,0.278
8707,0.557
8708,0.969
8709,0.37
8710,0.473
8711,0.816
8712,0.615
8713,0.223
8714,0.493
8715,0.085
8716,0.708
8717,0.518
8718,0.157
8719,0.496
8720,1.0
8721,0.031
8722,0.642
8723,0.186
8724,0.83
8725,0.876
8726,0.78
8727,0.76
8728,0.576
8729,0.972
8730,0.336
8731,0.944
8732,0.359
8733,0.413
8734,0.004
8735,0.866
8736,0.972
8737,0.578
8738,0.756
8739,0.606
8740,0.088
8741,0.468
8742,0.862
8743,0.192
8744,0.55
8745,0.846
8746,0.729
8747,0.174
8748,0.547
8749,0.943
8750,0.303
8751,0.725
8752,0.408
8753,0.745
8754,0.364
8755,0.712
8756,0.362
8757,0.124
8758,0.768
8759,0.597
8760,0.618
8761,0.139
8762,0.54
8763,0.341
8764,0.55
8765,0.656
8766,0.509
8767,0.348
8768,0.579
8769,0.519
8770,0.271
8771,0.991
8772,0.893
8773,0.374
8774,0.404
8775,0.34
8776,0.993
8777,0.006
8778,0.261
8779,0.05
8780,0.446
8781,0.114
8782,0.339
8783,0.08
8784,0.587
8785,0.069
8786,0.251
8787,0.579
8788,0.724
8789,0.668
8790,0.017
8791,0.846
8792,0.876
8793,0.936
8794,0.184
8795,0.18
8796,0.266
8797,0.251
8798,0.591
8799,0.352
8800,0.732
8801,0.46
8802,0.155
8803,0.731
8804,0.188
8805,0.458
8806,0.138
8807,0.976
8808,0.139
8809,0.192
8810,0.468
8811,0.241
8812,0.204
8813,0.583
8814,0.097
8815,0.912
8816,0.346
8817,0.223
8818,0.647
8819,0.088
8820,0.853
8821,0.928
8822,0.194
8823,0.827
8824,0.124
8825,0.011
8826,0.53
8827,0.354
8828,0.554
8829,0.774
8830,0.907
8831,0.662
8832,0.514
8833,0.355
8834,0.887
8835,0.507
8836,0.106
8837,0.025
8838,0.834
8839,0.261
8840,0.889
8841,0.785
8842,0.38
8843,0.966
8844,0.477
8845,0.791
8846,0.407
8847,0.845
8848,0.572
8849,0.628
8850,0.068
8851,0.022
8852,0.363
8853,0.71
8854,0.172
8855,0.638
8856,0.74
8857,0.877
8858,0.071
8859,0.717
8860,0.355
8861,0.172
8862,0.094
8863,0.804
8864,0.095
8865,0.812
8866,0.69
8867,0.051
8868,0.238
8869,0.765
8870,0.895
8871,0.914
8872,0.22
8873,0.185
8874,0.886
8875,0.064
8876,0.791
8877,0.569
8878,0.778
8879,0.396
8880,0.062
8881,0.884
8882,0.996
8883,0.856
8884,0.025
8885,0.97
8886,0.933
8887,0.084
8888,0.445
8889,0.874
8890,0.498
8891,0.178
8892,0.452
8893,0.857
8894,0.316
8895,0.99
8896,0.33
8897,0.686
8898,0.807
8899,0.83
8900,0.281
8901,0.06
8902,0.782
8903,0.223
8904,0.19
8905,0.874
8906,0.136
8907,0.019
8908,0.165
8909,0.786
8910,0.067
8911,0.741
8912,0.461
8913,0.792
8914,0.246
8915,0.198
8916,0.034
8917,0.837
8918,0.162
8919,0.582
8920,0.612
8921,0.423
8922,0.397
8923,0.393
8924,0.751
8925,0.576
8926,0.959
8927,0.429
8928,0.606
8929,0.993
8930,0.202
8931,0.089
8932,0.488
8933,0.692
8934,0.795
8935,0.236
8936,0.23
8937,0.687
8938,0.519
8939,0.392
8940,0.15
8941,0.438
8942,0.604
8943,0.956
8944,0.797
8945,0.807
8946,0.335
8947,0.019
8948,0.113
8949,0.002
8950,0.812
8951,0.294
8952,0.273
8953,0.518
8954,0.847
8955,0.358
8956,0.391
8957,0.853
8958,0.42
8959,0.395
8960,0.869
8961,0.64
8962,0.255
8963,0.343
8964,0.722
8965,0.037
8966,0.898
8967,0.303
8968,0.612
8969,0.802
8970,0.723
8971,0.273
8972,0.948
8973,0.333
8974,0.542
8975,0.513
8976,0.646
8977,0.436
8978,0.219
8979,0.508
8980,0.887
8981,0.378
8982,0.643
8983,0.151
8984,0.895
8985,0.821
8986,0.814
8987,0.405
8988,0.983
8989,0.021
8990,0.782
8991,0.608
8992,0.962
8993,0.021
8994,0.523
8995,0.252
8996,0.864
8997,0.727
8998,0.136
8999,0.309
9000,0.206
9001,0.588
9002,0.283
9003,0.581
9004,0.956
9005,0.505
9006,0.732
9007,0.943
9008,0.991
9009,0.533
9010,0.335
9011,0.482
9012,0.933
9013,0.508
9014,0.763
9015,0.122
9016,0.071
9017,0.865
9018,0.801
9019,0.506
9020,0.701
9021,0.701
9022,0.937
9023,0.468
9024,0.46
9025,0.456
9026,0.119
9027,0.867
9028,0.018
9029,0.75
9030,0.509
9031,0.943
9032,0.566
9033,0.402
9034,0.408
9035,0.733
9036,0.875
9037,0.267
9038,0.406
9039,0.313
9040,0.873
9041,0.448
9042,0.209
9043,0.008
9044,0.156
9045,0.865
9046,0.382
9047,0.701
9048,0.382
9049,0.173
9050,0.678
9051,0.217
9052,0.73
9053,0.153
9054,0.023
9055,0.138
9056,0.147
9057,0.906
9058,0.433
9059,0.469
9060,0.94
9061,0.117
9062,0.161
9063,0.253
9064,0.171
9065,0.419
9066,0.833
9067,0.237
9068,0.499
9069,0.358
9070,0.159
9071,0.147
9072,0.221
9073,0.263
9074,0.072
9075,0.606
9076,0.789
9077,0.298
9078,0.392
9079,0.237
9080,0.622
9081,0.631
9082,0.841
9083,0.486
9084,0.715
9085,0.291
9086,0.044
9087,0.743
9088,0.412
9089,0.448
9090,0.857
9091,0.15
9092,0.043
9093,0.618
9094,0.292
9095,0.05
9096,0.296
9097,0.921
9098,0.993
9099,0.867
9100,0.327
9101,0.12
9102,0.441
9103,0.022
9104,0.08
9105,0.638
9106,0.668
9107,0.645
9108,0.389
9109,0.169
9110,0.774
9111,0.405
9112,0.509
9113,0.749
9114,0.365
9115,0.797
9116,0.703
9117,0.911
9118,0.511
9119,0.22
9120,0.665
9121,0.234
9122,0.277
9123,0.705
9124,0.418
9125,0.965
9126,0.73
9127,0.749
9128,0.771
9129,0.477
9130,0.651
9131,0.156
9132,0.174
9133,0.254
9134,0.357
9135,0.047
9136,0.767
9137,0.366
9138,0.672
9139,0.271
9140,0.485
9141,0.859
9142,0.75
9143,0.623
9144,0.362
9145,0.395
9146,0.736
9147,0.374
9148,0.287
9149,0.804
9150,0.243
9151,0.303
9152,0.159
9153,0.786
9154,0.199
9155,0.379
9156,0.559
9157,0.391
9158,0.389
9159,0.547
9160,0.266
9161,0.843
9162,0.217
9163,0.758
9164,0.08
9165,0.806
9166,0.623
9167,0.004
9168,0.804
9169,0.828
9170,0.873
9171,0.588
9172,0.056
9173,0.524
9174,0.741
9175,0.123
9176,0.377
9177,0.912
9178,0.719
9179,0.12
9180,0.219
9181,0.912
9182,0.745
9183,0.147
9184,0.303
9185,0.663
9186,0.011
9187,0.527
9188,0.679
9189,0.476
9190,0.283
9191,0.337
9192,0.968
9193,0.114
9194,0.93
9195,0.458
9196,0.063
9197,0.128
9198,0.739
9199,0.145
9200,0.268
9201,0.761
9202,0.571
9203,0.414
9204,0.461
9205,0.079
9206,0.861
9207,0.306
9208,0.868
9209,0.732
9210,0.892
9211,0.432
9212,0.681
9213,0.489
9214,0.815
9215,0.251
9216,0.514
9217,0.127
9218,0.738
9219,0.518
9220,0.299
9221,0.939
9222,0.628
9223,0.341
9224,0.829
9225,0.16
9226,0.494
9227,0.263
9228,0.602
9229,0.411
9230,0.09
9231,0.753
9232,0.901
9233,0.935
9234,0.076
9235,0.735
9236,0.645
9237,0.787
9238,0.347
9239,0.279
9240,0.608
9241,0.556
9242,0.354
9243,0.407
9244,0.303
9245,0.505
9246,0.997
9247,0.809
9248,0.386
9249,0.867
9250,0.714
9251,0.629
9252,0.161
9253,0.818
9254,0.302
9255,0.692
9256,0.24
9257,0.523
9258,0.875
9259,0.932
9260,0.978
9261,0.818
9262,0.341
9263,0.184
9264,0.12
9265,0.591
9266,0.644
9267,0.877
9268,0.611
9269,0.013
9270,0.644
9271,0.045
9272,0.013
9273,0.49
9274,0.745
9275,0.135
9276,0.398
9277,0.456
9278,0.818
9279,0.608
9280,0.763
9281,0.718
9282,0.347
9283,0.968
9284,0.711
9285,0.856
9286,0.822
9287,0.504
9288,0.281
9289,0.886
9290,0.194
9291,0.322
9292,0.228
9293,0.962
9294,0.696
9295,0.452
9296,0.392
9297,0.522
9298,0.356
9299,0.533
9300,0.007
9301,0.465
9302,0.238
9303,0.631
9304,0.961
9305,0.565
9306,0.111
9307,0.958
9308,0.037
9309,0.928
9310,0.459
9311,0.49
9312,0.936
9313,0.193
9314,0.162
9315,0.799
9316,0.93
9317,0.14
9318,0.361
9319,0.698
9320,0.391
9321,0.929
9322,0.236
9323,0.648
9324,0.948
9325,0.074
9326,0.052
9327,0.736
9328,0.127
9329,0.516
9330,0.654
9331,0.728
9332,0.947
9333,0.887
9334,0.81
9335,0.091
9336,0.176
9337,0.656
9338,0.879
9339,0.988
9340,0.217
9341,0.462
9342,0.449
9343,0.705
9344,0.402
9345,0.321
9346,0.597
9347,0.046
9348,0.422
9349,0.446
9350,0.434
9351,0.113
9352,0.312
9353,0.803
9354,0.781
9355,0.302
9356,0.8
9357,0.708
9358,0.927
9359,0.548
9360,0.501
9361,0.042
9362,0.715
9363,0.265
9364,0.858
9365,0.367
9366,0.623
9367,0.9
9368,0.546
9369,0.572
9370,0.45
9371,0.058
9372,0.938
9373,0.375
9374,0.516
9375,0.868
9376,0.239
9377,0.94
9378,0.89
9379,0.42
9380,0.228
9381,0.873
9382,0.912
9383,0.858
9384,0.949
9385,0.759
9386,0.841
9387,0.038
9388,0.421
9389,0.354
9390,0.984
9391,0.448
9392,0.082
9393,0.055
9394,0.859
9395,0.561
9396,0.143
9397,0.052
9398,0.379
9399,0.598
9400,0.73
9401,0.667
9402,0.764
9403,0.969
9404,0.207
9405,0.977
9406,0.369
9407,0.18
9408,0.391
9409,0.322
9410,0.641
9411,0.661
9412,0.155
9413,0.539
9414,0.193
9415,0.781
9416,0.849
9417,0.539
9418,0.936
9419,0.898
9420,0.022
9421,0.182
9422,0.917
9423,0.893
9424,0.02
9425,0.506
9426,0.1
9427,0.255
9428,0.351
9429,0.481
9430,0.403
9431,0.567
9432,0.293
9433,0.023
9434,0.36
9435,0.596
9436,0.837
9437,0.66
9438,0.803
9439,0.357
9440,0.361
9441,0.423
9442,0.254
9443,0.402
9444,0.348
9445,0.891
9446,0.693
9447,0.765
9448,0.723
9449,0.775
9450,0.081
9451,0.233
9452,0.832
9453,0.74
9454,0.921
9455,0.98
9456,0.127
9457,0.053
9458,0.862
9459,0.624
9460,0.715
9461,0.242
9462,0.321
9463,0.707
9464,0.887
9465,0.894
9466,0.024
9467,0.076
9468,0.491
9469,0.048
9470,0.391
9471,0.444
9472,0.403
9473,0.037
9474,0.371
9475,0.408
9476,0.635
9477,0.354
9478,0.883
9479,0.259
9480,0.171
9481,0.913
9482,0.003
9483,0.141
9484,0.955
9485,0.539
9486,0.147
9487,0.682
9488,0.632
9489,0.82
9490,0.987
9491,0.657
9492,0.723
9493,0.603
9494,0.189
9495,0.777
9496,0.459
9497,0.345
9498,0.763
9499,0.39
9500,0.822
9501,0.65
9502,0.623
9503,0.526
9504,0.806
9505,0.326
9506,0.971
9507,0.197
9508,0.33
9509,0.614
9510,0.081
9511,0.225
9512,0.543
9513,0.992
9514,0.529
9515,0.478
9516,0.876
9517,0.259
9518,0.418
9519,0.744
9520,0.224
9521,0.374
9522,0.008
9523,0.804
9524,0.99
9525,0.032
9526,0.157
9527,0.587
9528,0.39
9529,0.518
9530,0.129
9531,0.409
9532,0.527
9533,0.711
9534,0.941
9535,0.484
9536,0.684
9537,0.568
9538,0.996
9539,0.878
9540,0.982
9541,0.5
9542,0.997
9543,0.036
9544,0.606
9545,0.896
9546,0.497
9547,0.503
9548,0.318
9549,0.511
9550,0.24
9551,0.797
9552,0.935
9553,0.634
9554,0.488
9555,0.399
9556,0.751
9557,0.453
9558,0.448
9559,0.651
9560,0.763
9561,0.544
9562,0.348
9563,0.049
9564,0.509
9565,0.476
9566,0.563
9567,0.647
9568,0.408
9569,0.608
9570,0.887
9571,0.222
9572,0.932
9573,0.139
9574,0.214
9575,0.11
9576,0.251
9577,0.786
9578,0.047
9579,0.58
9580,0.153
9581,0.664
9582,0.111
9583,0.477
9584,0.069
9585,0.921
9586,0.617
9587,0.34
9588,0.672
9589,0.561
9590,0.85
9591,0.922
9592,0.87
9593,0.278
9594,0.91
9595,0.869
9596,0.497
9597,0.685
9598,0.765
9599,0.531
9600,0.217
9601,0.663
9602,0.762
9603,0.172
9604,0.729
9605,0.507
9606,0.574
9607,0.832
9608,0.847
9609,0.501
9610,0.935
9611,0.175
9612,0.799
9613,0.4
9614,0.644
9615,0.219
9616,0.697
9617,0.972
9618,0.683
9619,0.204
9620,0.394
9621,0.846
9622,0.646
9623,0.828
9624,0.223
9625,0.912
9626,0.539
9627,0.229
9628,0.923
9629,0.03
9630,0.155
9631,0.838
9632,0.082
9633,0.015
9634,0.208
9635,0.196
9636,0.646
9637,0.673
9638,0.688
9639,0.829
9640,0.021
9641,0.114
9642,0.458
9643,0.545
9644,0.829
9645,0.283
9646,0.287
9647,0.597
9648,0.022
9649,0.122
9650,0.954
9651,0.916
9652,0.167
9653,0.339
9654,0.266
9655,0.18
9656,0.799
9657,0.343
9658,0.747
9659,0.902
9660,0.546
9661,0.094
9662,0.74
9663,0.22
9664,0.411
9665,0.895
9666,0.589
9667,0.583
9668,0.923
9669,0.635
9670,0.847
9671,0.087
9672,0.33
9673,0.242
9674,0.548
9675,0.402
9676,0.049
9677,0.553
9678,0.296
9679,0.663
9680,0.221
9681,0.226
9682,0.56
9683,0.175
9684,0.653
9685,0.499
9686,0.737
9687,0.867
9688,0.052
9689,0.147
9690,0.239
9691,0.091
9692,0.411
9693,0.634
9694,0.814
9695,0.51
9696,0.464
9697,0.46
9698,0.553
9699,0.892
9700,0.536
9701,0.386
9702,0.51
9703,0.828
9704,0.678
9705,0.856
9706,0.683
9707,0.885
9708,0.55
9709,0.54
9710,0.208
9711,0.5
9712,0.039
9713,0.506
9714,0.997
9715,0.089
9716,0.936
9717,0.412
9718,0.781
9719,0.957
9720,0.706
9721,0.601
9722,0.6
9723,0.012
9724,0.137
9725,0.54
9726,0.734
9727,0.141
9728,0.941
9729,0.619
9730,0.088
9731,0.28
9732,0.721
9733,0.763
9734,0.906
9735,0.138
9736,0.965
9737,0.867
9738,0.961
9739,0.665
9740,0.068
9741,0.722
9742,0.282
9743,0.775
9744,0.96
9745,0.418
9746,0.034
9747,0.632
9748,0.886
9749,0.488
9750,0.239
9751,0.243
9752,0.764
9753,0.531
9754,0.029
9755,0.25
9756,0.679
9757,0.419
9758,0.174
9759,0.139
9760,0.029
9761,0.183
9762,0.293
9763,0.829
9764,0.708
9765,0.051
9766,0.575
9767,0.712
9768,0.587
9769,0.883
9770,0.818
9771,0.08
9772,0.277
9773,0.836
9774,0.3
9775,0.175
9776,0.116
9777,0.51
9778,0.363
9779,0.479
9780,0.072
9781,0.577
9782,0.67
9783,0.14
9784,0.086
9785,0.278
9786,0.35
9787,0.1
9788,0.47
9789,0.244
9790,0.625
9791,0.127
9792,0.266
9793,0.709
9794,0.523
9795,0.203
9796,0.794
9797,0.59
9798,0.345
9799,0.714
9800,0.249
9801,0.647
9802,0.693
9803,0.134
9804,0.827
9805,0.184
9806,0.752
9807,0.991
9808,0.513
9809,0.962
9810,0.763
9811,0.93
9812,0.898
9813,0.852
9814,0.067
9815,0.386
9816,0.859
9817,0.573
9818,0.553
9819,0.088
9820,0.255
9821,0.207
9822,0.858
9823,0.579
9824,0.732
9825,0.273
9826,0.275
9827,0.067
9828,0.834
9829,0.281
9830,0.924
9831,0.416
9832,0.428
9833,0.905
9834,0.589
9835,0.206
9836,0.708
9837,0.151
9838,0.854
9839,0.261
9840,0.172
9841,0.931
9842,0.161
9843,0.82
9844,0.075
9845,0.63
9846,0.047
9847,0.35
9848,0.145
9849,0.008
9850,0.711
9851,0.502
9852,0.19
9853,0.516
9854,0.667
9855,0.341
9856,0.532
9857,0.985
9858,0.939
9859,0.683
9860,0.933
9861,0.328
9862,0.323
9863,0.489
9864,0.587
9865,0.895
9866,0.074
9867,0.914
9868,0.672
9869,0.235
9870,0.378
9871,0.853
9872,0.709
9873,0.181
9874,0.369
9875,0.794
9876,0.72
9877,0.969
9878,0.02
9879,0.132
9880,0.442
9881,0.566
9882,0.913
9883,0.627
9884,0.578
9885,0.644
9886,0.753
9887,0.319
9888,0.431
9889,0.576
9890,0.332
9891,0.638
9892,0.781
9893,0.427
9894,0.825
9895,0.003
9896,0.809
9897,0.158
9898,0.621
9899,0.327
9900,0.628
9901,0.354
9902,0.823
9903,0.139
9904,0.322
9905,0.363
9906,0.646
9907,0.293
9908,0.618
9909,0.713
9910,0.107
9911,0.411
9912,0.427
9913,0.55
9914,0.654
9915,0.666
9916,0.705
9917,0.682
9918,0.235
9919,0.613
9920,0.579
9921,0.188
9922,0.123
9923,0.784
9924,0.927
9925,0.839
9926,0.11
9927,0.837
9928,0.651
9929,0.682
9930,0.982
9931,0.053
9932,0.274
9933,0.118
9934,0.071
9935,0.68
9936,0.564
9937,0.782
9938,0.006
9939,0.202
9940,0.182
9941,0.16
9942,0.068
9943,0.605
9944,0.587
9945,0.382
9946,0.21
9947,0.799
9948,0.011
9949,0.068
9950,0.565
9951,0.416
9952,0.089
9953,0.823
9954,0.969
9955,0.036
9956,0.899
9957,0.318
9958,0.899
9959,0.988
9960,0.365
9961,0.268
9962,0.416
9963,0.438
9964,0.265
9965,0.173
9966,0.173
9967,0.392
9968,0.323
9969,0.296
9970,0.095
9971,0.426
9972,0.68
9973,0.653
9974,0.844
9975,0.468
9976,0.088
9977,0.554
9978,0.031
9979,0.054
9980,0.725
9981,0.875
9982,0.051
9983,0.671
9984,0.252
9985,0.283
9986,0.123
9987,0.373
9988,0.068
9989,0.213
9990,0.927
9991,0.023
9992,0.636
9993,0.559
9994,0.843
9995,0.141
9996,0.46
9997,0.947
9998,0.316
9999,0.938
