candidate_count,effect_rho_input,planning_permutations,observed_aggregate_rho,permutation_p,permutation_pass,all_lofo_positive,selected_effective_rank,selected_condition_number,cross_block_A0_q90_minus_q10,cross_block_row_diversity
12,0.2819091742016503,999,0.28409029800921026,0.001001001001001001,True,True,5.488075852163514,6.846626149011883,0.9992506247623523,2.674338725266083
12,0.2819091742016503,999,0.2804498989449389,0.001001001001001001,True,True,5.33184440465534,7.986225864642824,0.8819646232846333,2.6290947576059134
12,0.2819091742016503,999,0.26911521686808865,0.001001001001001001,True,True,5.597118731929861,9.044998952785336,0.8801606237639249,2.5426501863148396
12,0.2819091742016503,999,0.27941548181663467,0.001001001001001001,True,True,5.2521613375300555,6.560424374716772,0.9998193639014694,2.8167900722460693
12,0.2819091742016503,999,0.28879895027607616,0.001001001001001001,True,True,5.79871967768245,5.739771224809166,0.9192875838031405,2.7586693435421026
12,0.2819091742016503,999,0.2763186753982536,0.001001001001001001,True,True,5.270541059789498,11.191341979561372,0.9099335561584803,2.522519741635608
12,0.2819091742016503,999,0.27735631500982355,0.001001001001001001,True,True,5.70638141599831,5.060521522503103,0.9465768049682994,2.6212946746768973
12,0.2819091742016503,999,0.2854677082001122,0.001001001001001001,True,True,5.550131121560509,14.868200312575727,0.9561128770783034,2.5653337940982452
12,0.2819091742016503,999,0.27613821633537194,0.001001001001001001,True,True,5.438884265762312,19.84497153148142,0.9497352073906171,2.4605112239208506
12,0.2819091742016503,999,0.2891788004910259,0.001001001001001001,True,True,5.586754996819599,7.026803329215945,0.9353864061916272,2.5077498006778125
12,0.2819091742016503,999,0.28621612993858153,0.001001001001001001,True,True,5.117261061798875,19.43049797790316,0.9769470798948983,2.837108030509141
12,0.2819091742016503,999,0.28724571334198706,0.001001001001001001,True,True,5.233505666414375,17.28294005437284,0.9448188490797962,2.516892977798032
12,0.2819091742016503,999,0.27723889577582794,0.001001001001001001,True,True,5.391769259425312,7.417411658819224,0.9096546526786723,2.587868644093969
12,0.2819091742016503,999,0.2948159307488346,0.001001001001001001,True,True,5.688375267080949,6.487168235040692,0.886081012014195,2.5174588128182247
12,0.2819091742016503,999,0.2786009991712176,0.001001001001001001,True,True,5.914376949066407,7.145878616840267,0.9527327897977845,2.5461915874817485
12,0.2819091742016503,999,0.2868251792758073,0.001001001001001001,True,True,5.712536021983685,5.127565278490635,0.9710551152321953,2.6920249202104403
12,0.2819091742016503,999,0.27609753248414187,0.001001001001001001,True,True,5.1913388508670995,6.521245572409754,0.9947944870689673,2.6776324586204554
12,0.2819091742016503,999,0.28274168876249595,0.001001001001001001,True,True,5.348006723212158,6.0004055462600245,0.9098586353916103,2.3898494434603466
12,0.2819091742016503,999,0.27173952667762985,0.002002002002002002,True,True,5.9295591650032105,4.0652495275464,0.9212022722088435,2.485344666726046
12,0.2819091742016503,999,0.28763160571306007,0.001001001001001001,True,True,5.620083996430428,17.83586834945867,0.9363226974609516,2.606448763368656
12,0.2819091742016503,999,0.28965492239353974,0.001001001001001001,True,True,4.805741097827018,6.965944302140702,1.0294169746522364,2.803438728730553
12,0.2819091742016503,999,0.2817237868609287,0.001001001001001001,True,True,5.468363621545765,10.163929238900892,0.9137536888834202,2.614919413665156
12,0.2819091742016503,999,0.29371021617827586,0.001001001001001001,True,True,5.642280900142697,15.912452228873477,0.96588000421704,2.6094912108471275
12,0.2819091742016503,999,0.2974112382089841,0.001001001001001001,True,True,5.159574889437839,11.25605964968429,0.9552835173692069,2.7879193646941554
12,0.2819091742016503,999,0.2960984790886012,0.001001001001001001,True,True,5.07826174518627,13.80257198010018,0.8921750795310864,2.592942545447462
12,0.2819091742016503,999,0.2968998703957511,0.001001001001001001,True,True,5.504347827373263,8.5435858131035,0.9430305722000837,2.6372476820377724
12,0.2819091742016503,999,0.28513498680292404,0.001001001001001001,True,True,5.600549493711011,6.889805504049755,0.8643445511487516,2.5513297101959815
12,0.2819091742016503,999,0.26242413317717717,0.001001001001001001,True,True,5.390663400780292,17.325810977015532,0.9076558436512759,2.467026277733296
12,0.2819091742016503,999,0.3003773326498983,0.001001001001001001,True,True,4.791465397455736,14.544288971964486,0.9462371065430195,2.459251195480287
12,0.2819091742016503,999,0.2638708267582926,0.001001001001001001,True,True,4.825359831604949,10.043255193974387,0.9610307932140858,2.6800396352397717
12,0.2819091742016503,999,0.2971300765440479,0.001001001001001001,True,True,5.519188203949484,10.619851629387725,0.8952276712417132,2.5829861677645556
12,0.2819091742016503,999,0.27415880598938797,0.001001001001001001,True,True,5.824645146492607,4.18386800356252,0.961860429177277,2.728720356118084
12,0.2819091742016503,999,0.2753698554816958,0.001001001001001001,True,True,5.2868776366305354,10.043662832413657,0.8928381081295583,2.5235736702490636
12,0.2819091742016503,999,0.2807375055764066,0.001001001001001001,True,True,5.031936817477851,17.376816410361958,0.9892464955194257,2.6771147535051947
12,0.2819091742016503,999,0.29168367701453035,0.001001001001001001,True,True,5.649899693002743,9.477214648984225,0.9486969015714254,2.7713262201709306
12,0.2819091742016503,999,0.2784310131789496,0.001001001001001001,True,True,6.0261256242011205,4.154698438287927,0.9401175783379992,2.434115380173088
12,0.2819091742016503,999,0.2928731761499985,0.001001001001001001,True,True,5.864500118397832,5.82194505832225,0.9816008748529885,2.831887949683033
12,0.2819091742016503,999,0.2760679259191378,0.001001001001001001,True,True,5.2497941948493185,9.005268469598843,0.8890313680000222,2.5713657107043737
12,0.2819091742016503,999,0.27613479244690203,0.001001001001001001,True,True,5.570713396971148,6.744377221681285,0.9169028218010291,2.6092360950916595
12,0.2819091742016503,999,0.2705365333934864,0.001001001001001001,True,True,5.646139482440541,5.983090504382773,0.9614452836372857,2.763918317272422
12,0.2819091742016503,999,0.27384038436169156,0.001001001001001001,True,True,5.249092562230854,9.64330744519348,0.8725912832837297,2.6093179159395117
12,0.2819091742016503,999,0.2858544061920016,0.001001001001001001,True,True,5.773754387263158,5.663093506753651,0.9380922892481417,2.7121864445966715
12,0.2819091742016503,999,0.2869955680784836,0.001001001001001001,True,True,5.423984867325343,10.511573068355114,1.0388105356839952,2.7371262624271653
12,0.2819091742016503,999,0.29075540042879167,0.001001001001001001,True,True,5.770416801829685,9.784060216082882,0.974425253729856,2.76945482699409
12,0.2819091742016503,999,0.2756024784924418,0.001001001001001001,True,True,6.350822383205607,2.9882487981663757,0.9476224639361142,2.8845166979857417
12,0.2819091742016503,999,0.2878537556531924,0.001001001001001001,True,True,6.16254335618323,6.06484200464919,0.9742783901745808,2.5224535168378104
12,0.2819091742016503,999,0.28510296337547064,0.001001001001001001,True,True,5.474117377340009,5.845986888275912,0.9930738440834428,2.884314232270525
12,0.2819091742016503,999,0.28738790541608805,0.001001001001001001,True,True,5.23319007363945,10.68770083347678,0.8649822747608797,2.4490776622491848
12,0.2819091742016503,999,0.28273222271790277,0.001001001001001001,True,True,5.360816895451256,11.617825049589811,0.9323639229382853,2.7298614634501877
12,0.2819091742016503,999,0.303440101588785,0.001001001001001001,True,True,6.253191388201701,4.895603961369015,0.9732485371000192,2.670894799922279
12,0.2819091742016503,999,0.27114155462663003,0.001001001001001001,True,True,5.276775198474035,9.451966374514056,0.9833175183754193,2.70802327863618
12,0.2819091742016503,999,0.29307357432808706,0.001001001001001001,True,True,5.81068620851385,4.315989076585846,0.9321543135073606,2.7579950630021712
12,0.2819091742016503,999,0.28183053161910654,0.001001001001001001,True,True,5.950697304514829,6.790948915554782,0.9245986066448696,2.6437862156375567
12,0.2819091742016503,999,0.28239104230214207,0.001001001001001001,True,True,5.5555433508248075,4.9853788982398,0.9780812344713817,2.7817078170220255
12,0.2819091742016503,999,0.28080678896662015,0.001001001001001001,True,True,5.49573316813625,6.37933699852376,0.8926259018348355,2.6076131854969784
12,0.2819091742016503,999,0.27632834284805086,0.001001001001001001,True,True,6.328926422826804,6.278840086844843,0.9678908265261028,2.620644193694894
12,0.2819091742016503,999,0.287797563601246,0.001001001001001001,True,True,5.7945704216988165,10.261499537438619,0.9355820014257962,2.8160756334752293
12,0.2819091742016503,999,0.27851620758028767,0.001001001001001001,True,True,5.382958524751571,8.179515765768823,0.912270180842392,2.705563151043274
12,0.2819091742016503,999,0.2819048501394228,0.001001001001001001,True,True,5.769970730110164,6.045060949821669,0.9225505424867783,2.5829573623905167
12,0.2819091742016503,999,0.28616618144796246,0.001001001001001001,True,True,5.358104725259045,5.379436948865809,0.9433173123946084,2.7282234922114768
12,0.2819091742016503,999,0.27184083349529664,0.001001001001001001,True,True,5.394752549905494,8.318107521912536,0.8616175012159049,2.486278529032786
12,0.2819091742016503,999,0.280666208134152,0.001001001001001001,True,True,5.189400219631281,10.441871293349527,0.8935243376542222,2.4736968805556376
12,0.2819091742016503,999,0.2848810148405425,0.001001001001001001,True,True,5.548429629832574,6.044966785004882,0.9083637492044072,2.6786762777081936
12,0.2819091742016503,999,0.2816327517086714,0.001001001001001001,True,True,5.569455173440754,12.983335620805553,0.9930042644861647,2.752704616066133
12,0.2819091742016503,999,0.2690521770392025,0.001001001001001001,True,True,4.942651864526309,12.82535862676158,0.8552145923626085,2.3767834582746734
12,0.2819091742016503,999,0.2871446079295243,0.001001001001001001,True,True,6.014734640542416,4.899658094013355,1.0248906184183717,2.7230220284702793
12,0.2819091742016503,999,0.2858926731807824,0.001001001001001001,True,True,5.414082693085875,6.883139718390929,0.9406618264579892,2.7236899458361137
12,0.2819091742016503,999,0.29490696590109194,0.001001001001001001,True,True,5.365929566118873,12.118696608995789,0.9896051965752632,2.9434617638009533
12,0.2819091742016503,999,0.2926969465964031,0.001001001001001001,True,True,5.618208845491095,10.576313480531416,0.9282894811284323,2.7226683724516905
12,0.2819091742016503,999,0.2997195432532781,0.001001001001001001,True,True,5.628494003751632,9.21150323659442,0.9673697180644449,2.5470568882050326
12,0.2819091742016503,999,0.2790740999956698,0.001001001001001001,True,True,6.149716525934483,3.4706833714113903,0.9440963411846968,2.613378927834271
12,0.2819091742016503,999,0.29352170090722973,0.001001001001001001,True,True,5.29577809556916,9.755898691045164,0.9390490293784356,2.6254309155080198
12,0.2819091742016503,999,0.27487963521489434,0.001001001001001001,True,True,5.24475556627806,32.877876340031726,0.8861735000894085,2.7416325676351643
12,0.2819091742016503,999,0.28548039672797104,0.001001001001001001,True,True,5.456467648725326,5.66576898221622,0.9197223504413169,2.6088851068837817
12,0.2819091742016503,999,0.28981564374641877,0.001001001001001001,True,True,5.884604760139887,11.277458941673283,1.0212752033951333,2.778451178895953
12,0.2819091742016503,999,0.29079568146961354,0.001001001001001001,True,True,5.8452540284064325,4.350586280275041,0.9434517321179828,2.7921388412325148
12,0.2819091742016503,999,0.2839021855485724,0.001001001001001001,True,True,5.803921192654604,4.67504176084353,0.8567511163885726,2.4304985240493875
12,0.2819091742016503,999,0.28744570870966735,0.001001001001001001,True,True,5.408397484711648,5.099486452315432,0.8901331060248119,2.6556330770210703
12,0.2819091742016503,999,0.2804217022163636,0.001001001001001001,True,True,5.18707005095652,7.47874549990112,0.9910282393085532,2.8006906221478776
12,0.2819091742016503,999,0.2798049994813816,0.001001001001001001,True,True,5.893117204936033,4.619447122225154,0.9577695902210257,2.5774258962113787
12,0.2819091742016503,999,0.2898885524303063,0.001001001001001001,True,True,5.141032742303644,6.878783762222959,0.8721274218334968,2.6036412374932985
12,0.2819091742016503,999,0.28091856885490063,0.001001001001001001,True,True,5.294656693384811,6.853381327030658,0.9716481093210642,2.625834216323199
12,0.2819091742016503,999,0.268899713299692,0.001001001001001001,True,True,5.092731723907141,7.0499085285337015,0.9444588263701367,2.775571813520467
12,0.2819091742016503,999,0.2732363701545685,0.001001001001001001,True,True,5.921860336321653,8.42377223778729,0.9101072786988126,2.7627664405381345
12,0.2819091742016503,999,0.27510017391339375,0.001001001001001001,True,True,5.691281876784993,9.923485087649155,0.8763932787640617,2.6590784255973885
12,0.2819091742016503,999,0.29456900796859686,0.001001001001001001,True,True,5.716439388814203,10.039581367062405,0.9816761963010774,2.773797299036076
12,0.2819091742016503,999,0.2865154180718876,0.001001001001001001,True,True,5.152240324172057,10.780873235308242,0.9046742479171137,2.5473181250521195
12,0.2819091742016503,999,0.26619161892524146,0.001001001001001001,True,True,5.824334064142601,4.466302234463069,0.9927149526869193,2.760231656436099
12,0.2819091742016503,999,0.27082494564577053,0.001001001001001001,True,True,5.886061030646601,4.3550887569820045,0.936195266384393,2.7176325377906796
12,0.2819091742016503,999,0.280339327487883,0.001001001001001001,True,True,5.390823823238626,7.708523268779918,0.9017998401692956,2.6486747963183017
12,0.2819091742016503,999,0.2709345100768059,0.001001001001001001,True,True,5.072915127084113,21.021668150710898,0.9696497901153002,2.591611180776012
12,0.2819091742016503,999,0.2938999398805466,0.001001001001001001,True,True,5.584675680123501,11.868165089907972,0.9794312675756771,2.8077371156298265
12,0.2819091742016503,999,0.2952755374246115,0.001001001001001001,True,True,5.907326860689419,6.144453892178144,0.9339889492104105,2.7161336150490305
12,0.2819091742016503,999,0.2793536504189732,0.001001001001001001,True,True,5.645819032112672,16.483057853664715,0.8290108367836984,2.4380115291339814
12,0.2819091742016503,999,0.285759141530458,0.001001001001001001,True,True,5.779112803153157,7.22487955807579,0.920704682315984,2.510884461283517
12,0.2819091742016503,999,0.28532088380631665,0.001001001001001001,True,True,5.688082959804521,4.70619629594858,0.9557756466213091,2.8950650375415687
12,0.2819091742016503,999,0.2700747112604643,0.001001001001001001,True,True,4.911030354091957,9.032837944725074,0.9608423673484197,2.6285349942452707
12,0.2819091742016503,999,0.2800668262467234,0.001001001001001001,True,True,5.755773118888986,6.294103489489972,0.9070668280093371,2.7423386252978434
12,0.2819091742016503,999,0.27698230554579306,0.001001001001001001,True,True,5.164693170014014,18.044166695568386,0.9574158524623241,2.732607152562626
12,0.2819091742016503,999,0.2753021833331152,0.001001001001001001,True,True,6.027267131634591,13.520395381591104,0.9941863561363026,2.8855531326633987
16,0.2819091742016503,999,0.28440408731721223,0.001001001001001001,True,True,4.9835200826403705,9.67607732090459,0.9395244729781421,2.7486483184075072
16,0.2819091742016503,999,0.2793790274746909,0.001001001001001001,True,True,5.81353191797412,6.278777183210128,0.9331352675489456,2.65980345138552
16,0.2819091742016503,999,0.2704839666352139,0.001001001001001001,True,True,5.375426961006265,7.332506163061141,0.9617051454061143,2.740058149005307
16,0.2819091742016503,999,0.2818901475595228,0.001001001001001001,True,True,5.836467096363841,4.131083213111363,0.8798827051151433,2.6622640370683897
16,0.2819091742016503,999,0.2968134675631884,0.001001001001001001,True,True,5.736675119347075,5.56687845246842,0.8980510610307898,2.5656581762551274
16,0.2819091742016503,999,0.28349454141545566,0.001001001001001001,True,True,5.224681447336701,6.978749111383776,0.919237011844554,2.5448859025809396
16,0.2819091742016503,999,0.29221135864929615,0.001001001001001001,True,True,5.694185843247438,4.750502139335054,0.9546730493681017,2.7256238266621744
16,0.2819091742016503,999,0.27851298509702194,0.001001001001001001,True,True,5.594970940407281,5.2675468583206415,0.9585384508531127,2.620971840033458
16,0.2819091742016503,999,0.27745117686095894,0.001001001001001001,True,True,5.692127735165341,8.034582624227909,0.8888895619335929,2.674835753116106
16,0.2819091742016503,999,0.26562043376638805,0.001001001001001001,True,True,5.83792548757143,4.431474982635054,0.8999546863759794,2.590032081362945
16,0.2819091742016503,999,0.30620861752446826,0.001001001001001001,True,True,5.296913192098267,8.348504013907403,0.9282911865383392,2.5481999047770696
16,0.2819091742016503,999,0.28644492625044937,0.001001001001001001,True,True,5.067004559277227,14.687511015347662,0.9996377976149192,2.6827730914851746
16,0.2819091742016503,999,0.28522702898120184,0.001001001001001001,True,True,5.687997095847741,5.129556462147248,0.8959928622956269,2.552227216947884
16,0.2819091742016503,999,0.3056309873990834,0.001001001001001001,True,True,5.016694208933591,12.430781534139504,0.8748855829100382,2.5648677071483297
16,0.2819091742016503,999,0.2881514325448655,0.001001001001001001,True,True,5.918182777483571,4.800379795061833,0.9810154633279667,2.6990037872518196
16,0.2819091742016503,999,0.2888648097778198,0.001001001001001001,True,True,5.489354622335303,16.80887432212034,0.9614000771362085,2.7340804360748527
16,0.2819091742016503,999,0.2794485122701086,0.001001001001001001,True,True,5.913634859935877,6.092083766409416,0.957435205928203,2.707008493854896
16,0.2819091742016503,999,0.27833111619771145,0.001001001001001001,True,True,4.677024197808391,12.911176390017339,0.9380310578911026,2.6538890955708547
16,0.2819091742016503,999,0.2816649765413288,0.001001001001001001,True,True,5.162064737733965,7.4482000833779685,0.8974243496245696,2.5966234979408194
16,0.2819091742016503,999,0.2655716937069937,0.001001001001001001,True,True,5.632677228573843,4.642452499229346,0.9094330199785775,2.702406268286737
16,0.2819091742016503,999,0.27730495668277577,0.001001001001001001,True,True,5.160944170799747,21.506467176966733,0.8327899387219697,2.3969018748214976
16,0.2819091742016503,999,0.2973880766105116,0.001001001001001001,True,True,5.747854563972298,8.568876658065355,0.9277756593048719,2.630092306326001
16,0.2819091742016503,999,0.29081541917961623,0.001001001001001001,True,True,5.487429740521254,11.340578060471971,0.9087370395907828,2.616720257067547
16,0.2819091742016503,999,0.3051254603367696,0.001001001001001001,True,True,6.132700640342246,4.4608419645749375,0.89097054660442,2.501356727357386
16,0.2819091742016503,999,0.27221504436453137,0.001001001001001001,True,True,5.351254864520136,9.58853147801161,0.9372113215794443,2.6928120381909197
16,0.2819091742016503,999,0.28014114476703966,0.001001001001001001,True,True,6.588914483214288,2.9356633606138303,0.9581847879314814,2.714733669286749
16,0.2819091742016503,999,0.29613594045656544,0.001001001001001001,True,True,5.514172109762089,8.232319501439402,0.9166875336213995,2.752206304489241
16,0.2819091742016503,999,0.27654948576216265,0.001001001001001001,True,True,5.465509226274529,5.888133240652569,0.8347157843496185,2.5825191107159076
16,0.2819091742016503,999,0.2857043593149403,0.001001001001001001,True,True,5.495544655032518,14.24034311340207,1.0062040936382857,2.8664698491442997
16,0.2819091742016503,999,0.28643123069657,0.001001001001001001,True,True,5.654847395299121,5.228739493262087,0.8819463840755289,2.6553396690164015
16,0.2819091742016503,999,0.28281157636832177,0.001001001001001001,True,True,5.148465934689004,13.633318293632161,0.9110353036528029,2.7520565246632738
16,0.2819091742016503,999,0.285675961181161,0.001001001001001001,True,True,5.692754436071106,8.931421757233885,0.9641205251267606,2.7689530377293603
16,0.2819091742016503,999,0.27808640887471897,0.001001001001001001,True,True,6.132048296885285,5.14861504025002,0.9283892655429353,2.6622008599756253
16,0.2819091742016503,999,0.2904607446151801,0.001001001001001001,True,True,5.855291496027512,5.33863182477851,0.9170908236746869,2.6937396527528583
16,0.2819091742016503,999,0.27383031410148606,0.001001001001001001,True,True,5.8911758225983055,4.451709826782338,0.9368244724777972,2.6783052101148743
16,0.2819091742016503,999,0.281247866363619,0.001001001001001001,True,True,5.4483168947732485,8.43624120447866,0.9312708936871837,2.592264149883809
16,0.2819091742016503,999,0.2755460850352912,0.001001001001001001,True,True,5.648670488523529,7.157746635101805,0.8676860389102559,2.5913795908030357
16,0.2819091742016503,999,0.2866626452760913,0.001001001001001001,True,True,5.361254276842014,8.516894560818269,0.892648768869061,2.5906019297503855
16,0.2819091742016503,999,0.29477786516525806,0.001001001001001001,True,True,5.131475713040223,13.04314021909117,0.8469016822097298,2.4814406155806386
16,0.2819091742016503,999,0.286109989396016,0.001001001001001001,True,True,6.055353126161174,12.933600120724467,0.9576134986236214,2.7243713060019132
16,0.2819091742016503,999,0.2855456520141024,0.001001001001001001,True,True,5.245657899490776,7.709614916996232,0.9782396952492991,2.794456643445361
16,0.2819091742016503,999,0.2774966944370876,0.001001001001001001,True,True,5.474040815527125,6.570168782480766,0.8964098609317409,2.561321219005383
16,0.2819091742016503,999,0.28778245821093773,0.001001001001001001,True,True,5.617055283435115,13.079096538916463,0.9106413034323046,2.7979270804034297
16,0.2819091742016503,999,0.2757813263136906,0.001001001001001001,True,True,4.820297315935214,10.3438927500979,0.9053161135400445,2.7481616218516094
16,0.2819091742016503,999,0.26275967424722285,0.001001001001001001,True,True,5.676768989393232,6.300018739076907,0.9008739839824255,2.6433440842368254
16,0.2819091742016503,999,0.27655411808185715,0.001001001001001001,True,True,5.5103430686502595,8.529049861796745,0.966366549157427,2.757557981252596
16,0.2819091742016503,999,0.27504519029267194,0.001001001001001001,True,True,5.560647231855863,4.966401590218219,0.9729063452114203,2.716164276986241
16,0.2819091742016503,999,0.2919213351553791,0.001001001001001001,True,True,6.2972908629988344,3.671429361454093,0.9390788517558424,2.7874650350140473
16,0.2819091742016503,999,0.2793812429319361,0.001001001001001001,True,True,5.139650656813089,7.9295132545592875,0.9597460811851829,2.5881792044336716
16,0.2819091742016503,999,0.2771831065342898,0.001001001001001001,True,True,6.0312637046902,5.604626759391975,0.9307669839998375,2.752986234852371
16,0.2819091742016503,999,0.3011428738307169,0.001001001001001001,True,True,5.858774918034079,7.223112433077847,0.9124899640015195,2.6564182767543913
16,0.2819091742016503,999,0.27941648884265524,0.001001001001001001,True,True,4.709042891649292,10.719792782217947,0.9209833382264008,2.6029874702329967
16,0.2819091742016503,999,0.28477729116042627,0.001001001001001001,True,True,5.275540509582988,9.113480264195147,0.8777328803956769,2.537861654879305
16,0.2819091742016503,999,0.27386596282261333,0.001001001001001001,True,True,5.013380778397432,8.975714267974011,0.9738949791914754,2.7935336225593534
16,0.2819091742016503,999,0.2870271886955287,0.001001001001001001,True,True,5.996325954392792,5.19918628119451,1.0081816140871478,2.752616485158177
16,0.2819091742016503,999,0.27238120365792134,0.001001001001001001,True,True,5.893837151827522,4.084327448409367,0.9549066799332624,2.7957523522382752
16,0.2819091742016503,999,0.2841644151243224,0.001001001001001001,True,True,5.943009336641779,11.994734076196186,0.889009667957572,2.6995672797529897
16,0.2819091742016503,999,0.28240010553632694,0.001001001001001001,True,True,5.637079603508104,4.30945514026509,0.9102314341364608,2.5686806679645233
16,0.2819091742016503,999,0.2912482389632466,0.001001001001001001,True,True,5.550021071675178,10.180284454082758,0.9649930268829707,2.7055880840374478
16,0.2819091742016503,999,0.2852822140071277,0.001001001001001001,True,True,5.569644153663067,6.0810929389054635,0.9824590041900678,2.712612427719523
16,0.2819091742016503,999,0.28545441545664096,0.001001001001001001,True,True,5.709188911029599,8.530421870312837,0.8995891950035566,2.542959369505292
16,0.2819091742016503,999,0.30301453239250253,0.001001001001001001,True,True,5.629729151485495,4.937560859887101,0.9070129597424176,2.670870009518531
16,0.2819091742016503,999,0.27994658733987027,0.001001001001001001,True,True,5.293004329045961,7.394145446724313,0.9078141190330634,2.6141234500408665
16,0.2819091742016503,999,0.2808770793828542,0.001001001001001001,True,True,5.473153193034869,7.466005358459259,0.9730663887024564,2.7527605985187367
16,0.2819091742016503,999,0.28275618993719176,0.001001001001001001,True,True,5.239261028075267,16.29406388727115,0.9118791444969112,2.392739741975227
16,0.2819091742016503,999,0.2962865915492391,0.001001001001001001,True,True,6.079780833719279,7.870561666451282,0.8908778001377888,2.5230833168698443
16,0.2819091742016503,999,0.2573924269629203,0.001001001001001001,True,True,5.767293545338118,9.18810293472471,0.9680889233895241,2.685978312249556
16,0.2819091742016503,999,0.27042737177285925,0.001001001001001001,True,True,5.351534601460584,6.503935973106474,0.8495305335052311,2.5233349995810577
16,0.2819091742016503,999,0.27261523650509606,0.001001001001001001,True,True,5.745768221123215,8.662763852883808,0.9434517059664022,2.575692234312932
16,0.2819091742016503,999,0.2755414527155967,0.001001001001001001,True,True,6.765385031209616,3.4402700394430865,0.9289791312037323,2.73901153114174
16,0.2819091742016503,999,0.2715058966408633,0.001001001001001001,True,True,6.124598815013929,9.046635780149435,0.915989074385777,2.6376667886053733
16,0.2819091742016503,999,0.29242404254483534,0.001001001001001001,True,True,4.642277337547362,21.7040694711499,0.9358484669658808,2.726463959019265
16,0.2819091742016503,999,0.2908077657818601,0.001001001001001001,True,True,5.428824685028506,14.216007895340725,0.9110316065430935,2.6520322404638397
16,0.2819091742016503,999,0.28298196517099805,0.001001001001001001,True,True,5.078984988189514,7.55252007625207,0.9309900193771121,2.5869404201566146
16,0.2819091742016503,999,0.2879200179653442,0.001001001001001001,True,True,4.741115848383464,14.13170366692179,0.9510632752863712,2.6757327315743162
16,0.2819091742016503,999,0.2658029068813109,0.001001001001001001,True,True,6.030414530010971,4.889265669262261,0.893964894048365,2.578994618559742
16,0.2819091742016503,999,0.2865178349343369,0.001001001001001001,True,True,5.6778249964239675,4.2324228459825655,0.9024463481884776,2.5257030851748348
16,0.2819091742016503,999,0.26400878932310734,0.001001001001001001,True,True,5.967795887694418,4.194064576326915,0.857450097030068,2.5089486864462733
16,0.2819091742016503,999,0.28354247585403364,0.001001001001001001,True,True,5.158628633034628,10.461061697233163,0.9397218202551738,2.686203565218794
16,0.2819091742016503,999,0.2786481279889791,0.001001001001001001,True,True,6.5341140303855365,3.343285756507253,0.9037975791113516,2.6664431954196424
16,0.2819091742016503,999,0.27354935384175394,0.001001001001001001,True,True,5.791026590113476,5.643708334830667,0.9658220893919676,2.689814172113079
16,0.2819091742016503,999,0.2798049994813816,0.001001001001001001,True,True,6.062318693681494,3.6185431667940846,0.8956263295340998,2.6196029725240106
16,0.2819091742016503,999,0.2980080018287592,0.001001001001001001,True,True,5.209009275143214,13.299793600828519,0.955036011475564,2.7521813393327714
16,0.2819091742016503,999,0.27535092339250955,0.001001001001001001,True,True,5.4833154639497526,6.981512310821979,0.9773397419159352,2.8716769169314995
16,0.2819091742016503,999,0.2984647888316786,0.001001001001001001,True,True,6.093798410282878,4.813161469898374,0.9622127631592072,2.5678694228758143
16,0.2819091742016503,999,0.2794978565451153,0.001001001001001001,True,True,5.837357296997594,8.046850830789971,0.9692747686167695,2.612513450672611
16,0.2819091742016503,999,0.27786929406468935,0.001001001001001001,True,True,5.30222964707212,10.219722971853088,0.9398466257026548,2.6540566459435513
16,0.2819091742016503,999,0.2895387115907688,0.001001001001001001,True,True,5.180216006790142,6.911227297258028,0.9880807259507707,2.815919891564494
16,0.2819091742016503,999,0.28240896736530774,0.001001001001001001,True,True,5.846334264472843,19.783117549326782,0.9618973374208817,2.7059340003111534
16,0.2819091742016503,999,0.2813010373375038,0.001001001001001001,True,True,6.017649769387509,5.6446997012634235,0.94232060329091,2.578122896575391
16,0.2819091742016503,999,0.30109030707244444,0.001001001001001001,True,True,5.673958376919363,4.897734232251298,0.9523548442434395,2.7633175144527726
16,0.2819091742016503,999,0.273710075194633,0.001001001001001001,True,True,5.929936972507545,5.737102839649322,0.8632980455814019,2.458162944897614
16,0.2819091742016503,999,0.27841187968455916,0.001001001001001001,True,True,6.010884935544037,7.3088008266891435,0.9374102548106277,2.6342228354529227
16,0.2819091742016503,999,0.2698066409337951,0.001001001001001001,True,True,6.11236109862921,3.9763013303960504,0.9040895565138014,2.5204144069307266
16,0.2819091742016503,999,0.2765422351748147,0.001001001001001001,True,True,5.770897512042744,6.2176103412972745,0.9117160321747304,2.6536224401988013
16,0.2819091742016503,999,0.28682397084458267,0.001001001001001001,True,True,5.353189556925083,7.297697903016959,0.9941919651481107,2.768726561196701
16,0.2819091742016503,999,0.2792144794229338,0.001001001001001001,True,True,5.253250514806149,10.962878193223911,0.9665907839922704,2.7977181759910623
16,0.2819091742016503,999,0.27346516646643637,0.001001001001001001,True,True,5.0519245649542714,10.698030558393334,1.036413348194067,2.868753392179101
16,0.2819091742016503,999,0.2767039635537143,0.001001001001001001,True,True,5.736704247157209,4.710326173948,0.9253502774770156,2.559161650803003
16,0.2819091742016503,999,0.2807272339109971,0.001001001001001001,True,True,5.213512508098983,7.333318088267673,0.9688934913404622,2.759883897059553
19,0.2819091742016503,999,0.2859156333740508,0.001001001001001001,True,True,6.056161204259215,14.160234865770137,0.936071129201412,2.6403920539150283
19,0.2819091742016503,999,0.279886971399454,0.001001001001001001,True,True,5.314732532426468,11.52402582796566,0.8672418996498316,2.5928238011802507
19,0.2819091742016503,999,0.280199149465823,0.001001001001001001,True,True,6.07277658416964,6.079137280785074,0.9537523278239706,2.925501988622807
19,0.2819091742016503,999,0.28246334677041723,0.001001001001001001,True,True,6.058480889882186,6.649396952991396,0.9225203300333692,2.65850722612835
19,0.2819091742016503,999,0.27894882595871395,0.001001001001001001,True,True,5.818261643433163,4.952985645390807,0.8762416654924368,2.5310647542101328
19,0.2819091742016503,999,0.28176789460062857,0.001001001001001001,True,True,6.012708408455618,4.960070269641682,0.989055180040123,2.8387397737157314
19,0.2819091742016503,999,0.270862608418939,0.001001001001001001,True,True,5.093524751269812,6.734666658395213,0.9515757962320947,2.877952105489723
19,0.2819091742016503,999,0.27448045010035016,0.001001001001001001,True,True,5.010582393408732,6.371111737577314,0.9610121694095001,2.687513754023987
19,0.2819091742016503,999,0.27976874654464196,0.001001001001001001,True,True,5.6376269419662925,12.472812076662704,0.9583149573991665,2.813096994329203
19,0.2819091742016503,999,0.2768513921631221,0.001001001001001001,True,True,5.603061020231399,4.861970779346036,0.9167376798852556,2.6969179818623887
19,0.2819091742016503,999,0.2812819038431134,0.001001001001001001,True,True,5.2479111615116,8.462756163628868,0.9110826595932462,2.7496478789804515
19,0.2819091742016503,999,0.29312674530197186,0.001001001001001001,True,True,5.994716941759255,8.922227109329004,0.8978884477714837,2.6774283030565846
19,0.2819091742016503,999,0.2943861320432659,0.001001001001001001,True,True,5.6164866476542965,5.97526812984127,0.968410368345749,2.8216948054012554
19,0.2819091742016503,999,0.2984672056941279,0.001001001001001001,True,True,5.923585319141823,6.264524773312609,0.9233395680449246,2.7077951762417296
19,0.2819091742016503,999,0.2792440859879379,0.001001001001001001,True,True,5.243520031343988,6.685386695378159,0.9229361340998178,2.7060419773406426
19,0.2819091742016503,999,0.2836103494078184,0.001001001001001001,True,True,5.478672074674863,17.612529735979596,0.9383475930093946,2.7120219278746345
19,0.2819091742016503,999,0.28140617085404873,0.001001001001001001,True,True,5.95310403775865,6.31429061965361,1.003454986057072,2.7645180194729426
19,0.2819091742016503,999,0.2934423472568108,0.001001001001001001,True,True,4.949642245453297,10.094739534800233,0.8839747227061814,2.670124137549538
19,0.2819091742016503,999,0.2814069764748651,0.002002002002002002,True,True,5.691620079925736,8.757452495818935,0.9691510807254629,2.706166250696843
19,0.2819091742016503,999,0.2986363860655796,0.001001001001001001,True,True,5.684067500344956,5.766339818670312,0.965202296683326,2.8158722174899293
19,0.2819091742016503,999,0.2772602447274636,0.001001001001001001,True,True,5.034150564464912,18.35131392899851,1.032647248436901,2.9134508639488765
19,0.2819091742016503,999,0.2945510829054312,0.001001001001001001,True,True,5.572243173632314,8.42842011356396,0.9769743055747261,2.7940291564422517
19,0.2819091742016503,999,0.27002435995943697,0.001001001001001001,True,True,5.681921292594142,10.415597335694182,0.964694392099304,2.7518809624374923
19,0.2819091742016503,999,0.2739201408225187,0.001001001001001001,True,True,5.242074705118607,8.494842901413953,0.9040922495210547,2.4995102755012093
19,0.2819091742016503,999,0.2722261216507573,0.001001001001001001,True,True,6.3940345584144485,3.854589316300116,0.9875082181501369,2.7098320244066754
19,0.2819091742016503,999,0.2746059255425101,0.001001001001001001,True,True,5.53449320177179,6.284470390254501,0.950875477311212,2.5244175354207945
19,0.2819091742016503,999,0.2787363434683789,0.001001001001001001,True,True,5.7941624398775415,5.992193447766449,0.9494602326441746,2.7876833778747496
19,0.2819091742016503,999,0.27505324650083635,0.001001001001001001,True,True,5.541720424371897,10.472534683690213,1.0191514216327264,2.6662921398899333
19,0.2819091742016503,999,0.2801818286182697,0.001001001001001001,True,True,5.691125082016765,6.200340293881421,0.9789560595083961,2.7148921479035315
19,0.2819091742016503,999,0.2978994444237445,0.001001001001001001,True,True,5.965904795758698,7.133791496869126,0.940477283149389,2.7254726125454147
19,0.2819091742016503,999,0.29787024066914863,0.001001001001001001,True,True,5.386205152459883,5.611830960341517,0.9126742218396111,2.631750202692203
19,0.2819091742016503,999,0.2584375185670423,0.001001001001001001,True,True,6.428439465204143,3.949456062023869,0.9410620666551913,2.7577573150985666
19,0.2819091742016503,999,0.29254689971934184,0.001001001001001001,True,True,4.644011089991094,13.332777677672192,0.9811059310796422,2.892480648837609
19,0.2819091742016503,999,0.27505808022573497,0.001001001001001001,True,True,5.674335869591938,8.548963092655821,0.9508479169694505,2.6153451332091393
19,0.2819091742016503,999,0.27638856300407944,0.001001001001001001,True,True,5.351599594306517,7.528951415640787,1.0023494179970922,2.7586172523135786
19,0.2819091742016503,999,0.2829344335428283,0.001001001001001001,True,True,4.963241998747119,10.437849663472058,0.8738986940025699,2.5293337219552487
19,0.2819091742016503,999,0.2889866599263059,0.001001001001001001,True,True,5.1569070930540155,6.026755780991149,1.0153728656380252,2.873369948862947
19,0.2819091742016503,999,0.30288482744105627,0.001001001001001001,True,True,5.378734479828628,6.180944269866907,0.9502772167510025,2.7691825887301977
19,0.2819091742016503,999,0.28652609254770534,0.001001001001001001,True,True,5.379699558222548,15.399506976440728,0.9185409637674403,2.6630382471614267
19,0.2819091742016503,999,0.283133220479284,0.001001001001001001,True,True,5.384814359200473,6.0270257835888925,0.9063474098639398,2.6103540690046714
19,0.2819091742016503,999,0.2979320720668101,0.001001001001001001,True,True,5.118061003804217,8.220616017702005,0.9451256457903516,2.6707933014787835
19,0.2819091742016503,999,0.2809242082006157,0.001001001001001001,True,True,5.631295361504035,9.288368508459776,0.9488740977087036,2.76593475584273
19,0.2819091742016503,999,0.2818349625335969,0.001001001001001001,True,True,4.627790324758909,7.671225439740652,0.9587504251185609,2.749910438873825
19,0.2819091742016503,999,0.284390794573741,0.001001001001001001,True,True,5.183870457182644,5.358122710163911,0.9207105493481451,2.7562471624682967
19,0.2819091742016503,999,0.2766685162377911,0.001001001001001001,True,True,5.907761998205391,8.421440804221522,0.9594600919707361,2.8403687567693106
19,0.2819091742016503,999,0.2778777530832619,0.001001001001001001,True,True,5.325365446812948,10.22696473108173,0.9070438187631814,2.5017221417405247
19,0.2819091742016503,999,0.2941903661848718,0.001001001001001001,True,True,5.604632817202906,4.463446131932163,0.9581667796038563,2.775783433801217
19,0.2819091742016503,999,0.2699278868666688,0.001001001001001001,True,True,5.543443999121635,15.898691816770597,0.9807521406492806,2.7041135317323906
19,0.2819091742016503,999,0.28879230390434063,0.001001001001001001,True,True,5.909372851454862,5.683996783655791,0.9495043813691313,2.8005877678758146
19,0.2819091742016503,999,0.2793963483222443,0.001001001001001001,True,True,5.906729785275781,6.211666297709636,0.9894464948634873,2.8420194414373228
19,0.2819091742016503,999,0.27788742053305915,0.001001001001001001,True,True,5.42870350031041,11.140189198420746,0.921515874754372,2.707972654329997
19,0.2819091742016503,999,0.27734684896523043,0.001001001001001001,True,True,5.072418647173459,8.981151546504352,0.9511218469895467,2.653818334329067
19,0.2819091742016503,999,0.26236149615869925,0.001001001001001001,True,True,4.804952370553952,19.119966449623217,1.031294870900609,2.8709706913683943
19,0.2819091742016503,999,0.2900849225043126,0.001001001001001001,True,True,4.8958198295999535,20.40138943902158,0.9412606000605197,2.7191382545929974
19,0.2819091742016503,999,0.2852167573157923,0.001001001001001001,True,True,5.281288265259202,5.699615062242585,0.9793265881145509,2.6434830099164617
19,0.2819091742016503,999,0.26567723003394683,0.001001001001001001,True,True,5.690218624054095,10.032275603283626,0.9404570484628905,2.7841888307309386
19,0.2819091742016503,999,0.27921145834487215,0.001001001001001001,True,True,5.527659688460719,14.910706282131839,0.9141188348743375,2.6474644078351846
19,0.2819091742016503,999,0.2794551586418441,0.001001001001001001,True,True,5.489255939876075,7.163466509247208,0.9462073081371285,2.6334173303901234
19,0.2819091742016503,999,0.2805727561194453,0.001001001001001001,True,True,5.853595830392793,6.4196590127498725,0.9451500410746757,2.592022673503685
19,0.2819091742016503,999,0.27717061941163496,0.001001001001001001,True,True,6.214291412387355,3.0558686275345033,0.9198869013948866,2.684411548795909
19,0.2819091742016503,999,0.2718980325732637,0.001001001001001001,True,True,5.2707088890505815,15.439155218555682,0.9622409543256468,2.6224907194483547
19,0.2819091742016503,999,0.26067573460030635,0.001001001001001001,True,True,5.821888016415111,5.698583104308031,0.8805047670400612,2.6123830797566305
19,0.2819091742016503,999,0.29703863858138235,0.001001001001001001,True,True,5.739498456368571,11.068808918875638,0.9382517419129219,2.7422420456086183
19,0.2819091742016503,999,0.3009587894741612,0.001001001001001001,True,True,5.373071134564166,8.142931025116022,0.9549755140501228,2.736938337142593
19,0.2819091742016503,999,0.2936437524609199,0.001001001001001001,True,True,5.613091922713592,5.8102337861575615,0.8938036487085095,2.572945551481247
19,0.2819091742016503,999,0.2921938363965387,0.001001001001001001,True,True,5.30677950726219,6.782347733116749,0.9272358327537756,2.7062177293856156
19,0.2819091742016503,999,0.27500732611429946,0.001001001001001001,True,True,5.597989134161213,8.234698927654728,0.9756012662631607,2.7781871507419718
19,0.2819091742016503,999,0.28865413993432176,0.001001001001001001,True,True,5.499146433878849,9.096609153780163,0.8966936183342901,2.5968095885227265
19,0.2819091742016503,999,0.2814748500286499,0.001001001001001001,True,True,5.719030368647986,8.767307332190693,0.9524993537538238,2.629112648259112
19,0.2819091742016503,999,0.2889024725509882,0.001001001001001001,True,True,5.782185556824492,9.699344638430345,0.9033115338150864,2.7376650696621323
19,0.2819091742016503,999,0.3042586123382842,0.001001001001001001,True,True,5.569018888329925,6.595252373545244,0.9821215935907919,2.645982594703196
19,0.2819091742016503,999,0.2812130232633081,0.001001001001001001,True,True,5.196403309451275,15.214450314033845,0.9807208909402501,2.7906679118237223
19,0.2819091742016503,999,0.2675172679786873,0.001001001001001001,True,True,5.3237704115905915,4.954815922422675,0.9839126083519728,2.6870546897247207
19,0.2819091742016503,999,0.28652871081535874,0.001001001001001001,True,True,5.025918776662897,7.8199992924070045,0.9789564881169233,2.58656652075806
19,0.2819091742016503,999,0.2808825173233651,0.001001001001001001,True,True,5.589966198442527,7.84114623149033,0.9505018800937528,2.876103563340724
19,0.2819091742016503,999,0.278803008590939,0.001001001001001001,True,True,5.748576573396756,5.351849476912161,0.9262747234271315,2.6753531430495485
19,0.2819091742016503,999,0.28514948797761985,0.001001001001001001,True,True,5.229854024078294,8.895722857174965,0.9345826598155482,2.611949263754029
19,0.2819091742016503,999,0.28714863603360646,0.001001001001001001,True,True,5.037685312259183,24.631470757550304,1.0331367215668679,2.611248430293095
19,0.2819091742016503,999,0.28793089384636605,0.001001001001001001,True,True,5.771504562283066,5.75282100916776,0.9560426302702051,2.599913734114897
19,0.2819091742016503,999,0.2701695731115996,0.001001001001001001,True,True,5.551299125384918,12.454658935291528,0.9380754662249176,2.6791787472347415
19,0.2819091742016503,999,0.29461492835513375,0.001001001001001001,True,True,6.345566786907868,3.664294661156823,0.9181244034543915,2.551668841085915
19,0.2819091742016503,999,0.27438437981799013,0.001001001001001001,True,True,5.077261170324436,6.694226407123802,0.9318229561043322,2.4551088222630186
19,0.2819091742016503,999,0.2874058304792537,0.001001001001001001,True,True,5.7743459507587565,8.707140475465662,0.969527340580157,2.8030245063151864
19,0.2819091742016503,999,0.2678659003870001,0.001001001001001001,True,True,5.8078833023205725,5.029203152273316,0.8506084434803699,2.383269649027891
19,0.2819091742016503,999,0.26665424667907994,0.001001001001001001,True,True,5.657043525336591,14.735938409673803,0.9710061617566474,2.7073385397185366
19,0.2819091742016503,999,0.2660371411336897,0.001001001001001001,True,True,5.65901273319362,8.182185068030975,0.9505545920210209,2.798232148641888
19,0.2819091742016503,999,0.2840768038605349,0.001001001001001001,True,True,6.096618333845077,4.945589758504648,0.9271493118436078,2.7071033184373188
19,0.2819091742016503,999,0.2817682974110368,0.001001001001001001,True,True,5.132938389001661,9.085805199559534,0.933502476812959,2.830844007633038
19,0.2819091742016503,999,0.2840467944851227,0.001001001001001001,True,True,5.979285547668217,5.920691654873519,0.911978852339367,2.6749267436307056
19,0.2819091742016503,999,0.2962877999804637,0.001001001001001001,True,True,5.124946092447635,38.2644279630314,0.9403844744438945,2.6888560253278033
19,0.2819091742016503,999,0.28824971828447077,0.001001001001001001,True,True,5.598137211916267,8.798480658141298,0.9073359980448747,2.4814957294259234
19,0.2819091742016503,999,0.26594852284388176,0.001001001001001001,True,True,5.448148960450106,9.899025639647006,0.9707809600643484,2.699130148744515
19,0.2819091742016503,999,0.2845402372351899,0.001001001001001001,True,True,6.149522507621943,5.877975129584354,0.9176339728520074,2.6129299417661627
19,0.2819091742016503,999,0.2983562314266639,0.001001001001001001,True,True,5.261554532174564,9.050351167613346,0.9541394689239341,2.6472395374117754
19,0.2819091742016503,999,0.29202223916263775,0.001001001001001001,True,True,6.053452604699039,8.852588522694326,0.9310019733087666,2.6733404649544914
19,0.2819091742016503,999,0.3003614216387738,0.001001001001001001,True,True,5.29612145306991,11.79257132993662,0.9055805171827946,2.5445200856617913
19,0.2819091742016503,999,0.2701681632751709,0.001001001001001001,True,True,5.0385157612276,10.54852562595884,0.8654701667420894,2.4514532749288396
19,0.2819091742016503,999,0.27554628644049534,0.001001001001001001,True,True,5.597219241289163,5.886856847943649,0.9375471717061383,2.460658321174094
19,0.2819091742016503,999,0.28111393190288647,0.001001001001001001,True,True,5.501243479965038,8.757246837686623,0.9714078850825597,2.7407945134143428
19,0.2819091742016503,999,0.2773007271734894,0.001001001001001001,True,True,5.952305210501975,4.457252637146125,0.9549429822538802,2.6701150689233617
22,0.2819091742016503,999,0.2783679733500634,0.001001001001001001,True,True,4.798947752206142,20.60191610548343,0.9675646825976321,2.902458352141821
22,0.2819091742016503,999,0.2835150847462748,0.001001001001001001,True,True,5.3720138530132555,6.793841434704523,0.9555904663612652,2.7493496083197737
22,0.2819091742016503,999,0.2838314923219301,0.001001001001001001,True,True,5.081738859336998,8.695705378253244,0.9466322081805487,2.5605433480044058
22,0.2819091742016503,999,0.2824552905622528,0.001001001001001001,True,True,5.913309426606846,5.556603401740766,0.9598938716061192,2.673385838635758
22,0.2819091742016503,999,0.2749148811256134,0.001001001001001001,True,True,5.846449616725665,5.200415955126654,0.9880712994329562,2.7688816839152715
22,0.2819091742016503,999,0.2779460294474549,0.001001001001001001,True,True,5.494442092605739,12.872852463201014,0.938965891847416,2.738344323930465
22,0.2819091742016503,999,0.2747287827170167,0.001001001001001001,True,True,5.938488330362496,6.572730728109711,0.899882303615799,2.6627999345248647
22,0.2819091742016503,999,0.2789778283081057,0.001001001001001001,True,True,5.456954359275192,19.56856977304902,0.925690004214613,2.6298675116189503
22,0.2819091742016503,999,0.2661761107245251,0.001001001001001001,True,True,5.875589085932471,5.102885105700066,0.9051898687552483,2.646876821104701
22,0.2819091742016503,999,0.2743233540411451,0.001001001001001001,True,True,5.8640435795259425,5.467004203298701,0.8995106315984106,2.516072726526701
22,0.2819091742016503,999,0.2789077392970757,0.001001001001001001,True,True,4.838318076149655,6.8657192417639425,0.9067210498839579,2.4019285208491103
22,0.2819091742016503,999,0.278164151283505,0.001001001001001001,True,True,5.022702091892967,7.142365375085636,0.8984181436629625,2.7077856708607877
22,0.2819091742016503,999,0.27935566447101434,0.001001001001001001,True,True,6.33397426120335,3.492523138527399,0.8909135889071784,2.6619564365672246
22,0.2819091742016503,999,0.29020636984239034,0.001001001001001001,True,True,5.682612580279665,9.40754128422494,0.983611317508422,2.892207502249535
22,0.2819091742016503,999,0.28439985780792587,0.001001001001001001,True,True,5.622740831214829,8.240071178606152,0.907974977785556,2.7547205186269803
22,0.2819091742016503,999,0.265226887997559,0.001001001001001001,True,True,6.013997698199499,13.219753860732833,0.9334114249398854,2.733484951912396
22,0.2819091742016503,999,0.2951867177295994,0.001001001001001001,True,True,6.00389630002804,4.556509156074544,0.9210823983012788,2.639541116551098
22,0.2819091742016503,999,0.2863498629941099,0.001001001001001001,True,True,5.848134662299414,7.5588541927526265,0.9079547431581307,2.781875797110396
22,0.2819091742016503,999,0.2763790969594863,0.001001001001001001,True,True,5.279670093030184,6.4881936972436165,0.9236841428369267,2.6510330810077933
22,0.2819091742016503,999,0.2895546226018934,0.001001001001001001,True,True,4.984953565440709,15.181137709298335,0.8715603186863201,2.544542129722343
22,0.2819091742016503,999,0.2868990949857153,0.001001001001001001,True,True,5.249240189970292,18.181002618636484,0.9225107565136654,2.7356707924376304
22,0.2819091742016503,999,0.29054734885294703,0.001001001001001001,True,True,5.3075223321127725,5.895244124478582,0.8860180102740416,2.5022114908170603
22,0.2819091742016503,999,0.2732254942735466,0.001001001001001001,True,True,5.133879124288107,8.734570974171707,0.9473085018389288,2.7818206222669906
22,0.2819091742016503,999,0.2817185503256219,0.001001001001001001,True,True,5.3654892713450755,6.1202573378768514,0.9555062620029304,2.722285784889295
22,0.2819091742016503,999,0.28044063430554983,0.001001001001001001,True,True,5.516272251494558,6.192320869661907,0.9948594884194004,2.708008248460867
22,0.2819091742016503,999,0.27559281104264455,0.001001001001001001,True,True,5.42264002614314,8.216141824823525,0.9363784946969801,2.809481740678338
22,0.2819091742016503,999,0.29666261506531066,0.001001001001001001,True,True,5.651494271085188,7.338972105107067,0.9575096746100807,2.655114003994804
22,0.2819091742016503,999,0.27870693830857896,0.001001001001001001,True,True,5.929943674840536,3.60840726633079,0.8885197290468828,2.457230109150655
22,0.2819091742016503,999,0.2843104338973015,0.001001001001001001,True,True,5.367425939407078,6.391303133401123,0.868602764572808,2.493005261244463
22,0.2819091742016503,999,0.28265931403401534,0.001001001001001001,True,True,5.7905229836909635,6.07760446017976,0.9815495737817208,2.6379602241345137
22,0.2819091742016503,999,0.27990892456670186,0.001001001001001001,True,True,5.119849602903441,11.256751484625287,0.9443918780549219,2.736942558485619
22,0.2819091742016503,999,0.27591767763687247,0.001001001001001001,True,True,5.384077542885563,9.07716586548994,0.8561555215751938,2.490639684060539
22,0.2819091742016503,999,0.28371286465670986,0.001001001001001001,True,True,6.007999531061528,4.873758049747703,0.9291994337476308,2.6676191261287334
22,0.2819091742016503,999,0.27320031862303296,0.001001001001001001,True,True,5.624042372923246,8.171040861289402,0.8868751319642718,2.565691082012405
22,0.2819091742016503,999,0.27756154691281065,0.001001001001001001,True,True,5.76319789774535,7.582097310946306,0.9154904358506606,2.551823108205492
22,0.2819091742016503,999,0.27897380020402346,0.001001001001001001,True,True,5.42012969717209,18.923325906098533,0.9529889164141364,2.6495260899863364
22,0.2819091742016503,999,0.3076853204809959,0.001001001001001001,True,True,5.760870668614457,5.544707289333434,0.8636627027140344,2.512821637947518
22,0.2819091742016503,999,0.2891896763720478,0.001001001001001001,True,True,6.227393082974215,3.918455238945993,0.9029015681683339,2.5994361101003154
22,0.2819091742016503,999,0.28221783382660826,0.001001001001001001,True,True,5.68138541407878,9.941496305579795,0.9001419592006885,2.717655819711357
22,0.2819091742016503,999,0.28318900972082217,0.001001001001001001,True,True,5.536544149131878,7.856170959640522,0.8716652649584682,2.6948012513031605
22,0.2819091742016503,999,0.2768062773974017,0.001001001001001001,True,True,5.552364413845294,13.096130880684772,0.9582260922526349,2.6978656439814186
22,0.2819091742016503,999,0.27496644085786537,0.001001001001001001,True,True,5.673119859043756,9.48959779784004,0.9347015177082958,2.7354441998970533
22,0.2819091742016503,999,0.2955969801303696,0.001001001001001001,True,True,5.228796531444039,20.244562550092148,0.9182031356850611,2.648836218276022
22,0.2819091742016503,999,0.2783049335211773,0.001001001001001001,True,True,6.133757098531861,6.427292034855756,0.9559023239477747,2.6759057154463854
22,0.2819091742016503,999,0.27477349467232887,0.001001001001001001,True,True,6.001189678821696,11.687367957452741,0.9600923530726614,2.6962374487180947
22,0.2819091742016503,999,0.2808470700074419,0.001001001001001001,True,True,5.760911975581422,5.478114913913998,0.8486029647761378,2.366612292963569
22,0.2819091742016503,999,0.27043220549775787,0.001001001001001001,True,True,5.686742452924448,5.774597901632999,0.9690068205190403,2.7298977525156243
22,0.2819091742016503,999,0.27460532132689774,0.002002002002002002,True,True,5.016982628589024,9.005898702157035,0.8877082679370037,2.4461492025950076
22,0.2819091742016503,999,0.28002654520590153,0.001001001001001001,True,True,6.249062193704952,3.697928491117015,0.893410316370008,2.5374721420513966
22,0.2819091742016503,999,0.28696777416031655,0.001001001001001001,True,True,5.573453794550067,7.9957234824031085,0.9290039685072276,2.741845729141821
22,0.2819091742016503,999,0.268547052787297,0.001001001001001001,True,True,5.490538878562944,6.742971956004841,0.9613679354085342,2.6452658939678715
22,0.2819091742016503,999,0.28042250783718004,0.001001001001001001,True,True,5.823946129842776,6.418186354711236,0.9157970719366476,2.6537811276325565
22,0.2819091742016503,999,0.27003362459882596,0.001001001001001001,True,True,5.6871019870766535,5.477605846341611,0.9808654597545661,2.6078710881696465
22,0.2819091742016503,999,0.275953729168408,0.001001001001001001,True,True,6.119749708703141,4.4415275789358954,0.9245893253012956,2.661405605753157
22,0.2819091742016503,999,0.2966070272289766,0.001001001001001001,True,True,6.203424611727663,5.166402856378417,0.9361605844188483,2.6814742702319383
22,0.2819091742016503,999,0.27129583101297755,0.001001001001001001,True,True,5.668761131529903,4.796091643188681,0.9154257626481911,2.6391628026746305
22,0.2819091742016503,999,0.2755291669981461,0.001001001001001001,True,True,6.035981481747027,4.738225344163443,0.9608870309337396,2.6367883061257773
22,0.2819091742016503,999,0.2895342806762784,0.001001001001001001,True,True,5.762259531565648,6.300278518753072,0.9447067139524565,2.6369583576450397
22,0.2819091742016503,999,0.2819664801318802,0.001001001001001001,True,True,5.531919678195218,7.099872861904479,0.9285967518234721,2.8128288303599764
22,0.2819091742016503,999,0.28768376966092424,0.001001001001001001,True,True,5.675974084608205,6.349200112220925,0.9563141885789186,2.7382921150001813
22,0.2819091742016503,999,0.2951311298932653,0.001001001001001001,True,True,5.425648590993241,9.68055163671981,0.9947126242325113,2.551764619595187
22,0.2819091742016503,999,0.2754854620688544,0.001001001001001001,True,True,5.961949794525132,5.737335584729679,0.9108428895107031,2.6744287775472566
22,0.2819091742016503,999,0.3098399533545547,0.001001001001001001,True,True,5.783513166614211,6.512166143008434,0.9178590491399582,2.5232157974265794
22,0.2819091742016503,999,0.28709385381808883,0.001001001001001001,True,True,5.472572799455664,6.283387579816358,0.919778401095054,2.561146391038816
22,0.2819091742016503,999,0.2685532963486244,0.001001001001001001,True,True,5.718565844499299,5.55181223317258,0.9433198308488019,2.6767134350492685
22,0.2819091742016503,999,0.2948884366223139,0.001001001001001001,True,True,6.399035025686686,5.058133217744974,0.9858466363574047,2.772736039800157
22,0.2819091742016503,999,0.2766151438587022,0.001001001001001001,True,True,5.446028662989574,6.881169965920378,0.8983062914160068,2.4280581787928974
22,0.2819091742016503,999,0.28090628313745,0.001001001001001001,True,True,6.042415193957035,4.92802649369703,0.9173823664647577,2.5055428387704413
22,0.2819091742016503,999,0.2852191741782416,0.001001001001001001,True,True,5.500194389572845,8.695564926676289,0.9707888987054469,2.7687414243505386
22,0.2819091742016503,999,0.2928852604622451,0.001001001001001001,True,True,5.304372333094741,11.5087209451833,0.9353755791726243,2.6493212128363983
22,0.2819091742016503,999,0.2877917228503267,0.001001001001001001,True,True,5.078904286241591,9.419520670976603,0.9027533724495548,2.505964506116519
22,0.2819091742016503,999,0.2918655459138409,0.001001001001001001,True,True,5.27382312474236,6.001626946026709,0.9041433905910685,2.492531129760839
22,0.2819091742016503,999,0.2799496084179319,0.001001001001001001,True,True,5.808335477703523,5.6614638810278555,0.9588743230305145,2.6268681596279766
22,0.2819091742016503,999,0.2737616349268849,0.001001001001001001,True,True,5.53116066204588,4.532273826381053,0.9381611011547706,2.7413022298441074
22,0.2819091742016503,999,0.2767798933156634,0.001001001001001001,True,True,5.980943606696765,5.205833178752647,0.8993995009714917,2.6078310031081045
22,0.2819091742016503,999,0.278090235573597,0.001001001001001001,True,True,5.4453063856217225,12.746680016866708,0.9605063399690827,2.6492947770348483
22,0.2819091742016503,999,0.2686725282294569,0.001001001001001001,True,True,5.5862288045904105,6.572199161941952,0.9146588969961098,2.48310663941268
22,0.2819091742016503,999,0.2730714192924031,0.001001001001001001,True,True,5.1764511266817745,5.369510399275409,0.9490014295828638,2.846168140892639
22,0.2819091742016503,999,0.27265108663142745,0.001001001001001001,True,True,6.20626635254411,4.775748881110574,0.9181004125263366,2.6168868639761436
22,0.2819091742016503,999,0.27618514374792935,0.001001001001001001,True,True,5.338414752565445,8.483891517169363,0.9233029411744386,2.5743802807211225
22,0.2819091742016503,999,0.29928712628005594,0.001001001001001001,True,True,5.777635166150718,9.942750251272127,0.9162464947286573,2.7975315722611493
22,0.2819091742016503,999,0.2759563474360614,0.001001001001001001,True,True,5.217711524458357,13.31455594244555,0.9111790062333399,2.6345861030679556
22,0.2819091742016503,999,0.28809121238883695,0.001001001001001001,True,True,5.1550159790773264,25.82753412717698,0.9369652065405378,2.61808403831648
22,0.2819091742016503,999,0.2837859747458015,0.001001001001001001,True,True,5.205983083529898,18.211980101596094,0.922595138008466,2.722441059006497
22,0.2819091742016503,999,0.292172286039699,0.001001001001001001,True,True,5.47189740435826,15.06772992306806,1.0028987451501692,2.608851894992676
22,0.2819091742016503,999,0.28729727307423897,0.001001001001001001,True,True,5.541494781456001,8.179098808720637,0.9445363870461833,2.631842795600558
22,0.2819091742016503,999,0.27315641228853715,0.001001001001001001,True,True,5.161844275590418,11.192752953278486,0.9259604475672081,2.7240566455603306
22,0.2819091742016503,999,0.302891675217996,0.001001001001001001,True,True,5.4453988257044,26.63899657237112,0.9363478812543832,2.781364979879361
22,0.2819091742016503,999,0.28438434960720954,0.001001001001001001,True,True,5.554881247535942,9.870000412281378,0.9834435135012,2.6574616310376458
22,0.2819091742016503,999,0.2990941800945195,0.001001001001001001,True,True,6.098996573656191,4.3950614926877,0.968950339178511,2.8684140162214566
22,0.2819091742016503,999,0.2997825830821643,0.001001001001001001,True,True,5.822110491609215,10.839581125345802,0.9431372608191624,2.746036665794801
22,0.2819091742016503,999,0.2764860431228683,0.001001001001001001,True,True,5.600018671308194,15.818625560349565,0.9094230906977333,2.6315011642859694
22,0.2819091742016503,999,0.2860302329351888,0.001001001001001001,True,True,5.589681174296025,6.806949161161249,0.9454422920668972,2.7030237469226717
22,0.2819091742016503,999,0.3005396652444103,0.001001001001001001,True,True,5.878234968170304,4.8628716761540005,0.9802631419705582,2.7156080021933646
22,0.2819091742016503,999,0.2901707211212631,0.001001001001001001,True,True,5.381832134913814,7.302588379473558,0.9253734311463577,2.644377922916321
22,0.2819091742016503,999,0.28439260722057796,0.001001001001001001,True,True,5.229917041571819,6.524518194205463,0.9025782252664639,2.527254647675982
22,0.2819091742016503,999,0.2902454424519875,0.001001001001001001,True,True,5.208693581850033,15.4386646894502,0.9336300090077452,2.433190102288835
22,0.2819091742016503,999,0.3025684198654009,0.001001001001001001,True,True,5.351864011821651,12.250129933716655,1.0275091159058034,2.5841382838410554
22,0.2819091742016503,999,0.28800058004698786,0.001001001001001001,True,True,5.216626652284092,18.045814533000648,0.9603015361058758,2.7706673037837453
22,0.2819091742016503,999,0.2689033385933659,0.001001001001001001,True,True,5.61785771518953,7.0189382191093355,0.9699430374985718,2.7809708827463098
24,0.2819091742016503,999,0.28953226662423737,0.001001001001001001,True,True,5.832836169892058,8.866906319787779,0.9765276668141384,2.683246976669017
24,0.2819091742016503,999,0.30453292622628075,0.001001001001001001,True,True,6.011927670130419,5.201223616980591,0.9872453354986768,2.685311188240183
24,0.2819091742016503,999,0.2773841089279906,0.001001001001001001,True,True,4.60603825330066,8.25987198438269,0.8773650633352075,2.674107482910537
24,0.2819091742016503,999,0.2790539594752589,0.001001001001001001,True,True,5.470703727919268,5.481571846234474,0.9467760484765435,2.7595938122988386
24,0.2819091742016503,999,0.28071877489242447,0.001001001001001001,True,True,6.019475162169754,4.050494944161083,0.955570586878922,2.7918262784790735
24,0.2819091742016503,999,0.2845051927296749,0.001001001001001001,True,True,4.987720127786736,11.582179599468367,0.8700702489459767,2.5271029515406136
24,0.2819091742016503,999,0.27386737265904215,0.001001001001001001,True,True,4.973405307520854,13.316794892947499,0.87990247056393,2.3670483121202563
24,0.2819091742016503,999,0.29029962045189284,0.001001001001001001,True,True,5.850654671947623,7.568529290533664,0.9531158605260491,2.6956806972961758
24,0.2819091742016503,999,0.28657684665914085,0.001001001001001001,True,True,5.341446918765268,5.817007353134022,0.920258103162955,2.66555457740691
24,0.2819091742016503,999,0.28985290370917893,0.001001001001001001,True,True,5.585118284896439,4.318359969509054,0.9500821185609355,2.5739196437277494
24,0.2819091742016503,999,0.2902627632995409,0.001001001001001001,True,True,5.535464615255903,8.966116611506099,0.8950032955665215,2.7824866534986232
24,0.2819091742016503,999,0.2742877053200178,0.001001001001001001,True,True,5.5915529160407695,5.803587218613516,0.8946588120121594,2.485914195911452
24,0.2819091742016503,999,0.2806621800300698,0.001001001001001001,True,True,5.713247359845917,8.33615924786587,0.9804442154624577,2.858849999870535
24,0.2819091742016503,999,0.28047124789657435,0.001001001001001001,True,True,5.807470032040687,4.616451527956378,0.9159776678624084,2.6254048700514785
24,0.2819091742016503,999,0.2819215667713638,0.001001001001001001,True,True,5.383475702527744,6.3436855870831526,0.9719845672596586,2.722967077313944
24,0.2819091742016503,999,0.2852453568547758,0.001001001001001001,True,True,5.279129869323561,17.202078457131783,0.9297631732668349,2.742697619572373
24,0.2819091742016503,999,0.267754926119536,0.001001001001001001,True,True,6.145614616315796,5.748047002490676,0.9722693083451717,2.772198847516263
24,0.2819091742016503,999,0.3033565184290797,0.001001001001001001,True,True,5.387843859728275,9.210891426020712,0.9899754702844261,2.4340517273548903
24,0.2819091742016503,999,0.27419667016776045,0.001001001001001001,True,True,5.533398047180406,7.108227306908903,0.8542658627922174,2.518820404431113
24,0.2819091742016503,999,0.279665425674934,0.001001001001001001,True,True,5.386783914823671,6.155537403797279,1.0093246929924062,2.85054308110693
24,0.2819091742016503,999,0.2844046915328245,0.001001001001001001,True,True,5.546955979341937,6.031495770077968,0.8852072485072785,2.4194551113737464
24,0.2819091742016503,999,0.2992746391574012,0.001001001001001001,True,True,5.264046678363344,22.029041349027402,0.9641188057776119,2.735815071505718
24,0.2819091742016503,999,0.3051347249761587,0.001001001001001001,True,True,5.580605017998904,5.707216788829374,0.9265938691947219,2.7546615510775943
24,0.2819091742016503,999,0.29165890417442497,0.001001001001001001,True,True,5.721475505208324,11.090003077803775,0.9148312700193125,2.3757395286331473
24,0.2819091742016503,999,0.27402003780375683,0.001001001001001001,True,True,5.711360271347159,7.418709438742647,0.9566799264040304,2.6868848639876424
24,0.2819091742016503,999,0.28696817697072474,0.001001001001001001,True,True,5.941436801029261,3.9238550586618595,0.9241846499924118,2.7191104249388065
24,0.2819091742016503,999,0.28987606530765153,0.001001001001001001,True,True,5.612203177559859,9.161714537451148,0.9608136548502629,2.810286764707986
24,0.2819091742016503,999,0.272838594876453,0.001001001001001001,True,True,5.630402587485433,4.681286749491747,0.9316804241608906,2.709555788724054
24,0.2819091742016503,999,0.2529596998256838,0.001001001001001001,True,True,5.165284797220894,8.98484613318457,0.9613069411492992,2.60915321479006
24,0.2819091742016503,999,0.2706857746497312,0.001001001001001001,True,True,5.727812347125381,6.267556015494503,0.947625242063835,2.4321733557437377
24,0.2819091742016503,999,0.28233666289703263,0.001001001001001001,True,True,5.399852848946079,5.311220760060013,0.8590031204873155,2.53422484806366
24,0.2819091742016503,999,0.30122605418001397,0.001001001001001001,True,True,5.6600010074701785,7.648541548615698,0.9434674592433175,2.6457085613691222
24,0.2819091742016503,999,0.27900139271698643,0.001001001001001001,True,True,5.808724799989578,5.128994955076239,0.9852517493339701,2.7343296253884364
24,0.2819091742016503,999,0.2818595339684982,0.001001001001001001,True,True,5.748383010589516,7.832917657367976,0.9604699989999962,2.7882542175204317
24,0.2819091742016503,999,0.2847865557998153,0.001001001001001001,True,True,5.84617714457282,5.227426282996119,0.9603160938958264,2.6811054842820297
24,0.2819091742016503,999,0.279549013466959,0.001001001001001001,True,True,5.639308934127414,16.796309889030343,0.9159745785737262,2.595892597987032
24,0.2819091742016503,999,0.2938137384531879,0.001001001001001001,True,True,4.995563656576015,9.088219014620224,0.9056413186888008,2.6801270314396604
24,0.2819091742016503,999,0.27807734564053405,0.001001001001001001,True,True,4.5398972528385055,18.92664899046399,0.963036360940826,2.9309538174470857
24,0.2819091742016503,999,0.3067004490329026,0.001001001001001001,True,True,5.812038135565988,7.653827072881478,0.9029948787500257,2.6441028456495443
24,0.2819091742016503,999,0.26975669244317607,0.001001001001001001,True,True,5.1287707136103515,5.948434306297855,0.9222844964068284,2.7388611032446497
24,0.2819091742016503,999,0.2825563959747156,0.001001001001001001,True,True,5.2325745146305165,9.160034103920449,0.9706870376632698,2.7792229604622753
24,0.2819091742016503,999,0.27936271365315807,0.001001001001001001,True,True,5.855581534504178,5.681947748095029,0.9599791526609189,2.6920235568731488
24,0.2819091742016503,999,0.26680852306542746,0.001001001001001001,True,True,6.114694605419349,7.045862572325533,0.9772986389637079,2.6162419054282933
24,0.2819091742016503,999,0.2717179763207902,0.001001001001001001,True,True,5.220524686688331,10.375927084079523,0.9083634411643711,2.5531074436542855
24,0.2819091742016503,999,0.26999072529035084,0.001001001001001001,True,True,5.311343902787459,6.392197171575246,0.90394976335397,2.506357349957022
24,0.2819091742016503,999,0.27874460108174737,0.001001001001001001,True,True,5.607852651992126,5.267745868005088,0.9416142462521946,2.6536570527991206
24,0.2819091742016503,999,0.2920792368354006,0.001001001001001001,True,True,5.110299298670849,43.30527519708928,0.9699296063697711,2.824840026666393
24,0.2819091742016503,999,0.28576880898025525,0.001001001001001001,True,True,5.163386075398863,10.425570688442528,0.9425164508151983,2.6454095062681273
24,0.2819091742016503,999,0.27356163955920454,0.001001001001001001,True,True,5.206498234855784,6.974311938872771,0.9101474985184134,2.7181955339702855
24,0.2819091742016503,999,0.26786771303383716,0.001001001001001001,True,True,5.645758368529814,6.99741781983812,0.8995458531965344,2.5980436455256997
24,0.2819091742016503,999,0.2817628594705258,0.001001001001001001,True,True,5.818299995555782,4.266032533217074,0.9220009395580481,2.754534006321731
24,0.2819091742016503,999,0.28249396036144175,0.001001001001001001,True,True,5.312714454676033,6.291182012125498,0.9504487266369008,2.684448468308606
24,0.2819091742016503,999,0.2841158764701321,0.001001001001001001,True,True,5.1213158363371925,7.858301117049765,0.8988856111604904,2.5981395778146466
24,0.2819091742016503,999,0.27749367335902597,0.001001001001001001,True,True,5.249418054206451,11.54206858942154,0.9482892178634975,2.5917460581846914
24,0.2819091742016503,999,0.2804768872422895,0.001001001001001001,True,True,6.059466955692662,6.413423390426249,0.9417093009481645,2.6954482088571634
24,0.2819091742016503,999,0.29348222548722436,0.001001001001001001,True,True,5.538787542230353,6.137838452050291,0.9060560436696068,2.6740462296817533
24,0.2819091742016503,999,0.29865713080160283,0.001001001001001001,True,True,5.520315981978333,13.358062616074285,0.9848217700448638,2.8246588721958426
24,0.2819091742016503,999,0.28961806524118777,0.001001001001001001,True,True,5.220254098383939,8.348542179096153,0.8464263977919464,2.529828099767819
24,0.2819091742016503,999,0.2775450316860737,0.001001001001001001,True,True,6.153897568743149,4.47144522503545,0.9742745108246789,2.838590742672421
24,0.2819091742016503,999,0.281181402646263,0.001001001001001001,True,True,5.890023375355701,4.234019642356132,0.9575437261180795,2.711012556124383
24,0.2819091742016503,999,0.2786394675652024,0.001001001001001001,True,True,5.715612040158413,5.1729505603148,0.9402011977478039,2.780553803006372
24,0.2819091742016503,999,0.2840776094813514,0.001001001001001001,True,True,5.818217814979932,6.13933778415287,0.9791772607102799,2.786062320530959
24,0.2819091742016503,999,0.27700486292865323,0.001001001001001001,True,True,5.521861996035094,7.519025184680724,0.9011654424827407,2.580552051026299
24,0.2819091742016503,999,0.28116730428197534,0.001001001001001001,True,True,5.443114934684728,21.992895926784797,0.9673274646170008,2.7252735474179253
24,0.2819091742016503,999,0.29720036696028185,0.001001001001001001,True,True,5.733301124194205,6.236286374942271,0.8964256556174119,2.464274483054537
24,0.2819091742016503,999,0.2829293984127256,0.001001001001001001,True,True,5.445021536576953,12.624662264078793,0.9474758239942599,2.856918737718158
24,0.2819091742016503,999,0.2803842408483993,0.001001001001001001,True,True,5.717498284977251,15.78337339391383,0.9234636841445937,2.7172933090957314
24,0.2819091742016503,999,0.281255318356171,0.001001001001001001,True,True,5.957652009652163,6.2342538352081736,0.8817864756995107,2.611868264722786
24,0.2819091742016503,999,0.28055100435740155,0.001001001001001001,True,True,4.750902832330072,21.145388313423258,0.8962349894895363,2.445584905168069
24,0.2819091742016503,999,0.2998011123609423,0.001001001001001001,True,True,5.465174270538651,8.931078763961615,0.9124878455698221,2.6549832440132057
24,0.2819091742016503,999,0.2837201152440578,0.001001001001001001,True,True,5.911279006569955,5.840440843178792,0.9549065839803024,2.69372501633036
24,0.2819091742016503,999,0.2761446613019034,0.001001001001001001,True,True,5.875838711678027,15.246223664919308,0.8356855652970205,2.3950723501893303
24,0.2819091742016503,999,0.27794079291214807,0.001001001001001001,True,True,5.221926156853188,5.557942567702515,0.9083679712727284,2.642889671151712
24,0.2819091742016503,999,0.2660884994607376,0.001001001001001001,True,True,4.7307834340952075,30.812856317789112,0.9364517524476813,2.3845164935130714
24,0.2819091742016503,999,0.2835416702332172,0.001001001001001001,True,True,5.185759551598663,25.410377586721392,0.9507916466678681,2.7951941531849847
24,0.2819091742016503,999,0.28484053239451657,0.001001001001001001,True,True,5.8235138692608155,6.699701485746196,0.9387750345042415,2.6937732282517524
24,0.2819091742016503,999,0.2912548853349822,0.001001001001001001,True,True,6.047239935405988,4.322081216854634,0.949247915240122,2.499789780361697
24,0.2819091742016503,999,0.2853369962226454,0.001001001001001001,True,True,5.342974163108231,13.875855272453554,0.9049727455572991,2.6274620275702087
24,0.2819091742016503,999,0.2788867931558483,0.001001001001001001,True,True,5.506363804412735,11.487029154220547,1.0028239447772673,2.555233550158385
24,0.2819091742016503,999,0.288381235882754,0.001001001001001001,True,True,6.111407487233403,4.815377723930381,0.8934648778843916,2.7246512152950864
24,0.2819091742016503,999,0.2936360990631637,0.001001001001001001,True,True,5.072479050447647,9.651512861723909,0.9429011980909687,2.607818804123972
24,0.2819091742016503,999,0.29110926937241133,0.001001001001001001,True,True,5.704174824712508,6.725083595888348,0.9245517453323382,2.515795365798555
24,0.2819091742016503,999,0.2751664362255457,0.001001001001001001,True,True,5.802084846392274,7.829515291764368,0.9799962639880047,2.605991487296785
24,0.2819091742016503,999,0.28365204028506896,0.001001001001001001,True,True,5.052874813552803,11.112316995673607,0.9388894450793193,2.7388302849332717
24,0.2819091742016503,999,0.2983852337760555,0.001001001001001001,True,True,5.275713789249164,9.16414370155771,0.8928644396524366,2.5323057351761395
24,0.2819091742016503,999,0.27019213049445984,0.001001001001001001,True,True,5.97319081372458,4.153655227983941,0.9217299599609713,2.744820094959377
24,0.2819091742016503,999,0.2913207448367259,0.001001001001001001,True,True,6.073113125872036,7.37283441928736,0.988134614841471,2.741901836256532
24,0.2819091742016503,999,0.274891920932345,0.001001001001001001,True,True,5.594912596083936,9.888674710699654,0.958661158307423,2.731059093293622
24,0.2819091742016503,999,0.27904852153474796,0.001001001001001001,True,True,6.093925280312438,4.2156003786792535,0.9251945008900089,2.6949484358987004
24,0.2819091742016503,999,0.28288609629384215,0.001001001001001001,True,True,5.7426419905610135,5.607597719658474,0.9475297883183965,2.718429801093095
24,0.2819091742016503,999,0.2765474717101215,0.001001001001001001,True,True,6.206136452007647,6.522846609369069,0.9506276454089587,2.562939634880332
24,0.2819091742016503,999,0.26818935714479925,0.001001001001001001,True,True,5.505354395951076,8.911808256883203,0.9768015287535987,2.623090116295077
24,0.2819091742016503,999,0.2829267801450722,0.001001001001001001,True,True,4.8417447671520915,20.53699837038984,0.9205757982042875,2.3336281056807713
24,0.2819091742016503,999,0.2737539815291288,0.001001001001001001,True,True,5.349961454911665,12.362228274117706,0.9507347604236914,2.650231796023773
24,0.2819091742016503,999,0.2806615758144575,0.001001001001001001,True,True,5.235182656201642,7.656489861798818,0.8858837098112335,2.5570132121328104
24,0.2819091742016503,999,0.30338350672643033,0.001001001001001001,True,True,5.693973231298391,28.517137851877365,0.9591820483508939,2.7321500333031428
24,0.2819091742016503,999,0.29934674222047225,0.001001001001001001,True,True,5.81841556053357,7.791543548250912,0.9672267013972159,2.7848663511775102
24,0.2819091742016503,999,0.30771331580436706,0.001001001001001001,True,True,6.068097594413811,4.58028738875406,0.9552558916895835,2.931519317619983
24,0.2819091742016503,999,0.28190182906136113,0.001001001001001001,True,True,5.154062043493668,15.184970169483528,0.9168389250108693,2.6089530325622343
24,0.2819091742016503,999,0.2873719944049634,0.001001001001001001,True,True,5.0978575138178694,6.796526612117315,0.942254953620022,2.783427505300595
28,0.2819091742016503,999,0.2776382822955762,0.001001001001001001,True,True,4.555112149646771,32.54352979416572,0.8883347105436347,2.385872636411215
28,0.2819091742016503,999,0.2835485180101569,0.001001001001001001,True,True,5.7794719325381845,7.374095122738679,0.9114652128828926,2.547559574026244
28,0.2819091742016503,999,0.26814323535305834,0.001001001001001001,True,True,5.531676181655874,21.594514027951803,0.9184536438681161,2.665773237500313
28,0.2819091742016503,999,0.2790926292744479,0.001001001001001001,True,True,5.516355182126601,14.975162767746372,0.8503825639361136,2.63489529642281
28,0.2819091742016503,999,0.28387439163040534,0.001001001001001001,True,True,4.915495618994427,7.452350429547589,0.7655624268330644,2.3939147532222638
28,0.2819091742016503,999,0.28307541718570467,0.001001001001001001,True,True,5.9960001835446715,7.6619105841213715,0.9340349731389365,2.701075834507849
28,0.2819091742016503,999,0.2727415175680724,0.001001001001001001,True,True,5.200354903825345,6.130349851573571,0.906375780583984,2.62319113314859
28,0.2819091742016503,999,0.2807971215168229,0.001001001001001001,True,True,6.110576058885061,4.492709840143349,0.8938972021729427,2.6717588040639955
28,0.2819091742016503,999,0.28388808718428477,0.001001001001001001,True,True,5.479461482086825,10.611500140417833,0.9169661038144006,2.4385457115779046
28,0.2819091742016503,999,0.29574400592936917,0.001001001001001001,True,True,5.17985017469671,18.515007864645842,0.9568382252521889,2.4751647617612726
28,0.2819091742016503,999,0.2842125509681045,0.001001001001001001,True,True,4.5633842154841515,24.584486281467367,0.9847181476872076,2.686732442926476
28,0.2819091742016503,999,0.2830145928140637,0.001001001001001001,True,True,5.025634108608385,8.362957110649072,0.9610510164702826,2.66474379088438
28,0.2819091742016503,999,0.28176809600583275,0.001001001001001001,True,True,5.578304127009264,10.029605810217006,0.9932629437552268,2.8009459310795104
28,0.2819091742016503,999,0.26939839258506604,0.001001001001001001,True,True,5.2146227709902515,7.766356159040103,0.9248591083121666,2.7500903689096856
28,0.2819091742016503,999,0.2884211141131676,0.001001001001001001,True,True,5.587816840683372,8.127348877941778,0.8861395879093117,2.56979331716178
28,0.2819091742016503,999,0.2891636951007177,0.001001001001001001,True,True,5.175208056679705,27.696696204691676,0.8809830788647114,2.495905056328818
28,0.2819091742016503,999,0.27812306462186676,0.001001001001001001,True,True,5.826544868556621,5.751877846326091,0.8747657398936093,2.632556993382127
28,0.2819091742016503,999,0.28920155927909025,0.001001001001001001,True,True,5.373503724184963,6.968331956570041,0.9443060283192739,2.409792641226399
28,0.2819091742016503,999,0.2868570012980566,0.001001001001001001,True,True,5.707945500004585,4.841078379052432,0.9874744590598827,2.798958412296769
28,0.2819091742016503,999,0.287481961646407,0.001001001001001001,True,True,5.4265908645618115,19.297286517719417,0.9756181004247106,2.7288963531681056
28,0.2819091742016503,999,0.288107929020778,0.001001001001001001,True,True,5.987727863453016,5.470190618447879,1.0349474843557402,2.9274192281025404
28,0.2819091742016503,999,0.2770981135381557,0.001001001001001001,True,True,5.464118728408259,6.245152874577844,0.9623372038005804,2.6480245938250757
28,0.2819091742016503,999,0.29371807098123603,0.001001001001001001,True,True,5.416839118754838,7.131222056843974,0.9273458413349491,2.773264328019191
28,0.2819091742016503,999,0.30405438746131763,0.001001001001001001,True,True,5.94929860734507,4.0154581250342645,0.9288449024334676,2.7168103378011343
28,0.2819091742016503,999,0.292674590618747,0.001001001001001001,True,True,5.598604918468867,6.819910490687794,1.0043081846089024,2.750146405502144
28,0.2819091742016503,999,0.278705125661742,0.001001001001001001,True,True,6.002879646215299,3.690815655530273,0.9344190767047228,2.6553284582755916
28,0.2819091742016503,999,0.26728263091590027,0.001001001001001001,True,True,5.616632471438937,4.661069564129058,1.00809717793433,2.88629437717204
28,0.2819091742016503,999,0.29166212665769065,0.001001001001001001,True,True,4.905074856760478,32.22998214574258,0.9307214991437772,2.648265989581098
28,0.2819091742016503,999,0.2706044069472711,0.001001001001001001,True,True,5.817020597186493,4.130500437211903,0.9715902626862303,2.587924588031524
28,0.2819091742016503,999,0.2860542001544778,0.001001001001001001,True,True,5.366119317058843,11.605439384925505,0.9358441848734124,2.7504092985711037
28,0.2819091742016503,999,0.27920843726681055,0.001001001001001001,True,True,5.647734263621971,4.565550070940469,0.8952960593371786,2.5414960693191895
28,0.2819091742016503,999,0.27825639486698694,0.001001001001001001,True,True,4.799343499931458,12.599591102516886,0.9448354464579058,2.7016467775591355
28,0.2819091742016503,999,0.2664447852668065,0.001001001001001001,True,True,5.468890457843546,7.709882243034882,0.9208598777421263,2.6049511049343326
28,0.2819091742016503,999,0.2759877666479024,0.001001001001001001,True,True,5.401173676536944,16.430007244653403,0.9658016325560472,2.802549324405178
28,0.2819091742016503,999,0.2832043165163345,0.001001001001001001,True,True,5.552394417629386,7.506621035544639,0.9236741049985989,2.6071651518883416
28,0.2819091742016503,999,0.27801833391573005,0.001001001001001001,True,True,5.442830915547969,14.171608393470349,0.9231780055633928,2.630980675371458
28,0.2819091742016503,999,0.28460307565887194,0.001001001001001001,True,True,5.867231107637134,19.823085805157927,0.8663068799855511,2.538240073542262
28,0.2819091742016503,999,0.27949926638154404,0.001001001001001001,True,True,5.865086791389878,5.328181948120353,0.930146077953294,2.6933194440255033
28,0.2819091742016503,999,0.28848334832123734,0.001001001001001001,True,True,5.314366029258461,15.032686044370662,0.9688424759254882,2.5851951485217937
28,0.2819091742016503,999,0.27613942476659653,0.001001001001001001,True,True,5.91636661985281,5.253656673675758,0.9436523339567355,2.750468558584046
28,0.2819091742016503,999,0.27956291042604253,0.001001001001001001,True,True,5.187612960006399,6.56890720483306,0.8555789875653097,2.644675684861207
28,0.2819091742016503,999,0.2640514872263785,0.001001001001001001,True,True,5.115025078565037,11.492504884745038,1.001287408072931,2.872394499639999
28,0.2819091742016503,999,0.28599095892038756,0.001001001001001001,True,True,5.57876351035183,6.236325142026246,0.8900682704120949,2.517655006489626
28,0.2819091742016503,999,0.27591767763687247,0.001001001001001001,True,True,5.140396950314327,6.139379198412068,0.9160281042544216,2.6854225004703904
28,0.2819091742016503,999,0.28890932032792793,0.001001001001001001,True,True,6.0285758734386174,5.486552261561421,0.912925287507788,2.581082936295072
28,0.2819091742016503,999,0.285168218661602,0.001001001001001001,True,True,4.605645573325077,11.001550639362524,0.8983153990700216,2.5772925743475747
28,0.2819091742016503,999,0.28375616677559334,0.001001001001001001,True,True,6.580350710566821,2.8856904813771744,0.9981512327016876,2.90492774073165
28,0.2819091742016503,999,0.28473821855082915,0.001001001001001001,True,True,5.770382115653375,5.17609265633739,0.9077281344683467,2.696882886023661
28,0.2819091742016503,999,0.2748184080328452,0.001001001001001001,True,True,5.825722850436531,4.591561130663261,0.9166803116662421,2.762292088321968
28,0.2819091742016503,999,0.2721044729074754,0.001001001001001001,True,True,5.418758924873296,4.964429245054698,0.9394015170396982,2.54414667107736
28,0.2819091742016503,999,0.2877782287016515,0.001001001001001001,True,True,5.55315666878946,13.323375906620537,0.9284239430895881,2.6962624367431784
28,0.2819091742016503,999,0.2891594655914314,0.001001001001001001,True,True,5.601841154083069,5.002034731398756,0.9404160396092189,2.679483969821654
28,0.2819091742016503,999,0.27410241253223744,0.001001001001001001,True,True,5.195303264599477,5.522063614947788,0.9320898050648643,2.6781980965544885
28,0.2819091742016503,999,0.27571727945878394,0.001001001001001001,True,True,4.8460656860749465,14.095153029893881,0.9674307865614419,2.6245079003292098
28,0.2819091742016503,999,0.2785597111043752,0.001001001001001001,True,True,6.078882000499143,5.561117913559194,0.9735987965649379,2.744486975124267
28,0.2819091742016503,999,0.2843072114140357,0.001001001001001001,True,True,6.0618708453937655,8.337901364052694,0.9423363137412937,2.4819950382927987
28,0.2819091742016503,999,0.2646967895003439,0.001001001001001001,True,True,5.839454309977138,11.330245957434741,0.95318584351266,2.6861708400735127
28,0.2819091742016503,999,0.2840355157936926,0.001001001001001001,True,True,6.183687426516206,4.121554224642389,0.9455249249528639,2.738988883242251
28,0.2819091742016503,999,0.29210038438183206,0.001001001001001001,True,True,5.758275481882507,8.228570304612917,0.9575771301544427,2.7918080725533247
28,0.2819091742016503,999,0.2839503213923545,0.001001001001001001,True,True,5.350379066400546,5.798445100400577,0.8910897306012479,2.6593181877387484
28,0.2819091742016503,999,0.2999868079591309,0.001001001001001001,True,True,5.041074489287301,10.252674735619602,0.8698776229298354,2.4944201967500885
28,0.2819091742016503,999,0.2823344474397874,0.001001001001001001,True,True,5.185392109421585,12.322408690902485,0.8743268323006131,2.6199848497383855
28,0.2819091742016503,999,0.2786722966134722,0.001001001001001001,True,True,5.678076959760793,5.7910318777554375,0.8870385683242749,2.6360044273057905
28,0.2819091742016503,999,0.28313744998857027,0.001001001001001001,True,True,5.778892198096606,3.9744023113760583,0.9473435664261676,2.6746643785059057
28,0.2819091742016503,999,0.27710959363478993,0.001001001001001001,True,True,5.6296977089125395,5.488404327287715,0.9889086863160585,2.7772003592284924
28,0.2819091742016503,999,0.27613600087812673,0.001001001001001001,True,True,5.593462339325847,6.604545169994883,0.9306749254749531,2.5854358761397225
28,0.2819091742016503,999,0.29727206721294475,0.001001001001001001,True,True,5.33702141418712,12.210019836356182,0.9651796791684711,2.7932912338696188
28,0.2819091742016503,999,0.265367267424823,0.001001001001001001,True,True,4.919891044883641,13.723260960091581,0.8539597175120044,2.474060990256899
28,0.2819091742016503,999,0.2800684374883563,0.001001001001001001,True,True,5.840363306212346,12.74421630710672,0.9312681536425564,2.604124343732738
28,0.2819091742016503,999,0.27987226881955407,0.001001001001001001,True,True,5.183161970913491,9.760989244226112,0.9474292121247345,2.6850293739579847
28,0.2819091742016503,999,0.27185573748040076,0.001001001001001001,True,True,5.151879032956951,16.887719576470435,1.0134164749282222,2.8179860015443317
28,0.2819091742016503,999,0.2890911892272384,0.001001001001001001,True,True,5.563775174664814,8.2829897540887,0.9886661021975053,2.90798700833145
28,0.2819091742016503,999,0.2793943342702032,0.001001001001001001,True,True,5.253739034457703,6.442407604861787,0.9159531893153267,2.66229905623483
28,0.2819091742016503,999,0.29024624807280397,0.001001001001001001,True,True,5.670895204779025,9.69625385071643,0.9341989799728023,2.6447765619700894
28,0.2819091742016503,999,0.28024225017950244,0.001001001001001001,True,True,5.842316943954162,5.740200833137752,0.9734342903233922,2.8708157052099397
28,0.2819091742016503,999,0.2852588510034511,0.001001001001001001,True,True,5.718342526910317,6.268530458140402,0.915077174115868,2.7326656255223627
28,0.2819091742016503,999,0.2885747862839028,0.001001001001001001,True,True,6.069048169488721,5.172171918156267,0.8711481541930345,2.6258027555346484
28,0.2819091742016503,999,0.2595853268252598,0.001001001001001001,True,True,5.3604678814092,8.597839337015635,0.9324165306925243,2.7890291227687345
28,0.2819091742016503,999,0.2720140419708305,0.001001001001001001,True,True,5.8657591525184625,7.367028108600199,0.9327721673481589,2.7356630922533074
28,0.2819091742016503,999,0.2861877318048021,0.001001001001001001,True,True,5.869895788494869,5.08885355115643,0.9384795905006458,2.699816250150358
28,0.2819091742016503,999,0.27433422992216694,0.001001001001001001,True,True,6.062813160500983,5.419668182704293,0.949017980835644,2.7502778092996443
28,0.2819091742016503,999,0.28007286840284673,0.001001001001001001,True,True,4.833823044856849,8.534596466052351,0.8974432935738252,2.563981964783542
28,0.2819091742016503,999,0.27978727582342,0.001001001001001001,True,True,4.8956937867562775,6.317156593118877,0.9252494173186782,2.532792230134579
28,0.2819091742016503,999,0.2757744785367509,0.001001001001001001,True,True,5.738134771591526,4.730403096050565,1.0070092020777324,2.5912428915579184
28,0.2819091742016503,999,0.28314349214469353,0.001001001001001001,True,True,5.457249749828729,19.834517138669558,1.0117663663917327,2.7220542753516446
28,0.2819091742016503,999,0.2866050433877161,0.001001001001001001,True,True,4.8176459320841225,14.548353687834755,0.9847180004188616,2.7417116248430378
28,0.2819091742016503,999,0.28574564738178265,0.001001001001001001,True,True,5.485386245362111,8.86860368478648,0.9825564458126973,2.6878097756622346
28,0.2819091742016503,999,0.27940319609918396,0.001001001001001001,True,True,4.930747895132787,12.504423413135386,0.8617737453764492,2.748574667575378
28,0.2819091742016503,999,0.28111433471329467,0.001001001001001001,True,True,5.380004951049729,6.389197852090865,0.9308216563731274,2.782256379103055
28,0.2819091742016503,999,0.2762800055990647,0.001001001001001001,True,True,5.560415330561007,3.949407617182546,0.9330456794663373,2.6888756777966014
28,0.2819091742016503,999,0.30123431179338245,0.001001001001001001,True,True,5.373823728525689,9.816327573223798,0.9452247808178568,2.4303178983041818
28,0.2819091742016503,999,0.28198279395341297,0.001001001001001001,True,True,6.418701529687908,3.6824029713715274,0.9086636857253613,2.646796532165208
28,0.2819091742016503,999,0.28079128076590365,0.001001001001001001,True,True,5.402941117621287,18.128470721308044,0.9221558069079846,2.6880931353525255
28,0.2819091742016503,999,0.2718573487220336,0.001001001001001001,True,True,5.758231738797896,10.993560795554108,0.943574106724779,2.815997331517518
28,0.2819091742016503,999,0.2902569225486218,0.001001001001001001,True,True,6.274905558140807,3.8506598933051284,0.9517568095074527,2.525285043303122
28,0.2819091742016503,999,0.2758139539567563,0.001001001001001001,True,True,5.509637612080424,14.10709362612617,0.8804536732423333,2.5066869798557776
28,0.2819091742016503,999,0.283236742754196,0.001001001001001001,True,True,5.717937731711624,5.139077617120475,0.8628234394550641,2.6414340591803933
28,0.2819091742016503,999,0.2921148855565279,0.001001001001001001,True,True,5.849602965036208,4.346088723522901,0.8963753349524923,2.570668470118062
28,0.2819091742016503,999,0.26854906683933805,0.001001001001001001,True,True,6.446240545596095,3.8106541820951536,0.9386415584468004,2.635493904291313
28,0.2819091742016503,999,0.2739364546440516,0.001001001001001001,True,True,4.607443421059086,10.487433102560402,0.8974176610999084,2.5113263977079026
32,0.2819091742016503,999,0.2798658238530225,0.001001001001001001,True,True,5.15331886934018,9.055613089800824,0.9129956500607705,2.5744639726895655
32,0.2819091742016503,999,0.26858793804373116,0.001001001001001001,True,True,5.449433718338652,19.422632859285653,0.9784819053225944,2.6794712710289676
32,0.2819091742016503,999,0.2813006345270956,0.001001001001001001,True,True,5.29907849270013,11.86041249175466,0.9102801574143127,2.7260353366645504
32,0.2819091742016503,999,0.28489914130891225,0.001001001001001001,True,True,5.806216622952435,4.979560066677623,0.9619791469591967,2.732568651793886
32,0.2819091742016503,999,0.28035000196370075,0.001001001001001001,True,True,5.378234385501162,6.675583685123962,0.9789639337682304,2.804709561230295
32,0.2819091742016503,999,0.2769353781332356,0.001001001001001001,True,True,5.880949722630013,7.2728010227925095,0.9351885333189027,2.5451623019190306
32,0.2819091742016503,999,0.2796207137196218,0.001001001001001001,True,True,5.588329276042552,6.8037924252248105,0.9023464107197088,2.5249360726020234
32,0.2819091742016503,999,0.2648873188234311,0.001001001001001001,True,True,5.795168869548503,9.775359565404205,0.9252900643351949,2.6813980150614976
32,0.2819091742016503,999,0.2747156913787495,0.001001001001001001,True,True,5.8657376948112265,8.623794022490106,0.9296601219783374,2.7422924258116343
32,0.2819091742016503,999,0.2992967937298532,0.001001001001001001,True,True,5.030383179578286,9.675013501725374,1.0106247358992964,2.7624459530887377
32,0.2819091742016503,999,0.2675039752352161,0.001001001001001001,True,True,5.812477545420192,14.655909759029184,0.9068084499357828,2.555028363576449
32,0.2819091742016503,999,0.29600200599583293,0.001001001001001001,True,True,5.716016595118926,6.057588359255028,0.9875661542144403,2.805357546831218
32,0.2819091742016503,999,0.2742172134985796,0.001001001001001001,True,True,4.991788439697154,12.709374908847728,0.9546011996908883,2.612515239527308
32,0.2819091742016503,999,0.27763868510598444,0.001001001001001001,True,True,5.90390756534731,9.705067795089182,0.9071029381256822,2.6728699437386494
32,0.2819091742016503,999,0.29183150843434646,0.001001001001001001,True,True,6.182714103903453,3.6343509074701794,0.9204990488084535,2.6378520721887293
32,0.2819091742016503,999,0.29748273705644285,0.001001001001001001,True,True,5.468320075890206,10.049667402691417,0.9593578000254716,2.6512663847526956
32,0.2819091742016503,999,0.27247646831946487,0.001001001001001001,True,True,5.171878397512328,8.027385684662434,0.8735281808982515,2.6419656370912525
32,0.2819091742016503,999,0.28202448483066356,0.001001001001001001,True,True,5.132810359430338,11.54854679843633,0.9258283567246776,2.5519769182146628
32,0.2819091742016503,999,0.29372169627491007,0.001001001001001001,True,True,5.68289236558865,7.246071704817319,0.9031136089417776,2.6004995568167395
32,0.2819091742016503,999,0.2720732551008386,0.001001001001001001,True,True,5.958689971265509,7.437351285758915,0.9412952010148462,2.62552479217903
32,0.2819091742016503,999,0.2653779419006408,0.001001001001001001,True,True,5.2052144441509745,13.127567169915423,0.9507967718792769,2.880426804581141
32,0.2819091742016503,999,0.2915404779144089,0.001001001001001001,True,True,5.757724928349469,11.50040009410285,0.9284946561391779,2.79035740566534
32,0.2819091742016503,999,0.2864415023619795,0.001001001001001001,True,True,6.2678177371746795,3.165585311802195,0.9765094023919744,2.8198007601276847
32,0.2819091742016503,999,0.2799236271466018,0.001001001001001001,True,True,5.569633145686865,8.285916582304083,0.9008578925086552,2.410747004513913
32,0.2819091742016503,999,0.2957820715129458,0.001001001001001001,True,True,4.734595670309521,8.314503555548303,0.9508450149683672,2.6106473629031672
32,0.2819091742016503,999,0.2750117570287899,0.001001001001001001,True,True,5.9404914010971055,14.71332396553227,0.9296556582729125,2.5737018582879414
32,0.2819091742016503,999,0.2765698276877776,0.001001001001001001,True,True,5.7238647976041115,8.036675169038876,0.9161196487230081,2.557476170440972
32,0.2819091742016503,999,0.272334477650568,0.001001001001001001,True,True,5.705838684943135,6.476634469395758,0.9829665010751448,2.7651975315187594
32,0.2819091742016503,999,0.29046577974528287,0.001001001001001001,True,True,5.471631834582645,7.593134595443487,0.9340836501031189,2.702209799781066
32,0.2819091742016503,999,0.29322825352484283,0.001001001001001001,True,True,5.425623505191657,5.098376610120383,0.9469057887431495,2.763209007311283
32,0.2819091742016503,999,0.27202250098940306,0.001001001001001001,True,True,5.890128608516573,5.279851315591668,0.9680885051590628,2.6894805483795428
32,0.2819091742016503,999,0.2863607388751318,0.001001001001001001,True,True,5.670174017452738,5.550073231961194,0.8603271403281905,2.374915221289546
32,0.2819091742016503,999,0.2812629717539271,0.001001001001001001,True,True,6.1469600681647565,4.907514365404196,0.8743503447618949,2.6215392330498366
32,0.2819091742016503,999,0.2660111598623597,0.001001001001001001,True,True,5.233223157080663,11.356026397867566,0.9532095723355776,2.749129219232254
32,0.2819091742016503,999,0.27804028708297795,0.001001001001001001,True,True,5.976663419643225,4.893871674257244,0.9517103666958657,2.733378295413271
32,0.2819091742016503,999,0.29290378974102305,0.001001001001001001,True,True,5.574891793526959,10.001818888624763,0.9138838870531389,2.622682363300722
32,0.2819091742016503,999,0.27393504480762276,0.001001001001001001,True,True,5.259966392116859,8.350619800288376,0.9004437694276646,2.7490933558499093
32,0.2819091742016503,999,0.2799395381577265,0.001001001001001001,True,True,6.038053749622285,3.816038053178552,0.9165959083887285,2.685805597454091
32,0.2819091742016503,999,0.2767168534867773,0.001001001001001001,True,True,5.4723795002839415,5.3572227460585,0.9650254514861782,2.790117936960426
32,0.2819091742016503,999,0.2835015905975995,0.001001001001001001,True,True,6.097028860399512,4.126357170275236,0.9217883334937882,2.660152636862372
32,0.2819091742016503,999,0.28462160493765,0.001001001001001001,True,True,5.939466104936054,5.4990136483664855,0.9305215900194934,2.7104031688562107
32,0.2819091742016503,999,0.2850101155763764,0.001001001001001001,True,True,5.88051608659285,11.739947736959035,0.8587360671209684,2.56030048842688
32,0.2819091742016503,999,0.27687616500322754,0.001001001001001001,True,True,5.345065624001312,11.861328661915827,0.97075344562743,2.7509755077073352
32,0.2819091742016503,999,0.2884166831986772,0.001001001001001001,True,True,6.155043519368452,3.860235657267464,0.9283935836372056,2.7231463632868462
32,0.2819091742016503,999,0.30641425223786356,0.001001001001001001,True,True,5.852860163633102,6.5638550992439555,0.9340191851083488,2.4979938833109845
32,0.2819091742016503,999,0.28566629373136376,0.001001001001001001,True,True,5.458326363224858,5.478071260565601,0.9188149121186602,2.4527690920146408
32,0.2819091742016503,999,0.2843563542838383,0.001001001001001001,True,True,5.618247857038565,5.440349450892945,0.933429262030832,2.653135399657251
32,0.2819091742016503,999,0.2697993903464472,0.001001001001001001,True,True,5.845327120631606,5.115290776195815,0.889240494014815,2.7134650154070625
32,0.2819091742016503,999,0.2653694828820682,0.001001001001001001,True,True,5.58097979086929,9.848379385066794,0.9599827622547177,2.5282742602944794
32,0.2819091742016503,999,0.28491605934605746,0.001001001001001001,True,True,5.5898782289643965,4.880189445900011,0.9495689016086731,2.6176709240192335
32,0.2819091742016503,999,0.2847700405730784,0.001001001001001001,True,True,5.615790932501354,6.906624630980781,0.9124333242684245,2.6238688752025
32,0.2819091742016503,999,0.27890673227105517,0.001001001001001001,True,True,5.325047395030873,6.396250393928386,0.9052051605515465,2.646032877156743
32,0.2819091742016503,999,0.27395437970721725,0.001001001001001001,True,True,5.283007621514176,26.503558778508864,1.0295629229213379,2.72798129669608
32,0.2819091742016503,999,0.261301097759065,0.001001001001001001,True,True,5.575100118203741,8.78461528250351,0.9327260896471133,2.6842734435913798
32,0.2819091742016503,999,0.277630427492616,0.001001001001001001,True,True,5.64909866677901,6.373229572537793,0.9507517280082682,2.6222566046673568
32,0.2819091742016503,999,0.2796940252139175,0.001001001001001001,True,True,5.230354541315986,5.435132123866668,0.9707733754920542,2.621093106349373
32,0.2819091742016503,999,0.2801119410124438,0.001001001001001001,True,True,5.382681747657057,12.544597094594415,0.8985896670075699,2.608580155439212
32,0.2819091742016503,999,0.28376502860457414,0.001001001001001001,True,True,5.786949444239311,4.161727629467158,0.8964367045888809,2.6911771266151376
32,0.2819091742016503,999,0.2877893059878774,0.001001001001001001,True,True,6.204221689346461,5.02849097343235,0.9172787305802178,2.697319053135912
32,0.2819091742016503,999,0.2847041810713347,0.001001001001001001,True,True,5.717496134102174,5.97393556652345,0.9078235586092042,2.714091686953758
32,0.2819091742016503,999,0.27851197807100136,0.001001001001001001,True,True,5.689039472616338,7.304318853146046,0.921724181978483,2.772300968268373
32,0.2819091742016503,999,0.2610175192316794,0.001001001001001001,True,True,4.8977773535649565,11.145361327886082,0.9139514943302268,2.6525171184175105
32,0.2819091742016503,999,0.2838383400988698,0.001001001001001001,True,True,5.139767424694584,13.845185817550336,0.8801003898434022,2.631770415432484
32,0.2819091742016503,999,0.28373119253028384,0.001001001001001001,True,True,5.61562256973187,6.62772957004578,0.9175140077130721,2.6293402980668446
32,0.2819091742016503,999,0.26419065822241783,0.001001001001001001,True,True,5.103941853333511,9.834101846342689,0.9464403385251186,2.6731872584697265
32,0.2819091742016503,999,0.26845944152350953,0.001001001001001001,True,True,5.438712149731084,13.391110015143274,0.8530957234766905,2.6017808828840536
32,0.2819091742016503,999,0.27686468490659333,0.001001001001001001,True,True,5.92631318084564,6.491787307927975,0.902289810793793,2.5480691376637767
32,0.2819091742016503,999,0.2880044067458659,0.001001001001001001,True,True,5.142364567698766,12.52317125002379,0.9239114196740027,2.6011730533407422
32,0.2819091742016503,999,0.2842649163211728,0.001001001001001001,True,True,5.790725271486631,8.832808691943479,0.9605851332245559,2.7694055627535175
32,0.2819091742016503,999,0.29964643316418654,0.001001001001001001,True,True,5.4009791160337794,10.84820770000882,0.9348238430423126,2.660229829021082
32,0.2819091742016503,999,0.2866503595586407,0.001001001001001001,True,True,6.013150695470518,4.910940208578301,0.9683964288536998,2.7194428248969738
32,0.2819091742016503,999,0.27368167706085356,0.001001001001001001,True,True,5.030073985950836,16.324678036586484,0.8968470242100639,2.7598563692582747
32,0.2819091742016503,999,0.2902391988906602,0.001001001001001001,True,True,5.750392889274084,7.92578615063742,0.8926272598200468,2.5311424294168865
32,0.2819091742016503,999,0.2928389372653,0.001001001001001001,True,True,5.898390967801492,7.195115180550856,0.92949462572003,2.4398861110929824
32,0.2819091742016503,999,0.3075384960872004,0.001001001001001001,True,True,5.2507645825017075,5.774675515537017,0.9052677378563105,2.7578773156749685
32,0.2819091742016503,999,0.2871848889703461,0.001001001001001001,True,True,5.076612538244816,7.769061351840481,0.7961041387559378,2.510773322413548
32,0.2819091742016503,999,0.2771996217610267,0.001001001001001001,True,True,5.764755544658941,5.899394676868901,1.0125203743296924,2.7732877054652687
32,0.2819091742016503,999,0.28144987578334035,0.001001001001001001,True,True,5.132104015565846,6.963546426988887,0.9969111159605956,2.7937169456553623
32,0.2819091742016503,999,0.29297508718327775,0.001001001001001001,True,True,5.689970365309841,6.864817791766493,0.9965028670469214,2.791815072184217
32,0.2819091742016503,999,0.2842365181873935,0.001001001001001001,True,True,5.49817677653091,10.459106185643142,0.8891704065283753,2.750184037949363
32,0.2819091742016503,999,0.29633009507332664,0.001001001001001001,True,True,5.48280890532471,8.100913908188161,0.9545893271213699,2.738395221836214
32,0.2819091742016503,999,0.2721501918888082,0.001001001001001001,True,True,5.194639444450508,9.12725915827555,0.8915682830299912,2.600591663874179
32,0.2819091742016503,999,0.28650534781168213,0.001001001001001001,True,True,5.5217448360097015,14.329417200036819,0.8702105177055178,2.6001534698742086
32,0.2819091742016503,999,0.27787432919479205,0.001001001001001001,True,True,5.82953999474792,9.025020275573715,0.9465910055334518,2.751337566302491
32,0.2819091742016503,999,0.2741980800041892,0.001001001001001001,True,True,4.969667490897232,8.154397774652272,0.9385746030850649,2.2538456831380578
32,0.2819091742016503,999,0.2740494429635567,0.001001001001001001,True,True,5.10113978952286,6.746180391709948,0.9608549237364936,2.7798602895099664
32,0.2819091742016503,999,0.2800364140609029,0.001001001001001001,True,True,5.755019069428344,7.53936230505603,0.893885675555101,2.629113569934117
32,0.2819091742016503,999,0.2751904034448346,0.001001001001001001,True,True,5.899990181271828,6.923676179486574,0.8917139279576148,2.6902224297816217
32,0.2819091742016503,999,0.28025373027613665,0.001001001001001001,True,True,4.978052433019062,16.465122598937242,0.8142831067662538,2.288406934393258
32,0.2819091742016503,999,0.296993725220866,0.001001001001001001,True,True,5.439500972642526,12.577223159759338,0.9396246382721029,2.7246574192908657
32,0.2819091742016503,999,0.2858322516195496,0.001001001001001001,True,True,5.468767153509968,6.176845410527433,0.9110928504094927,2.7000311355688957
32,0.2819091742016503,999,0.2842618952431112,0.001001001001001001,True,True,6.428842386344701,3.914247753440732,0.9193774770507244,2.72548099260018
32,0.2819091742016503,999,0.27507439404726786,0.001001001001001001,True,True,5.816224774057558,4.73801637620581,0.8839664807797242,2.541536215542232
32,0.2819091742016503,999,0.286999998992974,0.001001001001001001,True,True,5.966993113401544,5.364995786747973,0.9142141838287612,2.5064205909416306
32,0.2819091742016503,999,0.26448168874235545,0.001001001001001001,True,True,5.663151128802426,15.351246837014244,1.008096261470483,2.8708915851254897
32,0.2819091742016503,999,0.27714504095071313,0.001001001001001001,True,True,5.500954855274238,12.250855169786654,0.9215162505163992,2.6046919402277733
32,0.2819091742016503,999,0.3069526083484472,0.001001001001001001,True,True,5.316094216529714,14.239088679472951,0.9648904231032698,2.6254756919424995
32,0.2819091742016503,999,0.2737263890161658,0.001001001001001001,True,True,6.236881551365683,4.6060898594081054,0.985736612259394,2.8570475647827545
32,0.2819091742016503,999,0.28267381520871115,0.001001001001001001,True,True,5.378852481910674,6.734617196869455,0.901201813005913,2.6123495938890935
32,0.2819091742016503,999,0.2661744994828921,0.001001001001001001,True,True,6.224291064153394,4.135460252123351,0.9995044685744195,2.79515977785829
36,0.2819091742016503,999,0.2683031510851209,0.001001001001001001,True,True,5.1168737067812575,5.384329555689644,0.8726711861784299,2.4161295922674153
36,0.2819091742016503,999,0.27186036980009526,0.001001001001001001,True,True,4.53881315060922,12.22836990738056,0.9193976198068063,2.6630237787853965
36,0.2819091742016503,999,0.28393964691653667,0.001001001001001001,True,True,5.7116983602004705,5.718804971498802,0.9301422177319059,2.7409124185985623
36,0.2819091742016503,999,0.2905972973435661,0.001001001001001001,True,True,5.72048661734708,5.194002228196429,0.9088060760158374,2.5680902603654308
36,0.2819091742016503,999,0.2937738602227743,0.001001001001001001,True,True,5.656029254618841,6.208571231406126,0.935374668210582,2.857905075172921
36,0.2819091742016503,999,0.28348990909576116,0.001001001001001001,True,True,5.904993327754421,4.442785818462808,0.9331351982389176,2.671120933732596
36,0.2819091742016503,999,0.29464513913575013,0.001001001001001001,True,True,4.97799926841246,8.637482426737016,0.8925025355991695,2.648796361040081
36,0.2819091742016503,999,0.2807091074426272,0.001001001001001001,True,True,5.738530372944401,12.404731382598266,0.9407405363915586,2.654504908619231
36,0.2819091742016503,999,0.3069091048243596,0.001001001001001001,True,True,5.240606670223325,11.700312634295525,0.9657299304177874,2.7387742067878
36,0.2819091742016503,999,0.2859772633665081,0.001001001001001001,True,True,6.034651480370969,5.6339846765298836,0.9181030614661013,2.6046004573504504
36,0.2819091742016503,999,0.2691591232025844,0.001001001001001001,True,True,5.520996513115205,7.097218521858089,0.9086593577836451,2.4529177374993703
36,0.2819091742016503,999,0.2819541944144295,0.001001001001001001,True,True,5.318002598277434,7.672954921727391,0.9555503251160933,2.64409357296871
36,0.2819091742016503,999,0.28095582881766085,0.001001001001001001,True,True,6.070493590087828,6.0211548407959015,0.8990883234178809,2.775718015477426
36,0.2819091742016503,999,0.27342629526204326,0.001001001001001001,True,True,6.012647166587132,6.608956388265212,0.9125851106114009,2.5670161897931547
36,0.2819091742016503,999,0.2890666177923372,0.001001001001001001,True,True,5.459034780677261,9.501137944629788,0.9901645076255706,2.850804724771247
36,0.2819091742016503,999,0.2810684143267578,0.001001001001001001,True,True,5.385098700618033,9.566151938999235,0.9465666598532362,2.696429981641023
36,0.2819091742016503,999,0.2795278659205276,0.001001001001001001,True,True,5.594965333281185,10.543699061586375,0.9729085553966631,2.7191356994829023
36,0.2819091742016503,999,0.27336748494244345,0.001001001001001001,True,True,5.386330989071703,6.23959225913297,0.9314176047423798,2.6686164739439713
36,0.2819091742016503,999,0.28452533325008583,0.001001001001001001,True,True,6.0676292473957805,11.660146644943003,0.9557461404694482,2.7016704585143203
36,0.2819091742016503,999,0.2846886728706183,0.001001001001001001,True,True,5.3713583483402525,23.0899921346779,0.9118237732310668,2.761818881354145
36,0.2819091742016503,999,0.27387623448802295,0.001001001001001001,True,True,4.886525723626854,12.638298753820447,0.9216879185141256,2.766513394551574
36,0.2819091742016503,999,0.2700954559964875,0.001001001001001001,True,True,5.582194452847909,4.757404033939054,0.9373581791459183,2.6704729882562916
36,0.2819091742016503,999,0.3029762654037218,0.001001001001001001,True,True,5.744349911689063,6.1775109612321675,0.9101204567424385,2.4618401161255217
36,0.2819091742016503,999,0.2748639256089738,0.001001001001001001,True,True,5.400077300707303,6.945969271984263,0.9730035520121997,2.6864995376191594
36,0.2819091742016503,999,0.2830846818250937,0.001001001001001001,True,True,6.231468963139653,4.14357814920316,0.9906167826184328,2.868716412109881
36,0.2819091742016503,999,0.2752435744187194,0.001001001001001001,True,True,6.441797576057198,3.9321015901432532,0.9514919763212139,2.682892059481294
36,0.2819091742016503,999,0.2860813898570325,0.001001001001001001,True,True,5.274603628615309,6.455328088639472,0.9253968652784612,2.4866812983500095
36,0.2819091742016503,999,0.2737376677075959,0.001001001001001001,True,True,5.526808520779225,9.398096811848022,0.9297644112940358,2.7151636068508527
36,0.2819091742016503,999,0.2944437339316411,0.001001001001001001,True,True,5.202047046658173,16.894960782535925,0.9056636716518554,2.593691318039091
36,0.2819091742016503,999,0.2759227127669752,0.001001001001001001,True,True,6.359331440233687,3.828984643846319,0.931260318386312,2.7151222000539774
36,0.2819091742016503,999,0.292491714693416,0.001001001001001001,True,True,5.271373880197185,7.48400020638586,0.8793108664118789,2.5765224657807617
36,0.2819091742016503,999,0.27839576726823045,0.001001001001001001,True,True,5.745683946557494,10.080130259203825,0.9413323834441717,2.578077441423199
36,0.2819091742016503,999,0.2874652450144659,0.001001001001001001,True,True,5.8680568754709235,5.083090374118308,0.9027733847471084,2.585302847156186
36,0.2819091742016503,999,0.2767301462302485,0.001001001001001001,True,True,5.3989795790374755,13.69566604642072,0.9571691491431867,2.5578828261947146
36,0.2819091742016503,999,0.2935718508030529,0.001001001001001001,True,True,6.160659039586144,4.3848858365723515,1.0285951075392379,2.8416728928333503
36,0.2819091742016503,999,0.284957548818104,0.001001001001001001,True,True,6.138881498270905,5.346712800669787,0.9494436366842373,2.6763106063603206
36,0.2819091742016503,999,0.27886886809268263,0.001001001001001001,True,True,5.957082820926474,4.207861866062902,0.9560688676531333,2.7414426020744376
36,0.2819091742016503,999,0.29571842746844734,0.001001001001001001,True,True,5.529712092641774,4.7436104454228705,0.9817921121614736,2.7506808414827857
36,0.2819091742016503,999,0.28902432269947426,0.001001001001001001,True,True,6.038627506310732,6.4282732319590945,0.9411714622258285,2.6800392644945226
36,0.2819091742016503,999,0.27408388325345945,0.001001001001001001,True,True,4.885589584649314,12.389912526120076,1.0103663787767896,2.7764874128345176
36,0.2819091742016503,999,0.27979593624719673,0.001001001001001001,True,True,5.824904822428356,9.876691468759848,0.940760007585662,2.7565131279125046
36,0.2819091742016503,999,0.2759958228560668,0.001001001001001001,True,True,6.160917942976325,3.6889153895627724,0.9260450901086172,2.6049994466744177
36,0.2819091742016503,999,0.2917024076985125,0.001001001001001001,True,True,5.515482682025847,34.78608267794148,0.9533475574151927,2.6419889970459596
36,0.2819091742016503,999,0.27824390774433216,0.001001001001001001,True,True,5.533295204498361,8.64897214306697,0.9284159731889552,2.7271960707565195
36,0.2819091742016503,999,0.30133219472257944,0.001001001001001001,True,True,5.877426835741879,3.8125503913867202,0.967710438545274,2.6770280430081375
36,0.2819091742016503,999,0.27711704562734196,0.001001001001001001,True,True,5.615545113964633,6.628346266835786,0.9041157806903439,2.709515689247227
36,0.2819091742016503,999,0.28718468756514204,0.001001001001001001,True,True,5.805362381998024,6.581512749367857,0.900689388071667,2.655640281194156
36,0.2819091742016503,999,0.2898007397613147,0.001001001001001001,True,True,5.296675713250593,10.227693636879593,0.9156568995083536,2.639791900524613
36,0.2819091742016503,999,0.2863045468231854,0.001001001001001001,True,True,6.010623525990121,8.065414980858524,0.9207361727777182,2.5761254497991946
36,0.2819091742016503,999,0.2843930100309862,0.001001001001001001,True,True,5.606884668724391,14.36872682382325,0.9101801642091999,2.6878082815220563
36,0.2819091742016503,999,0.2743998880187065,0.001001001001001001,True,True,5.701036832447728,7.495143524141013,0.9199166310966285,2.7000426729629963
36,0.2819091742016503,999,0.27612955591159527,0.001001001001001001,True,True,5.351318838711968,8.902564894581634,0.9665208736379771,2.74454683141765
36,0.2819091742016503,999,0.26829126817807847,0.001001001001001001,True,True,5.444239342266452,13.469851003060601,0.892230997236911,2.6181333238107656
36,0.2819091742016503,999,0.2825894264281895,0.001001001001001001,True,True,5.568430502826285,8.026717397766252,0.9112578834307249,2.751659612552509
36,0.2819091742016503,999,0.29693249803881683,0.001001001001001001,True,True,5.445316257209524,5.500853784091355,0.9241078099906366,2.711429383013493
36,0.2819091742016503,999,0.2700980742641409,0.001001001001001001,True,True,5.5820836366738344,6.281128417813398,0.9540329488759715,2.682520818586741
36,0.2819091742016503,999,0.2794469010284757,0.001001001001001001,True,True,5.124058171787853,6.598544790608178,0.9149010046192182,2.592783942026352
36,0.2819091742016503,999,0.29077574235440673,0.001001001001001001,True,True,5.338263210615817,6.080769354606753,0.9628882924855967,2.545546066174444
36,0.2819091742016503,999,0.27127871157062833,0.001001001001001001,True,True,5.935347479995442,5.952215683109816,0.886764717157814,2.512833010475115
36,0.2819091742016503,999,0.29037474459302554,0.001001001001001001,True,True,5.231023088771377,9.040455174776104,0.9344996831490804,2.7423722161382154
36,0.2819091742016503,999,0.2729256019246281,0.001001001001001001,True,True,5.796202368033697,22.610418725725534,0.9074867447114828,2.562036769572636
36,0.2819091742016503,999,0.29321193970331,0.001001001001001001,True,True,5.428813026845358,8.25505025223742,0.933562063526301,2.60072847013577
36,0.2819091742016503,999,0.2892517091749134,0.001001001001001001,True,True,5.570349963212389,6.188688699165939,0.8856403792241123,2.632308965808621
36,0.2819091742016503,999,0.28334952966849714,0.001001001001001001,True,True,6.024033570045648,3.977622036858851,0.960873004099234,2.7595075773592694
36,0.2819091742016503,999,0.262848493942235,0.001001001001001001,True,True,5.823252690188119,6.8730927304388665,0.9199759041093116,2.6764994909570605
36,0.2819091742016503,999,0.2718748709747911,0.001001001001001001,True,True,5.345273024543912,13.597017109002827,0.924316350443372,2.347918546681347
36,0.2819091742016503,999,0.2857901579318908,0.001001001001001001,True,True,5.545154566463898,8.470656394989552,0.9804339444530205,2.8103720370804672
36,0.2819091742016503,999,0.2697131889190885,0.001001001001001001,True,True,5.345371164146379,9.980966580621647,0.8659669629853313,2.5825527431936663
36,0.2819091742016503,999,0.2864711089269836,0.001001001001001001,True,True,4.986468371321312,12.52540162147046,0.8798569612351284,2.5597093371323827
36,0.2819091742016503,999,0.27983662009842675,0.001001001001001001,True,True,5.854252266152399,4.404994256859191,0.961277092151077,2.600413460548524
36,0.2819091742016503,999,0.2739108761831297,0.001001001001001001,True,True,5.193925311412227,10.857248873191413,0.912952569124399,2.711870193236014
36,0.2819091742016503,999,0.2817066674185794,0.001001001001001001,True,True,5.704662219764173,7.465878282516022,0.9393969261909162,2.7856841773452956
36,0.2819091742016503,999,0.30055477063471847,0.001001001001001001,True,True,5.648660241353159,13.214085520970103,0.9566330600652108,2.8200814393687015
36,0.2819091742016503,999,0.2711471939723451,0.001001001001001001,True,True,5.445965135690161,30.797828790455686,0.9790735840282428,2.868836359228546
36,0.2819091742016503,999,0.268465886490041,0.001001001001001001,True,True,5.600774897746241,6.517868103833449,1.0133686335190633,2.8238274658182934
36,0.2819091742016503,999,0.2727447400513382,0.001001001001001001,True,True,5.694440800579004,6.433823867138374,0.9254646516390318,2.7293274247635373
36,0.2819091742016503,999,0.2963270739952649,0.001001001001001001,True,True,5.028102291943801,9.003178983975454,0.9885017349067624,2.5751549897352777
36,0.2819091742016503,999,0.27338923670448717,0.001001001001001001,True,True,5.726324393411837,10.293937132829637,0.8598794072989503,2.5925514773190503
36,0.2819091742016503,999,0.29003678666053057,0.001001001001001001,True,True,5.713556945629678,11.66856429020996,0.9668105555413016,2.6803442074387056
36,0.2819091742016503,999,0.2826256793649291,0.001001001001001001,True,True,5.18523533911821,13.855821016689314,0.9323698110197279,2.574917376076059
36,0.2819091742016503,999,0.26920766185677475,0.001001001001001001,True,True,5.67499324619595,11.873304619899624,0.9198659986875352,2.6221714986833122
36,0.2819091742016503,999,0.2785262778404931,0.001001001001001001,True,True,5.448359877887154,6.992020644587158,0.8455819287584064,2.5522617661033826
36,0.2819091742016503,999,0.27888498050901134,0.001001001001001001,True,True,5.443477062578449,12.046275589215716,0.9507924889023213,2.5967678235348197
36,0.2819091742016503,999,0.28380148294651786,0.001001001001001001,True,True,5.497465302890242,9.898160068354318,0.95294711216606,2.598148684056305
36,0.2819091742016503,999,0.29236926032931765,0.001001001001001001,True,True,5.6485851935578735,5.030613186598843,0.9199357588968997,2.567331608944075
36,0.2819091742016503,999,0.2783176220490361,0.001001001001001001,True,True,5.2787898546733185,42.1017741088316,0.9373753653011991,2.311525945793923
36,0.2819091742016503,999,0.2755591763735583,0.001001001001001001,True,True,6.038600405568387,7.055003397911086,0.8821000520829071,2.679386280889826
36,0.2819091742016503,999,0.28265226485187156,0.001001001001001001,True,True,5.584864946523709,17.164459585575866,0.9974716917160129,2.6776392735116987
36,0.2819091742016503,999,0.2893624820371734,0.001001001001001001,True,True,5.744219934928107,7.499788636803323,0.9883452107839894,2.7399830729000922
36,0.2819091742016503,999,0.2793850696308142,0.001001001001001001,True,True,5.377808494931086,21.166917803953588,0.9417261351424765,2.6500659668831537
36,0.2819091742016503,999,0.2798833461057801,0.001001001001001001,True,True,4.925739446248266,11.103254295728949,1.0349637835048051,2.934751015841969
36,0.2819091742016503,999,0.2771138231440762,0.001001001001001001,True,True,6.197749308118887,4.377346838637354,0.9476020741618474,2.676631867100267
36,0.2819091742016503,999,0.27107851479774386,0.001001001001001001,True,True,5.4482263225154615,10.095699278861057,0.9222458369217319,2.704725770979055
36,0.2819091742016503,999,0.27072021493963383,0.001001001001001001,True,True,5.413814353865439,12.512919704213113,1.0055974628057653,2.689877752395465
36,0.2819091742016503,999,0.26351091565854967,0.001001001001001001,True,True,5.482326863343844,13.097053646771473,0.9083907091217707,2.388044237734304
36,0.2819091742016503,999,0.281628320794181,0.001001001001001001,True,True,6.090718443800656,5.554808303184791,0.9699079583734767,2.702586709431336
36,0.2819091742016503,999,0.2714976390274948,0.001001001001001001,True,True,6.043465615834881,6.02346955225821,0.9353310432366964,2.7635569284621813
36,0.2819091742016503,999,0.280904470490613,0.001001001001001001,True,True,5.588472074436581,5.247451495905552,0.8970973236524494,2.598916955127421
36,0.2819091742016503,999,0.2825318245398143,0.001001001001001001,True,True,6.680967274943454,3.0969526856105425,0.915323948683598,2.713448360027747
36,0.2819091742016503,999,0.28118804901799854,0.001001001001001001,True,True,5.260939852166539,9.624955681515344,0.9530906601503284,2.511420399631951
40,0.2819091742016503,999,0.28448082269997776,0.001001001001001001,True,True,6.154999120147418,5.1196494434755255,0.9545661592736718,2.882996657183042
40,0.2819091742016503,999,0.27617749035017314,0.001001001001001001,True,True,5.337182808217916,11.254584644130622,0.9271221668681888,2.5102622753507164
40,0.2819091742016503,999,0.27694544839344104,0.001001001001001001,True,True,5.4587301389719745,6.646942064998191,0.9923190652328397,2.7214634827127173
40,0.2819091742016503,999,0.2944447409576616,0.001001001001001001,True,True,5.764564875408142,10.130098855528402,1.0227201252954494,2.873772975422009
40,0.2819091742016503,999,0.29418956056405543,0.001001001001001001,True,True,5.547085745268773,5.618012388089338,0.9067946708704969,2.6853745294014755
40,0.2819091742016503,999,0.27792065239173713,0.001001001001001001,True,True,5.293965607409796,7.666147737253403,0.8364100421916706,2.5058213329485937
40,0.2819091742016503,999,0.28596417202824104,0.001001001001001001,True,True,4.91342859497222,25.935271568385645,1.0067929662632853,2.6092717498494182
40,0.2819091742016503,999,0.28369473818834,0.001001001001001001,True,True,6.416939204612299,5.024490538820087,0.9014940931038061,2.608489474519734
40,0.2819091742016503,999,0.28975723623722716,0.001001001001001001,True,True,5.707436571094134,11.151426482464393,0.9384198450003509,2.6740115874019232
40,0.2819091742016503,999,0.2852977222078441,0.001001001001001001,True,True,5.555442456132395,8.409736515808987,1.0200692134647995,2.7375520218071108
40,0.2819091742016503,999,0.26285332766713365,0.001001001001001001,True,True,6.245182106120096,4.236897423002657,0.9500855214958157,2.6467408372857144
40,0.2819091742016503,999,0.27421358820490566,0.001001001001001001,True,True,6.231908777149955,3.567500283842521,0.9453264538076922,2.653255928790233
40,0.2819091742016503,999,0.29310217386707055,0.001001001001001001,True,True,5.471258397909199,8.70019193154271,0.8816792967827205,2.5365118161698876
40,0.2819091742016503,999,0.278928685438303,0.001001001001001001,True,True,6.157073853343201,4.032953253450155,0.9466434983221272,2.807010318730722
40,0.2819091742016503,999,0.2883582756894856,0.001001001001001001,True,True,6.056076819527879,4.435266819223252,0.9178292617553618,2.6432374886298957
40,0.2819091742016503,999,0.2927098365294661,0.001001001001001001,True,True,5.298105149515841,7.940426764780667,0.8620015596078641,2.6668681497693676
40,0.2819091742016503,999,0.2848775909520726,0.001001001001001001,True,True,4.889470108056854,8.492639255240789,0.9934841612587938,2.734693447464653
40,0.2819091742016503,999,0.2735980939011483,0.001001001001001001,True,True,5.649458979283228,5.906695976272024,0.9283704117678838,2.608626804018706
40,0.2819091742016503,999,0.2784845869632425,0.001001001001001001,True,True,6.129528105229517,4.305866450769458,0.9434322556656536,2.6715620318736923
40,0.2819091742016503,999,0.28004104638059746,0.001001001001001001,True,True,5.64469066417828,5.7140373005932314,0.9921233639108787,2.8622457784382234
40,0.2819091742016503,999,0.2669630008569792,0.001001001001001001,True,True,6.056644948128431,7.099305873878401,0.9351814828739513,2.6856592267646633
40,0.2819091742016503,999,0.28017034852163547,0.001001001001001001,True,True,5.459301072428014,5.538441893316906,0.8978608365982468,2.6405774795318697
40,0.2819091742016503,999,0.2920101548503912,0.001001001001001001,True,True,5.6190892584658085,10.919654372661272,0.9798185879977707,2.756839275576292
40,0.2819091742016503,999,0.2829048269778243,0.001001001001001001,True,True,5.889388715961438,8.171125613041674,0.9311321781733015,2.8346158920986455
40,0.2819091742016503,999,0.2847942091975715,0.001001001001001001,True,True,5.804935362535772,6.162228081648219,0.9523134325847982,2.8169857088894945
40,0.2819091742016503,999,0.279401383452347,0.001001001001001001,True,True,5.330136165417863,4.554100883249632,0.9166378682272573,2.6247903277658264
40,0.2819091742016503,999,0.2833044149027767,0.001001001001001001,True,True,5.070416355734603,9.883676639919484,0.9059634165635357,2.77854613513633
40,0.2819091742016503,999,0.2912607260859013,0.001001001001001001,True,True,5.292522104587885,7.021807867683262,0.8546642367345697,2.4346434499887764
40,0.2819091742016503,999,0.2951486521460228,0.001001001001001001,True,True,5.966635020612294,12.423133314186048,0.9532753185552606,2.6831223639007695
40,0.2819091742016503,999,0.27213830898176583,0.001001001001001001,True,True,5.187286986598747,9.762827968118001,0.9774114685486138,2.7858691740449877
40,0.2819091742016503,999,0.2691599288234009,0.001001001001001001,True,True,5.350242895222178,11.266042965392074,0.9419688341986266,2.69114730771884
40,0.2819091742016503,999,0.28329233059053016,0.001001001001001001,True,True,6.068768500573571,3.4144097739615717,0.9598322224393007,2.7470792957030734
40,0.2819091742016503,999,0.27870190317847626,0.001001001001001001,True,True,5.669286481250913,6.499597142561553,0.8486510695830275,2.5026938599320583
40,0.2819091742016503,999,0.28300009163936785,0.001001001001001001,True,True,5.89482581112803,13.346970593284379,0.9714801397771762,2.675513333111056
40,0.2819091742016503,999,0.2815703160953976,0.001001001001001001,True,True,6.15558964055466,3.3180764691227926,0.8940822935575024,2.6133751169132013
40,0.2819091742016503,999,0.2890398309001907,0.001001001001001001,True,True,5.51326671349683,5.389921145307986,0.9441410797969713,2.736967945236119
40,0.2819091742016503,999,0.2744170074610558,0.001001001001001001,True,True,5.285317139198384,9.28121527329127,0.9718252034632819,2.698760542411358
40,0.2819091742016503,999,0.2655716937069937,0.001001001001001001,True,True,4.689504412835549,18.25725510267019,0.9418974666716141,2.745267244246491
40,0.2819091742016503,999,0.2650150097228362,0.001001001001001001,True,True,6.239514221109158,3.8175665653984687,0.8748617524149102,2.6725051353674094
40,0.2819091742016503,999,0.28249678003429934,0.001001001001001001,True,True,5.962251184073714,4.179193751547885,0.9138221840957458,2.6579774833077248
40,0.2819091742016503,999,0.28339907534870795,0.001001001001001001,True,True,5.336816290189948,6.4883233663412785,0.9413745768052986,2.801739020941727
40,0.2819091742016503,999,0.288604594254111,0.001001001001001001,True,True,6.373964960213988,3.9107523488264615,0.9355863251790137,2.741669404644883
40,0.2819091742016503,999,0.292102197028669,0.001001001001001001,True,True,5.725538040646197,9.514833776378428,0.9220243099898336,2.6770424003742344
40,0.2819091742016503,999,0.28030508860318437,0.001001001001001001,True,True,5.600159883174014,17.14300393423128,0.9737718337767556,2.7071195134225214
40,0.2819091742016503,999,0.26800446716742715,0.001001001001001001,True,True,5.782399261433354,6.378942145327507,0.9130365288563855,2.7233112777036657
40,0.2819091742016503,999,0.28193163703156926,0.001001001001001001,True,True,5.845299963506851,7.9363238651340335,0.8820708978029553,2.6501933294740394
40,0.2819091742016503,999,0.28532350207397006,0.001001001001001001,True,True,5.1898306663393665,24.044139767696134,0.9348814743118272,2.651291337364565
40,0.2819091742016503,999,0.2878720835267663,0.001001001001001001,True,True,5.653038983547961,4.565293594872997,0.9657883452724048,2.7822731043269435
40,0.2819091742016503,999,0.3043323266429882,0.001001001001001001,True,True,5.014404080739368,5.497223588467344,0.9497362245692935,2.728704734386762
40,0.2819091742016503,999,0.2919426841070146,0.001001001001001001,True,True,5.467626210959162,7.384099965921549,0.9560608052491053,2.864332207365444
40,0.2819091742016503,999,0.288427357674495,0.001001001001001001,True,True,5.287856435624017,10.97166316210837,0.8966520575565545,2.556714342714932
40,0.2819091742016503,999,0.2833920261665641,0.001001001001001001,True,True,5.566024696368719,10.382594886991958,0.9655679510158853,2.7332037118097903
40,0.2819091742016503,999,0.276328544253255,0.001001001001001001,True,True,5.125675401644828,17.52136909642469,0.9578381779492668,2.748164683660098
40,0.2819091742016503,999,0.2810367937097127,0.001001001001001001,True,True,5.12582372938394,8.901028184351171,0.8944060669270691,2.7361725132878045
40,0.2819091742016503,999,0.29825935552348737,0.001001001001001001,True,True,5.924337866018036,6.599454281153854,0.9282328912522488,2.530184664947616
40,0.2819091742016503,999,0.2750985626717609,0.001001001001001001,True,True,5.653934829238656,4.623359366419351,0.8910048761310826,2.503203462064464
40,0.2819091742016503,999,0.2890843414502987,0.001001001001001001,True,True,4.962457137665643,14.746707254008284,0.8565253683458819,2.6327887908186467
40,0.2819091742016503,999,0.2769623664305862,0.001001001001001001,True,True,5.505919183891773,15.615355746878718,0.9238450289256939,2.71944035335671
40,0.2819091742016503,999,0.2770072797911025,0.001001001001001001,True,True,5.265702051256794,16.58600415143816,0.9716467012945083,2.622825436379385
40,0.2819091742016503,999,0.2881886925076257,0.001001001001001001,True,True,5.8244259213068865,7.266802660141077,0.9579294663487345,2.683875608538293
40,0.2819091742016503,999,0.2739249745474173,0.001001001001001001,True,True,5.914522633000558,5.0790424629528514,0.8894262792400048,2.6412474286017167
40,0.2819091742016503,999,0.2867035305325254,0.001001001001001001,True,True,5.138991121971834,8.600272930457741,0.9631617402203783,2.645432580356648
40,0.2819091742016503,999,0.27272419672051906,0.001001001001001001,True,True,5.760230715109002,4.986816489762008,0.8633784959821662,2.453482299063063
40,0.2819091742016503,999,0.2876392591108162,0.001001001001001001,True,True,5.458316407647345,5.716141481998576,0.9198111586189711,2.62573208913561
40,0.2819091742016503,999,0.27259711003672626,0.001001001001001001,True,True,4.94026584960961,19.948712200172647,0.9305453243098017,2.6303920307957362
40,0.2819091742016503,999,0.2641070750627126,0.001001001001001001,True,True,4.82958427529903,10.27456753489496,0.8941723659907722,2.6694263188898
40,0.2819091742016503,999,0.2877111607686831,0.001001001001001001,True,True,5.881906949829565,4.5804617683299655,0.9104646852807023,2.6528271330572855
40,0.2819091742016503,999,0.2867041347481378,0.001001001001001001,True,True,6.023379605562674,12.615366710253282,0.9485779431989443,2.6978522058435814
40,0.2819091742016503,999,0.2717943088931475,0.001001001001001001,True,True,6.167091569419291,5.5113349970910015,0.9682376902760172,2.839875589817059
40,0.2819091742016503,999,0.29366469860214717,0.001001001001001001,True,True,6.21295648837272,3.2579892362205167,0.885525903804112,2.670867225408991
40,0.2819091742016503,999,0.27785801537325927,0.001001001001001001,True,True,5.80212037454211,4.394849380376717,0.9386418792849396,2.696973168185065
40,0.2819091742016503,999,0.27532333087954663,0.001001001001001001,True,True,6.02935579616331,4.197620453667477,0.932648779353395,2.8472597473780197
40,0.2819091742016503,999,0.2885193998527728,0.001001001001001001,True,True,5.198750024731391,25.172039186004756,0.8964570467660181,2.6253992684224463
40,0.2819091742016503,999,0.28625479973777046,0.001001001001001001,True,True,5.665372722023638,7.727686190384745,0.9145790876032676,2.613923126042839
40,0.2819091742016503,999,0.2746643330517017,0.001001001001001001,True,True,5.059751754888318,9.505469070125223,0.8968339607937328,2.6897828213439436
40,0.2819091742016503,999,0.27046241627837425,0.001001001001001001,True,True,5.530256781615579,12.897371700510913,0.8837758905816078,2.63532709137385
40,0.2819091742016503,999,0.2761702397628253,0.001001001001001001,True,True,5.244365815669785,5.565104721539536,0.9428984352894886,2.689820343202718
40,0.2819091742016503,999,0.273695372614733,0.001001001001001001,True,True,5.264857805348156,5.083939363043428,0.9538253602609141,2.559357619941416
40,0.2819091742016503,999,0.28350340324443646,0.001001001001001001,True,True,5.627688105434029,28.183163073381866,0.9057311158543853,2.5903689893380846
40,0.2819091742016503,999,0.2805266343277044,0.001001001001001001,True,True,5.631463341724274,6.688210844224071,0.9583624512821028,2.7761808470656795
40,0.2819091742016503,999,0.2740212462349815,0.001001001001001001,True,True,5.0416538844822405,8.217549816158302,0.8248333068041792,2.276156443250227
40,0.2819091742016503,999,0.28012503235071096,0.001001001001001001,True,True,5.591270492851087,10.310011851308975,0.9745400849110828,2.780410416648356
40,0.2819091742016503,999,0.2913936535206133,0.001001001001001001,True,True,6.027875119640909,3.679964602114755,0.8767654302507185,2.6419335603040413
40,0.2819091742016503,999,0.2789715847467783,0.001001001001001001,True,True,6.1823292771073985,6.92062064073712,0.9653971871231732,2.855002493742817
40,0.2819091742016503,999,0.28699516526807534,0.001001001001001001,True,True,5.707006632708056,6.403600177043856,0.9986927705576476,2.829976417093889
40,0.2819091742016503,999,0.2886563553915669,0.001001001001001001,True,True,5.914538570989016,10.844212569939845,0.8617647762772837,2.4474677052972456
40,0.2819091742016503,999,0.27024812114120217,0.001001001001001001,True,True,5.877057507265593,7.877291489286228,0.9402681223650513,2.7232205244135774
40,0.2819091742016503,999,0.27374330705331096,0.001001001001001001,True,True,6.027239074198106,4.903055623412425,1.003196253845413,2.799369121696548
40,0.2819091742016503,999,0.2741876069335756,0.001001001001001001,True,True,5.076013604847391,8.488200212161644,0.9253264723437912,2.647769351619448
40,0.2819091742016503,999,0.2752471997123934,0.001001001001001001,True,True,6.097673324750352,4.377678265039889,0.9332692035291413,2.635990557041542
40,0.2819091742016503,999,0.2843402418675096,0.001001001001001001,True,True,5.914010548420203,12.933278936579766,0.9666710872421832,2.6578490552524636
40,0.2819091742016503,999,0.2817443301917478,0.001001001001001001,True,True,4.955064353408611,26.041958490523022,1.0282544577733521,2.7753275553966286
40,0.2819091742016503,999,0.287845699445028,0.001001001001001001,True,True,6.131546259118243,5.3335180713932635,0.9042247892063079,2.624763030163725
40,0.2819091742016503,999,0.28755487033029453,0.001001001001001001,True,True,4.963836374252838,7.40851673010577,0.9552502978691171,2.659963676097146
40,0.2819091742016503,999,0.2809125266987774,0.001001001001001001,True,True,5.4363731891594185,12.787232145436247,0.8874050363399417,2.6845987027120586
40,0.2819091742016503,999,0.31727603489546574,0.001001001001001001,True,True,5.8749430493076,4.618322048058858,0.9836031177155141,2.7121176434653655
40,0.2819091742016503,999,0.2792595941886542,0.001001001001001001,True,True,5.334832802902386,6.981422311255798,1.012289823245811,2.9010558574963783
40,0.2819091742016503,999,0.2752320943220852,0.001001001001001001,True,True,5.934563989724715,3.938502194105098,0.9517440140659346,2.591928506858508
40,0.2819091742016503,999,0.2622340066644982,0.001001001001001001,True,True,5.888225114041282,5.198077530157448,0.8732964434773076,2.4705281966304296
40,0.2819091742016503,999,0.28498232165820936,0.001001001001001001,True,True,5.779801187976536,8.607633960599227,0.9800441542948094,2.754875918783767
48,0.2819091742016503,999,0.28244824138010904,0.001001001001001001,True,True,5.4042284106834915,15.258515259220433,0.9572624733458828,2.6349822403463747
48,0.2819091742016503,999,0.2729761546308595,0.001001001001001001,True,True,6.012036765106974,5.98423008458845,0.9007419911392827,2.3321436466331305
48,0.2819091742016503,999,0.2850741624312831,0.001001001001001001,True,True,6.068598956816295,4.632885191335436,0.9487716668969137,2.684099098859668
48,0.2819091742016503,999,0.27362447798288664,0.001001001001001001,True,True,5.711874400617494,4.902820338454603,0.9331281884057894,2.68045008238762
48,0.2819091742016503,999,0.28261923439839765,0.001001001001001001,True,True,5.671190199459037,7.932535236408718,0.9298775030321595,2.6633004872218287
48,0.2819091742016503,999,0.2931523237628937,0.001001001001001001,True,True,5.552369707960004,5.755380277830563,0.9070474603736831,2.5849340671601038
48,0.2819091742016503,999,0.2722766743569887,0.001001001001001001,True,True,5.559622756731407,6.325648606427247,0.9265075701576407,2.4499903743896656
48,0.2819091742016503,999,0.27131516591257204,0.001001001001001001,True,True,5.406001326242228,7.045346019489788,0.8815593082567885,2.5210599286941973
48,0.2819091742016503,999,0.2739455178782365,0.001001001001001001,True,True,5.587420328027594,8.685810606735716,0.8834276280777342,2.623101469885829
48,0.2819091742016503,999,0.2905940748603003,0.001001001001001001,True,True,5.767599130773137,8.156592953441782,1.0108030731015498,2.662144780234894
48,0.2819091742016503,999,0.2772900526976717,0.001001001001001001,True,True,5.372672993777515,8.788130819447442,0.9846719664676188,2.7499629351140777
48,0.2819091742016503,999,0.28603446244447506,0.001001001001001001,True,True,5.811296421025414,3.878675476647366,0.9096144549429681,2.5931992436560454
48,0.2819091742016503,999,0.2706126645606396,0.001001001001001001,True,True,5.199837414197733,6.94200505128566,0.9672170493014823,2.5945517559342934
48,0.2819091742016503,999,0.2884442757116401,0.001001001001001001,True,True,5.369026472495227,19.816797525417474,0.9175016065768901,2.5193274993034307
48,0.2819091742016503,999,0.2833875952520737,0.001001001001001001,True,True,4.729818164565177,10.173971872826797,0.9249007981704169,2.75361956336059
48,0.2819091742016503,999,0.28602983012478067,0.001001001001001001,True,True,5.03052821467433,29.022320343435286,0.9061821498597181,2.5057568795491396
48,0.2819091742016503,999,0.28543064964255604,0.001001001001001001,True,True,5.223602652220257,14.600166980414166,0.8858994045136062,2.5985097867842537
48,0.2819091742016503,999,0.256433536786157,0.001001001001001001,True,True,5.07788088548938,9.396563594295923,0.9097894292316829,2.6937346176908212
48,0.2819091742016503,999,0.2694018164735359,0.001001001001001001,True,True,5.483364669641879,8.630212542633279,0.994462725831385,2.7993953450665896
48,0.2819091742016503,999,0.26723409226171,0.001001001001001001,True,True,5.567933316646179,10.15198705739455,0.9251065318489423,2.5985998033977578
48,0.2819091742016503,999,0.2924323001582038,0.001001001001001001,True,True,5.274318975286705,7.800219737285061,0.8994048874015922,2.7374753527857023
48,0.2819091742016503,999,0.26567138928302775,0.001001001001001001,True,True,5.638411472146818,7.333076183152735,1.022766427952826,2.8913822338405604
48,0.2819091742016503,999,0.27256125991039487,0.001001001001001001,True,True,5.809661496569783,5.5167679873530115,0.9977619606559213,2.804463721443104
48,0.2819091742016503,999,0.2682187623045992,0.001001001001001001,True,True,5.147354904231303,5.847801648996833,0.9101612247651739,2.6751274669146703
48,0.2819091742016503,999,0.26763649985951987,0.001001001001001001,True,True,5.28467890527736,9.39596363787251,0.8960044339961358,2.5571753305534664
48,0.2819091742016503,999,0.28606386760427505,0.001001001001001001,True,True,5.716765568157142,7.918950824655892,0.944623342788981,2.750885749020512
48,0.2819091742016503,999,0.2776366710539434,0.001001001001001001,True,True,4.962680499494331,10.623570057283565,1.0530685504043493,3.005637032505397
48,0.2819091742016503,999,0.2798174866040364,0.001001001001001001,True,True,5.809816678084039,5.354837094892934,0.9814367987415432,2.8652045680017566
48,0.2819091742016503,999,0.2872443035055583,0.001001001001001001,True,True,5.905865683594573,5.402947197659649,0.941939109921148,2.7763889126869863
48,0.2819091742016503,999,0.2858880408610878,0.001001001001001001,True,True,5.770386921215526,4.651984666049516,0.9283280273773221,2.611465912086551
48,0.2819091742016503,999,0.2830023070966131,0.001001001001001001,True,True,6.070283167813982,3.7301979865470596,0.913025744163134,2.8145667077312573
48,0.2819091742016503,999,0.27664334058727746,0.001001001001001001,True,True,5.754315933909816,6.8883019507516,0.9621649668864621,2.6309716456521612
48,0.2819091742016503,999,0.2730905527867935,0.001001001001001001,True,True,6.494607548551772,3.104031397179249,0.9409602753933621,2.6206054136250434
48,0.2819091742016503,999,0.29531199176655526,0.001001001001001001,True,True,5.927779316079637,5.903800489518124,0.9892442217619399,2.8446678248168005
48,0.2819091742016503,999,0.2911743232533386,0.001001001001001001,True,True,5.7503121321103805,5.03061152551564,0.9044388200208551,2.6943000136993405
48,0.2819091742016503,999,0.27747534548545205,0.001001001001001001,True,True,6.280137512554995,4.13831845010931,0.9040883806777802,2.6053388673895084
48,0.2819091742016503,999,0.2845889772945843,0.001001001001001001,True,True,5.6313543337511005,6.940665241407956,0.9588445186263388,2.669470370407931
48,0.2819091742016503,999,0.31633003465176535,0.001001001001001001,True,True,5.153816066014844,8.875113854527823,0.8987081417802573,2.519896583978578
48,0.2819091742016503,999,0.2698876058258469,0.001001001001001001,True,True,5.197050662823645,20.844499030067343,0.9876529867727505,2.8358806886137127
48,0.2819091742016503,999,0.2810104096279744,0.001001001001001001,True,True,5.285982214165809,10.795926717853352,0.9110137406857659,2.5792945529926126
48,0.2819091742016503,999,0.2766139354274775,0.001001001001001001,True,True,4.737851963873127,8.087821449051132,0.9259248319692747,2.7591992923930326
48,0.2819091742016503,999,0.28472271035011276,0.001001001001001001,True,True,5.416489582456125,11.960665439095845,0.9623805109484456,2.7419278678264964
48,0.2819091742016503,999,0.25662164924679487,0.001001001001001001,True,True,5.958396979446181,8.279412427221882,0.8861472877764431,2.6256633071876965
48,0.2819091742016503,999,0.2787828680705281,0.001001001001001001,True,True,5.73703610743016,7.04163419445682,0.8981841348332392,2.612343056954908
48,0.2819091742016503,999,0.29985911705972573,0.001001001001001001,True,True,5.460384281037115,5.515796268492026,0.9601050709586643,2.8605251701907095
48,0.2819091742016503,999,0.27957700879033015,0.001001001001001001,True,True,5.546672641012215,8.284350178871199,0.8950222220112951,2.7297153898801243
48,0.2819091742016503,999,0.27746265695759315,0.001001001001001001,True,True,4.6247112869137235,15.117045062799807,0.9342152180802723,2.6564358145822333
48,0.2819091742016503,999,0.296829378574313,0.001001001001001001,True,True,5.794849373620347,5.629180263512169,0.9167491977045096,2.5063796181803775
48,0.2819091742016503,999,0.2764870501488888,0.001001001001001001,True,True,5.5418584543331715,7.637446132888986,0.9676737620897155,2.727650579154778
48,0.2819091742016503,999,0.28163778683877416,0.001001001001001001,True,True,5.663295199759967,6.941954962100505,0.9106102361667372,2.5504717439134965
48,0.2819091742016503,999,0.2744901175501474,0.001001001001001001,True,True,6.495860200601607,3.517076258090036,0.9187517054416361,2.7299964909109344
48,0.2819091742016503,999,0.28448626064048865,0.001001001001001001,True,True,5.515144002703906,7.773631857199313,0.8670638972511086,2.584792326816474
48,0.2819091742016503,999,0.27408045936498954,0.001001001001001001,True,True,5.874139160794617,11.557234027009985,0.9360092894756725,2.775141605972839
48,0.2819091742016503,999,0.2867830855881486,0.001001001001001001,True,True,4.789914908452884,11.46577682004533,0.9700535213348571,2.7807303255697637
48,0.2819091742016503,999,0.3008357308944506,0.001001001001001001,True,True,5.314341875169244,7.970146362976822,0.9862881797138883,2.691313292505313
48,0.2819091742016503,999,0.27480189280610823,0.001001001001001001,True,True,5.767190444416811,6.314574151380739,1.0273701567355833,2.8373815792092025
48,0.2819091742016503,999,0.28593819075691096,0.001001001001001001,True,True,5.705182283022312,7.4797006000197195,1.0141727628387769,2.815671712927836
48,0.2819091742016503,999,0.3157179642364779,0.001001001001001001,True,True,5.180415196877325,6.141481861691982,0.942114000004616,2.7772426925701894
48,0.2819091742016503,999,0.27414128373663044,0.001001001001001001,True,True,6.048293583971269,3.9816849010637267,0.8969107355536072,2.6621011374410757
48,0.2819091742016503,999,0.29863759449680416,0.001001001001001001,True,True,6.002944577379621,8.614097777422693,0.8956954901717887,2.6189383474651793
48,0.2819091742016503,999,0.28685055633152506,0.001001001001001001,True,True,6.294164583494999,3.7924982673441874,0.922826564253123,2.739932725283748
48,0.2819091742016503,999,0.2940562303189352,0.001001001001001001,True,True,5.6499993095171535,5.196532006736597,1.0038061506097122,2.9502910271304397
48,0.2819091742016503,999,0.272620674445607,0.001001001001001001,True,True,5.264594445050818,5.672202690079133,0.9819326878232033,2.7135871917809173
48,0.2819091742016503,999,0.29093747073330634,0.001001001001001001,True,True,4.917141545750156,11.398424369402697,0.9756805698005451,2.662109441978789
48,0.2819091742016503,999,0.28510477602230766,0.001001001001001001,True,True,5.592051150408438,4.689428045393215,0.9372075833679774,2.547325337830115
48,0.2819091742016503,999,0.28022170684868325,0.001001001001001001,True,True,5.84594394386591,7.863620394772179,0.8812628345051813,2.6663647091377856
48,0.2819091742016503,999,0.2821149157673085,0.001001001001001001,True,True,5.296267441349984,11.97636345770876,1.0355462091889325,2.8481166673385254
48,0.2819091742016503,999,0.28204945907597306,0.001001001001001001,True,True,5.340075020932091,8.910000174353986,0.9120631031431151,2.7373896054701303
48,0.2819091742016503,999,0.293324525212407,0.001001001001001001,True,True,5.249972061525934,6.219921537495573,1.0007902880204524,2.448172565238811
48,0.2819091742016503,999,0.28863420081911495,0.001001001001001001,True,True,6.195761679332173,4.677891821009825,0.8981161066008069,2.7166562612224627
48,0.2819091742016503,999,0.28583285583516194,0.001001001001001001,True,True,4.889335070787948,11.55901225977,0.9747206905928096,2.797622704151072
48,0.2819091742016503,999,0.2646881290765672,0.001001001001001001,True,True,6.062468432765295,6.132664249545642,0.9610248303294137,2.717319279455974
48,0.2819091742016503,999,0.2932721598593386,0.001001001001001001,True,True,5.9685810978368865,4.32512058304968,0.9240748572481134,2.7423559784873253
48,0.2819091742016503,999,0.2756723660982676,0.001001001001001001,True,True,5.5909407584656625,12.107566021034444,0.9670770468272694,2.746372083036032
48,0.2819091742016503,999,0.2734573116634761,0.001001001001001001,True,True,5.32228077123262,7.849620446667929,0.9330875267067998,2.7272899749488513
48,0.2819091742016503,999,0.27517932615860863,0.001001001001001001,True,True,6.266663192429663,5.097761179900918,0.9771523107067719,2.6894155538131743
48,0.2819091742016503,999,0.2960733034380876,0.001001001001001001,True,True,5.627361547705895,7.773779606474793,0.9283229638700707,2.69091792178908
48,0.2819091742016503,999,0.2915944545091101,0.001001001001001001,True,True,5.512842083148542,8.739124476116855,0.8854957393988742,2.5607097139965407
48,0.2819091742016503,999,0.29524734069603625,0.001001001001001001,True,True,4.595757303862523,14.722769575933405,0.914863308619848,2.7798033064020538
48,0.2819091742016503,999,0.2902379904594355,0.001001001001001001,True,True,5.6378024510737825,4.863532950469794,0.9340759755383881,2.691264689193992
48,0.2819091742016503,999,0.29490072233976455,0.001001001001001001,True,True,5.342674924405932,4.59038356621985,0.9667524692199494,2.582762676469832
48,0.2819091742016503,999,0.2958972752896962,0.001001001001001001,True,True,4.935448445063058,7.868513497655534,0.9593960609248828,2.6703684163959
48,0.2819091742016503,999,0.2629554401056169,0.001001001001001001,True,True,5.606415373297545,6.713266527579247,0.9880193512521743,2.8397239233040152
48,0.2819091742016503,999,0.27803988427256976,0.001001001001001001,True,True,5.347535362259562,16.02635869575429,0.9141510342525202,2.6005266768282413
48,0.2819091742016503,999,0.28065855473639584,0.001001001001001001,True,True,5.906987058450724,4.496264340838079,0.966478780285268,2.673430897931346
48,0.2819091742016503,999,0.2953438137888045,0.001001001001001001,True,True,5.5225207078350795,4.895640102027341,0.9225964264441463,2.6654090330472777
48,0.2819091742016503,999,0.2952066568448062,0.001001001001001001,True,True,5.450091231510827,11.866865113834015,0.9713687066751407,2.7481032994393124
48,0.2819091742016503,999,0.26973715613837745,0.001001001001001001,True,True,4.803204003174823,14.00830101360568,0.9493538453066325,2.491257104583235
48,0.2819091742016503,999,0.278585088160093,0.001001001001001001,True,True,5.272919756353506,8.53641532265623,0.9444573112867929,2.7154439976439924
48,0.2819091742016503,999,0.2726442388544878,0.001001001001001001,True,True,5.346515998798677,17.467246245837952,0.9753116306612262,2.8398979581914956
48,0.2819091742016503,999,0.29594903642715226,0.001001001001001001,True,True,5.5767330241488375,7.232396387207935,0.9384918313904415,2.7701043233213682
48,0.2819091742016503,999,0.29387073612595077,0.001001001001001001,True,True,5.764390948009461,5.644188907505887,0.9289267874894795,2.7488056607133684
48,0.2819091742016503,999,0.2749902066719502,0.001001001001001001,True,True,6.123010767405386,4.448244049380608,0.9260487951480422,2.7555071602016517
48,0.2819091742016503,999,0.2814293324525213,0.001001001001001001,True,True,4.805706542834245,36.53518389641971,0.9164040274172102,2.724045739498076
48,0.2819091742016503,999,0.29036890384210645,0.001001001001001001,True,True,5.796557915006373,5.487748262461903,0.9534058273152848,2.586073275258635
48,0.2819091742016503,999,0.2815014355155923,0.001001001001001001,True,True,4.95475194227695,25.300507885077536,0.9396951504368465,2.5630129590265267
48,0.2819091742016503,999,0.2873178164050581,0.001001001001001001,True,True,6.48017127386287,4.4054518994458505,0.8704688160697689,2.6827432299120013
48,0.2819091742016503,999,0.28287501900761614,0.001001001001001001,True,True,5.272857068922363,10.054876174689095,0.8936594113196255,2.7247614079532387
48,0.2819091742016503,999,0.2920445951402939,0.001001001001001001,True,True,5.366267109096525,12.516020024515228,0.9299091752429374,2.6724940543867346
48,0.2819091742016503,999,0.2838794267605081,0.001001001001001001,True,True,5.3657752149851525,12.136096971331721,0.9191943316961381,2.7363063191452666
56,0.2819091742016503,999,0.278276736792602,0.001001001001001001,True,True,6.052504703986827,5.637609067018022,0.966246260866819,2.758014471902602
56,0.2819091742016503,999,0.281925594875446,0.001001001001001001,True,True,5.777092882331887,4.969349103498821,0.8575838213610163,2.534027787500608
56,0.2819091742016503,999,0.27945717269388526,0.001001001001001001,True,True,5.6527230294600495,12.769075139926503,0.8919045228108962,2.626056045425597
56,0.2819091742016503,999,0.2964346243742592,0.001001001001001001,True,True,5.648126152229508,7.664958024124937,0.9200620915718222,2.656976138062173
56,0.2819091742016503,999,0.2788785355424799,0.001001001001001001,True,True,5.092468474257867,14.380450917667869,0.9410127587123394,2.7083814603047176
56,0.2819091742016503,999,0.2763603662755042,0.001001001001001001,True,True,5.506797696842241,19.14304620922861,0.934931334782506,2.6789919237027604
56,0.2819091742016503,999,0.2689117976119385,0.001001001001001001,True,True,5.255111595376648,6.7996250316388,0.9097845942556755,2.534877856318202
56,0.2819091742016503,999,0.27659419771747484,0.001001001001001001,True,True,5.858736224085739,13.336352129982453,0.9256228812744904,2.5705292485581173
56,0.2819091742016503,999,0.29040777504649945,0.001001001001001001,True,True,6.063903413350458,3.484743976035709,0.9695066699487253,2.70284718386507
56,0.2819091742016503,999,0.2867957741160074,0.001001001001001001,True,True,4.891911662770966,8.56867088959971,0.901939721969187,2.553402446952647
56,0.2819091742016503,999,0.2730520843928086,0.001001001001001001,True,True,5.874456251208223,3.9651198114465274,1.0009103760841165,2.840558884743818
56,0.2819091742016503,999,0.27497067036715167,0.001001001001001001,True,True,6.038022026198714,5.2887736098327975,0.8480221651264664,2.564067793618441
56,0.2819091742016503,999,0.2856767668019774,0.001001001001001001,True,True,6.298460590183595,2.945152755090077,0.9285355771407839,2.6777036721804164
56,0.2819091742016503,999,0.28913791523459176,0.001001001001001001,True,True,6.00420107418096,4.057157062484262,0.9863437950048636,2.8107887852801765
56,0.2819091742016503,999,0.28806039739260825,0.001001001001001001,True,True,5.506318033948573,7.455329139099815,0.9034830308908106,2.7224109186846612
56,0.2819091742016503,999,0.2878928282627895,0.001001001001001001,True,True,6.14236457499862,3.5969046682780936,1.0083731947519234,2.8875464973598275
56,0.2819091742016503,999,0.2833781292074806,0.001001001001001001,True,True,4.57570907058627,25.56661935048399,0.923407880139001,2.5134334830573786
56,0.2819091742016503,999,0.28696314184062205,0.001001001001001001,True,True,5.1696054020750255,9.932599074689078,0.9691304313254816,2.7301875100618602
56,0.2819091742016503,999,0.2695818727260094,0.001001001001001001,True,True,5.686928779574028,12.736245692331693,0.8953470905071143,2.505539377371683
56,0.2819091742016503,999,0.2716424493692493,0.001001001001001001,True,True,5.676192238769572,7.729281023624995,0.972576452553831,2.7011694639188186
56,0.2819091742016503,999,0.2849172677772821,0.001001001001001001,True,True,5.562282877871693,6.795760433687223,0.9263076584997212,2.6668179352989227
56,0.2819091742016503,999,0.2709234327905799,0.001001001001001001,True,True,6.056740817367711,5.313308562142697,0.9876886557503695,2.499070929414846
56,0.2819091742016503,999,0.2779319310831672,0.001001001001001001,True,True,5.267301206688559,8.565067392289153,0.9904538270935612,2.825580786944408
56,0.2819091742016503,999,0.28147243316620063,0.001001001001001001,True,True,5.684925135495475,14.8990330377974,0.9537678972653406,2.6941540478825066
56,0.2819091742016503,999,0.28242366994520773,0.001001001001001001,True,True,5.848117823932508,5.122121158486866,0.9769238540116665,2.6536060877540177
56,0.2819091742016503,999,0.2863643641688058,0.001001001001001001,True,True,4.503069076579263,11.463623202813507,0.9307855275913702,2.3652624880104764
56,0.2819091742016503,999,0.29366530281775954,0.001001001001001001,True,True,5.638155180020717,9.728340148912661,0.9722117369818859,2.721119122940474
56,0.2819091742016503,999,0.2823108830309067,0.001001001001001001,True,True,4.90310187099865,12.678215525775608,0.9165141154962797,2.5256518504944
56,0.2819091742016503,999,0.26930735743280876,0.001001001001001001,True,True,6.151983456421772,8.028632043636968,0.8874831833624244,2.674998968456299
56,0.2819091742016503,999,0.2906790678564344,0.001001001001001001,True,True,5.879722661981419,8.268766277175795,0.9636029158896922,2.800735416548858
56,0.2819091742016503,999,0.2857343686903526,0.001001001001001001,True,True,5.533971593213493,5.384265008893161,1.002206141825239,2.8542819608162024
56,0.2819091742016503,999,0.2727616580884834,0.001001001001001001,True,True,5.720540849672111,38.525772675917075,0.9280065387632789,2.650735462459464
56,0.2819091742016503,999,0.3028743543704426,0.001001001001001001,True,True,5.510424160805176,7.822452529499904,0.9086120179530581,2.6412508177645586
56,0.2819091742016503,999,0.28683484672560455,0.001001001001001001,True,True,5.650033837667809,4.938286010987441,0.91933359158689,2.7432769754239175
56,0.2819091742016503,999,0.27204606539828385,0.001001001001001001,True,True,5.510017847693166,6.3377081179882815,0.9728851391761376,2.7236964918775453
56,0.2819091742016503,999,0.2708889925006772,0.001001001001001001,True,True,6.344067214993095,4.546780976329502,0.9536041940149207,2.7949482207250127
56,0.2819091742016503,999,0.29644630587609755,0.001001001001001001,True,True,6.045648959699132,5.789757038948243,0.968030844981833,2.7435895079327413
56,0.2819091742016503,999,0.28461193748785274,0.001001001001001001,True,True,5.64228936341842,15.991552631549233,0.9620682624913091,2.736395701339816
56,0.2819091742016503,999,0.2891052875915261,0.001001001001001001,True,True,5.732062270409005,4.5644528589512845,0.9341120593771524,2.6545492084574205
56,0.2819091742016503,999,0.2768090970702592,0.001001001001001001,True,True,5.679714322782734,5.490872003235267,0.9178462004384849,2.7696984408199015
56,0.2819091742016503,999,0.28180515456338884,0.001001001001001001,True,True,5.4400776643543045,10.354818822817338,0.9148276833680281,2.480781896275441
56,0.2819091742016503,999,0.2848042794577769,0.001001001001001001,True,True,5.407724222456272,5.3824519653904055,0.9396559009913328,2.8120976787008747
56,0.2819091742016503,999,0.2815372856419237,0.001001001001001001,True,True,5.730096260772982,5.459962012715228,0.9438506805971459,2.7991504941806546
56,0.2819091742016503,999,0.2740726045620293,0.001001001001001001,True,True,5.569759303163151,5.257576268415609,0.9138795579929243,2.571476132334188
56,0.2819091742016503,999,0.2797473975930064,0.001001001001001001,True,True,5.302595058443275,6.403657500474966,1.0340334829936921,2.849770430473713
56,0.2819091742016503,999,0.26687518818798756,0.001001001001001001,True,True,5.233212693019502,10.372912691004524,0.9251446248878243,2.7730214475919936
56,0.2819091742016503,999,0.27115444455969295,0.001001001001001001,True,True,5.239701048458595,11.81951692689759,0.9300887749089455,2.6840098784769153
56,0.2819091742016503,999,0.2787693739218528,0.001001001001001001,True,True,5.858906128175084,5.646614366394615,0.9900699238867304,2.822536357044818
56,0.2819091742016503,999,0.27097338128119897,0.002002002002002002,True,True,5.2903943494308,7.500019209902022,0.9664298820958725,2.8198703351655334
56,0.2819091742016503,999,0.3008238479874082,0.001001001001001001,True,True,6.607252046364447,2.7240801889084363,0.9682031893648442,2.6798768210903527
56,0.2819091742016503,999,0.2706612032148299,0.001001001001001001,True,True,5.887656384337975,5.365620563113027,0.9297954699872982,2.6601970095697665
56,0.2819091742016503,999,0.28423510835096466,0.001001001001001001,True,True,4.865269391877842,23.271096977140996,0.9687433719144435,2.7760549240866252
56,0.2819091742016503,999,0.29663743941479703,0.001001001001001001,True,True,6.366419358987384,8.70299392666614,0.8864655570178814,2.681708501083622
56,0.2819091742016503,999,0.2885306785442029,0.001001001001001001,True,True,5.584941007242705,7.1392922110362695,1.004596206139853,2.8382694845447483
56,0.2819091742016503,999,0.2666393426939758,0.001001001001001001,True,True,5.301392669552299,10.248288086276247,0.9603669042696292,2.725439612532826
56,0.2819091742016503,999,0.2894498918957567,0.001001001001001001,True,True,5.262050869467829,7.131564192693562,0.9226044331787844,2.724623230503968
56,0.2819091742016503,999,0.2707196107240215,0.001001001001001001,True,True,6.025754523078881,3.937393925552284,0.9859864446249619,2.7783125281654995
56,0.2819091742016503,999,0.27491790220367507,0.001001001001001001,True,True,5.975554325492421,8.022617491369747,0.9766268384886685,2.955535948380667
56,0.2819091742016503,999,0.27895084001075504,0.001001001001001001,True,True,5.6607569516300025,5.352365528138011,0.9494648390097217,2.7498093899271265
56,0.2819091742016503,999,0.27982795967465,0.001001001001001001,True,True,5.5892545858244524,10.308763717456157,0.9453121091474481,2.8347675977001625
56,0.2819091742016503,999,0.27646328433480394,0.001001001001001001,True,True,5.413663198798234,13.783122103434007,0.878225473115733,2.562798568310266
56,0.2819091742016503,999,0.27346214538837466,0.001001001001001001,True,True,5.863404879607639,12.799240883599449,0.9225854199067235,2.5862475197921877
56,0.2819091742016503,999,0.28837458951101835,0.001001001001001001,True,True,5.372064521042387,7.809064857145948,0.9009491115421848,2.570435783626729
56,0.2819091742016503,999,0.2773702119689071,0.001001001001001001,True,True,5.9059555583338845,5.671356001225294,0.9258403986731495,2.81033348655381
56,0.2819091742016503,999,0.2830192251337582,0.001001001001001001,True,True,5.33535541032435,10.281406617909353,0.8797339726896063,2.615317802477984
56,0.2819091742016503,999,0.27823323326851446,0.001001001001001001,True,True,5.523773065303276,7.601635254331734,0.9790794133578644,2.74278201877145
56,0.2819091742016503,999,0.289360065174724,0.001001001001001001,True,True,5.392348264826537,7.372886050859349,0.9581259452448018,2.8584783118633252
56,0.2819091742016503,999,0.28446229342119966,0.001001001001001001,True,True,5.619731199544915,6.733187270974941,0.9604305540283562,2.39870836601066
56,0.2819091742016503,999,0.27583993522808636,0.001001001001001001,True,True,5.488615067465848,7.343884318162562,0.8899273109545032,2.6602327951187057
56,0.2819091742016503,999,0.2765289424313435,0.001001001001001001,True,True,6.174925167715221,3.7225810787051525,0.9450083496477231,2.8211581733046436
56,0.2819091742016503,999,0.26639101007730936,0.001001001001001001,True,True,5.983596066284972,3.53377199584724,0.908197740201173,2.6950169092146945
56,0.2819091742016503,999,0.2877651373633843,0.001001001001001001,True,True,5.797426345786366,5.205488783152392,0.9219818422621013,2.7215300542130305
56,0.2819091742016503,999,0.2832768223898138,0.001001001001001001,True,True,5.8338352412618155,5.944476705025339,1.0009712401188107,2.7742331512042933
56,0.2819091742016503,999,0.2822039368675247,0.001001001001001001,True,True,6.527593229562017,3.0483105760439537,0.8829301549232348,2.5014168935794343
56,0.2819091742016503,999,0.2771661884971446,0.001001001001001001,True,True,5.990284098742331,4.967461258489177,0.8925206711182496,2.5711476015673256
56,0.2819091742016503,999,0.2699093575878907,0.001001001001001001,True,True,5.24735427288667,8.213678196011056,0.9291418643717365,2.7386840869054097
56,0.2819091742016503,999,0.284983530089434,0.001001001001001001,True,True,5.853906379084082,71.1183933972553,1.0067488755095058,2.915558862207245
56,0.2819091742016503,999,0.29178820631546304,0.001001001001001001,True,True,5.2883290596855765,14.032844751683728,0.9022246846683845,2.5592567904296413
56,0.2819091742016503,999,0.26869891231119525,0.001001001001001001,True,True,5.454208519014252,9.561724957675997,0.9908017325261174,2.684811190506956
56,0.2819091742016503,999,0.27853393123824927,0.001001001001001001,True,True,5.5049057461491895,11.124878869611429,0.9199648641567733,2.7269206576215117
56,0.2819091742016503,999,0.27802820277073137,0.001001001001001001,True,True,6.101175450466548,8.559168754781782,0.9676332424180962,2.7991065785361355
56,0.2819091742016503,999,0.2722694237696408,0.001001001001001001,True,True,5.47881514000341,6.391368082748077,0.9951837005811763,2.8278807033590363
56,0.2819091742016503,999,0.2807552292343682,0.001001001001001001,True,True,5.6369408391379014,6.264451383975105,0.9946225824231353,2.8485974345662846
56,0.2819091742016503,999,0.283099988620606,0.001001001001001001,True,True,5.455824709861982,10.731649937198545,0.9027579014049363,2.6715216601956056
56,0.2819091742016503,999,0.27978163647770493,0.001001001001001001,True,True,6.126707796513886,4.4222640020624295,0.9272755947953913,2.7184055012737693
56,0.2819091742016503,999,0.28528463086957706,0.001001001001001001,True,True,5.538493200267306,10.54819720312129,0.8674424855475334,2.6364435294056454
56,0.2819091742016503,999,0.29152960203338696,0.001001001001001001,True,True,5.941299247204198,4.286132441922816,0.9678810329100901,2.6875148014243564
56,0.2819091742016503,999,0.2743366467846162,0.001001001001001001,True,True,5.968631179665281,5.162754877986648,0.9201772780284316,2.6757115800537843
56,0.2819091742016503,999,0.2700616199221972,0.001001001001001001,True,True,5.593825172256436,5.596504297630529,0.9042711301525715,2.471642019806153
56,0.2819091742016503,999,0.28896067865497577,0.001001001001001001,True,True,5.190385724908487,30.29978540533303,0.9935406010824855,2.8456661564599206
56,0.2819091742016503,999,0.254099451875737,0.001001001001001001,True,True,5.56283649359022,6.833677051766606,0.9283884963300895,2.7669604774887215
56,0.2819091742016503,999,0.2851482795463952,0.001001001001001001,True,True,5.434559968977338,16.85663170334504,0.9476422076893082,2.752378673412827
56,0.2819091742016503,999,0.29867525726997257,0.001001001001001001,True,True,5.848487694885144,5.2085076810477196,0.9877000109782352,2.7793102698409005
56,0.2819091742016503,999,0.28790491257503603,0.001001001001001001,True,True,5.420231533131444,5.473518466128244,0.904515952981677,2.719134161905614
56,0.2819091742016503,999,0.2553479627360091,0.001001001001001001,True,True,5.572337422533326,8.113941518635011,0.9508222183559525,2.7289507257660386
56,0.2819091742016503,999,0.2773949848090125,0.001001001001001001,True,True,5.4238869986355125,13.570452441906752,0.9614346989005543,2.7515663482120782
56,0.2819091742016503,999,0.281949562094735,0.001001001001001001,True,True,5.4521994203153366,7.822847176923525,0.9189442777380087,2.678956695263555
56,0.2819091742016503,999,0.2769780760365067,0.001001001001001001,True,True,5.5193376358291575,7.758864651279093,0.9064723144021957,2.603194373626905
56,0.2819091742016503,999,0.29153967229359234,0.001001001001001001,True,True,5.380385641413806,7.003712886140265,0.8883152511848368,2.575981218521699
56,0.2819091742016503,999,0.27909303208485603,0.001001001001001001,True,True,5.23178344479081,12.960507765238116,0.9167405588822846,2.8083674720369523
64,0.2819091742016503,999,0.288083961801489,0.001001001001001001,True,True,6.192817359971351,3.9786420849750606,0.970168801069774,2.7174761366562876
64,0.2819091742016503,999,0.2756137571838719,0.001001001001001001,True,True,6.128301182987982,4.87681999888069,1.014971609593704,2.7754832645237872
64,0.2819091742016503,999,0.2863845046892166,0.001001001001001001,True,True,3.9131124390491983,11.668928846840636,0.9344007596169109,2.7709468299149016
64,0.2819091742016503,999,0.2779270973582687,0.001001001001001001,True,True,5.35920133888693,9.2574738430211,0.8847971793922135,2.5482991965770094
64,0.2819091742016503,999,0.3052301910429064,0.001001001001001001,True,True,5.49299241315588,32.09869361146328,0.9927731166152104,2.760089306163225
64,0.2819091742016503,999,0.2780966805401285,0.001001001001001001,True,True,5.726074987319678,4.8465482941344336,0.9397250915531633,2.634170191960301
64,0.2819091742016503,999,0.28324077085827826,0.001001001001001001,True,True,5.269746319608565,6.141512107230875,0.9801238478786294,2.6701132466063524
64,0.2819091742016503,999,0.2902613534631121,0.001001001001001001,True,True,5.831650129295974,8.224259558914317,0.9671298897470797,2.6269188496478635
64,0.2819091742016503,999,0.279589697318189,0.001001001001001001,True,True,5.5884191009562185,5.85479982730749,0.9896507185977164,2.79355438402928
64,0.2819091742016503,999,0.2710452829390659,0.001001001001001001,True,True,5.018318030743016,7.8638726495452085,0.9490763805514761,2.7658735410041224
64,0.2819091742016503,999,0.2877089453114379,0.001001001001001001,True,True,5.091409868977913,20.149155635320025,0.9199212522103956,2.5314381109815414
64,0.2819091742016503,999,0.2772799824374662,0.001001001001001001,True,True,6.403914147001885,4.193373853283911,0.9147205935868207,2.5437596516652197
64,0.2819091742016503,999,0.2808422362825433,0.001001001001001001,True,True,5.470353565880479,4.319398937015365,0.8983448303102631,2.4528182352453687
64,0.2819091742016503,999,0.28148834417732527,0.001001001001001001,True,True,5.470416589251614,7.984315017819712,0.8757453617690353,2.4937444853810047
64,0.2819091742016503,999,0.2856151368095201,0.001001001001001001,True,True,4.919642456232015,10.539806834383592,0.9714417247470819,2.803099939986765
64,0.2819091742016503,999,0.287164345639527,0.001001001001001001,True,True,6.20227268289954,4.843924554841627,0.9438641162462841,2.82397961522693
64,0.2819091742016503,999,0.2903123089797517,0.001001001001001001,True,True,5.690050231701757,7.09725610552654,0.9095867506099368,2.724247702124033
64,0.2819091742016503,999,0.2721808054798328,0.001001001001001001,True,True,5.246774908716108,11.212705346608162,0.9571555133744335,2.8142599429639197
64,0.2819091742016503,999,0.29158378003329233,0.001001001001001001,True,True,5.948783453452225,6.534740477876615,0.9473154394815738,2.6281789950713237
64,0.2819091742016503,999,0.2929926094360353,0.001001001001001001,True,True,5.480977693023557,5.120866081128158,0.9491574472962948,2.8025143761526268
64,0.2819091742016503,999,0.3026574409656171,0.001001001001001001,True,True,4.911701474818814,11.607685456692218,0.9084180095864016,2.5772073753444427
64,0.2819091742016503,999,0.2829775342565076,0.001001001001001001,True,True,5.266087442801671,17.328058166630715,0.9554064223049507,2.6210214160482304
64,0.2819091742016503,999,0.2842554502765797,0.001001001001001001,True,True,6.416732600011616,4.201223532132524,0.9094671211128499,2.6899793119407005
64,0.2819091742016503,999,0.297422114090006,0.001001001001001001,True,True,5.0389873079941925,7.505339431310327,0.9304247449829446,2.7335169352561453
64,0.2819091742016503,999,0.28053046102658247,0.001001001001001001,True,True,6.009694164320181,7.755137421320306,0.9461503747881717,2.736295950970956
64,0.2819091742016503,999,0.2875252637652904,0.001001001001001001,True,True,5.479489616736775,9.805739507246699,0.9510677128096285,2.886319722294672
64,0.2819091742016503,999,0.27447360232341045,0.001001001001001001,True,True,4.972472238650271,7.608251878075464,0.8766997064409233,2.533978787022308
64,0.2819091742016503,999,0.26823850001460187,0.001001001001001001,True,True,5.494484656136329,5.521470684042914,0.8974670179107713,2.6584446242457056
64,0.2819091742016503,999,0.28670232210130076,0.001001001001001001,True,True,5.957876901709767,5.41099784253275,0.9281993387536885,2.5001425675557374
64,0.2819091742016503,999,0.2858745467124125,0.001001001001001001,True,True,5.435313762799878,6.408694813098683,0.963176899517814,2.735795599966702
64,0.2819091742016503,999,0.27577749961481257,0.001001001001001001,True,True,5.340339176319373,15.668659898973319,0.9896857269502768,2.8469513145429617
64,0.2819091742016503,999,0.2838735860095889,0.001001001001001001,True,True,4.787567883883449,11.351365423226211,0.8844928440096431,2.499799348032309
64,0.2819091742016503,999,0.2776874251653788,0.001001001001001001,True,True,5.263518711628165,5.718288322794098,0.9459348841624287,2.6866138363268446
64,0.2819091742016503,999,0.2922472087756276,0.001001001001001001,True,True,5.8353132935926,7.06225871831686,1.0004319564021387,2.793512937560314
64,0.2819091742016503,999,0.2628529248567254,0.001001001001001001,True,True,5.714620549231216,9.232375348423695,0.9218835847815718,2.6829618555635375
64,0.2819091742016503,999,0.29491884880813435,0.001001001001001001,True,True,5.4023425719197995,9.723605315729968,0.9469412405099477,2.752407276250296
64,0.2819091742016503,999,0.27513622544492927,0.001001001001001001,True,True,5.962639674183687,7.222647480159734,0.9638995853631955,2.7107814955625287
64,0.2819091742016503,999,0.2731346605264934,0.001001001001001001,True,True,5.580366409817331,5.705092792348229,0.9064660893584437,2.5088704815851632
64,0.2819091742016503,999,0.2972215145067133,0.001001001001001001,True,True,5.746966999797339,16.422049004080105,0.9645567466233167,2.5375824160276155
64,0.2819091742016503,999,0.26667136612142917,0.001001001001001001,True,True,5.628938538574474,4.603265299617331,0.910411872945369,2.794289458175536
64,0.2819091742016503,999,0.2756089234589733,0.001001001001001001,True,True,5.6338360863790555,5.664381159456244,1.0310940141896494,2.859509787349351
64,0.2819091742016503,999,0.277957308138885,0.001001001001001001,True,True,5.492300151394413,7.402535282030111,0.9495118534531701,2.7230243353609276
64,0.2819091742016503,999,0.28693272965480154,0.001001001001001001,True,True,6.179628957368432,3.403963174813511,0.9283360833457575,2.6294656347954506
64,0.2819091742016503,999,0.2860433242734559,0.001001001001001001,True,True,5.790991297265454,6.743651577725446,0.8725609652031614,2.620538518807119
64,0.2819091742016503,999,0.2935716493978488,0.001001001001001001,True,True,5.495709080855397,15.65179141773754,0.9702922739696462,2.5400845654188546
64,0.2819091742016503,999,0.28222246614630275,0.001001001001001001,True,True,5.740581142958637,11.170743401770203,1.0254630566056875,2.806741824199102
64,0.2819091742016503,999,0.2811524002968713,0.001001001001001001,True,True,5.885936032067565,5.547634376229123,0.8974943552266519,2.5482880754386255
64,0.2819091742016503,999,0.2836796327980319,0.001001001001001001,True,True,5.167437763893054,8.437249024856806,0.9484828656520897,2.611547727335601
64,0.2819091742016503,999,0.28594685118068763,0.001001001001001001,True,True,5.955703137216277,3.8487962911853884,0.9533440302620014,2.7327558920904367
64,0.2819091742016503,999,0.2854242046760246,0.001001001001001001,True,True,5.959291436817279,6.175826940383598,0.9549447909946296,2.692313753080166
64,0.2819091742016503,999,0.27331048726968055,0.001001001001001001,True,True,5.921784225999996,6.292515120056956,0.9498150951378694,2.7692505891041233
64,0.2819091742016503,999,0.2835223353336227,0.001001001001001001,True,True,6.087369419971816,6.871164330275729,0.9663626395215543,2.717852865390341
64,0.2819091742016503,999,0.2765684178513489,0.001001001001001001,True,True,5.5507318522979885,13.711823538249407,0.9710848724813799,2.9108146879272856
64,0.2819091742016503,999,0.2817413091136862,0.001001001001001001,True,True,5.683364507952796,5.62890406414867,0.8900291604675958,2.621442632308452
64,0.2819091742016503,999,0.29288767732469445,0.001001001001001001,True,True,5.105710943942286,7.671619294212936,0.9195649310870974,2.732922283777879
64,0.2819091742016503,999,0.2867675773874321,0.001001001001001001,True,True,5.621166191045572,6.662632112108267,0.9401888813930828,2.646272069481449
64,0.2819091742016503,999,0.30816124097830566,0.001001001001001001,True,True,5.9736750547878685,11.635801030737424,0.9056676950576703,2.697527549567027
64,0.2819091742016503,999,0.28885151703434864,0.001001001001001001,True,True,5.295381221691836,9.558954546198878,0.9617195901433757,2.6152868931780393
64,0.2819091742016503,999,0.28065895754680403,0.001001001001001001,True,True,4.963056987400767,7.953061696068056,0.9171251619687615,2.5665277761766307
64,0.2819091742016503,999,0.28527093531569764,0.001001001001001001,True,True,5.34784322217746,5.916008483230745,0.9538040962056609,2.7598208956267687
64,0.2819091742016503,999,0.28358738921454996,0.001001001001001001,True,True,5.274665769898392,16.965027163057748,0.8966096437913176,2.547277758871486
64,0.2819091742016503,999,0.2698553809931895,0.001001001001001001,True,True,5.179347481311704,8.38448669846116,0.8887368264418395,2.4377834424897786
64,0.2819091742016503,999,0.2856892539246322,0.001001001001001001,True,True,5.1589973541583625,9.112529669165804,0.9543835587079654,2.748857584892344
64,0.2819091742016503,999,0.2727872365494053,0.001001001001001001,True,True,5.859374426413443,7.675925621332537,0.9771604089572512,2.6509113485915394
64,0.2819091742016503,999,0.2718174704916201,0.001001001001001001,True,True,5.863024726347933,4.1445476931190015,0.9202341139128687,2.636675165036861
64,0.2819091742016503,999,0.2814647797684445,0.001001001001001001,True,True,5.371519809185322,11.03359759680779,0.9588311103288116,2.7694983453211903
64,0.2819091742016503,999,0.2862435210463403,0.001001001001001001,True,True,6.074784101437861,6.1085139740450165,0.9513644218943047,2.4494105386988645
64,0.2819091742016503,999,0.2823298151200929,0.001001001001001001,True,True,5.567914033718716,5.167863407777146,0.9415333980419202,2.601558790745196
64,0.2819091742016503,999,0.27168514727252036,0.002002002002002002,True,True,5.687771373472955,9.59121830032829,0.8980807606796177,2.529088805956271
64,0.2819091742016503,999,0.2668244340765521,0.001001001001001001,True,True,5.751100965832506,7.345828660942684,0.99827155824343,2.8150113863445254
64,0.2819091742016503,999,0.2769567270848712,0.001001001001001001,True,True,5.765262233308679,7.243293238308229,0.9422642296389178,2.6104841996135093
64,0.2819091742016503,999,0.26925297802769926,0.001001001001001001,True,True,5.434782278516838,17.47092290527572,1.0684392297592789,2.9804992592516864
64,0.2819091742016503,999,0.28463630751755,0.001001001001001001,True,True,4.887652648043212,13.885598714742807,0.9355172084274802,2.7181968592218606
64,0.2819091742016503,999,0.3119526939456589,0.001001001001001001,True,True,5.727686969463193,7.2776572902595165,0.9220191550199723,2.7139578127729775
64,0.2819091742016503,999,0.284656649443165,0.001001001001001001,True,True,5.56783048888505,4.503397165218557,0.9545941753872041,2.7623478275698146
64,0.2819091742016503,999,0.27916594076874357,0.001001001001001001,True,True,5.425225946856249,17.90741859695147,0.9269718649859379,2.5587489329098174
64,0.2819091742016503,999,0.2748637242037697,0.001001001001001001,True,True,6.082340326006798,4.773066579931211,1.007631853732184,2.613860263374771
64,0.2819091742016503,999,0.2914067448588804,0.001001001001001001,True,True,5.580382577033497,14.03922347756427,0.9631597178311674,2.845324272517642
64,0.2819091742016503,999,0.28675549307518555,0.001001001001001001,True,True,5.8746884704866345,4.003466007251101,0.8607312278704143,2.487641248655158
64,0.2819091742016503,999,0.27493602867204486,0.001001001001001001,True,True,5.011677619787043,11.861816672039101,0.8594096529210585,2.4252943878160313
64,0.2819091742016503,999,0.26588649004101617,0.001001001001001001,True,True,6.108508564550341,4.020117202731927,0.9005923054643465,2.6574324735247976
64,0.2819091742016503,999,0.286054401559682,0.001001001001001001,True,True,5.443670734832764,10.213767200462694,0.9494235099634907,2.805543649286445
64,0.2819091742016503,999,0.27561113891621847,0.001001001001001001,True,True,5.273056164850101,8.189821814851237,1.0117862473385135,2.9399858727582284
64,0.2819091742016503,999,0.2842149678305538,0.001001001001001001,True,True,6.350805886290447,5.805874314867546,0.8933872520810436,2.7782710861231292
64,0.2819091742016503,999,0.2984164515826925,0.001001001001001001,True,True,5.501513872724052,9.397551250427647,0.9069736552937844,2.6025003879502924
64,0.2819091742016503,999,0.2887435638449462,0.001001001001001001,True,True,5.66674492099172,5.4049943214184495,1.011485641491024,2.914082066691182
64,0.2819091742016503,999,0.28143759006588975,0.001001001001001001,True,True,5.088721273432226,8.622393267507963,1.0211152097769909,2.9088353202717934
64,0.2819091742016503,999,0.2755720663066213,0.001001001001001001,True,True,5.775185685427486,5.471864374940751,0.9104695240153131,2.550584794612353
64,0.2819091742016503,999,0.26678717411379194,0.001001001001001001,True,True,6.1951848135821095,7.346196362824862,0.9329129871878724,2.7133924067963573
64,0.2819091742016503,999,0.27438578965441884,0.001001001001001001,True,True,4.895073687680804,13.395983173175086,0.924520528943387,2.7779843480310698
64,0.2819091742016503,999,0.27186379368856517,0.001001001001001001,True,True,5.544539309186967,7.818472026327338,0.988582132695476,2.733373154542963
64,0.2819091742016503,999,0.27265471192510143,0.001001001001001001,True,True,5.940921747299711,7.255611868874557,0.9228655554035454,2.5741043016260896
64,0.2819091742016503,999,0.2765774810855338,0.001001001001001001,True,True,5.741781260241856,7.6213968634143505,0.9594680084827578,2.563832669773487
64,0.2819091742016503,999,0.2859269120654809,0.001001001001001001,True,True,6.176053048961875,8.527898938968045,0.9250098392252581,2.791787542822933
64,0.2819091742016503,999,0.2940296448319928,0.001001001001001001,True,True,5.696558496458569,6.396022054642285,0.9020612362986867,2.5409015730299322
64,0.2819091742016503,999,0.28270422739453166,0.001001001001001001,True,True,5.813129083847065,10.896174558495465,0.8814061363916847,2.627137605295132
64,0.2819091742016503,999,0.2750055134674625,0.001001001001001001,True,True,5.467098945919503,16.694200766652138,0.9658847546174782,2.7018496979285955
64,0.2819091742016503,999,0.2846147571607103,0.001001001001001001,True,True,5.560098058582335,7.564614663230737,0.9254693020133423,2.616262128818488
64,0.2819091742016503,999,0.2782352473205555,0.001001001001001001,True,True,5.813767210133322,8.134847892283952,0.9581121440423432,2.7190600690169817
64,0.2819091742016503,999,0.27986360839577734,0.001001001001001001,True,True,5.806223977192349,5.183707788012989,0.916063460265404,2.6831284084166054
