metric,primary,audit,absolute_difference
D.0.0,0.0,0.0,0.0
D.0.1,0.016666666666666666,0.016666666666666666,0.0
D.0.10,0.041666666666666664,0.041666666666666664,0.0
D.0.11,0.008333333333333333,0.008333333333333333,0.0
D.0.12,0.016666666666666666,0.016666666666666666,0.0
D.0.13,0.016666666666666666,0.016666666666666666,0.0
D.0.14,0.041666666666666664,0.041666666666666664,0.0
D.0.15,0.025,0.025,0.0
D.0.16,-0.008333333333333333,-0.008333333333333333,0.0
D.0.17,0.025,0.025,0.0
D.0.18,0.008333333333333333,0.008333333333333333,0.0
D.0.19,0.008333333333333333,0.008333333333333333,0.0
D.0.2,0.008333333333333333,0.008333333333333333,0.0
D.0.20,0.016666666666666666,0.016666666666666666,0.0
D.0.21,0.025,0.025,0.0
D.0.22,0.0,0.0,0.0
D.0.23,0.016666666666666666,0.016666666666666666,0.0
D.0.3,0.016666666666666666,0.016666666666666666,0.0
D.0.4,0.008333333333333333,0.008333333333333333,0.0
D.0.5,0.008333333333333333,0.008333333333333333,0.0
D.0.6,0.041666666666666664,0.041666666666666664,0.0
D.0.7,0.0,0.0,0.0
D.0.8,0.016666666666666666,0.016666666666666666,0.0
D.0.9,-0.016666666666666666,-0.016666666666666666,0.0
D.1.0,0.016666666666666666,0.016666666666666666,0.0
D.1.1,0.0,0.0,0.0
D.1.10,0.016666666666666666,0.016666666666666666,0.0
D.1.11,0.025,0.025,0.0
D.1.12,0.0,0.0,0.0
D.1.13,0.008333333333333333,0.008333333333333333,0.0
D.1.14,0.008333333333333333,0.008333333333333333,0.0
D.1.15,0.016666666666666666,0.016666666666666666,0.0
D.1.16,-0.008333333333333333,-0.008333333333333333,0.0
D.1.17,0.016666666666666666,0.016666666666666666,0.0
D.1.18,0.0,0.0,0.0
D.1.19,0.025,0.025,0.0
D.1.2,0.008333333333333333,0.008333333333333333,0.0
D.1.20,0.016666666666666666,0.016666666666666666,0.0
D.1.21,0.008333333333333333,0.008333333333333333,0.0
D.1.22,-0.008333333333333333,-0.008333333333333333,0.0
D.1.23,0.025,0.025,0.0
D.1.3,0.016666666666666666,0.016666666666666666,0.0
D.1.4,0.016666666666666666,0.016666666666666666,0.0
D.1.5,0.0,0.0,0.0
D.1.6,0.008333333333333333,0.008333333333333333,0.0
D.1.7,0.03333333333333333,0.03333333333333333,0.0
D.1.8,0.008333333333333333,0.008333333333333333,0.0
D.1.9,-0.025,-0.025,0.0
D.10.0,0.041666666666666664,0.041666666666666664,0.0
D.10.1,0.016666666666666666,0.016666666666666666,0.0
D.10.10,0.0,0.0,0.0
D.10.11,0.058333333333333334,0.058333333333333334,0.0
D.10.12,0.008333333333333333,0.008333333333333333,0.0
D.10.13,0.016666666666666666,0.016666666666666666,0.0
D.10.14,0.016666666666666666,0.016666666666666666,0.0
D.10.15,0.058333333333333334,0.058333333333333334,0.0
D.10.16,0.025,0.025,0.0
D.10.17,0.041666666666666664,0.041666666666666664,0.0
D.10.18,0.0,0.0,0.0
D.10.19,0.025,0.025,0.0
D.10.2,0.03333333333333333,0.03333333333333333,0.0
D.10.20,0.03333333333333333,0.03333333333333333,0.0
D.10.21,0.025,0.025,0.0
D.10.22,0.008333333333333333,0.008333333333333333,0.0
D.10.23,0.041666666666666664,0.041666666666666664,0.0
D.10.3,0.03333333333333333,0.03333333333333333,0.0
D.10.4,0.016666666666666666,0.016666666666666666,0.0
D.10.5,0.025,0.025,0.0
D.10.6,0.008333333333333333,0.008333333333333333,0.0
D.10.7,0.058333333333333334,0.058333333333333334,0.0
D.10.8,0.008333333333333333,0.008333333333333333,0.0
D.10.9,-0.008333333333333333,-0.008333333333333333,0.0
D.11.0,0.008333333333333333,0.008333333333333333,0.0
D.11.1,0.025,0.025,0.0
D.11.10,0.058333333333333334,0.058333333333333334,0.0
D.11.11,0.0,0.0,0.0
D.11.12,0.016666666666666666,0.016666666666666666,0.0
D.11.13,0.025,0.025,0.0
D.11.14,0.05,0.05,0.0
D.11.15,0.03333333333333333,0.03333333333333333,0.0
D.11.16,0.016666666666666666,0.016666666666666666,0.0
D.11.17,0.016666666666666666,0.016666666666666666,0.0
D.11.18,0.025,0.025,0.0
D.11.19,0.0,0.0,0.0
D.11.2,0.025,0.025,0.0
D.11.20,0.025,0.025,0.0
D.11.21,0.025,0.025,0.0
D.11.22,0.03333333333333333,0.03333333333333333,0.0
D.11.23,0.016666666666666666,0.016666666666666666,0.0
D.11.3,0.016666666666666666,0.016666666666666666,0.0
D.11.4,0.016666666666666666,0.016666666666666666,0.0
D.11.5,0.016666666666666666,0.016666666666666666,0.0
D.11.6,0.06666666666666667,0.06666666666666667,0.0
D.11.7,-0.008333333333333333,-0.008333333333333333,0.0
D.11.8,0.025,0.025,0.0
D.11.9,0.016666666666666666,0.016666666666666666,0.0
D.12.0,0.016666666666666666,0.016666666666666666,0.0
D.12.1,0.0,0.0,0.0
D.12.10,0.008333333333333333,0.008333333333333333,0.0
D.12.11,0.016666666666666666,0.016666666666666666,0.0
D.12.12,0.0,0.0,0.0
D.12.13,-0.008333333333333333,-0.008333333333333333,0.0
D.12.14,0.03333333333333333,0.03333333333333333,0.0
D.12.15,0.016666666666666666,0.016666666666666666,0.0
D.12.16,-0.016666666666666666,-0.016666666666666666,0.0
D.12.17,0.016666666666666666,0.016666666666666666,0.0
D.12.18,0.0,0.0,0.0
D.12.19,-0.008333333333333333,-0.008333333333333333,0.0
D.12.2,0.008333333333333333,0.008333333333333333,0.0
D.12.20,0.025,0.025,0.0
D.12.21,0.025,0.025,0.0
D.12.22,0.0,0.0,0.0
D.12.23,0.016666666666666666,0.016666666666666666,0.0
D.12.3,0.008333333333333333,0.008333333333333333,0.0
D.12.4,-0.008333333333333333,-0.008333333333333333,0.0
D.12.5,0.0,0.0,0.0
D.12.6,0.016666666666666666,0.016666666666666666,0.0
D.12.7,0.025,0.025,0.0
D.12.8,-0.008333333333333333,-0.008333333333333333,0.0
D.12.9,-0.025,-0.025,0.0
D.13.0,0.016666666666666666,0.016666666666666666,0.0
D.13.1,0.008333333333333333,0.008333333333333333,0.0
D.13.10,0.016666666666666666,0.016666666666666666,0.0
D.13.11,0.025,0.025,0.0
D.13.12,-0.008333333333333333,-0.008333333333333333,0.0
D.13.13,0.0,0.0,0.0
D.13.14,0.03333333333333333,0.03333333333333333,0.0
D.13.15,0.025,0.025,0.0
D.13.16,0.008333333333333333,0.008333333333333333,0.0
D.13.17,0.016666666666666666,0.016666666666666666,0.0
D.13.18,-0.008333333333333333,-0.008333333333333333,0.0
D.13.19,0.008333333333333333,0.008333333333333333,0.0
D.13.2,0.016666666666666666,0.016666666666666666,0.0
D.13.20,0.008333333333333333,0.008333333333333333,0.0
D.13.21,0.016666666666666666,0.016666666666666666,0.0
D.13.22,0.008333333333333333,0.008333333333333333,0.0
D.13.23,-0.008333333333333333,-0.008333333333333333,0.0
D.13.3,0.008333333333333333,0.008333333333333333,0.0
D.13.4,0.008333333333333333,0.008333333333333333,0.0
D.13.5,0.008333333333333333,0.008333333333333333,0.0
D.13.6,0.03333333333333333,0.03333333333333333,0.0
D.13.7,0.025,0.025,0.0
D.13.8,-0.008333333333333333,-0.008333333333333333,0.0
D.13.9,0.0,0.0,0.0
D.14.0,0.041666666666666664,0.041666666666666664,0.0
D.14.1,0.008333333333333333,0.008333333333333333,0.0
D.14.10,0.016666666666666666,0.016666666666666666,0.0
D.14.11,0.05,0.05,0.0
D.14.12,0.03333333333333333,0.03333333333333333,0.0
D.14.13,0.03333333333333333,0.03333333333333333,0.0
D.14.14,0.0,0.0,0.0
D.14.15,0.058333333333333334,0.058333333333333334,0.0
D.14.16,0.03333333333333333,0.03333333333333333,0.0
D.14.17,0.025,0.025,0.0
D.14.18,0.016666666666666666,0.016666666666666666,0.0
D.14.19,0.025,0.025,0.0
D.14.2,0.041666666666666664,0.041666666666666664,0.0
D.14.20,0.016666666666666666,0.016666666666666666,0.0
D.14.21,0.03333333333333333,0.03333333333333333,0.0
D.14.22,0.016666666666666666,0.016666666666666666,0.0
D.14.23,0.03333333333333333,0.03333333333333333,0.0
D.14.3,0.025,0.025,0.0
D.14.4,0.025,0.025,0.0
D.14.5,0.0,0.0,0.0
D.14.6,0.008333333333333333,0.008333333333333333,0.0
D.14.7,0.058333333333333334,0.058333333333333334,0.0
D.14.8,0.016666666666666666,0.016666666666666666,0.0
D.14.9,-0.008333333333333333,-0.008333333333333333,0.0
D.15.0,0.025,0.025,0.0
D.15.1,0.016666666666666666,0.016666666666666666,0.0
D.15.10,0.058333333333333334,0.058333333333333334,0.0
D.15.11,0.03333333333333333,0.03333333333333333,0.0
D.15.12,0.016666666666666666,0.016666666666666666,0.0
D.15.13,0.025,0.025,0.0
D.15.14,0.058333333333333334,0.058333333333333334,0.0
D.15.15,0.0,0.0,0.0
D.15.16,0.016666666666666666,0.016666666666666666,0.0
D.15.17,0.025,0.025,0.0
D.15.18,0.025,0.025,0.0
D.15.19,0.008333333333333333,0.008333333333333333,0.0
D.15.2,0.025,0.025,0.0
D.15.20,0.041666666666666664,0.041666666666666664,0.0
D.15.21,0.03333333333333333,0.03333333333333333,0.0
D.15.22,0.025,0.025,0.0
D.15.23,0.008333333333333333,0.008333333333333333,0.0
D.15.3,0.025,0.025,0.0
D.15.4,0.0,0.0,0.0
D.15.5,0.03333333333333333,0.03333333333333333,0.0
D.15.6,0.06666666666666667,0.06666666666666667,0.0
D.15.7,0.016666666666666666,0.016666666666666666,0.0
D.15.8,0.03333333333333333,0.03333333333333333,0.0
D.15.9,0.008333333333333333,0.008333333333333333,0.0
D.16.0,-0.008333333333333333,-0.008333333333333333,0.0
D.16.1,-0.008333333333333333,-0.008333333333333333,0.0
D.16.10,0.025,0.025,0.0
D.16.11,0.016666666666666666,0.016666666666666666,0.0
D.16.12,-0.016666666666666666,-0.016666666666666666,0.0
D.16.13,0.008333333333333333,0.008333333333333333,0.0
D.16.14,0.03333333333333333,0.03333333333333333,0.0
D.16.15,0.016666666666666666,0.016666666666666666,0.0
D.16.16,0.0,0.0,0.0
D.16.17,0.025,0.025,0.0
D.16.18,0.016666666666666666,0.016666666666666666,0.0
D.16.19,-0.008333333333333333,-0.008333333333333333,0.0
D.16.2,0.0,0.0,0.0
D.16.20,0.016666666666666666,0.016666666666666666,0.0
D.16.21,0.0,0.0,0.0
D.16.22,0.0,0.0,0.0
D.16.23,0.008333333333333333,0.008333333333333333,0.0
D.16.3,-0.008333333333333333,-0.008333333333333333,0.0
D.16.4,0.008333333333333333,0.008333333333333333,0.0
D.16.5,0.0,0.0,0.0
D.16.6,0.008333333333333333,0.008333333333333333,0.0
D.16.7,0.025,0.025,0.0
D.16.8,0.008333333333333333,0.008333333333333333,0.0
D.16.9,0.0,0.0,0.0
D.17.0,0.025,0.025,0.0
D.17.1,0.016666666666666666,0.016666666666666666,0.0
D.17.10,0.041666666666666664,0.041666666666666664,0.0
D.17.11,0.016666666666666666,0.016666666666666666,0.0
D.17.12,0.016666666666666666,0.016666666666666666,0.0
D.17.13,0.016666666666666666,0.016666666666666666,0.0
D.17.14,0.025,0.025,0.0
D.17.15,0.025,0.025,0.0
D.17.16,0.025,0.025,0.0
D.17.17,0.0,0.0,0.0
D.17.18,0.025,0.025,0.0
D.17.19,0.025,0.025,0.0
D.17.2,0.03333333333333333,0.03333333333333333,0.0
D.17.20,0.025,0.025,0.0
D.17.21,0.03333333333333333,0.03333333333333333,0.0
D.17.22,0.025,0.025,0.0
D.17.23,0.008333333333333333,0.008333333333333333,0.0
D.17.3,0.03333333333333333,0.03333333333333333,0.0
D.17.4,0.016666666666666666,0.016666666666666666,0.0
D.17.5,0.008333333333333333,0.008333333333333333,0.0
D.17.6,0.05,0.05,0.0
D.17.7,0.025,0.025,0.0
D.17.8,0.016666666666666666,0.016666666666666666,0.0
D.17.9,0.0,0.0,0.0
D.18.0,0.008333333333333333,0.008333333333333333,0.0
D.18.1,0.0,0.0,0.0
D.18.10,0.0,0.0,0.0
D.18.11,0.025,0.025,0.0
D.18.12,0.0,0.0,0.0
D.18.13,-0.008333333333333333,-0.008333333333333333,0.0
D.18.14,0.016666666666666666,0.016666666666666666,0.0
D.18.15,0.025,0.025,0.0
D.18.16,0.016666666666666666,0.016666666666666666,0.0
D.18.17,0.025,0.025,0.0
D.18.18,0.0,0.0,0.0
D.18.19,0.008333333333333333,0.008333333333333333,0.0
D.18.2,0.016666666666666666,0.016666666666666666,0.0
D.18.20,0.008333333333333333,0.008333333333333333,0.0
D.18.21,0.008333333333333333,0.008333333333333333,0.0
D.18.22,0.0,0.0,0.0
D.18.23,-0.008333333333333333,-0.008333333333333333,0.0
D.18.3,0.008333333333333333,0.008333333333333333,0.0
D.18.4,-0.008333333333333333,-0.008333333333333333,0.0
D.18.5,0.008333333333333333,0.008333333333333333,0.0
D.18.6,0.008333333333333333,0.008333333333333333,0.0
D.18.7,0.03333333333333333,0.03333333333333333,0.0
D.18.8,-0.008333333333333333,-0.008333333333333333,0.0
D.18.9,-0.008333333333333333,-0.008333333333333333,0.0
D.19.0,0.008333333333333333,0.008333333333333333,0.0
D.19.1,0.025,0.025,0.0
D.19.10,0.025,0.025,0.0
D.19.11,0.0,0.0,0.0
D.19.12,-0.008333333333333333,-0.008333333333333333,0.0
D.19.13,0.008333333333333333,0.008333333333333333,0.0
D.19.14,0.025,0.025,0.0
D.19.15,0.008333333333333333,0.008333333333333333,0.0
D.19.16,-0.008333333333333333,-0.008333333333333333,0.0
D.19.17,0.025,0.025,0.0
D.19.18,0.008333333333333333,0.008333333333333333,0.0
D.19.19,0.0,0.0,0.0
D.19.2,0.008333333333333333,0.008333333333333333,0.0
D.19.20,0.008333333333333333,0.008333333333333333,0.0
D.19.21,0.008333333333333333,0.008333333333333333,0.0
D.19.22,0.008333333333333333,0.008333333333333333,0.0
D.19.23,0.008333333333333333,0.008333333333333333,0.0
D.19.3,0.0,0.0,0.0
D.19.4,-0.008333333333333333,-0.008333333333333333,0.0
D.19.5,0.016666666666666666,0.016666666666666666,0.0
D.19.6,0.025,0.025,0.0
D.19.7,0.0,0.0,0.0
D.19.8,0.008333333333333333,0.008333333333333333,0.0
D.19.9,-0.025,-0.025,0.0
D.2.0,0.008333333333333333,0.008333333333333333,0.0
D.2.1,0.008333333333333333,0.008333333333333333,0.0
D.2.10,0.03333333333333333,0.03333333333333333,0.0
D.2.11,0.025,0.025,0.0
D.2.12,0.008333333333333333,0.008333333333333333,0.0
D.2.13,0.016666666666666666,0.016666666666666666,0.0
D.2.14,0.041666666666666664,0.041666666666666664,0.0
D.2.15,0.025,0.025,0.0
D.2.16,0.0,0.0,0.0
D.2.17,0.03333333333333333,0.03333333333333333,0.0
D.2.18,0.016666666666666666,0.016666666666666666,0.0
D.2.19,0.008333333333333333,0.008333333333333333,0.0
D.2.2,0.0,0.0,0.0
D.2.20,0.016666666666666666,0.016666666666666666,0.0
D.2.21,0.0,0.0,0.0
D.2.22,0.008333333333333333,0.008333333333333333,0.0
D.2.23,0.016666666666666666,0.016666666666666666,0.0
D.2.3,-0.008333333333333333,-0.008333333333333333,0.0
D.2.4,0.008333333333333333,0.008333333333333333,0.0
D.2.5,0.016666666666666666,0.016666666666666666,0.0
D.2.6,0.025,0.025,0.0
D.2.7,0.025,0.025,0.0
D.2.8,0.016666666666666666,0.016666666666666666,0.0
D.2.9,0.0,0.0,0.0
D.20.0,0.016666666666666666,0.016666666666666666,0.0
D.20.1,0.016666666666666666,0.016666666666666666,0.0
D.20.10,0.03333333333333333,0.03333333333333333,0.0
D.20.11,0.025,0.025,0.0
D.20.12,0.025,0.025,0.0
D.20.13,0.008333333333333333,0.008333333333333333,0.0
D.20.14,0.016666666666666666,0.016666666666666666,0.0
D.20.15,0.041666666666666664,0.041666666666666664,0.0
D.20.16,0.016666666666666666,0.016666666666666666,0.0
D.20.17,0.025,0.025,0.0
D.20.18,0.008333333333333333,0.008333333333333333,0.0
D.20.19,0.008333333333333333,0.008333333333333333,0.0
D.20.2,0.016666666666666666,0.016666666666666666,0.0
D.20.20,0.0,0.0,0.0
D.20.21,0.0,0.0,0.0
D.20.22,0.008333333333333333,0.008333333333333333,0.0
D.20.23,0.016666666666666666,0.016666666666666666,0.0
D.20.3,0.0,0.0,0.0
D.20.4,0.008333333333333333,0.008333333333333333,0.0
D.20.5,0.008333333333333333,0.008333333333333333,0.0
D.20.6,0.025,0.025,0.0
D.20.7,0.03333333333333333,0.03333333333333333,0.0
D.20.8,0.016666666666666666,0.016666666666666666,0.0
D.20.9,-0.008333333333333333,-0.008333333333333333,0.0
D.21.0,0.025,0.025,0.0
D.21.1,0.008333333333333333,0.008333333333333333,0.0
D.21.10,0.025,0.025,0.0
D.21.11,0.025,0.025,0.0
D.21.12,0.025,0.025,0.0
D.21.13,0.016666666666666666,0.016666666666666666,0.0
D.21.14,0.03333333333333333,0.03333333333333333,0.0
D.21.15,0.03333333333333333,0.03333333333333333,0.0
D.21.16,0.0,0.0,0.0
D.21.17,0.03333333333333333,0.03333333333333333,0.0
D.21.18,0.008333333333333333,0.008333333333333333,0.0
D.21.19,0.008333333333333333,0.008333333333333333,0.0
D.21.2,0.0,0.0,0.0
D.21.20,0.0,0.0,0.0
D.21.21,0.0,0.0,0.0
D.21.22,0.008333333333333333,0.008333333333333333,0.0
D.21.23,0.025,0.025,0.0
D.21.3,0.0,0.0,0.0
D.21.4,0.016666666666666666,0.016666666666666666,0.0
D.21.5,0.008333333333333333,0.008333333333333333,0.0
D.21.6,0.016666666666666666,0.016666666666666666,0.0
D.21.7,0.03333333333333333,0.03333333333333333,0.0
D.21.8,0.03333333333333333,0.03333333333333333,0.0
D.21.9,-0.025,-0.025,0.0
D.22.0,0.0,0.0,0.0
D.22.1,-0.008333333333333333,-0.008333333333333333,0.0
D.22.10,0.008333333333333333,0.008333333333333333,0.0
D.22.11,0.03333333333333333,0.03333333333333333,0.0
D.22.12,0.0,0.0,0.0
D.22.13,0.008333333333333333,0.008333333333333333,0.0
D.22.14,0.016666666666666666,0.016666666666666666,0.0
D.22.15,0.025,0.025,0.0
D.22.16,0.0,0.0,0.0
D.22.17,0.025,0.025,0.0
D.22.18,0.0,0.0,0.0
D.22.19,0.008333333333333333,0.008333333333333333,0.0
D.22.2,0.008333333333333333,0.008333333333333333,0.0
D.22.20,0.008333333333333333,0.008333333333333333,0.0
D.22.21,0.008333333333333333,0.008333333333333333,0.0
D.22.22,0.0,0.0,0.0
D.22.23,0.0,0.0,0.0
D.22.3,0.008333333333333333,0.008333333333333333,0.0
D.22.4,0.008333333333333333,0.008333333333333333,0.0
D.22.5,0.0,0.0,0.0
D.22.6,0.016666666666666666,0.016666666666666666,0.0
D.22.7,0.025,0.025,0.0
D.22.8,-0.008333333333333333,-0.008333333333333333,0.0
D.22.9,-0.008333333333333333,-0.008333333333333333,0.0
D.23.0,0.016666666666666666,0.016666666666666666,0.0
D.23.1,0.025,0.025,0.0
D.23.10,0.041666666666666664,0.041666666666666664,0.0
D.23.11,0.016666666666666666,0.016666666666666666,0.0
D.23.12,0.016666666666666666,0.016666666666666666,0.0
D.23.13,-0.008333333333333333,-0.008333333333333333,0.0
D.23.14,0.03333333333333333,0.03333333333333333,0.0
D.23.15,0.008333333333333333,0.008333333333333333,0.0
D.23.16,0.008333333333333333,0.008333333333333333,0.0
D.23.17,0.008333333333333333,0.008333333333333333,0.0
D.23.18,-0.008333333333333333,-0.008333333333333333,0.0
D.23.19,0.008333333333333333,0.008333333333333333,0.0
D.23.2,0.016666666666666666,0.016666666666666666,0.0
D.23.20,0.016666666666666666,0.016666666666666666,0.0
D.23.21,0.025,0.025,0.0
D.23.22,0.0,0.0,0.0
D.23.23,0.0,0.0,0.0
D.23.3,0.016666666666666666,0.016666666666666666,0.0
D.23.4,0.008333333333333333,0.008333333333333333,0.0
D.23.5,0.016666666666666666,0.016666666666666666,0.0
D.23.6,0.05,0.05,0.0
D.23.7,0.016666666666666666,0.016666666666666666,0.0
D.23.8,0.025,0.025,0.0
D.23.9,-0.025,-0.025,0.0
D.3.0,0.016666666666666666,0.016666666666666666,0.0
D.3.1,0.016666666666666666,0.016666666666666666,0.0
D.3.10,0.03333333333333333,0.03333333333333333,0.0
D.3.11,0.016666666666666666,0.016666666666666666,0.0
D.3.12,0.008333333333333333,0.008333333333333333,0.0
D.3.13,0.008333333333333333,0.008333333333333333,0.0
D.3.14,0.025,0.025,0.0
D.3.15,0.025,0.025,0.0
D.3.16,-0.008333333333333333,-0.008333333333333333,0.0
D.3.17,0.03333333333333333,0.03333333333333333,0.0
D.3.18,0.008333333333333333,0.008333333333333333,0.0
D.3.19,0.0,0.0,0.0
D.3.2,-0.008333333333333333,-0.008333333333333333,0.0
D.3.20,0.0,0.0,0.0
D.3.21,0.0,0.0,0.0
D.3.22,0.008333333333333333,0.008333333333333333,0.0
D.3.23,0.016666666666666666,0.016666666666666666,0.0
D.3.3,0.0,0.0,0.0
D.3.4,0.008333333333333333,0.008333333333333333,0.0
D.3.5,0.0,0.0,0.0
D.3.6,0.03333333333333333,0.03333333333333333,0.0
D.3.7,0.016666666666666666,0.016666666666666666,0.0
D.3.8,0.008333333333333333,0.008333333333333333,0.0
D.3.9,-0.008333333333333333,-0.008333333333333333,0.0
D.4.0,0.008333333333333333,0.008333333333333333,0.0
D.4.1,0.016666666666666666,0.016666666666666666,0.0
D.4.10,0.016666666666666666,0.016666666666666666,0.0
D.4.11,0.016666666666666666,0.016666666666666666,0.0
D.4.12,-0.008333333333333333,-0.008333333333333333,0.0
D.4.13,0.008333333333333333,0.008333333333333333,0.0
D.4.14,0.025,0.025,0.0
D.4.15,0.0,0.0,0.0
D.4.16,0.008333333333333333,0.008333333333333333,0.0
D.4.17,0.016666666666666666,0.016666666666666666,0.0
D.4.18,-0.008333333333333333,-0.008333333333333333,0.0
D.4.19,-0.008333333333333333,-0.008333333333333333,0.0
D.4.2,0.008333333333333333,0.008333333333333333,0.0
D.4.20,0.008333333333333333,0.008333333333333333,0.0
D.4.21,0.016666666666666666,0.016666666666666666,0.0
D.4.22,0.008333333333333333,0.008333333333333333,0.0
D.4.23,0.008333333333333333,0.008333333333333333,0.0
D.4.3,0.008333333333333333,0.008333333333333333,0.0
D.4.4,0.0,0.0,0.0
D.4.5,0.008333333333333333,0.008333333333333333,0.0
D.4.6,0.016666666666666666,0.016666666666666666,0.0
D.4.7,0.016666666666666666,0.016666666666666666,0.0
D.4.8,0.008333333333333333,0.008333333333333333,0.0
D.4.9,-0.008333333333333333,-0.008333333333333333,0.0
D.5.0,0.008333333333333333,0.008333333333333333,0.0
D.5.1,0.0,0.0,0.0
D.5.10,0.025,0.025,0.0
D.5.11,0.016666666666666666,0.016666666666666666,0.0
D.5.12,0.0,0.0,0.0
D.5.13,0.008333333333333333,0.008333333333333333,0.0
D.5.14,0.0,0.0,0.0
D.5.15,0.03333333333333333,0.03333333333333333,0.0
D.5.16,0.0,0.0,0.0
D.5.17,0.008333333333333333,0.008333333333333333,0.0
D.5.18,0.008333333333333333,0.008333333333333333,0.0
D.5.19,0.016666666666666666,0.016666666666666666,0.0
D.5.2,0.016666666666666666,0.016666666666666666,0.0
D.5.20,0.008333333333333333,0.008333333333333333,0.0
D.5.21,0.008333333333333333,0.008333333333333333,0.0
D.5.22,0.0,0.0,0.0
D.5.23,0.016666666666666666,0.016666666666666666,0.0
D.5.3,0.0,0.0,0.0
D.5.4,0.008333333333333333,0.008333333333333333,0.0
D.5.5,0.0,0.0,0.0
D.5.6,0.016666666666666666,0.016666666666666666,0.0
D.5.7,0.025,0.025,0.0
D.5.8,0.008333333333333333,0.008333333333333333,0.0
D.5.9,-0.025,-0.025,0.0
D.6.0,0.041666666666666664,0.041666666666666664,0.0
D.6.1,0.008333333333333333,0.008333333333333333,0.0
D.6.10,0.008333333333333333,0.008333333333333333,0.0
D.6.11,0.06666666666666667,0.06666666666666667,0.0
D.6.12,0.016666666666666666,0.016666666666666666,0.0
D.6.13,0.03333333333333333,0.03333333333333333,0.0
D.6.14,0.008333333333333333,0.008333333333333333,0.0
D.6.15,0.06666666666666667,0.06666666666666667,0.0
D.6.16,0.008333333333333333,0.008333333333333333,0.0
D.6.17,0.05,0.05,0.0
D.6.18,0.008333333333333333,0.008333333333333333,0.0
D.6.19,0.025,0.025,0.0
D.6.2,0.025,0.025,0.0
D.6.20,0.025,0.025,0.0
D.6.21,0.016666666666666666,0.016666666666666666,0.0
D.6.22,0.016666666666666666,0.016666666666666666,0.0
D.6.23,0.05,0.05,0.0
D.6.3,0.03333333333333333,0.03333333333333333,0.0
D.6.4,0.016666666666666666,0.016666666666666666,0.0
D.6.5,0.016666666666666666,0.016666666666666666,0.0
D.6.6,0.0,0.0,0.0
D.6.7,0.06666666666666667,0.06666666666666667,0.0
D.6.8,0.016666666666666666,0.016666666666666666,0.0
D.6.9,-0.016666666666666666,-0.016666666666666666,0.0
D.7.0,0.0,0.0,0.0
D.7.1,0.03333333333333333,0.03333333333333333,0.0
D.7.10,0.058333333333333334,0.058333333333333334,0.0
D.7.11,-0.008333333333333333,-0.008333333333333333,0.0
D.7.12,0.025,0.025,0.0
D.7.13,0.025,0.025,0.0
D.7.14,0.058333333333333334,0.058333333333333334,0.0
D.7.15,0.016666666666666666,0.016666666666666666,0.0
D.7.16,0.025,0.025,0.0
D.7.17,0.025,0.025,0.0
D.7.18,0.03333333333333333,0.03333333333333333,0.0
D.7.19,0.0,0.0,0.0
D.7.2,0.025,0.025,0.0
D.7.20,0.03333333333333333,0.03333333333333333,0.0
D.7.21,0.03333333333333333,0.03333333333333333,0.0
D.7.22,0.025,0.025,0.0
D.7.23,0.016666666666666666,0.016666666666666666,0.0
D.7.3,0.016666666666666666,0.016666666666666666,0.0
D.7.4,0.016666666666666666,0.016666666666666666,0.0
D.7.5,0.025,0.025,0.0
D.7.6,0.06666666666666667,0.06666666666666667,0.0
D.7.7,0.0,0.0,0.0
D.7.8,0.025,0.025,0.0
D.7.9,0.016666666666666666,0.016666666666666666,0.0
D.8.0,0.016666666666666666,0.016666666666666666,0.0
D.8.1,0.008333333333333333,0.008333333333333333,0.0
D.8.10,0.008333333333333333,0.008333333333333333,0.0
D.8.11,0.025,0.025,0.0
D.8.12,-0.008333333333333333,-0.008333333333333333,0.0
D.8.13,-0.008333333333333333,-0.008333333333333333,0.0
D.8.14,0.016666666666666666,0.016666666666666666,0.0
D.8.15,0.03333333333333333,0.03333333333333333,0.0
D.8.16,0.008333333333333333,0.008333333333333333,0.0
D.8.17,0.016666666666666666,0.016666666666666666,0.0
D.8.18,-0.008333333333333333,-0.008333333333333333,0.0
D.8.19,0.008333333333333333,0.008333333333333333,0.0
D.8.2,0.016666666666666666,0.016666666666666666,0.0
D.8.20,0.016666666666666666,0.016666666666666666,0.0
D.8.21,0.03333333333333333,0.03333333333333333,0.0
D.8.22,-0.008333333333333333,-0.008333333333333333,0.0
D.8.23,0.025,0.025,0.0
D.8.3,0.008333333333333333,0.008333333333333333,0.0
D.8.4,0.008333333333333333,0.008333333333333333,0.0
D.8.5,0.008333333333333333,0.008333333333333333,0.0
D.8.6,0.016666666666666666,0.016666666666666666,0.0
D.8.7,0.025,0.025,0.0
D.8.8,0.0,0.0,0.0
D.8.9,-0.025,-0.025,0.0
D.9.0,-0.016666666666666666,-0.016666666666666666,0.0
D.9.1,-0.025,-0.025,0.0
D.9.10,-0.008333333333333333,-0.008333333333333333,0.0
D.9.11,0.016666666666666666,0.016666666666666666,0.0
D.9.12,-0.025,-0.025,0.0
D.9.13,0.0,0.0,0.0
D.9.14,-0.008333333333333333,-0.008333333333333333,0.0
D.9.15,0.008333333333333333,0.008333333333333333,0.0
D.9.16,0.0,0.0,0.0
D.9.17,0.0,0.0,0.0
D.9.18,-0.008333333333333333,-0.008333333333333333,0.0
D.9.19,-0.025,-0.025,0.0
D.9.2,0.0,0.0,0.0
D.9.20,-0.008333333333333333,-0.008333333333333333,0.0
D.9.21,-0.025,-0.025,0.0
D.9.22,-0.008333333333333333,-0.008333333333333333,0.0
D.9.23,-0.025,-0.025,0.0
D.9.3,-0.008333333333333333,-0.008333333333333333,0.0
D.9.4,-0.008333333333333333,-0.008333333333333333,0.0
D.9.5,-0.025,-0.025,0.0
D.9.6,-0.016666666666666666,-0.016666666666666666,0.0
D.9.7,0.016666666666666666,0.016666666666666666,0.0
D.9.8,-0.025,-0.025,0.0
D.9.9,0.0,0.0,0.0
condition.BASELINE.accuracy,0.44999999999999996,0.44999999999999996,0.0
condition.BASELINE.commitment_validity,0.9875,0.9875,0.0
condition.BASELINE.max_tokens,4096.0,4096.0,0.0
condition.BASELINE.mean_tokens,44.57083333333333,44.57083333333333,0.0
condition.BASELINE.median_tokens,7.0,7.0,0.0
condition.BASELINE.n_items,120.0,120.0,0.0
condition.BASELINE.rollouts,2.0,2.0,0.0
condition.BASELINE.semantic_evaluability,0.9875,0.9875,0.0
condition.MEAN_COUNTERFACTUAL_CHECKING_EXECUTION_BOUNDARY_MINUS.accuracy,0.4541666666666667,0.4541666666666667,0.0
condition.MEAN_COUNTERFACTUAL_CHECKING_EXECUTION_BOUNDARY_MINUS.commitment_validity,0.9916666666666667,0.9916666666666667,0.0
condition.MEAN_COUNTERFACTUAL_CHECKING_EXECUTION_BOUNDARY_MINUS.max_tokens,4096.0,4096.0,0.0
condition.MEAN_COUNTERFACTUAL_CHECKING_EXECUTION_BOUNDARY_MINUS.mean_tokens,44.425,44.425,0.0
condition.MEAN_COUNTERFACTUAL_CHECKING_EXECUTION_BOUNDARY_MINUS.median_tokens,7.0,7.0,0.0
condition.MEAN_COUNTERFACTUAL_CHECKING_EXECUTION_BOUNDARY_MINUS.n_items,120.0,120.0,0.0
condition.MEAN_COUNTERFACTUAL_CHECKING_EXECUTION_BOUNDARY_MINUS.rollouts,2.0,2.0,0.0
condition.MEAN_COUNTERFACTUAL_CHECKING_EXECUTION_BOUNDARY_MINUS.semantic_evaluability,0.9916666666666667,0.9916666666666667,0.0
condition.MEAN_COUNTERFACTUAL_CHECKING_EXECUTION_BOUNDARY_PLUS.accuracy,0.4666666666666667,0.4666666666666667,0.0
condition.MEAN_COUNTERFACTUAL_CHECKING_EXECUTION_BOUNDARY_PLUS.commitment_validity,0.9916666666666667,0.9916666666666667,0.0
condition.MEAN_COUNTERFACTUAL_CHECKING_EXECUTION_BOUNDARY_PLUS.max_tokens,4096.0,4096.0,0.0
condition.MEAN_COUNTERFACTUAL_CHECKING_EXECUTION_BOUNDARY_PLUS.mean_tokens,28.475,28.475,0.0
condition.MEAN_COUNTERFACTUAL_CHECKING_EXECUTION_BOUNDARY_PLUS.median_tokens,7.0,7.0,0.0
condition.MEAN_COUNTERFACTUAL_CHECKING_EXECUTION_BOUNDARY_PLUS.n_items,120.0,120.0,0.0
condition.MEAN_COUNTERFACTUAL_CHECKING_EXECUTION_BOUNDARY_PLUS.rollouts,2.0,2.0,0.0
condition.MEAN_COUNTERFACTUAL_CHECKING_EXECUTION_BOUNDARY_PLUS.semantic_evaluability,0.9916666666666667,0.9916666666666667,0.0
condition.MEAN_COUNTERFACTUAL_CHECKING_PROMPT_BOUNDARY_MINUS.accuracy,0.4541666666666667,0.4541666666666667,0.0
condition.MEAN_COUNTERFACTUAL_CHECKING_PROMPT_BOUNDARY_MINUS.commitment_validity,0.9916666666666667,0.9916666666666667,0.0
condition.MEAN_COUNTERFACTUAL_CHECKING_PROMPT_BOUNDARY_MINUS.max_tokens,4096.0,4096.0,0.0
condition.MEAN_COUNTERFACTUAL_CHECKING_PROMPT_BOUNDARY_MINUS.mean_tokens,44.3625,44.3625,0.0
condition.MEAN_COUNTERFACTUAL_CHECKING_PROMPT_BOUNDARY_MINUS.median_tokens,7.0,7.0,0.0
condition.MEAN_COUNTERFACTUAL_CHECKING_PROMPT_BOUNDARY_MINUS.n_items,120.0,120.0,0.0
condition.MEAN_COUNTERFACTUAL_CHECKING_PROMPT_BOUNDARY_MINUS.rollouts,2.0,2.0,0.0
condition.MEAN_COUNTERFACTUAL_CHECKING_PROMPT_BOUNDARY_MINUS.semantic_evaluability,0.9916666666666667,0.9916666666666667,0.0
condition.MEAN_COUNTERFACTUAL_CHECKING_PROMPT_BOUNDARY_PLUS.accuracy,0.44166666666666665,0.44166666666666665,0.0
condition.MEAN_COUNTERFACTUAL_CHECKING_PROMPT_BOUNDARY_PLUS.commitment_validity,1.0,1.0,0.0
condition.MEAN_COUNTERFACTUAL_CHECKING_PROMPT_BOUNDARY_PLUS.max_tokens,57.0,57.0,0.0
condition.MEAN_COUNTERFACTUAL_CHECKING_PROMPT_BOUNDARY_PLUS.mean_tokens,10.841666666666667,10.841666666666667,0.0
condition.MEAN_COUNTERFACTUAL_CHECKING_PROMPT_BOUNDARY_PLUS.median_tokens,7.0,7.0,0.0
condition.MEAN_COUNTERFACTUAL_CHECKING_PROMPT_BOUNDARY_PLUS.n_items,120.0,120.0,0.0
condition.MEAN_COUNTERFACTUAL_CHECKING_PROMPT_BOUNDARY_PLUS.rollouts,2.0,2.0,0.0
condition.MEAN_COUNTERFACTUAL_CHECKING_PROMPT_BOUNDARY_PLUS.semantic_evaluability,1.0,1.0,0.0
condition.MEAN_DECOMPOSE_THEN_SOLVE_EXECUTION_BOUNDARY_MINUS.accuracy,0.4666666666666667,0.4666666666666667,0.0
condition.MEAN_DECOMPOSE_THEN_SOLVE_EXECUTION_BOUNDARY_MINUS.commitment_validity,0.9958333333333333,0.9958333333333333,0.0
condition.MEAN_DECOMPOSE_THEN_SOLVE_EXECUTION_BOUNDARY_MINUS.max_tokens,4096.0,4096.0,0.0
condition.MEAN_DECOMPOSE_THEN_SOLVE_EXECUTION_BOUNDARY_MINUS.mean_tokens,27.720833333333335,27.720833333333335,0.0
condition.MEAN_DECOMPOSE_THEN_SOLVE_EXECUTION_BOUNDARY_MINUS.median_tokens,7.0,7.0,0.0
condition.MEAN_DECOMPOSE_THEN_SOLVE_EXECUTION_BOUNDARY_MINUS.n_items,120.0,120.0,0.0
condition.MEAN_DECOMPOSE_THEN_SOLVE_EXECUTION_BOUNDARY_MINUS.rollouts,2.0,2.0,0.0
condition.MEAN_DECOMPOSE_THEN_SOLVE_EXECUTION_BOUNDARY_MINUS.semantic_evaluability,0.9958333333333333,0.9958333333333333,0.0
condition.MEAN_DECOMPOSE_THEN_SOLVE_EXECUTION_BOUNDARY_PLUS.accuracy,0.4625,0.4625,0.0
condition.MEAN_DECOMPOSE_THEN_SOLVE_EXECUTION_BOUNDARY_PLUS.commitment_validity,0.9916666666666667,0.9916666666666667,0.0
condition.MEAN_DECOMPOSE_THEN_SOLVE_EXECUTION_BOUNDARY_PLUS.max_tokens,4096.0,4096.0,0.0
condition.MEAN_DECOMPOSE_THEN_SOLVE_EXECUTION_BOUNDARY_PLUS.mean_tokens,28.495833333333334,28.495833333333334,0.0
condition.MEAN_DECOMPOSE_THEN_SOLVE_EXECUTION_BOUNDARY_PLUS.median_tokens,7.0,7.0,0.0
condition.MEAN_DECOMPOSE_THEN_SOLVE_EXECUTION_BOUNDARY_PLUS.n_items,120.0,120.0,0.0
condition.MEAN_DECOMPOSE_THEN_SOLVE_EXECUTION_BOUNDARY_PLUS.rollouts,2.0,2.0,0.0
condition.MEAN_DECOMPOSE_THEN_SOLVE_EXECUTION_BOUNDARY_PLUS.semantic_evaluability,0.9916666666666667,0.9916666666666667,0.0
condition.MEAN_DECOMPOSE_THEN_SOLVE_PROMPT_BOUNDARY_MINUS.accuracy,0.45833333333333337,0.45833333333333337,0.0
condition.MEAN_DECOMPOSE_THEN_SOLVE_PROMPT_BOUNDARY_MINUS.commitment_validity,0.9916666666666667,0.9916666666666667,0.0
condition.MEAN_DECOMPOSE_THEN_SOLVE_PROMPT_BOUNDARY_MINUS.max_tokens,4096.0,4096.0,0.0
condition.MEAN_DECOMPOSE_THEN_SOLVE_PROMPT_BOUNDARY_MINUS.mean_tokens,44.5375,44.5375,0.0
condition.MEAN_DECOMPOSE_THEN_SOLVE_PROMPT_BOUNDARY_MINUS.median_tokens,7.0,7.0,0.0
condition.MEAN_DECOMPOSE_THEN_SOLVE_PROMPT_BOUNDARY_MINUS.n_items,120.0,120.0,0.0
condition.MEAN_DECOMPOSE_THEN_SOLVE_PROMPT_BOUNDARY_MINUS.rollouts,2.0,2.0,0.0
condition.MEAN_DECOMPOSE_THEN_SOLVE_PROMPT_BOUNDARY_MINUS.semantic_evaluability,0.9916666666666667,0.9916666666666667,0.0
condition.MEAN_DECOMPOSE_THEN_SOLVE_PROMPT_BOUNDARY_PLUS.accuracy,0.44166666666666665,0.44166666666666665,0.0
condition.MEAN_DECOMPOSE_THEN_SOLVE_PROMPT_BOUNDARY_PLUS.commitment_validity,0.9958333333333333,0.9958333333333333,0.0
condition.MEAN_DECOMPOSE_THEN_SOLVE_PROMPT_BOUNDARY_PLUS.max_tokens,4096.0,4096.0,0.0
condition.MEAN_DECOMPOSE_THEN_SOLVE_PROMPT_BOUNDARY_PLUS.mean_tokens,27.658333333333335,27.658333333333335,0.0
condition.MEAN_DECOMPOSE_THEN_SOLVE_PROMPT_BOUNDARY_PLUS.median_tokens,7.0,7.0,0.0
condition.MEAN_DECOMPOSE_THEN_SOLVE_PROMPT_BOUNDARY_PLUS.n_items,120.0,120.0,0.0
condition.MEAN_DECOMPOSE_THEN_SOLVE_PROMPT_BOUNDARY_PLUS.rollouts,2.0,2.0,0.0
condition.MEAN_DECOMPOSE_THEN_SOLVE_PROMPT_BOUNDARY_PLUS.semantic_evaluability,0.9958333333333333,0.9958333333333333,0.0
condition.MEAN_EXPLICIT_STATE_TRACKING_EXECUTION_BOUNDARY_MINUS.accuracy,0.44999999999999996,0.44999999999999996,0.0
condition.MEAN_EXPLICIT_STATE_TRACKING_EXECUTION_BOUNDARY_MINUS.commitment_validity,0.9875,0.9875,0.0
condition.MEAN_EXPLICIT_STATE_TRACKING_EXECUTION_BOUNDARY_MINUS.max_tokens,4096.0,4096.0,0.0
condition.MEAN_EXPLICIT_STATE_TRACKING_EXECUTION_BOUNDARY_MINUS.mean_tokens,45.75416666666667,45.75416666666667,0.0
condition.MEAN_EXPLICIT_STATE_TRACKING_EXECUTION_BOUNDARY_MINUS.median_tokens,7.0,7.0,0.0
condition.MEAN_EXPLICIT_STATE_TRACKING_EXECUTION_BOUNDARY_MINUS.n_items,120.0,120.0,0.0
condition.MEAN_EXPLICIT_STATE_TRACKING_EXECUTION_BOUNDARY_MINUS.rollouts,2.0,2.0,0.0
condition.MEAN_EXPLICIT_STATE_TRACKING_EXECUTION_BOUNDARY_MINUS.semantic_evaluability,0.9875,0.9875,0.0
condition.MEAN_EXPLICIT_STATE_TRACKING_EXECUTION_BOUNDARY_PLUS.accuracy,0.4625,0.4625,0.0
condition.MEAN_EXPLICIT_STATE_TRACKING_EXECUTION_BOUNDARY_PLUS.commitment_validity,0.9916666666666667,0.9916666666666667,0.0
condition.MEAN_EXPLICIT_STATE_TRACKING_EXECUTION_BOUNDARY_PLUS.max_tokens,4096.0,4096.0,0.0
condition.MEAN_EXPLICIT_STATE_TRACKING_EXECUTION_BOUNDARY_PLUS.mean_tokens,44.333333333333336,44.333333333333336,0.0
condition.MEAN_EXPLICIT_STATE_TRACKING_EXECUTION_BOUNDARY_PLUS.median_tokens,7.0,7.0,0.0
condition.MEAN_EXPLICIT_STATE_TRACKING_EXECUTION_BOUNDARY_PLUS.n_items,120.0,120.0,0.0
condition.MEAN_EXPLICIT_STATE_TRACKING_EXECUTION_BOUNDARY_PLUS.rollouts,2.0,2.0,0.0
condition.MEAN_EXPLICIT_STATE_TRACKING_EXECUTION_BOUNDARY_PLUS.semantic_evaluability,0.9916666666666667,0.9916666666666667,0.0
condition.MEAN_EXPLICIT_STATE_TRACKING_PROMPT_BOUNDARY_MINUS.accuracy,0.45833333333333337,0.45833333333333337,0.0
condition.MEAN_EXPLICIT_STATE_TRACKING_PROMPT_BOUNDARY_MINUS.commitment_validity,0.9833333333333333,0.9833333333333333,0.0
condition.MEAN_EXPLICIT_STATE_TRACKING_PROMPT_BOUNDARY_MINUS.max_tokens,4096.0,4096.0,0.0
condition.MEAN_EXPLICIT_STATE_TRACKING_PROMPT_BOUNDARY_MINUS.mean_tokens,62.34583333333333,62.34583333333333,0.0
condition.MEAN_EXPLICIT_STATE_TRACKING_PROMPT_BOUNDARY_MINUS.median_tokens,7.0,7.0,0.0
condition.MEAN_EXPLICIT_STATE_TRACKING_PROMPT_BOUNDARY_MINUS.n_items,120.0,120.0,0.0
condition.MEAN_EXPLICIT_STATE_TRACKING_PROMPT_BOUNDARY_MINUS.rollouts,2.0,2.0,0.0
condition.MEAN_EXPLICIT_STATE_TRACKING_PROMPT_BOUNDARY_MINUS.semantic_evaluability,0.9833333333333333,0.9833333333333333,0.0
condition.MEAN_EXPLICIT_STATE_TRACKING_PROMPT_BOUNDARY_PLUS.accuracy,0.43333333333333335,0.43333333333333335,0.0
condition.MEAN_EXPLICIT_STATE_TRACKING_PROMPT_BOUNDARY_PLUS.commitment_validity,1.0,1.0,0.0
condition.MEAN_EXPLICIT_STATE_TRACKING_PROMPT_BOUNDARY_PLUS.max_tokens,68.0,68.0,0.0
condition.MEAN_EXPLICIT_STATE_TRACKING_PROMPT_BOUNDARY_PLUS.mean_tokens,11.033333333333333,11.033333333333333,0.0
condition.MEAN_EXPLICIT_STATE_TRACKING_PROMPT_BOUNDARY_PLUS.median_tokens,7.0,7.0,0.0
condition.MEAN_EXPLICIT_STATE_TRACKING_PROMPT_BOUNDARY_PLUS.n_items,120.0,120.0,0.0
condition.MEAN_EXPLICIT_STATE_TRACKING_PROMPT_BOUNDARY_PLUS.rollouts,2.0,2.0,0.0
condition.MEAN_EXPLICIT_STATE_TRACKING_PROMPT_BOUNDARY_PLUS.semantic_evaluability,1.0,1.0,0.0
condition.MEAN_INDEPENDENT_VERIFICATION_EXECUTION_BOUNDARY_MINUS.accuracy,0.44166666666666665,0.44166666666666665,0.0
condition.MEAN_INDEPENDENT_VERIFICATION_EXECUTION_BOUNDARY_MINUS.commitment_validity,0.9916666666666667,0.9916666666666667,0.0
condition.MEAN_INDEPENDENT_VERIFICATION_EXECUTION_BOUNDARY_MINUS.max_tokens,4096.0,4096.0,0.0
condition.MEAN_INDEPENDENT_VERIFICATION_EXECUTION_BOUNDARY_MINUS.mean_tokens,44.93333333333333,44.93333333333333,0.0
condition.MEAN_INDEPENDENT_VERIFICATION_EXECUTION_BOUNDARY_MINUS.median_tokens,7.0,7.0,0.0
condition.MEAN_INDEPENDENT_VERIFICATION_EXECUTION_BOUNDARY_MINUS.n_items,120.0,120.0,0.0
condition.MEAN_INDEPENDENT_VERIFICATION_EXECUTION_BOUNDARY_MINUS.rollouts,2.0,2.0,0.0
condition.MEAN_INDEPENDENT_VERIFICATION_EXECUTION_BOUNDARY_MINUS.semantic_evaluability,0.9916666666666667,0.9916666666666667,0.0
condition.MEAN_INDEPENDENT_VERIFICATION_EXECUTION_BOUNDARY_PLUS.accuracy,0.45833333333333337,0.45833333333333337,0.0
condition.MEAN_INDEPENDENT_VERIFICATION_EXECUTION_BOUNDARY_PLUS.commitment_validity,0.9916666666666667,0.9916666666666667,0.0
condition.MEAN_INDEPENDENT_VERIFICATION_EXECUTION_BOUNDARY_PLUS.max_tokens,4096.0,4096.0,0.0
condition.MEAN_INDEPENDENT_VERIFICATION_EXECUTION_BOUNDARY_PLUS.mean_tokens,27.5375,27.5375,0.0
condition.MEAN_INDEPENDENT_VERIFICATION_EXECUTION_BOUNDARY_PLUS.median_tokens,7.0,7.0,0.0
condition.MEAN_INDEPENDENT_VERIFICATION_EXECUTION_BOUNDARY_PLUS.n_items,120.0,120.0,0.0
condition.MEAN_INDEPENDENT_VERIFICATION_EXECUTION_BOUNDARY_PLUS.rollouts,2.0,2.0,0.0
condition.MEAN_INDEPENDENT_VERIFICATION_EXECUTION_BOUNDARY_PLUS.semantic_evaluability,0.9916666666666667,0.9916666666666667,0.0
condition.MEAN_INDEPENDENT_VERIFICATION_PROMPT_BOUNDARY_MINUS.accuracy,0.4666666666666667,0.4666666666666667,0.0
condition.MEAN_INDEPENDENT_VERIFICATION_PROMPT_BOUNDARY_MINUS.commitment_validity,0.9916666666666667,0.9916666666666667,0.0
condition.MEAN_INDEPENDENT_VERIFICATION_PROMPT_BOUNDARY_MINUS.max_tokens,4096.0,4096.0,0.0
condition.MEAN_INDEPENDENT_VERIFICATION_PROMPT_BOUNDARY_MINUS.mean_tokens,44.275,44.275,0.0
condition.MEAN_INDEPENDENT_VERIFICATION_PROMPT_BOUNDARY_MINUS.median_tokens,7.0,7.0,0.0
condition.MEAN_INDEPENDENT_VERIFICATION_PROMPT_BOUNDARY_MINUS.n_items,120.0,120.0,0.0
condition.MEAN_INDEPENDENT_VERIFICATION_PROMPT_BOUNDARY_MINUS.rollouts,2.0,2.0,0.0
condition.MEAN_INDEPENDENT_VERIFICATION_PROMPT_BOUNDARY_MINUS.semantic_evaluability,0.9916666666666667,0.9916666666666667,0.0
condition.MEAN_INDEPENDENT_VERIFICATION_PROMPT_BOUNDARY_PLUS.accuracy,0.47916666666666663,0.47916666666666663,0.0
condition.MEAN_INDEPENDENT_VERIFICATION_PROMPT_BOUNDARY_PLUS.commitment_validity,0.9958333333333333,0.9958333333333333,0.0
condition.MEAN_INDEPENDENT_VERIFICATION_PROMPT_BOUNDARY_PLUS.max_tokens,4096.0,4096.0,0.0
condition.MEAN_INDEPENDENT_VERIFICATION_PROMPT_BOUNDARY_PLUS.mean_tokens,27.545833333333334,27.545833333333334,0.0
condition.MEAN_INDEPENDENT_VERIFICATION_PROMPT_BOUNDARY_PLUS.median_tokens,7.0,7.0,0.0
condition.MEAN_INDEPENDENT_VERIFICATION_PROMPT_BOUNDARY_PLUS.n_items,120.0,120.0,0.0
condition.MEAN_INDEPENDENT_VERIFICATION_PROMPT_BOUNDARY_PLUS.rollouts,2.0,2.0,0.0
condition.MEAN_INDEPENDENT_VERIFICATION_PROMPT_BOUNDARY_PLUS.semantic_evaluability,0.9958333333333333,0.9958333333333333,0.0
condition.MEAN_INVARIANT_CHECKING_EXECUTION_BOUNDARY_MINUS.accuracy,0.43333333333333335,0.43333333333333335,0.0
condition.MEAN_INVARIANT_CHECKING_EXECUTION_BOUNDARY_MINUS.commitment_validity,0.9916666666666667,0.9916666666666667,0.0
condition.MEAN_INVARIANT_CHECKING_EXECUTION_BOUNDARY_MINUS.max_tokens,4096.0,4096.0,0.0
condition.MEAN_INVARIANT_CHECKING_EXECUTION_BOUNDARY_MINUS.mean_tokens,44.40833333333333,44.40833333333333,0.0
condition.MEAN_INVARIANT_CHECKING_EXECUTION_BOUNDARY_MINUS.median_tokens,7.0,7.0,0.0
condition.MEAN_INVARIANT_CHECKING_EXECUTION_BOUNDARY_MINUS.n_items,120.0,120.0,0.0
condition.MEAN_INVARIANT_CHECKING_EXECUTION_BOUNDARY_MINUS.rollouts,2.0,2.0,0.0
condition.MEAN_INVARIANT_CHECKING_EXECUTION_BOUNDARY_MINUS.semantic_evaluability,0.9916666666666667,0.9916666666666667,0.0
condition.MEAN_INVARIANT_CHECKING_EXECUTION_BOUNDARY_PLUS.accuracy,0.4625,0.4625,0.0
condition.MEAN_INVARIANT_CHECKING_EXECUTION_BOUNDARY_PLUS.commitment_validity,0.9958333333333333,0.9958333333333333,0.0
condition.MEAN_INVARIANT_CHECKING_EXECUTION_BOUNDARY_PLUS.max_tokens,4096.0,4096.0,0.0
condition.MEAN_INVARIANT_CHECKING_EXECUTION_BOUNDARY_PLUS.mean_tokens,27.395833333333332,27.395833333333332,0.0
condition.MEAN_INVARIANT_CHECKING_EXECUTION_BOUNDARY_PLUS.median_tokens,7.0,7.0,0.0
condition.MEAN_INVARIANT_CHECKING_EXECUTION_BOUNDARY_PLUS.n_items,120.0,120.0,0.0
condition.MEAN_INVARIANT_CHECKING_EXECUTION_BOUNDARY_PLUS.rollouts,2.0,2.0,0.0
condition.MEAN_INVARIANT_CHECKING_EXECUTION_BOUNDARY_PLUS.semantic_evaluability,0.9958333333333333,0.9958333333333333,0.0
condition.MEAN_INVARIANT_CHECKING_PROMPT_BOUNDARY_MINUS.accuracy,0.47916666666666663,0.47916666666666663,0.0
condition.MEAN_INVARIANT_CHECKING_PROMPT_BOUNDARY_MINUS.commitment_validity,0.9916666666666667,0.9916666666666667,0.0
condition.MEAN_INVARIANT_CHECKING_PROMPT_BOUNDARY_MINUS.max_tokens,4096.0,4096.0,0.0
condition.MEAN_INVARIANT_CHECKING_PROMPT_BOUNDARY_MINUS.mean_tokens,29.204166666666666,29.204166666666666,0.0
condition.MEAN_INVARIANT_CHECKING_PROMPT_BOUNDARY_MINUS.median_tokens,7.0,7.0,0.0
condition.MEAN_INVARIANT_CHECKING_PROMPT_BOUNDARY_MINUS.n_items,120.0,120.0,0.0
condition.MEAN_INVARIANT_CHECKING_PROMPT_BOUNDARY_MINUS.rollouts,2.0,2.0,0.0
condition.MEAN_INVARIANT_CHECKING_PROMPT_BOUNDARY_MINUS.semantic_evaluability,0.9916666666666667,0.9916666666666667,0.0
condition.MEAN_INVARIANT_CHECKING_PROMPT_BOUNDARY_PLUS.accuracy,0.4458333333333333,0.4458333333333333,0.0
condition.MEAN_INVARIANT_CHECKING_PROMPT_BOUNDARY_PLUS.commitment_validity,0.9916666666666667,0.9916666666666667,0.0
condition.MEAN_INVARIANT_CHECKING_PROMPT_BOUNDARY_PLUS.max_tokens,4096.0,4096.0,0.0
condition.MEAN_INVARIANT_CHECKING_PROMPT_BOUNDARY_PLUS.mean_tokens,44.420833333333334,44.420833333333334,0.0
condition.MEAN_INVARIANT_CHECKING_PROMPT_BOUNDARY_PLUS.median_tokens,7.0,7.0,0.0
condition.MEAN_INVARIANT_CHECKING_PROMPT_BOUNDARY_PLUS.n_items,120.0,120.0,0.0
condition.MEAN_INVARIANT_CHECKING_PROMPT_BOUNDARY_PLUS.rollouts,2.0,2.0,0.0
condition.MEAN_INVARIANT_CHECKING_PROMPT_BOUNDARY_PLUS.semantic_evaluability,0.9916666666666667,0.9916666666666667,0.0
condition.MEAN_TYPE_REPRESENTATION_DISCIPLINE_EXECUTION_BOUNDARY_MINUS.accuracy,0.4541666666666667,0.4541666666666667,0.0
condition.MEAN_TYPE_REPRESENTATION_DISCIPLINE_EXECUTION_BOUNDARY_MINUS.commitment_validity,0.9958333333333333,0.9958333333333333,0.0
condition.MEAN_TYPE_REPRESENTATION_DISCIPLINE_EXECUTION_BOUNDARY_MINUS.max_tokens,4096.0,4096.0,0.0
condition.MEAN_TYPE_REPRESENTATION_DISCIPLINE_EXECUTION_BOUNDARY_MINUS.mean_tokens,27.4375,27.4375,0.0
condition.MEAN_TYPE_REPRESENTATION_DISCIPLINE_EXECUTION_BOUNDARY_MINUS.median_tokens,7.0,7.0,0.0
condition.MEAN_TYPE_REPRESENTATION_DISCIPLINE_EXECUTION_BOUNDARY_MINUS.n_items,120.0,120.0,0.0
condition.MEAN_TYPE_REPRESENTATION_DISCIPLINE_EXECUTION_BOUNDARY_MINUS.rollouts,2.0,2.0,0.0
condition.MEAN_TYPE_REPRESENTATION_DISCIPLINE_EXECUTION_BOUNDARY_MINUS.semantic_evaluability,0.9958333333333333,0.9958333333333333,0.0
condition.MEAN_TYPE_REPRESENTATION_DISCIPLINE_EXECUTION_BOUNDARY_PLUS.accuracy,0.4458333333333333,0.4458333333333333,0.0
condition.MEAN_TYPE_REPRESENTATION_DISCIPLINE_EXECUTION_BOUNDARY_PLUS.commitment_validity,0.9958333333333333,0.9958333333333333,0.0
condition.MEAN_TYPE_REPRESENTATION_DISCIPLINE_EXECUTION_BOUNDARY_PLUS.max_tokens,4096.0,4096.0,0.0
condition.MEAN_TYPE_REPRESENTATION_DISCIPLINE_EXECUTION_BOUNDARY_PLUS.mean_tokens,27.483333333333334,27.483333333333334,0.0
condition.MEAN_TYPE_REPRESENTATION_DISCIPLINE_EXECUTION_BOUNDARY_PLUS.median_tokens,7.0,7.0,0.0
condition.MEAN_TYPE_REPRESENTATION_DISCIPLINE_EXECUTION_BOUNDARY_PLUS.n_items,120.0,120.0,0.0
condition.MEAN_TYPE_REPRESENTATION_DISCIPLINE_EXECUTION_BOUNDARY_PLUS.rollouts,2.0,2.0,0.0
condition.MEAN_TYPE_REPRESENTATION_DISCIPLINE_EXECUTION_BOUNDARY_PLUS.semantic_evaluability,0.9958333333333333,0.9958333333333333,0.0
condition.MEAN_TYPE_REPRESENTATION_DISCIPLINE_PROMPT_BOUNDARY_MINUS.accuracy,0.47916666666666663,0.47916666666666663,0.0
condition.MEAN_TYPE_REPRESENTATION_DISCIPLINE_PROMPT_BOUNDARY_MINUS.commitment_validity,0.9958333333333333,0.9958333333333333,0.0
condition.MEAN_TYPE_REPRESENTATION_DISCIPLINE_PROMPT_BOUNDARY_MINUS.max_tokens,4096.0,4096.0,0.0
condition.MEAN_TYPE_REPRESENTATION_DISCIPLINE_PROMPT_BOUNDARY_MINUS.mean_tokens,27.433333333333334,27.433333333333334,0.0
condition.MEAN_TYPE_REPRESENTATION_DISCIPLINE_PROMPT_BOUNDARY_MINUS.median_tokens,7.0,7.0,0.0
condition.MEAN_TYPE_REPRESENTATION_DISCIPLINE_PROMPT_BOUNDARY_MINUS.n_items,120.0,120.0,0.0
condition.MEAN_TYPE_REPRESENTATION_DISCIPLINE_PROMPT_BOUNDARY_MINUS.rollouts,2.0,2.0,0.0
condition.MEAN_TYPE_REPRESENTATION_DISCIPLINE_PROMPT_BOUNDARY_MINUS.semantic_evaluability,0.9958333333333333,0.9958333333333333,0.0
condition.MEAN_TYPE_REPRESENTATION_DISCIPLINE_PROMPT_BOUNDARY_PLUS.accuracy,0.4708333333333333,0.4708333333333333,0.0
condition.MEAN_TYPE_REPRESENTATION_DISCIPLINE_PROMPT_BOUNDARY_PLUS.commitment_validity,0.9916666666666667,0.9916666666666667,0.0
condition.MEAN_TYPE_REPRESENTATION_DISCIPLINE_PROMPT_BOUNDARY_PLUS.max_tokens,4096.0,4096.0,0.0
condition.MEAN_TYPE_REPRESENTATION_DISCIPLINE_PROMPT_BOUNDARY_PLUS.mean_tokens,44.541666666666664,44.541666666666664,0.0
condition.MEAN_TYPE_REPRESENTATION_DISCIPLINE_PROMPT_BOUNDARY_PLUS.median_tokens,7.0,7.0,0.0
condition.MEAN_TYPE_REPRESENTATION_DISCIPLINE_PROMPT_BOUNDARY_PLUS.n_items,120.0,120.0,0.0
condition.MEAN_TYPE_REPRESENTATION_DISCIPLINE_PROMPT_BOUNDARY_PLUS.rollouts,2.0,2.0,0.0
condition.MEAN_TYPE_REPRESENTATION_DISCIPLINE_PROMPT_BOUNDARY_PLUS.semantic_evaluability,0.9916666666666667,0.9916666666666667,0.0
condition.NULL_V2_R0.accuracy,0.44999999999999996,0.44999999999999996,0.0
condition.NULL_V2_R0.commitment_validity,0.9875,0.9875,0.0
condition.NULL_V2_R0.max_tokens,4096.0,4096.0,0.0
condition.NULL_V2_R0.mean_tokens,45.825,45.825,0.0
condition.NULL_V2_R0.median_tokens,7.0,7.0,0.0
condition.NULL_V2_R0.n_items,120.0,120.0,0.0
condition.NULL_V2_R0.rollouts,2.0,2.0,0.0
condition.NULL_V2_R0.semantic_evaluability,0.9875,0.9875,0.0
condition.NULL_V2_R1.accuracy,0.45833333333333337,0.45833333333333337,0.0
condition.NULL_V2_R1.commitment_validity,1.0,1.0,0.0
condition.NULL_V2_R1.max_tokens,42.0,42.0,0.0
condition.NULL_V2_R1.mean_tokens,10.558333333333334,10.558333333333334,0.0
condition.NULL_V2_R1.median_tokens,7.0,7.0,0.0
condition.NULL_V2_R1.n_items,120.0,120.0,0.0
condition.NULL_V2_R1.rollouts,2.0,2.0,0.0
condition.NULL_V2_R1.semantic_evaluability,1.0,1.0,0.0
condition.NULL_V2_R2.accuracy,0.44999999999999996,0.44999999999999996,0.0
condition.NULL_V2_R2.commitment_validity,0.9916666666666667,0.9916666666666667,0.0
condition.NULL_V2_R2.max_tokens,4096.0,4096.0,0.0
condition.NULL_V2_R2.mean_tokens,44.37083333333333,44.37083333333333,0.0
condition.NULL_V2_R2.median_tokens,7.0,7.0,0.0
condition.NULL_V2_R2.n_items,120.0,120.0,0.0
condition.NULL_V2_R2.rollouts,2.0,2.0,0.0
condition.NULL_V2_R2.semantic_evaluability,0.9916666666666667,0.9916666666666667,0.0
condition.NULL_V2_R3.accuracy,0.4625,0.4625,0.0
condition.NULL_V2_R3.commitment_validity,0.9916666666666667,0.9916666666666667,0.0
condition.NULL_V2_R3.max_tokens,4096.0,4096.0,0.0
condition.NULL_V2_R3.mean_tokens,44.4125,44.4125,0.0
condition.NULL_V2_R3.median_tokens,7.0,7.0,0.0
condition.NULL_V2_R3.n_items,120.0,120.0,0.0
condition.NULL_V2_R3.rollouts,2.0,2.0,0.0
condition.NULL_V2_R3.semantic_evaluability,0.9916666666666667,0.9916666666666667,0.0
geometry.M0_FLAT.0.0,0.0,0.0,0.0
geometry.M0_FLAT.0.1,1.9999999999999998,1.9999999999999998,0.0
geometry.M0_FLAT.0.10,1.399248712951107,1.399248712951107,0.0
geometry.M0_FLAT.0.11,1.4290217070795916,1.4290217070795916,0.0
geometry.M0_FLAT.0.12,1.0819517853616256,1.081951785361626,4.440892098500626e-16
geometry.M0_FLAT.0.13,1.6820761974871385,1.682076197487138,4.440892098500626e-16
geometry.M0_FLAT.0.14,1.3592999709308196,1.3592999709308196,0.0
geometry.M0_FLAT.0.15,1.467073136904726,1.467073136904726,0.0
geometry.M0_FLAT.0.16,1.0107344016697803,1.0107344016697797,6.661338147750939e-16
geometry.M0_FLAT.0.17,1.7258087869984993,1.7258087869984997,4.440892098500626e-16
geometry.M0_FLAT.0.18,1.4216972273252817,1.4216972273252817,0.0
geometry.M0_FLAT.0.19,1.4066900844946646,1.4066900844946646,0.0
geometry.M0_FLAT.0.2,1.3408511801477774,1.3408511801477772,2.220446049250313e-16
geometry.M0_FLAT.0.20,1.111867725126869,1.1118677251268683,6.661338147750939e-16
geometry.M0_FLAT.0.21,1.6624530555240353,1.6624530555240358,4.440892098500626e-16
geometry.M0_FLAT.0.22,1.3649443389488762,1.3649443389488765,2.220446049250313e-16
geometry.M0_FLAT.0.23,1.461823160157006,1.4618231601570058,2.220446049250313e-16
geometry.M0_FLAT.0.3,1.4839535412863547,1.483953541286355,2.220446049250313e-16
geometry.M0_FLAT.0.4,1.2058563381271783,1.2058563381271783,0.0
geometry.M0_FLAT.0.5,1.5955909537843689,1.5955909537843689,0.0
geometry.M0_FLAT.0.6,1.4059506951287015,1.4059506951287015,0.0
geometry.M0_FLAT.0.7,1.4224284315448428,1.4224284315448428,0.0
geometry.M0_FLAT.0.8,1.326998969996017,1.326998969996017,0.0
geometry.M0_FLAT.0.9,1.4963534788376407,1.496353478837641,2.220446049250313e-16
geometry.M0_FLAT.1.0,1.9999999999999998,1.9999999999999998,0.0
geometry.M0_FLAT.1.1,0.0,0.0,0.0
geometry.M0_FLAT.1.10,1.4290217070795916,1.4290217070795916,0.0
geometry.M0_FLAT.1.11,1.399248712951107,1.399248712951107,0.0
geometry.M0_FLAT.1.12,1.6820761974871385,1.682076197487138,4.440892098500626e-16
geometry.M0_FLAT.1.13,1.0819517853616256,1.081951785361626,4.440892098500626e-16
geometry.M0_FLAT.1.14,1.467073136904726,1.467073136904726,0.0
geometry.M0_FLAT.1.15,1.3592999709308196,1.3592999709308196,0.0
geometry.M0_FLAT.1.16,1.7258087869984993,1.7258087869984997,4.440892098500626e-16
geometry.M0_FLAT.1.17,1.0107344016697803,1.0107344016697797,6.661338147750939e-16
geometry.M0_FLAT.1.18,1.4066900844946646,1.4066900844946646,0.0
geometry.M0_FLAT.1.19,1.4216972273252817,1.4216972273252817,0.0
geometry.M0_FLAT.1.2,1.4839535412863547,1.483953541286355,2.220446049250313e-16
geometry.M0_FLAT.1.20,1.6624530555240353,1.6624530555240358,4.440892098500626e-16
geometry.M0_FLAT.1.21,1.111867725126869,1.1118677251268683,6.661338147750939e-16
geometry.M0_FLAT.1.22,1.461823160157006,1.4618231601570058,2.220446049250313e-16
geometry.M0_FLAT.1.23,1.3649443389488762,1.3649443389488765,2.220446049250313e-16
geometry.M0_FLAT.1.3,1.3408511801477774,1.3408511801477772,2.220446049250313e-16
geometry.M0_FLAT.1.4,1.5955909537843689,1.5955909537843689,0.0
geometry.M0_FLAT.1.5,1.2058563381271783,1.2058563381271783,0.0
geometry.M0_FLAT.1.6,1.4224284315448428,1.4224284315448428,0.0
geometry.M0_FLAT.1.7,1.4059506951287015,1.4059506951287015,0.0
geometry.M0_FLAT.1.8,1.4963534788376407,1.496353478837641,2.220446049250313e-16
geometry.M0_FLAT.1.9,1.326998969996017,1.326998969996017,0.0
geometry.M0_FLAT.10.0,1.399248712951107,1.399248712951107,0.0
geometry.M0_FLAT.10.1,1.4290217070795916,1.4290217070795916,0.0
geometry.M0_FLAT.10.10,0.0,0.0,0.0
geometry.M0_FLAT.10.11,2.0,2.0,0.0
geometry.M0_FLAT.10.12,1.3700906938623978,1.3700906938623976,2.220446049250313e-16
geometry.M0_FLAT.10.13,1.4570008546983264,1.4570008546983264,0.0
geometry.M0_FLAT.10.14,1.0413882516557988,1.0413882516557986,2.220446049250313e-16
geometry.M0_FLAT.10.15,1.7074866058957179,1.7074866058957179,0.0
geometry.M0_FLAT.10.16,1.3864502485116814,1.3864502485116814,0.0
geometry.M0_FLAT.10.17,1.4414422320724118,1.4414422320724118,0.0
geometry.M0_FLAT.10.18,0.9941853427028867,0.9941853427028862,5.551115123125783e-16
geometry.M0_FLAT.10.19,1.7353949130831126,1.7353949130831128,2.220446049250313e-16
geometry.M0_FLAT.10.2,1.1097351839711769,1.1097351839711755,1.3322676295501878e-15
geometry.M0_FLAT.10.20,1.3232554265253438,1.3232554265253438,0.0
geometry.M0_FLAT.10.21,1.4996649879793922,1.4996649879793922,0.0
geometry.M0_FLAT.10.22,1.0221161265915868,1.0221161265915855,1.3322676295501878e-15
geometry.M0_FLAT.10.23,1.7190923837192145,1.7190923837192154,8.881784197001252e-16
geometry.M0_FLAT.10.3,1.6638773456767955,1.6638773456767963,8.881784197001252e-16
geometry.M0_FLAT.10.4,1.4329326043180624,1.4329326043180624,0.0
geometry.M0_FLAT.10.5,1.3952434022357014,1.3952434022357014,0.0
geometry.M0_FLAT.10.6,0.9736928793466798,0.9736928793466811,1.3322676295501878e-15
geometry.M0_FLAT.10.7,1.7469751505701425,1.7469751505701419,6.661338147750939e-16
geometry.M0_FLAT.10.8,1.2504318399627405,1.2504318399627405,0.0
geometry.M0_FLAT.10.9,1.5609036528906564,1.5609036528906566,2.220446049250313e-16
geometry.M0_FLAT.11.0,1.4290217070795916,1.4290217070795916,0.0
geometry.M0_FLAT.11.1,1.399248712951107,1.399248712951107,0.0
geometry.M0_FLAT.11.10,2.0,2.0,0.0
geometry.M0_FLAT.11.11,0.0,0.0,0.0
geometry.M0_FLAT.11.12,1.4570008546983264,1.4570008546983264,0.0
geometry.M0_FLAT.11.13,1.3700906938623978,1.3700906938623976,2.220446049250313e-16
geometry.M0_FLAT.11.14,1.7074866058957179,1.7074866058957179,0.0
geometry.M0_FLAT.11.15,1.0413882516557988,1.0413882516557986,2.220446049250313e-16
geometry.M0_FLAT.11.16,1.4414422320724118,1.4414422320724118,0.0
geometry.M0_FLAT.11.17,1.3864502485116814,1.3864502485116814,0.0
geometry.M0_FLAT.11.18,1.7353949130831126,1.7353949130831128,2.220446049250313e-16
geometry.M0_FLAT.11.19,0.9941853427028867,0.9941853427028862,5.551115123125783e-16
geometry.M0_FLAT.11.2,1.6638773456767955,1.6638773456767963,8.881784197001252e-16
geometry.M0_FLAT.11.20,1.4996649879793922,1.4996649879793922,0.0
geometry.M0_FLAT.11.21,1.3232554265253438,1.3232554265253438,0.0
geometry.M0_FLAT.11.22,1.7190923837192145,1.7190923837192154,8.881784197001252e-16
geometry.M0_FLAT.11.23,1.0221161265915868,1.0221161265915855,1.3322676295501878e-15
geometry.M0_FLAT.11.3,1.1097351839711769,1.1097351839711755,1.3322676295501878e-15
geometry.M0_FLAT.11.4,1.3952434022357014,1.3952434022357014,0.0
geometry.M0_FLAT.11.5,1.4329326043180624,1.4329326043180624,0.0
geometry.M0_FLAT.11.6,1.7469751505701425,1.7469751505701419,6.661338147750939e-16
geometry.M0_FLAT.11.7,0.9736928793466798,0.9736928793466811,1.3322676295501878e-15
geometry.M0_FLAT.11.8,1.5609036528906564,1.5609036528906566,2.220446049250313e-16
geometry.M0_FLAT.11.9,1.2504318399627405,1.2504318399627405,0.0
geometry.M0_FLAT.12.0,1.0819517853616256,1.081951785361626,4.440892098500626e-16
geometry.M0_FLAT.12.1,1.6820761974871385,1.682076197487138,4.440892098500626e-16
geometry.M0_FLAT.12.10,1.3700906938623978,1.3700906938623976,2.220446049250313e-16
geometry.M0_FLAT.12.11,1.4570008546983264,1.4570008546983264,0.0
geometry.M0_FLAT.12.12,0.0,0.0,0.0
geometry.M0_FLAT.12.13,2.0,2.0,0.0
geometry.M0_FLAT.12.14,1.2890573903259823,1.2890573903259823,0.0
geometry.M0_FLAT.12.15,1.529160241585547,1.529160241585547,0.0
geometry.M0_FLAT.12.16,1.1517484915849576,1.1517484915849572,4.440892098500626e-16
geometry.M0_FLAT.12.17,1.6350765768402942,1.6350765768402946,4.440892098500626e-16
geometry.M0_FLAT.12.18,1.4296014501786711,1.4296014501786711,0.0
geometry.M0_FLAT.12.19,1.3986563886984682,1.3986563886984682,0.0
geometry.M0_FLAT.12.2,1.4222011128504577,1.4222011128504577,0.0
geometry.M0_FLAT.12.20,0.9704541436805713,0.9704541436805713,0.0
geometry.M0_FLAT.12.21,1.7487763593476466,1.7487763593476466,0.0
geometry.M0_FLAT.12.22,1.436522380936855,1.436522380936855,0.0
geometry.M0_FLAT.12.23,1.3915471422368375,1.3915471422368375,0.0
geometry.M0_FLAT.12.3,1.406180640816435,1.406180640816435,0.0
geometry.M0_FLAT.12.4,0.9217771120171212,0.9217771120171212,0.0
geometry.M0_FLAT.12.5,1.77491604189082,1.77491604189082,0.0
geometry.M0_FLAT.12.6,1.3814468305299505,1.3814468305299505,0.0
geometry.M0_FLAT.12.7,1.4462381043309411,1.446238104330941,2.220446049250313e-16
geometry.M0_FLAT.12.8,1.0855394520637331,1.085539452063733,2.220446049250313e-16
geometry.M0_FLAT.12.9,1.6797631077069082,1.6797631077069084,2.220446049250313e-16
geometry.M0_FLAT.13.0,1.6820761974871385,1.682076197487138,4.440892098500626e-16
geometry.M0_FLAT.13.1,1.0819517853616256,1.081951785361626,4.440892098500626e-16
geometry.M0_FLAT.13.10,1.4570008546983264,1.4570008546983264,0.0
geometry.M0_FLAT.13.11,1.3700906938623978,1.3700906938623976,2.220446049250313e-16
geometry.M0_FLAT.13.12,2.0,2.0,0.0
geometry.M0_FLAT.13.13,0.0,0.0,0.0
geometry.M0_FLAT.13.14,1.529160241585547,1.529160241585547,0.0
geometry.M0_FLAT.13.15,1.2890573903259823,1.2890573903259823,0.0
geometry.M0_FLAT.13.16,1.6350765768402942,1.6350765768402946,4.440892098500626e-16
geometry.M0_FLAT.13.17,1.1517484915849576,1.1517484915849572,4.440892098500626e-16
geometry.M0_FLAT.13.18,1.3986563886984682,1.3986563886984682,0.0
geometry.M0_FLAT.13.19,1.4296014501786711,1.4296014501786711,0.0
geometry.M0_FLAT.13.2,1.406180640816435,1.406180640816435,0.0
geometry.M0_FLAT.13.20,1.7487763593476466,1.7487763593476466,0.0
geometry.M0_FLAT.13.21,0.9704541436805713,0.9704541436805713,0.0
geometry.M0_FLAT.13.22,1.3915471422368375,1.3915471422368375,0.0
geometry.M0_FLAT.13.23,1.436522380936855,1.436522380936855,0.0
geometry.M0_FLAT.13.3,1.4222011128504577,1.4222011128504577,0.0
geometry.M0_FLAT.13.4,1.77491604189082,1.77491604189082,0.0
geometry.M0_FLAT.13.5,0.9217771120171212,0.9217771120171212,0.0
geometry.M0_FLAT.13.6,1.4462381043309411,1.446238104330941,2.220446049250313e-16
geometry.M0_FLAT.13.7,1.3814468305299505,1.3814468305299505,0.0
geometry.M0_FLAT.13.8,1.6797631077069082,1.6797631077069084,2.220446049250313e-16
geometry.M0_FLAT.13.9,1.0855394520637331,1.085539452063733,2.220446049250313e-16
geometry.M0_FLAT.14.0,1.3592999709308196,1.3592999709308196,0.0
geometry.M0_FLAT.14.1,1.467073136904726,1.467073136904726,0.0
geometry.M0_FLAT.14.10,1.0413882516557988,1.0413882516557986,2.220446049250313e-16
geometry.M0_FLAT.14.11,1.7074866058957179,1.7074866058957179,0.0
geometry.M0_FLAT.14.12,1.2890573903259823,1.2890573903259823,0.0
geometry.M0_FLAT.14.13,1.529160241585547,1.529160241585547,0.0
geometry.M0_FLAT.14.14,0.0,0.0,0.0
geometry.M0_FLAT.14.15,2.0,2.0,0.0
geometry.M0_FLAT.14.16,1.4149211224537472,1.4149211224537472,0.0
geometry.M0_FLAT.14.17,1.4135056481083577,1.4135056481083577,0.0
geometry.M0_FLAT.14.18,1.0196060527634572,1.0196060527634574,2.220446049250313e-16
geometry.M0_FLAT.14.19,1.7205823133951257,1.7205823133951255,2.220446049250313e-16
geometry.M0_FLAT.14.2,1.0410706263874903,1.04107062638749,2.220446049250313e-16
geometry.M0_FLAT.14.20,1.376332046674273,1.376332046674273,0.0
geometry.M0_FLAT.14.21,1.4511065079095355,1.4511065079095355,0.0
geometry.M0_FLAT.14.22,1.1905127170654473,1.1905127170654477,4.440892098500626e-16
geometry.M0_FLAT.14.23,1.60707170670927,1.60707170670927,0.0
geometry.M0_FLAT.14.3,1.707680283563981,1.7076802835639813,2.220446049250313e-16
geometry.M0_FLAT.14.4,1.456293829165635,1.456293829165635,0.0
geometry.M0_FLAT.14.5,1.3708421802432589,1.3708421802432589,0.0
geometry.M0_FLAT.14.6,0.8904457761065478,0.8904457761065472,6.661338147750939e-16
geometry.M0_FLAT.14.7,1.7908395572507347,1.790839557250735,2.220446049250313e-16
geometry.M0_FLAT.14.8,1.4119785483282072,1.4119785483282072,0.0
geometry.M0_FLAT.14.9,1.4164450497851897,1.4164450497851897,0.0
geometry.M0_FLAT.15.0,1.467073136904726,1.467073136904726,0.0
geometry.M0_FLAT.15.1,1.3592999709308196,1.3592999709308196,0.0
geometry.M0_FLAT.15.10,1.7074866058957179,1.7074866058957179,0.0
geometry.M0_FLAT.15.11,1.0413882516557988,1.0413882516557986,2.220446049250313e-16
geometry.M0_FLAT.15.12,1.529160241585547,1.529160241585547,0.0
geometry.M0_FLAT.15.13,1.2890573903259823,1.2890573903259823,0.0
geometry.M0_FLAT.15.14,2.0,2.0,0.0
geometry.M0_FLAT.15.15,0.0,0.0,0.0
geometry.M0_FLAT.15.16,1.4135056481083577,1.4135056481083577,0.0
geometry.M0_FLAT.15.17,1.4149211224537472,1.4149211224537472,0.0
geometry.M0_FLAT.15.18,1.7205823133951257,1.7205823133951255,2.220446049250313e-16
geometry.M0_FLAT.15.19,1.0196060527634572,1.0196060527634574,2.220446049250313e-16
geometry.M0_FLAT.15.2,1.707680283563981,1.7076802835639813,2.220446049250313e-16
geometry.M0_FLAT.15.20,1.4511065079095355,1.4511065079095355,0.0
geometry.M0_FLAT.15.21,1.376332046674273,1.376332046674273,0.0
geometry.M0_FLAT.15.22,1.60707170670927,1.60707170670927,0.0
geometry.M0_FLAT.15.23,1.1905127170654473,1.1905127170654477,4.440892098500626e-16
geometry.M0_FLAT.15.3,1.0410706263874903,1.04107062638749,2.220446049250313e-16
geometry.M0_FLAT.15.4,1.3708421802432589,1.3708421802432589,0.0
geometry.M0_FLAT.15.5,1.456293829165635,1.456293829165635,0.0
geometry.M0_FLAT.15.6,1.7908395572507347,1.790839557250735,2.220446049250313e-16
geometry.M0_FLAT.15.7,0.8904457761065478,0.8904457761065472,6.661338147750939e-16
geometry.M0_FLAT.15.8,1.4164450497851897,1.4164450497851897,0.0
geometry.M0_FLAT.15.9,1.4119785483282072,1.4119785483282072,0.0
geometry.M0_FLAT.16.0,1.0107344016697803,1.0107344016697797,6.661338147750939e-16
geometry.M0_FLAT.16.1,1.7258087869984993,1.7258087869984997,4.440892098500626e-16
geometry.M0_FLAT.16.10,1.3864502485116814,1.3864502485116814,0.0
geometry.M0_FLAT.16.11,1.4414422320724118,1.4414422320724118,0.0
geometry.M0_FLAT.16.12,1.1517484915849576,1.1517484915849572,4.440892098500626e-16
geometry.M0_FLAT.16.13,1.6350765768402942,1.6350765768402946,4.440892098500626e-16
geometry.M0_FLAT.16.14,1.4149211224537472,1.4149211224537472,0.0
geometry.M0_FLAT.16.15,1.4135056481083577,1.4135056481083577,0.0
geometry.M0_FLAT.16.16,0.0,0.0,0.0
geometry.M0_FLAT.16.17,1.9999999999999996,1.9999999999999998,2.220446049250313e-16
geometry.M0_FLAT.16.18,1.335258926001971,1.335258926001971,0.0
geometry.M0_FLAT.16.19,1.4889874413614317,1.4889874413614317,0.0
geometry.M0_FLAT.16.2,1.428895823026782,1.428895823026782,0.0
geometry.M0_FLAT.16.20,1.019637464902497,1.0196374649024966,4.440892098500626e-16
geometry.M0_FLAT.16.21,1.7205636983753927,1.7205636983753927,0.0
geometry.M0_FLAT.16.22,1.4098926988311173,1.4098926988311173,0.0
geometry.M0_FLAT.16.23,1.4185212644802714,1.4185212644802714,0.0
geometry.M0_FLAT.16.3,1.3993772639773077,1.3993772639773077,0.0
geometry.M0_FLAT.16.4,1.0504463481349378,1.050446348134937,6.661338147750939e-16
geometry.M0_FLAT.16.5,1.7019290436707324,1.7019290436707326,2.220446049250313e-16
geometry.M0_FLAT.16.6,1.3839675509333111,1.3839675509333111,0.0
geometry.M0_FLAT.16.7,1.443826103782465,1.443826103782465,0.0
geometry.M0_FLAT.16.8,1.321036183623496,1.3210361836234956,4.440892098500626e-16
geometry.M0_FLAT.16.9,1.5016202587729925,1.501620258772993,4.440892098500626e-16
geometry.M0_FLAT.17.0,1.7258087869984993,1.7258087869984997,4.440892098500626e-16
geometry.M0_FLAT.17.1,1.0107344016697803,1.0107344016697797,6.661338147750939e-16
geometry.M0_FLAT.17.10,1.4414422320724118,1.4414422320724118,0.0
geometry.M0_FLAT.17.11,1.3864502485116814,1.3864502485116814,0.0
geometry.M0_FLAT.17.12,1.6350765768402942,1.6350765768402946,4.440892098500626e-16
geometry.M0_FLAT.17.13,1.1517484915849576,1.1517484915849572,4.440892098500626e-16
geometry.M0_FLAT.17.14,1.4135056481083577,1.4135056481083577,0.0
geometry.M0_FLAT.17.15,1.4149211224537472,1.4149211224537472,0.0
geometry.M0_FLAT.17.16,1.9999999999999996,1.9999999999999998,2.220446049250313e-16
geometry.M0_FLAT.17.17,0.0,0.0,0.0
geometry.M0_FLAT.17.18,1.4889874413614317,1.4889874413614317,0.0
geometry.M0_FLAT.17.19,1.335258926001971,1.335258926001971,0.0
geometry.M0_FLAT.17.2,1.3993772639773077,1.3993772639773077,0.0
geometry.M0_FLAT.17.20,1.7205636983753927,1.7205636983753927,0.0
geometry.M0_FLAT.17.21,1.019637464902497,1.0196374649024966,4.440892098500626e-16
geometry.M0_FLAT.17.22,1.4185212644802714,1.4185212644802714,0.0
geometry.M0_FLAT.17.23,1.4098926988311173,1.4098926988311173,0.0
geometry.M0_FLAT.17.3,1.428895823026782,1.428895823026782,0.0
geometry.M0_FLAT.17.4,1.7019290436707324,1.7019290436707326,2.220446049250313e-16
geometry.M0_FLAT.17.5,1.0504463481349378,1.050446348134937,6.661338147750939e-16
geometry.M0_FLAT.17.6,1.443826103782465,1.443826103782465,0.0
geometry.M0_FLAT.17.7,1.3839675509333111,1.3839675509333111,0.0
geometry.M0_FLAT.17.8,1.5016202587729925,1.501620258772993,4.440892098500626e-16
geometry.M0_FLAT.17.9,1.321036183623496,1.3210361836234956,4.440892098500626e-16
geometry.M0_FLAT.18.0,1.4216972273252817,1.4216972273252817,0.0
geometry.M0_FLAT.18.1,1.4066900844946646,1.4066900844946646,0.0
geometry.M0_FLAT.18.10,0.9941853427028867,0.9941853427028862,5.551115123125783e-16
geometry.M0_FLAT.18.11,1.7353949130831126,1.7353949130831128,2.220446049250313e-16
geometry.M0_FLAT.18.12,1.4296014501786711,1.4296014501786711,0.0
geometry.M0_FLAT.18.13,1.3986563886984682,1.3986563886984682,0.0
geometry.M0_FLAT.18.14,1.0196060527634572,1.0196060527634574,2.220446049250313e-16
geometry.M0_FLAT.18.15,1.7205823133951257,1.7205823133951255,2.220446049250313e-16
geometry.M0_FLAT.18.16,1.335258926001971,1.335258926001971,0.0
geometry.M0_FLAT.18.17,1.4889874413614317,1.4889874413614317,0.0
geometry.M0_FLAT.18.18,0.0,0.0,0.0
geometry.M0_FLAT.18.19,1.9999999999999998,2.0,2.220446049250313e-16
geometry.M0_FLAT.18.2,1.0610441716526302,1.0610441716526302,0.0
geometry.M0_FLAT.18.20,1.3751160721668758,1.3751160721668758,0.0
geometry.M0_FLAT.18.21,1.4522588571147856,1.4522588571147856,0.0
geometry.M0_FLAT.18.22,1.034759418472256,1.034759418472256,0.0
geometry.M0_FLAT.18.23,1.7115118889107837,1.7115118889107837,0.0
geometry.M0_FLAT.18.3,1.6953422267500988,1.6953422267500988,0.0
geometry.M0_FLAT.18.4,1.4473507638837302,1.4473507638837302,0.0
geometry.M0_FLAT.18.5,1.3802810461225579,1.3802810461225579,0.0
geometry.M0_FLAT.18.6,0.8379910071013789,0.8379910071013792,3.3306690738754696e-16
geometry.M0_FLAT.18.7,1.8159766165942823,1.8159766165942821,2.220446049250313e-16
geometry.M0_FLAT.18.8,1.4155821338088888,1.4155821338088888,0.0
geometry.M0_FLAT.18.9,1.4128436652514225,1.4128436652514225,0.0
geometry.M0_FLAT.19.0,1.4066900844946646,1.4066900844946646,0.0
geometry.M0_FLAT.19.1,1.4216972273252817,1.4216972273252817,0.0
geometry.M0_FLAT.19.10,1.7353949130831126,1.7353949130831128,2.220446049250313e-16
geometry.M0_FLAT.19.11,0.9941853427028867,0.9941853427028862,5.551115123125783e-16
geometry.M0_FLAT.19.12,1.3986563886984682,1.3986563886984682,0.0
geometry.M0_FLAT.19.13,1.4296014501786711,1.4296014501786711,0.0
geometry.M0_FLAT.19.14,1.7205823133951257,1.7205823133951255,2.220446049250313e-16
geometry.M0_FLAT.19.15,1.0196060527634572,1.0196060527634574,2.220446049250313e-16
geometry.M0_FLAT.19.16,1.4889874413614317,1.4889874413614317,0.0
geometry.M0_FLAT.19.17,1.335258926001971,1.335258926001971,0.0
geometry.M0_FLAT.19.18,1.9999999999999998,2.0,2.220446049250313e-16
geometry.M0_FLAT.19.19,0.0,0.0,0.0
geometry.M0_FLAT.19.2,1.6953422267500988,1.6953422267500988,0.0
geometry.M0_FLAT.19.20,1.4522588571147856,1.4522588571147856,0.0
geometry.M0_FLAT.19.21,1.3751160721668758,1.3751160721668758,0.0
geometry.M0_FLAT.19.22,1.7115118889107837,1.7115118889107837,0.0
geometry.M0_FLAT.19.23,1.034759418472256,1.034759418472256,0.0
geometry.M0_FLAT.19.3,1.0610441716526302,1.0610441716526302,0.0
geometry.M0_FLAT.19.4,1.3802810461225579,1.3802810461225579,0.0
geometry.M0_FLAT.19.5,1.4473507638837302,1.4473507638837302,0.0
geometry.M0_FLAT.19.6,1.8159766165942823,1.8159766165942821,2.220446049250313e-16
geometry.M0_FLAT.19.7,0.8379910071013789,0.8379910071013792,3.3306690738754696e-16
geometry.M0_FLAT.19.8,1.4128436652514225,1.4128436652514225,0.0
geometry.M0_FLAT.19.9,1.4155821338088888,1.4155821338088888,0.0
geometry.M0_FLAT.2.0,1.3408511801477774,1.3408511801477772,2.220446049250313e-16
geometry.M0_FLAT.2.1,1.4839535412863547,1.483953541286355,2.220446049250313e-16
geometry.M0_FLAT.2.10,1.1097351839711769,1.1097351839711755,1.3322676295501878e-15
geometry.M0_FLAT.2.11,1.6638773456767955,1.6638773456767963,8.881784197001252e-16
geometry.M0_FLAT.2.12,1.4222011128504577,1.4222011128504577,0.0
geometry.M0_FLAT.2.13,1.406180640816435,1.406180640816435,0.0
geometry.M0_FLAT.2.14,1.0410706263874903,1.04107062638749,2.220446049250313e-16
geometry.M0_FLAT.2.15,1.707680283563981,1.7076802835639813,2.220446049250313e-16
geometry.M0_FLAT.2.16,1.428895823026782,1.428895823026782,0.0
geometry.M0_FLAT.2.17,1.3993772639773077,1.3993772639773077,0.0
geometry.M0_FLAT.2.18,1.0610441716526302,1.0610441716526302,0.0
geometry.M0_FLAT.2.19,1.6953422267500988,1.6953422267500988,0.0
geometry.M0_FLAT.2.2,0.0,0.0,0.0
geometry.M0_FLAT.2.20,1.430668314312259,1.4306683143122587,2.220446049250313e-16
geometry.M0_FLAT.2.21,1.3975650877232586,1.3975650877232586,0.0
geometry.M0_FLAT.2.22,1.0306143760835262,1.0306143760835278,1.5543122344752192e-15
geometry.M0_FLAT.2.23,1.7140110874232886,1.7140110874232877,8.881784197001252e-16
geometry.M0_FLAT.2.3,2.0,2.0,0.0
geometry.M0_FLAT.2.4,1.4895614570060505,1.4895614570060505,0.0
geometry.M0_FLAT.2.5,1.3346185469271779,1.3346185469271779,0.0
geometry.M0_FLAT.2.6,1.1087446026444223,1.1087446026444225,2.220446049250313e-16
geometry.M0_FLAT.2.7,1.6645375952819035,1.6645375952819035,0.0
geometry.M0_FLAT.2.8,1.4420901962433064,1.4420901962433064,0.0
geometry.M0_FLAT.2.9,1.385776268341662,1.3857762683416621,2.220446049250313e-16
geometry.M0_FLAT.20.0,1.111867725126869,1.1118677251268683,6.661338147750939e-16
geometry.M0_FLAT.20.1,1.6624530555240353,1.6624530555240358,4.440892098500626e-16
geometry.M0_FLAT.20.10,1.3232554265253438,1.3232554265253438,0.0
geometry.M0_FLAT.20.11,1.4996649879793922,1.4996649879793922,0.0
geometry.M0_FLAT.20.12,0.9704541436805713,0.9704541436805713,0.0
geometry.M0_FLAT.20.13,1.7487763593476466,1.7487763593476466,0.0
geometry.M0_FLAT.20.14,1.376332046674273,1.376332046674273,0.0
geometry.M0_FLAT.20.15,1.4511065079095355,1.4511065079095355,0.0
geometry.M0_FLAT.20.16,1.019637464902497,1.0196374649024966,4.440892098500626e-16
geometry.M0_FLAT.20.17,1.7205636983753927,1.7205636983753927,0.0
geometry.M0_FLAT.20.18,1.3751160721668758,1.3751160721668758,0.0
geometry.M0_FLAT.20.19,1.4522588571147856,1.4522588571147856,0.0
geometry.M0_FLAT.20.2,1.430668314312259,1.4306683143122587,2.220446049250313e-16
geometry.M0_FLAT.20.20,0.0,0.0,0.0
geometry.M0_FLAT.20.21,1.9999999999999998,1.9999999999999998,0.0
geometry.M0_FLAT.20.22,1.3160018216873435,1.3160018216873435,0.0
geometry.M0_FLAT.20.23,1.5060342643232236,1.5060342643232236,0.0
geometry.M0_FLAT.20.3,1.3975650877232586,1.3975650877232586,0.0
geometry.M0_FLAT.20.4,1.0576437445058202,1.05764374450582,2.220446049250313e-16
geometry.M0_FLAT.20.5,1.6974656726154163,1.6974656726154163,0.0
geometry.M0_FLAT.20.6,1.38643019720646,1.38643019720646,0.0
geometry.M0_FLAT.20.7,1.4414615181384678,1.4414615181384678,0.0
geometry.M0_FLAT.20.8,1.0275981825433784,1.0275981825433786,2.220446049250313e-16
geometry.M0_FLAT.20.9,1.7158210790270485,1.7158210790270485,0.0
geometry.M0_FLAT.21.0,1.6624530555240353,1.6624530555240358,4.440892098500626e-16
geometry.M0_FLAT.21.1,1.111867725126869,1.1118677251268683,6.661338147750939e-16
geometry.M0_FLAT.21.10,1.4996649879793922,1.4996649879793922,0.0
geometry.M0_FLAT.21.11,1.3232554265253438,1.3232554265253438,0.0
geometry.M0_FLAT.21.12,1.7487763593476466,1.7487763593476466,0.0
geometry.M0_FLAT.21.13,0.9704541436805713,0.9704541436805713,0.0
geometry.M0_FLAT.21.14,1.4511065079095355,1.4511065079095355,0.0
geometry.M0_FLAT.21.15,1.376332046674273,1.376332046674273,0.0
geometry.M0_FLAT.21.16,1.7205636983753927,1.7205636983753927,0.0
geometry.M0_FLAT.21.17,1.019637464902497,1.0196374649024966,4.440892098500626e-16
geometry.M0_FLAT.21.18,1.4522588571147856,1.4522588571147856,0.0
geometry.M0_FLAT.21.19,1.3751160721668758,1.3751160721668758,0.0
geometry.M0_FLAT.21.2,1.3975650877232586,1.3975650877232586,0.0
geometry.M0_FLAT.21.20,1.9999999999999998,1.9999999999999998,0.0
geometry.M0_FLAT.21.21,0.0,0.0,0.0
geometry.M0_FLAT.21.22,1.5060342643232236,1.5060342643232236,0.0
geometry.M0_FLAT.21.23,1.3160018216873435,1.3160018216873435,0.0
geometry.M0_FLAT.21.3,1.430668314312259,1.4306683143122587,2.220446049250313e-16
geometry.M0_FLAT.21.4,1.6974656726154163,1.6974656726154163,0.0
geometry.M0_FLAT.21.5,1.0576437445058202,1.05764374450582,2.220446049250313e-16
geometry.M0_FLAT.21.6,1.4414615181384678,1.4414615181384678,0.0
geometry.M0_FLAT.21.7,1.38643019720646,1.38643019720646,0.0
geometry.M0_FLAT.21.8,1.7158210790270485,1.7158210790270485,0.0
geometry.M0_FLAT.21.9,1.0275981825433784,1.0275981825433786,2.220446049250313e-16
geometry.M0_FLAT.22.0,1.3649443389488762,1.3649443389488765,2.220446049250313e-16
geometry.M0_FLAT.22.1,1.461823160157006,1.4618231601570058,2.220446049250313e-16
geometry.M0_FLAT.22.10,1.0221161265915868,1.0221161265915855,1.3322676295501878e-15
geometry.M0_FLAT.22.11,1.7190923837192145,1.7190923837192154,8.881784197001252e-16
geometry.M0_FLAT.22.12,1.436522380936855,1.436522380936855,0.0
geometry.M0_FLAT.22.13,1.3915471422368375,1.3915471422368375,0.0
geometry.M0_FLAT.22.14,1.1905127170654473,1.1905127170654477,4.440892098500626e-16
geometry.M0_FLAT.22.15,1.60707170670927,1.60707170670927,0.0
geometry.M0_FLAT.22.16,1.4098926988311173,1.4098926988311173,0.0
geometry.M0_FLAT.22.17,1.4185212644802714,1.4185212644802714,0.0
geometry.M0_FLAT.22.18,1.034759418472256,1.034759418472256,0.0
geometry.M0_FLAT.22.19,1.7115118889107837,1.7115118889107837,0.0
geometry.M0_FLAT.22.2,1.0306143760835262,1.0306143760835278,1.5543122344752192e-15
geometry.M0_FLAT.22.20,1.3160018216873435,1.3160018216873435,0.0
geometry.M0_FLAT.22.21,1.5060342643232236,1.5060342643232236,0.0
geometry.M0_FLAT.22.22,0.0,0.0,0.0
geometry.M0_FLAT.22.23,2.0,2.0,0.0
geometry.M0_FLAT.22.3,1.7140110874232886,1.7140110874232877,8.881784197001252e-16
geometry.M0_FLAT.22.4,1.5014152030028436,1.5014152030028436,0.0
geometry.M0_FLAT.22.5,1.321269233802078,1.321269233802078,0.0
geometry.M0_FLAT.22.6,1.177329670463769,1.1773296704637688,2.220446049250313e-16
geometry.M0_FLAT.22.7,1.616754417666973,1.616754417666973,0.0
geometry.M0_FLAT.22.8,1.4008521136235044,1.4008521136235044,0.0
geometry.M0_FLAT.22.9,1.4274499485994459,1.4274499485994456,2.220446049250313e-16
geometry.M0_FLAT.23.0,1.461823160157006,1.4618231601570058,2.220446049250313e-16
geometry.M0_FLAT.23.1,1.3649443389488762,1.3649443389488765,2.220446049250313e-16
geometry.M0_FLAT.23.10,1.7190923837192145,1.7190923837192154,8.881784197001252e-16
geometry.M0_FLAT.23.11,1.0221161265915868,1.0221161265915855,1.3322676295501878e-15
geometry.M0_FLAT.23.12,1.3915471422368375,1.3915471422368375,0.0
geometry.M0_FLAT.23.13,1.436522380936855,1.436522380936855,0.0
geometry.M0_FLAT.23.14,1.60707170670927,1.60707170670927,0.0
geometry.M0_FLAT.23.15,1.1905127170654473,1.1905127170654477,4.440892098500626e-16
geometry.M0_FLAT.23.16,1.4185212644802714,1.4185212644802714,0.0
geometry.M0_FLAT.23.17,1.4098926988311173,1.4098926988311173,0.0
geometry.M0_FLAT.23.18,1.7115118889107837,1.7115118889107837,0.0
geometry.M0_FLAT.23.19,1.034759418472256,1.034759418472256,0.0
geometry.M0_FLAT.23.2,1.7140110874232886,1.7140110874232877,8.881784197001252e-16
geometry.M0_FLAT.23.20,1.5060342643232236,1.5060342643232236,0.0
geometry.M0_FLAT.23.21,1.3160018216873435,1.3160018216873435,0.0
geometry.M0_FLAT.23.22,2.0,2.0,0.0
geometry.M0_FLAT.23.23,0.0,0.0,0.0
geometry.M0_FLAT.23.3,1.0306143760835262,1.0306143760835278,1.5543122344752192e-15
geometry.M0_FLAT.23.4,1.321269233802078,1.321269233802078,0.0
geometry.M0_FLAT.23.5,1.5014152030028436,1.5014152030028436,0.0
geometry.M0_FLAT.23.6,1.616754417666973,1.616754417666973,0.0
geometry.M0_FLAT.23.7,1.177329670463769,1.1773296704637688,2.220446049250313e-16
geometry.M0_FLAT.23.8,1.4274499485994459,1.4274499485994456,2.220446049250313e-16
geometry.M0_FLAT.23.9,1.4008521136235044,1.4008521136235044,0.0
geometry.M0_FLAT.3.0,1.4839535412863547,1.483953541286355,2.220446049250313e-16
geometry.M0_FLAT.3.1,1.3408511801477774,1.3408511801477772,2.220446049250313e-16
geometry.M0_FLAT.3.10,1.6638773456767955,1.6638773456767963,8.881784197001252e-16
geometry.M0_FLAT.3.11,1.1097351839711769,1.1097351839711755,1.3322676295501878e-15
geometry.M0_FLAT.3.12,1.406180640816435,1.406180640816435,0.0
geometry.M0_FLAT.3.13,1.4222011128504577,1.4222011128504577,0.0
geometry.M0_FLAT.3.14,1.707680283563981,1.7076802835639813,2.220446049250313e-16
geometry.M0_FLAT.3.15,1.0410706263874903,1.04107062638749,2.220446049250313e-16
geometry.M0_FLAT.3.16,1.3993772639773077,1.3993772639773077,0.0
geometry.M0_FLAT.3.17,1.428895823026782,1.428895823026782,0.0
geometry.M0_FLAT.3.18,1.6953422267500988,1.6953422267500988,0.0
geometry.M0_FLAT.3.19,1.0610441716526302,1.0610441716526302,0.0
geometry.M0_FLAT.3.2,2.0,2.0,0.0
geometry.M0_FLAT.3.20,1.3975650877232586,1.3975650877232586,0.0
geometry.M0_FLAT.3.21,1.430668314312259,1.4306683143122587,2.220446049250313e-16
geometry.M0_FLAT.3.22,1.7140110874232886,1.7140110874232877,8.881784197001252e-16
geometry.M0_FLAT.3.23,1.0306143760835262,1.0306143760835278,1.5543122344752192e-15
geometry.M0_FLAT.3.3,0.0,0.0,0.0
geometry.M0_FLAT.3.4,1.3346185469271779,1.3346185469271779,0.0
geometry.M0_FLAT.3.5,1.4895614570060505,1.4895614570060505,0.0
geometry.M0_FLAT.3.6,1.6645375952819035,1.6645375952819035,0.0
geometry.M0_FLAT.3.7,1.1087446026444223,1.1087446026444225,2.220446049250313e-16
geometry.M0_FLAT.3.8,1.385776268341662,1.3857762683416621,2.220446049250313e-16
geometry.M0_FLAT.3.9,1.4420901962433064,1.4420901962433064,0.0
geometry.M0_FLAT.4.0,1.2058563381271783,1.2058563381271783,0.0
geometry.M0_FLAT.4.1,1.5955909537843689,1.5955909537843689,0.0
geometry.M0_FLAT.4.10,1.4329326043180624,1.4329326043180624,0.0
geometry.M0_FLAT.4.11,1.3952434022357014,1.3952434022357014,0.0
geometry.M0_FLAT.4.12,0.9217771120171212,0.9217771120171212,0.0
geometry.M0_FLAT.4.13,1.77491604189082,1.77491604189082,0.0
geometry.M0_FLAT.4.14,1.456293829165635,1.456293829165635,0.0
geometry.M0_FLAT.4.15,1.3708421802432589,1.3708421802432589,0.0
geometry.M0_FLAT.4.16,1.0504463481349378,1.050446348134937,6.661338147750939e-16
geometry.M0_FLAT.4.17,1.7019290436707324,1.7019290436707326,2.220446049250313e-16
geometry.M0_FLAT.4.18,1.4473507638837302,1.4473507638837302,0.0
geometry.M0_FLAT.4.19,1.3802810461225579,1.3802810461225579,0.0
geometry.M0_FLAT.4.2,1.4895614570060505,1.4895614570060505,0.0
geometry.M0_FLAT.4.20,1.0576437445058202,1.05764374450582,2.220446049250313e-16
geometry.M0_FLAT.4.21,1.6974656726154163,1.6974656726154163,0.0
geometry.M0_FLAT.4.22,1.5014152030028436,1.5014152030028436,0.0
geometry.M0_FLAT.4.23,1.321269233802078,1.321269233802078,0.0
geometry.M0_FLAT.4.3,1.3346185469271779,1.3346185469271779,0.0
geometry.M0_FLAT.4.4,0.0,0.0,0.0
geometry.M0_FLAT.4.5,2.0,1.9999999999999998,2.220446049250313e-16
geometry.M0_FLAT.4.6,1.3461389178433125,1.3461389178433125,0.0
geometry.M0_FLAT.4.7,1.479158549266317,1.479158549266317,0.0
geometry.M0_FLAT.4.8,0.9578694137766359,0.9578694137766355,4.440892098500626e-16
geometry.M0_FLAT.4.9,1.7557010526143693,1.7557010526143695,2.220446049250313e-16
geometry.M0_FLAT.5.0,1.5955909537843689,1.5955909537843689,0.0
geometry.M0_FLAT.5.1,1.2058563381271783,1.2058563381271783,0.0
geometry.M0_FLAT.5.10,1.3952434022357014,1.3952434022357014,0.0
geometry.M0_FLAT.5.11,1.4329326043180624,1.4329326043180624,0.0
geometry.M0_FLAT.5.12,1.77491604189082,1.77491604189082,0.0
geometry.M0_FLAT.5.13,0.9217771120171212,0.9217771120171212,0.0
geometry.M0_FLAT.5.14,1.3708421802432589,1.3708421802432589,0.0
geometry.M0_FLAT.5.15,1.456293829165635,1.456293829165635,0.0
geometry.M0_FLAT.5.16,1.7019290436707324,1.7019290436707326,2.220446049250313e-16
geometry.M0_FLAT.5.17,1.0504463481349378,1.050446348134937,6.661338147750939e-16
geometry.M0_FLAT.5.18,1.3802810461225579,1.3802810461225579,0.0
geometry.M0_FLAT.5.19,1.4473507638837302,1.4473507638837302,0.0
geometry.M0_FLAT.5.2,1.3346185469271779,1.3346185469271779,0.0
geometry.M0_FLAT.5.20,1.6974656726154163,1.6974656726154163,0.0
geometry.M0_FLAT.5.21,1.0576437445058202,1.05764374450582,2.220446049250313e-16
geometry.M0_FLAT.5.22,1.321269233802078,1.321269233802078,0.0
geometry.M0_FLAT.5.23,1.5014152030028436,1.5014152030028436,0.0
geometry.M0_FLAT.5.3,1.4895614570060505,1.4895614570060505,0.0
geometry.M0_FLAT.5.4,2.0,1.9999999999999998,2.220446049250313e-16
geometry.M0_FLAT.5.5,0.0,0.0,0.0
geometry.M0_FLAT.5.6,1.479158549266317,1.479158549266317,0.0
geometry.M0_FLAT.5.7,1.3461389178433125,1.3461389178433125,0.0
geometry.M0_FLAT.5.8,1.7557010526143693,1.7557010526143695,2.220446049250313e-16
geometry.M0_FLAT.5.9,0.9578694137766359,0.9578694137766355,4.440892098500626e-16
geometry.M0_FLAT.6.0,1.4059506951287015,1.4059506951287015,0.0
geometry.M0_FLAT.6.1,1.4224284315448428,1.4224284315448428,0.0
geometry.M0_FLAT.6.10,0.9736928793466798,0.9736928793466811,1.3322676295501878e-15
geometry.M0_FLAT.6.11,1.7469751505701425,1.7469751505701419,6.661338147750939e-16
geometry.M0_FLAT.6.12,1.3814468305299505,1.3814468305299505,0.0
geometry.M0_FLAT.6.13,1.4462381043309411,1.446238104330941,2.220446049250313e-16
geometry.M0_FLAT.6.14,0.8904457761065478,0.8904457761065472,6.661338147750939e-16
geometry.M0_FLAT.6.15,1.7908395572507347,1.790839557250735,2.220446049250313e-16
geometry.M0_FLAT.6.16,1.3839675509333111,1.3839675509333111,0.0
geometry.M0_FLAT.6.17,1.443826103782465,1.443826103782465,0.0
geometry.M0_FLAT.6.18,0.8379910071013789,0.8379910071013792,3.3306690738754696e-16
geometry.M0_FLAT.6.19,1.8159766165942823,1.8159766165942821,2.220446049250313e-16
geometry.M0_FLAT.6.2,1.1087446026444223,1.1087446026444225,2.220446049250313e-16
geometry.M0_FLAT.6.20,1.38643019720646,1.38643019720646,0.0
geometry.M0_FLAT.6.21,1.4414615181384678,1.4414615181384678,0.0
geometry.M0_FLAT.6.22,1.177329670463769,1.1773296704637688,2.220446049250313e-16
geometry.M0_FLAT.6.23,1.616754417666973,1.616754417666973,0.0
geometry.M0_FLAT.6.3,1.6645375952819035,1.6645375952819035,0.0
geometry.M0_FLAT.6.4,1.3461389178433125,1.3461389178433125,0.0
geometry.M0_FLAT.6.5,1.479158549266317,1.479158549266317,0.0
geometry.M0_FLAT.6.6,0.0,0.0,0.0
geometry.M0_FLAT.6.7,2.0,2.0,0.0
geometry.M0_FLAT.6.8,1.3830745280806234,1.3830745280806234,0.0
geometry.M0_FLAT.6.9,1.444681573833681,1.444681573833681,0.0
geometry.M0_FLAT.7.0,1.4224284315448428,1.4224284315448428,0.0
geometry.M0_FLAT.7.1,1.4059506951287015,1.4059506951287015,0.0
geometry.M0_FLAT.7.10,1.7469751505701425,1.7469751505701419,6.661338147750939e-16
geometry.M0_FLAT.7.11,0.9736928793466798,0.9736928793466811,1.3322676295501878e-15
geometry.M0_FLAT.7.12,1.4462381043309411,1.446238104330941,2.220446049250313e-16
geometry.M0_FLAT.7.13,1.3814468305299505,1.3814468305299505,0.0
geometry.M0_FLAT.7.14,1.7908395572507347,1.790839557250735,2.220446049250313e-16
geometry.M0_FLAT.7.15,0.8904457761065478,0.8904457761065472,6.661338147750939e-16
geometry.M0_FLAT.7.16,1.443826103782465,1.443826103782465,0.0
geometry.M0_FLAT.7.17,1.3839675509333111,1.3839675509333111,0.0
geometry.M0_FLAT.7.18,1.8159766165942823,1.8159766165942821,2.220446049250313e-16
geometry.M0_FLAT.7.19,0.8379910071013789,0.8379910071013792,3.3306690738754696e-16
geometry.M0_FLAT.7.2,1.6645375952819035,1.6645375952819035,0.0
geometry.M0_FLAT.7.20,1.4414615181384678,1.4414615181384678,0.0
geometry.M0_FLAT.7.21,1.38643019720646,1.38643019720646,0.0
geometry.M0_FLAT.7.22,1.616754417666973,1.616754417666973,0.0
geometry.M0_FLAT.7.23,1.177329670463769,1.1773296704637688,2.220446049250313e-16
geometry.M0_FLAT.7.3,1.1087446026444223,1.1087446026444225,2.220446049250313e-16
geometry.M0_FLAT.7.4,1.479158549266317,1.479158549266317,0.0
geometry.M0_FLAT.7.5,1.3461389178433125,1.3461389178433125,0.0
geometry.M0_FLAT.7.6,2.0,2.0,0.0
geometry.M0_FLAT.7.7,0.0,0.0,0.0
geometry.M0_FLAT.7.8,1.444681573833681,1.444681573833681,0.0
geometry.M0_FLAT.7.9,1.3830745280806234,1.3830745280806234,0.0
geometry.M0_FLAT.8.0,1.326998969996017,1.326998969996017,0.0
geometry.M0_FLAT.8.1,1.4963534788376407,1.496353478837641,2.220446049250313e-16
geometry.M0_FLAT.8.10,1.2504318399627405,1.2504318399627405,0.0
geometry.M0_FLAT.8.11,1.5609036528906564,1.5609036528906566,2.220446049250313e-16
geometry.M0_FLAT.8.12,1.0855394520637331,1.085539452063733,2.220446049250313e-16
geometry.M0_FLAT.8.13,1.6797631077069082,1.6797631077069084,2.220446049250313e-16
geometry.M0_FLAT.8.14,1.4119785483282072,1.4119785483282072,0.0
geometry.M0_FLAT.8.15,1.4164450497851897,1.4164450497851897,0.0
geometry.M0_FLAT.8.16,1.321036183623496,1.3210361836234956,4.440892098500626e-16
geometry.M0_FLAT.8.17,1.5016202587729925,1.501620258772993,4.440892098500626e-16
geometry.M0_FLAT.8.18,1.4155821338088888,1.4155821338088888,0.0
geometry.M0_FLAT.8.19,1.4128436652514225,1.4128436652514225,0.0
geometry.M0_FLAT.8.2,1.4420901962433064,1.4420901962433064,0.0
geometry.M0_FLAT.8.20,1.0275981825433784,1.0275981825433786,2.220446049250313e-16
geometry.M0_FLAT.8.21,1.7158210790270485,1.7158210790270485,0.0
geometry.M0_FLAT.8.22,1.4008521136235044,1.4008521136235044,0.0
geometry.M0_FLAT.8.23,1.4274499485994459,1.4274499485994456,2.220446049250313e-16
geometry.M0_FLAT.8.3,1.385776268341662,1.3857762683416621,2.220446049250313e-16
geometry.M0_FLAT.8.4,0.9578694137766359,0.9578694137766355,4.440892098500626e-16
geometry.M0_FLAT.8.5,1.7557010526143693,1.7557010526143695,2.220446049250313e-16
geometry.M0_FLAT.8.6,1.3830745280806234,1.3830745280806234,0.0
geometry.M0_FLAT.8.7,1.444681573833681,1.444681573833681,0.0
geometry.M0_FLAT.8.8,0.0,0.0,0.0
geometry.M0_FLAT.8.9,2.0,1.9999999999999998,2.220446049250313e-16
geometry.M0_FLAT.9.0,1.4963534788376407,1.496353478837641,2.220446049250313e-16
geometry.M0_FLAT.9.1,1.326998969996017,1.326998969996017,0.0
geometry.M0_FLAT.9.10,1.5609036528906564,1.5609036528906566,2.220446049250313e-16
geometry.M0_FLAT.9.11,1.2504318399627405,1.2504318399627405,0.0
geometry.M0_FLAT.9.12,1.6797631077069082,1.6797631077069084,2.220446049250313e-16
geometry.M0_FLAT.9.13,1.0855394520637331,1.085539452063733,2.220446049250313e-16
geometry.M0_FLAT.9.14,1.4164450497851897,1.4164450497851897,0.0
geometry.M0_FLAT.9.15,1.4119785483282072,1.4119785483282072,0.0
geometry.M0_FLAT.9.16,1.5016202587729925,1.501620258772993,4.440892098500626e-16
geometry.M0_FLAT.9.17,1.321036183623496,1.3210361836234956,4.440892098500626e-16
geometry.M0_FLAT.9.18,1.4128436652514225,1.4128436652514225,0.0
geometry.M0_FLAT.9.19,1.4155821338088888,1.4155821338088888,0.0
geometry.M0_FLAT.9.2,1.385776268341662,1.3857762683416621,2.220446049250313e-16
geometry.M0_FLAT.9.20,1.7158210790270485,1.7158210790270485,0.0
geometry.M0_FLAT.9.21,1.0275981825433784,1.0275981825433786,2.220446049250313e-16
geometry.M0_FLAT.9.22,1.4274499485994459,1.4274499485994456,2.220446049250313e-16
geometry.M0_FLAT.9.23,1.4008521136235044,1.4008521136235044,0.0
geometry.M0_FLAT.9.3,1.4420901962433064,1.4420901962433064,0.0
geometry.M0_FLAT.9.4,1.7557010526143693,1.7557010526143695,2.220446049250313e-16
geometry.M0_FLAT.9.5,0.9578694137766359,0.9578694137766355,4.440892098500626e-16
geometry.M0_FLAT.9.6,1.444681573833681,1.444681573833681,0.0
geometry.M0_FLAT.9.7,1.3830745280806234,1.3830745280806234,0.0
geometry.M0_FLAT.9.8,2.0,1.9999999999999998,2.220446049250313e-16
geometry.M0_FLAT.9.9,0.0,0.0,0.0
geometry.M1_WHITENED.0.0,0.0,0.0,0.0
geometry.M1_WHITENED.0.1,2.0,2.0,0.0
geometry.M1_WHITENED.0.10,1.4129948830867511,1.4129948830867511,0.0
geometry.M1_WHITENED.0.11,1.4154311923829639,1.4154311923829639,0.0
geometry.M1_WHITENED.0.12,1.0770489440667923,1.0770489440667923,0.0
geometry.M1_WHITENED.0.13,1.6852197399996856,1.6852197399996856,0.0
geometry.M1_WHITENED.0.14,1.3530524526077818,1.3530524526077818,0.0
geometry.M1_WHITENED.0.15,1.4728370787334444,1.4728370787334444,0.0
geometry.M1_WHITENED.0.16,1.0095818730435455,1.0095818730435455,0.0
geometry.M1_WHITENED.0.17,1.7264832584250234,1.7264832584250234,0.0
geometry.M1_WHITENED.0.18,1.4351180953509814,1.4351180953509814,0.0
geometry.M1_WHITENED.0.19,1.3929953526111174,1.3929953526111174,0.0
geometry.M1_WHITENED.0.2,1.3559051845683248,1.3559051845683248,0.0
geometry.M1_WHITENED.0.20,1.1127584737302347,1.1127584737302347,0.0
geometry.M1_WHITENED.0.21,1.6618569671128613,1.6618569671128613,0.0
geometry.M1_WHITENED.0.22,1.3837343199785523,1.3837343199785523,0.0
geometry.M1_WHITENED.0.23,1.4440496292418392,1.4440496292418392,0.0
geometry.M1_WHITENED.0.3,1.470211253684564,1.470211253684564,0.0
geometry.M1_WHITENED.0.4,1.2066531889618684,1.2066531889618684,0.0
geometry.M1_WHITENED.0.5,1.5949884267818855,1.5949884267818855,0.0
geometry.M1_WHITENED.0.6,1.4130575722793084,1.4130575722793084,0.0
geometry.M1_WHITENED.0.7,1.4153686083222656,1.4153686083222656,0.0
geometry.M1_WHITENED.0.8,1.332660955247708,1.332660955247708,0.0
geometry.M1_WHITENED.0.9,1.4913131054068647,1.4913131054068647,0.0
geometry.M1_WHITENED.1.0,2.0,2.0,0.0
geometry.M1_WHITENED.1.1,0.0,0.0,0.0
geometry.M1_WHITENED.1.10,1.4154311923829639,1.4154311923829639,0.0
geometry.M1_WHITENED.1.11,1.4129948830867511,1.4129948830867511,0.0
geometry.M1_WHITENED.1.12,1.6852197399996856,1.6852197399996856,0.0
geometry.M1_WHITENED.1.13,1.0770489440667923,1.0770489440667923,0.0
geometry.M1_WHITENED.1.14,1.4728370787334444,1.4728370787334444,0.0
geometry.M1_WHITENED.1.15,1.3530524526077818,1.3530524526077818,0.0
geometry.M1_WHITENED.1.16,1.7264832584250234,1.7264832584250234,0.0
geometry.M1_WHITENED.1.17,1.0095818730435455,1.0095818730435455,0.0
geometry.M1_WHITENED.1.18,1.3929953526111174,1.3929953526111174,0.0
geometry.M1_WHITENED.1.19,1.4351180953509814,1.4351180953509814,0.0
geometry.M1_WHITENED.1.2,1.470211253684564,1.470211253684564,0.0
geometry.M1_WHITENED.1.20,1.6618569671128613,1.6618569671128613,0.0
geometry.M1_WHITENED.1.21,1.1127584737302347,1.1127584737302347,0.0
geometry.M1_WHITENED.1.22,1.4440496292418392,1.4440496292418392,0.0
geometry.M1_WHITENED.1.23,1.3837343199785523,1.3837343199785523,0.0
geometry.M1_WHITENED.1.3,1.3559051845683248,1.3559051845683248,0.0
geometry.M1_WHITENED.1.4,1.5949884267818855,1.5949884267818855,0.0
geometry.M1_WHITENED.1.5,1.2066531889618684,1.2066531889618684,0.0
geometry.M1_WHITENED.1.6,1.4153686083222656,1.4153686083222656,0.0
geometry.M1_WHITENED.1.7,1.4130575722793084,1.4130575722793084,0.0
geometry.M1_WHITENED.1.8,1.4913131054068647,1.4913131054068647,0.0
geometry.M1_WHITENED.1.9,1.332660955247708,1.332660955247708,0.0
geometry.M1_WHITENED.10.0,1.4129948830867511,1.4129948830867511,0.0
geometry.M1_WHITENED.10.1,1.4154311923829639,1.4154311923829639,0.0
geometry.M1_WHITENED.10.10,0.0,0.0,0.0
geometry.M1_WHITENED.10.11,2.0,2.0,0.0
geometry.M1_WHITENED.10.12,1.3762811666822625,1.3762811666822625,0.0
geometry.M1_WHITENED.10.13,1.4511547643982396,1.4511547643982396,0.0
geometry.M1_WHITENED.10.14,1.1273009718522315,1.1273009718522315,0.0
geometry.M1_WHITENED.10.15,1.6520267912055828,1.6520267912055828,0.0
geometry.M1_WHITENED.10.16,1.3800353051744945,1.3800353051744945,0.0
geometry.M1_WHITENED.10.17,1.4475850774555323,1.4475850774555323,0.0
geometry.M1_WHITENED.10.18,1.040677659234965,1.040677659234965,0.0
geometry.M1_WHITENED.10.19,1.7079197901450858,1.7079197901450858,0.0
geometry.M1_WHITENED.10.2,1.1833991543219622,1.1833991543219622,0.0
geometry.M1_WHITENED.10.20,1.336799655369797,1.336799655369797,0.0
geometry.M1_WHITENED.10.21,1.4876043430304955,1.4876043430304955,0.0
geometry.M1_WHITENED.10.22,1.0951312460958527,1.0951312460958527,0.0
geometry.M1_WHITENED.10.23,1.6735254864580178,1.6735254864580178,0.0
geometry.M1_WHITENED.10.3,1.6123171032864674,1.6123171032864674,0.0
geometry.M1_WHITENED.10.4,1.4294016706403088,1.4294016706403088,0.0
geometry.M1_WHITENED.10.5,1.3988605591590229,1.3988605591590229,0.0
geometry.M1_WHITENED.10.6,1.047553948170658,1.047553948170658,0.0
geometry.M1_WHITENED.10.7,1.7037108691535856,1.7037108691535856,0.0
geometry.M1_WHITENED.10.8,1.2710799183720922,1.2710799183720922,0.0
geometry.M1_WHITENED.10.9,1.5441359529235743,1.5441359529235743,0.0
geometry.M1_WHITENED.11.0,1.4154311923829639,1.4154311923829639,0.0
geometry.M1_WHITENED.11.1,1.4129948830867511,1.4129948830867511,0.0
geometry.M1_WHITENED.11.10,2.0,2.0,0.0
geometry.M1_WHITENED.11.11,0.0,0.0,0.0
geometry.M1_WHITENED.11.12,1.4511547643982396,1.4511547643982396,0.0
geometry.M1_WHITENED.11.13,1.3762811666822625,1.3762811666822625,0.0
geometry.M1_WHITENED.11.14,1.6520267912055828,1.6520267912055828,0.0
geometry.M1_WHITENED.11.15,1.1273009718522315,1.1273009718522315,0.0
geometry.M1_WHITENED.11.16,1.4475850774555323,1.4475850774555323,0.0
geometry.M1_WHITENED.11.17,1.3800353051744945,1.3800353051744945,0.0
geometry.M1_WHITENED.11.18,1.7079197901450858,1.7079197901450858,0.0
geometry.M1_WHITENED.11.19,1.040677659234965,1.040677659234965,0.0
geometry.M1_WHITENED.11.2,1.6123171032864674,1.6123171032864674,0.0
geometry.M1_WHITENED.11.20,1.4876043430304955,1.4876043430304955,0.0
geometry.M1_WHITENED.11.21,1.336799655369797,1.336799655369797,0.0
geometry.M1_WHITENED.11.22,1.6735254864580178,1.6735254864580178,0.0
geometry.M1_WHITENED.11.23,1.0951312460958527,1.0951312460958527,0.0
geometry.M1_WHITENED.11.3,1.1833991543219622,1.1833991543219622,0.0
geometry.M1_WHITENED.11.4,1.3988605591590229,1.3988605591590229,0.0
geometry.M1_WHITENED.11.5,1.4294016706403088,1.4294016706403088,0.0
geometry.M1_WHITENED.11.6,1.7037108691535856,1.7037108691535856,0.0
geometry.M1_WHITENED.11.7,1.047553948170658,1.047553948170658,0.0
geometry.M1_WHITENED.11.8,1.5441359529235743,1.5441359529235743,0.0
geometry.M1_WHITENED.11.9,1.2710799183720922,1.2710799183720922,0.0
geometry.M1_WHITENED.12.0,1.0770489440667923,1.0770489440667923,0.0
geometry.M1_WHITENED.12.1,1.6852197399996856,1.6852197399996856,0.0
geometry.M1_WHITENED.12.10,1.3762811666822625,1.3762811666822625,0.0
geometry.M1_WHITENED.12.11,1.4511547643982396,1.4511547643982396,0.0
geometry.M1_WHITENED.12.12,0.0,0.0,0.0
geometry.M1_WHITENED.12.13,2.0,2.0,0.0
geometry.M1_WHITENED.12.14,1.2739258522997485,1.2739258522997485,0.0
geometry.M1_WHITENED.12.15,1.541788871033372,1.541788871033372,0.0
geometry.M1_WHITENED.12.16,1.1455442575577177,1.1455442575577177,0.0
geometry.M1_WHITENED.12.17,1.6394292769060022,1.6394292769060022,0.0
geometry.M1_WHITENED.12.18,1.4431083067914023,1.4431083067914023,0.0
geometry.M1_WHITENED.12.19,1.3847160051323346,1.3847160051323346,0.0
geometry.M1_WHITENED.12.2,1.4235481193936035,1.4235481193936035,0.0
geometry.M1_WHITENED.12.20,0.9653322109613384,0.9653322109613384,0.0
geometry.M1_WHITENED.12.21,1.7516088954103008,1.7516088954103008,0.0
geometry.M1_WHITENED.12.22,1.4394722791302446,1.4394722791302446,0.0
geometry.M1_WHITENED.12.23,1.3884954294543355,1.3884954294543355,0.0
geometry.M1_WHITENED.12.3,1.4048169815925968,1.4048169815925968,0.0
geometry.M1_WHITENED.12.4,0.9195062730631297,0.9195062730631297,0.0
geometry.M1_WHITENED.12.5,1.7760935261966226,1.7760935261966226,0.0
geometry.M1_WHITENED.12.6,1.3747040276308926,1.3747040276308926,0.0
geometry.M1_WHITENED.12.7,1.4526489033539391,1.4526489033539391,0.0
geometry.M1_WHITENED.12.8,1.0849613859761253,1.0849613859761253,0.0
geometry.M1_WHITENED.12.9,1.6801365393743346,1.6801365393743346,0.0
geometry.M1_WHITENED.13.0,1.6852197399996856,1.6852197399996856,0.0
geometry.M1_WHITENED.13.1,1.0770489440667923,1.0770489440667923,0.0
geometry.M1_WHITENED.13.10,1.4511547643982396,1.4511547643982396,0.0
geometry.M1_WHITENED.13.11,1.3762811666822625,1.3762811666822625,0.0
geometry.M1_WHITENED.13.12,2.0,2.0,0.0
geometry.M1_WHITENED.13.13,0.0,0.0,0.0
geometry.M1_WHITENED.13.14,1.541788871033372,1.541788871033372,0.0
geometry.M1_WHITENED.13.15,1.2739258522997485,1.2739258522997485,0.0
geometry.M1_WHITENED.13.16,1.6394292769060022,1.6394292769060022,0.0
geometry.M1_WHITENED.13.17,1.1455442575577177,1.1455442575577177,0.0
geometry.M1_WHITENED.13.18,1.3847160051323346,1.3847160051323346,0.0
geometry.M1_WHITENED.13.19,1.4431083067914023,1.4431083067914023,0.0
geometry.M1_WHITENED.13.2,1.4048169815925968,1.4048169815925968,0.0
geometry.M1_WHITENED.13.20,1.7516088954103008,1.7516088954103008,0.0
geometry.M1_WHITENED.13.21,0.9653322109613384,0.9653322109613384,0.0
geometry.M1_WHITENED.13.22,1.3884954294543355,1.3884954294543355,0.0
geometry.M1_WHITENED.13.23,1.4394722791302446,1.4394722791302446,0.0
geometry.M1_WHITENED.13.3,1.4235481193936035,1.4235481193936035,0.0
geometry.M1_WHITENED.13.4,1.7760935261966226,1.7760935261966226,0.0
geometry.M1_WHITENED.13.5,0.9195062730631297,0.9195062730631297,0.0
geometry.M1_WHITENED.13.6,1.4526489033539391,1.4526489033539391,0.0
geometry.M1_WHITENED.13.7,1.3747040276308926,1.3747040276308926,0.0
geometry.M1_WHITENED.13.8,1.6801365393743346,1.6801365393743346,0.0
geometry.M1_WHITENED.13.9,1.0849613859761253,1.0849613859761253,0.0
geometry.M1_WHITENED.14.0,1.3530524526077818,1.3530524526077818,0.0
geometry.M1_WHITENED.14.1,1.4728370787334444,1.4728370787334444,0.0
geometry.M1_WHITENED.14.10,1.1273009718522315,1.1273009718522315,0.0
geometry.M1_WHITENED.14.11,1.6520267912055828,1.6520267912055828,0.0
geometry.M1_WHITENED.14.12,1.2739258522997485,1.2739258522997485,0.0
geometry.M1_WHITENED.14.13,1.541788871033372,1.541788871033372,0.0
geometry.M1_WHITENED.14.14,0.0,0.0,0.0
geometry.M1_WHITENED.14.15,2.0,2.0,0.0
geometry.M1_WHITENED.14.16,1.4001899649916303,1.4001899649916303,0.0
geometry.M1_WHITENED.14.17,1.4280994579988948,1.4280994579988948,0.0
geometry.M1_WHITENED.14.18,1.0918315112957253,1.0918315112957253,0.0
geometry.M1_WHITENED.14.19,1.6756801457741546,1.6756801457741546,0.0
geometry.M1_WHITENED.14.2,1.1055969013390157,1.1055969013390157,0.0
geometry.M1_WHITENED.14.20,1.390099856767173,1.390099856767173,0.0
geometry.M1_WHITENED.14.21,1.4379229423776105,1.4379229423776105,0.0
geometry.M1_WHITENED.14.22,1.2701716810703068,1.2701716810703068,0.0
geometry.M1_WHITENED.14.23,1.5448831349351417,1.5448831349351417,0.0
geometry.M1_WHITENED.14.3,1.6666299804544398,1.6666299804544398,0.0
geometry.M1_WHITENED.14.4,1.4436613903537978,1.4436613903537978,0.0
geometry.M1_WHITENED.14.5,1.3841393679834915,1.3841393679834915,0.0
geometry.M1_WHITENED.14.6,0.9956650787795871,0.9956650787795871,0.0
geometry.M1_WHITENED.14.7,1.7345463530557026,1.7345463530557026,0.0
geometry.M1_WHITENED.14.8,1.436287396100009,1.436287396100009,0.0
geometry.M1_WHITENED.14.9,1.391789680880073,1.391789680880073,0.0
geometry.M1_WHITENED.15.0,1.4728370787334444,1.4728370787334444,0.0
geometry.M1_WHITENED.15.1,1.3530524526077818,1.3530524526077818,0.0
geometry.M1_WHITENED.15.10,1.6520267912055828,1.6520267912055828,0.0
geometry.M1_WHITENED.15.11,1.1273009718522315,1.1273009718522315,0.0
geometry.M1_WHITENED.15.12,1.541788871033372,1.541788871033372,0.0
geometry.M1_WHITENED.15.13,1.2739258522997485,1.2739258522997485,0.0
geometry.M1_WHITENED.15.14,2.0,2.0,0.0
geometry.M1_WHITENED.15.15,0.0,0.0,0.0
geometry.M1_WHITENED.15.16,1.4280994579988948,1.4280994579988948,0.0
geometry.M1_WHITENED.15.17,1.4001899649916303,1.4001899649916303,0.0
geometry.M1_WHITENED.15.18,1.6756801457741546,1.6756801457741546,0.0
geometry.M1_WHITENED.15.19,1.0918315112957253,1.0918315112957253,0.0
geometry.M1_WHITENED.15.2,1.6666299804544398,1.6666299804544398,0.0
geometry.M1_WHITENED.15.20,1.4379229423776105,1.4379229423776105,0.0
geometry.M1_WHITENED.15.21,1.390099856767173,1.390099856767173,0.0
geometry.M1_WHITENED.15.22,1.5448831349351417,1.5448831349351417,0.0
geometry.M1_WHITENED.15.23,1.2701716810703068,1.2701716810703068,0.0
geometry.M1_WHITENED.15.3,1.1055969013390157,1.1055969013390157,0.0
geometry.M1_WHITENED.15.4,1.3841393679834915,1.3841393679834915,0.0
geometry.M1_WHITENED.15.5,1.4436613903537978,1.4436613903537978,0.0
geometry.M1_WHITENED.15.6,1.7345463530557026,1.7345463530557026,0.0
geometry.M1_WHITENED.15.7,0.9956650787795871,0.9956650787795871,0.0
geometry.M1_WHITENED.15.8,1.391789680880073,1.391789680880073,0.0
geometry.M1_WHITENED.15.9,1.436287396100009,1.436287396100009,0.0
geometry.M1_WHITENED.16.0,1.0095818730435455,1.0095818730435455,0.0
geometry.M1_WHITENED.16.1,1.7264832584250234,1.7264832584250234,0.0
geometry.M1_WHITENED.16.10,1.3800353051744945,1.3800353051744945,0.0
geometry.M1_WHITENED.16.11,1.4475850774555323,1.4475850774555323,0.0
geometry.M1_WHITENED.16.12,1.1455442575577177,1.1455442575577177,0.0
geometry.M1_WHITENED.16.13,1.6394292769060022,1.6394292769060022,0.0
geometry.M1_WHITENED.16.14,1.4001899649916303,1.4001899649916303,0.0
geometry.M1_WHITENED.16.15,1.4280994579988948,1.4280994579988948,0.0
geometry.M1_WHITENED.16.16,0.0,0.0,0.0
geometry.M1_WHITENED.16.17,1.9999999999999998,1.9999999999999998,0.0
geometry.M1_WHITENED.16.18,1.335428486902302,1.335428486902302,0.0
geometry.M1_WHITENED.16.19,1.488835369129115,1.488835369129115,0.0
geometry.M1_WHITENED.16.2,1.425810850217046,1.425810850217046,0.0
geometry.M1_WHITENED.16.20,1.0126328021253612,1.0126328021253612,0.0
geometry.M1_WHITENED.16.21,1.7246955696759179,1.7246955696759179,0.0
geometry.M1_WHITENED.16.22,1.399942005823169,1.399942005823169,0.0
geometry.M1_WHITENED.16.23,1.4283425290636005,1.4283425290636005,0.0
geometry.M1_WHITENED.16.3,1.4025203811008755,1.4025203811008755,0.0
geometry.M1_WHITENED.16.4,1.0471040560831157,1.0471040560831157,0.0
geometry.M1_WHITENED.16.5,1.7039874106736492,1.7039874106736492,0.0
geometry.M1_WHITENED.16.6,1.3738415052293733,1.3738415052293733,0.0
geometry.M1_WHITENED.16.7,1.4534646602202235,1.4534646602202235,0.0
geometry.M1_WHITENED.16.8,1.3202403322516478,1.3202403322516478,0.0
geometry.M1_WHITENED.16.9,1.5023200275227842,1.5023200275227842,0.0
geometry.M1_WHITENED.17.0,1.7264832584250234,1.7264832584250234,0.0
geometry.M1_WHITENED.17.1,1.0095818730435455,1.0095818730435455,0.0
geometry.M1_WHITENED.17.10,1.4475850774555323,1.4475850774555323,0.0
geometry.M1_WHITENED.17.11,1.3800353051744945,1.3800353051744945,0.0
geometry.M1_WHITENED.17.12,1.6394292769060022,1.6394292769060022,0.0
geometry.M1_WHITENED.17.13,1.1455442575577177,1.1455442575577177,0.0
geometry.M1_WHITENED.17.14,1.4280994579988948,1.4280994579988948,0.0
geometry.M1_WHITENED.17.15,1.4001899649916303,1.4001899649916303,0.0
geometry.M1_WHITENED.17.16,1.9999999999999998,1.9999999999999998,0.0
geometry.M1_WHITENED.17.17,0.0,0.0,0.0
geometry.M1_WHITENED.17.18,1.488835369129115,1.488835369129115,0.0
geometry.M1_WHITENED.17.19,1.335428486902302,1.335428486902302,0.0
geometry.M1_WHITENED.17.2,1.4025203811008755,1.4025203811008755,0.0
geometry.M1_WHITENED.17.20,1.7246955696759179,1.7246955696759179,0.0
geometry.M1_WHITENED.17.21,1.0126328021253612,1.0126328021253612,0.0
geometry.M1_WHITENED.17.22,1.4283425290636005,1.4283425290636005,0.0
geometry.M1_WHITENED.17.23,1.399942005823169,1.399942005823169,0.0
geometry.M1_WHITENED.17.3,1.425810850217046,1.425810850217046,0.0
geometry.M1_WHITENED.17.4,1.7039874106736492,1.7039874106736492,0.0
geometry.M1_WHITENED.17.5,1.0471040560831157,1.0471040560831157,0.0
geometry.M1_WHITENED.17.6,1.4534646602202235,1.4534646602202235,0.0
geometry.M1_WHITENED.17.7,1.3738415052293733,1.3738415052293733,0.0
geometry.M1_WHITENED.17.8,1.5023200275227842,1.5023200275227842,0.0
geometry.M1_WHITENED.17.9,1.3202403322516478,1.3202403322516478,0.0
geometry.M1_WHITENED.18.0,1.4351180953509814,1.4351180953509814,0.0
geometry.M1_WHITENED.18.1,1.3929953526111174,1.3929953526111174,0.0
geometry.M1_WHITENED.18.10,1.040677659234965,1.040677659234965,0.0
geometry.M1_WHITENED.18.11,1.7079197901450858,1.7079197901450858,0.0
geometry.M1_WHITENED.18.12,1.4431083067914023,1.4431083067914023,0.0
geometry.M1_WHITENED.18.13,1.3847160051323346,1.3847160051323346,0.0
geometry.M1_WHITENED.18.14,1.0918315112957253,1.0918315112957253,0.0
geometry.M1_WHITENED.18.15,1.6756801457741546,1.6756801457741546,0.0
geometry.M1_WHITENED.18.16,1.335428486902302,1.335428486902302,0.0
geometry.M1_WHITENED.18.17,1.488835369129115,1.488835369129115,0.0
geometry.M1_WHITENED.18.18,0.0,0.0,0.0
geometry.M1_WHITENED.18.19,2.0,2.0,0.0
geometry.M1_WHITENED.18.2,1.0839662483279806,1.0839662483279806,0.0
geometry.M1_WHITENED.18.20,1.3936553857338894,1.3936553857338894,0.0
geometry.M1_WHITENED.18.21,1.4344771402204093,1.4344771402204093,0.0
geometry.M1_WHITENED.18.22,1.0419489659816412,1.0419489659816412,0.0
geometry.M1_WHITENED.18.23,1.7071445024630425,1.7071445024630425,0.0
geometry.M1_WHITENED.18.3,1.6807787398958147,1.6807787398958147,0.0
geometry.M1_WHITENED.18.4,1.4493258060659637,1.4493258060659637,0.0
geometry.M1_WHITENED.18.5,1.378207062770774,1.378207062770774,0.0
geometry.M1_WHITENED.18.6,0.8954277163202298,0.8954277163202298,0.0
geometry.M1_WHITENED.18.7,1.7883537694890064,1.7883537694890064,0.0
geometry.M1_WHITENED.18.8,1.4393491630694741,1.4393491630694741,0.0
geometry.M1_WHITENED.18.9,1.3886230542415765,1.3886230542415765,0.0
geometry.M1_WHITENED.19.0,1.3929953526111174,1.3929953526111174,0.0
geometry.M1_WHITENED.19.1,1.4351180953509814,1.4351180953509814,0.0
geometry.M1_WHITENED.19.10,1.7079197901450858,1.7079197901450858,0.0
geometry.M1_WHITENED.19.11,1.040677659234965,1.040677659234965,0.0
geometry.M1_WHITENED.19.12,1.3847160051323346,1.3847160051323346,0.0
geometry.M1_WHITENED.19.13,1.4431083067914023,1.4431083067914023,0.0
geometry.M1_WHITENED.19.14,1.6756801457741546,1.6756801457741546,0.0
geometry.M1_WHITENED.19.15,1.0918315112957253,1.0918315112957253,0.0
geometry.M1_WHITENED.19.16,1.488835369129115,1.488835369129115,0.0
geometry.M1_WHITENED.19.17,1.335428486902302,1.335428486902302,0.0
geometry.M1_WHITENED.19.18,2.0,2.0,0.0
geometry.M1_WHITENED.19.19,0.0,0.0,0.0
geometry.M1_WHITENED.19.2,1.6807787398958147,1.6807787398958147,0.0
geometry.M1_WHITENED.19.20,1.4344771402204093,1.4344771402204093,0.0
geometry.M1_WHITENED.19.21,1.3936553857338894,1.3936553857338894,0.0
geometry.M1_WHITENED.19.22,1.7071445024630425,1.7071445024630425,0.0
geometry.M1_WHITENED.19.23,1.0419489659816412,1.0419489659816412,0.0
geometry.M1_WHITENED.19.3,1.0839662483279806,1.0839662483279806,0.0
geometry.M1_WHITENED.19.4,1.378207062770774,1.378207062770774,0.0
geometry.M1_WHITENED.19.5,1.4493258060659637,1.4493258060659637,0.0
geometry.M1_WHITENED.19.6,1.7883537694890064,1.7883537694890064,0.0
geometry.M1_WHITENED.19.7,0.8954277163202298,0.8954277163202298,0.0
geometry.M1_WHITENED.19.8,1.3886230542415765,1.3886230542415765,0.0
geometry.M1_WHITENED.19.9,1.4393491630694741,1.4393491630694741,0.0
geometry.M1_WHITENED.2.0,1.3559051845683248,1.3559051845683248,0.0
geometry.M1_WHITENED.2.1,1.470211253684564,1.470211253684564,0.0
geometry.M1_WHITENED.2.10,1.1833991543219622,1.1833991543219622,0.0
geometry.M1_WHITENED.2.11,1.6123171032864674,1.6123171032864674,0.0
geometry.M1_WHITENED.2.12,1.4235481193936035,1.4235481193936035,0.0
geometry.M1_WHITENED.2.13,1.4048169815925968,1.4048169815925968,0.0
geometry.M1_WHITENED.2.14,1.1055969013390157,1.1055969013390157,0.0
geometry.M1_WHITENED.2.15,1.6666299804544398,1.6666299804544398,0.0
geometry.M1_WHITENED.2.16,1.425810850217046,1.425810850217046,0.0
geometry.M1_WHITENED.2.17,1.4025203811008755,1.4025203811008755,0.0
geometry.M1_WHITENED.2.18,1.0839662483279806,1.0839662483279806,0.0
geometry.M1_WHITENED.2.19,1.6807787398958147,1.6807787398958147,0.0
geometry.M1_WHITENED.2.2,0.0,0.0,0.0
geometry.M1_WHITENED.2.20,1.4431246569341645,1.4431246569341645,0.0
geometry.M1_WHITENED.2.21,1.3846989653165234,1.3846989653165234,0.0
geometry.M1_WHITENED.2.22,1.0838140265480707,1.0838140265480707,0.0
geometry.M1_WHITENED.2.23,1.680876900863849,1.680876900863849,0.0
geometry.M1_WHITENED.2.3,2.0,2.0,0.0
geometry.M1_WHITENED.2.4,1.4781765261460236,1.4781765261460236,0.0
geometry.M1_WHITENED.2.5,1.3472171901927597,1.3472171901927597,0.0
geometry.M1_WHITENED.2.6,1.176367089720341,1.176367089720341,0.0
geometry.M1_WHITENED.2.7,1.617454936071758,1.617454936071758,0.0
geometry.M1_WHITENED.2.8,1.459645522375298,1.459645522375298,0.0
geometry.M1_WHITENED.2.9,1.3672728144045516,1.3672728144045516,0.0
geometry.M1_WHITENED.20.0,1.1127584737302347,1.1127584737302347,0.0
geometry.M1_WHITENED.20.1,1.6618569671128613,1.6618569671128613,0.0
geometry.M1_WHITENED.20.10,1.336799655369797,1.336799655369797,0.0
geometry.M1_WHITENED.20.11,1.4876043430304955,1.4876043430304955,0.0
geometry.M1_WHITENED.20.12,0.9653322109613384,0.9653322109613384,0.0
geometry.M1_WHITENED.20.13,1.7516088954103008,1.7516088954103008,0.0
geometry.M1_WHITENED.20.14,1.390099856767173,1.390099856767173,0.0
geometry.M1_WHITENED.20.15,1.4379229423776105,1.4379229423776105,0.0
geometry.M1_WHITENED.20.16,1.0126328021253612,1.0126328021253612,0.0
geometry.M1_WHITENED.20.17,1.7246955696759179,1.7246955696759179,0.0
geometry.M1_WHITENED.20.18,1.3936553857338894,1.3936553857338894,0.0
geometry.M1_WHITENED.20.19,1.4344771402204093,1.4344771402204093,0.0
geometry.M1_WHITENED.20.2,1.4431246569341645,1.4431246569341645,0.0
geometry.M1_WHITENED.20.20,0.0,0.0,0.0
geometry.M1_WHITENED.20.21,1.9999999999999998,1.9999999999999998,0.0
geometry.M1_WHITENED.20.22,1.3226262298962357,1.3226262298962357,0.0
geometry.M1_WHITENED.20.23,1.500219935872894,1.500219935872894,0.0
geometry.M1_WHITENED.20.3,1.3846989653165234,1.3846989653165234,0.0
geometry.M1_WHITENED.20.4,1.0502755650027218,1.0502755650027218,0.0
geometry.M1_WHITENED.20.5,1.7020344407673464,1.7020344407673464,0.0
geometry.M1_WHITENED.20.6,1.4012554994764177,1.4012554994764177,0.0
geometry.M1_WHITENED.20.7,1.4270539671600002,1.4270539671600002,0.0
geometry.M1_WHITENED.20.8,1.0269198699831426,1.0269198699831426,0.0
geometry.M1_WHITENED.20.9,1.7162271355021181,1.7162271355021181,0.0
geometry.M1_WHITENED.21.0,1.6618569671128613,1.6618569671128613,0.0
geometry.M1_WHITENED.21.1,1.1127584737302347,1.1127584737302347,0.0
geometry.M1_WHITENED.21.10,1.4876043430304955,1.4876043430304955,0.0
geometry.M1_WHITENED.21.11,1.336799655369797,1.336799655369797,0.0
geometry.M1_WHITENED.21.12,1.7516088954103008,1.7516088954103008,0.0
geometry.M1_WHITENED.21.13,0.9653322109613384,0.9653322109613384,0.0
geometry.M1_WHITENED.21.14,1.4379229423776105,1.4379229423776105,0.0
geometry.M1_WHITENED.21.15,1.390099856767173,1.390099856767173,0.0
geometry.M1_WHITENED.21.16,1.7246955696759179,1.7246955696759179,0.0
geometry.M1_WHITENED.21.17,1.0126328021253612,1.0126328021253612,0.0
geometry.M1_WHITENED.21.18,1.4344771402204093,1.4344771402204093,0.0
geometry.M1_WHITENED.21.19,1.3936553857338894,1.3936553857338894,0.0
geometry.M1_WHITENED.21.2,1.3846989653165234,1.3846989653165234,0.0
geometry.M1_WHITENED.21.20,1.9999999999999998,1.9999999999999998,0.0
geometry.M1_WHITENED.21.21,0.0,0.0,0.0
geometry.M1_WHITENED.21.22,1.500219935872894,1.500219935872894,0.0
geometry.M1_WHITENED.21.23,1.3226262298962357,1.3226262298962357,0.0
geometry.M1_WHITENED.21.3,1.4431246569341645,1.4431246569341645,0.0
geometry.M1_WHITENED.21.4,1.7020344407673464,1.7020344407673464,0.0
geometry.M1_WHITENED.21.5,1.0502755650027218,1.0502755650027218,0.0
geometry.M1_WHITENED.21.6,1.4270539671600002,1.4270539671600002,0.0
geometry.M1_WHITENED.21.7,1.4012554994764177,1.4012554994764177,0.0
geometry.M1_WHITENED.21.8,1.7162271355021181,1.7162271355021181,0.0
geometry.M1_WHITENED.21.9,1.0269198699831426,1.0269198699831426,0.0
geometry.M1_WHITENED.22.0,1.3837343199785523,1.3837343199785523,0.0
geometry.M1_WHITENED.22.1,1.4440496292418392,1.4440496292418392,0.0
geometry.M1_WHITENED.22.10,1.0951312460958527,1.0951312460958527,0.0
geometry.M1_WHITENED.22.11,1.6735254864580178,1.6735254864580178,0.0
geometry.M1_WHITENED.22.12,1.4394722791302446,1.4394722791302446,0.0
geometry.M1_WHITENED.22.13,1.3884954294543355,1.3884954294543355,0.0
geometry.M1_WHITENED.22.14,1.2701716810703068,1.2701716810703068,0.0
geometry.M1_WHITENED.22.15,1.5448831349351417,1.5448831349351417,0.0
geometry.M1_WHITENED.22.16,1.399942005823169,1.399942005823169,0.0
geometry.M1_WHITENED.22.17,1.4283425290636005,1.4283425290636005,0.0
geometry.M1_WHITENED.22.18,1.0419489659816412,1.0419489659816412,0.0
geometry.M1_WHITENED.22.19,1.7071445024630425,1.7071445024630425,0.0
geometry.M1_WHITENED.22.2,1.0838140265480707,1.0838140265480707,0.0
geometry.M1_WHITENED.22.20,1.3226262298962357,1.3226262298962357,0.0
geometry.M1_WHITENED.22.21,1.500219935872894,1.500219935872894,0.0
geometry.M1_WHITENED.22.22,0.0,0.0,0.0
geometry.M1_WHITENED.22.23,2.0,2.0,0.0
geometry.M1_WHITENED.22.3,1.680876900863849,1.680876900863849,0.0
geometry.M1_WHITENED.22.4,1.4897855264210595,1.4897855264210595,0.0
geometry.M1_WHITENED.22.5,1.3343684218634397,1.3343684218634397,0.0
geometry.M1_WHITENED.22.6,1.2377969703353884,1.2377969703353884,0.0
geometry.M1_WHITENED.22.7,1.5709419659008839,1.5709419659008839,0.0
geometry.M1_WHITENED.22.8,1.4174961632741472,1.4174961632741472,0.0
geometry.M1_WHITENED.22.9,1.4109233243174741,1.4109233243174741,0.0
geometry.M1_WHITENED.23.0,1.4440496292418392,1.4440496292418392,0.0
geometry.M1_WHITENED.23.1,1.3837343199785523,1.3837343199785523,0.0
geometry.M1_WHITENED.23.10,1.6735254864580178,1.6735254864580178,0.0
geometry.M1_WHITENED.23.11,1.0951312460958527,1.0951312460958527,0.0
geometry.M1_WHITENED.23.12,1.3884954294543355,1.3884954294543355,0.0
geometry.M1_WHITENED.23.13,1.4394722791302446,1.4394722791302446,0.0
geometry.M1_WHITENED.23.14,1.5448831349351417,1.5448831349351417,0.0
geometry.M1_WHITENED.23.15,1.2701716810703068,1.2701716810703068,0.0
geometry.M1_WHITENED.23.16,1.4283425290636005,1.4283425290636005,0.0
geometry.M1_WHITENED.23.17,1.399942005823169,1.399942005823169,0.0
geometry.M1_WHITENED.23.18,1.7071445024630425,1.7071445024630425,0.0
geometry.M1_WHITENED.23.19,1.0419489659816412,1.0419489659816412,0.0
geometry.M1_WHITENED.23.2,1.680876900863849,1.680876900863849,0.0
geometry.M1_WHITENED.23.20,1.500219935872894,1.500219935872894,0.0
geometry.M1_WHITENED.23.21,1.3226262298962357,1.3226262298962357,0.0
geometry.M1_WHITENED.23.22,2.0,2.0,0.0
geometry.M1_WHITENED.23.23,0.0,0.0,0.0
geometry.M1_WHITENED.23.3,1.0838140265480707,1.0838140265480707,0.0
geometry.M1_WHITENED.23.4,1.3343684218634397,1.3343684218634397,0.0
geometry.M1_WHITENED.23.5,1.4897855264210595,1.4897855264210595,0.0
geometry.M1_WHITENED.23.6,1.5709419659008839,1.5709419659008839,0.0
geometry.M1_WHITENED.23.7,1.2377969703353884,1.2377969703353884,0.0
geometry.M1_WHITENED.23.8,1.4109233243174741,1.4109233243174741,0.0
geometry.M1_WHITENED.23.9,1.4174961632741472,1.4174961632741472,0.0
geometry.M1_WHITENED.3.0,1.470211253684564,1.470211253684564,0.0
geometry.M1_WHITENED.3.1,1.3559051845683248,1.3559051845683248,0.0
geometry.M1_WHITENED.3.10,1.6123171032864674,1.6123171032864674,0.0
geometry.M1_WHITENED.3.11,1.1833991543219622,1.1833991543219622,0.0
geometry.M1_WHITENED.3.12,1.4048169815925968,1.4048169815925968,0.0
geometry.M1_WHITENED.3.13,1.4235481193936035,1.4235481193936035,0.0
geometry.M1_WHITENED.3.14,1.6666299804544398,1.6666299804544398,0.0
geometry.M1_WHITENED.3.15,1.1055969013390157,1.1055969013390157,0.0
geometry.M1_WHITENED.3.16,1.4025203811008755,1.4025203811008755,0.0
geometry.M1_WHITENED.3.17,1.425810850217046,1.425810850217046,0.0
geometry.M1_WHITENED.3.18,1.6807787398958147,1.6807787398958147,0.0
geometry.M1_WHITENED.3.19,1.0839662483279806,1.0839662483279806,0.0
geometry.M1_WHITENED.3.2,2.0,2.0,0.0
geometry.M1_WHITENED.3.20,1.3846989653165234,1.3846989653165234,0.0
geometry.M1_WHITENED.3.21,1.4431246569341645,1.4431246569341645,0.0
geometry.M1_WHITENED.3.22,1.680876900863849,1.680876900863849,0.0
geometry.M1_WHITENED.3.23,1.0838140265480707,1.0838140265480707,0.0
geometry.M1_WHITENED.3.3,0.0,0.0,0.0
geometry.M1_WHITENED.3.4,1.3472171901927597,1.3472171901927597,0.0
geometry.M1_WHITENED.3.5,1.4781765261460236,1.4781765261460236,0.0
geometry.M1_WHITENED.3.6,1.617454936071758,1.617454936071758,0.0
geometry.M1_WHITENED.3.7,1.176367089720341,1.176367089720341,0.0
geometry.M1_WHITENED.3.8,1.3672728144045516,1.3672728144045516,0.0
geometry.M1_WHITENED.3.9,1.459645522375298,1.459645522375298,0.0
geometry.M1_WHITENED.4.0,1.2066531889618684,1.2066531889618684,0.0
geometry.M1_WHITENED.4.1,1.5949884267818855,1.5949884267818855,0.0
geometry.M1_WHITENED.4.10,1.4294016706403088,1.4294016706403088,0.0
geometry.M1_WHITENED.4.11,1.3988605591590229,1.3988605591590229,0.0
geometry.M1_WHITENED.4.12,0.9195062730631297,0.9195062730631297,0.0
geometry.M1_WHITENED.4.13,1.7760935261966226,1.7760935261966226,0.0
geometry.M1_WHITENED.4.14,1.4436613903537978,1.4436613903537978,0.0
geometry.M1_WHITENED.4.15,1.3841393679834915,1.3841393679834915,0.0
geometry.M1_WHITENED.4.16,1.0471040560831157,1.0471040560831157,0.0
geometry.M1_WHITENED.4.17,1.7039874106736492,1.7039874106736492,0.0
geometry.M1_WHITENED.4.18,1.4493258060659637,1.4493258060659637,0.0
geometry.M1_WHITENED.4.19,1.378207062770774,1.378207062770774,0.0
geometry.M1_WHITENED.4.2,1.4781765261460236,1.4781765261460236,0.0
geometry.M1_WHITENED.4.20,1.0502755650027218,1.0502755650027218,0.0
geometry.M1_WHITENED.4.21,1.7020344407673464,1.7020344407673464,0.0
geometry.M1_WHITENED.4.22,1.4897855264210595,1.4897855264210595,0.0
geometry.M1_WHITENED.4.23,1.3343684218634397,1.3343684218634397,0.0
geometry.M1_WHITENED.4.3,1.3472171901927597,1.3472171901927597,0.0
geometry.M1_WHITENED.4.4,0.0,0.0,0.0
geometry.M1_WHITENED.4.5,2.0,2.0,0.0
geometry.M1_WHITENED.4.6,1.3208348523498794,1.3208348523498794,0.0
geometry.M1_WHITENED.4.7,1.5017973541120226,1.5017973541120226,0.0
geometry.M1_WHITENED.4.8,0.958811943354183,0.958811943354183,0.0
geometry.M1_WHITENED.4.9,1.7551865021362758,1.7551865021362758,0.0
geometry.M1_WHITENED.5.0,1.5949884267818855,1.5949884267818855,0.0
geometry.M1_WHITENED.5.1,1.2066531889618684,1.2066531889618684,0.0
geometry.M1_WHITENED.5.10,1.3988605591590229,1.3988605591590229,0.0
geometry.M1_WHITENED.5.11,1.4294016706403088,1.4294016706403088,0.0
geometry.M1_WHITENED.5.12,1.7760935261966226,1.7760935261966226,0.0
geometry.M1_WHITENED.5.13,0.9195062730631297,0.9195062730631297,0.0
geometry.M1_WHITENED.5.14,1.3841393679834915,1.3841393679834915,0.0
geometry.M1_WHITENED.5.15,1.4436613903537978,1.4436613903537978,0.0
geometry.M1_WHITENED.5.16,1.7039874106736492,1.7039874106736492,0.0
geometry.M1_WHITENED.5.17,1.0471040560831157,1.0471040560831157,0.0
geometry.M1_WHITENED.5.18,1.378207062770774,1.378207062770774,0.0
geometry.M1_WHITENED.5.19,1.4493258060659637,1.4493258060659637,0.0
geometry.M1_WHITENED.5.2,1.3472171901927597,1.3472171901927597,0.0
geometry.M1_WHITENED.5.20,1.7020344407673464,1.7020344407673464,0.0
geometry.M1_WHITENED.5.21,1.0502755650027218,1.0502755650027218,0.0
geometry.M1_WHITENED.5.22,1.3343684218634397,1.3343684218634397,0.0
geometry.M1_WHITENED.5.23,1.4897855264210595,1.4897855264210595,0.0
geometry.M1_WHITENED.5.3,1.4781765261460236,1.4781765261460236,0.0
geometry.M1_WHITENED.5.4,2.0,2.0,0.0
geometry.M1_WHITENED.5.5,0.0,0.0,0.0
geometry.M1_WHITENED.5.6,1.5017973541120226,1.5017973541120226,0.0
geometry.M1_WHITENED.5.7,1.3208348523498794,1.3208348523498794,0.0
geometry.M1_WHITENED.5.8,1.7551865021362758,1.7551865021362758,0.0
geometry.M1_WHITENED.5.9,0.958811943354183,0.958811943354183,0.0
geometry.M1_WHITENED.6.0,1.4130575722793084,1.4130575722793084,0.0
geometry.M1_WHITENED.6.1,1.4153686083222656,1.4153686083222656,0.0
geometry.M1_WHITENED.6.10,1.047553948170658,1.047553948170658,0.0
geometry.M1_WHITENED.6.11,1.7037108691535856,1.7037108691535856,0.0
geometry.M1_WHITENED.6.12,1.3747040276308926,1.3747040276308926,0.0
geometry.M1_WHITENED.6.13,1.4526489033539391,1.4526489033539391,0.0
geometry.M1_WHITENED.6.14,0.9956650787795871,0.9956650787795871,0.0
geometry.M1_WHITENED.6.15,1.7345463530557026,1.7345463530557026,0.0
geometry.M1_WHITENED.6.16,1.3738415052293733,1.3738415052293733,0.0
geometry.M1_WHITENED.6.17,1.4534646602202235,1.4534646602202235,0.0
geometry.M1_WHITENED.6.18,0.8954277163202298,0.8954277163202298,0.0
geometry.M1_WHITENED.6.19,1.7883537694890064,1.7883537694890064,0.0
geometry.M1_WHITENED.6.2,1.176367089720341,1.176367089720341,0.0
geometry.M1_WHITENED.6.20,1.4012554994764177,1.4012554994764177,0.0
geometry.M1_WHITENED.6.21,1.4270539671600002,1.4270539671600002,0.0
geometry.M1_WHITENED.6.22,1.2377969703353884,1.2377969703353884,0.0
geometry.M1_WHITENED.6.23,1.5709419659008839,1.5709419659008839,0.0
geometry.M1_WHITENED.6.3,1.617454936071758,1.617454936071758,0.0
geometry.M1_WHITENED.6.4,1.3208348523498794,1.3208348523498794,0.0
geometry.M1_WHITENED.6.5,1.5017973541120226,1.5017973541120226,0.0
geometry.M1_WHITENED.6.6,0.0,0.0,0.0
geometry.M1_WHITENED.6.7,2.0,2.0,0.0
geometry.M1_WHITENED.6.8,1.405321349903526,1.405321349903526,0.0
geometry.M1_WHITENED.6.9,1.4230502111680148,1.4230502111680148,0.0
geometry.M1_WHITENED.7.0,1.4153686083222656,1.4153686083222656,0.0
geometry.M1_WHITENED.7.1,1.4130575722793084,1.4130575722793084,0.0
geometry.M1_WHITENED.7.10,1.7037108691535856,1.7037108691535856,0.0
geometry.M1_WHITENED.7.11,1.047553948170658,1.047553948170658,0.0
geometry.M1_WHITENED.7.12,1.4526489033539391,1.4526489033539391,0.0
geometry.M1_WHITENED.7.13,1.3747040276308926,1.3747040276308926,0.0
geometry.M1_WHITENED.7.14,1.7345463530557026,1.7345463530557026,0.0
geometry.M1_WHITENED.7.15,0.9956650787795871,0.9956650787795871,0.0
geometry.M1_WHITENED.7.16,1.4534646602202235,1.4534646602202235,0.0
geometry.M1_WHITENED.7.17,1.3738415052293733,1.3738415052293733,0.0
geometry.M1_WHITENED.7.18,1.7883537694890064,1.7883537694890064,0.0
geometry.M1_WHITENED.7.19,0.8954277163202298,0.8954277163202298,0.0
geometry.M1_WHITENED.7.2,1.617454936071758,1.617454936071758,0.0
geometry.M1_WHITENED.7.20,1.4270539671600002,1.4270539671600002,0.0
geometry.M1_WHITENED.7.21,1.4012554994764177,1.4012554994764177,0.0
geometry.M1_WHITENED.7.22,1.5709419659008839,1.5709419659008839,0.0
geometry.M1_WHITENED.7.23,1.2377969703353884,1.2377969703353884,0.0
geometry.M1_WHITENED.7.3,1.176367089720341,1.176367089720341,0.0
geometry.M1_WHITENED.7.4,1.5017973541120226,1.5017973541120226,0.0
geometry.M1_WHITENED.7.5,1.3208348523498794,1.3208348523498794,0.0
geometry.M1_WHITENED.7.6,2.0,2.0,0.0
geometry.M1_WHITENED.7.7,0.0,0.0,0.0
geometry.M1_WHITENED.7.8,1.4230502111680148,1.4230502111680148,0.0
geometry.M1_WHITENED.7.9,1.405321349903526,1.405321349903526,0.0
geometry.M1_WHITENED.8.0,1.332660955247708,1.332660955247708,0.0
geometry.M1_WHITENED.8.1,1.4913131054068647,1.4913131054068647,0.0
geometry.M1_WHITENED.8.10,1.2710799183720922,1.2710799183720922,0.0
geometry.M1_WHITENED.8.11,1.5441359529235743,1.5441359529235743,0.0
geometry.M1_WHITENED.8.12,1.0849613859761253,1.0849613859761253,0.0
geometry.M1_WHITENED.8.13,1.6801365393743346,1.6801365393743346,0.0
geometry.M1_WHITENED.8.14,1.436287396100009,1.436287396100009,0.0
geometry.M1_WHITENED.8.15,1.391789680880073,1.391789680880073,0.0
geometry.M1_WHITENED.8.16,1.3202403322516478,1.3202403322516478,0.0
geometry.M1_WHITENED.8.17,1.5023200275227842,1.5023200275227842,0.0
geometry.M1_WHITENED.8.18,1.4393491630694741,1.4393491630694741,0.0
geometry.M1_WHITENED.8.19,1.3886230542415765,1.3886230542415765,0.0
geometry.M1_WHITENED.8.2,1.459645522375298,1.459645522375298,0.0
geometry.M1_WHITENED.8.20,1.0269198699831426,1.0269198699831426,0.0
geometry.M1_WHITENED.8.21,1.7162271355021181,1.7162271355021181,0.0
geometry.M1_WHITENED.8.22,1.4174961632741472,1.4174961632741472,0.0
geometry.M1_WHITENED.8.23,1.4109233243174741,1.4109233243174741,0.0
geometry.M1_WHITENED.8.3,1.3672728144045516,1.3672728144045516,0.0
geometry.M1_WHITENED.8.4,0.958811943354183,0.958811943354183,0.0
geometry.M1_WHITENED.8.5,1.7551865021362758,1.7551865021362758,0.0
geometry.M1_WHITENED.8.6,1.405321349903526,1.405321349903526,0.0
geometry.M1_WHITENED.8.7,1.4230502111680148,1.4230502111680148,0.0
geometry.M1_WHITENED.8.8,0.0,0.0,0.0
geometry.M1_WHITENED.8.9,2.0,2.0,0.0
geometry.M1_WHITENED.9.0,1.4913131054068647,1.4913131054068647,0.0
geometry.M1_WHITENED.9.1,1.332660955247708,1.332660955247708,0.0
geometry.M1_WHITENED.9.10,1.5441359529235743,1.5441359529235743,0.0
geometry.M1_WHITENED.9.11,1.2710799183720922,1.2710799183720922,0.0
geometry.M1_WHITENED.9.12,1.6801365393743346,1.6801365393743346,0.0
geometry.M1_WHITENED.9.13,1.0849613859761253,1.0849613859761253,0.0
geometry.M1_WHITENED.9.14,1.391789680880073,1.391789680880073,0.0
geometry.M1_WHITENED.9.15,1.436287396100009,1.436287396100009,0.0
geometry.M1_WHITENED.9.16,1.5023200275227842,1.5023200275227842,0.0
geometry.M1_WHITENED.9.17,1.3202403322516478,1.3202403322516478,0.0
geometry.M1_WHITENED.9.18,1.3886230542415765,1.3886230542415765,0.0
geometry.M1_WHITENED.9.19,1.4393491630694741,1.4393491630694741,0.0
geometry.M1_WHITENED.9.2,1.3672728144045516,1.3672728144045516,0.0
geometry.M1_WHITENED.9.20,1.7162271355021181,1.7162271355021181,0.0
geometry.M1_WHITENED.9.21,1.0269198699831426,1.0269198699831426,0.0
geometry.M1_WHITENED.9.22,1.4109233243174741,1.4109233243174741,0.0
geometry.M1_WHITENED.9.23,1.4174961632741472,1.4174961632741472,0.0
geometry.M1_WHITENED.9.3,1.459645522375298,1.459645522375298,0.0
geometry.M1_WHITENED.9.4,1.7551865021362758,1.7551865021362758,0.0
geometry.M1_WHITENED.9.5,0.958811943354183,0.958811943354183,0.0
geometry.M1_WHITENED.9.6,1.4230502111680148,1.4230502111680148,0.0
geometry.M1_WHITENED.9.7,1.405321349903526,1.405321349903526,0.0
geometry.M1_WHITENED.9.8,2.0,2.0,0.0
geometry.M1_WHITENED.9.9,0.0,0.0,0.0
geometry.M2_FINITE_SECANT.0.0,0.0,0.0,0.0
geometry.M2_FINITE_SECANT.0.1,0.038856159047537725,0.038856159047537725,0.0
geometry.M2_FINITE_SECANT.0.10,0.07204331520775885,0.07204331520775885,0.0
geometry.M2_FINITE_SECANT.0.11,0.15364461481432806,0.15364461481432806,0.0
geometry.M2_FINITE_SECANT.0.12,0.09044099168212599,0.09044099168212599,0.0
geometry.M2_FINITE_SECANT.0.13,0.039320971909453314,0.039320971909453314,0.0
geometry.M2_FINITE_SECANT.0.14,0.10066349961350535,0.10066349961350535,0.0
geometry.M2_FINITE_SECANT.0.15,0.09942674003116808,0.09942674003116808,0.0
geometry.M2_FINITE_SECANT.0.16,0.022949023463926983,0.022949023463926983,0.0
geometry.M2_FINITE_SECANT.0.17,0.051916069196717374,0.051916069196717374,0.0
geometry.M2_FINITE_SECANT.0.18,0.030313306992932734,0.030313306992932734,0.0
geometry.M2_FINITE_SECANT.0.19,0.04212104710376612,0.04212104710376612,0.0
geometry.M2_FINITE_SECANT.0.2,0.02158879599471162,0.02158879599471162,0.0
geometry.M2_FINITE_SECANT.0.20,0.02052104489189428,0.02052104489189428,0.0
geometry.M2_FINITE_SECANT.0.21,0.030870900216348255,0.030870900216348255,0.0
geometry.M2_FINITE_SECANT.0.22,0.026005210122647067,0.026005210122647067,0.0
geometry.M2_FINITE_SECANT.0.23,0.04058509357508425,0.04058509357508425,0.0
geometry.M2_FINITE_SECANT.0.3,0.06381897434218098,0.06381897434218098,0.0
geometry.M2_FINITE_SECANT.0.4,0.056953028687766465,0.056953028687766465,0.0
geometry.M2_FINITE_SECANT.0.5,0.03235615878818514,0.03235615878818514,0.0
geometry.M2_FINITE_SECANT.0.6,0.0565912229181788,0.0565912229181788,0.0
geometry.M2_FINITE_SECANT.0.7,0.0843692168958655,0.0843692168958655,0.0
geometry.M2_FINITE_SECANT.0.8,0.02860326349836166,0.02860326349836166,0.0
geometry.M2_FINITE_SECANT.0.9,0.038670023042711076,0.038670023042711076,0.0
geometry.M2_FINITE_SECANT.1.0,0.038856159047537725,0.038856159047537725,0.0
geometry.M2_FINITE_SECANT.1.1,0.0,0.0,0.0
geometry.M2_FINITE_SECANT.1.10,0.08683150957781333,0.08683150957781333,0.0
geometry.M2_FINITE_SECANT.1.11,0.1378273231475265,0.1378273231475265,0.0
geometry.M2_FINITE_SECANT.1.12,0.11403476518069171,0.11403476518069171,0.0
geometry.M2_FINITE_SECANT.1.13,0.022810941411057606,0.022810941411057606,0.0
geometry.M2_FINITE_SECANT.1.14,0.11410787233298533,0.11410787233298533,0.0
geometry.M2_FINITE_SECANT.1.15,0.08599689038879056,0.08599689038879056,0.0
geometry.M2_FINITE_SECANT.1.16,0.031033109596050268,0.031033109596050268,0.0
geometry.M2_FINITE_SECANT.1.17,0.04226523068332929,0.04226523068332929,0.0
geometry.M2_FINITE_SECANT.1.18,0.02809226754142766,0.02809226754142766,0.0
geometry.M2_FINITE_SECANT.1.19,0.0457176785768175,0.0457176785768175,0.0
geometry.M2_FINITE_SECANT.1.2,0.030573587754359182,0.030573587754359182,0.0
geometry.M2_FINITE_SECANT.1.20,0.0330707351291901,0.0330707351291901,0.0
geometry.M2_FINITE_SECANT.1.21,0.02166620751994608,0.02166620751994608,0.0
geometry.M2_FINITE_SECANT.1.22,0.025905484657235002,0.025905484657235002,0.0
geometry.M2_FINITE_SECANT.1.23,0.04242216595438162,0.04242216595438162,0.0
geometry.M2_FINITE_SECANT.1.3,0.04935607981532424,0.04935607981532424,0.0
geometry.M2_FINITE_SECANT.1.4,0.07426967265955849,0.07426967265955849,0.0
geometry.M2_FINITE_SECANT.1.5,0.02261542507100179,0.02261542507100179,0.0
geometry.M2_FINITE_SECANT.1.6,0.06455715773062788,0.06455715773062788,0.0
geometry.M2_FINITE_SECANT.1.7,0.07549042778548294,0.07549042778548294,0.0
geometry.M2_FINITE_SECANT.1.8,0.03973653723680668,0.03973653723680668,0.0
geometry.M2_FINITE_SECANT.1.9,0.02893705103771081,0.02893705103771081,0.0
geometry.M2_FINITE_SECANT.10.0,0.07204331520775885,0.07204331520775885,0.0
geometry.M2_FINITE_SECANT.10.1,0.08683150957781333,0.08683150957781333,0.0
geometry.M2_FINITE_SECANT.10.10,0.0,0.0,0.0
geometry.M2_FINITE_SECANT.10.11,0.21330848574526912,0.21330848574526912,0.0
geometry.M2_FINITE_SECANT.10.12,0.09848502788161165,0.09848502788161165,0.0
geometry.M2_FINITE_SECANT.10.13,0.09007345803777612,0.09007345803777612,0.0
geometry.M2_FINITE_SECANT.10.14,0.0824558531261725,0.0824558531261725,0.0
geometry.M2_FINITE_SECANT.10.15,0.149386821320223,0.149386821320223,0.0
geometry.M2_FINITE_SECANT.10.16,0.07959453702769759,0.07959453702769759,0.0
geometry.M2_FINITE_SECANT.10.17,0.0849160899566263,0.0849160899566263,0.0
geometry.M2_FINITE_SECANT.10.18,0.0742752763018803,0.0742752763018803,0.0
geometry.M2_FINITE_SECANT.10.19,0.09772188689198764,0.09772188689198764,0.0
geometry.M2_FINITE_SECANT.10.2,0.07075067895383476,0.07075067895383476,0.0
geometry.M2_FINITE_SECANT.10.20,0.07166873797417055,0.07166873797417055,0.0
geometry.M2_FINITE_SECANT.10.21,0.08491587206851277,0.08491587206851277,0.0
geometry.M2_FINITE_SECANT.10.22,0.07277743038514826,0.07277743038514826,0.0
geometry.M2_FINITE_SECANT.10.23,0.09746905778472918,0.09746905778472918,0.0
geometry.M2_FINITE_SECANT.10.3,0.11641030549441192,0.11641030549441192,0.0
geometry.M2_FINITE_SECANT.10.4,0.08692111852299404,0.08692111852299404,0.0
geometry.M2_FINITE_SECANT.10.5,0.0808950856948497,0.0808950856948497,0.0
geometry.M2_FINITE_SECANT.10.6,0.0658633384525261,0.0658633384525261,0.0
geometry.M2_FINITE_SECANT.10.7,0.13523197042607693,0.13523197042607693,0.0
geometry.M2_FINITE_SECANT.10.8,0.06348334839594742,0.06348334839594742,0.0
geometry.M2_FINITE_SECANT.10.9,0.09700396101066842,0.09700396101066842,0.0
geometry.M2_FINITE_SECANT.11.0,0.15364461481432806,0.15364461481432806,0.0
geometry.M2_FINITE_SECANT.11.1,0.1378273231475265,0.1378273231475265,0.0
geometry.M2_FINITE_SECANT.11.10,0.21330848574526912,0.21330848574526912,0.0
geometry.M2_FINITE_SECANT.11.11,0.0,0.0,0.0
geometry.M2_FINITE_SECANT.11.12,0.2039811698322603,0.2039811698322603,0.0
geometry.M2_FINITE_SECANT.11.13,0.136052262228583,0.136052262228583,0.0
geometry.M2_FINITE_SECANT.11.14,0.2202037448233106,0.2202037448233106,0.0
geometry.M2_FINITE_SECANT.11.15,0.11025207188889431,0.11025207188889431,0.0
geometry.M2_FINITE_SECANT.11.16,0.14571048876582485,0.14571048876582485,0.0
geometry.M2_FINITE_SECANT.11.17,0.15122170342681143,0.15122170342681143,0.0
geometry.M2_FINITE_SECANT.11.18,0.15136312850213704,0.15136312850213704,0.0
geometry.M2_FINITE_SECANT.11.19,0.13536408280465717,0.13536408280465717,0.0
geometry.M2_FINITE_SECANT.11.2,0.15247846783689337,0.15247846783689337,0.0
geometry.M2_FINITE_SECANT.11.20,0.15179940016272084,0.15179940016272084,0.0
geometry.M2_FINITE_SECANT.11.21,0.13980471199593283,0.13980471199593283,0.0
geometry.M2_FINITE_SECANT.11.22,0.1499010334623251,0.1499010334623251,0.0
geometry.M2_FINITE_SECANT.11.23,0.13681331034052246,0.13681331034052246,0.0
geometry.M2_FINITE_SECANT.11.3,0.12244072034812817,0.12244072034812817,0.0
geometry.M2_FINITE_SECANT.11.4,0.17024755957533258,0.17024755957533258,0.0
geometry.M2_FINITE_SECANT.11.5,0.14281959781598513,0.14281959781598513,0.0
geometry.M2_FINITE_SECANT.11.6,0.1798444956974743,0.1798444956974743,0.0
geometry.M2_FINITE_SECANT.11.7,0.11497569322129214,0.11497569322129214,0.0
geometry.M2_FINITE_SECANT.11.8,0.1611626524696796,0.1611626524696796,0.0
geometry.M2_FINITE_SECANT.11.9,0.130468833462751,0.130468833462751,0.0
geometry.M2_FINITE_SECANT.12.0,0.09044099168212599,0.09044099168212599,0.0
geometry.M2_FINITE_SECANT.12.1,0.11403476518069171,0.11403476518069171,0.0
geometry.M2_FINITE_SECANT.12.10,0.09848502788161165,0.09848502788161165,0.0
geometry.M2_FINITE_SECANT.12.11,0.2039811698322603,0.2039811698322603,0.0
geometry.M2_FINITE_SECANT.12.12,0.0,0.0,0.0
geometry.M2_FINITE_SECANT.12.13,0.12259824912129114,0.12259824912129114,0.0
geometry.M2_FINITE_SECANT.12.14,0.12097305971600024,0.12097305971600024,0.0
geometry.M2_FINITE_SECANT.12.15,0.15254312119296354,0.15254312119296354,0.0
geometry.M2_FINITE_SECANT.12.16,0.099445100400254,0.099445100400254,0.0
geometry.M2_FINITE_SECANT.12.17,0.11370739501850462,0.11370739501850462,0.0
geometry.M2_FINITE_SECANT.12.18,0.10628702630495612,0.10628702630495612,0.0
geometry.M2_FINITE_SECANT.12.19,0.10077388568453512,0.10077388568453512,0.0
geometry.M2_FINITE_SECANT.12.2,0.09937782488227201,0.09937782488227201,0.0
geometry.M2_FINITE_SECANT.12.20,0.09044733724091056,0.09044733724091056,0.0
geometry.M2_FINITE_SECANT.12.21,0.11113075761685566,0.11113075761685566,0.0
geometry.M2_FINITE_SECANT.12.22,0.10396206778655732,0.10396206778655732,0.0
geometry.M2_FINITE_SECANT.12.23,0.1012286448384757,0.1012286448384757,0.0
geometry.M2_FINITE_SECANT.12.3,0.12016998697497167,0.12016998697497167,0.0
geometry.M2_FINITE_SECANT.12.4,0.07089741893430282,0.07089741893430282,0.0
geometry.M2_FINITE_SECANT.12.5,0.11195021866718594,0.11195021866718594,0.0
geometry.M2_FINITE_SECANT.12.6,0.10846830785452846,0.10846830785452846,0.0
geometry.M2_FINITE_SECANT.12.7,0.1349289767647253,0.1349289767647253,0.0
geometry.M2_FINITE_SECANT.12.8,0.0854080382586287,0.0854080382586287,0.0
geometry.M2_FINITE_SECANT.12.9,0.11865512328939412,0.11865512328939412,0.0
geometry.M2_FINITE_SECANT.13.0,0.039320971909453314,0.039320971909453314,0.0
geometry.M2_FINITE_SECANT.13.1,0.022810941411057606,0.022810941411057606,0.0
geometry.M2_FINITE_SECANT.13.10,0.09007345803777612,0.09007345803777612,0.0
geometry.M2_FINITE_SECANT.13.11,0.136052262228583,0.136052262228583,0.0
geometry.M2_FINITE_SECANT.13.12,0.12259824912129114,0.12259824912129114,0.0
geometry.M2_FINITE_SECANT.13.13,0.0,0.0,0.0
geometry.M2_FINITE_SECANT.13.14,0.11427882069313491,0.11427882069313491,0.0
geometry.M2_FINITE_SECANT.13.15,0.0871792968189416,0.0871792968189416,0.0
geometry.M2_FINITE_SECANT.13.16,0.031603092382702556,0.031603092382702556,0.0
geometry.M2_FINITE_SECANT.13.17,0.048128790259387336,0.048128790259387336,0.0
geometry.M2_FINITE_SECANT.13.18,0.03047379115741291,0.03047379115741291,0.0
geometry.M2_FINITE_SECANT.13.19,0.04751246140321523,0.04751246140321523,0.0
geometry.M2_FINITE_SECANT.13.2,0.03192793287741597,0.03192793287741597,0.0
geometry.M2_FINITE_SECANT.13.20,0.038139756791105595,0.038139756791105595,0.0
geometry.M2_FINITE_SECANT.13.21,0.020894165663235358,0.020894165663235358,0.0
geometry.M2_FINITE_SECANT.13.22,0.028241260421871788,0.028241260421871788,0.0
geometry.M2_FINITE_SECANT.13.23,0.0458692988813227,0.0458692988813227,0.0
geometry.M2_FINITE_SECANT.13.3,0.05583618259304677,0.05583618259304677,0.0
geometry.M2_FINITE_SECANT.13.4,0.08077883663257568,0.08077883663257568,0.0
geometry.M2_FINITE_SECANT.13.5,0.02149686231564617,0.02149686231564617,0.0
geometry.M2_FINITE_SECANT.13.6,0.06483726015686474,0.06483726015686474,0.0
geometry.M2_FINITE_SECANT.13.7,0.07751656514925481,0.07751656514925481,0.0
geometry.M2_FINITE_SECANT.13.8,0.04688175195184772,0.04688175195184772,0.0
geometry.M2_FINITE_SECANT.13.9,0.02361147427909057,0.02361147427909057,0.0
geometry.M2_FINITE_SECANT.14.0,0.10066349961350535,0.10066349961350535,0.0
geometry.M2_FINITE_SECANT.14.1,0.11410787233298533,0.11410787233298533,0.0
geometry.M2_FINITE_SECANT.14.10,0.0824558531261725,0.0824558531261725,0.0
geometry.M2_FINITE_SECANT.14.11,0.2202037448233106,0.2202037448233106,0.0
geometry.M2_FINITE_SECANT.14.12,0.12097305971600024,0.12097305971600024,0.0
geometry.M2_FINITE_SECANT.14.13,0.11427882069313491,0.11427882069313491,0.0
geometry.M2_FINITE_SECANT.14.14,0.0,0.0,0.0
geometry.M2_FINITE_SECANT.14.15,0.1890366537638402,0.1890366537638402,0.0
geometry.M2_FINITE_SECANT.14.16,0.10556762181735385,0.10556762181735385,0.0
geometry.M2_FINITE_SECANT.14.17,0.11671847870285411,0.11671847870285411,0.0
geometry.M2_FINITE_SECANT.14.18,0.09662733488673667,0.09662733488673667,0.0
geometry.M2_FINITE_SECANT.14.19,0.13048506352605874,0.13048506352605874,0.0
geometry.M2_FINITE_SECANT.14.2,0.09727862595543428,0.09727862595543428,0.0
geometry.M2_FINITE_SECANT.14.20,0.10211467739286824,0.10211467739286824,0.0
geometry.M2_FINITE_SECANT.14.21,0.11053308732081438,0.11053308732081438,0.0
geometry.M2_FINITE_SECANT.14.22,0.10088349537648,0.10088349537648,0.0
geometry.M2_FINITE_SECANT.14.23,0.1244463575638676,0.1244463575638676,0.0
geometry.M2_FINITE_SECANT.14.3,0.14527365346435303,0.14527365346435303,0.0
geometry.M2_FINITE_SECANT.14.4,0.12125203197529992,0.12125203197529992,0.0
geometry.M2_FINITE_SECANT.14.5,0.10615261198351532,0.10615261198351532,0.0
geometry.M2_FINITE_SECANT.14.6,0.07660992015921275,0.07660992015921275,0.0
geometry.M2_FINITE_SECANT.14.7,0.16692077440460218,0.16692077440460218,0.0
geometry.M2_FINITE_SECANT.14.8,0.10073609995013216,0.10073609995013216,0.0
geometry.M2_FINITE_SECANT.14.9,0.11545350360996362,0.11545350360996362,0.0
geometry.M2_FINITE_SECANT.15.0,0.09942674003116808,0.09942674003116808,0.0
geometry.M2_FINITE_SECANT.15.1,0.08599689038879056,0.08599689038879056,0.0
geometry.M2_FINITE_SECANT.15.10,0.149386821320223,0.149386821320223,0.0
geometry.M2_FINITE_SECANT.15.11,0.11025207188889431,0.11025207188889431,0.0
geometry.M2_FINITE_SECANT.15.12,0.15254312119296354,0.15254312119296354,0.0
geometry.M2_FINITE_SECANT.15.13,0.0871792968189416,0.0871792968189416,0.0
geometry.M2_FINITE_SECANT.15.14,0.1890366537638402,0.1890366537638402,0.0
geometry.M2_FINITE_SECANT.15.15,0.0,0.0,0.0
geometry.M2_FINITE_SECANT.15.16,0.09443045616243648,0.09443045616243648,0.0
geometry.M2_FINITE_SECANT.15.17,0.09491262154838137,0.09491262154838137,0.0
geometry.M2_FINITE_SECANT.15.18,0.10315311117347795,0.10315311117347795,0.0
geometry.M2_FINITE_SECANT.15.19,0.07450489516308009,0.07450489516308009,0.0
geometry.M2_FINITE_SECANT.15.2,0.10047885357426792,0.10047885357426792,0.0
geometry.M2_FINITE_SECANT.15.20,0.09653111821177947,0.09653111821177947,0.0
geometry.M2_FINITE_SECANT.15.21,0.08898415006844113,0.08898415006844113,0.0
geometry.M2_FINITE_SECANT.15.22,0.09662483451456029,0.09662483451456029,0.0
geometry.M2_FINITE_SECANT.15.23,0.08579301767201113,0.08579301767201113,0.0
geometry.M2_FINITE_SECANT.15.3,0.0687324409537429,0.0687324409537429,0.0
geometry.M2_FINITE_SECANT.15.4,0.11098720006249994,0.11098720006249994,0.0
geometry.M2_FINITE_SECANT.15.5,0.09322892427760439,0.09322892427760439,0.0
geometry.M2_FINITE_SECANT.15.6,0.13530152218477798,0.13530152218477798,0.0
geometry.M2_FINITE_SECANT.15.7,0.061836538925800245,0.061836538925800245,0.0
geometry.M2_FINITE_SECANT.15.8,0.10059830048964519,0.10059830048964519,0.0
geometry.M2_FINITE_SECANT.15.9,0.08945122972008053,0.08945122972008053,0.0
geometry.M2_FINITE_SECANT.16.0,0.022949023463926983,0.022949023463926983,0.0
geometry.M2_FINITE_SECANT.16.1,0.031033109596050268,0.031033109596050268,0.0
geometry.M2_FINITE_SECANT.16.10,0.07959453702769759,0.07959453702769759,0.0
geometry.M2_FINITE_SECANT.16.11,0.14571048876582485,0.14571048876582485,0.0
geometry.M2_FINITE_SECANT.16.12,0.099445100400254,0.099445100400254,0.0
geometry.M2_FINITE_SECANT.16.13,0.031603092382702556,0.031603092382702556,0.0
geometry.M2_FINITE_SECANT.16.14,0.10556762181735385,0.10556762181735385,0.0
geometry.M2_FINITE_SECANT.16.15,0.09443045616243648,0.09443045616243648,0.0
geometry.M2_FINITE_SECANT.16.16,0.0,0.0,0.0
geometry.M2_FINITE_SECANT.16.17,0.05832032844481645,0.05832032844481645,0.0
geometry.M2_FINITE_SECANT.16.18,0.02541108328500408,0.02541108328500408,0.0
geometry.M2_FINITE_SECANT.16.19,0.04391889133121446,0.04391889133121446,0.0
geometry.M2_FINITE_SECANT.16.2,0.02255519021408688,0.02255519021408688,0.0
geometry.M2_FINITE_SECANT.16.20,0.024746223066467957,0.024746223066467957,0.0
geometry.M2_FINITE_SECANT.16.21,0.025478827443862526,0.025478827443862526,0.0
geometry.M2_FINITE_SECANT.16.22,0.025367903636341595,0.025367903636341595,0.0
geometry.M2_FINITE_SECANT.16.23,0.035805726867232816,0.035805726867232816,0.0
geometry.M2_FINITE_SECANT.16.3,0.057657418816811946,0.057657418816811946,0.0
geometry.M2_FINITE_SECANT.16.4,0.059074007256733244,0.059074007256733244,0.0
geometry.M2_FINITE_SECANT.16.5,0.029620700636709997,0.029620700636709997,0.0
geometry.M2_FINITE_SECANT.16.6,0.0545746913595654,0.0545746913595654,0.0
geometry.M2_FINITE_SECANT.16.7,0.08398260783526318,0.08398260783526318,0.0
geometry.M2_FINITE_SECANT.16.8,0.03461813615013303,0.03461813615013303,0.0
geometry.M2_FINITE_SECANT.16.9,0.03021422542762848,0.03021422542762848,0.0
geometry.M2_FINITE_SECANT.17.0,0.051916069196717374,0.051916069196717374,0.0
geometry.M2_FINITE_SECANT.17.1,0.04226523068332929,0.04226523068332929,0.0
geometry.M2_FINITE_SECANT.17.10,0.0849160899566263,0.0849160899566263,0.0
geometry.M2_FINITE_SECANT.17.11,0.15122170342681143,0.15122170342681143,0.0
geometry.M2_FINITE_SECANT.17.12,0.11370739501850462,0.11370739501850462,0.0
geometry.M2_FINITE_SECANT.17.13,0.048128790259387336,0.048128790259387336,0.0
geometry.M2_FINITE_SECANT.17.14,0.11671847870285411,0.11671847870285411,0.0
geometry.M2_FINITE_SECANT.17.15,0.09491262154838137,0.09491262154838137,0.0
geometry.M2_FINITE_SECANT.17.16,0.05832032844481645,0.05832032844481645,0.0
geometry.M2_FINITE_SECANT.17.17,0.0,0.0,0.0
geometry.M2_FINITE_SECANT.17.18,0.051325567470424945,0.051325567470424945,0.0
geometry.M2_FINITE_SECANT.17.19,0.052659881873747434,0.052659881873747434,0.0
geometry.M2_FINITE_SECANT.17.2,0.046507970058678745,0.046507970058678745,0.0
geometry.M2_FINITE_SECANT.17.20,0.046719743029724384,0.046719743029724384,0.0
geometry.M2_FINITE_SECANT.17.21,0.04509306704783293,0.04509306704783293,0.0
geometry.M2_FINITE_SECANT.17.22,0.04272390709732217,0.04272390709732217,0.0
geometry.M2_FINITE_SECANT.17.23,0.06255066800426277,0.06255066800426277,0.0
geometry.M2_FINITE_SECANT.17.3,0.06808910713392664,0.06808910713392664,0.0
geometry.M2_FINITE_SECANT.17.4,0.08669983523477122,0.08669983523477122,0.0
geometry.M2_FINITE_SECANT.17.5,0.04046035977636323,0.04046035977636323,0.0
geometry.M2_FINITE_SECANT.17.6,0.08097230909014737,0.08097230909014737,0.0
geometry.M2_FINITE_SECANT.17.7,0.07601354309894148,0.07601354309894148,0.0
geometry.M2_FINITE_SECANT.17.8,0.04556071943678552,0.04556071943678552,0.0
geometry.M2_FINITE_SECANT.17.9,0.05578335194950183,0.05578335194950183,0.0
geometry.M2_FINITE_SECANT.18.0,0.030313306992932734,0.030313306992932734,0.0
geometry.M2_FINITE_SECANT.18.1,0.02809226754142766,0.02809226754142766,0.0
geometry.M2_FINITE_SECANT.18.10,0.0742752763018803,0.0742752763018803,0.0
geometry.M2_FINITE_SECANT.18.11,0.15136312850213704,0.15136312850213704,0.0
geometry.M2_FINITE_SECANT.18.12,0.10628702630495612,0.10628702630495612,0.0
geometry.M2_FINITE_SECANT.18.13,0.03047379115741291,0.03047379115741291,0.0
geometry.M2_FINITE_SECANT.18.14,0.09662733488673667,0.09662733488673667,0.0
geometry.M2_FINITE_SECANT.18.15,0.10315311117347795,0.10315311117347795,0.0
geometry.M2_FINITE_SECANT.18.16,0.02541108328500408,0.02541108328500408,0.0
geometry.M2_FINITE_SECANT.18.17,0.051325567470424945,0.051325567470424945,0.0
geometry.M2_FINITE_SECANT.18.18,0.0,0.0,0.0
geometry.M2_FINITE_SECANT.18.19,0.05719619413267348,0.05719619413267348,0.0
geometry.M2_FINITE_SECANT.18.2,0.020670220770200025,0.020670220770200025,0.0
geometry.M2_FINITE_SECANT.18.20,0.03029463517776723,0.03029463517776723,0.0
geometry.M2_FINITE_SECANT.18.21,0.026431892522568223,0.026431892522568223,0.0
geometry.M2_FINITE_SECANT.18.22,0.022779733282638197,0.022779733282638197,0.0
geometry.M2_FINITE_SECANT.18.23,0.04630194217133096,0.04630194217133096,0.0
geometry.M2_FINITE_SECANT.18.3,0.06590109499129387,0.06590109499129387,0.0
geometry.M2_FINITE_SECANT.18.4,0.06725126459851467,0.06725126459851467,0.0
geometry.M2_FINITE_SECANT.18.5,0.028070116084062943,0.028070116084062943,0.0
geometry.M2_FINITE_SECANT.18.6,0.04417812072979147,0.04417812072979147,0.0
geometry.M2_FINITE_SECANT.18.7,0.09330233203520706,0.09330233203520706,0.0
geometry.M2_FINITE_SECANT.18.8,0.03542338244788306,0.03542338244788306,0.0
geometry.M2_FINITE_SECANT.18.9,0.033112017279184176,0.033112017279184176,0.0
geometry.M2_FINITE_SECANT.19.0,0.04212104710376612,0.04212104710376612,0.0
geometry.M2_FINITE_SECANT.19.1,0.0457176785768175,0.0457176785768175,0.0
geometry.M2_FINITE_SECANT.19.10,0.09772188689198764,0.09772188689198764,0.0
geometry.M2_FINITE_SECANT.19.11,0.13536408280465717,0.13536408280465717,0.0
geometry.M2_FINITE_SECANT.19.12,0.10077388568453512,0.10077388568453512,0.0
geometry.M2_FINITE_SECANT.19.13,0.04751246140321523,0.04751246140321523,0.0
geometry.M2_FINITE_SECANT.19.14,0.13048506352605874,0.13048506352605874,0.0
geometry.M2_FINITE_SECANT.19.15,0.07450489516308009,0.07450489516308009,0.0
geometry.M2_FINITE_SECANT.19.16,0.04391889133121446,0.04391889133121446,0.0
geometry.M2_FINITE_SECANT.19.17,0.052659881873747434,0.052659881873747434,0.0
geometry.M2_FINITE_SECANT.19.18,0.05719619413267348,0.05719619413267348,0.0
geometry.M2_FINITE_SECANT.19.19,0.0,0.0,0.0
geometry.M2_FINITE_SECANT.19.2,0.04766648578549513,0.04766648578549513,0.0
geometry.M2_FINITE_SECANT.19.20,0.0397285687668427,0.0397285687668427,0.0
geometry.M2_FINITE_SECANT.19.21,0.042905418494510045,0.042905418494510045,0.0
geometry.M2_FINITE_SECANT.19.22,0.04550380892841977,0.04550380892841977,0.0
geometry.M2_FINITE_SECANT.19.23,0.04300028498896583,0.04300028498896583,0.0
geometry.M2_FINITE_SECANT.19.3,0.047233805835159896,0.047233805835159896,0.0
geometry.M2_FINITE_SECANT.19.4,0.07015561260557648,0.07015561260557648,0.0
geometry.M2_FINITE_SECANT.19.5,0.04332643980183793,0.04332643980183793,0.0
geometry.M2_FINITE_SECANT.19.6,0.0895901312447032,0.0895901312447032,0.0
geometry.M2_FINITE_SECANT.19.7,0.053845492483469565,0.053845492483469565,0.0
geometry.M2_FINITE_SECANT.19.8,0.0463274791452187,0.0463274791452187,0.0
geometry.M2_FINITE_SECANT.19.9,0.04720551083114784,0.04720551083114784,0.0
geometry.M2_FINITE_SECANT.2.0,0.02158879599471162,0.02158879599471162,0.0
geometry.M2_FINITE_SECANT.2.1,0.030573587754359182,0.030573587754359182,0.0
geometry.M2_FINITE_SECANT.2.10,0.07075067895383476,0.07075067895383476,0.0
geometry.M2_FINITE_SECANT.2.11,0.15247846783689337,0.15247846783689337,0.0
geometry.M2_FINITE_SECANT.2.12,0.09937782488227201,0.09937782488227201,0.0
geometry.M2_FINITE_SECANT.2.13,0.03192793287741597,0.03192793287741597,0.0
geometry.M2_FINITE_SECANT.2.14,0.09727862595543428,0.09727862595543428,0.0
geometry.M2_FINITE_SECANT.2.15,0.10047885357426792,0.10047885357426792,0.0
geometry.M2_FINITE_SECANT.2.16,0.02255519021408688,0.02255519021408688,0.0
geometry.M2_FINITE_SECANT.2.17,0.046507970058678745,0.046507970058678745,0.0
geometry.M2_FINITE_SECANT.2.18,0.020670220770200025,0.020670220770200025,0.0
geometry.M2_FINITE_SECANT.2.19,0.04766648578549513,0.04766648578549513,0.0
geometry.M2_FINITE_SECANT.2.2,0.0,0.0,0.0
geometry.M2_FINITE_SECANT.2.20,0.022798822018812382,0.022798822018812382,0.0
geometry.M2_FINITE_SECANT.2.21,0.026105712161325435,0.026105712161325435,0.0
geometry.M2_FINITE_SECANT.2.22,0.018250499632595726,0.018250499632595726,0.0
geometry.M2_FINITE_SECANT.2.23,0.04440358811675246,0.04440358811675246,0.0
geometry.M2_FINITE_SECANT.2.3,0.0669144794677029,0.0669144794677029,0.0
geometry.M2_FINITE_SECANT.2.4,0.06450552769581744,0.06450552769581744,0.0
geometry.M2_FINITE_SECANT.2.5,0.023936762332306048,0.023936762332306048,0.0
geometry.M2_FINITE_SECANT.2.6,0.05072080808616801,0.05072080808616801,0.0
geometry.M2_FINITE_SECANT.2.7,0.08674046039270687,0.08674046039270687,0.0
geometry.M2_FINITE_SECANT.2.8,0.02902043204344078,0.02902043204344078,0.0
geometry.M2_FINITE_SECANT.2.9,0.0345820562605891,0.0345820562605891,0.0
geometry.M2_FINITE_SECANT.20.0,0.02052104489189428,0.02052104489189428,0.0
geometry.M2_FINITE_SECANT.20.1,0.0330707351291901,0.0330707351291901,0.0
geometry.M2_FINITE_SECANT.20.10,0.07166873797417055,0.07166873797417055,0.0
geometry.M2_FINITE_SECANT.20.11,0.15179940016272084,0.15179940016272084,0.0
geometry.M2_FINITE_SECANT.20.12,0.09044733724091056,0.09044733724091056,0.0
geometry.M2_FINITE_SECANT.20.13,0.038139756791105595,0.038139756791105595,0.0
geometry.M2_FINITE_SECANT.20.14,0.10211467739286824,0.10211467739286824,0.0
geometry.M2_FINITE_SECANT.20.15,0.09653111821177947,0.09653111821177947,0.0
geometry.M2_FINITE_SECANT.20.16,0.024746223066467957,0.024746223066467957,0.0
geometry.M2_FINITE_SECANT.20.17,0.046719743029724384,0.046719743029724384,0.0
geometry.M2_FINITE_SECANT.20.18,0.03029463517776723,0.03029463517776723,0.0
geometry.M2_FINITE_SECANT.20.19,0.0397285687668427,0.0397285687668427,0.0
geometry.M2_FINITE_SECANT.20.2,0.022798822018812382,0.022798822018812382,0.0
geometry.M2_FINITE_SECANT.20.20,0.0,0.0,0.0
geometry.M2_FINITE_SECANT.20.21,0.03254623251635944,0.03254623251635944,0.0
geometry.M2_FINITE_SECANT.20.22,0.022890166818483052,0.022890166818483052,0.0
geometry.M2_FINITE_SECANT.20.23,0.042082224195527894,0.042082224195527894,0.0
geometry.M2_FINITE_SECANT.20.3,0.059337827828616484,0.059337827828616484,0.0
geometry.M2_FINITE_SECANT.20.4,0.058381240119855696,0.058381240119855696,0.0
geometry.M2_FINITE_SECANT.20.5,0.028809978496545353,0.028809978496545353,0.0
geometry.M2_FINITE_SECANT.20.6,0.058997052456251725,0.058997052456251725,0.0
geometry.M2_FINITE_SECANT.20.7,0.07991852779878006,0.07991852779878006,0.0
geometry.M2_FINITE_SECANT.20.8,0.022548593721005136,0.022548593721005136,0.0
geometry.M2_FINITE_SECANT.20.9,0.040076565877205844,0.040076565877205844,0.0
geometry.M2_FINITE_SECANT.21.0,0.030870900216348255,0.030870900216348255,0.0
geometry.M2_FINITE_SECANT.21.1,0.02166620751994608,0.02166620751994608,0.0
geometry.M2_FINITE_SECANT.21.10,0.08491587206851277,0.08491587206851277,0.0
geometry.M2_FINITE_SECANT.21.11,0.13980471199593283,0.13980471199593283,0.0
geometry.M2_FINITE_SECANT.21.12,0.11113075761685566,0.11113075761685566,0.0
geometry.M2_FINITE_SECANT.21.13,0.020894165663235358,0.020894165663235358,0.0
geometry.M2_FINITE_SECANT.21.14,0.11053308732081438,0.11053308732081438,0.0
geometry.M2_FINITE_SECANT.21.15,0.08898415006844113,0.08898415006844113,0.0
geometry.M2_FINITE_SECANT.21.16,0.025478827443862526,0.025478827443862526,0.0
geometry.M2_FINITE_SECANT.21.17,0.04509306704783293,0.04509306704783293,0.0
geometry.M2_FINITE_SECANT.21.18,0.026431892522568223,0.026431892522568223,0.0
geometry.M2_FINITE_SECANT.21.19,0.042905418494510045,0.042905418494510045,0.0
geometry.M2_FINITE_SECANT.21.2,0.026105712161325435,0.026105712161325435,0.0
geometry.M2_FINITE_SECANT.21.20,0.03254623251635944,0.03254623251635944,0.0
geometry.M2_FINITE_SECANT.21.21,0.0,0.0,0.0
geometry.M2_FINITE_SECANT.21.22,0.024560459099411014,0.024560459099411014,0.0
geometry.M2_FINITE_SECANT.21.23,0.03790975677957754,0.03790975677957754,0.0
geometry.M2_FINITE_SECANT.21.3,0.05321745702074844,0.05321745702074844,0.0
geometry.M2_FINITE_SECANT.21.4,0.0711514003966532,0.0711514003966532,0.0
geometry.M2_FINITE_SECANT.21.5,0.021901842797615735,0.021901842797615735,0.0
geometry.M2_FINITE_SECANT.21.6,0.06084075244409846,0.06084075244409846,0.0
geometry.M2_FINITE_SECANT.21.7,0.07797685754198032,0.07797685754198032,0.0
geometry.M2_FINITE_SECANT.21.8,0.03896302116141718,0.03896302116141718,0.0
geometry.M2_FINITE_SECANT.21.9,0.023903367200471953,0.023903367200471953,0.0
geometry.M2_FINITE_SECANT.22.0,0.026005210122647067,0.026005210122647067,0.0
geometry.M2_FINITE_SECANT.22.1,0.025905484657235002,0.025905484657235002,0.0
geometry.M2_FINITE_SECANT.22.10,0.07277743038514826,0.07277743038514826,0.0
geometry.M2_FINITE_SECANT.22.11,0.1499010334623251,0.1499010334623251,0.0
geometry.M2_FINITE_SECANT.22.12,0.10396206778655732,0.10396206778655732,0.0
geometry.M2_FINITE_SECANT.22.13,0.028241260421871788,0.028241260421871788,0.0
geometry.M2_FINITE_SECANT.22.14,0.10088349537648,0.10088349537648,0.0
geometry.M2_FINITE_SECANT.22.15,0.09662483451456029,0.09662483451456029,0.0
geometry.M2_FINITE_SECANT.22.16,0.025367903636341595,0.025367903636341595,0.0
geometry.M2_FINITE_SECANT.22.17,0.04272390709732217,0.04272390709732217,0.0
geometry.M2_FINITE_SECANT.22.18,0.022779733282638197,0.022779733282638197,0.0
geometry.M2_FINITE_SECANT.22.19,0.04550380892841977,0.04550380892841977,0.0
geometry.M2_FINITE_SECANT.22.2,0.018250499632595726,0.018250499632595726,0.0
geometry.M2_FINITE_SECANT.22.20,0.022890166818483052,0.022890166818483052,0.0
geometry.M2_FINITE_SECANT.22.21,0.024560459099411014,0.024560459099411014,0.0
geometry.M2_FINITE_SECANT.22.22,0.0,0.0,0.0
geometry.M2_FINITE_SECANT.22.23,0.049166318151541995,0.049166318151541995,0.0
geometry.M2_FINITE_SECANT.22.3,0.061867366810321414,0.061867366810321414,0.0
geometry.M2_FINITE_SECANT.22.4,0.06978656306383525,0.06978656306383525,0.0
geometry.M2_FINITE_SECANT.22.5,0.019766577748378193,0.019766577748378193,0.0
geometry.M2_FINITE_SECANT.22.6,0.05618311723825243,0.05618311723825243,0.0
geometry.M2_FINITE_SECANT.22.7,0.08154660717132006,0.08154660717132006,0.0
geometry.M2_FINITE_SECANT.22.8,0.029920717243176416,0.029920717243176416,0.0
geometry.M2_FINITE_SECANT.22.9,0.033413739694083566,0.033413739694083566,0.0
geometry.M2_FINITE_SECANT.23.0,0.04058509357508425,0.04058509357508425,0.0
geometry.M2_FINITE_SECANT.23.1,0.04242216595438162,0.04242216595438162,0.0
geometry.M2_FINITE_SECANT.23.10,0.09746905778472918,0.09746905778472918,0.0
geometry.M2_FINITE_SECANT.23.11,0.13681331034052246,0.13681331034052246,0.0
geometry.M2_FINITE_SECANT.23.12,0.1012286448384757,0.1012286448384757,0.0
geometry.M2_FINITE_SECANT.23.13,0.0458692988813227,0.0458692988813227,0.0
geometry.M2_FINITE_SECANT.23.14,0.1244463575638676,0.1244463575638676,0.0
geometry.M2_FINITE_SECANT.23.15,0.08579301767201113,0.08579301767201113,0.0
geometry.M2_FINITE_SECANT.23.16,0.035805726867232816,0.035805726867232816,0.0
geometry.M2_FINITE_SECANT.23.17,0.06255066800426277,0.06255066800426277,0.0
geometry.M2_FINITE_SECANT.23.18,0.04630194217133096,0.04630194217133096,0.0
geometry.M2_FINITE_SECANT.23.19,0.04300028498896583,0.04300028498896583,0.0
geometry.M2_FINITE_SECANT.23.2,0.04440358811675246,0.04440358811675246,0.0
geometry.M2_FINITE_SECANT.23.20,0.042082224195527894,0.042082224195527894,0.0
geometry.M2_FINITE_SECANT.23.21,0.03790975677957754,0.03790975677957754,0.0
geometry.M2_FINITE_SECANT.23.22,0.049166318151541995,0.049166318151541995,0.0
geometry.M2_FINITE_SECANT.23.23,0.0,0.0,0.0
geometry.M2_FINITE_SECANT.23.3,0.0491840637611671,0.0491840637611671,0.0
geometry.M2_FINITE_SECANT.23.4,0.05803945773574767,0.05803945773574767,0.0
geometry.M2_FINITE_SECANT.23.5,0.047161277815654545,0.047161277815654545,0.0
geometry.M2_FINITE_SECANT.23.6,0.07293839644695052,0.07293839644695052,0.0
geometry.M2_FINITE_SECANT.23.7,0.07863997154151438,0.07863997154151438,0.0
geometry.M2_FINITE_SECANT.23.8,0.04852376530934512,0.04852376530934512,0.0
geometry.M2_FINITE_SECANT.23.9,0.04104281583434592,0.04104281583434592,0.0
geometry.M2_FINITE_SECANT.3.0,0.06381897434218098,0.06381897434218098,0.0
geometry.M2_FINITE_SECANT.3.1,0.04935607981532424,0.04935607981532424,0.0
geometry.M2_FINITE_SECANT.3.10,0.11641030549441192,0.11641030549441192,0.0
geometry.M2_FINITE_SECANT.3.11,0.12244072034812817,0.12244072034812817,0.0
geometry.M2_FINITE_SECANT.3.12,0.12016998697497167,0.12016998697497167,0.0
geometry.M2_FINITE_SECANT.3.13,0.05583618259304677,0.05583618259304677,0.0
geometry.M2_FINITE_SECANT.3.14,0.14527365346435303,0.14527365346435303,0.0
geometry.M2_FINITE_SECANT.3.15,0.0687324409537429,0.0687324409537429,0.0
geometry.M2_FINITE_SECANT.3.16,0.057657418816811946,0.057657418816811946,0.0
geometry.M2_FINITE_SECANT.3.17,0.06808910713392664,0.06808910713392664,0.0
geometry.M2_FINITE_SECANT.3.18,0.06590109499129387,0.06590109499129387,0.0
geometry.M2_FINITE_SECANT.3.19,0.047233805835159896,0.047233805835159896,0.0
geometry.M2_FINITE_SECANT.3.2,0.0669144794677029,0.0669144794677029,0.0
geometry.M2_FINITE_SECANT.3.20,0.059337827828616484,0.059337827828616484,0.0
geometry.M2_FINITE_SECANT.3.21,0.05321745702074844,0.05321745702074844,0.0
geometry.M2_FINITE_SECANT.3.22,0.061867366810321414,0.061867366810321414,0.0
geometry.M2_FINITE_SECANT.3.23,0.0491840637611671,0.0491840637611671,0.0
geometry.M2_FINITE_SECANT.3.3,0.0,0.0,0.0
geometry.M2_FINITE_SECANT.3.4,0.08038987277011835,0.08038987277011835,0.0
geometry.M2_FINITE_SECANT.3.5,0.05895306818580105,0.05895306818580105,0.0
geometry.M2_FINITE_SECANT.3.6,0.09799733433053379,0.09799733433053379,0.0
geometry.M2_FINITE_SECANT.3.7,0.062306190546164694,0.062306190546164694,0.0
geometry.M2_FINITE_SECANT.3.8,0.0662056714298224,0.0662056714298224,0.0
geometry.M2_FINITE_SECANT.3.9,0.053728294831083816,0.053728294831083816,0.0
geometry.M2_FINITE_SECANT.4.0,0.056953028687766465,0.056953028687766465,0.0
geometry.M2_FINITE_SECANT.4.1,0.07426967265955849,0.07426967265955849,0.0
geometry.M2_FINITE_SECANT.4.10,0.08692111852299404,0.08692111852299404,0.0
geometry.M2_FINITE_SECANT.4.11,0.17024755957533258,0.17024755957533258,0.0
geometry.M2_FINITE_SECANT.4.12,0.07089741893430282,0.07089741893430282,0.0
geometry.M2_FINITE_SECANT.4.13,0.08077883663257568,0.08077883663257568,0.0
geometry.M2_FINITE_SECANT.4.14,0.12125203197529992,0.12125203197529992,0.0
geometry.M2_FINITE_SECANT.4.15,0.11098720006249994,0.11098720006249994,0.0
geometry.M2_FINITE_SECANT.4.16,0.059074007256733244,0.059074007256733244,0.0
geometry.M2_FINITE_SECANT.4.17,0.08669983523477122,0.08669983523477122,0.0
geometry.M2_FINITE_SECANT.4.18,0.06725126459851467,0.06725126459851467,0.0
geometry.M2_FINITE_SECANT.4.19,0.07015561260557648,0.07015561260557648,0.0
geometry.M2_FINITE_SECANT.4.2,0.06450552769581744,0.06450552769581744,0.0
geometry.M2_FINITE_SECANT.4.20,0.058381240119855696,0.058381240119855696,0.0
geometry.M2_FINITE_SECANT.4.21,0.0711514003966532,0.0711514003966532,0.0
geometry.M2_FINITE_SECANT.4.22,0.06978656306383525,0.06978656306383525,0.0
geometry.M2_FINITE_SECANT.4.23,0.05803945773574767,0.05803945773574767,0.0
geometry.M2_FINITE_SECANT.4.3,0.08038987277011835,0.08038987277011835,0.0
geometry.M2_FINITE_SECANT.4.4,0.0,0.0,0.0
geometry.M2_FINITE_SECANT.4.5,0.07894804012997626,0.07894804012997626,0.0
geometry.M2_FINITE_SECANT.4.6,0.07322297110018662,0.07322297110018662,0.0
geometry.M2_FINITE_SECANT.4.7,0.1100204536521339,0.1100204536521339,0.0
geometry.M2_FINITE_SECANT.4.8,0.05334563740996818,0.05334563740996818,0.0
geometry.M2_FINITE_SECANT.4.9,0.07979371498070106,0.07979371498070106,0.0
geometry.M2_FINITE_SECANT.5.0,0.03235615878818514,0.03235615878818514,0.0
geometry.M2_FINITE_SECANT.5.1,0.02261542507100179,0.02261542507100179,0.0
geometry.M2_FINITE_SECANT.5.10,0.0808950856948497,0.0808950856948497,0.0
geometry.M2_FINITE_SECANT.5.11,0.14281959781598513,0.14281959781598513,0.0
geometry.M2_FINITE_SECANT.5.12,0.11195021866718594,0.11195021866718594,0.0
geometry.M2_FINITE_SECANT.5.13,0.02149686231564617,0.02149686231564617,0.0
geometry.M2_FINITE_SECANT.5.14,0.10615261198351532,0.10615261198351532,0.0
geometry.M2_FINITE_SECANT.5.15,0.09322892427760439,0.09322892427760439,0.0
geometry.M2_FINITE_SECANT.5.16,0.029620700636709997,0.029620700636709997,0.0
geometry.M2_FINITE_SECANT.5.17,0.04046035977636323,0.04046035977636323,0.0
geometry.M2_FINITE_SECANT.5.18,0.028070116084062943,0.028070116084062943,0.0
geometry.M2_FINITE_SECANT.5.19,0.04332643980183793,0.04332643980183793,0.0
geometry.M2_FINITE_SECANT.5.2,0.023936762332306048,0.023936762332306048,0.0
geometry.M2_FINITE_SECANT.5.20,0.028809978496545353,0.028809978496545353,0.0
geometry.M2_FINITE_SECANT.5.21,0.021901842797615735,0.021901842797615735,0.0
geometry.M2_FINITE_SECANT.5.22,0.019766577748378193,0.019766577748378193,0.0
geometry.M2_FINITE_SECANT.5.23,0.047161277815654545,0.047161277815654545,0.0
geometry.M2_FINITE_SECANT.5.3,0.05895306818580105,0.05895306818580105,0.0
geometry.M2_FINITE_SECANT.5.4,0.07894804012997626,0.07894804012997626,0.0
geometry.M2_FINITE_SECANT.5.5,0.0,0.0,0.0
geometry.M2_FINITE_SECANT.5.6,0.06325673668488853,0.06325673668488853,0.0
geometry.M2_FINITE_SECANT.5.7,0.07570112552908478,0.07570112552908478,0.0
geometry.M2_FINITE_SECANT.5.8,0.03856548434099723,0.03856548434099723,0.0
geometry.M2_FINITE_SECANT.5.9,0.027169518322215203,0.027169518322215203,0.0
geometry.M2_FINITE_SECANT.6.0,0.0565912229181788,0.0565912229181788,0.0
geometry.M2_FINITE_SECANT.6.1,0.06455715773062788,0.06455715773062788,0.0
geometry.M2_FINITE_SECANT.6.10,0.0658633384525261,0.0658633384525261,0.0
geometry.M2_FINITE_SECANT.6.11,0.1798444956974743,0.1798444956974743,0.0
geometry.M2_FINITE_SECANT.6.12,0.10846830785452846,0.10846830785452846,0.0
geometry.M2_FINITE_SECANT.6.13,0.06483726015686474,0.06483726015686474,0.0
geometry.M2_FINITE_SECANT.6.14,0.07660992015921275,0.07660992015921275,0.0
geometry.M2_FINITE_SECANT.6.15,0.13530152218477798,0.13530152218477798,0.0
geometry.M2_FINITE_SECANT.6.16,0.0545746913595654,0.0545746913595654,0.0
geometry.M2_FINITE_SECANT.6.17,0.08097230909014737,0.08097230909014737,0.0
geometry.M2_FINITE_SECANT.6.18,0.04417812072979147,0.04417812072979147,0.0
geometry.M2_FINITE_SECANT.6.19,0.0895901312447032,0.0895901312447032,0.0
geometry.M2_FINITE_SECANT.6.2,0.05072080808616801,0.05072080808616801,0.0
geometry.M2_FINITE_SECANT.6.20,0.058997052456251725,0.058997052456251725,0.0
geometry.M2_FINITE_SECANT.6.21,0.06084075244409846,0.06084075244409846,0.0
geometry.M2_FINITE_SECANT.6.22,0.05618311723825243,0.05618311723825243,0.0
geometry.M2_FINITE_SECANT.6.23,0.07293839644695052,0.07293839644695052,0.0
geometry.M2_FINITE_SECANT.6.3,0.09799733433053379,0.09799733433053379,0.0
geometry.M2_FINITE_SECANT.6.4,0.07322297110018662,0.07322297110018662,0.0
geometry.M2_FINITE_SECANT.6.5,0.06325673668488853,0.06325673668488853,0.0
geometry.M2_FINITE_SECANT.6.6,0.0,0.0,0.0
geometry.M2_FINITE_SECANT.6.7,0.13152637173714837,0.13152637173714837,0.0
geometry.M2_FINITE_SECANT.6.8,0.05832683203753173,0.05832683203753173,0.0
geometry.M2_FINITE_SECANT.6.9,0.06742264196453428,0.06742264196453428,0.0
geometry.M2_FINITE_SECANT.7.0,0.0843692168958655,0.0843692168958655,0.0
geometry.M2_FINITE_SECANT.7.1,0.07549042778548294,0.07549042778548294,0.0
geometry.M2_FINITE_SECANT.7.10,0.13523197042607693,0.13523197042607693,0.0
geometry.M2_FINITE_SECANT.7.11,0.11497569322129214,0.11497569322129214,0.0
geometry.M2_FINITE_SECANT.7.12,0.1349289767647253,0.1349289767647253,0.0
geometry.M2_FINITE_SECANT.7.13,0.07751656514925481,0.07751656514925481,0.0
geometry.M2_FINITE_SECANT.7.14,0.16692077440460218,0.16692077440460218,0.0
geometry.M2_FINITE_SECANT.7.15,0.061836538925800245,0.061836538925800245,0.0
geometry.M2_FINITE_SECANT.7.16,0.08398260783526318,0.08398260783526318,0.0
geometry.M2_FINITE_SECANT.7.17,0.07601354309894148,0.07601354309894148,0.0
geometry.M2_FINITE_SECANT.7.18,0.09330233203520706,0.09330233203520706,0.0
geometry.M2_FINITE_SECANT.7.19,0.053845492483469565,0.053845492483469565,0.0
geometry.M2_FINITE_SECANT.7.2,0.08674046039270687,0.08674046039270687,0.0
geometry.M2_FINITE_SECANT.7.20,0.07991852779878006,0.07991852779878006,0.0
geometry.M2_FINITE_SECANT.7.21,0.07797685754198032,0.07797685754198032,0.0
geometry.M2_FINITE_SECANT.7.22,0.08154660717132006,0.08154660717132006,0.0
geometry.M2_FINITE_SECANT.7.23,0.07863997154151438,0.07863997154151438,0.0
geometry.M2_FINITE_SECANT.7.3,0.062306190546164694,0.062306190546164694,0.0
geometry.M2_FINITE_SECANT.7.4,0.1100204536521339,0.1100204536521339,0.0
geometry.M2_FINITE_SECANT.7.5,0.07570112552908478,0.07570112552908478,0.0
geometry.M2_FINITE_SECANT.7.6,0.13152637173714837,0.13152637173714837,0.0
geometry.M2_FINITE_SECANT.7.7,0.0,0.0,0.0
geometry.M2_FINITE_SECANT.7.8,0.08625909871366425,0.08625909871366425,0.0
geometry.M2_FINITE_SECANT.7.9,0.0775838548042482,0.0775838548042482,0.0
geometry.M2_FINITE_SECANT.8.0,0.02860326349836166,0.02860326349836166,0.0
geometry.M2_FINITE_SECANT.8.1,0.03973653723680668,0.03973653723680668,0.0
geometry.M2_FINITE_SECANT.8.10,0.06348334839594742,0.06348334839594742,0.0
geometry.M2_FINITE_SECANT.8.11,0.1611626524696796,0.1611626524696796,0.0
geometry.M2_FINITE_SECANT.8.12,0.0854080382586287,0.0854080382586287,0.0
geometry.M2_FINITE_SECANT.8.13,0.04688175195184772,0.04688175195184772,0.0
geometry.M2_FINITE_SECANT.8.14,0.10073609995013216,0.10073609995013216,0.0
geometry.M2_FINITE_SECANT.8.15,0.10059830048964519,0.10059830048964519,0.0
geometry.M2_FINITE_SECANT.8.16,0.03461813615013303,0.03461813615013303,0.0
geometry.M2_FINITE_SECANT.8.17,0.04556071943678552,0.04556071943678552,0.0
geometry.M2_FINITE_SECANT.8.18,0.03542338244788306,0.03542338244788306,0.0
geometry.M2_FINITE_SECANT.8.19,0.0463274791452187,0.0463274791452187,0.0
geometry.M2_FINITE_SECANT.8.2,0.02902043204344078,0.02902043204344078,0.0
geometry.M2_FINITE_SECANT.8.20,0.022548593721005136,0.022548593721005136,0.0
geometry.M2_FINITE_SECANT.8.21,0.03896302116141718,0.03896302116141718,0.0
geometry.M2_FINITE_SECANT.8.22,0.029920717243176416,0.029920717243176416,0.0
geometry.M2_FINITE_SECANT.8.23,0.04852376530934512,0.04852376530934512,0.0
geometry.M2_FINITE_SECANT.8.3,0.0662056714298224,0.0662056714298224,0.0
geometry.M2_FINITE_SECANT.8.4,0.05334563740996818,0.05334563740996818,0.0
geometry.M2_FINITE_SECANT.8.5,0.03856548434099723,0.03856548434099723,0.0
geometry.M2_FINITE_SECANT.8.6,0.05832683203753173,0.05832683203753173,0.0
geometry.M2_FINITE_SECANT.8.7,0.08625909871366425,0.08625909871366425,0.0
geometry.M2_FINITE_SECANT.8.8,0.0,0.0,0.0
geometry.M2_FINITE_SECANT.8.9,0.052848929041246225,0.052848929041246225,0.0
geometry.M2_FINITE_SECANT.9.0,0.038670023042711076,0.038670023042711076,0.0
geometry.M2_FINITE_SECANT.9.1,0.02893705103771081,0.02893705103771081,0.0
geometry.M2_FINITE_SECANT.9.10,0.09700396101066842,0.09700396101066842,0.0
geometry.M2_FINITE_SECANT.9.11,0.130468833462751,0.130468833462751,0.0
geometry.M2_FINITE_SECANT.9.12,0.11865512328939412,0.11865512328939412,0.0
geometry.M2_FINITE_SECANT.9.13,0.02361147427909057,0.02361147427909057,0.0
geometry.M2_FINITE_SECANT.9.14,0.11545350360996362,0.11545350360996362,0.0
geometry.M2_FINITE_SECANT.9.15,0.08945122972008053,0.08945122972008053,0.0
geometry.M2_FINITE_SECANT.9.16,0.03021422542762848,0.03021422542762848,0.0
geometry.M2_FINITE_SECANT.9.17,0.05578335194950183,0.05578335194950183,0.0
geometry.M2_FINITE_SECANT.9.18,0.033112017279184176,0.033112017279184176,0.0
geometry.M2_FINITE_SECANT.9.19,0.04720551083114784,0.04720551083114784,0.0
geometry.M2_FINITE_SECANT.9.2,0.0345820562605891,0.0345820562605891,0.0
geometry.M2_FINITE_SECANT.9.20,0.040076565877205844,0.040076565877205844,0.0
geometry.M2_FINITE_SECANT.9.21,0.023903367200471953,0.023903367200471953,0.0
geometry.M2_FINITE_SECANT.9.22,0.033413739694083566,0.033413739694083566,0.0
geometry.M2_FINITE_SECANT.9.23,0.04104281583434592,0.04104281583434592,0.0
geometry.M2_FINITE_SECANT.9.3,0.053728294831083816,0.053728294831083816,0.0
geometry.M2_FINITE_SECANT.9.4,0.07979371498070106,0.07979371498070106,0.0
geometry.M2_FINITE_SECANT.9.5,0.027169518322215203,0.027169518322215203,0.0
geometry.M2_FINITE_SECANT.9.6,0.06742264196453428,0.06742264196453428,0.0
geometry.M2_FINITE_SECANT.9.7,0.0775838548042482,0.0775838548042482,0.0
geometry.M2_FINITE_SECANT.9.8,0.052848929041246225,0.052848929041246225,0.0
geometry.M2_FINITE_SECANT.9.9,0.0,0.0,0.0
prediction.M0_FLAT.mean_constant_rmse,0.016305085334629325,0.016305085334629325,0.0
prediction.M0_FLAT.mean_rmse,0.016088385452795145,0.016088385452795145,0.0
prediction.M0_FLAT.mean_spearman,0.2013250847370143,0.2013250847370143,0.0
prediction.M0_FLAT.median_spearman,0.22183027975409902,0.22183027975409902,0.0
prediction.M0_FLAT.qap_null_mean,0.0009043058891526087,0.0009043058891526087,0.0
prediction.M0_FLAT.qap_null_p95,0.08741154225512225,0.08741154225512225,0.0
prediction.M0_FLAT.qap_p_one_sided,0.0006999300069993001,0.0006999300069993001,0.0
prediction.M0_FLAT.rmse_ratio_to_constant,0.9867096750868305,0.9867096750868305,0.0
prediction.M1_WHITENED.mean_constant_rmse,0.016305085334629325,0.016305085334629325,0.0
prediction.M1_WHITENED.mean_rmse,0.016111898320046784,0.016111898320046784,0.0
prediction.M1_WHITENED.mean_spearman,0.19017803063847938,0.19017803063847938,0.0
prediction.M1_WHITENED.median_spearman,0.19699991950629228,0.19699991950629228,0.0
prediction.M1_WHITENED.qap_null_mean,0.0008868713347742542,0.0008868713347742542,0.0
prediction.M1_WHITENED.qap_null_p95,0.08755444073559143,0.08755444073559143,0.0
prediction.M1_WHITENED.qap_p_one_sided,0.0008999100089991,0.0008999100089991,0.0
prediction.M1_WHITENED.rmse_ratio_to_constant,0.9881517323817838,0.9881517323817838,0.0
prediction.M2_FINITE_SECANT.mean_constant_rmse,0.016305085334629325,0.016305085334629325,0.0
prediction.M2_FINITE_SECANT.mean_rmse,0.014784533791244767,0.014784533791244767,0.0
prediction.M2_FINITE_SECANT.mean_spearman,0.4279201714356426,0.4279201714356426,0.0
prediction.M2_FINITE_SECANT.median_spearman,0.4024632824005515,0.4024632824005515,0.0
prediction.M2_FINITE_SECANT.qap_null_mean,0.05200174351281023,0.05200174351281023,0.0
prediction.M2_FINITE_SECANT.qap_null_p95,0.30663518520907007,0.30663518520907007,0.0
prediction.M2_FINITE_SECANT.qap_p_one_sided,0.0021997800219978004,0.0021997800219978004,0.0
prediction.M2_FINITE_SECANT.rmse_ratio_to_constant,0.9067437236801725,0.9067437236801725,0.0
